[Licensing::Module] Trying to connect to existing licensing client channel...
Built from '6000.6/staging' branch; Version is '6000.6.3f1 (45d8eee7de74) revision 4577518'; Using compiler version '194234433'; Build Type 'Release'
[Licensing::IpcConnector] Successfully connected to: "LicenseClient-MSI" at "2026-10-01T08:15:19.3993661Z"
OS: 'Windows 11  (10.0.26200) Professional' Language: 'ru' Physical Memory: 32472 MB
BatchMode: 1, IsHumanControllingUs: 0, StartBugReporterOnCrash: 0, Is64bit: 1
System  architecture: x64
Process architecture: x64
Date: 2026-10-01T08:15:19Z
[Licensing::Client] Code 10 while verifying Licensing Client signature (process Id: 18628, path: "C:/Program Files/Unity/Hub/Editor/6000.6.3f1/Editor/Data/Resources/Licensing/Client/Unity.Licensing.Client.exe")
[Licensing::Module] LicensingClient has failed validation; ignoring
[Licensing::Client] Handshaking with LicensingClient:
  Version:                 1.18.3+d7ffd15
  Session Id:              96be1cddc07d4546b1d6ff6d74c96394
  Correlation Id:          41ed3f499da816513ea8cdce8c5e6ae6
  External correlation Id: 8945456980252778764
  Machine Id:              sxwzM81Ex40/eNcvTTuFU07obCk=
[Licensing::Module] Successfully connected to LicensingClient on channel: "LicenseClient-MSI" (connect: 0.00s, validation: 0.00s, handshake: 0.03s)
[Licensing::IpcConnector] Successfully connected to: "LicenseClient-MSI-notifications" at "2026-10-01T08:15:19.4308276Z"
[Licensing::Module] Licensing Background thread has ended after 0.03s

COMMAND LINE ARGUMENTS:
C:\Program Files\Unity\Hub\Editor\6000.6.3f1\Editor\Unity.exe
-adb2
-batchMode
-noUpm
-name
AssetImportWorkerHW4
-projectPath
C:/Users/MSI/OPD_laba_2
-logFile
Logs/AssetImportWorkerHW4.log
-srvPort
61615
-parentPid
4732
-analyticsCloudUserId
5774130951012
-analyticsCloudProjectId
a1edac4b-f7b7-494b-b609-a49f1cf416c8
-analyticsLocalProjectId
5c24d23f4249402418947dabd5687b1a
-editorAnalyticsEnabled
1
-cbmEditorLicense
0611f63d9657854fe5faf97fe0b0406b00c24fc5
-cbmMachineId
sxwzM81Ex40/eNcvTTuFU07obCk=
-licensingIpc
LicenseClient-MSI
-noDiagnosticSwitchPersistentStore
-job-worker-count
11
-background-job-worker-count
8
-asset-garbage-collectors
1
-force-d3d12
-name
AssetImport
Successfully changed project path to: C:/Users/MSI/OPD_laba_2
C:/Users/MSI/OPD_laba_2
[UnityMemory] Configuration Parameters - Can be set up in boot.config
    "memorysetup-temp-allocator-size-gi-baking-worker=262144"
    "memorysetup-temp-allocator-size-gi-baking-worker=262144"
    "memorysetup-temp-allocator-size-gi-baking-worker=262144"
    "memorysetup-temp-allocator-size-gi-baking-worker=262144"
    "memorysetup-temp-allocator-size-gi-baking-worker=262144"
    "memorysetup-temp-allocator-size-nav-mesh-worker=65536"
    "memorysetup-temp-allocator-size-audio-worker=65536"
    "memorysetup-temp-allocator-size-cloud-worker=32768"
    "memorysetup-temp-allocator-size-gfx=262144"
    "memorysetup-remapper-allocator-initial-capacity=32768"
    "memorysetup-temp-allocator-size-preload-manager=33554432"
    "memorysetup-allocator-temp-initial-block-size-main=262144"
    "memorysetup-allocator-temp-initial-block-size-worker=262144"
    "memorysetup-temp-allocator-size-job-worker=262144"
    "memorysetup-temp-allocator-size-background-worker=32768"
    "memorysetup-bucket-allocator-granularity=16"
    "memorysetup-bucket-allocator-bucket-count=8"
    "memorysetup-bucket-allocator-block-size=33554432"
    "memorysetup-bucket-allocator-block-count=8"
    "memorysetup-main-allocator-block-size=16777216"
    "memorysetup-thread-allocator-block-size=16777216"
    "memorysetup-main-allocator-mimalloc-enabled=1"
    "memorysetup-gfx-main-allocator-block-size=16777216"
    "memorysetup-gfx-thread-allocator-block-size=16777216"
    "memorysetup-cache-allocator-block-size=4194304"
    "memorysetup-typetree-allocator-block-size=2097152"
    "memorysetup-profiler-bucket-allocator-granularity=16"
    "memorysetup-profiler-bucket-allocator-bucket-count=8"
    "memorysetup-profiler-bucket-allocator-block-size=33554432"
    "memorysetup-profiler-bucket-allocator-block-count=8"
    "memorysetup-profiler-allocator-block-size=16777216"
    "memorysetup-profiler-editor-allocator-block-size=1048576"
    "memorysetup-temp-allocator-size-main=16777216"
    "memorysetup-job-temp-allocator-block-size=2097152"
    "memorysetup-job-temp-allocator-block-size-background=1048576"
    "memorysetup-job-temp-allocator-reduction-small-platforms=262144"
Player connection [26452]  Target information:

Player connection [26452]  * "[IP] 192.168.3.10 [Port] 0 [Flags] 2 [Guid] 877269472 [EditorId] 877269472 [Version] 1048832 [Id] WindowsEditor(7,DESKTOP-MTCHHAV) [Debug] 1 [PackageName] WindowsEditor [ProjectName] Editor" 

Player connection [26452] Host joined multi-casting on [225.0.0.222:54997]...
Player connection [26452] Host joined alternative multi-casting on [225.0.0.222:34997]...
JobSystem: Creating JobQueue using job-worker-count value 11
Input System module state changed to: Initialized.
[Physics::Module] Initialized fallback backend.
[Physics::Module] Id: 0xdecafbad
Library Redirect Path: Library/
Initialising UDS system complete:
  - System type: Client
  - Resource namespace: 4f4d54d89a7d6385282fa40a0245a869
  - Shared memory size: 1073741824
  - Command buffer id: 1052576
  - Command buffer size: 8192
  - Hashmap size: 4194304
  - Service connected: true
  - Service working directory: Library/DataStore/
Refreshing native plugins compatible for Editor in 2.60 ms, found 4 plugins.
[Physics::Module] Selected backend (deferred post-plugins).
[Physics::Module] Name: PhysX
[Physics::Module] Id: 0xf2b8ea05
[Physics::Module] SDK Version: 4.1.2
[Physics::Module] Integration Version: 1.0.0
[Physics::Module] Threading Mode: Multi-Threaded
Initialize engine version: 6000.6.3f1 (45d8eee7de74)
[EntityIdStore] init: VM path (explicit commit), pageSize=4096, blockCount=1048576, entitiesPerBlock=256, slots reserved=4294967296 bytes
[Subsystems] Discovering subsystems at path C:/Program Files/Unity/Hub/Editor/6000.6.3f1/Editor/Data/Resources/UnitySubsystems
[Subsystems] Discovering subsystems at path C:/Users/MSI/OPD_laba_2/Assets
Forcing GfxDevice: Direct3D 12
GfxDevice: creating device client; kGfxThreadingModeNonThreaded
d3d12: failed to query info queue interface (0x80004002).
Direct3D:
    Version:         Direct3D 12 [level 12.2]
    Renderer:        NVIDIA GeForce RTX 5070 Laptop GPU (ID=0x2d18)
    Vendor:          NVIDIA
    VRAM:            7891 MB
    App VRAM Budget: 7123 MB
    Driver:          32.0.16.1047
Initialize mono
Mono path[0] = 'C:/Program Files/Unity/Hub/Editor/6000.6.3f1/Editor/Data/Managed'
Mono path[1] = 'C:/Program Files/Unity/Hub/Editor/6000.6.3f1/Editor/Data/BCLExtensions/runtime/netstandard2.1'
Mono path[2] = 'C:/Program Files/Unity/Hub/Editor/6000.6.3f1/Editor/Data/MonoBleedingEdge/lib/mono/unityjit-win32'
Mono config path = 'C:/Program Files/Unity/Hub/Editor/6000.6.3f1/Editor/Data/MonoBleedingEdge/etc'
Using monoOptions --debugger-agent=transport=dt_socket,embedding=1,server=y,suspend=n,address=127.0.0.1:56448
CodeReloadManager initialized
Begin MonoManager ReloadAssembly
Registering precompiled unity dll's ...
Register platform support module: C:/Program Files/Unity/Hub/Editor/6000.6.3f1/Editor/Data/PlaybackEngines/WebGLSupport/UnityEditor.WebGL.Extensions.dll
Register platform support module: C:/Program Files/Unity/Hub/Editor/6000.6.3f1/Editor/Data/PlaybackEngines/WindowsStandaloneSupport/UnityEditor.WindowsStandalone.Extensions.dll
Registered in 0.002278 seconds.
Native extension for WindowsStandalone target not found
Native extension for WebGL target not found
Package Manager log level set to [2]
[Package Manager] Failed to launch server process. Reason: Unity was launched with the -noUpm command-line argument
[Package Manager] Unable to send message (not connected to server process).
[Package Manager] Cannot connect to Unity Package Manager local server
ScheduleIndexationOnStartup MainProcess:False IndexOnStartup:True
Scripting: successfully reloaded assembly
- Finished resetting the current domain, in  0.505 seconds
Domain Reload Profiling: 1115ms
	BeginReloadAssembly (143ms)
	RebuildCommonClasses (5ms)
	RebuildNativeTypeToScriptingClass (17ms)
	initialDomainReloadingComplete (70ms)
	LoadAllAssembliesAndSetupDomain (374ms)
		LoadAssemblies (141ms)
		TypeCache.Refresh (259ms)
			TypeCache.ScanAssembly (242ms)
		AnalyzeDomain (1ms)
	FinalizeReload (506ms)
		SetupLoadedEditorAssemblies (0ms)
			BeforeProcessingInitializeOnLoad (121ms)
			ProcessInitializeOnLoadAttributes (112ms)
			ProcessInitializeOnLoadMethodAttributes (167ms)
Initializing Unity extensions:
[Licensing::Client] Successfully resolved entitlement details
[Licensing::Module] License group:
  Id: F4-JT8S-VX4V-2PXU-5UM5-XXXX
  Product: Unity Personal
  Type: ULF
  Expiration: Unlimited
[Licensing::Module] License group:
  Id: 5774130951012-UnityPersXXXX
  Product: Unity Personal
  Type: Assigned
  Expiration: Unlimited
========================================================================
Worker process is ready to serve import requests
Import Worker Mode flag is 0x00
Begin MonoManager ReloadAssembly
'Packages/com.unity.render-pipelines.core/Editor/Deprecated.cs' contains partial class of Unity.Object, exactly 1 of the partial classes needs to be in a file with the same filename. This is to know the one that can be referenced from ie. GameObjects
'Packages/com.unity.render-pipelines.core/Editor/Deprecated.cs' contains partial class of Unity.Object, exactly 1 of the partial classes needs to be in a file with the same filename. This is to know the one that can be referenced from ie. GameObjects
Native extension for WindowsStandalone target not found
Native extension for WebGL target not found
[Package Manager] Failed to launch server process. Reason: Unity was launched with the -noUpm command-line argument
[Package Manager] Unable to send message (not connected to server process).
[Package Manager] Cannot connect to Unity Package Manager local server
Refreshing native plugins compatible for Editor in 2.22 ms, found 4 plugins.
[Package Manager] Failed to launch server process. Reason: Unity was launched with the -noUpm command-line argument
[Package Manager] Unable to send message (not connected to server process).
[Package Manager] Cannot connect to Unity Package Manager local server
ScheduleIndexationOnStartup MainProcess:False IndexOnStartup:True
Scripting: successfully reloaded assembly
- Finished resetting the current domain, in  0.790 seconds
Domain Reload Profiling: 1758ms
	BeginReloadAssembly (211ms)
		DisableScriptedObjects (8ms)
		CreateAndSetChildDomain (30ms)
	RebuildCommonClasses (9ms)
	RebuildNativeTypeToScriptingClass (17ms)
	initialDomainReloadingComplete (58ms)
	LoadAllAssembliesAndSetupDomain (672ms)
		LoadAssemblies (359ms)
		TypeCache.Refresh (185ms)
			TypeCache.ScanAssembly (169ms)
		AnalyzeDomain (76ms)
			BuildScriptInfoCaches (70ms)
			ResolveRequiredComponents (5ms)
	FinalizeReload (791ms)
		SetupLoadedEditorAssemblies (0ms)
			InitializePlatformSupportModulesInManaged (3ms)
			BeforeProcessingInitializeOnLoad (120ms)
			ProcessInitializeOnLoadAttributes (344ms)
			ProcessInitializeOnLoadMethodAttributes (106ms)
			AfterProcessingInitializeOnLoad (5ms)
		AwakeInstancesAfterBackupRestoration (8ms)
AcceleratorClientConnectionCallback - disconnected - :0
WARNING: Shader Unsupported: 'Hidden/Universal Render Pipeline/Terrain/Lit (Base Pass)' - All subshaders removed
WARNING: Shader Did you use #pragma only_renderers and omit this platform?
WARNING: Shader If subshaders removal was intentional, you may have forgotten turning Fallback off?
WARNING: Shader Unsupported: 'Universal Render Pipeline/Terrain/Lit' - All subshaders removed
WARNING: Shader Did you use #pragma only_renderers and omit this platform?
WARNING: Shader If subshaders removal was intentional, you may have forgotten turning Fallback off?
Launched and connected shader compiler UnityShaderCompiler.exe after 0.01 seconds
Unloading 60 Unused Serialized files (Serialized files now loaded: 0)
Unloading 6638 unused Assets / (7.8 MB). Loaded Objects now: 7361.
Memory consumption went from 332.8 MB to 325.0 MB.
Total: 9.606700 ms (FindLiveObjects: 0.658400 ms CreateObjectMapping: 0.307000 ms MarkObjects: 6.184200 ms  DeleteObjects: 2.166500 ms)

========================================================================
Received Import Request.
  Time of request: 2026-10-01T08:15:24.0130467Z
  Time since last request: 2400.13933300000008 seconds.
  importAddress: GUID: fccb64cb1f418b9499235ed8f3ba4624 - Path: Packages/com.unity.render-pipelines.core/Runtime/UnifiedRayTracing/Compute/RadeonRays/BvhCheck.cs - Importer: ScriptedImporter/UnityEditor.QuickSearchModule:UnityEditor.Search:ASIAI0B
Importing 'GUID: fccb64cb1f418b9499235ed8f3ba4624 - Path: Packages/com.unity.render-pipelines.core/Runtime/UnifiedRayTracing/Compute/RadeonRays/BvhCheck.cs - Importer: ScriptedImporter/UnityEditor.QuickSearchModule:UnityEditor.Search:ASIAI0B' with importer (ScriptedImporter : UnityEditor.QuickSearchModule:UnityEditor.Search:ASIAI0B)
Imported 'GUID: fccb64cb1f418b9499235ed8f3ba4624' -> (Import Result ID: '822eeb44f59547c7be4d677960809474') in 0.076 seconds [static and dynamic dependencies]. Details - ImportResultOutputID=766feb746dc8f6ee2ecfd9aec6cc9200 DependenciesID=e47b893d18cbe2df366da849dce67c7f StaticDependenciesID=17b027a54e61607d8dc8eee0984012e3 
Number of updated asset objects reloaded before import = 0
Number of asset objects unloaded after import = 0
========================================================================
Received Import Request.
  Time of request: 2026-10-01T08:15:24.1123126Z
  Time since last request: 0.0127608 seconds.
  importAddress: GUID: 3ec7596410385054a9e0bc90377fbe63 - Path: Packages/com.unity.test-framework/LICENSE.md - Importer: ScriptedImporter/UnityEditor.QuickSearchModule:UnityEditor.Search:ASIAI0B
Importing 'GUID: 3ec7596410385054a9e0bc90377fbe63 - Path: Packages/com.unity.test-framework/LICENSE.md - Importer: ScriptedImporter/UnityEditor.QuickSearchModule:UnityEditor.Search:ASIAI0B' with importer (ScriptedImporter : UnityEditor.QuickSearchModule:UnityEditor.Search:ASIAI0B)
Imported 'GUID: 3ec7596410385054a9e0bc90377fbe63' -> (Import Result ID: 'ad8907afa48dbbf2070e0e76333917c8') in 0.002 seconds [static and dynamic dependencies]. Details - ImportResultOutputID=f3c5f4158527f59e06fc1354c0d42816 DependenciesID=e7e84fb4a620576fe4c52f98ef36b496 StaticDependenciesID=e81abb57f442417729aebea5fd765cb7 
Number of updated asset objects reloaded before import = 0
Number of asset objects unloaded after import = 1
========================================================================
Received Import Request.
  Time of request: 2026-10-01T08:15:24.123186Z
  Time since last request: 0.0002583 seconds.
  importAddress: GUID: 99ac6221b6ecd7b479be13e8b9866300 - Path: Packages/com.unity.render-pipelines.core/Tests/Editor/PathTracing/Shaders/TerrainRayMarchingTest.urtshader - Importer: ScriptedImporter/UnityEditor.QuickSearchModule:UnityEditor.Search:ASIAI0B
Importing 'GUID: 99ac6221b6ecd7b479be13e8b9866300 - Path: Packages/com.unity.render-pipelines.core/Tests/Editor/PathTracing/Shaders/TerrainRayMarchingTest.urtshader - Importer: ScriptedImporter/UnityEditor.QuickSearchModule:UnityEditor.Search:ASIAI0B' with importer (ScriptedImporter : UnityEditor.QuickSearchModule:UnityEditor.Search:ASIAI0B)
Imported 'GUID: 99ac6221b6ecd7b479be13e8b9866300' -> (Import Result ID: 'e98fc922206b9eb1f1a9e2bf45ef69c8') in 0.011 seconds [static and dynamic dependencies]. Details - ImportResultOutputID=4313291620000501b90b19f74da1bac8 DependenciesID=3b1eaeaa55c8dc9805d5698d1d78f0f5 StaticDependenciesID=f4047f111c9f0f6c809d6c73f994123f 
Number of updated asset objects reloaded before import = 0
Number of asset objects unloaded after import = 2
========================================================================
Received Import Request.
  Time of request: 2026-10-01T08:15:24.1450302Z
  Time since last request: 0.0005962 seconds.
  importAddress: GUID: f20cb86c2d6c414d9ff78df5fc04cd1d - Path: Packages/com.unity.render-pipelines.core/Runtime/UnifiedRayTracing/Compute/RadeonRays/kernels/intersect_structures.hlsl - Importer: ScriptedImporter/UnityEditor.QuickSearchModule:UnityEditor.Search:ASIAI0B
Importing 'GUID: f20cb86c2d6c414d9ff78df5fc04cd1d - Path: Packages/com.unity.render-pipelines.core/Runtime/UnifiedRayTracing/Compute/RadeonRays/kernels/intersect_structures.hlsl - Importer: ScriptedImporter/UnityEditor.QuickSearchModule:UnityEditor.Search:ASIAI0B' with importer (ScriptedImporter : UnityEditor.QuickSearchModule:UnityEditor.Search:ASIAI0B)
Imported 'GUID: f20cb86c2d6c414d9ff78df5fc04cd1d' -> (Import Result ID: 'b5b6ff1c75ba0f3ec4ea5633bdf39a27') in 0.002 seconds [static and dynamic dependencies]. Details - ImportResultOutputID=f41d317d543fb672997ca81fbe35c4a8 DependenciesID=3912a7ecd9974019847eb60c57ed8ce3 StaticDependenciesID=d0fa21139aa197df087092e22c7d1113 
Number of updated asset objects reloaded before import = 0
Number of asset objects unloaded after import = 1
========================================================================
Received Import Request.
  Time of request: 2026-10-01T08:15:24.1565705Z
  Time since last request: 0.0004358 seconds.
  importAddress: GUID: 1d3d4991676b46b4dbcffa10bf77e786 - Path: Packages/com.unity.render-pipelines.core/Runtime/UnifiedRayTracing/Compute/RadeonRays/kernels/intersector_common.hlsl - Importer: ScriptedImporter/UnityEditor.QuickSearchModule:UnityEditor.Search:ASIAI0B
Importing 'GUID: 1d3d4991676b46b4dbcffa10bf77e786 - Path: Packages/com.unity.render-pipelines.core/Runtime/UnifiedRayTracing/Compute/RadeonRays/kernels/intersector_common.hlsl - Importer: ScriptedImporter/UnityEditor.QuickSearchModule:UnityEditor.Search:ASIAI0B' with importer (ScriptedImporter : UnityEditor.QuickSearchModule:UnityEditor.Search:ASIAI0B)
Imported 'GUID: 1d3d4991676b46b4dbcffa10bf77e786' -> (Import Result ID: 'c99def16da8480aa1391a2626ca3fa33') in 0.002 seconds [static and dynamic dependencies]. Details - ImportResultOutputID=52257900195618f8b46a3c79dab22205 DependenciesID=7da50e0bfa961b86bd94845ce9c0aa4e StaticDependenciesID=4517f99871246f8f05e3e85de9e76361 
Number of updated asset objects reloaded before import = 0
Number of asset objects unloaded after import = 1
========================================================================
Received Import Request.
  Time of request: 2026-10-01T08:15:24.1842042Z
  Time since last request: 0.0175709 seconds.
  importAddress: GUID: fd57cf917f61bbb42b8f030436426ddd - Path: Packages/com.unity.test-framework/UnityEditor.TestRunner/GUI/IGuiHelper.cs - Importer: ScriptedImporter/UnityEditor.QuickSearchModule:UnityEditor.Search:ASIAI0B
Importing 'GUID: fd57cf917f61bbb42b8f030436426ddd - Path: Packages/com.unity.test-framework/UnityEditor.TestRunner/GUI/IGuiHelper.cs - Importer: ScriptedImporter/UnityEditor.QuickSearchModule:UnityEditor.Search:ASIAI0B' with importer (ScriptedImporter : UnityEditor.QuickSearchModule:UnityEditor.Search:ASIAI0B)
Imported 'GUID: fd57cf917f61bbb42b8f030436426ddd' -> (Import Result ID: '9f9c30b23af19ca59f5ffc82b86179b3') in 0.002 seconds [static and dynamic dependencies]. Details - ImportResultOutputID=2b1094b7fa62729a38f38091da7a9e23 DependenciesID=892fd2a1b8317903d2742886fb5232ed StaticDependenciesID=2eb4cef07b65690c274a0a3b7cdbd376 
Number of updated asset objects reloaded before import = 0
Number of asset objects unloaded after import = 0
========================================================================
Received Import Request.
  Time of request: 2026-10-01T08:15:24.1964297Z
  Time since last request: 0.0004595 seconds.
  importAddress: GUID: b7468a027a77337478e133b40b42b4f9 - Path: Packages/com.unity.test-framework/UnityEditor.TestRunner/CommandLineTest/SettingsBuilder.cs - Importer: ScriptedImporter/UnityEditor.QuickSearchModule:UnityEditor.Search:ASIAI0B
Importing 'GUID: b7468a027a77337478e133b40b42b4f9 - Path: Packages/com.unity.test-framework/UnityEditor.TestRunner/CommandLineTest/SettingsBuilder.cs - Importer: ScriptedImporter/UnityEditor.QuickSearchModule:UnityEditor.Search:ASIAI0B' with importer (ScriptedImporter : UnityEditor.QuickSearchModule:UnityEditor.Search:ASIAI0B)
Imported 'GUID: b7468a027a77337478e133b40b42b4f9' -> (Import Result ID: '52ed89a828134a1ed12c5e4515691293') in 0.002 seconds [static and dynamic dependencies]. Details - ImportResultOutputID=c1ccde642ff52ead8792c7f27388aa51 DependenciesID=9887295f9db8dffa34eb916f6ed1b972 StaticDependenciesID=0e63500128e71971651ed625c05d3f45 
Number of updated asset objects reloaded before import = 0
Number of asset objects unloaded after import = 0
========================================================================
Received Import Request.
  Time of request: 2026-10-01T08:15:24.2069662Z
  Time since last request: 0.0003199 seconds.
  importAddress: GUID: 8a13cbeb2099aca47bb456f49845f86c - Path: Packages/com.unity.test-framework/UnityEditor.TestRunner/CommandLineTest/ISettingsBuilder.cs - Importer: ScriptedImporter/UnityEditor.QuickSearchModule:UnityEditor.Search:ASIAI0B
Importing 'GUID: 8a13cbeb2099aca47bb456f49845f86c - Path: Packages/com.unity.test-framework/UnityEditor.TestRunner/CommandLineTest/ISettingsBuilder.cs - Importer: ScriptedImporter/UnityEditor.QuickSearchModule:UnityEditor.Search:ASIAI0B' with importer (ScriptedImporter : UnityEditor.QuickSearchModule:UnityEditor.Search:ASIAI0B)
Imported 'GUID: 8a13cbeb2099aca47bb456f49845f86c' -> (Import Result ID: 'dd15b4e23e0a1ad841548adc53851417') in 0.002 seconds [static and dynamic dependencies]. Details - ImportResultOutputID=bf3c490eff21836069dacfbdfd8f59b8 DependenciesID=ed771a26b18f92a11177ac5992cfd6c1 StaticDependenciesID=47b0f295a68c231ba8f63c847a09a3e9 
Number of updated asset objects reloaded before import = 0
Number of asset objects unloaded after import = 0
========================================================================
Received Import Request.
  Time of request: 2026-10-01T08:15:24.2172106Z
  Time since last request: 0.0003135 seconds.
  importAddress: GUID: ef563c5a6ecf64d4193dc144cb7d472a - Path: Packages/com.unity.test-framework/UnityEditor.TestRunner/CommandLineTest/ResultsSavingCallbacks.cs - Importer: ScriptedImporter/UnityEditor.QuickSearchModule:UnityEditor.Search:ASIAI0B
Importing 'GUID: ef563c5a6ecf64d4193dc144cb7d472a - Path: Packages/com.unity.test-framework/UnityEditor.TestRunner/CommandLineTest/ResultsSavingCallbacks.cs - Importer: ScriptedImporter/UnityEditor.QuickSearchModule:UnityEditor.Search:ASIAI0B' with importer (ScriptedImporter : UnityEditor.QuickSearchModule:UnityEditor.Search:ASIAI0B)
Imported 'GUID: ef563c5a6ecf64d4193dc144cb7d472a' -> (Import Result ID: '5a00fa7073b0860903cd7fa9e0b9e9e1') in 0.002 seconds [static and dynamic dependencies]. Details - ImportResultOutputID=e73e682939e8130260cbabb1df29f0de DependenciesID=a125b927777567c6b4c17c2a5e313680 StaticDependenciesID=da1b774daba185d0ef66cc308d53896f 
Number of updated asset objects reloaded before import = 0
Number of asset objects unloaded after import = 0
========================================================================
Received Import Request.
  Time of request: 2026-10-01T08:15:24.2281435Z
  Time since last request: 0.0004017 seconds.
  importAddress: GUID: 4230e406313f1db43a4b548e7a3ad2e2 - Path: Packages/com.unity.test-framework/UnityEditor.TestRunner/Api/ITestTreeRebuildCallbacks.cs - Importer: ScriptedImporter/UnityEditor.QuickSearchModule:UnityEditor.Search:ASIAI0B
Importing 'GUID: 4230e406313f1db43a4b548e7a3ad2e2 - Path: Packages/com.unity.test-framework/UnityEditor.TestRunner/Api/ITestTreeRebuildCallbacks.cs - Importer: ScriptedImporter/UnityEditor.QuickSearchModule:UnityEditor.Search:ASIAI0B' with importer (ScriptedImporter : UnityEditor.QuickSearchModule:UnityEditor.Search:ASIAI0B)
Imported 'GUID: 4230e406313f1db43a4b548e7a3ad2e2' -> (Import Result ID: '893b582dcbd2ec7f051b6d156ac7a816') in 0.002 seconds [static and dynamic dependencies]. Details - ImportResultOutputID=4be1332ac95ae3bd2e1b8dac6d6f94ff DependenciesID=bc6ce2854482bcd60ad724ec58d184cc StaticDependenciesID=c3a32a4f991debf53fb383f0a1eda4d0 
Number of updated asset objects reloaded before import = 0
Number of asset objects unloaded after import = 0
========================================================================
Received Import Request.
  Time of request: 2026-10-01T08:15:24.239856Z
  Time since last request: 0.0002778 seconds.
  importAddress: GUID: 0acc523941302664db1f4e527237feb3 - Path: Packages/com.unity.test-framework/UnityEditor.TestRunner/UnityEditor.TestRunner.asmdef - Importer: ScriptedImporter/UnityEditor.QuickSearchModule:UnityEditor.Search:ASIAI0B
Importing 'GUID: 0acc523941302664db1f4e527237feb3 - Path: Packages/com.unity.test-framework/UnityEditor.TestRunner/UnityEditor.TestRunner.asmdef - Importer: ScriptedImporter/UnityEditor.QuickSearchModule:UnityEditor.Search:ASIAI0B' with importer (ScriptedImporter : UnityEditor.QuickSearchModule:UnityEditor.Search:ASIAI0B)
Imported 'GUID: 0acc523941302664db1f4e527237feb3' -> (Import Result ID: '6d53ce56f5acb523795ec42c8eb0c310') in 0.003 seconds [static and dynamic dependencies]. Details - ImportResultOutputID=86ab385487eb31cc1d18af57e9dca5f6 DependenciesID=1b88404f26e35fb3f03eb378b7ac9e8d StaticDependenciesID=545aa96a9060bf4040c7d384995f9c97 
Number of updated asset objects reloaded before import = 0
Number of asset objects unloaded after import = 1
========================================================================
Received Import Request.
  Time of request: 2026-10-01T08:15:24.2695479Z
  Time since last request: 0.0189973 seconds.
  importAddress: GUID: 68a48d1900320ed458e118415857faf6 - Path: Packages/com.unity.test-framework/UnityEngine.TestRunner/Assertions/ConstraintsExtensions.cs - Importer: ScriptedImporter/UnityEditor.QuickSearchModule:UnityEditor.Search:ASIAI0B
Importing 'GUID: 68a48d1900320ed458e118415857faf6 - Path: Packages/com.unity.test-framework/UnityEngine.TestRunner/Assertions/ConstraintsExtensions.cs - Importer: ScriptedImporter/UnityEditor.QuickSearchModule:UnityEditor.Search:ASIAI0B' with importer (ScriptedImporter : UnityEditor.QuickSearchModule:UnityEditor.Search:ASIAI0B)
Imported 'GUID: 68a48d1900320ed458e118415857faf6' -> (Import Result ID: 'e47436dceb682d2c91cf3ef948b89495') in 0.002 seconds [static and dynamic dependencies]. Details - ImportResultOutputID=d85caadef09336e4da985aa4797aff72 DependenciesID=678a417fb3f3b0b3d5cf83cba9cc9244 StaticDependenciesID=726b293ea8fabd12a299c71f2a7c94be 
Number of updated asset objects reloaded before import = 0
Number of asset objects unloaded after import = 0
========================================================================
Received Import Request.
  Time of request: 2026-10-01T08:15:24.282022Z
  Time since last request: 0.0003647 seconds.
  importAddress: GUID: d09858396dd7adb4bbdb22ea0c8c3a37 - Path: Packages/com.unity.test-framework/UnityEngine.TestRunner/Assertions/AllocatingGCMemoryConstraint.cs - Importer: ScriptedImporter/UnityEditor.QuickSearchModule:UnityEditor.Search:ASIAI0B
Importing 'GUID: d09858396dd7adb4bbdb22ea0c8c3a37 - Path: Packages/com.unity.test-framework/UnityEngine.TestRunner/Assertions/AllocatingGCMemoryConstraint.cs - Importer: ScriptedImporter/UnityEditor.QuickSearchModule:UnityEditor.Search:ASIAI0B' with importer (ScriptedImporter : UnityEditor.QuickSearchModule:UnityEditor.Search:ASIAI0B)
Imported 'GUID: d09858396dd7adb4bbdb22ea0c8c3a37' -> (Import Result ID: '2921633391577bb6dada412e75400927') in 0.001 seconds [static and dynamic dependencies]. Details - ImportResultOutputID=5e5e0bd088e0b659ed0f1810590bf96e DependenciesID=691e710681a1bf101204d03fbff724de StaticDependenciesID=ca87ca8195b421d19ee66942ab24bf48 
Number of updated asset objects reloaded before import = 0
Number of asset objects unloaded after import = 0
========================================================================
Received Import Request.
  Time of request: 2026-10-01T08:15:24.2930955Z
  Time since last request: 0.0002638 seconds.
  importAddress: GUID: 6d5833966abeadb429de247e4316eef4 - Path: Packages/com.unity.test-framework/UnityEngine.TestRunner/Assertions/Is.cs - Importer: ScriptedImporter/UnityEditor.QuickSearchModule:UnityEditor.Search:ASIAI0B
Importing 'GUID: 6d5833966abeadb429de247e4316eef4 - Path: Packages/com.unity.test-framework/UnityEngine.TestRunner/Assertions/Is.cs - Importer: ScriptedImporter/UnityEditor.QuickSearchModule:UnityEditor.Search:ASIAI0B' with importer (ScriptedImporter : UnityEditor.QuickSearchModule:UnityEditor.Search:ASIAI0B)
Imported 'GUID: 6d5833966abeadb429de247e4316eef4' -> (Import Result ID: '7bf889954bdd26cff8e3343e5687d410') in 0.002 seconds [static and dynamic dependencies]. Details - ImportResultOutputID=ffdc116196fb7ded5bb91a25246974df DependenciesID=b501220a4dcb42c8e39cf0aada82cff6 StaticDependenciesID=301cd2d91f2dfa7ea5f1d949278b6b78 
Number of updated asset objects reloaded before import = 0
Number of asset objects unloaded after import = 0
========================================================================
Received Import Request.
  Time of request: 2026-10-01T08:15:24.3037766Z
  Time since last request: 0.0002068 seconds.
  importAddress: GUID: c97b794b51780d349a16826a4c7898d7 - Path: Packages/com.unity.test-framework/UnityEngine.TestRunner/Assertions/LogAssert.cs - Importer: ScriptedImporter/UnityEditor.QuickSearchModule:UnityEditor.Search:ASIAI0B
Importing 'GUID: c97b794b51780d349a16826a4c7898d7 - Path: Packages/com.unity.test-framework/UnityEngine.TestRunner/Assertions/LogAssert.cs - Importer: ScriptedImporter/UnityEditor.QuickSearchModule:UnityEditor.Search:ASIAI0B' with importer (ScriptedImporter : UnityEditor.QuickSearchModule:UnityEditor.Search:ASIAI0B)
Imported 'GUID: c97b794b51780d349a16826a4c7898d7' -> (Import Result ID: '38f86ff63438675c3e169e409b22ec4f') in 0.002 seconds [static and dynamic dependencies]. Details - ImportResultOutputID=47885cd936920e409036046ededeb25f DependenciesID=e74b3ee0bdc5cb4b8699a014267dc2c2 StaticDependenciesID=ff33135851cabfba31f960356b684e29 
Number of updated asset objects reloaded before import = 0
Number of asset objects unloaded after import = 0
========================================================================
Received Import Request.
  Time of request: 2026-10-01T08:15:24.3137626Z
  Time since last request: 0.0003283 seconds.
  importAddress: GUID: 37cea569bfefafe49a1513c4d7f0e9eb - Path: Packages/com.unity.test-framework/UnityEngine.TestRunner/NUnitExtensions/BaseDelegator.cs - Importer: ScriptedImporter/UnityEditor.QuickSearchModule:UnityEditor.Search:ASIAI0B
Importing 'GUID: 37cea569bfefafe49a1513c4d7f0e9eb - Path: Packages/com.unity.test-framework/UnityEngine.TestRunner/NUnitExtensions/BaseDelegator.cs - Importer: ScriptedImporter/UnityEditor.QuickSearchModule:UnityEditor.Search:ASIAI0B' with importer (ScriptedImporter : UnityEditor.QuickSearchModule:UnityEditor.Search:ASIAI0B)
Imported 'GUID: 37cea569bfefafe49a1513c4d7f0e9eb' -> (Import Result ID: 'baa86dafd2d173d86a8879e6eaff9cd3') in 0.002 seconds [static and dynamic dependencies]. Details - ImportResultOutputID=4ea78196949958d7ae8373abc95b415c DependenciesID=cd3cfb12cd68397eadcca71398ceabbc StaticDependenciesID=32bf78d5674fea506f0278351d54cebb 
Number of updated asset objects reloaded before import = 0
Number of asset objects unloaded after import = 0
========================================================================
Received Import Request.
  Time of request: 2026-10-01T08:15:24.3240409Z
  Time since last request: 0.0002961 seconds.
  importAddress: GUID: 65fb6da362a78334ab360a125cfafdaf - Path: Packages/com.unity.test-framework/UnityEngine.TestRunner/NUnitExtensions/TestResultExtensions.cs - Importer: ScriptedImporter/UnityEditor.QuickSearchModule:UnityEditor.Search:ASIAI0B
Importing 'GUID: 65fb6da362a78334ab360a125cfafdaf - Path: Packages/com.unity.test-framework/UnityEngine.TestRunner/NUnitExtensions/TestResultExtensions.cs - Importer: ScriptedImporter/UnityEditor.QuickSearchModule:UnityEditor.Search:ASIAI0B' with importer (ScriptedImporter : UnityEditor.QuickSearchModule:UnityEditor.Search:ASIAI0B)
Imported 'GUID: 65fb6da362a78334ab360a125cfafdaf' -> (Import Result ID: '30c5c0a7404ba3144dfcbee8ab5aa36b') in 0.002 seconds [static and dynamic dependencies]. Details - ImportResultOutputID=edaeba8f8f02e8cec1a10578df8819cc DependenciesID=26994b5c186f221dfa1cdc9290f1b71f StaticDependenciesID=0e692711ed8f0de3966e16b11a1a880d 
Number of updated asset objects reloaded before import = 0
Number of asset objects unloaded after import = 0
========================================================================
Received Import Request.
  Time of request: 2026-10-01T08:15:24.3352104Z
  Time since last request: 0.0002603 seconds.
  importAddress: GUID: 743879b4db4bc1a4b829aae4386f4acf - Path: Packages/com.unity.test-framework/UnityEngine.TestRunner/TestRunner/TestPlatform.cs - Importer: ScriptedImporter/UnityEditor.QuickSearchModule:UnityEditor.Search:ASIAI0B
Importing 'GUID: 743879b4db4bc1a4b829aae4386f4acf - Path: Packages/com.unity.test-framework/UnityEngine.TestRunner/TestRunner/TestPlatform.cs - Importer: ScriptedImporter/UnityEditor.QuickSearchModule:UnityEditor.Search:ASIAI0B' with importer (ScriptedImporter : UnityEditor.QuickSearchModule:UnityEditor.Search:ASIAI0B)
Imported 'GUID: 743879b4db4bc1a4b829aae4386f4acf' -> (Import Result ID: 'c82af3add341b40d1bcd08a20066a2a2') in 0.002 seconds [static and dynamic dependencies]. Details - ImportResultOutputID=c8130d257304b60b450d332ad47a6968 DependenciesID=e676d35901f1082a6289d4dac1dbab46 StaticDependenciesID=7046a8a6e975944206e7aecd3b203381 
Number of updated asset objects reloaded before import = 0
Number of asset objects unloaded after import = 0
========================================================================
Received Import Request.
  Time of request: 2026-10-01T08:15:24.3585299Z
  Time since last request: 0.0134273 seconds.
  importAddress: GUID: 621fd19bcb071b64aa1d68f0271aa780 - Path: Packages/com.unity.test-framework/UnityEngine.TestRunner/Utils/PostBuildCleanupAttribute.cs - Importer: ScriptedImporter/UnityEditor.QuickSearchModule:UnityEditor.Search:ASIAI0B
Importing 'GUID: 621fd19bcb071b64aa1d68f0271aa780 - Path: Packages/com.unity.test-framework/UnityEngine.TestRunner/Utils/PostBuildCleanupAttribute.cs - Importer: ScriptedImporter/UnityEditor.QuickSearchModule:UnityEditor.Search:ASIAI0B' with importer (ScriptedImporter : UnityEditor.QuickSearchModule:UnityEditor.Search:ASIAI0B)
Imported 'GUID: 621fd19bcb071b64aa1d68f0271aa780' -> (Import Result ID: '50bf6151040a8a81ca105e095e904770') in 0.002 seconds [static and dynamic dependencies]. Details - ImportResultOutputID=64a3bb8878dc8228800e2e8d9190cc8d DependenciesID=fa5e387484310f08a340d0ca7e342dc8 StaticDependenciesID=78bdeb71f8e7652a404ea4105cf91059 
Number of updated asset objects reloaded before import = 0
Number of asset objects unloaded after import = 0
========================================================================
Received Import Request.
  Time of request: 2026-10-01T08:15:24.3688793Z
  Time since last request: 0.0002466 seconds.
  importAddress: GUID: 44100f5f60f351348b9719b46d46cebe - Path: Packages/com.unity.test-framework/UnityEngine.TestRunner/Utils/Vector4ComparerWithEqualsOperator.cs - Importer: ScriptedImporter/UnityEditor.QuickSearchModule:UnityEditor.Search:ASIAI0B
Importing 'GUID: 44100f5f60f351348b9719b46d46cebe - Path: Packages/com.unity.test-framework/UnityEngine.TestRunner/Utils/Vector4ComparerWithEqualsOperator.cs - Importer: ScriptedImporter/UnityEditor.QuickSearchModule:UnityEditor.Search:ASIAI0B' with importer (ScriptedImporter : UnityEditor.QuickSearchModule:UnityEditor.Search:ASIAI0B)
Imported 'GUID: 44100f5f60f351348b9719b46d46cebe' -> (Import Result ID: 'a82e451e87140792c6c427d7ca3a97b1') in 0.002 seconds [static and dynamic dependencies]. Details - ImportResultOutputID=1ce63e5f4a71f3aec06b4cad072d693e DependenciesID=8be66b7bb910d6a944a4b069cf5b6c38 StaticDependenciesID=4f1b05763f6c1213c60c150371b336b9 
Number of updated asset objects reloaded before import = 0
Number of asset objects unloaded after import = 0
========================================================================
Received Import Request.
  Time of request: 2026-10-01T08:15:24.3798047Z
  Time since last request: 0.0004625 seconds.
  importAddress: GUID: 58082d6ef6fd84b288e832c55741961e - Path: Packages/com.unity.test-framework/UnityEngine.TestRunner/Utils/IPrebuildSetupWithTestData.cs - Importer: ScriptedImporter/UnityEditor.QuickSearchModule:UnityEditor.Search:ASIAI0B
Importing 'GUID: 58082d6ef6fd84b288e832c55741961e - Path: Packages/com.unity.test-framework/UnityEngine.TestRunner/Utils/IPrebuildSetupWithTestData.cs - Importer: ScriptedImporter/UnityEditor.QuickSearchModule:UnityEditor.Search:ASIAI0B' with importer (ScriptedImporter : UnityEditor.QuickSearchModule:UnityEditor.Search:ASIAI0B)
Imported 'GUID: 58082d6ef6fd84b288e832c55741961e' -> (Import Result ID: '5b4edf7a686cc366ff7e812a171fb5e8') in 0.002 seconds [static and dynamic dependencies]. Details - ImportResultOutputID=fd4d379f4c17daf631af1acbef3622c5 DependenciesID=ee014280d44fd825ad8032bbf7f279ea StaticDependenciesID=ca867c0f0dd2b3674fa6754d8559a783 
Number of updated asset objects reloaded before import = 0
Number of asset objects unloaded after import = 0
========================================================================
Received Import Request.
  Time of request: 2026-10-01T08:15:24.3904845Z
  Time since last request: 0.0002742 seconds.
  importAddress: GUID: 3b28913f21577de429da928d6d05219f - Path: Packages/com.unity.test-framework/UnityEngine.TestRunner/Utils/QuaternionEqualityComparer.cs - Importer: ScriptedImporter/UnityEditor.QuickSearchModule:UnityEditor.Search:ASIAI0B
Importing 'GUID: 3b28913f21577de429da928d6d05219f - Path: Packages/com.unity.test-framework/UnityEngine.TestRunner/Utils/QuaternionEqualityComparer.cs - Importer: ScriptedImporter/UnityEditor.QuickSearchModule:UnityEditor.Search:ASIAI0B' with importer (ScriptedImporter : UnityEditor.QuickSearchModule:UnityEditor.Search:ASIAI0B)
Imported 'GUID: 3b28913f21577de429da928d6d05219f' -> (Import Result ID: '94ecf9844917f7b2d96de5309ead991d') in 0.002 seconds [static and dynamic dependencies]. Details - ImportResultOutputID=96e1ab2055161d8d8246867b90926cf0 DependenciesID=7147ea105b32e7221ce8c5d33a4e0fec StaticDependenciesID=59648908930e86f1736f67ce2187dbc1 
Number of updated asset objects reloaded before import = 0
Number of asset objects unloaded after import = 0
========================================================================
Received Import Request.
  Time of request: 2026-10-01T08:15:24.4129524Z
  Time since last request: 0.0104199 seconds.
  importAddress: GUID: f8f9b43d4e034c2d997f4eb6a0d85a96 - Path: Packages/com.unity.test-framework/UnityEditor.TestRunner/GUI/Controls/SelectionDropDown.cs - Importer: ScriptedImporter/UnityEditor.QuickSearchModule:UnityEditor.Search:ASIAI0B
Importing 'GUID: f8f9b43d4e034c2d997f4eb6a0d85a96 - Path: Packages/com.unity.test-framework/UnityEditor.TestRunner/GUI/Controls/SelectionDropDown.cs - Importer: ScriptedImporter/UnityEditor.QuickSearchModule:UnityEditor.Search:ASIAI0B' with importer (ScriptedImporter : UnityEditor.QuickSearchModule:UnityEditor.Search:ASIAI0B)
Imported 'GUID: f8f9b43d4e034c2d997f4eb6a0d85a96' -> (Import Result ID: '8485012de82a73fc54ea0d3aa0af5bdd') in 0.002 seconds [static and dynamic dependencies]. Details - ImportResultOutputID=f8590dada03bb78eb965c588518c8fb0 DependenciesID=893388c720aab08518bc1513e58706ca StaticDependenciesID=33d36cf9dd487d2b2520de4053e5c041 
Number of updated asset objects reloaded before import = 0
Number of asset objects unloaded after import = 0
========================================================================
Received Import Request.
  Time of request: 2026-10-01T08:15:24.4226886Z
  Time since last request: 0.0003633 seconds.
  importAddress: GUID: e17c88b021c2a4c409b3f15b0d80ac62 - Path: Packages/com.unity.test-framework/UnityEditor.TestRunner/GUI/TestListBuilder/TestTreeViewBuilder.cs - Importer: ScriptedImporter/UnityEditor.QuickSearchModule:UnityEditor.Search:ASIAI0B
Importing 'GUID: e17c88b021c2a4c409b3f15b0d80ac62 - Path: Packages/com.unity.test-framework/UnityEditor.TestRunner/GUI/TestListBuilder/TestTreeViewBuilder.cs - Importer: ScriptedImporter/UnityEditor.QuickSearchModule:UnityEditor.Search:ASIAI0B' with importer (ScriptedImporter : UnityEditor.QuickSearchModule:UnityEditor.Search:ASIAI0B)
Imported 'GUID: e17c88b021c2a4c409b3f15b0d80ac62' -> (Import Result ID: '4c8d3bd63f75bf6082a7d62782714a30') in 0.003 seconds [static and dynamic dependencies]. Details - ImportResultOutputID=186fe18ebd777a8d792567afe4cd80c2 DependenciesID=4511c845ae0ee4df583328b7cb15a0a0 StaticDependenciesID=e9fefd8cef01fca9ff4c98dd3c29ee0e 
Number of updated asset objects reloaded before import = 0
Number of asset objects unloaded after import = 0
========================================================================
Received Import Request.
  Time of request: 2026-10-01T08:15:24.4341629Z
  Time since last request: 0.0002524 seconds.
  importAddress: GUID: 0cd0deb81d984e58952ccd7e1dd6b2bb - Path: Packages/com.unity.test-framework/UnityEditor.TestRunner/GUI/TestAssets/ICustomScriptAssemblyMappingFinder.cs - Importer: ScriptedImporter/UnityEditor.QuickSearchModule:UnityEditor.Search:ASIAI0B
Importing 'GUID: 0cd0deb81d984e58952ccd7e1dd6b2bb - Path: Packages/com.unity.test-framework/UnityEditor.TestRunner/GUI/TestAssets/ICustomScriptAssemblyMappingFinder.cs - Importer: ScriptedImporter/UnityEditor.QuickSearchModule:UnityEditor.Search:ASIAI0B' with importer (ScriptedImporter : UnityEditor.QuickSearchModule:UnityEditor.Search:ASIAI0B)
Imported 'GUID: 0cd0deb81d984e58952ccd7e1dd6b2bb' -> (Import Result ID: 'ad91539332e9a3f067256bf12931e9b2') in 0.002 seconds [static and dynamic dependencies]. Details - ImportResultOutputID=79b9473df15302f43d169e7263eabdda DependenciesID=ca34006845a6a408880bea2076b1cd45 StaticDependenciesID=90eab45cf87d9d14d59fe98e20a03366 
Number of updated asset objects reloaded before import = 0
Number of asset objects unloaded after import = 0
========================================================================
Received Import Request.
  Time of request: 2026-10-01T08:15:24.4440137Z
  Time since last request: 0.0002302 seconds.
  importAddress: GUID: c2441d353f9c42a44af6e224e4901b52 - Path: Packages/com.unity.test-framework/UnityEditor.TestRunner/TestRun/Tasks/BuildActionTaskBase.cs - Importer: ScriptedImporter/UnityEditor.QuickSearchModule:UnityEditor.Search:ASIAI0B
Importing 'GUID: c2441d353f9c42a44af6e224e4901b52 - Path: Packages/com.unity.test-framework/UnityEditor.TestRunner/TestRun/Tasks/BuildActionTaskBase.cs - Importer: ScriptedImporter/UnityEditor.QuickSearchModule:UnityEditor.Search:ASIAI0B' with importer (ScriptedImporter : UnityEditor.QuickSearchModule:UnityEditor.Search:ASIAI0B)
Imported 'GUID: c2441d353f9c42a44af6e224e4901b52' -> (Import Result ID: '6b5e2048bd75b24351d24185e60d45d6') in 0.002 seconds [static and dynamic dependencies]. Details - ImportResultOutputID=9aef700dd70e7984fbbc7fc9557c83f9 DependenciesID=5b4b2dfea22c13f5f7f4b0d6b1f7adf3 StaticDependenciesID=e20b767334c9bb1bf4519a6c24d12f5a 
Number of updated asset objects reloaded before import = 0
Number of asset objects unloaded after import = 0
========================================================================
Received Import Request.
  Time of request: 2026-10-01T08:15:24.4548938Z
  Time since last request: 0.0004478 seconds.
  importAddress: GUID: 52c907c81459f324497af504b84fd557 - Path: Packages/com.unity.test-framework/UnityEditor.TestRunner/GUI/TestListTreeView/TestListTreeViewGUI.cs - Importer: ScriptedImporter/UnityEditor.QuickSearchModule:UnityEditor.Search:ASIAI0B
Importing 'GUID: 52c907c81459f324497af504b84fd557 - Path: Packages/com.unity.test-framework/UnityEditor.TestRunner/GUI/TestListTreeView/TestListTreeViewGUI.cs - Importer: ScriptedImporter/UnityEditor.QuickSearchModule:UnityEditor.Search:ASIAI0B' with importer (ScriptedImporter : UnityEditor.QuickSearchModule:UnityEditor.Search:ASIAI0B)
Imported 'GUID: 52c907c81459f324497af504b84fd557' -> (Import Result ID: 'b9c375eaf0720e044cb47f8b75c56554') in 0.002 seconds [static and dynamic dependencies]. Details - ImportResultOutputID=6c95b55fe223385dc829950d95e8fa77 DependenciesID=16dd14623eb0964998dc5343f3c964ba StaticDependenciesID=a36ee918f07ad4ce92c9369b7d3be367 
Number of updated asset objects reloaded before import = 0
Number of asset objects unloaded after import = 0
========================================================================
Received Import Request.
  Time of request: 2026-10-01T08:15:24.4655659Z
  Time since last request: 0.0003666 seconds.
  importAddress: GUID: 27769e9b00b038d47aefe306a4d20bec - Path: Packages/com.unity.test-framework/UnityEditor.TestRunner/GUI/TestListTreeView/Icons.cs - Importer: ScriptedImporter/UnityEditor.QuickSearchModule:UnityEditor.Search:ASIAI0B
Importing 'GUID: 27769e9b00b038d47aefe306a4d20bec - Path: Packages/com.unity.test-framework/UnityEditor.TestRunner/GUI/TestListTreeView/Icons.cs - Importer: ScriptedImporter/UnityEditor.QuickSearchModule:UnityEditor.Search:ASIAI0B' with importer (ScriptedImporter : UnityEditor.QuickSearchModule:UnityEditor.Search:ASIAI0B)
Imported 'GUID: 27769e9b00b038d47aefe306a4d20bec' -> (Import Result ID: '5e4b4938f2fd1f0ac6aafef989faefe4') in 0.002 seconds [static and dynamic dependencies]. Details - ImportResultOutputID=0fef408443fc3e993a95518d8ad61977 DependenciesID=d7411116c04aec76020ba6aadf0e9d88 StaticDependenciesID=20105e11eb6f71af5dc4d315cf251ec9 
Number of updated asset objects reloaded before import = 0
Number of asset objects unloaded after import = 0
========================================================================
Received Import Request.
  Time of request: 2026-10-01T08:15:24.4761169Z
  Time since last request: 0.0002775 seconds.
  importAddress: GUID: 078a3968c1fd87047890f314894a20a1 - Path: Packages/com.unity.test-framework/UnityEditor.TestRunner/TestLaunchers/PlatformSetup/Switch2PlatformSetup.cs - Importer: ScriptedImporter/UnityEditor.QuickSearchModule:UnityEditor.Search:ASIAI0B
Importing 'GUID: 078a3968c1fd87047890f314894a20a1 - Path: Packages/com.unity.test-framework/UnityEditor.TestRunner/TestLaunchers/PlatformSetup/Switch2PlatformSetup.cs - Importer: ScriptedImporter/UnityEditor.QuickSearchModule:UnityEditor.Search:ASIAI0B' with importer (ScriptedImporter : UnityEditor.QuickSearchModule:UnityEditor.Search:ASIAI0B)
Imported 'GUID: 078a3968c1fd87047890f314894a20a1' -> (Import Result ID: 'af6e5006b750407c307836495b0736b2') in 0.001 seconds [static and dynamic dependencies]. Details - ImportResultOutputID=1198bc75537a580665de2e115119a84b DependenciesID=8dc42637081eed0b3093d825c39e6a26 StaticDependenciesID=5eaaa514d066112840f72c7965b6ebe5 
Number of updated asset objects reloaded before import = 0
Number of asset objects unloaded after import = 0
========================================================================
Received Import Request.
  Time of request: 2026-10-01T08:15:24.5018451Z
  Time since last request: 0.0160223 seconds.
  importAddress: GUID: cc0ce06a7515c044bb8db4c75db84114 - Path: Packages/com.unity.test-framework/UnityEditor.TestRunner/TestRun/Tasks/SaveUndoIndexTask.cs - Importer: ScriptedImporter/UnityEditor.QuickSearchModule:UnityEditor.Search:ASIAI0B
Importing 'GUID: cc0ce06a7515c044bb8db4c75db84114 - Path: Packages/com.unity.test-framework/UnityEditor.TestRunner/TestRun/Tasks/SaveUndoIndexTask.cs - Importer: ScriptedImporter/UnityEditor.QuickSearchModule:UnityEditor.Search:ASIAI0B' with importer (ScriptedImporter : UnityEditor.QuickSearchModule:UnityEditor.Search:ASIAI0B)
Imported 'GUID: cc0ce06a7515c044bb8db4c75db84114' -> (Import Result ID: 'dead2cdd8406b305a96385a3fd3aec15') in 0.002 seconds [static and dynamic dependencies]. Details - ImportResultOutputID=df714f604bc844fb105f960f5b34c9d9 DependenciesID=72df6821fc1bd3dde56105d4d3b840f3 StaticDependenciesID=3c80caa06655f6d5c6d2fbafe3982550 
Number of updated asset objects reloaded before import = 0
Number of asset objects unloaded after import = 0
========================================================================
Received Import Request.
  Time of request: 2026-10-01T08:15:24.5122577Z
  Time since last request: 0.0004693 seconds.
  importAddress: GUID: 5db0e0c612cd489a89d330acbc4ac585 - Path: Packages/com.unity.test-framework/UnityEditor.TestRunner/TestRun/Tasks/ResetInteractionModeTask.cs - Importer: ScriptedImporter/UnityEditor.QuickSearchModule:UnityEditor.Search:ASIAI0B
Importing 'GUID: 5db0e0c612cd489a89d330acbc4ac585 - Path: Packages/com.unity.test-framework/UnityEditor.TestRunner/TestRun/Tasks/ResetInteractionModeTask.cs - Importer: ScriptedImporter/UnityEditor.QuickSearchModule:UnityEditor.Search:ASIAI0B' with importer (ScriptedImporter : UnityEditor.QuickSearchModule:UnityEditor.Search:ASIAI0B)
Imported 'GUID: 5db0e0c612cd489a89d330acbc4ac585' -> (Import Result ID: '548a24809b8e69117e3b4b765af00e1c') in 0.002 seconds [static and dynamic dependencies]. Details - ImportResultOutputID=e6e8decf0f67532858d36b7a287fdff0 DependenciesID=a90f5a62f0db61cd5c95bd41c78ed3ea StaticDependenciesID=04d739abc6f5939d215a5b95521d66db 
Number of updated asset objects reloaded before import = 0
Number of asset objects unloaded after import = 0
========================================================================
Received Import Request.
  Time of request: 2026-10-01T08:15:24.5220322Z
  Time since last request: 0.000327 seconds.
  importAddress: GUID: 4b45f42910304b00a63958173ee2c76f - Path: Packages/com.unity.test-framework/UnityEditor.TestRunner/TestRun/Tasks/EnterPlayModeTask.cs - Importer: ScriptedImporter/UnityEditor.QuickSearchModule:UnityEditor.Search:ASIAI0B
Importing 'GUID: 4b45f42910304b00a63958173ee2c76f - Path: Packages/com.unity.test-framework/UnityEditor.TestRunner/TestRun/Tasks/EnterPlayModeTask.cs - Importer: ScriptedImporter/UnityEditor.QuickSearchModule:UnityEditor.Search:ASIAI0B' with importer (ScriptedImporter : UnityEditor.QuickSearchModule:UnityEditor.Search:ASIAI0B)
Imported 'GUID: 4b45f42910304b00a63958173ee2c76f' -> (Import Result ID: 'e2b3df210d2d0cd1a86247a39eb8d52d') in 0.002 seconds [static and dynamic dependencies]. Details - ImportResultOutputID=202d8715814f8ea32b23bb3beab175f9 DependenciesID=82681d981f35dafb3d8fb13e14639da7 StaticDependenciesID=1f7bf1ca74654a8a169e2f6cef99b29b 
Number of updated asset objects reloaded before import = 0
Number of asset objects unloaded after import = 0
========================================================================
Received Import Request.
  Time of request: 2026-10-01T08:15:24.5323803Z
  Time since last request: 0.0003401 seconds.
  importAddress: GUID: fc039194235714f48a39bd364885e744 - Path: Packages/com.unity.test-framework/UnityEditor.TestRunner/TestRun/Tasks/PrebuildSetupTask.cs - Importer: ScriptedImporter/UnityEditor.QuickSearchModule:UnityEditor.Search:ASIAI0B
Importing 'GUID: fc039194235714f48a39bd364885e744 - Path: Packages/com.unity.test-framework/UnityEditor.TestRunner/TestRun/Tasks/PrebuildSetupTask.cs - Importer: ScriptedImporter/UnityEditor.QuickSearchModule:UnityEditor.Search:ASIAI0B' with importer (ScriptedImporter : UnityEditor.QuickSearchModule:UnityEditor.Search:ASIAI0B)
Imported 'GUID: fc039194235714f48a39bd364885e744' -> (Import Result ID: 'f05360703cc6684e6e8ae02ca4b72bf5') in 0.002 seconds [static and dynamic dependencies]. Details - ImportResultOutputID=9948f285e6744d6bf551dd8720bf09b5 DependenciesID=4402ad7231984c46362344d6b4ba7a70 StaticDependenciesID=f03b00a9d12f5cd25a496c576f2b53c6 
Number of updated asset objects reloaded before import = 0
Number of asset objects unloaded after import = 0
========================================================================
Received Import Request.
  Time of request: 2026-10-01T08:15:24.5426245Z
  Time since last request: 0.0003327 seconds.
  importAddress: GUID: 1c97cd557b334b27bc325649466d1872 - Path: Packages/com.unity.test-framework/UnityEditor.TestRunner/TestRun/Tasks/CleanUpContext.cs - Importer: ScriptedImporter/UnityEditor.QuickSearchModule:UnityEditor.Search:ASIAI0B
Importing 'GUID: 1c97cd557b334b27bc325649466d1872 - Path: Packages/com.unity.test-framework/UnityEditor.TestRunner/TestRun/Tasks/CleanUpContext.cs - Importer: ScriptedImporter/UnityEditor.QuickSearchModule:UnityEditor.Search:ASIAI0B' with importer (ScriptedImporter : UnityEditor.QuickSearchModule:UnityEditor.Search:ASIAI0B)
Imported 'GUID: 1c97cd557b334b27bc325649466d1872' -> (Import Result ID: '2df14fc122b2bc28ad8934d01bb4084d') in 0.002 seconds [static and dynamic dependencies]. Details - ImportResultOutputID=ef7f9421d5e8e13d435b1859c614aa19 DependenciesID=282e10cb67dc4f42f9899eb9187e0fac StaticDependenciesID=0b395157f9c972062750bf8742ff7994 
Number of updated asset objects reloaded before import = 0
Number of asset objects unloaded after import = 0
========================================================================
Received Import Request.
  Time of request: 2026-10-01T08:15:24.5535282Z
  Time since last request: 0.0002829 seconds.
  importAddress: GUID: 64689f8b25eadac4da519e96f514b653 - Path: Packages/com.unity.test-framework/UnityEditor.TestRunner/TestRunner/Utils/ITestListProvider.cs - Importer: ScriptedImporter/UnityEditor.QuickSearchModule:UnityEditor.Search:ASIAI0B
Importing 'GUID: 64689f8b25eadac4da519e96f514b653 - Path: Packages/com.unity.test-framework/UnityEditor.TestRunner/TestRunner/Utils/ITestListProvider.cs - Importer: ScriptedImporter/UnityEditor.QuickSearchModule:UnityEditor.Search:ASIAI0B' with importer (ScriptedImporter : UnityEditor.QuickSearchModule:UnityEditor.Search:ASIAI0B)
Imported 'GUID: 64689f8b25eadac4da519e96f514b653' -> (Import Result ID: '534eda4a818da3b08d27237e23d64984') in 0.002 seconds [static and dynamic dependencies]. Details - ImportResultOutputID=671927503884f53907937a0e4add6655 DependenciesID=52eda713a38cb5f2b4d5e8c2ada60d06 StaticDependenciesID=a0ccf5090968b56b125f46b0f37bcb52 
Number of updated asset objects reloaded before import = 0
Number of asset objects unloaded after import = 0
========================================================================
Received Import Request.
  Time of request: 2026-10-01T08:15:24.5664753Z
  Time since last request: 0.0002489 seconds.
  importAddress: GUID: a704c010bcdb1ec4a9f3417b3c393164 - Path: Packages/com.unity.test-framework/UnityEditor.TestRunner/TestRunner/Utils/ITestListCache.cs - Importer: ScriptedImporter/UnityEditor.QuickSearchModule:UnityEditor.Search:ASIAI0B
Importing 'GUID: a704c010bcdb1ec4a9f3417b3c393164 - Path: Packages/com.unity.test-framework/UnityEditor.TestRunner/TestRunner/Utils/ITestListCache.cs - Importer: ScriptedImporter/UnityEditor.QuickSearchModule:UnityEditor.Search:ASIAI0B' with importer (ScriptedImporter : UnityEditor.QuickSearchModule:UnityEditor.Search:ASIAI0B)
Imported 'GUID: a704c010bcdb1ec4a9f3417b3c393164' -> (Import Result ID: '8a14053e196f681d702f0fa6e3e78ace') in 0.002 seconds [static and dynamic dependencies]. Details - ImportResultOutputID=51d9f8eefd5abd5625d5a7ac0cfc4fde DependenciesID=5f36cdd355204fc25078d05ce2205d63 StaticDependenciesID=fc8df97ec18d9633534efcce171812b2 
Number of updated asset objects reloaded before import = 0
Number of asset objects unloaded after import = 0
========================================================================
Received Import Request.
  Time of request: 2026-10-01T08:15:24.5763037Z
  Time since last request: 0.0005289 seconds.
  importAddress: GUID: 342d9ef4da0a19b49877f576c2deec14 - Path: Packages/com.unity.test-framework/UnityEditor.TestRunner/TestRun/Tasks/TestTaskBase.cs - Importer: ScriptedImporter/UnityEditor.QuickSearchModule:UnityEditor.Search:ASIAI0B
Importing 'GUID: 342d9ef4da0a19b49877f576c2deec14 - Path: Packages/com.unity.test-framework/UnityEditor.TestRunner/TestRun/Tasks/TestTaskBase.cs - Importer: ScriptedImporter/UnityEditor.QuickSearchModule:UnityEditor.Search:ASIAI0B' with importer (ScriptedImporter : UnityEditor.QuickSearchModule:UnityEditor.Search:ASIAI0B)
Imported 'GUID: 342d9ef4da0a19b49877f576c2deec14' -> (Import Result ID: '4e70ec74e3bf07771d8d32594cb3098b') in 0.002 seconds [static and dynamic dependencies]. Details - ImportResultOutputID=82acaf4fe93c91573b3d8326aece4423 DependenciesID=445e30a647e05ebd65e1451b3d2df468 StaticDependenciesID=d5dacf29f216c578cf3723668936f3f0 
Number of updated asset objects reloaded before import = 0
Number of asset objects unloaded after import = 0
========================================================================
Received Import Request.
  Time of request: 2026-10-01T08:15:24.5908229Z
  Time since last request: 0.0045987 seconds.
  importAddress: GUID: 750aad009559b814dbc27001341fc1c3 - Path: Packages/com.unity.test-framework/UnityEngine.TestRunner/NUnitExtensions/Attributes/TestEnumerator.cs - Importer: ScriptedImporter/UnityEditor.QuickSearchModule:UnityEditor.Search:ASIAI0B
Importing 'GUID: 750aad009559b814dbc27001341fc1c3 - Path: Packages/com.unity.test-framework/UnityEngine.TestRunner/NUnitExtensions/Attributes/TestEnumerator.cs - Importer: ScriptedImporter/UnityEditor.QuickSearchModule:UnityEditor.Search:ASIAI0B' with importer (ScriptedImporter : UnityEditor.QuickSearchModule:UnityEditor.Search:ASIAI0B)
Imported 'GUID: 750aad009559b814dbc27001341fc1c3' -> (Import Result ID: 'e7f842a0ca77159e061c77cc5953df4f') in 0.002 seconds [static and dynamic dependencies]. Details - ImportResultOutputID=265db5a7ff636ab35a92c25a472aebe1 DependenciesID=fe7e157a5632644bd36751a66aac81aa StaticDependenciesID=7be1bf3c22cad09e5c193962e27fbdb1 
Number of updated asset objects reloaded before import = 0
Number of asset objects unloaded after import = 0
========================================================================
Received Import Request.
  Time of request: 2026-10-01T08:15:24.6008154Z
  Time since last request: 0.0004236 seconds.
  importAddress: GUID: 3504aa04cda851b44a65973f9aead6f7 - Path: Packages/com.unity.test-framework/UnityEngine.TestRunner/Assertions/LogScope/ILogScope.cs - Importer: ScriptedImporter/UnityEditor.QuickSearchModule:UnityEditor.Search:ASIAI0B
Importing 'GUID: 3504aa04cda851b44a65973f9aead6f7 - Path: Packages/com.unity.test-framework/UnityEngine.TestRunner/Assertions/LogScope/ILogScope.cs - Importer: ScriptedImporter/UnityEditor.QuickSearchModule:UnityEditor.Search:ASIAI0B' with importer (ScriptedImporter : UnityEditor.QuickSearchModule:UnityEditor.Search:ASIAI0B)
Imported 'GUID: 3504aa04cda851b44a65973f9aead6f7' -> (Import Result ID: '7ab815b163722aefd35b6cd7c6233140') in 0.002 seconds [static and dynamic dependencies]. Details - ImportResultOutputID=d1c316a2a493ac99a495df311cb992b4 DependenciesID=05d8b52a86c6292865444e0cd1c3e848 StaticDependenciesID=82f9d13342a570e8253f4015680cf58a 
Number of updated asset objects reloaded before import = 0
Number of asset objects unloaded after import = 0
========================================================================
Received Import Request.
  Time of request: 2026-10-01T08:15:24.6112945Z
  Time since last request: 0.0002845 seconds.
  importAddress: GUID: 851f94140ec64b7db846948429a87f01 - Path: Packages/com.unity.test-framework/UnityEngine.TestRunner/NUnitExtensions/Commands/RepeatCommand.cs - Importer: ScriptedImporter/UnityEditor.QuickSearchModule:UnityEditor.Search:ASIAI0B
Importing 'GUID: 851f94140ec64b7db846948429a87f01 - Path: Packages/com.unity.test-framework/UnityEngine.TestRunner/NUnitExtensions/Commands/RepeatCommand.cs - Importer: ScriptedImporter/UnityEditor.QuickSearchModule:UnityEditor.Search:ASIAI0B' with importer (ScriptedImporter : UnityEditor.QuickSearchModule:UnityEditor.Search:ASIAI0B)
Imported 'GUID: 851f94140ec64b7db846948429a87f01' -> (Import Result ID: '95a78ce5dfe7aa8dc4b05c2afcf8a804') in 0.002 seconds [static and dynamic dependencies]. Details - ImportResultOutputID=6aeba74bcdb081c38500611747190cc7 DependenciesID=0b7d0ba6cc2721c31cbbd992c3a31eae StaticDependenciesID=2b4871ea0dbd5f04ffe4c4370f2a7997 
Number of updated asset objects reloaded before import = 0
Number of asset objects unloaded after import = 0
========================================================================
Received Import Request.
  Time of request: 2026-10-01T08:15:24.6215759Z
  Time since last request: 0.0002926 seconds.
  importAddress: GUID: fedb0f9e5006b1943abae52f52f08a1a - Path: Packages/com.unity.test-framework/UnityEngine.TestRunner/NUnitExtensions/Attributes/UnityTestAttribute.cs - Importer: ScriptedImporter/UnityEditor.QuickSearchModule:UnityEditor.Search:ASIAI0B
Importing 'GUID: fedb0f9e5006b1943abae52f52f08a1a - Path: Packages/com.unity.test-framework/UnityEngine.TestRunner/NUnitExtensions/Attributes/UnityTestAttribute.cs - Importer: ScriptedImporter/UnityEditor.QuickSearchModule:UnityEditor.Search:ASIAI0B' with importer (ScriptedImporter : UnityEditor.QuickSearchModule:UnityEditor.Search:ASIAI0B)
Imported 'GUID: fedb0f9e5006b1943abae52f52f08a1a' -> (Import Result ID: '9f81d7190bc8666c44909fb93570aac6') in 0.002 seconds [static and dynamic dependencies]. Details - ImportResultOutputID=d4f61a6ad372ec8ba765d469261812d3 DependenciesID=2c39b7a5ed1503363bb7ebdab7c7c682 StaticDependenciesID=dcc13fb7a3e18ad0c369293188ae5208 
Number of updated asset objects reloaded before import = 0
Number of asset objects unloaded after import = 0
========================================================================
Received Import Request.
  Time of request: 2026-10-01T08:15:24.6330206Z
  Time since last request: 0.0002987 seconds.
  importAddress: GUID: 0d4fc309a0784294c8ab658b53b12320 - Path: Packages/com.unity.test-framework/UnityEngine.TestRunner/NUnitExtensions/Commands/OuterUnityTestActionCommand.cs - Importer: ScriptedImporter/UnityEditor.QuickSearchModule:UnityEditor.Search:ASIAI0B
Importing 'GUID: 0d4fc309a0784294c8ab658b53b12320 - Path: Packages/com.unity.test-framework/UnityEngine.TestRunner/NUnitExtensions/Commands/OuterUnityTestActionCommand.cs - Importer: ScriptedImporter/UnityEditor.QuickSearchModule:UnityEditor.Search:ASIAI0B' with importer (ScriptedImporter : UnityEditor.QuickSearchModule:UnityEditor.Search:ASIAI0B)
Imported 'GUID: 0d4fc309a0784294c8ab658b53b12320' -> (Import Result ID: 'ff3d5f5dab1ad3f8c9229cd9eec0b00e') in 0.002 seconds [static and dynamic dependencies]. Details - ImportResultOutputID=3c88656fa52a0e64abf317f09d27a9d8 DependenciesID=0124d599a95392330337bfbee3fe8cab StaticDependenciesID=ec8acc57a7467246f91654c75fbc05a6 
Number of updated asset objects reloaded before import = 0
Number of asset objects unloaded after import = 0
========================================================================
Received Import Request.
  Time of request: 2026-10-01T08:15:24.6430668Z
  Time since last request: 0.0005965 seconds.
  importAddress: GUID: 7b9e2c4a8f1d6b3e5a0c8d2f4e6b1a9c - Path: Packages/com.unity.test-framework/UnityEngine.TestRunner/NUnitExtensions/Attributes/PlayModeTestsAttribute.cs - Importer: ScriptedImporter/UnityEditor.QuickSearchModule:UnityEditor.Search:ASIAI0B
Importing 'GUID: 7b9e2c4a8f1d6b3e5a0c8d2f4e6b1a9c - Path: Packages/com.unity.test-framework/UnityEngine.TestRunner/NUnitExtensions/Attributes/PlayModeTestsAttribute.cs - Importer: ScriptedImporter/UnityEditor.QuickSearchModule:UnityEditor.Search:ASIAI0B' with importer (ScriptedImporter : UnityEditor.QuickSearchModule:UnityEditor.Search:ASIAI0B)
Imported 'GUID: 7b9e2c4a8f1d6b3e5a0c8d2f4e6b1a9c' -> (Import Result ID: '28ffaf89aa857260704bde680fb61d22') in 0.002 seconds [static and dynamic dependencies]. Details - ImportResultOutputID=5966d5e1087acb231ddbd66512188345 DependenciesID=c78e48a9cf421a0ed88a6570f58cffa9 StaticDependenciesID=ede68a3ab0441d71ecedf355e23cd401 
Number of updated asset objects reloaded before import = 0
Number of asset objects unloaded after import = 0
========================================================================
Received Import Request.
  Time of request: 2026-10-01T08:15:24.6539208Z
  Time since last request: 0.0003463 seconds.
  importAddress: GUID: 74987b94d22047d8b286a727906b7019 - Path: Packages/com.unity.test-framework/UnityEngine.TestRunner/NUnitExtensions/Commands/ParametrizedIgnoreCommand.cs - Importer: ScriptedImporter/UnityEditor.QuickSearchModule:UnityEditor.Search:ASIAI0B
Importing 'GUID: 74987b94d22047d8b286a727906b7019 - Path: Packages/com.unity.test-framework/UnityEngine.TestRunner/NUnitExtensions/Commands/ParametrizedIgnoreCommand.cs - Importer: ScriptedImporter/UnityEditor.QuickSearchModule:UnityEditor.Search:ASIAI0B' with importer (ScriptedImporter : UnityEditor.QuickSearchModule:UnityEditor.Search:ASIAI0B)
Imported 'GUID: 74987b94d22047d8b286a727906b7019' -> (Import Result ID: '800db2c56abe357ed72a1e6904afd8c2') in 0.002 seconds [static and dynamic dependencies]. Details - ImportResultOutputID=d2ba7c282588140a8b15b3a7e14e6941 DependenciesID=7b0f8af2caf6bf352c55399b9921adc2 StaticDependenciesID=ce51284a6962105976eca4a3e2064011 
Number of updated asset objects reloaded before import = 0
Number of asset objects unloaded after import = 0
========================================================================
Received Import Request.
  Time of request: 2026-10-01T08:15:24.6805018Z
  Time since last request: 0.0154631 seconds.
  importAddress: GUID: 43a3aec217baa9644a7cf34b5f93fed9 - Path: Packages/com.unity.test-framework/UnityEngine.TestRunner/Utils/AssemblyProvider/PlayerTestAssemblyProvider.cs - Importer: ScriptedImporter/UnityEditor.QuickSearchModule:UnityEditor.Search:ASIAI0B
Importing 'GUID: 43a3aec217baa9644a7cf34b5f93fed9 - Path: Packages/com.unity.test-framework/UnityEngine.TestRunner/Utils/AssemblyProvider/PlayerTestAssemblyProvider.cs - Importer: ScriptedImporter/UnityEditor.QuickSearchModule:UnityEditor.Search:ASIAI0B' with importer (ScriptedImporter : UnityEditor.QuickSearchModule:UnityEditor.Search:ASIAI0B)
Imported 'GUID: 43a3aec217baa9644a7cf34b5f93fed9' -> (Import Result ID: 'b8896e9eb0280eb7c2152df493c3b184') in 0.002 seconds [static and dynamic dependencies]. Details - ImportResultOutputID=b1fa5bf4e4937d3a355b742d5583e7b7 DependenciesID=ab05209496142bc36f71a064c6ac8c06 StaticDependenciesID=3013864770d0aa5150487f627f109328 
Number of updated asset objects reloaded before import = 0
Number of asset objects unloaded after import = 0
========================================================================
Received Import Request.
  Time of request: 2026-10-01T08:15:24.6900352Z
  Time since last request: 0.0003806 seconds.
  importAddress: GUID: 96d14b71b907bb52333b2886e665aba6 - Path: Packages/com.unity.modules.video/package.json - Importer: ScriptedImporter/UnityEditor.QuickSearchModule:UnityEditor.Search:ASIAI0B
Importing 'GUID: 96d14b71b907bb52333b2886e665aba6 - Path: Packages/com.unity.modules.video/package.json - Importer: ScriptedImporter/UnityEditor.QuickSearchModule:UnityEditor.Search:ASIAI0B' with importer (ScriptedImporter : UnityEditor.QuickSearchModule:UnityEditor.Search:ASIAI0B)
Imported 'GUID: 96d14b71b907bb52333b2886e665aba6' -> (Import Result ID: '48a2ff34d690d03852461fa7165b0b10') in 0.002 seconds [static and dynamic dependencies]. Details - ImportResultOutputID=2805d09c2746e8737577251d7d5393a5 DependenciesID=0184fa3fe48b60cd2977a2fdc2fe6054 StaticDependenciesID=93b0d17197d7c373427690e1070b3a02 
Number of updated asset objects reloaded before import = 0
Number of asset objects unloaded after import = 1
========================================================================
Received Import Request.
  Time of request: 2026-10-01T08:15:24.7010075Z
  Time since last request: 0.0005029 seconds.
  importAddress: GUID: c5c78f2ef0d32a948bbb93266ef69a6a - Path: Packages/com.unity.test-framework/UnityEditor.TestRunner/TestRun/Tasks/Events/UpdateTestProgressTask.cs - Importer: ScriptedImporter/UnityEditor.QuickSearchModule:UnityEditor.Search:ASIAI0B
Importing 'GUID: c5c78f2ef0d32a948bbb93266ef69a6a - Path: Packages/com.unity.test-framework/UnityEditor.TestRunner/TestRun/Tasks/Events/UpdateTestProgressTask.cs - Importer: ScriptedImporter/UnityEditor.QuickSearchModule:UnityEditor.Search:ASIAI0B' with importer (ScriptedImporter : UnityEditor.QuickSearchModule:UnityEditor.Search:ASIAI0B)
Imported 'GUID: c5c78f2ef0d32a948bbb93266ef69a6a' -> (Import Result ID: 'cf812d71025b9c3dbb8e20a2aeb56c5a') in 0.002 seconds [static and dynamic dependencies]. Details - ImportResultOutputID=5880d18c1079ae769af159e5f87a2985 DependenciesID=7818946f2401395927830df719cf5213 StaticDependenciesID=2b58d3c76858851a44bbc20e4c606e17 
Number of updated asset objects reloaded before import = 0
Number of asset objects unloaded after import = 0
========================================================================
Received Import Request.
  Time of request: 2026-10-01T08:15:24.7115133Z
  Time since last request: 0.0004657 seconds.
  importAddress: GUID: b135ec222fdcd11468014c90d11d6821 - Path: Packages/com.unity.test-framework/UnityEngine.TestRunner/TestRunner/RemoteHelpers/RemoteTestData.cs - Importer: ScriptedImporter/UnityEditor.QuickSearchModule:UnityEditor.Search:ASIAI0B
Importing 'GUID: b135ec222fdcd11468014c90d11d6821 - Path: Packages/com.unity.test-framework/UnityEngine.TestRunner/TestRunner/RemoteHelpers/RemoteTestData.cs - Importer: ScriptedImporter/UnityEditor.QuickSearchModule:UnityEditor.Search:ASIAI0B' with importer (ScriptedImporter : UnityEditor.QuickSearchModule:UnityEditor.Search:ASIAI0B)
Imported 'GUID: b135ec222fdcd11468014c90d11d6821' -> (Import Result ID: '270f13bc3d1c01b7a58616c1e9c14256') in 0.002 seconds [static and dynamic dependencies]. Details - ImportResultOutputID=9997ab44c3c080cd094be5dea20c2c0f DependenciesID=39279d89e26642af581891eb74a181aa StaticDependenciesID=9e79480d0de2b3cc34136f3e9e3f4e5c 
Number of updated asset objects reloaded before import = 0
Number of asset objects unloaded after import = 0
========================================================================
Received Import Request.
  Time of request: 2026-10-01T08:15:24.7223686Z
  Time since last request: 0.0002718 seconds.
  importAddress: GUID: f62135e79edb837b2d2ee3c524da864c - Path: Packages/com.unity.modules.video/package.ModuleCompilationTrigger - Importer: ScriptedImporter/UnityEditor.QuickSearchModule:UnityEditor.Search:ASIAI0B
Importing 'GUID: f62135e79edb837b2d2ee3c524da864c - Path: Packages/com.unity.modules.video/package.ModuleCompilationTrigger - Importer: ScriptedImporter/UnityEditor.QuickSearchModule:UnityEditor.Search:ASIAI0B' with importer (ScriptedImporter : UnityEditor.QuickSearchModule:UnityEditor.Search:ASIAI0B)
Imported 'GUID: f62135e79edb837b2d2ee3c524da864c' -> (Import Result ID: 'fe19cd5dd61ecc2a10fb8bc7765c1ec2') in 0.002 seconds [static and dynamic dependencies]. Details - ImportResultOutputID=0780d92c72cf86380abf3da10d791848 DependenciesID=185dadbc6e929eefa44aac8748765b7a StaticDependenciesID=2bd4b4d39ca5d893fcd2ff2a54f828e1 
Number of updated asset objects reloaded before import = 0
Number of asset objects unloaded after import = 1
========================================================================
Received Import Request.
  Time of request: 2026-10-01T08:15:24.7360651Z
  Time since last request: 0.0004479 seconds.
  importAddress: GUID: fb593906b7b6d824087dcaebf6c082e0 - Path: Packages/com.unity.test-framework/UnityEngine.TestRunner/Utils/AssemblyProvider/AssemblyLoadProxy.cs - Importer: ScriptedImporter/UnityEditor.QuickSearchModule:UnityEditor.Search:ASIAI0B
Importing 'GUID: fb593906b7b6d824087dcaebf6c082e0 - Path: Packages/com.unity.test-framework/UnityEngine.TestRunner/Utils/AssemblyProvider/AssemblyLoadProxy.cs - Importer: ScriptedImporter/UnityEditor.QuickSearchModule:UnityEditor.Search:ASIAI0B' with importer (ScriptedImporter : UnityEditor.QuickSearchModule:UnityEditor.Search:ASIAI0B)
Imported 'GUID: fb593906b7b6d824087dcaebf6c082e0' -> (Import Result ID: '816fdb2ca00dcf0c0f3fee081e8ec278') in 0.002 seconds [static and dynamic dependencies]. Details - ImportResultOutputID=133b274c59ebde3077b59aa96ac334ce DependenciesID=b78ed60e142bbd2fddcdcd024fa9eaa9 StaticDependenciesID=79eba47e674f4c2be7e45eed385be47d 
Number of updated asset objects reloaded before import = 0
Number of asset objects unloaded after import = 0
========================================================================
Received Import Request.
  Time of request: 2026-10-01T08:15:24.7481995Z
  Time since last request: 0.0001871 seconds.
  importAddress: GUID: e02e76bfece9a28408e2e7dcb2e14b8f - Path: Packages/com.unity.test-framework/UnityEditor.TestRunner/TestRun/Tasks/Scene/RemoveAdditionalUntitledSceneTask.cs - Importer: ScriptedImporter/UnityEditor.QuickSearchModule:UnityEditor.Search:ASIAI0B
Importing 'GUID: e02e76bfece9a28408e2e7dcb2e14b8f - Path: Packages/com.unity.test-framework/UnityEditor.TestRunner/TestRun/Tasks/Scene/RemoveAdditionalUntitledSceneTask.cs - Importer: ScriptedImporter/UnityEditor.QuickSearchModule:UnityEditor.Search:ASIAI0B' with importer (ScriptedImporter : UnityEditor.QuickSearchModule:UnityEditor.Search:ASIAI0B)
Imported 'GUID: e02e76bfece9a28408e2e7dcb2e14b8f' -> (Import Result ID: '4ee2e8c77b6d4a627dba5af9d23b8148') in 0.002 seconds [static and dynamic dependencies]. Details - ImportResultOutputID=06cd99b7b49d1215d1989b4ed76f1208 DependenciesID=03d52d6dda56f7f24a2b13655071e511 StaticDependenciesID=cb8648f690b45d133d6951a803fa8d20 
Number of updated asset objects reloaded before import = 0
Number of asset objects unloaded after import = 0
========================================================================
Received Import Request.
  Time of request: 2026-10-01T08:15:24.7866671Z
  Time since last request: 0.0261125 seconds.
  importAddress: GUID: 8e2f4b3c9d7a4e64f85a1c2b3d4e5f6a - Path: Packages/com.unity.inputsystem/InputSystem/Editor/InputSystemEditorInitializer.cs - Importer: ScriptedImporter/UnityEditor.QuickSearchModule:UnityEditor.Search:ASIAI0B
Importing 'GUID: 8e2f4b3c9d7a4e64f85a1c2b3d4e5f6a - Path: Packages/com.unity.inputsystem/InputSystem/Editor/InputSystemEditorInitializer.cs - Importer: ScriptedImporter/UnityEditor.QuickSearchModule:UnityEditor.Search:ASIAI0B' with importer (ScriptedImporter : UnityEditor.QuickSearchModule:UnityEditor.Search:ASIAI0B)
Imported 'GUID: 8e2f4b3c9d7a4e64f85a1c2b3d4e5f6a' -> (Import Result ID: 'e103320dea096c570b78ac50c8beb2d6') in 0.003 seconds [static and dynamic dependencies]. Details - ImportResultOutputID=63507f9ab69eaaba463bc0f03b10b832 DependenciesID=5d473a0fc19118e669acd02325523250 StaticDependenciesID=0f8e54301e47b951d5738c64cb7dc81b 
Number of updated asset objects reloaded before import = 0
Number of asset objects unloaded after import = 0
========================================================================
Received Import Request.
  Time of request: 2026-10-01T08:15:24.7990084Z
  Time since last request: 0.0004072 seconds.
  importAddress: GUID: 1f95d379362f6c74ca1eb6368642199f - Path: Packages/com.unity.inputsystem/InputSystem/Runtime/InputSystemTestHooks.cs - Importer: ScriptedImporter/UnityEditor.QuickSearchModule:UnityEditor.Search:ASIAI0B
Importing 'GUID: 1f95d379362f6c74ca1eb6368642199f - Path: Packages/com.unity.inputsystem/InputSystem/Runtime/InputSystemTestHooks.cs - Importer: ScriptedImporter/UnityEditor.QuickSearchModule:UnityEditor.Search:ASIAI0B' with importer (ScriptedImporter : UnityEditor.QuickSearchModule:UnityEditor.Search:ASIAI0B)
Imported 'GUID: 1f95d379362f6c74ca1eb6368642199f' -> (Import Result ID: 'c6f498cd569da0e4b5ba98f30366fbaa') in 0.004 seconds [static and dynamic dependencies]. Details - ImportResultOutputID=6f746a61e29fd289cc516f970f7993a0 DependenciesID=1ba2a0a8fbf8383de04cbbad7c99ae49 StaticDependenciesID=1a601f1bd6ea67f64da0c36d7bf1ee88 
Number of updated asset objects reloaded before import = 0
Number of asset objects unloaded after import = 0
========================================================================
Received Import Request.
  Time of request: 2026-10-01T08:15:24.8123666Z
  Time since last request: 0.0004196 seconds.
  importAddress: GUID: 21e367e100361604f9ad6287fd367d4a - Path: Packages/com.unity.inputsystem/ValidationConfig.json - Importer: ScriptedImporter/UnityEditor.QuickSearchModule:UnityEditor.Search:ASIAI0B
Importing 'GUID: 21e367e100361604f9ad6287fd367d4a - Path: Packages/com.unity.inputsystem/ValidationConfig.json - Importer: ScriptedImporter/UnityEditor.QuickSearchModule:UnityEditor.Search:ASIAI0B' with importer (ScriptedImporter : UnityEditor.QuickSearchModule:UnityEditor.Search:ASIAI0B)
Imported 'GUID: 21e367e100361604f9ad6287fd367d4a' -> (Import Result ID: '6f272a0c95ccaccf08a9fab0ba13a7c9') in 0.002 seconds [static and dynamic dependencies]. Details - ImportResultOutputID=2c74d5f93fb63a18623af846c6d3c3b9 DependenciesID=14da98a30852ae9ea9ff43248c9d1a55 StaticDependenciesID=63e21f601a02529114021c449c27b136 
Number of updated asset objects reloaded before import = 0
Number of asset objects unloaded after import = 1
========================================================================
Received Import Request.
  Time of request: 2026-10-01T08:15:24.8267553Z
  Time since last request: 0.0008792 seconds.
  importAddress: GUID: 898672c95e554f2fb492125d78b11af2 - Path: Packages/com.unity.inputsystem/DocCodeSamples.Tests/GamepadExample.cs - Importer: ScriptedImporter/UnityEditor.QuickSearchModule:UnityEditor.Search:ASIAI0B
Importing 'GUID: 898672c95e554f2fb492125d78b11af2 - Path: Packages/com.unity.inputsystem/DocCodeSamples.Tests/GamepadExample.cs - Importer: ScriptedImporter/UnityEditor.QuickSearchModule:UnityEditor.Search:ASIAI0B' with importer (ScriptedImporter : UnityEditor.QuickSearchModule:UnityEditor.Search:ASIAI0B)
Imported 'GUID: 898672c95e554f2fb492125d78b11af2' -> (Import Result ID: '7588a12bd74340ba51804fcaae01dc73') in 0.002 seconds [static and dynamic dependencies]. Details - ImportResultOutputID=3feac06216a41a0034af0415409acc35 DependenciesID=50840087363fe7d3c185d603182665dc StaticDependenciesID=163ef024e0fe31788f0b02b390ce31b0 
Number of updated asset objects reloaded before import = 0
Number of asset objects unloaded after import = 0
========================================================================
Received Import Request.
  Time of request: 2026-10-01T08:15:24.8385708Z
  Time since last request: 0.0005535 seconds.
  importAddress: GUID: 595b51cc3a67d49dd9168092dc0f6eec - Path: Packages/com.unity.inputsystem/InputSystem/Runtime/NativeInputRuntime.cs - Importer: ScriptedImporter/UnityEditor.QuickSearchModule:UnityEditor.Search:ASIAI0B
Importing 'GUID: 595b51cc3a67d49dd9168092dc0f6eec - Path: Packages/com.unity.inputsystem/InputSystem/Runtime/NativeInputRuntime.cs - Importer: ScriptedImporter/UnityEditor.QuickSearchModule:UnityEditor.Search:ASIAI0B' with importer (ScriptedImporter : UnityEditor.QuickSearchModule:UnityEditor.Search:ASIAI0B)
Imported 'GUID: 595b51cc3a67d49dd9168092dc0f6eec' -> (Import Result ID: '39a652bc4b3e04548b2d063eed06cb73') in 0.002 seconds [static and dynamic dependencies]. Details - ImportResultOutputID=431122eb9327efde8142a1b22376b534 DependenciesID=02e849603d01e0112d763cedab4a0440 StaticDependenciesID=19f5f9d11930da957a8b94cc141eb1e6 
Number of updated asset objects reloaded before import = 0
Number of asset objects unloaded after import = 0
========================================================================
Received Import Request.
  Time of request: 2026-10-01T08:15:24.8808631Z
  Time since last request: 0.0286096 seconds.
  importAddress: GUID: 07c4c48bac384a9e91c29c2f04328c0b - Path: Packages/com.unity.inputsystem/InputSystem/Editor/Analytics/InputExitPlayModeAnalytic.cs - Importer: ScriptedImporter/UnityEditor.QuickSearchModule:UnityEditor.Search:ASIAI0B
Importing 'GUID: 07c4c48bac384a9e91c29c2f04328c0b - Path: Packages/com.unity.inputsystem/InputSystem/Editor/Analytics/InputExitPlayModeAnalytic.cs - Importer: ScriptedImporter/UnityEditor.QuickSearchModule:UnityEditor.Search:ASIAI0B' with importer (ScriptedImporter : UnityEditor.QuickSearchModule:UnityEditor.Search:ASIAI0B)
Imported 'GUID: 07c4c48bac384a9e91c29c2f04328c0b' -> (Import Result ID: 'f899a5cd08ca656000f4b5c7df346483') in 0.003 seconds [static and dynamic dependencies]. Details - ImportResultOutputID=e978b5fa7058738cecc48bdc5c09c028 DependenciesID=09b75992434f12d18e406cfbe345e36c StaticDependenciesID=768d4e079f38794a9807b362419b1e03 
Number of updated asset objects reloaded before import = 0
Number of asset objects unloaded after import = 0
========================================================================
Received Import Request.
  Time of request: 2026-10-01T08:15:24.8931668Z
  Time since last request: 0.0005027 seconds.
  importAddress: GUID: 713b035f669b942adbd1cc05c4fb6e1d - Path: Packages/com.unity.inputsystem/InputSystem/Editor/AssetEditor/InputActionTreeView.cs - Importer: ScriptedImporter/UnityEditor.QuickSearchModule:UnityEditor.Search:ASIAI0B
Importing 'GUID: 713b035f669b942adbd1cc05c4fb6e1d - Path: Packages/com.unity.inputsystem/InputSystem/Editor/AssetEditor/InputActionTreeView.cs - Importer: ScriptedImporter/UnityEditor.QuickSearchModule:UnityEditor.Search:ASIAI0B' with importer (ScriptedImporter : UnityEditor.QuickSearchModule:UnityEditor.Search:ASIAI0B)
Imported 'GUID: 713b035f669b942adbd1cc05c4fb6e1d' -> (Import Result ID: 'faa9170b28551deaf76468efa8a8fe7e') in 0.003 seconds [static and dynamic dependencies]. Details - ImportResultOutputID=00969f37bcaa07005fd95da3163eb977 DependenciesID=269311a5613832236d0edc5331714b66 StaticDependenciesID=06a62d43851e655f0549409f8760a01e 
Number of updated asset objects reloaded before import = 0
Number of asset objects unloaded after import = 0
========================================================================
Received Import Request.
  Time of request: 2026-10-01T08:15:24.9062123Z
  Time since last request: 0.0001967 seconds.
  importAddress: GUID: d771fd88f0934b4dbe724b2690a9f330 - Path: Packages/com.unity.inputsystem/InputSystem/Editor/Analytics/InputActionsEditorSessionAnalytic.cs - Importer: ScriptedImporter/UnityEditor.QuickSearchModule:UnityEditor.Search:ASIAI0B
Importing 'GUID: d771fd88f0934b4dbe724b2690a9f330 - Path: Packages/com.unity.inputsystem/InputSystem/Editor/Analytics/InputActionsEditorSessionAnalytic.cs - Importer: ScriptedImporter/UnityEditor.QuickSearchModule:UnityEditor.Search:ASIAI0B' with importer (ScriptedImporter : UnityEditor.QuickSearchModule:UnityEditor.Search:ASIAI0B)
Imported 'GUID: d771fd88f0934b4dbe724b2690a9f330' -> (Import Result ID: 'b4b9a88c607e5c496648849bb195d1ab') in 0.002 seconds [static and dynamic dependencies]. Details - ImportResultOutputID=c772b714cff73d5d0b8eea9ba69e60ff DependenciesID=b15842ab0319d15895cb92bd7efa5431 StaticDependenciesID=44c69a588607e1cfd293bdcb8858e026 
Number of updated asset objects reloaded before import = 0
Number of asset objects unloaded after import = 0
========================================================================
Received Import Request.
  Time of request: 2026-10-01T08:15:24.9361755Z
  Time since last request: 0.0166932 seconds.
  importAddress: GUID: c3f24f77c633a444893b75d39ae4fa3c - Path: Packages/com.unity.inputsystem/InputSystem/Editor/Debugger/InputDebuggerWindow.cs - Importer: ScriptedImporter/UnityEditor.QuickSearchModule:UnityEditor.Search:ASIAI0B
Importing 'GUID: c3f24f77c633a444893b75d39ae4fa3c - Path: Packages/com.unity.inputsystem/InputSystem/Editor/Debugger/InputDebuggerWindow.cs - Importer: ScriptedImporter/UnityEditor.QuickSearchModule:UnityEditor.Search:ASIAI0B' with importer (ScriptedImporter : UnityEditor.QuickSearchModule:UnityEditor.Search:ASIAI0B)
Imported 'GUID: c3f24f77c633a444893b75d39ae4fa3c' -> (Import Result ID: 'b6e1886c5732f17dfff91a6dfecb5885') in 0.003 seconds [static and dynamic dependencies]. Details - ImportResultOutputID=c689acbf512c2b60f6e99744d49c348a DependenciesID=a51fa7e4d25b4db1257ca9cb3fbfd2c4 StaticDependenciesID=dcfb403f69c7e54ef47026f10783e25e 
Number of updated asset objects reloaded before import = 0
Number of asset objects unloaded after import = 0
========================================================================
Received Import Request.
  Time of request: 2026-10-01T08:15:24.9563822Z
  Time since last request: 0.0053971 seconds.
  importAddress: GUID: 958a10dec4f3a4764bb345b0aa03510b - Path: Packages/com.unity.inputsystem/InputSystem/Editor/Icons/Add Binding.png - Importer: ScriptedImporter/UnityEditor.QuickSearchModule:UnityEditor.Search:ASIAI0B
Importing 'GUID: 958a10dec4f3a4764bb345b0aa03510b - Path: Packages/com.unity.inputsystem/InputSystem/Editor/Icons/Add Binding.png - Importer: ScriptedImporter/UnityEditor.QuickSearchModule:UnityEditor.Search:ASIAI0B' with importer (ScriptedImporter : UnityEditor.QuickSearchModule:UnityEditor.Search:ASIAI0B)
Imported 'GUID: 958a10dec4f3a4764bb345b0aa03510b' -> (Import Result ID: '68fbc1c0de3bdd157f8b90a30acd1f64') in 0.048 seconds [static and dynamic dependencies]. Details - ImportResultOutputID=b1b259a74731e839495488ae6617b9a4 DependenciesID=ae84dfc54bc489cda5235430b8a80968 StaticDependenciesID=df7d43ec15cac7670667db5c9a585c1e 
Number of updated asset objects reloaded before import = 0
Number of asset objects unloaded after import = 1
========================================================================
Received Import Request.
  Time of request: 2026-10-01T08:15:25.0158275Z
  Time since last request: 0.0003232 seconds.
  importAddress: GUID: 8348fa935e294410f8a7b065d82285d2 - Path: Packages/com.unity.inputsystem/InputSystem/Editor/DeviceSimulator/InputSystemPlugin.cs - Importer: ScriptedImporter/UnityEditor.QuickSearchModule:UnityEditor.Search:ASIAI0B
Importing 'GUID: 8348fa935e294410f8a7b065d82285d2 - Path: Packages/com.unity.inputsystem/InputSystem/Editor/DeviceSimulator/InputSystemPlugin.cs - Importer: ScriptedImporter/UnityEditor.QuickSearchModule:UnityEditor.Search:ASIAI0B' with importer (ScriptedImporter : UnityEditor.QuickSearchModule:UnityEditor.Search:ASIAI0B)
Imported 'GUID: 8348fa935e294410f8a7b065d82285d2' -> (Import Result ID: 'f48bf74f9a1728493b7059aeebfe6a6d') in 0.003 seconds [static and dynamic dependencies]. Details - ImportResultOutputID=34c9b5a2bb5e4b3e73a81f8f077ba584 DependenciesID=f3220cb496aef2d0a8aa6d7de83c794d StaticDependenciesID=dcd995109b8fdb084381b58e7699d75a 
Number of updated asset objects reloaded before import = 0
Number of asset objects unloaded after import = 0
========================================================================
Received Import Request.
  Time of request: 2026-10-01T08:15:25.0266609Z
  Time since last request: 0.0004741 seconds.
  importAddress: GUID: 76d591911f4ae4f62953b13f6ff50429 - Path: Packages/com.unity.inputsystem/InputSystem/Editor/AssetEditor/InputActionTreeViewItems.cs - Importer: ScriptedImporter/UnityEditor.QuickSearchModule:UnityEditor.Search:ASIAI0B
Importing 'GUID: 76d591911f4ae4f62953b13f6ff50429 - Path: Packages/com.unity.inputsystem/InputSystem/Editor/AssetEditor/InputActionTreeViewItems.cs - Importer: ScriptedImporter/UnityEditor.QuickSearchModule:UnityEditor.Search:ASIAI0B' with importer (ScriptedImporter : UnityEditor.QuickSearchModule:UnityEditor.Search:ASIAI0B)
Imported 'GUID: 76d591911f4ae4f62953b13f6ff50429' -> (Import Result ID: '90a24a72584e34ef8993560621ab5167') in 0.002 seconds [static and dynamic dependencies]. Details - ImportResultOutputID=10a74e6b712d9f17a80ce75afcd7fd1a DependenciesID=6596cd4ac451d6dd7095115249008600 StaticDependenciesID=5c460313814c5fb99dc90e21c9e79f34 
Number of updated asset objects reloaded before import = 0
Number of asset objects unloaded after import = 0
========================================================================
Received Import Request.
  Time of request: 2026-10-01T08:15:25.0375037Z
  Time since last request: 0.0006487 seconds.
  importAddress: GUID: 2a5d0a7febdc741039abf135883517e5 - Path: Packages/com.unity.inputsystem/InputSystem/Editor/Icons/Button.png - Importer: ScriptedImporter/UnityEditor.QuickSearchModule:UnityEditor.Search:ASIAI0B
Importing 'GUID: 2a5d0a7febdc741039abf135883517e5 - Path: Packages/com.unity.inputsystem/InputSystem/Editor/Icons/Button.png - Importer: ScriptedImporter/UnityEditor.QuickSearchModule:UnityEditor.Search:ASIAI0B' with importer (ScriptedImporter : UnityEditor.QuickSearchModule:UnityEditor.Search:ASIAI0B)
Imported 'GUID: 2a5d0a7febdc741039abf135883517e5' -> (Import Result ID: 'ea6eac070e335e8d7ba541b5d3667283') in 0.004 seconds [static and dynamic dependencies]. Details - ImportResultOutputID=e58a583a6f21dd72791bed1efd501ddb DependenciesID=6c5fc7708fb0178a2ec05fcf13872bc4 StaticDependenciesID=e7eda8d9391c3c0777f8f74c82140c03 
Number of updated asset objects reloaded before import = 0
Number of asset objects unloaded after import = 1
========================================================================
Received Import Request.
  Time of request: 2026-10-01T08:15:25.0506362Z
  Time since last request: 0.0004015 seconds.
  importAddress: GUID: 8be1fbf4b24de44c99840805bdae9e40 - Path: Packages/com.unity.inputsystem/InputSystem/Editor/Icons/Add Binding@3x.png - Importer: ScriptedImporter/UnityEditor.QuickSearchModule:UnityEditor.Search:ASIAI0B
Importing 'GUID: 8be1fbf4b24de44c99840805bdae9e40 - Path: Packages/com.unity.inputsystem/InputSystem/Editor/Icons/Add Binding@3x.png - Importer: ScriptedImporter/UnityEditor.QuickSearchModule:UnityEditor.Search:ASIAI0B' with importer (ScriptedImporter : UnityEditor.QuickSearchModule:UnityEditor.Search:ASIAI0B)
Imported 'GUID: 8be1fbf4b24de44c99840805bdae9e40' -> (Import Result ID: '07ffa9aff504bda338b38adc197bce42') in 0.007 seconds [static and dynamic dependencies]. Details - ImportResultOutputID=f7a6c30485228b20cbe494a8b6c7c510 DependenciesID=e9bd97735e96b507c5bd21e53ebca6b8 StaticDependenciesID=15e81cc255d0ae84ee4f81bbda5d850f 
Number of updated asset objects reloaded before import = 0
Number of asset objects unloaded after import = 1
========================================================================
Received Import Request.
  Time of request: 2026-10-01T08:15:25.0690118Z
  Time since last request: 0.0005486 seconds.
  importAddress: GUID: 015a929bdae646a99b91b756b998233f - Path: Packages/com.unity.inputsystem/InputSystem/Editor/AssetImporter/InputActionAssetIconLoader.cs - Importer: ScriptedImporter/UnityEditor.QuickSearchModule:UnityEditor.Search:ASIAI0B
Importing 'GUID: 015a929bdae646a99b91b756b998233f - Path: Packages/com.unity.inputsystem/InputSystem/Editor/AssetImporter/InputActionAssetIconLoader.cs - Importer: ScriptedImporter/UnityEditor.QuickSearchModule:UnityEditor.Search:ASIAI0B' with importer (ScriptedImporter : UnityEditor.QuickSearchModule:UnityEditor.Search:ASIAI0B)
Imported 'GUID: 015a929bdae646a99b91b756b998233f' -> (Import Result ID: 'c5e7bee6983c3bebdf88eb99b007be69') in 0.002 seconds [static and dynamic dependencies]. Details - ImportResultOutputID=c41b566837deee5db372345dab24115d DependenciesID=ee13ac17b7f0566c49bdfec3460d5a8e StaticDependenciesID=466c109028b7373bee9b546c62583c2c 
Number of updated asset objects reloaded before import = 0
Number of asset objects unloaded after import = 0
========================================================================
Received Import Request.
  Time of request: 2026-10-01T08:15:25.0853199Z
  Time since last request: 0.0062147 seconds.
  importAddress: GUID: eb28fd64eacfa495c97193108f1cdf03 - Path: Packages/com.unity.inputsystem/InputSystem/Editor/Icons/d_Interactive Binding.png - Importer: ScriptedImporter/UnityEditor.QuickSearchModule:UnityEditor.Search:ASIAI0B
Importing 'GUID: eb28fd64eacfa495c97193108f1cdf03 - Path: Packages/com.unity.inputsystem/InputSystem/Editor/Icons/d_Interactive Binding.png - Importer: ScriptedImporter/UnityEditor.QuickSearchModule:UnityEditor.Search:ASIAI0B' with importer (ScriptedImporter : UnityEditor.QuickSearchModule:UnityEditor.Search:ASIAI0B)
Imported 'GUID: eb28fd64eacfa495c97193108f1cdf03' -> (Import Result ID: '0f5394b8bf7c3b185c08c32a3bd0e579') in 0.004 seconds [static and dynamic dependencies]. Details - ImportResultOutputID=633df66c28e3a5e9776952cd1e93b01e DependenciesID=7acf61a585509505b81beb4b5a9d26e8 StaticDependenciesID=cfa8c50e06f4f3318f48042c69a8d963 
Number of updated asset objects reloaded before import = 0
Number of asset objects unloaded after import = 1
========================================================================
Received Import Request.
  Time of request: 2026-10-01T08:15:25.1012345Z
  Time since last request: 0.0004279 seconds.
  importAddress: GUID: 83382fb171da648c594229ca6fa7ad94 - Path: Packages/com.unity.inputsystem/InputSystem/Editor/Icons/d_Keyboard.png - Importer: ScriptedImporter/UnityEditor.QuickSearchModule:UnityEditor.Search:ASIAI0B
Importing 'GUID: 83382fb171da648c594229ca6fa7ad94 - Path: Packages/com.unity.inputsystem/InputSystem/Editor/Icons/d_Keyboard.png - Importer: ScriptedImporter/UnityEditor.QuickSearchModule:UnityEditor.Search:ASIAI0B' with importer (ScriptedImporter : UnityEditor.QuickSearchModule:UnityEditor.Search:ASIAI0B)
Imported 'GUID: 83382fb171da648c594229ca6fa7ad94' -> (Import Result ID: '0f38f993e3172fc95c070475c85bf4fa') in 0.004 seconds [static and dynamic dependencies]. Details - ImportResultOutputID=48db6695b59ec71d780666e52871d25f DependenciesID=55a4cfac707bc2cc3d7c9a2ba6d894ff StaticDependenciesID=4b65e6b2bd288fece8791b4ed4a77000 
Number of updated asset objects reloaded before import = 0
Number of asset objects unloaded after import = 1
========================================================================
Received Import Request.
  Time of request: 2026-10-01T08:15:25.1151939Z
  Time since last request: 0.0002468 seconds.
  importAddress: GUID: 41edf25d451a744e6ad1172a677603bd - Path: Packages/com.unity.inputsystem/InputSystem/Editor/Icons/d_Dpad@4x.png - Importer: ScriptedImporter/UnityEditor.QuickSearchModule:UnityEditor.Search:ASIAI0B
Importing 'GUID: 41edf25d451a744e6ad1172a677603bd - Path: Packages/com.unity.inputsystem/InputSystem/Editor/Icons/d_Dpad@4x.png - Importer: ScriptedImporter/UnityEditor.QuickSearchModule:UnityEditor.Search:ASIAI0B' with importer (ScriptedImporter : UnityEditor.QuickSearchModule:UnityEditor.Search:ASIAI0B)
Imported 'GUID: 41edf25d451a744e6ad1172a677603bd' -> (Import Result ID: '82dc4b2e180db9dc93f6b38216deb723') in 0.007 seconds [static and dynamic dependencies]. Details - ImportResultOutputID=10408b312e3208a5fb5befc85481da50 DependenciesID=e428342f7a30017481eefaf396966c92 StaticDependenciesID=b0098c2e0c5fecc4184c27b27afa673e 
Number of updated asset objects reloaded before import = 0
Number of asset objects unloaded after import = 1
========================================================================
Received Import Request.
  Time of request: 2026-10-01T08:15:25.1298917Z
  Time since last request: 0.0002971 seconds.
  importAddress: GUID: 55040e210fa9b426b861a26909ab4de7 - Path: Packages/com.unity.inputsystem/InputSystem/Editor/Icons/d_Stick.png - Importer: ScriptedImporter/UnityEditor.QuickSearchModule:UnityEditor.Search:ASIAI0B
Importing 'GUID: 55040e210fa9b426b861a26909ab4de7 - Path: Packages/com.unity.inputsystem/InputSystem/Editor/Icons/d_Stick.png - Importer: ScriptedImporter/UnityEditor.QuickSearchModule:UnityEditor.Search:ASIAI0B' with importer (ScriptedImporter : UnityEditor.QuickSearchModule:UnityEditor.Search:ASIAI0B)
Imported 'GUID: 55040e210fa9b426b861a26909ab4de7' -> (Import Result ID: '92d22cd1efa4d42716acf672936b7f15') in 0.004 seconds [static and dynamic dependencies]. Details - ImportResultOutputID=2e425c981259d274a348dff01932b6e6 DependenciesID=0c8ab75cd09b755d10ceae8fb658bd1a StaticDependenciesID=e65ed07524f6eb6973f04a94169a3246 
Number of updated asset objects reloaded before import = 0
Number of asset objects unloaded after import = 1
========================================================================
Received Import Request.
  Time of request: 2026-10-01T08:15:25.1427524Z
  Time since last request: 0.0002993 seconds.
  importAddress: GUID: bed935caee9524e6780614c2055bfd35 - Path: Packages/com.unity.inputsystem/InputSystem/Editor/Icons/d_Gamepad@2x.png - Importer: ScriptedImporter/UnityEditor.QuickSearchModule:UnityEditor.Search:ASIAI0B
Importing 'GUID: bed935caee9524e6780614c2055bfd35 - Path: Packages/com.unity.inputsystem/InputSystem/Editor/Icons/d_Gamepad@2x.png - Importer: ScriptedImporter/UnityEditor.QuickSearchModule:UnityEditor.Search:ASIAI0B' with importer (ScriptedImporter : UnityEditor.QuickSearchModule:UnityEditor.Search:ASIAI0B)
Imported 'GUID: bed935caee9524e6780614c2055bfd35' -> (Import Result ID: 'b133649b96cc91c733d4e50ca69c0e9a') in 0.004 seconds [static and dynamic dependencies]. Details - ImportResultOutputID=6f2939c98c428870d25b199e270569e7 DependenciesID=c8fc0f810c4abe7f043dc21716a05b33 StaticDependenciesID=ee8e1ff73174302fb3f920fee5d6cbac 
Number of updated asset objects reloaded before import = 0
Number of asset objects unloaded after import = 1
========================================================================
Received Import Request.
  Time of request: 2026-10-01T08:15:25.1550205Z
  Time since last request: 0.0004613 seconds.
  importAddress: GUID: 94fa2e214a138425e8afbbe1329e0b55 - Path: Packages/com.unity.inputsystem/InputSystem/Editor/Icons/d_Touch.png - Importer: ScriptedImporter/UnityEditor.QuickSearchModule:UnityEditor.Search:ASIAI0B
Importing 'GUID: 94fa2e214a138425e8afbbe1329e0b55 - Path: Packages/com.unity.inputsystem/InputSystem/Editor/Icons/d_Touch.png - Importer: ScriptedImporter/UnityEditor.QuickSearchModule:UnityEditor.Search:ASIAI0B' with importer (ScriptedImporter : UnityEditor.QuickSearchModule:UnityEditor.Search:ASIAI0B)
Imported 'GUID: 94fa2e214a138425e8afbbe1329e0b55' -> (Import Result ID: '2f118920a59444b7d21138ae9f4562c1') in 0.004 seconds [static and dynamic dependencies]. Details - ImportResultOutputID=02be17f79a0a761953cec9a7599cc1d7 DependenciesID=cf8142a38e0b1834f50d4b015c67332d StaticDependenciesID=6ad90324c5af1c9e6e6979f43c173af8 
Number of updated asset objects reloaded before import = 0
Number of asset objects unloaded after import = 1
========================================================================
Received Import Request.
  Time of request: 2026-10-01T08:15:25.1673216Z
  Time since last request: 0.0002708 seconds.
  importAddress: GUID: a89bfcdeffde84e7ebf930d44b695435 - Path: Packages/com.unity.inputsystem/InputSystem/Editor/Icons/d_ChevronUp@2x.png - Importer: ScriptedImporter/UnityEditor.QuickSearchModule:UnityEditor.Search:ASIAI0B
Importing 'GUID: a89bfcdeffde84e7ebf930d44b695435 - Path: Packages/com.unity.inputsystem/InputSystem/Editor/Icons/d_ChevronUp@2x.png - Importer: ScriptedImporter/UnityEditor.QuickSearchModule:UnityEditor.Search:ASIAI0B' with importer (ScriptedImporter : UnityEditor.QuickSearchModule:UnityEditor.Search:ASIAI0B)
Imported 'GUID: a89bfcdeffde84e7ebf930d44b695435' -> (Import Result ID: '48a5ee62567ecb5c87b34e93ed8bcea8') in 0.004 seconds [static and dynamic dependencies]. Details - ImportResultOutputID=07232a39717a57e48fb98ea333ff3110 DependenciesID=f347c036a16aef7baa22286d0a9e8b71 StaticDependenciesID=aaa7f530c1137b35091b678ec4afd276 
Number of updated asset objects reloaded before import = 0
Number of asset objects unloaded after import = 1
========================================================================
Received Import Request.
  Time of request: 2026-10-01T08:15:25.180797Z
  Time since last request: 0.000391 seconds.
  importAddress: GUID: e1da124f7cbda41a4925397406076a42 - Path: Packages/com.unity.inputsystem/InputSystem/Editor/Icons/d_Position@3x.png - Importer: ScriptedImporter/UnityEditor.QuickSearchModule:UnityEditor.Search:ASIAI0B
Importing 'GUID: e1da124f7cbda41a4925397406076a42 - Path: Packages/com.unity.inputsystem/InputSystem/Editor/Icons/d_Position@3x.png - Importer: ScriptedImporter/UnityEditor.QuickSearchModule:UnityEditor.Search:ASIAI0B' with importer (ScriptedImporter : UnityEditor.QuickSearchModule:UnityEditor.Search:ASIAI0B)
Imported 'GUID: e1da124f7cbda41a4925397406076a42' -> (Import Result ID: '5ab79a1a79bcbdfb3173d6c955aef0ea') in 0.005 seconds [static and dynamic dependencies]. Details - ImportResultOutputID=5878df2e76b7d6e23baef7d592ff6f87 DependenciesID=7348a95be56026ff31cc1c1a11bf4e32 StaticDependenciesID=00c9ee7f59cc0abbae380c2f975ddc5e 
Number of updated asset objects reloaded before import = 0
Number of asset objects unloaded after import = 1
========================================================================
Received Import Request.
  Time of request: 2026-10-01T08:15:25.1951755Z
  Time since last request: 0.0003549 seconds.
  importAddress: GUID: 7d4638131127c4f4382fb36cf16c52fe - Path: Packages/com.unity.inputsystem/InputSystem/Editor/Icons/d_Joystick.png - Importer: ScriptedImporter/UnityEditor.QuickSearchModule:UnityEditor.Search:ASIAI0B
Importing 'GUID: 7d4638131127c4f4382fb36cf16c52fe - Path: Packages/com.unity.inputsystem/InputSystem/Editor/Icons/d_Joystick.png - Importer: ScriptedImporter/UnityEditor.QuickSearchModule:UnityEditor.Search:ASIAI0B' with importer (ScriptedImporter : UnityEditor.QuickSearchModule:UnityEditor.Search:ASIAI0B)
Imported 'GUID: 7d4638131127c4f4382fb36cf16c52fe' -> (Import Result ID: 'fcdf8a6639f3d6014d7b4c3358ae209a') in 0.004 seconds [static and dynamic dependencies]. Details - ImportResultOutputID=59db9e2e4567bf921085f6a52a02e5eb DependenciesID=3114a189f86ad34215b0c20380d6acbf StaticDependenciesID=b51ac2e642a1211883a1317236bd188f 
Number of updated asset objects reloaded before import = 0
Number of asset objects unloaded after import = 1
========================================================================
Received Import Request.
  Time of request: 2026-10-01T08:15:25.2091Z
  Time since last request: 0.0004645 seconds.
  importAddress: GUID: 123b6218ad27a41af933311ee524dcdc - Path: Packages/com.unity.inputsystem/InputSystem/Editor/Icons/d_Keyboard@4x.png - Importer: ScriptedImporter/UnityEditor.QuickSearchModule:UnityEditor.Search:ASIAI0B
Importing 'GUID: 123b6218ad27a41af933311ee524dcdc - Path: Packages/com.unity.inputsystem/InputSystem/Editor/Icons/d_Keyboard@4x.png - Importer: ScriptedImporter/UnityEditor.QuickSearchModule:UnityEditor.Search:ASIAI0B' with importer (ScriptedImporter : UnityEditor.QuickSearchModule:UnityEditor.Search:ASIAI0B)
Imported 'GUID: 123b6218ad27a41af933311ee524dcdc' -> (Import Result ID: '32e995515875f2b437aa1f6b4179edcd') in 0.004 seconds [static and dynamic dependencies]. Details - ImportResultOutputID=31fcd135938c60b06561f24b1f955e55 DependenciesID=7197fb39ffed3380e29e685d8a9871b0 StaticDependenciesID=d03f6d82778a686a723837e58164635f 
Number of updated asset objects reloaded before import = 0
Number of asset objects unloaded after import = 1
========================================================================
Received Import Request.
  Time of request: 2026-10-01T08:15:25.238961Z
  Time since last request: 0.0173871 seconds.
  importAddress: GUID: 7fb7b46a8c63948d2b28dc394281bf5a - Path: Packages/com.unity.inputsystem/InputSystem/Editor/Icons/Orientation.png - Importer: ScriptedImporter/UnityEditor.QuickSearchModule:UnityEditor.Search:ASIAI0B
Importing 'GUID: 7fb7b46a8c63948d2b28dc394281bf5a - Path: Packages/com.unity.inputsystem/InputSystem/Editor/Icons/Orientation.png - Importer: ScriptedImporter/UnityEditor.QuickSearchModule:UnityEditor.Search:ASIAI0B' with importer (ScriptedImporter : UnityEditor.QuickSearchModule:UnityEditor.Search:ASIAI0B)
Imported 'GUID: 7fb7b46a8c63948d2b28dc394281bf5a' -> (Import Result ID: '504d429bb635399fc131f4cbe35fc852') in 0.006 seconds [static and dynamic dependencies]. Details - ImportResultOutputID=2dbe24c7f10b8e13fe26a00b73ac4e83 DependenciesID=9ced8a3c1cce059d5bc85a0389cd352b StaticDependenciesID=9b6bf5367f1719ac36d10b1ba0133a01 
Number of updated asset objects reloaded before import = 0
Number of asset objects unloaded after import = 1
========================================================================
Received Import Request.
  Time of request: 2026-10-01T08:15:25.2530184Z
  Time since last request: 0.0001659 seconds.
  importAddress: GUID: 6191a40940a3e46899ecf82fa8389d01 - Path: Packages/com.unity.inputsystem/InputSystem/Editor/Icons/Keyboard@3x.png - Importer: ScriptedImporter/UnityEditor.QuickSearchModule:UnityEditor.Search:ASIAI0B
Importing 'GUID: 6191a40940a3e46899ecf82fa8389d01 - Path: Packages/com.unity.inputsystem/InputSystem/Editor/Icons/Keyboard@3x.png - Importer: ScriptedImporter/UnityEditor.QuickSearchModule:UnityEditor.Search:ASIAI0B' with importer (ScriptedImporter : UnityEditor.QuickSearchModule:UnityEditor.Search:ASIAI0B)
Imported 'GUID: 6191a40940a3e46899ecf82fa8389d01' -> (Import Result ID: '5f981efb1fde0806e4fc9c43cc0e0298') in 0.005 seconds [static and dynamic dependencies]. Details - ImportResultOutputID=40a9fc8a2c7e6f32059a8b9ded5fa06b DependenciesID=2ab3b5bdeff09ef914b6ab530ac6f5de StaticDependenciesID=017423534cb8e4c002df55c0db6c82f1 
Number of updated asset objects reloaded before import = 0
Number of asset objects unloaded after import = 1
========================================================================
Received Import Request.
  Time of request: 2026-10-01T08:15:25.2687299Z
  Time since last request: 0.0002529 seconds.
  importAddress: GUID: a3fa73829479e4b41965e749fcca7c12 - Path: Packages/com.unity.inputsystem/InputSystem/Editor/Icons/Position@2x.png - Importer: ScriptedImporter/UnityEditor.QuickSearchModule:UnityEditor.Search:ASIAI0B
Importing 'GUID: a3fa73829479e4b41965e749fcca7c12 - Path: Packages/com.unity.inputsystem/InputSystem/Editor/Icons/Position@2x.png - Importer: ScriptedImporter/UnityEditor.QuickSearchModule:UnityEditor.Search:ASIAI0B' with importer (ScriptedImporter : UnityEditor.QuickSearchModule:UnityEditor.Search:ASIAI0B)
Imported 'GUID: a3fa73829479e4b41965e749fcca7c12' -> (Import Result ID: 'ac4fc06a06bf3364efa44877fba3611b') in 0.004 seconds [static and dynamic dependencies]. Details - ImportResultOutputID=057ae4478b80921171c6db67b9418066 DependenciesID=0c27f65e51185ed51e223f3182be651d StaticDependenciesID=75189d80a413eb54c5ea880cbcdc7f4d 
Number of updated asset objects reloaded before import = 0
Number of asset objects unloaded after import = 1
========================================================================
Received Import Request.
  Time of request: 2026-10-01T08:15:25.2816725Z
  Time since last request: 0.0003651 seconds.
  importAddress: GUID: 9ad5d5b6a25b749e78b4950eae0a8ec2 - Path: Packages/com.unity.inputsystem/InputSystem/Editor/Icons/Touch@3x.png - Importer: ScriptedImporter/UnityEditor.QuickSearchModule:UnityEditor.Search:ASIAI0B
Importing 'GUID: 9ad5d5b6a25b749e78b4950eae0a8ec2 - Path: Packages/com.unity.inputsystem/InputSystem/Editor/Icons/Touch@3x.png - Importer: ScriptedImporter/UnityEditor.QuickSearchModule:UnityEditor.Search:ASIAI0B' with importer (ScriptedImporter : UnityEditor.QuickSearchModule:UnityEditor.Search:ASIAI0B)
Imported 'GUID: 9ad5d5b6a25b749e78b4950eae0a8ec2' -> (Import Result ID: 'cb11b029f6c98c83e2b27fa9ebb3a381') in 0.005 seconds [static and dynamic dependencies]. Details - ImportResultOutputID=5b6b06a8056e54185efc6dff0c7d896e DependenciesID=f78526b80a45f6abe85cddd549083767 StaticDependenciesID=d9c0b2844f8eeec0a2224cba3ba096b2 
Number of updated asset objects reloaded before import = 0
Number of asset objects unloaded after import = 1
========================================================================
Received Import Request.
  Time of request: 2026-10-01T08:15:25.2961685Z
  Time since last request: 0.0004868 seconds.
  importAddress: GUID: 5e64ea03a5bf05845977ae0cd2e1dd4f - Path: Packages/com.unity.inputsystem/InputSystem/Editor/PropertyDrawers/GamepadButtonPropertyDrawer.cs - Importer: ScriptedImporter/UnityEditor.QuickSearchModule:UnityEditor.Search:ASIAI0B
Importing 'GUID: 5e64ea03a5bf05845977ae0cd2e1dd4f - Path: Packages/com.unity.inputsystem/InputSystem/Editor/PropertyDrawers/GamepadButtonPropertyDrawer.cs - Importer: ScriptedImporter/UnityEditor.QuickSearchModule:UnityEditor.Search:ASIAI0B' with importer (ScriptedImporter : UnityEditor.QuickSearchModule:UnityEditor.Search:ASIAI0B)
Imported 'GUID: 5e64ea03a5bf05845977ae0cd2e1dd4f' -> (Import Result ID: 'd499623675cb881eefae8c7c7f7ea4fa') in 0.002 seconds [static and dynamic dependencies]. Details - ImportResultOutputID=86b6f27f4b9b3f807aa94e3eee703836 DependenciesID=ccda79b6429adaf8309878ef6d57917f StaticDependenciesID=6be6cc7f7b846b9f7e89b7b44f1cb6f7 
Number of updated asset objects reloaded before import = 0
Number of asset objects unloaded after import = 0
========================================================================
Received Import Request.
  Time of request: 2026-10-01T08:15:25.3069573Z
  Time since last request: 0.0004374 seconds.
  importAddress: GUID: 20d24cdc563d241d8a6bbbb9e417d100 - Path: Packages/com.unity.inputsystem/InputSystem/Editor/Settings/InputSettingsBuildProvider.cs - Importer: ScriptedImporter/UnityEditor.QuickSearchModule:UnityEditor.Search:ASIAI0B
Importing 'GUID: 20d24cdc563d241d8a6bbbb9e417d100 - Path: Packages/com.unity.inputsystem/InputSystem/Editor/Settings/InputSettingsBuildProvider.cs - Importer: ScriptedImporter/UnityEditor.QuickSearchModule:UnityEditor.Search:ASIAI0B' with importer (ScriptedImporter : UnityEditor.QuickSearchModule:UnityEditor.Search:ASIAI0B)
Imported 'GUID: 20d24cdc563d241d8a6bbbb9e417d100' -> (Import Result ID: 'df66abcf1e444b2bd06fc6d00c60557b') in 0.002 seconds [static and dynamic dependencies]. Details - ImportResultOutputID=389a943865dfc729ef96525aabb3265b DependenciesID=1019d4a79297a8660f609a870aeaf35a StaticDependenciesID=bbdc99f9bfc147609a8986cf3433b3bc 
Number of updated asset objects reloaded before import = 0
Number of asset objects unloaded after import = 0
========================================================================
Received Import Request.
  Time of request: 2026-10-01T08:15:25.3184784Z
  Time since last request: 0.0004319 seconds.
  importAddress: GUID: 5a5b9538c3aaa4587856e68a93a92a51 - Path: Packages/com.unity.inputsystem/InputSystem/Editor/Icons/Keyboard.png - Importer: ScriptedImporter/UnityEditor.QuickSearchModule:UnityEditor.Search:ASIAI0B
Importing 'GUID: 5a5b9538c3aaa4587856e68a93a92a51 - Path: Packages/com.unity.inputsystem/InputSystem/Editor/Icons/Keyboard.png - Importer: ScriptedImporter/UnityEditor.QuickSearchModule:UnityEditor.Search:ASIAI0B' with importer (ScriptedImporter : UnityEditor.QuickSearchModule:UnityEditor.Search:ASIAI0B)
Imported 'GUID: 5a5b9538c3aaa4587856e68a93a92a51' -> (Import Result ID: 'a867420bb362cb6fe9c25fbf45ed4be7') in 0.005 seconds [static and dynamic dependencies]. Details - ImportResultOutputID=e1dfe5144104871f57d20c67b50ff603 DependenciesID=962c203e1be6c60586491381b7964d6b StaticDependenciesID=8f684f42c61cf58c20060363cee82ad2 
Number of updated asset objects reloaded before import = 0
Number of asset objects unloaded after import = 1
========================================================================
Received Import Request.
  Time of request: 2026-10-01T08:15:25.3327548Z
  Time since last request: 0.0003748 seconds.
  importAddress: GUID: a4610f64a5a4e4625b1ddbd44b04c5a6 - Path: Packages/com.unity.inputsystem/InputSystem/Editor/Icons/Joystick@3x.png - Importer: ScriptedImporter/UnityEditor.QuickSearchModule:UnityEditor.Search:ASIAI0B
Importing 'GUID: a4610f64a5a4e4625b1ddbd44b04c5a6 - Path: Packages/com.unity.inputsystem/InputSystem/Editor/Icons/Joystick@3x.png - Importer: ScriptedImporter/UnityEditor.QuickSearchModule:UnityEditor.Search:ASIAI0B' with importer (ScriptedImporter : UnityEditor.QuickSearchModule:UnityEditor.Search:ASIAI0B)
Imported 'GUID: a4610f64a5a4e4625b1ddbd44b04c5a6' -> (Import Result ID: '9f050a611ebf3b490545d76f179c5e1e') in 0.004 seconds [static and dynamic dependencies]. Details - ImportResultOutputID=7957ecd2d97884376f70395df40d6dae DependenciesID=1ea799f2ea5cac6d31fd29081d39f26d StaticDependenciesID=c0c921c2badff6cb7d721f475ff48720 
Number of updated asset objects reloaded before import = 0
Number of asset objects unloaded after import = 1
========================================================================
Received Import Request.
  Time of request: 2026-10-01T08:15:25.3470776Z
  Time since last request: 0.0004379 seconds.
  importAddress: GUID: 62f8dda50382d487597224e197cbd34f - Path: Packages/com.unity.inputsystem/InputSystem/Editor/Icons/Orientation@2x.png - Importer: ScriptedImporter/UnityEditor.QuickSearchModule:UnityEditor.Search:ASIAI0B
Importing 'GUID: 62f8dda50382d487597224e197cbd34f - Path: Packages/com.unity.inputsystem/InputSystem/Editor/Icons/Orientation@2x.png - Importer: ScriptedImporter/UnityEditor.QuickSearchModule:UnityEditor.Search:ASIAI0B' with importer (ScriptedImporter : UnityEditor.QuickSearchModule:UnityEditor.Search:ASIAI0B)
Imported 'GUID: 62f8dda50382d487597224e197cbd34f' -> (Import Result ID: '4a021df4fa1620022bc52d179e88e650') in 0.005 seconds [static and dynamic dependencies]. Details - ImportResultOutputID=ff1da4de697faca13cf64ed9d2f4190e DependenciesID=3ed9324d9acda64db827928100fcafb4 StaticDependenciesID=b29cb490732d38588088e589eb510893 
Number of updated asset objects reloaded before import = 0
Number of asset objects unloaded after import = 1
========================================================================
Received Import Request.
  Time of request: 2026-10-01T08:15:25.377895Z
  Time since last request: 0.0161873 seconds.
  importAddress: GUID: 7009ea2cce278c14d852537c8f40c8a0 - Path: Packages/com.unity.inputsystem/InputSystem/Runtime/Controls/IntegerControl.cs - Importer: ScriptedImporter/UnityEditor.QuickSearchModule:UnityEditor.Search:ASIAI0B
Importing 'GUID: 7009ea2cce278c14d852537c8f40c8a0 - Path: Packages/com.unity.inputsystem/InputSystem/Runtime/Controls/IntegerControl.cs - Importer: ScriptedImporter/UnityEditor.QuickSearchModule:UnityEditor.Search:ASIAI0B' with importer (ScriptedImporter : UnityEditor.QuickSearchModule:UnityEditor.Search:ASIAI0B)
Imported 'GUID: 7009ea2cce278c14d852537c8f40c8a0' -> (Import Result ID: 'd0b5db0d12bca520fe0101b9f49c2178') in 0.002 seconds [static and dynamic dependencies]. Details - ImportResultOutputID=985441d9d981d907eb432dbb8452961d DependenciesID=93b4f067caed8abcdf020dc693e264a6 StaticDependenciesID=634f377f8735e0e6acaf75c688b9c4b7 
Number of updated asset objects reloaded before import = 0
Number of asset objects unloaded after import = 0
========================================================================
Received Import Request.
  Time of request: 2026-10-01T08:15:25.3884218Z
  Time since last request: 0.00024 seconds.
  importAddress: GUID: 72251f49d44478b4c93462938d7ce4cf - Path: Packages/com.unity.inputsystem/InputSystem/Runtime/Controls/DoubleControl.cs - Importer: ScriptedImporter/UnityEditor.QuickSearchModule:UnityEditor.Search:ASIAI0B
Importing 'GUID: 72251f49d44478b4c93462938d7ce4cf - Path: Packages/com.unity.inputsystem/InputSystem/Runtime/Controls/DoubleControl.cs - Importer: ScriptedImporter/UnityEditor.QuickSearchModule:UnityEditor.Search:ASIAI0B' with importer (ScriptedImporter : UnityEditor.QuickSearchModule:UnityEditor.Search:ASIAI0B)
Imported 'GUID: 72251f49d44478b4c93462938d7ce4cf' -> (Import Result ID: 'd4e2426be185e0d96e4b22d2b2bb3525') in 0.002 seconds [static and dynamic dependencies]. Details - ImportResultOutputID=e9c771d22620720c61fb3bfb849825bc DependenciesID=9015851d40b6eb40371dda8d7eda883a StaticDependenciesID=8efedd7861f72e2fe887955977bde65d 
Number of updated asset objects reloaded before import = 0
Number of asset objects unloaded after import = 0
========================================================================
Received Import Request.
  Time of request: 2026-10-01T08:15:25.3981827Z
  Time since last request: 0.0005541 seconds.
  importAddress: GUID: 793d3fce58f547d688fdc78bee75cd30 - Path: Packages/com.unity.inputsystem/InputSystem/Runtime/Controls/TouchControl.cs - Importer: ScriptedImporter/UnityEditor.QuickSearchModule:UnityEditor.Search:ASIAI0B
Importing 'GUID: 793d3fce58f547d688fdc78bee75cd30 - Path: Packages/com.unity.inputsystem/InputSystem/Runtime/Controls/TouchControl.cs - Importer: ScriptedImporter/UnityEditor.QuickSearchModule:UnityEditor.Search:ASIAI0B' with importer (ScriptedImporter : UnityEditor.QuickSearchModule:UnityEditor.Search:ASIAI0B)
Imported 'GUID: 793d3fce58f547d688fdc78bee75cd30' -> (Import Result ID: '4a6510fe74f2ed88488024386987c9f2') in 0.002 seconds [static and dynamic dependencies]. Details - ImportResultOutputID=0c95725e2fd94e531ebf1675e07b42aa DependenciesID=d1d597d5b239a32b4c561a8f688603c5 StaticDependenciesID=09b67b0113ba71da119ccfac8c013d8b 
Number of updated asset objects reloaded before import = 0
Number of asset objects unloaded after import = 0
========================================================================
Received Import Request.
  Time of request: 2026-10-01T08:15:25.4090853Z
  Time since last request: 0.0003216 seconds.
  importAddress: GUID: 49207568c569440f97a5bfe8b4144a16 - Path: Packages/com.unity.inputsystem/InputSystem/Runtime/Actions/InputBinding.cs - Importer: ScriptedImporter/UnityEditor.QuickSearchModule:UnityEditor.Search:ASIAI0B
Importing 'GUID: 49207568c569440f97a5bfe8b4144a16 - Path: Packages/com.unity.inputsystem/InputSystem/Runtime/Actions/InputBinding.cs - Importer: ScriptedImporter/UnityEditor.QuickSearchModule:UnityEditor.Search:ASIAI0B' with importer (ScriptedImporter : UnityEditor.QuickSearchModule:UnityEditor.Search:ASIAI0B)
Imported 'GUID: 49207568c569440f97a5bfe8b4144a16' -> (Import Result ID: '161306227e091bb757d8243468c907b2') in 0.002 seconds [static and dynamic dependencies]. Details - ImportResultOutputID=2ede9ad82ee52b64a242988b61736614 DependenciesID=2376d11e4c36d51a7765632b10fdef1e StaticDependenciesID=290d35a83abdf44ec95c59abefc2e498 
Number of updated asset objects reloaded before import = 0
Number of asset objects unloaded after import = 0
========================================================================
Received Import Request.
  Time of request: 2026-10-01T08:15:25.4199549Z
  Time since last request: 0.0005676 seconds.
  importAddress: GUID: 6e444fe6609243258e0a7746c163373a - Path: Packages/com.unity.inputsystem/InputSystem/Runtime/Controls/AnyKeyControl.cs - Importer: ScriptedImporter/UnityEditor.QuickSearchModule:UnityEditor.Search:ASIAI0B
Importing 'GUID: 6e444fe6609243258e0a7746c163373a - Path: Packages/com.unity.inputsystem/InputSystem/Runtime/Controls/AnyKeyControl.cs - Importer: ScriptedImporter/UnityEditor.QuickSearchModule:UnityEditor.Search:ASIAI0B' with importer (ScriptedImporter : UnityEditor.QuickSearchModule:UnityEditor.Search:ASIAI0B)
Imported 'GUID: 6e444fe6609243258e0a7746c163373a' -> (Import Result ID: '89e6c0326ac6f2c81a331d513004a5b3') in 0.002 seconds [static and dynamic dependencies]. Details - ImportResultOutputID=ec1b9876c75b822bc9e10e3c99ff3719 DependenciesID=b866991caef97e1def32fa5865cf2553 StaticDependenciesID=ce2a78fc83f02a32724f32e758a923c3 
Number of updated asset objects reloaded before import = 0
Number of asset objects unloaded after import = 0
========================================================================
Received Import Request.
  Time of request: 2026-10-01T08:15:25.4309945Z
  Time since last request: 0.000424 seconds.
  importAddress: GUID: 914fdb42cb964faf92803ee51a7279fd - Path: Packages/com.unity.inputsystem/InputSystem/Runtime/Controls/Vector3Control.cs - Importer: ScriptedImporter/UnityEditor.QuickSearchModule:UnityEditor.Search:ASIAI0B
Importing 'GUID: 914fdb42cb964faf92803ee51a7279fd - Path: Packages/com.unity.inputsystem/InputSystem/Runtime/Controls/Vector3Control.cs - Importer: ScriptedImporter/UnityEditor.QuickSearchModule:UnityEditor.Search:ASIAI0B' with importer (ScriptedImporter : UnityEditor.QuickSearchModule:UnityEditor.Search:ASIAI0B)
Imported 'GUID: 914fdb42cb964faf92803ee51a7279fd' -> (Import Result ID: '6a70f36a3b234b7ed3c293c8184f148b') in 0.002 seconds [static and dynamic dependencies]. Details - ImportResultOutputID=0232ff715b4b3fc7cfc9850112e9c2b4 DependenciesID=c1bb5a5a332a79ceed9c2f50ccef4919 StaticDependenciesID=768381c7520d08ef08d056bd88966613 
Number of updated asset objects reloaded before import = 0
Number of asset objects unloaded after import = 0
========================================================================
Received Import Request.
  Time of request: 2026-10-01T08:15:25.4416284Z
  Time since last request: 0.000294 seconds.
  importAddress: GUID: 08dab706fb9641539767891cee0c7d3c - Path: Packages/com.unity.inputsystem/InputSystem/Runtime/Devices/ICustomDeviceReset.cs - Importer: ScriptedImporter/UnityEditor.QuickSearchModule:UnityEditor.Search:ASIAI0B
Importing 'GUID: 08dab706fb9641539767891cee0c7d3c - Path: Packages/com.unity.inputsystem/InputSystem/Runtime/Devices/ICustomDeviceReset.cs - Importer: ScriptedImporter/UnityEditor.QuickSearchModule:UnityEditor.Search:ASIAI0B' with importer (ScriptedImporter : UnityEditor.QuickSearchModule:UnityEditor.Search:ASIAI0B)
Imported 'GUID: 08dab706fb9641539767891cee0c7d3c' -> (Import Result ID: '851a6c4d0c100463084f2abcdcf1f2c4') in 0.002 seconds [static and dynamic dependencies]. Details - ImportResultOutputID=4cdd8bfa2fbacf158aecefca1ef5de48 DependenciesID=d9ea17f993caae29387705489c53b608 StaticDependenciesID=8a8f5b4555e8a7323ea064a97b9e6519 
Number of updated asset objects reloaded before import = 0
Number of asset objects unloaded after import = 0
========================================================================
Received Import Request.
  Time of request: 2026-10-01T08:15:25.4641595Z
  Time since last request: 0.0103807 seconds.
  importAddress: GUID: 7e988a22b82d97847b9e8e3cf14a1526 - Path: Packages/com.unity.inputsystem/InputSystem/Runtime/Utilities/SavedState.cs - Importer: ScriptedImporter/UnityEditor.QuickSearchModule:UnityEditor.Search:ASIAI0B
Importing 'GUID: 7e988a22b82d97847b9e8e3cf14a1526 - Path: Packages/com.unity.inputsystem/InputSystem/Runtime/Utilities/SavedState.cs - Importer: ScriptedImporter/UnityEditor.QuickSearchModule:UnityEditor.Search:ASIAI0B' with importer (ScriptedImporter : UnityEditor.QuickSearchModule:UnityEditor.Search:ASIAI0B)
Imported 'GUID: 7e988a22b82d97847b9e8e3cf14a1526' -> (Import Result ID: '0f3008673f715477393dfbac58c7f5ce') in 0.002 seconds [static and dynamic dependencies]. Details - ImportResultOutputID=f1242f2078d9d6141b44f9bdc04b7ddf DependenciesID=183285f58e78688dd96636c2ef8175ad StaticDependenciesID=987df098aad46c177895bad23612b568 
Number of updated asset objects reloaded before import = 0
Number of asset objects unloaded after import = 0
========================================================================
Received Import Request.
  Time of request: 2026-10-01T08:15:25.4739584Z
  Time since last request: 0.0003836 seconds.
  importAddress: GUID: af015677ecab4644b2382c6b37c2d95c - Path: Packages/com.unity.inputsystem/InputSystem/Runtime/Devices/InputDeviceChange.cs - Importer: ScriptedImporter/UnityEditor.QuickSearchModule:UnityEditor.Search:ASIAI0B
Importing 'GUID: af015677ecab4644b2382c6b37c2d95c - Path: Packages/com.unity.inputsystem/InputSystem/Runtime/Devices/InputDeviceChange.cs - Importer: ScriptedImporter/UnityEditor.QuickSearchModule:UnityEditor.Search:ASIAI0B' with importer (ScriptedImporter : UnityEditor.QuickSearchModule:UnityEditor.Search:ASIAI0B)
Imported 'GUID: af015677ecab4644b2382c6b37c2d95c' -> (Import Result ID: '8d716f8e99d9b452ffa98d257f691267') in 0.002 seconds [static and dynamic dependencies]. Details - ImportResultOutputID=dd9f422fb81d01afdc58b398d17c8c9b DependenciesID=01cff0ac68f08f1c18334d239af5b05b StaticDependenciesID=c4296886a40bcc20c0750d8112d4c3c1 
Number of updated asset objects reloaded before import = 0
Number of asset objects unloaded after import = 0
========================================================================
Received Import Request.
  Time of request: 2026-10-01T08:15:25.4841212Z
  Time since last request: 0.0003828 seconds.
  importAddress: GUID: 8ccfc0b2d0da54246a3a9a3938b52fa4 - Path: Packages/com.unity.inputsystem/InputSystem/Runtime/Events/InputEventStream.cs - Importer: ScriptedImporter/UnityEditor.QuickSearchModule:UnityEditor.Search:ASIAI0B
Importing 'GUID: 8ccfc0b2d0da54246a3a9a3938b52fa4 - Path: Packages/com.unity.inputsystem/InputSystem/Runtime/Events/InputEventStream.cs - Importer: ScriptedImporter/UnityEditor.QuickSearchModule:UnityEditor.Search:ASIAI0B' with importer (ScriptedImporter : UnityEditor.QuickSearchModule:UnityEditor.Search:ASIAI0B)
Imported 'GUID: 8ccfc0b2d0da54246a3a9a3938b52fa4' -> (Import Result ID: 'c8326913fc583c718a93837d34d74957') in 0.002 seconds [static and dynamic dependencies]. Details - ImportResultOutputID=a3175cfe46b8a9b3bcede04cbf1dd003 DependenciesID=72386619a56972cdb73fef8fc7af71e2 StaticDependenciesID=13f07b75ef08e75ca5b8e3211c14bec1 
Number of updated asset objects reloaded before import = 0
Number of asset objects unloaded after import = 0
========================================================================
Received Import Request.
  Time of request: 2026-10-01T08:15:25.4941142Z
  Time since last request: 0.0003784 seconds.
  importAddress: GUID: dda83392ceab4fddbb9f3c7dd5edde62 - Path: Packages/com.unity.inputsystem/InputSystem/Runtime/Events/TextEvent.cs - Importer: ScriptedImporter/UnityEditor.QuickSearchModule:UnityEditor.Search:ASIAI0B
Importing 'GUID: dda83392ceab4fddbb9f3c7dd5edde62 - Path: Packages/com.unity.inputsystem/InputSystem/Runtime/Events/TextEvent.cs - Importer: ScriptedImporter/UnityEditor.QuickSearchModule:UnityEditor.Search:ASIAI0B' with importer (ScriptedImporter : UnityEditor.QuickSearchModule:UnityEditor.Search:ASIAI0B)
Imported 'GUID: dda83392ceab4fddbb9f3c7dd5edde62' -> (Import Result ID: '3637344b0e2c37610cd163d5e25114d7') in 0.002 seconds [static and dynamic dependencies]. Details - ImportResultOutputID=ca822c846302b0ad3523c70f0a0207ff DependenciesID=5281b495dcf3d1087fc0a05e4160c3bc StaticDependenciesID=a7e684ee57296d62b0e683c0806c8bbc 
Number of updated asset objects reloaded before import = 0
Number of asset objects unloaded after import = 0
========================================================================
Received Import Request.
  Time of request: 2026-10-01T08:15:25.5038169Z
  Time since last request: 0.0003347 seconds.
  importAddress: GUID: 0e0c005ff24ec4cfb951eefa16239b9b - Path: Packages/com.unity.inputsystem/InputSystem/Runtime/Utilities/NamedValue.cs - Importer: ScriptedImporter/UnityEditor.QuickSearchModule:UnityEditor.Search:ASIAI0B
Importing 'GUID: 0e0c005ff24ec4cfb951eefa16239b9b - Path: Packages/com.unity.inputsystem/InputSystem/Runtime/Utilities/NamedValue.cs - Importer: ScriptedImporter/UnityEditor.QuickSearchModule:UnityEditor.Search:ASIAI0B' with importer (ScriptedImporter : UnityEditor.QuickSearchModule:UnityEditor.Search:ASIAI0B)
Imported 'GUID: 0e0c005ff24ec4cfb951eefa16239b9b' -> (Import Result ID: 'b4e179cb92fc3bee81de044a124d441f') in 0.002 seconds [static and dynamic dependencies]. Details - ImportResultOutputID=e4c0a4d78a5d31d443a86e6a1d2dd2cc DependenciesID=901e21be09a1ccccb90a4a3c3d071e00 StaticDependenciesID=e55c42ab52e0ac244f083d973f93830b 
Number of updated asset objects reloaded before import = 0
Number of asset objects unloaded after import = 0
========================================================================
Received Import Request.
  Time of request: 2026-10-01T08:15:25.5173394Z
  Time since last request: 0.0003556 seconds.
  importAddress: GUID: 98406e6253bf4ccba72ff32ee85f5efa - Path: Packages/com.unity.inputsystem/InputSystem/Runtime/Devices/InputDeviceDescription.cs - Importer: ScriptedImporter/UnityEditor.QuickSearchModule:UnityEditor.Search:ASIAI0B
Importing 'GUID: 98406e6253bf4ccba72ff32ee85f5efa - Path: Packages/com.unity.inputsystem/InputSystem/Runtime/Devices/InputDeviceDescription.cs - Importer: ScriptedImporter/UnityEditor.QuickSearchModule:UnityEditor.Search:ASIAI0B' with importer (ScriptedImporter : UnityEditor.QuickSearchModule:UnityEditor.Search:ASIAI0B)
Imported 'GUID: 98406e6253bf4ccba72ff32ee85f5efa' -> (Import Result ID: 'be1bb6f4205a726cc48e7aa8bdbb5905') in 0.002 seconds [static and dynamic dependencies]. Details - ImportResultOutputID=491235cea28a95d8c1ec22468ae2974c DependenciesID=0438e0ff0843100a5b6c6ac09f4176a0 StaticDependenciesID=08942f898b14522ec812c053b5b09b82 
Number of updated asset objects reloaded before import = 0
Number of asset objects unloaded after import = 0
========================================================================
Received Import Request.
  Time of request: 2026-10-01T08:15:25.5291046Z
  Time since last request: 0.0003207 seconds.
  importAddress: GUID: 760fac1b814a4d99a4fc534934e4dc99 - Path: Packages/com.unity.inputsystem/InputSystem/Runtime/Utilities/MemoryHelpers.cs - Importer: ScriptedImporter/UnityEditor.QuickSearchModule:UnityEditor.Search:ASIAI0B
Importing 'GUID: 760fac1b814a4d99a4fc534934e4dc99 - Path: Packages/com.unity.inputsystem/InputSystem/Runtime/Utilities/MemoryHelpers.cs - Importer: ScriptedImporter/UnityEditor.QuickSearchModule:UnityEditor.Search:ASIAI0B' with importer (ScriptedImporter : UnityEditor.QuickSearchModule:UnityEditor.Search:ASIAI0B)
Imported 'GUID: 760fac1b814a4d99a4fc534934e4dc99' -> (Import Result ID: 'bdf8148478c1ab2a13e460c60a9d1f14') in 0.002 seconds [static and dynamic dependencies]. Details - ImportResultOutputID=9976aa68ece4a7a158d0be1d3a33ec41 DependenciesID=4442feb5c74595d5a98f504fb8ac1319 StaticDependenciesID=ad22098f3d58c952b5c28b55373844c3 
Number of updated asset objects reloaded before import = 0
Number of asset objects unloaded after import = 0
========================================================================
Received Import Request.
  Time of request: 2026-10-01T08:15:25.5528216Z
  Time since last request: 0.0139728 seconds.
  importAddress: GUID: 47cf506b4219343519083fe1c0b8fc9c - Path: Packages/com.unity.inputsystem/InputSystem/Editor/AssetEditor/PackageResources/yellow.png - Importer: ScriptedImporter/UnityEditor.QuickSearchModule:UnityEditor.Search:ASIAI0B
Importing 'GUID: 47cf506b4219343519083fe1c0b8fc9c - Path: Packages/com.unity.inputsystem/InputSystem/Editor/AssetEditor/PackageResources/yellow.png - Importer: ScriptedImporter/UnityEditor.QuickSearchModule:UnityEditor.Search:ASIAI0B' with importer (ScriptedImporter : UnityEditor.QuickSearchModule:UnityEditor.Search:ASIAI0B)
Imported 'GUID: 47cf506b4219343519083fe1c0b8fc9c' -> (Import Result ID: 'f0a8d5b31a52f437f44c3bc5a7e07102') in 0.004 seconds [static and dynamic dependencies]. Details - ImportResultOutputID=ccbfdd422251e9f361a2a2e39687a655 DependenciesID=8f7617c5486488c02c4ccd0bd5d4d748 StaticDependenciesID=bb97c87dd5d8c03d81ef65cb8eb0d755 
Number of updated asset objects reloaded before import = 0
Number of asset objects unloaded after import = 1
========================================================================
Received Import Request.
  Time of request: 2026-10-01T08:15:25.5884095Z
  Time since last request: 0.0202544 seconds.
  importAddress: GUID: 9c9510ff4a99bf84c9277bf2182a67d5 - Path: Packages/com.unity.inputsystem/InputSystem/Editor/UITKAssetEditor/Views/BindingPropertiesView.cs - Importer: ScriptedImporter/UnityEditor.QuickSearchModule:UnityEditor.Search:ASIAI0B
Importing 'GUID: 9c9510ff4a99bf84c9277bf2182a67d5 - Path: Packages/com.unity.inputsystem/InputSystem/Editor/UITKAssetEditor/Views/BindingPropertiesView.cs - Importer: ScriptedImporter/UnityEditor.QuickSearchModule:UnityEditor.Search:ASIAI0B' with importer (ScriptedImporter : UnityEditor.QuickSearchModule:UnityEditor.Search:ASIAI0B)
Imported 'GUID: 9c9510ff4a99bf84c9277bf2182a67d5' -> (Import Result ID: 'abd1bf3cce55955bbe4d7b1d67d9cf7f') in 0.002 seconds [static and dynamic dependencies]. Details - ImportResultOutputID=c440bdccc2267e29e60fc5913ce728f4 DependenciesID=cefc3d4a74ce76d7f5f495d848ea4adc StaticDependenciesID=c75e8cb3de736941d16996350beb87f8 
Number of updated asset objects reloaded before import = 0
Number of asset objects unloaded after import = 0
========================================================================
Received Import Request.
  Time of request: 2026-10-01T08:15:25.5989708Z
  Time since last request: 0.0002767 seconds.
  importAddress: GUID: 900c2de771722c542b5857931181ab2f - Path: Packages/com.unity.inputsystem/InputSystem/Editor/UITKAssetEditor/Views/ViewBase.cs - Importer: ScriptedImporter/UnityEditor.QuickSearchModule:UnityEditor.Search:ASIAI0B
Importing 'GUID: 900c2de771722c542b5857931181ab2f - Path: Packages/com.unity.inputsystem/InputSystem/Editor/UITKAssetEditor/Views/ViewBase.cs - Importer: ScriptedImporter/UnityEditor.QuickSearchModule:UnityEditor.Search:ASIAI0B' with importer (ScriptedImporter : UnityEditor.QuickSearchModule:UnityEditor.Search:ASIAI0B)
Imported 'GUID: 900c2de771722c542b5857931181ab2f' -> (Import Result ID: 'de9b051b7362c2be29c8281b165cc7e4') in 0.002 seconds [static and dynamic dependencies]. Details - ImportResultOutputID=a4b0393ce05b8e6f31c5a74e93b2c526 DependenciesID=46342f481f263545fbc04e587f1f6a1f StaticDependenciesID=65d71b79ffc52d87b1253616bcf1fd17 
Number of updated asset objects reloaded before import = 0
Number of asset objects unloaded after import = 0
========================================================================
Received Import Request.
  Time of request: 2026-10-01T08:15:25.6101945Z
  Time since last request: 0.0003477 seconds.
  importAddress: GUID: 303ef5b13740f9a4db252c50122d2c62 - Path: Packages/com.unity.inputsystem/InputSystem/Editor/UITKAssetEditor/PackageResources/ControlSchemeEditor.uxml - Importer: ScriptedImporter/UnityEditor.QuickSearchModule:UnityEditor.Search:ASIAI0B
Importing 'GUID: 303ef5b13740f9a4db252c50122d2c62 - Path: Packages/com.unity.inputsystem/InputSystem/Editor/UITKAssetEditor/PackageResources/ControlSchemeEditor.uxml - Importer: ScriptedImporter/UnityEditor.QuickSearchModule:UnityEditor.Search:ASIAI0B' with importer (ScriptedImporter : UnityEditor.QuickSearchModule:UnityEditor.Search:ASIAI0B)
Imported 'GUID: 303ef5b13740f9a4db252c50122d2c62' -> (Import Result ID: '73548baf640771a259889b44d1554adb') in 0.090 seconds [static and dynamic dependencies]. Details - ImportResultOutputID=bc0562c4321e3aaf6b20393bcc8267fc DependenciesID=10a83fe97a5b842dc7a4115620acc385 StaticDependenciesID=31175e4e80cb80eb3defb0fbda273e8a 
Number of updated asset objects reloaded before import = 0
Number of asset objects unloaded after import = 2
========================================================================
Received Import Request.
  Time of request: 2026-10-01T08:15:25.7274944Z
  Time since last request: 0.0182879 seconds.
  importAddress: GUID: cdc588cfee2e9a84a9d748fb7314daff - Path: Packages/com.unity.inputsystem/InputSystem/Editor/UITKAssetEditor/Views/ViewStateCollection.cs - Importer: ScriptedImporter/UnityEditor.QuickSearchModule:UnityEditor.Search:ASIAI0B
Importing 'GUID: cdc588cfee2e9a84a9d748fb7314daff - Path: Packages/com.unity.inputsystem/InputSystem/Editor/UITKAssetEditor/Views/ViewStateCollection.cs - Importer: ScriptedImporter/UnityEditor.QuickSearchModule:UnityEditor.Search:ASIAI0B' with importer (ScriptedImporter : UnityEditor.QuickSearchModule:UnityEditor.Search:ASIAI0B)
Imported 'GUID: cdc588cfee2e9a84a9d748fb7314daff' -> (Import Result ID: '891627807b4fd9519f77d82c51e2fc64') in 0.002 seconds [static and dynamic dependencies]. Details - ImportResultOutputID=4878745aa0d6f76b7f2c09d9798f0d22 DependenciesID=a0b0d51e8d561d7f9ffbedeaed25067a StaticDependenciesID=ee4d9ca70235d5509a1c97845a9fe292 
Number of updated asset objects reloaded before import = 0
Number of asset objects unloaded after import = 0
========================================================================
Received Import Request.
  Time of request: 2026-10-01T08:15:25.7386799Z
  Time since last request: 0.0003055 seconds.
  importAddress: GUID: 830105192d35a17469c56711468d1e8f - Path: Packages/com.unity.inputsystem/InputSystem/Runtime/Plugins/Android/AndroidSensors.cs - Importer: ScriptedImporter/UnityEditor.QuickSearchModule:UnityEditor.Search:ASIAI0B
Importing 'GUID: 830105192d35a17469c56711468d1e8f - Path: Packages/com.unity.inputsystem/InputSystem/Runtime/Plugins/Android/AndroidSensors.cs - Importer: ScriptedImporter/UnityEditor.QuickSearchModule:UnityEditor.Search:ASIAI0B' with importer (ScriptedImporter : UnityEditor.QuickSearchModule:UnityEditor.Search:ASIAI0B)
Imported 'GUID: 830105192d35a17469c56711468d1e8f' -> (Import Result ID: '35c2ed32de8ef2be44bb001d9c9b61ab') in 0.002 seconds [static and dynamic dependencies]. Details - ImportResultOutputID=bbb4c03b0233f87483487947f125d8a2 DependenciesID=e4e6860583f98c0deea0b2c5f87ecf66 StaticDependenciesID=adc895973db7c109cd88220991fefe8d 
Number of updated asset objects reloaded before import = 0
Number of asset objects unloaded after import = 0
========================================================================
Received Import Request.
  Time of request: 2026-10-01T08:15:25.7480357Z
  Time since last request: 0.0003927 seconds.
  importAddress: GUID: 6c784a1510a154625903484b84c8ddaf - Path: Packages/com.unity.inputsystem/InputSystem/Runtime/Devices/Commands/QueryUserIdCommand.cs - Importer: ScriptedImporter/UnityEditor.QuickSearchModule:UnityEditor.Search:ASIAI0B
Importing 'GUID: 6c784a1510a154625903484b84c8ddaf - Path: Packages/com.unity.inputsystem/InputSystem/Runtime/Devices/Commands/QueryUserIdCommand.cs - Importer: ScriptedImporter/UnityEditor.QuickSearchModule:UnityEditor.Search:ASIAI0B' with importer (ScriptedImporter : UnityEditor.QuickSearchModule:UnityEditor.Search:ASIAI0B)
Imported 'GUID: 6c784a1510a154625903484b84c8ddaf' -> (Import Result ID: '9f63e20ac046df3ce3fc04faeb723347') in 0.002 seconds [static and dynamic dependencies]. Details - ImportResultOutputID=27edf8926531321e6def9b1b2a613501 DependenciesID=19aecceebf71c9516ca517d2dd5544ec StaticDependenciesID=5db0e47250e40259d0562e73d0cfb4ad 
Number of updated asset objects reloaded before import = 0
Number of asset objects unloaded after import = 0
========================================================================
Received Import Request.
  Time of request: 2026-10-01T08:15:25.7586213Z
  Time since last request: 0.0002408 seconds.
  importAddress: GUID: 30858d79688750445a07107b96c917fe - Path: Packages/com.unity.inputsystem/InputSystem/Runtime/Devices/Precompiled/FastTouchscreen.cs - Importer: ScriptedImporter/UnityEditor.QuickSearchModule:UnityEditor.Search:ASIAI0B
Importing 'GUID: 30858d79688750445a07107b96c917fe - Path: Packages/com.unity.inputsystem/InputSystem/Runtime/Devices/Precompiled/FastTouchscreen.cs - Importer: ScriptedImporter/UnityEditor.QuickSearchModule:UnityEditor.Search:ASIAI0B' with importer (ScriptedImporter : UnityEditor.QuickSearchModule:UnityEditor.Search:ASIAI0B)
Imported 'GUID: 30858d79688750445a07107b96c917fe' -> (Import Result ID: 'fa452f5685522f72214d4dc2c04e12a0') in 0.002 seconds [static and dynamic dependencies]. Details - ImportResultOutputID=184339866e20a3d9b4f18601f031c055 DependenciesID=62fa028dd3e87b2ab376b4b7949b7b0d StaticDependenciesID=06862b27a46945fca675d84793f0e17c 
Number of updated asset objects reloaded before import = 0
Number of asset objects unloaded after import = 0
========================================================================
Received Import Request.
  Time of request: 2026-10-01T08:15:25.7691255Z
  Time since last request: 0.0004677 seconds.
  importAddress: GUID: 4e9c0b68df9234a0bad68ad7e0391330 - Path: Packages/com.unity.inputsystem/InputSystem/Runtime/Actions/Composites/Vector2Composite.cs - Importer: ScriptedImporter/UnityEditor.QuickSearchModule:UnityEditor.Search:ASIAI0B
Importing 'GUID: 4e9c0b68df9234a0bad68ad7e0391330 - Path: Packages/com.unity.inputsystem/InputSystem/Runtime/Actions/Composites/Vector2Composite.cs - Importer: ScriptedImporter/UnityEditor.QuickSearchModule:UnityEditor.Search:ASIAI0B' with importer (ScriptedImporter : UnityEditor.QuickSearchModule:UnityEditor.Search:ASIAI0B)
Imported 'GUID: 4e9c0b68df9234a0bad68ad7e0391330' -> (Import Result ID: 'bb04e02a0e7e9d41354175516cbbecba') in 0.001 seconds [static and dynamic dependencies]. Details - ImportResultOutputID=758b683123c9c04739a017c0d96d855b DependenciesID=ca32514d9661ae3665e99ef761a80ec4 StaticDependenciesID=b25ecb3c786741e67f44e77781001b62 
Number of updated asset objects reloaded before import = 0
Number of asset objects unloaded after import = 0
========================================================================
Received Import Request.
  Time of request: 2026-10-01T08:15:25.7789398Z
  Time since last request: 0.0003932 seconds.
  importAddress: GUID: 98590516d066443e58df0deff4a95b21 - Path: Packages/com.unity.inputsystem/InputSystem/Runtime/Controls/Processors/ScaleProcessor.cs - Importer: ScriptedImporter/UnityEditor.QuickSearchModule:UnityEditor.Search:ASIAI0B
Importing 'GUID: 98590516d066443e58df0deff4a95b21 - Path: Packages/com.unity.inputsystem/InputSystem/Runtime/Controls/Processors/ScaleProcessor.cs - Importer: ScriptedImporter/UnityEditor.QuickSearchModule:UnityEditor.Search:ASIAI0B' with importer (ScriptedImporter : UnityEditor.QuickSearchModule:UnityEditor.Search:ASIAI0B)
Imported 'GUID: 98590516d066443e58df0deff4a95b21' -> (Import Result ID: 'b19dd98e88e579849608f553e0998c0b') in 0.002 seconds [static and dynamic dependencies]. Details - ImportResultOutputID=2be19bd1489dedc1caf0ef2776bec54a DependenciesID=3f37d02326bc6dcf64cb066dffbf4a41 StaticDependenciesID=c236123896ceb3f9d991947e254d0874 
Number of updated asset objects reloaded before import = 0
Number of asset objects unloaded after import = 0
========================================================================
Received Import Request.
  Time of request: 2026-10-01T08:15:25.7899067Z
  Time since last request: 0.0002776 seconds.
  importAddress: GUID: 3894aabfd6ab70245859fa873e1a6552 - Path: Packages/com.unity.inputsystem/InputSystem/Runtime/Devices/Commands/SetSamplingFrequencyCommand.cs - Importer: ScriptedImporter/UnityEditor.QuickSearchModule:UnityEditor.Search:ASIAI0B
Importing 'GUID: 3894aabfd6ab70245859fa873e1a6552 - Path: Packages/com.unity.inputsystem/InputSystem/Runtime/Devices/Commands/SetSamplingFrequencyCommand.cs - Importer: ScriptedImporter/UnityEditor.QuickSearchModule:UnityEditor.Search:ASIAI0B' with importer (ScriptedImporter : UnityEditor.QuickSearchModule:UnityEditor.Search:ASIAI0B)
Imported 'GUID: 3894aabfd6ab70245859fa873e1a6552' -> (Import Result ID: '2ea377cd6a84bbaadabf561f3970f957') in 0.002 seconds [static and dynamic dependencies]. Details - ImportResultOutputID=88e6da9adec4eab3b6bd467fa1d371ea DependenciesID=6eff88649ac17b3ba108d4e9ab896320 StaticDependenciesID=7b3238275a3aa5bc0e0ebd3ecef607dd 
Number of updated asset objects reloaded before import = 0
Number of asset objects unloaded after import = 0
========================================================================
Received Import Request.
  Time of request: 2026-10-01T08:15:25.8127943Z
  Time since last request: 0.0132095 seconds.
  importAddress: GUID: 2f971d46c202b4b7a90865bf5600683f - Path: Packages/com.unity.inputsystem/InputSystem/Runtime/Plugins/Steam/SteamHandle.cs - Importer: ScriptedImporter/UnityEditor.QuickSearchModule:UnityEditor.Search:ASIAI0B
Importing 'GUID: 2f971d46c202b4b7a90865bf5600683f - Path: Packages/com.unity.inputsystem/InputSystem/Runtime/Plugins/Steam/SteamHandle.cs - Importer: ScriptedImporter/UnityEditor.QuickSearchModule:UnityEditor.Search:ASIAI0B' with importer (ScriptedImporter : UnityEditor.QuickSearchModule:UnityEditor.Search:ASIAI0B)
Imported 'GUID: 2f971d46c202b4b7a90865bf5600683f' -> (Import Result ID: '1db7b2b6730c172159052367460f43c5') in 0.002 seconds [static and dynamic dependencies]. Details - ImportResultOutputID=f3c49c5e3304f6cc99089fa35ba08743 DependenciesID=341061a5d07c40c939461a46b74c2eae StaticDependenciesID=0f28bc773b98ee1f581906bbfe254573 
Number of updated asset objects reloaded before import = 0
Number of asset objects unloaded after import = 0
========================================================================
Received Import Request.
  Time of request: 2026-10-01T08:15:25.8242034Z
  Time since last request: 0.0005389 seconds.
  importAddress: GUID: 3c197002ad4232e46b0c55f74469fa03 - Path: Packages/com.unity.inputsystem/InputSystem/Runtime/Plugins/Switch/SwitchProControllerHID.cs - Importer: ScriptedImporter/UnityEditor.QuickSearchModule:UnityEditor.Search:ASIAI0B
Importing 'GUID: 3c197002ad4232e46b0c55f74469fa03 - Path: Packages/com.unity.inputsystem/InputSystem/Runtime/Plugins/Switch/SwitchProControllerHID.cs - Importer: ScriptedImporter/UnityEditor.QuickSearchModule:UnityEditor.Search:ASIAI0B' with importer (ScriptedImporter : UnityEditor.QuickSearchModule:UnityEditor.Search:ASIAI0B)
Imported 'GUID: 3c197002ad4232e46b0c55f74469fa03' -> (Import Result ID: '6eaf9b22f537e0ef16c3218fa9b66c7c') in 0.002 seconds [static and dynamic dependencies]. Details - ImportResultOutputID=0aa56aad7fdf269619250f982334b2c7 DependenciesID=142a3b84adef9f8a6e860fc955ca54ee StaticDependenciesID=b6509a4819962623c1c92c65b537296e 
Number of updated asset objects reloaded before import = 0
Number of asset objects unloaded after import = 0
========================================================================
Received Import Request.
  Time of request: 2026-10-01T08:15:25.8367485Z
  Time since last request: 0.0005028 seconds.
  importAddress: GUID: e78bab4d8055a47fd933966a032e34ef - Path: Packages/com.unity.inputsystem/InputSystem/Runtime/Plugins/WebGL/WebGLGamepad.cs - Importer: ScriptedImporter/UnityEditor.QuickSearchModule:UnityEditor.Search:ASIAI0B
Importing 'GUID: e78bab4d8055a47fd933966a032e34ef - Path: Packages/com.unity.inputsystem/InputSystem/Runtime/Plugins/WebGL/WebGLGamepad.cs - Importer: ScriptedImporter/UnityEditor.QuickSearchModule:UnityEditor.Search:ASIAI0B' with importer (ScriptedImporter : UnityEditor.QuickSearchModule:UnityEditor.Search:ASIAI0B)
Imported 'GUID: e78bab4d8055a47fd933966a032e34ef' -> (Import Result ID: '9c18b895d3d243f6fd0fe4691da40cc2') in 0.002 seconds [static and dynamic dependencies]. Details - ImportResultOutputID=b56f6a578a857791734e8bf08ff479eb DependenciesID=c5254a0b4de4361ebc6d81f4eb86f08e StaticDependenciesID=9db235595a3cad28c11b5719691fed00 
Number of updated asset objects reloaded before import = 0
Number of asset objects unloaded after import = 0
========================================================================
Received Import Request.
  Time of request: 2026-10-01T08:15:25.8465315Z
  Time since last request: 0.0004265 seconds.
  importAddress: GUID: e9d677f1681015749b15c436eec6d880 - Path: Packages/com.unity.inputsystem/InputSystem/Runtime/Plugins/OnScreen/OnScreenStick.cs - Importer: ScriptedImporter/UnityEditor.QuickSearchModule:UnityEditor.Search:ASIAI0B
Importing 'GUID: e9d677f1681015749b15c436eec6d880 - Path: Packages/com.unity.inputsystem/InputSystem/Runtime/Plugins/OnScreen/OnScreenStick.cs - Importer: ScriptedImporter/UnityEditor.QuickSearchModule:UnityEditor.Search:ASIAI0B' with importer (ScriptedImporter : UnityEditor.QuickSearchModule:UnityEditor.Search:ASIAI0B)
Imported 'GUID: e9d677f1681015749b15c436eec6d880' -> (Import Result ID: '61fa0b2bb8854e61a4ede2e6cfa3c908') in 0.002 seconds [static and dynamic dependencies]. Details - ImportResultOutputID=2473aee637b86cdc0f3504497d8519c2 DependenciesID=9730782ab446e5468f1fed134427d4a2 StaticDependenciesID=685dd2ab11c516d8c41417d8cc88a108 
Number of updated asset objects reloaded before import = 0
Number of asset objects unloaded after import = 0
========================================================================
Received Import Request.
  Time of request: 2026-10-01T08:15:25.8565081Z
  Time since last request: 0.0003684 seconds.
  importAddress: GUID: 92ae37f8da4c25141a0c43e136275e46 - Path: Packages/com.unity.inputsystem/InputSystem/Runtime/Plugins/OnScreen/OnScreenControl.cs - Importer: ScriptedImporter/UnityEditor.QuickSearchModule:UnityEditor.Search:ASIAI0B
Importing 'GUID: 92ae37f8da4c25141a0c43e136275e46 - Path: Packages/com.unity.inputsystem/InputSystem/Runtime/Plugins/OnScreen/OnScreenControl.cs - Importer: ScriptedImporter/UnityEditor.QuickSearchModule:UnityEditor.Search:ASIAI0B' with importer (ScriptedImporter : UnityEditor.QuickSearchModule:UnityEditor.Search:ASIAI0B)
Imported 'GUID: 92ae37f8da4c25141a0c43e136275e46' -> (Import Result ID: 'fbcf050871165604619cfd5d02bb99f3') in 0.002 seconds [static and dynamic dependencies]. Details - ImportResultOutputID=15c5bc52d071e7422ca45b3b39178e7a DependenciesID=bddcf69d413ea1960bb3adae674313a4 StaticDependenciesID=02a6b19cf857d658fe7066fd8447ff89 
Number of updated asset objects reloaded before import = 0
Number of asset objects unloaded after import = 0
========================================================================
Received Import Request.
  Time of request: 2026-10-01T08:15:25.8674039Z
  Time since last request: 0.0003567 seconds.
  importAddress: GUID: fa26399d579948dd90c6ff298cdb0570 - Path: Packages/com.unity.inputsystem/InputSystem/Runtime/Plugins/DualShock/DualShockSupport.cs - Importer: ScriptedImporter/UnityEditor.QuickSearchModule:UnityEditor.Search:ASIAI0B
Importing 'GUID: fa26399d579948dd90c6ff298cdb0570 - Path: Packages/com.unity.inputsystem/InputSystem/Runtime/Plugins/DualShock/DualShockSupport.cs - Importer: ScriptedImporter/UnityEditor.QuickSearchModule:UnityEditor.Search:ASIAI0B' with importer (ScriptedImporter : UnityEditor.QuickSearchModule:UnityEditor.Search:ASIAI0B)
Imported 'GUID: fa26399d579948dd90c6ff298cdb0570' -> (Import Result ID: 'f4f18db38040471cf364b55a312aeecc') in 0.002 seconds [static and dynamic dependencies]. Details - ImportResultOutputID=7213f85ba00d6267e5a768e2a7bd84a8 DependenciesID=e9cb828a55b4715b9f8b19bf011e6744 StaticDependenciesID=751141f81f9b087904a974b8b77812c0 
Number of updated asset objects reloaded before import = 0
Number of asset objects unloaded after import = 0
========================================================================
Received Import Request.
  Time of request: 2026-10-01T08:15:25.8778627Z
  Time since last request: 0.0002744 seconds.
  importAddress: GUID: a736049645e8c4781aedf679c2ee6be6 - Path: Packages/com.unity.inputsystem/InputSystem/Runtime/Plugins/HID/HIDParser.cs - Importer: ScriptedImporter/UnityEditor.QuickSearchModule:UnityEditor.Search:ASIAI0B
Importing 'GUID: a736049645e8c4781aedf679c2ee6be6 - Path: Packages/com.unity.inputsystem/InputSystem/Runtime/Plugins/HID/HIDParser.cs - Importer: ScriptedImporter/UnityEditor.QuickSearchModule:UnityEditor.Search:ASIAI0B' with importer (ScriptedImporter : UnityEditor.QuickSearchModule:UnityEditor.Search:ASIAI0B)
Imported 'GUID: a736049645e8c4781aedf679c2ee6be6' -> (Import Result ID: 'b8da7db1fa38f3eb012fbc7d1eca0993') in 0.002 seconds [static and dynamic dependencies]. Details - ImportResultOutputID=378315a8d672968cde4a90073756ccef DependenciesID=502aed1cde137dd6c5444ad292067832 StaticDependenciesID=38cd09274531268f3c224523169683f9 
Number of updated asset objects reloaded before import = 0
Number of asset objects unloaded after import = 0
========================================================================
Received Import Request.
  Time of request: 2026-10-01T08:15:25.8874927Z
  Time since last request: 0.0002783 seconds.
  importAddress: GUID: 7ffe30fd9a2d64031a59c21418fb2067 - Path: Packages/com.unity.inputsystem/InputSystem/Runtime/Plugins/Steam/SteamControllerType.cs - Importer: ScriptedImporter/UnityEditor.QuickSearchModule:UnityEditor.Search:ASIAI0B
Importing 'GUID: 7ffe30fd9a2d64031a59c21418fb2067 - Path: Packages/com.unity.inputsystem/InputSystem/Runtime/Plugins/Steam/SteamControllerType.cs - Importer: ScriptedImporter/UnityEditor.QuickSearchModule:UnityEditor.Search:ASIAI0B' with importer (ScriptedImporter : UnityEditor.QuickSearchModule:UnityEditor.Search:ASIAI0B)
Imported 'GUID: 7ffe30fd9a2d64031a59c21418fb2067' -> (Import Result ID: 'd9eac39c0f25a9a21c8a42e541203467') in 0.002 seconds [static and dynamic dependencies]. Details - ImportResultOutputID=2f1884c94fc4713d6d006b5971a3576e DependenciesID=8d1ed3c1f4e86331d749190cd8bdb21c StaticDependenciesID=d18de8becd110da6fc4bd0a269c3dff0 
Number of updated asset objects reloaded before import = 0
Number of asset objects unloaded after import = 0
========================================================================
Received Import Request.
  Time of request: 2026-10-01T08:15:25.9172105Z
  Time since last request: 0.018493 seconds.
  importAddress: GUID: cd0037c3364f08f44991688f5dacb32e - Path: Packages/com.unity.visualscripting/Graphics/ExtensionMethod_16x.ai - Importer: ScriptedImporter/UnityEditor.QuickSearchModule:UnityEditor.Search:ASIAI0B
Importing 'GUID: cd0037c3364f08f44991688f5dacb32e - Path: Packages/com.unity.visualscripting/Graphics/ExtensionMethod_16x.ai - Importer: ScriptedImporter/UnityEditor.QuickSearchModule:UnityEditor.Search:ASIAI0B' with importer (ScriptedImporter : UnityEditor.QuickSearchModule:UnityEditor.Search:ASIAI0B)
Imported 'GUID: cd0037c3364f08f44991688f5dacb32e' -> (Import Result ID: '2acdc5b32b406833ce0a9b48f1e87c78') in 0.002 seconds [static and dynamic dependencies]. Details - ImportResultOutputID=c18037bcc6b7405ca7112ee34ab612c7 DependenciesID=e33156679af229455d220d1c645e2565 StaticDependenciesID=0fef627c30ffc67cc5e2fcc0d95e01fe 
Number of updated asset objects reloaded before import = 0
Number of asset objects unloaded after import = 1
========================================================================
Received Import Request.
  Time of request: 2026-10-01T08:15:25.9273353Z
  Time since last request: 0.0003946 seconds.
  importAddress: GUID: 92b3f5ed3a3e41daaf0bed64ebc854d9 - Path: Packages/com.unity.inputsystem/InputSystem/Runtime/Utilities/Observables/Observer.cs - Importer: ScriptedImporter/UnityEditor.QuickSearchModule:UnityEditor.Search:ASIAI0B
Importing 'GUID: 92b3f5ed3a3e41daaf0bed64ebc854d9 - Path: Packages/com.unity.inputsystem/InputSystem/Runtime/Utilities/Observables/Observer.cs - Importer: ScriptedImporter/UnityEditor.QuickSearchModule:UnityEditor.Search:ASIAI0B' with importer (ScriptedImporter : UnityEditor.QuickSearchModule:UnityEditor.Search:ASIAI0B)
Imported 'GUID: 92b3f5ed3a3e41daaf0bed64ebc854d9' -> (Import Result ID: '5860a15489cdad68cb1e7a0783cdf9f8') in 0.002 seconds [static and dynamic dependencies]. Details - ImportResultOutputID=4fad05d550f98d0318d8ee4d342f8119 DependenciesID=6789c44599b92a300afe8679ccc7ca7d StaticDependenciesID=16902e583fc5271f99e21bc1c39c7a86 
Number of updated asset objects reloaded before import = 0
Number of asset objects unloaded after import = 0
========================================================================
Received Import Request.
  Time of request: 2026-10-01T08:15:25.9385404Z
  Time since last request: 0.0005596 seconds.
  importAddress: GUID: 5ab69704aa4984b49bc426da72fabbed - Path: Packages/com.unity.inputsystem/InputSystem/Editor/AssetEditor/PackageResources/personal/foldoutBackground.png - Importer: ScriptedImporter/UnityEditor.QuickSearchModule:UnityEditor.Search:ASIAI0B
Importing 'GUID: 5ab69704aa4984b49bc426da72fabbed - Path: Packages/com.unity.inputsystem/InputSystem/Editor/AssetEditor/PackageResources/personal/foldoutBackground.png - Importer: ScriptedImporter/UnityEditor.QuickSearchModule:UnityEditor.Search:ASIAI0B' with importer (ScriptedImporter : UnityEditor.QuickSearchModule:UnityEditor.Search:ASIAI0B)
Imported 'GUID: 5ab69704aa4984b49bc426da72fabbed' -> (Import Result ID: 'e5221c55a8a951d692ef24ef38c15caf') in 0.005 seconds [static and dynamic dependencies]. Details - ImportResultOutputID=e73bdbc72ed7ce33facd4874eb63b343 DependenciesID=4e99cc77a7f43eac3397aeeeca5ed3bb StaticDependenciesID=b278a29f513c9c7ba277da8cb38ad8c1 
Number of updated asset objects reloaded before import = 0
Number of asset objects unloaded after import = 1
========================================================================
Received Import Request.
  Time of request: 2026-10-01T08:15:25.9555524Z
  Time since last request: 0.0002516 seconds.
  importAddress: GUID: cf632ed80bf1f46c980de6b1b8b903ef - Path: Packages/com.unity.inputsystem/InputSystem/Editor/AssetEditor/PackageResources/personal/actionTreeBackgroundWithoutBorder.png - Importer: ScriptedImporter/UnityEditor.QuickSearchModule:UnityEditor.Search:ASIAI0B
Importing 'GUID: cf632ed80bf1f46c980de6b1b8b903ef - Path: Packages/com.unity.inputsystem/InputSystem/Editor/AssetEditor/PackageResources/personal/actionTreeBackgroundWithoutBorder.png - Importer: ScriptedImporter/UnityEditor.QuickSearchModule:UnityEditor.Search:ASIAI0B' with importer (ScriptedImporter : UnityEditor.QuickSearchModule:UnityEditor.Search:ASIAI0B)
Imported 'GUID: cf632ed80bf1f46c980de6b1b8b903ef' -> (Import Result ID: 'd2f4c7289792b3610829516183e37d4d') in 0.007 seconds [static and dynamic dependencies]. Details - ImportResultOutputID=1331871d1ba8808148ab45dc88a63cce DependenciesID=8de1f4a9248c3f1257c56e2325cc01d7 StaticDependenciesID=1f11bd1ab8b20024f15091dcd07e1254 
Number of updated asset objects reloaded before import = 0
Number of asset objects unloaded after import = 1
========================================================================
Received Import Request.
  Time of request: 2026-10-01T08:15:25.9746164Z
  Time since last request: 0.0024172 seconds.
  importAddress: GUID: 87170d6a42571c440b520411bfeb3af5 - Path: Packages/com.unity.visualscripting/Graphics/FlowPorts_24x.afphoto - Importer: ScriptedImporter/UnityEditor.QuickSearchModule:UnityEditor.Search:ASIAI0B
Importing 'GUID: 87170d6a42571c440b520411bfeb3af5 - Path: Packages/com.unity.visualscripting/Graphics/FlowPorts_24x.afphoto - Importer: ScriptedImporter/UnityEditor.QuickSearchModule:UnityEditor.Search:ASIAI0B' with importer (ScriptedImporter : UnityEditor.QuickSearchModule:UnityEditor.Search:ASIAI0B)
Imported 'GUID: 87170d6a42571c440b520411bfeb3af5' -> (Import Result ID: 'c16c74363e5e5a15e990276ae06047ab') in 0.002 seconds [static and dynamic dependencies]. Details - ImportResultOutputID=936e6b9df885a52b89df9b1ce8fc1f2c DependenciesID=9f5d2e0e8762f75ae42dc3a213b897ab StaticDependenciesID=0ae8ef2095c6dab95914cdb15dda8846 
Number of updated asset objects reloaded before import = 0
Number of asset objects unloaded after import = 1
========================================================================
Received Import Request.
  Time of request: 2026-10-01T08:15:25.9851324Z
  Time since last request: 0.000408 seconds.
  importAddress: GUID: d29ceac7c5137ce448ed2c50bd46467c - Path: Packages/com.unity.visualscripting/Graphics/FlowPorts_12x.afphoto - Importer: ScriptedImporter/UnityEditor.QuickSearchModule:UnityEditor.Search:ASIAI0B
Importing 'GUID: d29ceac7c5137ce448ed2c50bd46467c - Path: Packages/com.unity.visualscripting/Graphics/FlowPorts_12x.afphoto - Importer: ScriptedImporter/UnityEditor.QuickSearchModule:UnityEditor.Search:ASIAI0B' with importer (ScriptedImporter : UnityEditor.QuickSearchModule:UnityEditor.Search:ASIAI0B)
Imported 'GUID: d29ceac7c5137ce448ed2c50bd46467c' -> (Import Result ID: 'e4a71df9dd0de466becb6f7b9e7a4469') in 0.002 seconds [static and dynamic dependencies]. Details - ImportResultOutputID=179cc95fa5eab6c47bcbbb2cfa6cf394 DependenciesID=f342a0abaa02035fcd0661d1cb267b75 StaticDependenciesID=46b77687eb16b3f53fa1c8a592028c49 
Number of updated asset objects reloaded before import = 0
Number of asset objects unloaded after import = 1
========================================================================
Received Import Request.
  Time of request: 2026-10-01T08:15:25.9951768Z
  Time since last request: 0.0003794 seconds.
  importAddress: GUID: 0049e966b9953774fa3d07808a5555a9 - Path: Packages/com.unity.inputsystem/InputSystem/Runtime/Plugins/XR/Haptics/GetCurrentHapticStateCommand.cs - Importer: ScriptedImporter/UnityEditor.QuickSearchModule:UnityEditor.Search:ASIAI0B
Importing 'GUID: 0049e966b9953774fa3d07808a5555a9 - Path: Packages/com.unity.inputsystem/InputSystem/Runtime/Plugins/XR/Haptics/GetCurrentHapticStateCommand.cs - Importer: ScriptedImporter/UnityEditor.QuickSearchModule:UnityEditor.Search:ASIAI0B' with importer (ScriptedImporter : UnityEditor.QuickSearchModule:UnityEditor.Search:ASIAI0B)
Imported 'GUID: 0049e966b9953774fa3d07808a5555a9' -> (Import Result ID: 'f8cb46c178ae09a9f061c5c814b6fe36') in 0.002 seconds [static and dynamic dependencies]. Details - ImportResultOutputID=d67f123e9614352cfe08b7220927382e DependenciesID=09a56966ab95f936301126186bb35c6c StaticDependenciesID=7dd122f4e2e006575ce147fdc7607a98 
Number of updated asset objects reloaded before import = 0
Number of asset objects unloaded after import = 0
========================================================================
Received Import Request.
  Time of request: 2026-10-01T08:15:26.0087249Z
  Time since last request: 0.0002594 seconds.
  importAddress: GUID: c2fadf230d1919748a9aa21d40f74619 - Path: Packages/com.unity.inputsystem/InputSystem/Runtime/Plugins/XR/TrackedPoseDriver.cs - Importer: ScriptedImporter/UnityEditor.QuickSearchModule:UnityEditor.Search:ASIAI0B
Importing 'GUID: c2fadf230d1919748a9aa21d40f74619 - Path: Packages/com.unity.inputsystem/InputSystem/Runtime/Plugins/XR/TrackedPoseDriver.cs - Importer: ScriptedImporter/UnityEditor.QuickSearchModule:UnityEditor.Search:ASIAI0B' with importer (ScriptedImporter : UnityEditor.QuickSearchModule:UnityEditor.Search:ASIAI0B)
Imported 'GUID: c2fadf230d1919748a9aa21d40f74619' -> (Import Result ID: 'c5508bc14fa98338fef9275b417fa5c0') in 0.002 seconds [static and dynamic dependencies]. Details - ImportResultOutputID=bb6cc877861dd747dbaf79273e78c119 DependenciesID=0c028b0e825e97b39be828b88d686de8 StaticDependenciesID=4b2b65a24cb0b251c796446f01d6206d 
Number of updated asset objects reloaded before import = 0
Number of asset objects unloaded after import = 1
========================================================================
Received Import Request.
  Time of request: 2026-10-01T08:15:26.0236592Z
  Time since last request: 0.0044875 seconds.
  importAddress: GUID: dddbc361923f641f38ce78381c990d01 - Path: Packages/com.unity.visualscripting/Runtime/VisualScripting.State/NesterStateTransition.cs - Importer: ScriptedImporter/UnityEditor.QuickSearchModule:UnityEditor.Search:ASIAI0B
Importing 'GUID: dddbc361923f641f38ce78381c990d01 - Path: Packages/com.unity.visualscripting/Runtime/VisualScripting.State/NesterStateTransition.cs - Importer: ScriptedImporter/UnityEditor.QuickSearchModule:UnityEditor.Search:ASIAI0B' with importer (ScriptedImporter : UnityEditor.QuickSearchModule:UnityEditor.Search:ASIAI0B)
Imported 'GUID: dddbc361923f641f38ce78381c990d01' -> (Import Result ID: '5333b2526ede96a170e9d9efad55fd11') in 0.002 seconds [static and dynamic dependencies]. Details - ImportResultOutputID=7ec11f346f784b370ba2160c4a0324b9 DependenciesID=8955369febd99a39e7a8cb7a179ce142 StaticDependenciesID=46322ae40056bd891fc9b9916c14ee06 
Number of updated asset objects reloaded before import = 0
Number of asset objects unloaded after import = 0
========================================================================
Received Import Request.
  Time of request: 2026-10-01T08:15:26.0350079Z
  Time since last request: 0.0004416 seconds.
  importAddress: GUID: 88d0a1ad859d8469b94fecac8c36866d - Path: Packages/com.unity.visualscripting/Editor/VisualScripting.Flow/FlowGraphEditor.cs - Importer: ScriptedImporter/UnityEditor.QuickSearchModule:UnityEditor.Search:ASIAI0B
Importing 'GUID: 88d0a1ad859d8469b94fecac8c36866d - Path: Packages/com.unity.visualscripting/Editor/VisualScripting.Flow/FlowGraphEditor.cs - Importer: ScriptedImporter/UnityEditor.QuickSearchModule:UnityEditor.Search:ASIAI0B' with importer (ScriptedImporter : UnityEditor.QuickSearchModule:UnityEditor.Search:ASIAI0B)
Imported 'GUID: 88d0a1ad859d8469b94fecac8c36866d' -> (Import Result ID: '209af306233df026f02dc380f171fc89') in 0.002 seconds [static and dynamic dependencies]. Details - ImportResultOutputID=4b005299ab7c0421a1e3ff252fa8b15d DependenciesID=873ff2b83b1dcfb359215d9262807db5 StaticDependenciesID=112c6ce982a76ada60f128ab8bd0a801 
Number of updated asset objects reloaded before import = 0
Number of asset objects unloaded after import = 0
========================================================================
Received Import Request.
  Time of request: 2026-10-01T08:15:26.0453787Z
  Time since last request: 0.0003435 seconds.
  importAddress: GUID: 23f3c6063e13e4fd9addce3606ff4e42 - Path: Packages/com.unity.visualscripting/Editor/VisualScripting.Flow/Unity.VisualScripting.Flow.Editor.asmdef - Importer: ScriptedImporter/UnityEditor.QuickSearchModule:UnityEditor.Search:ASIAI0B
Importing 'GUID: 23f3c6063e13e4fd9addce3606ff4e42 - Path: Packages/com.unity.visualscripting/Editor/VisualScripting.Flow/Unity.VisualScripting.Flow.Editor.asmdef - Importer: ScriptedImporter/UnityEditor.QuickSearchModule:UnityEditor.Search:ASIAI0B' with importer (ScriptedImporter : UnityEditor.QuickSearchModule:UnityEditor.Search:ASIAI0B)
Imported 'GUID: 23f3c6063e13e4fd9addce3606ff4e42' -> (Import Result ID: '72475967529c2b60f191da5c88777f3d') in 0.002 seconds [static and dynamic dependencies]. Details - ImportResultOutputID=eb15fe8c0b1239424abddfd1fd1298f1 DependenciesID=d28e3962e43b7707a45845438b505d9a StaticDependenciesID=83a2395217068becdf4fd8ed858281ca 
Number of updated asset objects reloaded before import = 0
Number of asset objects unloaded after import = 1
========================================================================
Received Import Request.
  Time of request: 2026-10-01T08:15:26.0557221Z
  Time since last request: 0.0005833 seconds.
  importAddress: GUID: 5f1b15ef6f7374405b6abe5fae72c2e3 - Path: Packages/com.unity.visualscripting/Editor/VisualScripting.Core/AssetBundleCreator.cs - Importer: ScriptedImporter/UnityEditor.QuickSearchModule:UnityEditor.Search:ASIAI0B
Importing 'GUID: 5f1b15ef6f7374405b6abe5fae72c2e3 - Path: Packages/com.unity.visualscripting/Editor/VisualScripting.Core/AssetBundleCreator.cs - Importer: ScriptedImporter/UnityEditor.QuickSearchModule:UnityEditor.Search:ASIAI0B' with importer (ScriptedImporter : UnityEditor.QuickSearchModule:UnityEditor.Search:ASIAI0B)
Imported 'GUID: 5f1b15ef6f7374405b6abe5fae72c2e3' -> (Import Result ID: 'b996c68c43b0dd07b0dc0c873448f932') in 0.002 seconds [static and dynamic dependencies]. Details - ImportResultOutputID=5ecc96d393fc77655171d2e81ab9cbd3 DependenciesID=4bf47d72df5683c3756da3c38805d1d3 StaticDependenciesID=1f6c452d7ac7ae361e7e8ab9bdc693d7 
Number of updated asset objects reloaded before import = 0
Number of asset objects unloaded after import = 0
========================================================================
Received Import Request.
  Time of request: 2026-10-01T08:15:26.0662561Z
  Time since last request: 0.0004781 seconds.
  importAddress: GUID: d46940e58965841858c395958b43001e - Path: Packages/com.unity.visualscripting/Runtime/VisualScripting.State/OnExitState.cs - Importer: ScriptedImporter/UnityEditor.QuickSearchModule:UnityEditor.Search:ASIAI0B
Importing 'GUID: d46940e58965841858c395958b43001e - Path: Packages/com.unity.visualscripting/Runtime/VisualScripting.State/OnExitState.cs - Importer: ScriptedImporter/UnityEditor.QuickSearchModule:UnityEditor.Search:ASIAI0B' with importer (ScriptedImporter : UnityEditor.QuickSearchModule:UnityEditor.Search:ASIAI0B)
Imported 'GUID: d46940e58965841858c395958b43001e' -> (Import Result ID: '46b41e2a4d887adf44007336c9e179e0') in 0.002 seconds [static and dynamic dependencies]. Details - ImportResultOutputID=0c76e599a22709968562eabd6da2c6f4 DependenciesID=5246c2153d43fad7196024823b132ba2 StaticDependenciesID=39ab9497048fe20270241bc1eb75bf37 
Number of updated asset objects reloaded before import = 0
Number of asset objects unloaded after import = 0
========================================================================
Received Import Request.
  Time of request: 2026-10-01T08:15:26.0775176Z
  Time since last request: 0.0003689 seconds.
  importAddress: GUID: 86b460b328d2945298f3ad268e33836e - Path: Packages/com.unity.visualscripting/Editor/VisualScripting.State/StateRevealCondition.cs - Importer: ScriptedImporter/UnityEditor.QuickSearchModule:UnityEditor.Search:ASIAI0B
Importing 'GUID: 86b460b328d2945298f3ad268e33836e - Path: Packages/com.unity.visualscripting/Editor/VisualScripting.State/StateRevealCondition.cs - Importer: ScriptedImporter/UnityEditor.QuickSearchModule:UnityEditor.Search:ASIAI0B' with importer (ScriptedImporter : UnityEditor.QuickSearchModule:UnityEditor.Search:ASIAI0B)
Imported 'GUID: 86b460b328d2945298f3ad268e33836e' -> (Import Result ID: 'e4e48e93c6b4810ebdadea2763f261dc') in 0.002 seconds [static and dynamic dependencies]. Details - ImportResultOutputID=50322a6854412dde7b8c6b6cad7e2880 DependenciesID=31a1c81ed5aa7011c739a26d8eb00f77 StaticDependenciesID=632168bdf6a02d3ba7df0be7375671cb 
Number of updated asset objects reloaded before import = 0
Number of asset objects unloaded after import = 0
========================================================================
Received Import Request.
  Time of request: 2026-10-01T08:15:26.0904778Z
  Time since last request: 0.0004993 seconds.
  importAddress: GUID: f10496e9d78b943308af5e7e9e4543c8 - Path: Packages/com.unity.visualscripting/Editor/VisualScripting.State/Unity.VisualScripting.State.Editor.asmdef - Importer: ScriptedImporter/UnityEditor.QuickSearchModule:UnityEditor.Search:ASIAI0B
Importing 'GUID: f10496e9d78b943308af5e7e9e4543c8 - Path: Packages/com.unity.visualscripting/Editor/VisualScripting.State/Unity.VisualScripting.State.Editor.asmdef - Importer: ScriptedImporter/UnityEditor.QuickSearchModule:UnityEditor.Search:ASIAI0B' with importer (ScriptedImporter : UnityEditor.QuickSearchModule:UnityEditor.Search:ASIAI0B)
Imported 'GUID: f10496e9d78b943308af5e7e9e4543c8' -> (Import Result ID: 'f0de0e406053c6b668ee6f137bae7824') in 0.001 seconds [static and dynamic dependencies]. Details - ImportResultOutputID=85d4d2c54716a2a7e7edb71fb9c5ad5f DependenciesID=2d9c385649d69a30580bc2d7287a66a6 StaticDependenciesID=eed70b4509f65150e04a583dd8d40708 
Number of updated asset objects reloaded before import = 0
Number of asset objects unloaded after import = 1
========================================================================
Received Import Request.
  Time of request: 2026-10-01T08:15:26.1139483Z
  Time since last request: 0.0115001 seconds.
  importAddress: GUID: 159639efa590a4849a09879979cbba8b - Path: Packages/com.unity.visualscripting/Editor/VisualScripting.Core/Context/GraphContextAttribute.cs - Importer: ScriptedImporter/UnityEditor.QuickSearchModule:UnityEditor.Search:ASIAI0B
Importing 'GUID: 159639efa590a4849a09879979cbba8b - Path: Packages/com.unity.visualscripting/Editor/VisualScripting.Core/Context/GraphContextAttribute.cs - Importer: ScriptedImporter/UnityEditor.QuickSearchModule:UnityEditor.Search:ASIAI0B' with importer (ScriptedImporter : UnityEditor.QuickSearchModule:UnityEditor.Search:ASIAI0B)
Imported 'GUID: 159639efa590a4849a09879979cbba8b' -> (Import Result ID: '66a4cc36b8b00e49d126854f38ff3d91') in 0.002 seconds [static and dynamic dependencies]. Details - ImportResultOutputID=1c05e23a8d2824faf0618cac6662059f DependenciesID=011689f42a5762ecb0be8e6cef661b7a StaticDependenciesID=c07f8623cc43b0ecf52e27ed011acdc2 
Number of updated asset objects reloaded before import = 0
Number of asset objects unloaded after import = 0
========================================================================
Received Import Request.
  Time of request: 2026-10-01T08:15:26.1271093Z
  Time since last request: 0.0002528 seconds.
  importAddress: GUID: 9abca17e5f38d43ef90b9ffa68af9ac8 - Path: Packages/com.unity.visualscripting/Editor/VisualScripting.Core/Decorators/MultiDecoratorProvider.cs - Importer: ScriptedImporter/UnityEditor.QuickSearchModule:UnityEditor.Search:ASIAI0B
Importing 'GUID: 9abca17e5f38d43ef90b9ffa68af9ac8 - Path: Packages/com.unity.visualscripting/Editor/VisualScripting.Core/Decorators/MultiDecoratorProvider.cs - Importer: ScriptedImporter/UnityEditor.QuickSearchModule:UnityEditor.Search:ASIAI0B' with importer (ScriptedImporter : UnityEditor.QuickSearchModule:UnityEditor.Search:ASIAI0B)
Imported 'GUID: 9abca17e5f38d43ef90b9ffa68af9ac8' -> (Import Result ID: 'ab2ae61dfd8bd9883d4380427f5b7f66') in 0.002 seconds [static and dynamic dependencies]. Details - ImportResultOutputID=ba38728aa2d781b72530868c41d5a0a1 DependenciesID=e5926d6d244243417f2ed956e1a6b263 StaticDependenciesID=83bb9114e92c0ee0472911385dcd48a8 
Number of updated asset objects reloaded before import = 0
Number of asset objects unloaded after import = 0
========================================================================
Received Import Request.
  Time of request: 2026-10-01T08:15:26.1370279Z
  Time since last request: 0.0004708 seconds.
  importAddress: GUID: 624ee9ba5d484bf4c9e9e910d66273e3 - Path: Packages/com.unity.visualscripting/Editor/VisualScripting.Core/Analytics/MigrationAnalytics.cs - Importer: ScriptedImporter/UnityEditor.QuickSearchModule:UnityEditor.Search:ASIAI0B
Importing 'GUID: 624ee9ba5d484bf4c9e9e910d66273e3 - Path: Packages/com.unity.visualscripting/Editor/VisualScripting.Core/Analytics/MigrationAnalytics.cs - Importer: ScriptedImporter/UnityEditor.QuickSearchModule:UnityEditor.Search:ASIAI0B' with importer (ScriptedImporter : UnityEditor.QuickSearchModule:UnityEditor.Search:ASIAI0B)
Imported 'GUID: 624ee9ba5d484bf4c9e9e910d66273e3' -> (Import Result ID: 'e269a32a5b032aea93be859b2f7f1d5f') in 0.002 seconds [static and dynamic dependencies]. Details - ImportResultOutputID=d8fcb140c6817bd4f516ff78ba79a594 DependenciesID=f1b285cca5eea8c8894b331263ff321e StaticDependenciesID=f6d59805ca34f513677b295428eaf18c 
Number of updated asset objects reloaded before import = 0
Number of asset objects unloaded after import = 0
========================================================================
Received Import Request.
  Time of request: 2026-10-01T08:15:26.1475638Z
  Time since last request: 0.0003422 seconds.
  importAddress: GUID: b32061678e736470f9787cdd51b40816 - Path: Packages/com.unity.visualscripting/Editor/VisualScripting.Core/Canvases/CanvasProvider.cs - Importer: ScriptedImporter/UnityEditor.QuickSearchModule:UnityEditor.Search:ASIAI0B
Importing 'GUID: b32061678e736470f9787cdd51b40816 - Path: Packages/com.unity.visualscripting/Editor/VisualScripting.Core/Canvases/CanvasProvider.cs - Importer: ScriptedImporter/UnityEditor.QuickSearchModule:UnityEditor.Search:ASIAI0B' with importer (ScriptedImporter : UnityEditor.QuickSearchModule:UnityEditor.Search:ASIAI0B)
Imported 'GUID: b32061678e736470f9787cdd51b40816' -> (Import Result ID: 'c93af7099b348f116f65cab2f61a95eb') in 0.002 seconds [static and dynamic dependencies]. Details - ImportResultOutputID=fbb6ba459b93e74111da3d1e6cc72d3b DependenciesID=3d14433d7122f3b458c8d2407af02e59 StaticDependenciesID=35c4415209dccf47bf5d8e204dbc617a 
Number of updated asset objects reloaded before import = 0
Number of asset objects unloaded after import = 0
========================================================================
Received Import Request.
  Time of request: 2026-10-01T08:15:26.1596385Z
  Time since last request: 0.0003436 seconds.
  importAddress: GUID: efc35be9d817e474abdbae4ad8bcce69 - Path: Packages/com.unity.visualscripting/Editor/VisualScripting.Core/Canvases/ICanvas.cs - Importer: ScriptedImporter/UnityEditor.QuickSearchModule:UnityEditor.Search:ASIAI0B
Importing 'GUID: efc35be9d817e474abdbae4ad8bcce69 - Path: Packages/com.unity.visualscripting/Editor/VisualScripting.Core/Canvases/ICanvas.cs - Importer: ScriptedImporter/UnityEditor.QuickSearchModule:UnityEditor.Search:ASIAI0B' with importer (ScriptedImporter : UnityEditor.QuickSearchModule:UnityEditor.Search:ASIAI0B)
Imported 'GUID: efc35be9d817e474abdbae4ad8bcce69' -> (Import Result ID: '4e46986d04f0b1576aa28d377293d8b3') in 0.002 seconds [static and dynamic dependencies]. Details - ImportResultOutputID=4b0607fcd1cb7d8059d678676e77d2aa DependenciesID=d1fadbbc2acc4d74b7ee5de5b6d102ed StaticDependenciesID=8548a2a210297ece5a77c1a0cbe30fe6 
Number of updated asset objects reloaded before import = 0
Number of asset objects unloaded after import = 0
========================================================================
Received Import Request.
  Time of request: 2026-10-01T08:15:26.1707421Z
  Time since last request: 0.0002635 seconds.
  importAddress: GUID: e82979a3184424cf390bc7483f03771c - Path: Packages/com.unity.visualscripting/Editor/VisualScripting.Core/Assignment/Assigner.cs - Importer: ScriptedImporter/UnityEditor.QuickSearchModule:UnityEditor.Search:ASIAI0B
Importing 'GUID: e82979a3184424cf390bc7483f03771c - Path: Packages/com.unity.visualscripting/Editor/VisualScripting.Core/Assignment/Assigner.cs - Importer: ScriptedImporter/UnityEditor.QuickSearchModule:UnityEditor.Search:ASIAI0B' with importer (ScriptedImporter : UnityEditor.QuickSearchModule:UnityEditor.Search:ASIAI0B)
Imported 'GUID: e82979a3184424cf390bc7483f03771c' -> (Import Result ID: 'bedf9f1115f888296dafad84b3a44563') in 0.002 seconds [static and dynamic dependencies]. Details - ImportResultOutputID=611d25ee7bf04cfc80d4f12c48dbbd80 DependenciesID=06cfbaa12eb1fa8b7b76893f7a276ac6 StaticDependenciesID=28469d133b7e232ee0e5fe16a2829a70 
Number of updated asset objects reloaded before import = 0
Number of asset objects unloaded after import = 0
========================================================================
Received Import Request.
  Time of request: 2026-10-01T08:15:26.181791Z
  Time since last request: 0.0004566 seconds.
  importAddress: GUID: 7cb1615bd41a3442a8aabbcb872046a3 - Path: Packages/com.unity.visualscripting/Editor/SettingsProvider/ProjectSettings/AssemblyOptionsSettings.cs - Importer: ScriptedImporter/UnityEditor.QuickSearchModule:UnityEditor.Search:ASIAI0B
Importing 'GUID: 7cb1615bd41a3442a8aabbcb872046a3 - Path: Packages/com.unity.visualscripting/Editor/SettingsProvider/ProjectSettings/AssemblyOptionsSettings.cs - Importer: ScriptedImporter/UnityEditor.QuickSearchModule:UnityEditor.Search:ASIAI0B' with importer (ScriptedImporter : UnityEditor.QuickSearchModule:UnityEditor.Search:ASIAI0B)
Imported 'GUID: 7cb1615bd41a3442a8aabbcb872046a3' -> (Import Result ID: '707ce9ab0f2d0e1e358bfa3051020676') in 0.002 seconds [static and dynamic dependencies]. Details - ImportResultOutputID=ddf9b891b0f10225d4765cb31f0995f8 DependenciesID=1a0c3629a319a950998954d53218104a StaticDependenciesID=7b47e62e86a9882c91cc1654d4130aad 
Number of updated asset objects reloaded before import = 0
Number of asset objects unloaded after import = 0
========================================================================
Received Import Request.
  Time of request: 2026-10-01T08:15:26.2016136Z
  Time since last request: 0.0083108 seconds.
  importAddress: GUID: bdf2b9cf7768a4c10bb2ac227fdbb6c4 - Path: Packages/com.unity.visualscripting/Editor/VisualScripting.Core/Description/MachineDescription.cs - Importer: ScriptedImporter/UnityEditor.QuickSearchModule:UnityEditor.Search:ASIAI0B
Importing 'GUID: bdf2b9cf7768a4c10bb2ac227fdbb6c4 - Path: Packages/com.unity.visualscripting/Editor/VisualScripting.Core/Description/MachineDescription.cs - Importer: ScriptedImporter/UnityEditor.QuickSearchModule:UnityEditor.Search:ASIAI0B' with importer (ScriptedImporter : UnityEditor.QuickSearchModule:UnityEditor.Search:ASIAI0B)
Imported 'GUID: bdf2b9cf7768a4c10bb2ac227fdbb6c4' -> (Import Result ID: 'e6108a0a892b370c97df1a11869bc2d2') in 0.002 seconds [static and dynamic dependencies]. Details - ImportResultOutputID=da4df97c6290b7bcd527c83ea69d7b55 DependenciesID=49b82f484710f96e38a930484ef0ed97 StaticDependenciesID=e8913abf7cfd4721b6e22736d498b0f3 
Number of updated asset objects reloaded before import = 0
Number of asset objects unloaded after import = 0
========================================================================
Received Import Request.
  Time of request: 2026-10-01T08:15:26.2115321Z
  Time since last request: 0.0003177 seconds.
  importAddress: GUID: 225941bd29e0f467386bc14f662d7839 - Path: Packages/com.unity.visualscripting/Editor/VisualScripting.Core/Exceptions/UnityEditorInternalException.cs - Importer: ScriptedImporter/UnityEditor.QuickSearchModule:UnityEditor.Search:ASIAI0B
Importing 'GUID: 225941bd29e0f467386bc14f662d7839 - Path: Packages/com.unity.visualscripting/Editor/VisualScripting.Core/Exceptions/UnityEditorInternalException.cs - Importer: ScriptedImporter/UnityEditor.QuickSearchModule:UnityEditor.Search:ASIAI0B' with importer (ScriptedImporter : UnityEditor.QuickSearchModule:UnityEditor.Search:ASIAI0B)
Imported 'GUID: 225941bd29e0f467386bc14f662d7839' -> (Import Result ID: '60e38dae544653d41f8b310adfc33d99') in 0.003 seconds [static and dynamic dependencies]. Details - ImportResultOutputID=89420e16426e7bcc4ff8f9a50128cfee DependenciesID=beca27ac98000bc4a8e3365ac6812907 StaticDependenciesID=5c6b661b09f35f894ae89b928c1297eb 
Number of updated asset objects reloaded before import = 0
Number of asset objects unloaded after import = 0
========================================================================
Received Import Request.
  Time of request: 2026-10-01T08:15:26.2229871Z
  Time since last request: 0.0003527 seconds.
  importAddress: GUID: a72081f8a4b1747f381e5ea4b5cc0b9e - Path: Packages/com.unity.visualscripting/Editor/VisualScripting.Core/Graph/GraphGUI.cs - Importer: ScriptedImporter/UnityEditor.QuickSearchModule:UnityEditor.Search:ASIAI0B
Importing 'GUID: a72081f8a4b1747f381e5ea4b5cc0b9e - Path: Packages/com.unity.visualscripting/Editor/VisualScripting.Core/Graph/GraphGUI.cs - Importer: ScriptedImporter/UnityEditor.QuickSearchModule:UnityEditor.Search:ASIAI0B' with importer (ScriptedImporter : UnityEditor.QuickSearchModule:UnityEditor.Search:ASIAI0B)
Imported 'GUID: a72081f8a4b1747f381e5ea4b5cc0b9e' -> (Import Result ID: 'eb6f558ce9b7b0624783d378f898e1d2') in 0.002 seconds [static and dynamic dependencies]. Details - ImportResultOutputID=bd7a7e91b9f57d1ac676777087df90e1 DependenciesID=6de6bc8a43129f4b0601250caf375e70 StaticDependenciesID=199bac64a63f7c6e7292c354f11fc897 
Number of updated asset objects reloaded before import = 0
Number of asset objects unloaded after import = 0
========================================================================
Received Import Request.
  Time of request: 2026-10-01T08:15:26.2349856Z
  Time since last request: 0.00029 seconds.
  importAddress: GUID: e8dce54633fe84992b36f025b21e9ef3 - Path: Packages/com.unity.visualscripting/Editor/VisualScripting.Core/Inspection/DraggedListItem.cs - Importer: ScriptedImporter/UnityEditor.QuickSearchModule:UnityEditor.Search:ASIAI0B
Importing 'GUID: e8dce54633fe84992b36f025b21e9ef3 - Path: Packages/com.unity.visualscripting/Editor/VisualScripting.Core/Inspection/DraggedListItem.cs - Importer: ScriptedImporter/UnityEditor.QuickSearchModule:UnityEditor.Search:ASIAI0B' with importer (ScriptedImporter : UnityEditor.QuickSearchModule:UnityEditor.Search:ASIAI0B)
Imported 'GUID: e8dce54633fe84992b36f025b21e9ef3' -> (Import Result ID: 'cf9c96a6fb218796433c209c02642119') in 0.002 seconds [static and dynamic dependencies]. Details - ImportResultOutputID=7800e621f5132cd2575edee7d4dcd1d9 DependenciesID=3ac5ce7542496b1c34611914efef2c32 StaticDependenciesID=1f0124d8da6484256e155a25f4b21f4b 
Number of updated asset objects reloaded before import = 0
Number of asset objects unloaded after import = 0
========================================================================
Received Import Request.
  Time of request: 2026-10-01T08:15:26.2449146Z
  Time since last request: 0.0002729 seconds.
  importAddress: GUID: 7afc06692b9fb45fa99b49f5a87e1379 - Path: Packages/com.unity.visualscripting/Editor/VisualScripting.Core/Interface/EventWrapper.cs - Importer: ScriptedImporter/UnityEditor.QuickSearchModule:UnityEditor.Search:ASIAI0B
Importing 'GUID: 7afc06692b9fb45fa99b49f5a87e1379 - Path: Packages/com.unity.visualscripting/Editor/VisualScripting.Core/Interface/EventWrapper.cs - Importer: ScriptedImporter/UnityEditor.QuickSearchModule:UnityEditor.Search:ASIAI0B' with importer (ScriptedImporter : UnityEditor.QuickSearchModule:UnityEditor.Search:ASIAI0B)
Imported 'GUID: 7afc06692b9fb45fa99b49f5a87e1379' -> (Import Result ID: '6723c909b0f2a9a90fdc39f999ca7720') in 0.002 seconds [static and dynamic dependencies]. Details - ImportResultOutputID=688d6918785dd10c1504d980d524fbb4 DependenciesID=54c2653078ba794fe1228988a3b9c8ce StaticDependenciesID=72fdf61f759ff975248378063748fb1e 
Number of updated asset objects reloaded before import = 0
Number of asset objects unloaded after import = 0
========================================================================
Received Import Request.
  Time of request: 2026-10-01T08:15:26.2554756Z
  Time since last request: 0.0003538 seconds.
  importAddress: GUID: 7bbe96d45610a48c2ab287b1557af34b - Path: Packages/com.unity.visualscripting/Editor/VisualScripting.Core/Description/GraphItemDescriptor.cs - Importer: ScriptedImporter/UnityEditor.QuickSearchModule:UnityEditor.Search:ASIAI0B
Importing 'GUID: 7bbe96d45610a48c2ab287b1557af34b - Path: Packages/com.unity.visualscripting/Editor/VisualScripting.Core/Description/GraphItemDescriptor.cs - Importer: ScriptedImporter/UnityEditor.QuickSearchModule:UnityEditor.Search:ASIAI0B' with importer (ScriptedImporter : UnityEditor.QuickSearchModule:UnityEditor.Search:ASIAI0B)
Imported 'GUID: 7bbe96d45610a48c2ab287b1557af34b' -> (Import Result ID: '782741d08092a1d0e18ec35ca9cb6cbb') in 0.002 seconds [static and dynamic dependencies]. Details - ImportResultOutputID=0a12cf369ac486770afde3d6c8778d38 DependenciesID=075caf415b59451df2984d178c0c81e1 StaticDependenciesID=6a5684d1fb177812b4263bf381da4854 
Number of updated asset objects reloaded before import = 0
Number of asset objects unloaded after import = 0
========================================================================
Received Import Request.
  Time of request: 2026-10-01T08:15:26.2668631Z
  Time since last request: 0.0005042 seconds.
  importAddress: GUID: c80d40a984deb4f9f80cdb14dd56b6cb - Path: Packages/com.unity.visualscripting/Editor/VisualScripting.Core/Descriptors/IDescriptor.cs - Importer: ScriptedImporter/UnityEditor.QuickSearchModule:UnityEditor.Search:ASIAI0B
Importing 'GUID: c80d40a984deb4f9f80cdb14dd56b6cb - Path: Packages/com.unity.visualscripting/Editor/VisualScripting.Core/Descriptors/IDescriptor.cs - Importer: ScriptedImporter/UnityEditor.QuickSearchModule:UnityEditor.Search:ASIAI0B' with importer (ScriptedImporter : UnityEditor.QuickSearchModule:UnityEditor.Search:ASIAI0B)
Imported 'GUID: c80d40a984deb4f9f80cdb14dd56b6cb' -> (Import Result ID: '35940894fdf3b60d9bc79dc9864f197a') in 0.002 seconds [static and dynamic dependencies]. Details - ImportResultOutputID=25430c24aab6f7668474e0026cbc75cf DependenciesID=bc83928733bbe06b2064964a892304c3 StaticDependenciesID=866c2ade2bd6152cb753ba3439dc04a4 
Number of updated asset objects reloaded before import = 0
Number of asset objects unloaded after import = 0
========================================================================
Received Import Request.
  Time of request: 2026-10-01T08:15:26.2771119Z
  Time since last request: 0.0003164 seconds.
  importAddress: GUID: 7927fbf2f61644ce58f6237590426fef - Path: Packages/com.unity.visualscripting/Editor/VisualScripting.Core/Inspection/IndividualPropertyDrawer.cs - Importer: ScriptedImporter/UnityEditor.QuickSearchModule:UnityEditor.Search:ASIAI0B
Importing 'GUID: 7927fbf2f61644ce58f6237590426fef - Path: Packages/com.unity.visualscripting/Editor/VisualScripting.Core/Inspection/IndividualPropertyDrawer.cs - Importer: ScriptedImporter/UnityEditor.QuickSearchModule:UnityEditor.Search:ASIAI0B' with importer (ScriptedImporter : UnityEditor.QuickSearchModule:UnityEditor.Search:ASIAI0B)
Imported 'GUID: 7927fbf2f61644ce58f6237590426fef' -> (Import Result ID: 'ab9f7ee155db704e1a2a4ab696519967') in 0.002 seconds [static and dynamic dependencies]. Details - ImportResultOutputID=0dad63f97048ec16c74c670648943b67 DependenciesID=b29824e881ec908136a6ef55f8b2ce75 StaticDependenciesID=9314298acce59a663ea628df77136d9c 
Number of updated asset objects reloaded before import = 0
Number of asset objects unloaded after import = 0
========================================================================
Received Import Request.
  Time of request: 2026-10-01T08:15:26.2887046Z
  Time since last request: 0.0002818 seconds.
  importAddress: GUID: d1e7d8b131d284028b03a61759279d37 - Path: Packages/com.unity.visualscripting/Editor/VisualScripting.Core/Exceptions/EditorDebugUtility.cs - Importer: ScriptedImporter/UnityEditor.QuickSearchModule:UnityEditor.Search:ASIAI0B
Importing 'GUID: d1e7d8b131d284028b03a61759279d37 - Path: Packages/com.unity.visualscripting/Editor/VisualScripting.Core/Exceptions/EditorDebugUtility.cs - Importer: ScriptedImporter/UnityEditor.QuickSearchModule:UnityEditor.Search:ASIAI0B' with importer (ScriptedImporter : UnityEditor.QuickSearchModule:UnityEditor.Search:ASIAI0B)
Imported 'GUID: d1e7d8b131d284028b03a61759279d37' -> (Import Result ID: 'd415737fdb7d79e13db52d2bb26a72b4') in 0.003 seconds [static and dynamic dependencies]. Details - ImportResultOutputID=f064316b899fb655361d8edb23becaff DependenciesID=43395be7aee07963d3aebd8aaec9fdd1 StaticDependenciesID=766114e4b55410bb64283bcd3c3ac100 
Number of updated asset objects reloaded before import = 0
Number of asset objects unloaded after import = 0
========================================================================
Received Import Request.
  Time of request: 2026-10-01T08:15:26.3062506Z
  Time since last request: 0.0066958 seconds.
  importAddress: GUID: 7c34f20586bda4f8db3555113c6bd074 - Path: Packages/com.unity.visualscripting/Editor/VisualScripting.Core/Properties/AssemblyInfo.cs - Importer: ScriptedImporter/UnityEditor.QuickSearchModule:UnityEditor.Search:ASIAI0B
Importing 'GUID: 7c34f20586bda4f8db3555113c6bd074 - Path: Packages/com.unity.visualscripting/Editor/VisualScripting.Core/Properties/AssemblyInfo.cs - Importer: ScriptedImporter/UnityEditor.QuickSearchModule:UnityEditor.Search:ASIAI0B' with importer (ScriptedImporter : UnityEditor.QuickSearchModule:UnityEditor.Search:ASIAI0B)
Imported 'GUID: 7c34f20586bda4f8db3555113c6bd074' -> (Import Result ID: '7bcbcba46dccd95805eefdcd580c459f') in 0.002 seconds [static and dynamic dependencies]. Details - ImportResultOutputID=4a71b51cdd22632e7695e48d0e2463e4 DependenciesID=ad84ba2f333cafe92cd550ba7c10b5e8 StaticDependenciesID=1ec754d70ef15d41d1c5b1941fca6639 
Number of updated asset objects reloaded before import = 0
Number of asset objects unloaded after import = 0
========================================================================
Received Import Request.
  Time of request: 2026-10-01T08:15:26.3163215Z
  Time since last request: 0.0003481 seconds.
  importAddress: GUID: 4c163c23ca80b4d36841762cba3efe3e - Path: Packages/com.unity.visualscripting/Editor/VisualScripting.Core/Plugin/BoltCoreResources.cs - Importer: ScriptedImporter/UnityEditor.QuickSearchModule:UnityEditor.Search:ASIAI0B
Importing 'GUID: 4c163c23ca80b4d36841762cba3efe3e - Path: Packages/com.unity.visualscripting/Editor/VisualScripting.Core/Plugin/BoltCoreResources.cs - Importer: ScriptedImporter/UnityEditor.QuickSearchModule:UnityEditor.Search:ASIAI0B' with importer (ScriptedImporter : UnityEditor.QuickSearchModule:UnityEditor.Search:ASIAI0B)
Imported 'GUID: 4c163c23ca80b4d36841762cba3efe3e' -> (Import Result ID: '81fd34962cbf701f5a8b5ab80c565c98') in 0.002 seconds [static and dynamic dependencies]. Details - ImportResultOutputID=7f2e34eced1185f2b1513819deace352 DependenciesID=78fa6f9ea7982a9d183190d3435819a2 StaticDependenciesID=e136c0bba66690f265a66a8f0ad115d0 
Number of updated asset objects reloaded before import = 0
Number of asset objects unloaded after import = 0
========================================================================
Received Import Request.
  Time of request: 2026-10-01T08:15:26.3268571Z
  Time since last request: 0.0004632 seconds.
  importAddress: GUID: cd05bbc1b0f3c4be3b907b43c7b4f5c3 - Path: Packages/com.unity.visualscripting/Editor/VisualScripting.Core/Platforms/ConstructorInfoStubWriter.cs - Importer: ScriptedImporter/UnityEditor.QuickSearchModule:UnityEditor.Search:ASIAI0B
Importing 'GUID: cd05bbc1b0f3c4be3b907b43c7b4f5c3 - Path: Packages/com.unity.visualscripting/Editor/VisualScripting.Core/Platforms/ConstructorInfoStubWriter.cs - Importer: ScriptedImporter/UnityEditor.QuickSearchModule:UnityEditor.Search:ASIAI0B' with importer (ScriptedImporter : UnityEditor.QuickSearchModule:UnityEditor.Search:ASIAI0B)
Imported 'GUID: cd05bbc1b0f3c4be3b907b43c7b4f5c3' -> (Import Result ID: '1a222398d4d009f4f9de570fae524e7a') in 0.002 seconds [static and dynamic dependencies]. Details - ImportResultOutputID=8ca1f98ebe322105c198844209a1fcfb DependenciesID=dc0dc7a33650b2808ce8d992ce6b08f0 StaticDependenciesID=92f9658e976440fcdc3bbc8c74dcb022 
Number of updated asset objects reloaded before import = 0
Number of asset objects unloaded after import = 0
========================================================================
Received Import Request.
  Time of request: 2026-10-01T08:15:26.3371734Z
  Time since last request: 0.0004019 seconds.
  importAddress: GUID: 6cfeaa9bf38af4bee8156f2cdc25dcad - Path: Packages/com.unity.visualscripting/Editor/VisualScripting.Core/Meta/DictionaryIndexMetadata.cs - Importer: ScriptedImporter/UnityEditor.QuickSearchModule:UnityEditor.Search:ASIAI0B
Importing 'GUID: 6cfeaa9bf38af4bee8156f2cdc25dcad - Path: Packages/com.unity.visualscripting/Editor/VisualScripting.Core/Meta/DictionaryIndexMetadata.cs - Importer: ScriptedImporter/UnityEditor.QuickSearchModule:UnityEditor.Search:ASIAI0B' with importer (ScriptedImporter : UnityEditor.QuickSearchModule:UnityEditor.Search:ASIAI0B)
Imported 'GUID: 6cfeaa9bf38af4bee8156f2cdc25dcad' -> (Import Result ID: 'a6c7c14e43a9540f2abea40671a918ea') in 0.002 seconds [static and dynamic dependencies]. Details - ImportResultOutputID=e1f6692dde87344b5703b3566bdac58d DependenciesID=a6030ed46b0cd9009dbf6f0951cd384d StaticDependenciesID=5c63652a6536870cd7d8fc4215666f65 
Number of updated asset objects reloaded before import = 0
Number of asset objects unloaded after import = 0
========================================================================
Received Import Request.
  Time of request: 2026-10-01T08:15:26.3470979Z
  Time since last request: 0.0004441 seconds.
  importAddress: GUID: e8986ffc2691f4d7f8b872af4eb0cf9b - Path: Packages/com.unity.visualscripting/Editor/VisualScripting.Core/Plugins/PluginConfiguration.cs - Importer: ScriptedImporter/UnityEditor.QuickSearchModule:UnityEditor.Search:ASIAI0B
Importing 'GUID: e8986ffc2691f4d7f8b872af4eb0cf9b - Path: Packages/com.unity.visualscripting/Editor/VisualScripting.Core/Plugins/PluginConfiguration.cs - Importer: ScriptedImporter/UnityEditor.QuickSearchModule:UnityEditor.Search:ASIAI0B' with importer (ScriptedImporter : UnityEditor.QuickSearchModule:UnityEditor.Search:ASIAI0B)
Imported 'GUID: e8986ffc2691f4d7f8b872af4eb0cf9b' -> (Import Result ID: '46eb4e5f43cd28266625cc9e2643b774') in 0.002 seconds [static and dynamic dependencies]. Details - ImportResultOutputID=60adf778733233f241016c00d2c9938e DependenciesID=cb98ba2f16fb38c8ab7430b0a1536501 StaticDependenciesID=5afdaf31a7ef549b2d4ecffddf320d4e 
Number of updated asset objects reloaded before import = 0
Number of asset objects unloaded after import = 0
========================================================================
Received Import Request.
  Time of request: 2026-10-01T08:15:26.357856Z
  Time since last request: 0.0003816 seconds.
  importAddress: GUID: cab31d2af46be49abbe487999616bb68 - Path: Packages/com.unity.visualscripting/Editor/VisualScripting.Core/Plugins/PluginMigration.cs - Importer: ScriptedImporter/UnityEditor.QuickSearchModule:UnityEditor.Search:ASIAI0B
Importing 'GUID: cab31d2af46be49abbe487999616bb68 - Path: Packages/com.unity.visualscripting/Editor/VisualScripting.Core/Plugins/PluginMigration.cs - Importer: ScriptedImporter/UnityEditor.QuickSearchModule:UnityEditor.Search:ASIAI0B' with importer (ScriptedImporter : UnityEditor.QuickSearchModule:UnityEditor.Search:ASIAI0B)
Imported 'GUID: cab31d2af46be49abbe487999616bb68' -> (Import Result ID: '886295895ce6863287ed9a826cabd99a') in 0.002 seconds [static and dynamic dependencies]. Details - ImportResultOutputID=5c8a8cb537ddddbde49c84eaa26c24f5 DependenciesID=a07a5b6e4a3cc1e354c6da9242329325 StaticDependenciesID=f5178f33e70541a1088d05be549b6d70 
Number of updated asset objects reloaded before import = 0
Number of asset objects unloaded after import = 0
========================================================================
Received Import Request.
  Time of request: 2026-10-01T08:15:26.3678915Z
  Time since last request: 0.0005088 seconds.
  importAddress: GUID: 970810a7c55d644b9ba0de7badcc79a8 - Path: Packages/com.unity.visualscripting/Editor/VisualScripting.Core/Plugins/PluginAttribute.cs - Importer: ScriptedImporter/UnityEditor.QuickSearchModule:UnityEditor.Search:ASIAI0B
Importing 'GUID: 970810a7c55d644b9ba0de7badcc79a8 - Path: Packages/com.unity.visualscripting/Editor/VisualScripting.Core/Plugins/PluginAttribute.cs - Importer: ScriptedImporter/UnityEditor.QuickSearchModule:UnityEditor.Search:ASIAI0B' with importer (ScriptedImporter : UnityEditor.QuickSearchModule:UnityEditor.Search:ASIAI0B)
Imported 'GUID: 970810a7c55d644b9ba0de7badcc79a8' -> (Import Result ID: '7a9c241dacca6b5d3fd5d85ac29eadc6') in 0.002 seconds [static and dynamic dependencies]. Details - ImportResultOutputID=40fc0b0d07f55c9057c101f4076d4689 DependenciesID=ed5b99a3bf44e6445e29ad8a4b98baca StaticDependenciesID=1bec5f197985bbb12f05ca44c54cb986 
Number of updated asset objects reloaded before import = 0
Number of asset objects unloaded after import = 0
========================================================================
Received Import Request.
  Time of request: 2026-10-01T08:15:26.3792839Z
  Time since last request: 0.0004208 seconds.
  importAddress: GUID: 52d832b9059984778a5534b6adf683aa - Path: Packages/com.unity.visualscripting/Editor/VisualScripting.Core/Platforms/MethodInfoStubWriter.cs - Importer: ScriptedImporter/UnityEditor.QuickSearchModule:UnityEditor.Search:ASIAI0B
Importing 'GUID: 52d832b9059984778a5534b6adf683aa - Path: Packages/com.unity.visualscripting/Editor/VisualScripting.Core/Platforms/MethodInfoStubWriter.cs - Importer: ScriptedImporter/UnityEditor.QuickSearchModule:UnityEditor.Search:ASIAI0B' with importer (ScriptedImporter : UnityEditor.QuickSearchModule:UnityEditor.Search:ASIAI0B)
Imported 'GUID: 52d832b9059984778a5534b6adf683aa' -> (Import Result ID: 'c6502c704a83f51295178bc8ba2968a2') in 0.002 seconds [static and dynamic dependencies]. Details - ImportResultOutputID=2a6101eca5a6e95fa27a399d95e93ac1 DependenciesID=c1001f62e0186d4facdafd4445d9252e StaticDependenciesID=97ccc0f694f5d175dd8008fe10f76618 
Number of updated asset objects reloaded before import = 0
Number of asset objects unloaded after import = 0
========================================================================
Received Import Request.
  Time of request: 2026-10-01T08:15:26.3945777Z
  Time since last request: 0.0055495 seconds.
  importAddress: GUID: cda4b4c8581b94e3aa68f4639727d9fc - Path: Packages/com.unity.visualscripting/Editor/VisualScripting.Core/Utilities/ConsoleProfiler.cs - Importer: ScriptedImporter/UnityEditor.QuickSearchModule:UnityEditor.Search:ASIAI0B
Importing 'GUID: cda4b4c8581b94e3aa68f4639727d9fc - Path: Packages/com.unity.visualscripting/Editor/VisualScripting.Core/Utilities/ConsoleProfiler.cs - Importer: ScriptedImporter/UnityEditor.QuickSearchModule:UnityEditor.Search:ASIAI0B' with importer (ScriptedImporter : UnityEditor.QuickSearchModule:UnityEditor.Search:ASIAI0B)
Imported 'GUID: cda4b4c8581b94e3aa68f4639727d9fc' -> (Import Result ID: 'aa78d99239b5e9ec382029fe1d6b1573') in 0.002 seconds [static and dynamic dependencies]. Details - ImportResultOutputID=1f1d0f45125216bcbb9397b2f900602b DependenciesID=159ff8d710078f84d9868d0540510796 StaticDependenciesID=3a7cec758e92cb0b3b50543f4fa87739 
Number of updated asset objects reloaded before import = 0
Number of asset objects unloaded after import = 0
========================================================================
Received Import Request.
  Time of request: 2026-10-01T08:15:26.4047352Z
  Time since last request: 0.0002855 seconds.
  importAddress: GUID: 74f2c853a758b4f8389946c50d690e37 - Path: Packages/com.unity.visualscripting/Editor/VisualScripting.Core/ResourceProviders/CreateTextureOptions.cs - Importer: ScriptedImporter/UnityEditor.QuickSearchModule:UnityEditor.Search:ASIAI0B
Importing 'GUID: 74f2c853a758b4f8389946c50d690e37 - Path: Packages/com.unity.visualscripting/Editor/VisualScripting.Core/ResourceProviders/CreateTextureOptions.cs - Importer: ScriptedImporter/UnityEditor.QuickSearchModule:UnityEditor.Search:ASIAI0B' with importer (ScriptedImporter : UnityEditor.QuickSearchModule:UnityEditor.Search:ASIAI0B)
Imported 'GUID: 74f2c853a758b4f8389946c50d690e37' -> (Import Result ID: 'efcf5730f6c9304b5b5aa6a91c7e39d4') in 0.002 seconds [static and dynamic dependencies]. Details - ImportResultOutputID=f041ec7d9285eedbf50934e243391d6b DependenciesID=0c24133d67b58ef2fba5e0a2a4a48f99 StaticDependenciesID=93330b209cf5c5fc663942238efbf3ca 
Number of updated asset objects reloaded before import = 0
Number of asset objects unloaded after import = 0
========================================================================
Received Import Request.
  Time of request: 2026-10-01T08:15:26.4146123Z
  Time since last request: 0.0005494 seconds.
  importAddress: GUID: 4efd9ae82c4f5479ca6db8901432891b - Path: Packages/com.unity.visualscripting/Editor/VisualScripting.Core/Threading/ThreadableAssetWrapper.cs - Importer: ScriptedImporter/UnityEditor.QuickSearchModule:UnityEditor.Search:ASIAI0B
Importing 'GUID: 4efd9ae82c4f5479ca6db8901432891b - Path: Packages/com.unity.visualscripting/Editor/VisualScripting.Core/Threading/ThreadableAssetWrapper.cs - Importer: ScriptedImporter/UnityEditor.QuickSearchModule:UnityEditor.Search:ASIAI0B' with importer (ScriptedImporter : UnityEditor.QuickSearchModule:UnityEditor.Search:ASIAI0B)
Imported 'GUID: 4efd9ae82c4f5479ca6db8901432891b' -> (Import Result ID: '1d77a2ac52e81d3ba818fbcc1571d4ab') in 0.002 seconds [static and dynamic dependencies]. Details - ImportResultOutputID=084dda8daf109fe04bad982889ac68f9 DependenciesID=a48834b2e12b749f4ccc1b38623e14ab StaticDependenciesID=ff74fccbc17c1a299f67ed6da9a79775 
Number of updated asset objects reloaded before import = 0
Number of asset objects unloaded after import = 0
========================================================================
Received Import Request.
  Time of request: 2026-10-01T08:15:26.4256864Z
  Time since last request: 0.0003772 seconds.
  importAddress: GUID: 9e39b84d008654e7f97f6617706ee0d1 - Path: Packages/com.unity.visualscripting/Editor/VisualScripting.Core/Reflection/TypeOptionTree.cs - Importer: ScriptedImporter/UnityEditor.QuickSearchModule:UnityEditor.Search:ASIAI0B
Importing 'GUID: 9e39b84d008654e7f97f6617706ee0d1 - Path: Packages/com.unity.visualscripting/Editor/VisualScripting.Core/Reflection/TypeOptionTree.cs - Importer: ScriptedImporter/UnityEditor.QuickSearchModule:UnityEditor.Search:ASIAI0B' with importer (ScriptedImporter : UnityEditor.QuickSearchModule:UnityEditor.Search:ASIAI0B)
Imported 'GUID: 9e39b84d008654e7f97f6617706ee0d1' -> (Import Result ID: '18cd14086728280d711653ca9cf7706b') in 0.002 seconds [static and dynamic dependencies]. Details - ImportResultOutputID=c349230bb8cf4246c52139d16d754653 DependenciesID=39f23eee676ea8c415e574b1ff439ed7 StaticDependenciesID=0567383ddec26aa4f247d2c84ac4c286 
Number of updated asset objects reloaded before import = 0
Number of asset objects unloaded after import = 0
========================================================================
Received Import Request.
  Time of request: 2026-10-01T08:15:26.4362092Z
  Time since last request: 0.0002977 seconds.
  importAddress: GUID: 1cb1f41a31da547e593cfa8b58184bc0 - Path: Packages/com.unity.visualscripting/Editor/VisualScripting.Core/Utilities/NativeUtility.cs - Importer: ScriptedImporter/UnityEditor.QuickSearchModule:UnityEditor.Search:ASIAI0B
Importing 'GUID: 1cb1f41a31da547e593cfa8b58184bc0 - Path: Packages/com.unity.visualscripting/Editor/VisualScripting.Core/Utilities/NativeUtility.cs - Importer: ScriptedImporter/UnityEditor.QuickSearchModule:UnityEditor.Search:ASIAI0B' with importer (ScriptedImporter : UnityEditor.QuickSearchModule:UnityEditor.Search:ASIAI0B)
Imported 'GUID: 1cb1f41a31da547e593cfa8b58184bc0' -> (Import Result ID: '7d8e60f6623ba971c4ccd05489dcb28c') in 0.002 seconds [static and dynamic dependencies]. Details - ImportResultOutputID=4c0d378dacf1d2a972255aa5abeb4394 DependenciesID=c5690cedb04e25abd833d668900733c1 StaticDependenciesID=b81341dae8dff225079541063792143d 
Number of updated asset objects reloaded before import = 0
Number of asset objects unloaded after import = 0
========================================================================
Received Import Request.
  Time of request: 2026-10-01T08:15:26.446508Z
  Time since last request: 0.0002548 seconds.
  importAddress: GUID: e162af6d10b8b4a00b730e788480cf05 - Path: Packages/com.unity.visualscripting/Editor/VisualScripting.Core/Reflection/TypeOption.cs - Importer: ScriptedImporter/UnityEditor.QuickSearchModule:UnityEditor.Search:ASIAI0B
Importing 'GUID: e162af6d10b8b4a00b730e788480cf05 - Path: Packages/com.unity.visualscripting/Editor/VisualScripting.Core/Reflection/TypeOption.cs - Importer: ScriptedImporter/UnityEditor.QuickSearchModule:UnityEditor.Search:ASIAI0B' with importer (ScriptedImporter : UnityEditor.QuickSearchModule:UnityEditor.Search:ASIAI0B)
Imported 'GUID: e162af6d10b8b4a00b730e788480cf05' -> (Import Result ID: '1b6bd918c802ec659b2e2f6d6eb91795') in 0.001 seconds [static and dynamic dependencies]. Details - ImportResultOutputID=6423db5a7ef8156f18b57da479d8c2e1 DependenciesID=956b4850fbfeec41624f40dff6c73d02 StaticDependenciesID=88167ba745bd47bcec05a541b23cbd18 
Number of updated asset objects reloaded before import = 0
Number of asset objects unloaded after import = 0
========================================================================
Received Import Request.
  Time of request: 2026-10-01T08:15:26.4562603Z
  Time since last request: 0.0003898 seconds.
  importAddress: GUID: 7089744d1c79149858f9d5e05872a327 - Path: Packages/com.unity.visualscripting/Editor/VisualScripting.Core/Reflection/CodebaseSubset.cs - Importer: ScriptedImporter/UnityEditor.QuickSearchModule:UnityEditor.Search:ASIAI0B
Importing 'GUID: 7089744d1c79149858f9d5e05872a327 - Path: Packages/com.unity.visualscripting/Editor/VisualScripting.Core/Reflection/CodebaseSubset.cs - Importer: ScriptedImporter/UnityEditor.QuickSearchModule:UnityEditor.Search:ASIAI0B' with importer (ScriptedImporter : UnityEditor.QuickSearchModule:UnityEditor.Search:ASIAI0B)
Imported 'GUID: 7089744d1c79149858f9d5e05872a327' -> (Import Result ID: '682af3ed3a72bf0f545cd7690c8d9745') in 0.002 seconds [static and dynamic dependencies]. Details - ImportResultOutputID=63836ee76f8df34ca13568800958444c DependenciesID=4629effcabcb7f2f438d4ac7f767b517 StaticDependenciesID=fa2f1a58e9bf37b446eb8ee4e15e33fb 
Number of updated asset objects reloaded before import = 0
Number of asset objects unloaded after import = 0
========================================================================
Received Import Request.
  Time of request: 2026-10-01T08:15:26.4825914Z
  Time since last request: 0.0144696 seconds.
  importAddress: GUID: 66a77230ee8e44f3f917beab188d7ba2 - Path: Packages/com.unity.visualscripting/Editor/VisualScripting.Flow/Description/UnitDescriptor.cs - Importer: ScriptedImporter/UnityEditor.QuickSearchModule:UnityEditor.Search:ASIAI0B
Importing 'GUID: 66a77230ee8e44f3f917beab188d7ba2 - Path: Packages/com.unity.visualscripting/Editor/VisualScripting.Flow/Description/UnitDescriptor.cs - Importer: ScriptedImporter/UnityEditor.QuickSearchModule:UnityEditor.Search:ASIAI0B' with importer (ScriptedImporter : UnityEditor.QuickSearchModule:UnityEditor.Search:ASIAI0B)
Imported 'GUID: 66a77230ee8e44f3f917beab188d7ba2' -> (Import Result ID: '1ea7340e43aeffd605745720e5bc7fd5') in 0.002 seconds [static and dynamic dependencies]. Details - ImportResultOutputID=15cfc2dc58270dc20aa0866b45151c2c DependenciesID=db229c5a9cb9fc7bdefbc5fe68c3b550 StaticDependenciesID=cae7332a43b729d86d0afde3f5a549d7 
Number of updated asset objects reloaded before import = 0
Number of asset objects unloaded after import = 0
========================================================================
Received Import Request.
  Time of request: 2026-10-01T08:15:26.4926787Z
  Time since last request: 0.0004408 seconds.
  importAddress: GUID: 80dec885f050a4915a36ab2aeba5754f - Path: Packages/com.unity.visualscripting/Editor/VisualScripting.Flow/Events/MessageListenerEditor.cs - Importer: ScriptedImporter/UnityEditor.QuickSearchModule:UnityEditor.Search:ASIAI0B
Importing 'GUID: 80dec885f050a4915a36ab2aeba5754f - Path: Packages/com.unity.visualscripting/Editor/VisualScripting.Flow/Events/MessageListenerEditor.cs - Importer: ScriptedImporter/UnityEditor.QuickSearchModule:UnityEditor.Search:ASIAI0B' with importer (ScriptedImporter : UnityEditor.QuickSearchModule:UnityEditor.Search:ASIAI0B)
Imported 'GUID: 80dec885f050a4915a36ab2aeba5754f' -> (Import Result ID: '5a2536e9ccdaa301d364b19e0c874e2c') in 0.002 seconds [static and dynamic dependencies]. Details - ImportResultOutputID=125a72caf3a8267804d9d186b987523e DependenciesID=9d9cce1cbf5ae8e9e72280b790a82d44 StaticDependenciesID=35f74a108b77043bdc5aadc3b9474b0a 
Number of updated asset objects reloaded before import = 0
Number of asset objects unloaded after import = 0
========================================================================
Received Import Request.
  Time of request: 2026-10-01T08:15:26.5026649Z
  Time since last request: 0.0004452 seconds.
  importAddress: GUID: 3727f69e733244d983f1ff2b65d27413 - Path: Packages/com.unity.visualscripting/Editor/VisualScripting.Flow/Framework/InputActionInspector.cs - Importer: ScriptedImporter/UnityEditor.QuickSearchModule:UnityEditor.Search:ASIAI0B
Importing 'GUID: 3727f69e733244d983f1ff2b65d27413 - Path: Packages/com.unity.visualscripting/Editor/VisualScripting.Flow/Framework/InputActionInspector.cs - Importer: ScriptedImporter/UnityEditor.QuickSearchModule:UnityEditor.Search:ASIAI0B' with importer (ScriptedImporter : UnityEditor.QuickSearchModule:UnityEditor.Search:ASIAI0B)
Imported 'GUID: 3727f69e733244d983f1ff2b65d27413' -> (Import Result ID: 'c069bdf87201a6a8a874b2b7616d90a3') in 0.002 seconds [static and dynamic dependencies]. Details - ImportResultOutputID=94761de55861eca7b306382b25f25bc1 DependenciesID=b4ba894337a1121a890b4cda82d57f2f StaticDependenciesID=18607ac4ba80318a1953cecda5fb608a 
Number of updated asset objects reloaded before import = 0
Number of asset objects unloaded after import = 0
========================================================================
Received Import Request.
  Time of request: 2026-10-01T08:15:26.5141195Z
  Time since last request: 0.0003235 seconds.
  importAddress: GUID: 3abc02ba39ffa4dbe838a360c1b840f2 - Path: Packages/com.unity.visualscripting/Editor/VisualScripting.Core/Utilities/WarningLevel.cs - Importer: ScriptedImporter/UnityEditor.QuickSearchModule:UnityEditor.Search:ASIAI0B
Importing 'GUID: 3abc02ba39ffa4dbe838a360c1b840f2 - Path: Packages/com.unity.visualscripting/Editor/VisualScripting.Core/Utilities/WarningLevel.cs - Importer: ScriptedImporter/UnityEditor.QuickSearchModule:UnityEditor.Search:ASIAI0B' with importer (ScriptedImporter : UnityEditor.QuickSearchModule:UnityEditor.Search:ASIAI0B)
Imported 'GUID: 3abc02ba39ffa4dbe838a360c1b840f2' -> (Import Result ID: 'ac257b3d75f89524f97e16e5620ea459') in 0.002 seconds [static and dynamic dependencies]. Details - ImportResultOutputID=d72486b44c262d4b70bfb8e21f5c86b8 DependenciesID=dfdeaae599bde41c4aac001b9ad6e11e StaticDependenciesID=cc2dc0c9da87674d33a9cf3ea7260081 
Number of updated asset objects reloaded before import = 0
Number of asset objects unloaded after import = 0
========================================================================
Received Import Request.
  Time of request: 2026-10-01T08:15:26.5246783Z
  Time since last request: 0.0002406 seconds.
  importAddress: GUID: 60210ddff070d4317a631c12b354cd23 - Path: Packages/com.unity.visualscripting/Editor/VisualScripting.Flow/Events/TriggerCustomEventDescriptor.cs - Importer: ScriptedImporter/UnityEditor.QuickSearchModule:UnityEditor.Search:ASIAI0B
Importing 'GUID: 60210ddff070d4317a631c12b354cd23 - Path: Packages/com.unity.visualscripting/Editor/VisualScripting.Flow/Events/TriggerCustomEventDescriptor.cs - Importer: ScriptedImporter/UnityEditor.QuickSearchModule:UnityEditor.Search:ASIAI0B' with importer (ScriptedImporter : UnityEditor.QuickSearchModule:UnityEditor.Search:ASIAI0B)
Imported 'GUID: 60210ddff070d4317a631c12b354cd23' -> (Import Result ID: '02ef60189e712dc6c655132e82b78334') in 0.002 seconds [static and dynamic dependencies]. Details - ImportResultOutputID=4aff582c88058693225a83efa6bbedde DependenciesID=416407aa45d276ca67067f77b5ced008 StaticDependenciesID=2ef5b2a99314fc7b2aa78d826cf9bf28 
Number of updated asset objects reloaded before import = 0
Number of asset objects unloaded after import = 0
========================================================================
Received Import Request.
  Time of request: 2026-10-01T08:15:26.5343937Z
  Time since last request: 0.0002498 seconds.
  importAddress: GUID: d88c7deff78ad4226b20ab4dfc84f89c - Path: Packages/com.unity.visualscripting/Editor/VisualScripting.Flow/Connections/ControlConnectionWidget.cs - Importer: ScriptedImporter/UnityEditor.QuickSearchModule:UnityEditor.Search:ASIAI0B
Importing 'GUID: d88c7deff78ad4226b20ab4dfc84f89c - Path: Packages/com.unity.visualscripting/Editor/VisualScripting.Flow/Connections/ControlConnectionWidget.cs - Importer: ScriptedImporter/UnityEditor.QuickSearchModule:UnityEditor.Search:ASIAI0B' with importer (ScriptedImporter : UnityEditor.QuickSearchModule:UnityEditor.Search:ASIAI0B)
Imported 'GUID: d88c7deff78ad4226b20ab4dfc84f89c' -> (Import Result ID: '2a517134b76b9e27ee3485bf00b5a3cb') in 0.002 seconds [static and dynamic dependencies]. Details - ImportResultOutputID=1d47e9dcecb650a8198ff95fb95aaab1 DependenciesID=dc2c89607aa46b25a7be3c42993809a1 StaticDependenciesID=d83324f26cda03f580885abf421e3afb 
Number of updated asset objects reloaded before import = 0
Number of asset objects unloaded after import = 0
========================================================================
Received Import Request.
  Time of request: 2026-10-01T08:15:26.5445193Z
  Time since last request: 0.0002776 seconds.
  importAddress: GUID: 56cf596da32aa49c88d32bc55628d6a8 - Path: Packages/com.unity.visualscripting/Editor/VisualScripting.Core/Windows/GraphWindow.cs - Importer: ScriptedImporter/UnityEditor.QuickSearchModule:UnityEditor.Search:ASIAI0B
Importing 'GUID: 56cf596da32aa49c88d32bc55628d6a8 - Path: Packages/com.unity.visualscripting/Editor/VisualScripting.Core/Windows/GraphWindow.cs - Importer: ScriptedImporter/UnityEditor.QuickSearchModule:UnityEditor.Search:ASIAI0B' with importer (ScriptedImporter : UnityEditor.QuickSearchModule:UnityEditor.Search:ASIAI0B)
Imported 'GUID: 56cf596da32aa49c88d32bc55628d6a8' -> (Import Result ID: '28e5154f9cb8b5ef77f50c07fd8738ed') in 0.002 seconds [static and dynamic dependencies]. Details - ImportResultOutputID=bbf357475bda52ab8aa6da93f0f262b7 DependenciesID=4d54f6f558f38d8df8fd8191d83fd999 StaticDependenciesID=cd293426e86b697260a4c223d9b47487 
Number of updated asset objects reloaded before import = 0
Number of asset objects unloaded after import = 0
========================================================================
Received Import Request.
  Time of request: 2026-10-01T08:15:26.5545423Z
  Time since last request: 0.0004236 seconds.
  importAddress: GUID: 126c86684d04b4a04a339a951dbadc2c - Path: Packages/com.unity.visualscripting/Editor/VisualScripting.Core/Windows/ICanvasWindow.cs - Importer: ScriptedImporter/UnityEditor.QuickSearchModule:UnityEditor.Search:ASIAI0B
Importing 'GUID: 126c86684d04b4a04a339a951dbadc2c - Path: Packages/com.unity.visualscripting/Editor/VisualScripting.Core/Windows/ICanvasWindow.cs - Importer: ScriptedImporter/UnityEditor.QuickSearchModule:UnityEditor.Search:ASIAI0B' with importer (ScriptedImporter : UnityEditor.QuickSearchModule:UnityEditor.Search:ASIAI0B)
Imported 'GUID: 126c86684d04b4a04a339a951dbadc2c' -> (Import Result ID: '03195b323be0cf0d5adc7c25bd79fb68') in 0.002 seconds [static and dynamic dependencies]. Details - ImportResultOutputID=a1223cfa8e2c66d1d764e1c2a47ec26a DependenciesID=8a48ad1d51454f0c5139713936a5b7f1 StaticDependenciesID=a5af1903a822813be09202cb9e799384 
Number of updated asset objects reloaded before import = 0
Number of asset objects unloaded after import = 0
========================================================================
Received Import Request.
  Time of request: 2026-10-01T08:15:26.5709326Z
  Time since last request: 0.0059811 seconds.
  importAddress: GUID: e22fa013a1894b7f94abb820d303fb35 - Path: Packages/com.unity.visualscripting/Editor/VisualScripting.Flow/Options/UnitOptionUtility.cs - Importer: ScriptedImporter/UnityEditor.QuickSearchModule:UnityEditor.Search:ASIAI0B
Importing 'GUID: e22fa013a1894b7f94abb820d303fb35 - Path: Packages/com.unity.visualscripting/Editor/VisualScripting.Flow/Options/UnitOptionUtility.cs - Importer: ScriptedImporter/UnityEditor.QuickSearchModule:UnityEditor.Search:ASIAI0B' with importer (ScriptedImporter : UnityEditor.QuickSearchModule:UnityEditor.Search:ASIAI0B)
Imported 'GUID: e22fa013a1894b7f94abb820d303fb35' -> (Import Result ID: 'f9c209122f2eeca5094ab7472a250c74') in 0.002 seconds [static and dynamic dependencies]. Details - ImportResultOutputID=838a9879b22dfeb4ee18d1d4b6049823 DependenciesID=f995f6cf9e658686eb560ccce785bec5 StaticDependenciesID=23b4b54dc607163265e6888c45c5e3a3 
Number of updated asset objects reloaded before import = 0
Number of asset objects unloaded after import = 0
========================================================================
Received Import Request.
  Time of request: 2026-10-01T08:15:26.5828543Z
  Time since last request: 0.0002949 seconds.
  importAddress: GUID: 32950f866b53a45b7b44696721d28303 - Path: Packages/com.unity.visualscripting/Editor/VisualScripting.State/Flow/UnitBaseStateExtensions.cs - Importer: ScriptedImporter/UnityEditor.QuickSearchModule:UnityEditor.Search:ASIAI0B
Importing 'GUID: 32950f866b53a45b7b44696721d28303 - Path: Packages/com.unity.visualscripting/Editor/VisualScripting.State/Flow/UnitBaseStateExtensions.cs - Importer: ScriptedImporter/UnityEditor.QuickSearchModule:UnityEditor.Search:ASIAI0B' with importer (ScriptedImporter : UnityEditor.QuickSearchModule:UnityEditor.Search:ASIAI0B)
Imported 'GUID: 32950f866b53a45b7b44696721d28303' -> (Import Result ID: '7ce3c1b4c081081655fde5785e156c56') in 0.002 seconds [static and dynamic dependencies]. Details - ImportResultOutputID=c64644f6b01a07b219bbed8c9da5cfe7 DependenciesID=ef86cc50e87250d25f3defe7e109e1ae StaticDependenciesID=2c27ac13bb28a26576873f949b17b93b 
Number of updated asset objects reloaded before import = 0
Number of asset objects unloaded after import = 0
========================================================================
Received Import Request.
  Time of request: 2026-10-01T08:15:26.5944582Z
  Time since last request: 0.0005323 seconds.
  importAddress: GUID: 8143bcca23d9e4377b5974c05f42e6dc - Path: Packages/com.unity.visualscripting/Editor/VisualScripting.State/States/NesterStateWidget.cs - Importer: ScriptedImporter/UnityEditor.QuickSearchModule:UnityEditor.Search:ASIAI0B
Importing 'GUID: 8143bcca23d9e4377b5974c05f42e6dc - Path: Packages/com.unity.visualscripting/Editor/VisualScripting.State/States/NesterStateWidget.cs - Importer: ScriptedImporter/UnityEditor.QuickSearchModule:UnityEditor.Search:ASIAI0B' with importer (ScriptedImporter : UnityEditor.QuickSearchModule:UnityEditor.Search:ASIAI0B)
Imported 'GUID: 8143bcca23d9e4377b5974c05f42e6dc' -> (Import Result ID: '0123e66ce9fdf6b3952b0ff74cd3c1bc') in 0.002 seconds [static and dynamic dependencies]. Details - ImportResultOutputID=f441f7386851ba635da7790c298b9bb1 DependenciesID=46d2580c4127ff9a30a68d207cb81130 StaticDependenciesID=a90a240647a8d09e351296575c42c479 
Number of updated asset objects reloaded before import = 0
Number of asset objects unloaded after import = 0
========================================================================
Received Import Request.
  Time of request: 2026-10-01T08:15:26.605251Z
  Time since last request: 0.0007764 seconds.
  importAddress: GUID: c79884e53b00447fd8a9abe4b2a581a7 - Path: Packages/com.unity.visualscripting/Editor/VisualScripting.Flow/Properties/AssemblyInfo.cs - Importer: ScriptedImporter/UnityEditor.QuickSearchModule:UnityEditor.Search:ASIAI0B
Importing 'GUID: c79884e53b00447fd8a9abe4b2a581a7 - Path: Packages/com.unity.visualscripting/Editor/VisualScripting.Flow/Properties/AssemblyInfo.cs - Importer: ScriptedImporter/UnityEditor.QuickSearchModule:UnityEditor.Search:ASIAI0B' with importer (ScriptedImporter : UnityEditor.QuickSearchModule:UnityEditor.Search:ASIAI0B)
Imported 'GUID: c79884e53b00447fd8a9abe4b2a581a7' -> (Import Result ID: '20c92c6a9c39978d81e17822b9971951') in 0.002 seconds [static and dynamic dependencies]. Details - ImportResultOutputID=7c60cfe3fe1b6edb16bc08eec1e79fc4 DependenciesID=849bd5e443dd82423f7024f44988bb2c StaticDependenciesID=cba3d6f26fda049b82f9afaaa24dfb8a 
Number of updated asset objects reloaded before import = 0
Number of asset objects unloaded after import = 0
========================================================================
Received Import Request.
  Time of request: 2026-10-01T08:15:26.6151099Z
  Time since last request: 0.00036 seconds.
  importAddress: GUID: fd6fd6310ecb2405fae7d988941661de - Path: Packages/com.unity.visualscripting/Editor/VisualScripting.Flow/Options/IUnitOption.cs - Importer: ScriptedImporter/UnityEditor.QuickSearchModule:UnityEditor.Search:ASIAI0B
Importing 'GUID: fd6fd6310ecb2405fae7d988941661de - Path: Packages/com.unity.visualscripting/Editor/VisualScripting.Flow/Options/IUnitOption.cs - Importer: ScriptedImporter/UnityEditor.QuickSearchModule:UnityEditor.Search:ASIAI0B' with importer (ScriptedImporter : UnityEditor.QuickSearchModule:UnityEditor.Search:ASIAI0B)
Imported 'GUID: fd6fd6310ecb2405fae7d988941661de' -> (Import Result ID: '7b7d2c1bf95e287c4f2331843dda106e') in 0.002 seconds [static and dynamic dependencies]. Details - ImportResultOutputID=6e3ecb1bf5d025f36b849c1e62f65918 DependenciesID=d2e21eb6f9051cc2cb3f55825ace1662 StaticDependenciesID=dd196257d4009fa560c614d4669903c5 
Number of updated asset objects reloaded before import = 0
Number of asset objects unloaded after import = 0
========================================================================
Received Import Request.
  Time of request: 2026-10-01T08:15:26.6264491Z
  Time since last request: 0.000433 seconds.
  importAddress: GUID: c54ce026372e84ba19e0a32de76dd6c6 - Path: Packages/com.unity.visualscripting/Editor/VisualScripting.Flow/Ports/UnitInputPortWidget.cs - Importer: ScriptedImporter/UnityEditor.QuickSearchModule:UnityEditor.Search:ASIAI0B
Importing 'GUID: c54ce026372e84ba19e0a32de76dd6c6 - Path: Packages/com.unity.visualscripting/Editor/VisualScripting.Flow/Ports/UnitInputPortWidget.cs - Importer: ScriptedImporter/UnityEditor.QuickSearchModule:UnityEditor.Search:ASIAI0B' with importer (ScriptedImporter : UnityEditor.QuickSearchModule:UnityEditor.Search:ASIAI0B)
Imported 'GUID: c54ce026372e84ba19e0a32de76dd6c6' -> (Import Result ID: '5a9bfa528044daa4e1b8db9ea5124911') in 0.002 seconds [static and dynamic dependencies]. Details - ImportResultOutputID=03d3f4874be1e9979444afcf369687ff DependenciesID=a06229d9f734b5b12559856461d2a05d StaticDependenciesID=3943b020164e19b9762f9c00f7c1b8d3 
Number of updated asset objects reloaded before import = 0
Number of asset objects unloaded after import = 0
========================================================================
Received Import Request.
  Time of request: 2026-10-01T08:15:26.6365079Z
  Time since last request: 0.0002053 seconds.
  importAddress: GUID: 2cd0a0d24519f4791881db992d550519 - Path: Packages/com.unity.visualscripting/Editor/VisualScripting.Flow/Plugin/BoltFlowResources.cs - Importer: ScriptedImporter/UnityEditor.QuickSearchModule:UnityEditor.Search:ASIAI0B
Importing 'GUID: 2cd0a0d24519f4791881db992d550519 - Path: Packages/com.unity.visualscripting/Editor/VisualScripting.Flow/Plugin/BoltFlowResources.cs - Importer: ScriptedImporter/UnityEditor.QuickSearchModule:UnityEditor.Search:ASIAI0B' with importer (ScriptedImporter : UnityEditor.QuickSearchModule:UnityEditor.Search:ASIAI0B)
Imported 'GUID: 2cd0a0d24519f4791881db992d550519' -> (Import Result ID: '8d1a799fe9d78e139b06dbfdea7c41cd') in 0.002 seconds [static and dynamic dependencies]. Details - ImportResultOutputID=56288e8f5cd7013f2b13b7bfd12d7402 DependenciesID=ff282a92ef591fecd14e84500e357f0b StaticDependenciesID=4c4c6a74772d8339843cdb6ec7b8512f 
Number of updated asset objects reloaded before import = 0
Number of asset objects unloaded after import = 0
========================================================================
Received Import Request.
  Time of request: 2026-10-01T08:15:26.6462914Z
  Time since last request: 0.0004352 seconds.
  importAddress: GUID: a4f254763f3b04a1093c56f87e4ddd8b - Path: Packages/com.unity.visualscripting/Editor/VisualScripting.Flow/Units/IUnitWidget.cs - Importer: ScriptedImporter/UnityEditor.QuickSearchModule:UnityEditor.Search:ASIAI0B
Importing 'GUID: a4f254763f3b04a1093c56f87e4ddd8b - Path: Packages/com.unity.visualscripting/Editor/VisualScripting.Flow/Units/IUnitWidget.cs - Importer: ScriptedImporter/UnityEditor.QuickSearchModule:UnityEditor.Search:ASIAI0B' with importer (ScriptedImporter : UnityEditor.QuickSearchModule:UnityEditor.Search:ASIAI0B)
Imported 'GUID: a4f254763f3b04a1093c56f87e4ddd8b' -> (Import Result ID: 'a9f7c124dcaa817afaf60fc64d1e15aa') in 0.002 seconds [static and dynamic dependencies]. Details - ImportResultOutputID=4446961eaed8a54ab4e7605d3bfcc2af DependenciesID=7e1be698c3dd777eb9ca841ceb11d603 StaticDependenciesID=474b441639d05024544c95f08c6b8bdc 
Number of updated asset objects reloaded before import = 0
Number of asset objects unloaded after import = 0
========================================================================
Received Import Request.
  Time of request: 2026-10-01T08:15:26.6741453Z
  Time since last request: 0.0180664 seconds.
  importAddress: GUID: 8ef1aa7bad824d558b8d03c83a9ad2f0 - Path: Packages/com.unity.visualscripting/Runtime/VisualScripting.Core/Decorators/ValueAttribute.cs - Importer: ScriptedImporter/UnityEditor.QuickSearchModule:UnityEditor.Search:ASIAI0B
Importing 'GUID: 8ef1aa7bad824d558b8d03c83a9ad2f0 - Path: Packages/com.unity.visualscripting/Runtime/VisualScripting.Core/Decorators/ValueAttribute.cs - Importer: ScriptedImporter/UnityEditor.QuickSearchModule:UnityEditor.Search:ASIAI0B' with importer (ScriptedImporter : UnityEditor.QuickSearchModule:UnityEditor.Search:ASIAI0B)
Imported 'GUID: 8ef1aa7bad824d558b8d03c83a9ad2f0' -> (Import Result ID: 'a556d3bfed2ad068a97509258c96687a') in 0.002 seconds [static and dynamic dependencies]. Details - ImportResultOutputID=2f08bf1afc97bbe841e4d65b2328ec26 DependenciesID=2c62c7cf1ca47851d416253071976afa StaticDependenciesID=931858c1e30980f3b763618027bcbd25 
Number of updated asset objects reloaded before import = 0
Number of asset objects unloaded after import = 0
========================================================================
Received Import Request.
  Time of request: 2026-10-01T08:15:26.6853484Z
  Time since last request: 0.0004062 seconds.
  importAddress: GUID: 43726dbe3dc9b43e7b7757fe847b033a - Path: Packages/com.unity.visualscripting/Runtime/VisualScripting.Core/Collections/NonNullableList.cs - Importer: ScriptedImporter/UnityEditor.QuickSearchModule:UnityEditor.Search:ASIAI0B
Importing 'GUID: 43726dbe3dc9b43e7b7757fe847b033a - Path: Packages/com.unity.visualscripting/Runtime/VisualScripting.Core/Collections/NonNullableList.cs - Importer: ScriptedImporter/UnityEditor.QuickSearchModule:UnityEditor.Search:ASIAI0B' with importer (ScriptedImporter : UnityEditor.QuickSearchModule:UnityEditor.Search:ASIAI0B)
Imported 'GUID: 43726dbe3dc9b43e7b7757fe847b033a' -> (Import Result ID: 'bbdfa876fba60eb5b75a727edf80a228') in 0.002 seconds [static and dynamic dependencies]. Details - ImportResultOutputID=d38dbad950fed1de6f7a72bd37f5abd6 DependenciesID=b4566e3ae80eadd44d02fdc5f8dedaf3 StaticDependenciesID=791e841f859434b52953c12acebb06bc 
Number of updated asset objects reloaded before import = 0
Number of asset objects unloaded after import = 0
========================================================================
Received Import Request.
  Time of request: 2026-10-01T08:15:26.6951618Z
  Time since last request: 0.0003202 seconds.
  importAddress: GUID: 954150586dd10405f91f4be9407eeff1 - Path: Packages/com.unity.visualscripting/Runtime/VisualScripting.Core/Collections/IMergedCollection.cs - Importer: ScriptedImporter/UnityEditor.QuickSearchModule:UnityEditor.Search:ASIAI0B
Importing 'GUID: 954150586dd10405f91f4be9407eeff1 - Path: Packages/com.unity.visualscripting/Runtime/VisualScripting.Core/Collections/IMergedCollection.cs - Importer: ScriptedImporter/UnityEditor.QuickSearchModule:UnityEditor.Search:ASIAI0B' with importer (ScriptedImporter : UnityEditor.QuickSearchModule:UnityEditor.Search:ASIAI0B)
Imported 'GUID: 954150586dd10405f91f4be9407eeff1' -> (Import Result ID: 'c8fc098931322921796b306697c883d9') in 0.005 seconds [static and dynamic dependencies]. Details - ImportResultOutputID=7e4b3d4de6e190f8691468d5a0dc7270 DependenciesID=503950994bb3ba3b39255038da9f7199 StaticDependenciesID=1a5478ccc708f3cfbfdc09e1d0a88800 
Number of updated asset objects reloaded before import = 0
Number of asset objects unloaded after import = 0
========================================================================
Received Import Request.
  Time of request: 2026-10-01T08:15:26.7111618Z
  Time since last request: 0.0003099 seconds.
  importAddress: GUID: 2cf1e35e2ea20404cb31e0153aec76c7 - Path: Packages/com.unity.visualscripting/Editor/VisualScripting.State/Transitions/StateTransitionDescription.cs - Importer: ScriptedImporter/UnityEditor.QuickSearchModule:UnityEditor.Search:ASIAI0B
Importing 'GUID: 2cf1e35e2ea20404cb31e0153aec76c7 - Path: Packages/com.unity.visualscripting/Editor/VisualScripting.State/Transitions/StateTransitionDescription.cs - Importer: ScriptedImporter/UnityEditor.QuickSearchModule:UnityEditor.Search:ASIAI0B' with importer (ScriptedImporter : UnityEditor.QuickSearchModule:UnityEditor.Search:ASIAI0B)
Imported 'GUID: 2cf1e35e2ea20404cb31e0153aec76c7' -> (Import Result ID: '7a653319e4fabc39391db66ab83d9ec9') in 0.002 seconds [static and dynamic dependencies]. Details - ImportResultOutputID=d51491113b2a514162a092f8d45fd82e DependenciesID=98f40d619e828642e3a3396bd02cf284 StaticDependenciesID=61d6a9aea9d7444f149be729c906c70c 
Number of updated asset objects reloaded before import = 0
Number of asset objects unloaded after import = 0
========================================================================
Received Import Request.
  Time of request: 2026-10-01T08:15:26.7212244Z
  Time since last request: 0.0003629 seconds.
  importAddress: GUID: 8b1b785745a7f45e7aeb8928f8301c7e - Path: Packages/com.unity.visualscripting/Runtime/VisualScripting.Core/Connections/IConnectionCollection.cs - Importer: ScriptedImporter/UnityEditor.QuickSearchModule:UnityEditor.Search:ASIAI0B
Importing 'GUID: 8b1b785745a7f45e7aeb8928f8301c7e - Path: Packages/com.unity.visualscripting/Runtime/VisualScripting.Core/Connections/IConnectionCollection.cs - Importer: ScriptedImporter/UnityEditor.QuickSearchModule:UnityEditor.Search:ASIAI0B' with importer (ScriptedImporter : UnityEditor.QuickSearchModule:UnityEditor.Search:ASIAI0B)
Imported 'GUID: 8b1b785745a7f45e7aeb8928f8301c7e' -> (Import Result ID: '9ccbc8b6b88d2d130b334372a781e487') in 0.002 seconds [static and dynamic dependencies]. Details - ImportResultOutputID=e0a5bc7d9d4a96a5ac4893ae020a6aa3 DependenciesID=1c9421ae226d6bfa33a842a427f28489 StaticDependenciesID=7b97f0cce2b6b34fb1db8d9c0a3c6f37 
Number of updated asset objects reloaded before import = 0
Number of asset objects unloaded after import = 0
========================================================================
Received Import Request.
  Time of request: 2026-10-01T08:15:26.7309203Z
  Time since last request: 0.0002082 seconds.
  importAddress: GUID: db8af6900bbbd4c77818f39666021768 - Path: Packages/com.unity.visualscripting/Runtime/VisualScripting.Core/Collections/INotifyCollectionChanged.cs - Importer: ScriptedImporter/UnityEditor.QuickSearchModule:UnityEditor.Search:ASIAI0B
Importing 'GUID: db8af6900bbbd4c77818f39666021768 - Path: Packages/com.unity.visualscripting/Runtime/VisualScripting.Core/Collections/INotifyCollectionChanged.cs - Importer: ScriptedImporter/UnityEditor.QuickSearchModule:UnityEditor.Search:ASIAI0B' with importer (ScriptedImporter : UnityEditor.QuickSearchModule:UnityEditor.Search:ASIAI0B)
Imported 'GUID: db8af6900bbbd4c77818f39666021768' -> (Import Result ID: 'f5e7d8177cd70b95fe5b00a6183e3abf') in 0.002 seconds [static and dynamic dependencies]. Details - ImportResultOutputID=98e58f82e06afbb054b6aa5cfd69af50 DependenciesID=32bbabd17604b9b1b2141092184435f1 StaticDependenciesID=d3fa39a0d04c334b23e2c31a91facad6 
Number of updated asset objects reloaded before import = 0
Number of asset objects unloaded after import = 0
========================================================================
Received Import Request.
  Time of request: 2026-10-01T08:15:26.7406317Z
  Time since last request: 0.0004369 seconds.
  importAddress: GUID: 0f23d5c6cf81d46a99f18c2f734bdccc - Path: Packages/com.unity.visualscripting/Runtime/VisualScripting.Core/Collections/FlexibleDictionary.cs - Importer: ScriptedImporter/UnityEditor.QuickSearchModule:UnityEditor.Search:ASIAI0B
Importing 'GUID: 0f23d5c6cf81d46a99f18c2f734bdccc - Path: Packages/com.unity.visualscripting/Runtime/VisualScripting.Core/Collections/FlexibleDictionary.cs - Importer: ScriptedImporter/UnityEditor.QuickSearchModule:UnityEditor.Search:ASIAI0B' with importer (ScriptedImporter : UnityEditor.QuickSearchModule:UnityEditor.Search:ASIAI0B)
Imported 'GUID: 0f23d5c6cf81d46a99f18c2f734bdccc' -> (Import Result ID: '5967ac4b4b9e946abf64e77305154b1a') in 0.002 seconds [static and dynamic dependencies]. Details - ImportResultOutputID=c82a96276375e34b0f2ed32a7f8c6c4f DependenciesID=04f0aac61fc13034e2c19fa81d1eb3a4 StaticDependenciesID=870446e2a2ec510d912a31867fcf8144 
Number of updated asset objects reloaded before import = 0
Number of asset objects unloaded after import = 0
========================================================================
Received Import Request.
  Time of request: 2026-10-01T08:15:26.7782609Z
  Time since last request: 0.027726 seconds.
  importAddress: GUID: 4da0cf276f0824701b16235437b01c34 - Path: Packages/com.unity.visualscripting/Runtime/VisualScripting.Core/Graphs/IGraphItem.cs - Importer: ScriptedImporter/UnityEditor.QuickSearchModule:UnityEditor.Search:ASIAI0B
Importing 'GUID: 4da0cf276f0824701b16235437b01c34 - Path: Packages/com.unity.visualscripting/Runtime/VisualScripting.Core/Graphs/IGraphItem.cs - Importer: ScriptedImporter/UnityEditor.QuickSearchModule:UnityEditor.Search:ASIAI0B' with importer (ScriptedImporter : UnityEditor.QuickSearchModule:UnityEditor.Search:ASIAI0B)
Imported 'GUID: 4da0cf276f0824701b16235437b01c34' -> (Import Result ID: '5a8b6222e9683f5a91d17ae2c7b25ce7') in 0.003 seconds [static and dynamic dependencies]. Details - ImportResultOutputID=3c31a452aa64d1a0a61c1145a8ee14b7 DependenciesID=6ea82ab42357e0006b441350a3d8c089 StaticDependenciesID=b363d586f40d14889840bd414f8df048 
Number of updated asset objects reloaded before import = 0
Number of asset objects unloaded after import = 0
========================================================================
Received Import Request.
  Time of request: 2026-10-01T08:15:26.7901766Z
  Time since last request: 0.0004325 seconds.
  importAddress: GUID: 2ab8e5443dc724e9e87dceb9629ec223 - Path: Packages/com.unity.visualscripting/Runtime/VisualScripting.Core/EditorBinding/PredictableAttribute.cs - Importer: ScriptedImporter/UnityEditor.QuickSearchModule:UnityEditor.Search:ASIAI0B
Importing 'GUID: 2ab8e5443dc724e9e87dceb9629ec223 - Path: Packages/com.unity.visualscripting/Runtime/VisualScripting.Core/EditorBinding/PredictableAttribute.cs - Importer: ScriptedImporter/UnityEditor.QuickSearchModule:UnityEditor.Search:ASIAI0B' with importer (ScriptedImporter : UnityEditor.QuickSearchModule:UnityEditor.Search:ASIAI0B)
Imported 'GUID: 2ab8e5443dc724e9e87dceb9629ec223' -> (Import Result ID: 'a4e607c36f9656e63b0776b0e126d5f9') in 0.002 seconds [static and dynamic dependencies]. Details - ImportResultOutputID=d79d0c34ae35ae39017662a1b9b40c6f DependenciesID=82926c6bff2152bedca12d5b48ce5557 StaticDependenciesID=692e27a36f7b32451a01fdcf19895b9f 
Number of updated asset objects reloaded before import = 0
Number of asset objects unloaded after import = 0
========================================================================
Received Import Request.
  Time of request: 2026-10-01T08:15:26.8004603Z
  Time since last request: 0.0002444 seconds.
  importAddress: GUID: 38b235dd087ab4b8782eee9e958246fc - Path: Packages/com.unity.visualscripting/Runtime/VisualScripting.Core/Events/EventHookComparer.cs - Importer: ScriptedImporter/UnityEditor.QuickSearchModule:UnityEditor.Search:ASIAI0B
Importing 'GUID: 38b235dd087ab4b8782eee9e958246fc - Path: Packages/com.unity.visualscripting/Runtime/VisualScripting.Core/Events/EventHookComparer.cs - Importer: ScriptedImporter/UnityEditor.QuickSearchModule:UnityEditor.Search:ASIAI0B' with importer (ScriptedImporter : UnityEditor.QuickSearchModule:UnityEditor.Search:ASIAI0B)
Imported 'GUID: 38b235dd087ab4b8782eee9e958246fc' -> (Import Result ID: 'fab5e84f1b96416cc9af81843ea6fa0d') in 0.002 seconds [static and dynamic dependencies]. Details - ImportResultOutputID=e3afa8d657dec6aeb0b6ccd340b11812 DependenciesID=c62b094b922d7e0bfdfb2174b7bbb39d StaticDependenciesID=d0fc97fa6cb9023dfed051711a336e55 
Number of updated asset objects reloaded before import = 0
Number of asset objects unloaded after import = 0
========================================================================
Received Import Request.
  Time of request: 2026-10-01T08:15:26.8106964Z
  Time since last request: 0.0003689 seconds.
  importAddress: GUID: dd19e32f1cc4b4aa0be94290188834ef - Path: Packages/com.unity.visualscripting/Runtime/VisualScripting.Core/Graphs/GraphElementCollection.cs - Importer: ScriptedImporter/UnityEditor.QuickSearchModule:UnityEditor.Search:ASIAI0B
Importing 'GUID: dd19e32f1cc4b4aa0be94290188834ef - Path: Packages/com.unity.visualscripting/Runtime/VisualScripting.Core/Graphs/GraphElementCollection.cs - Importer: ScriptedImporter/UnityEditor.QuickSearchModule:UnityEditor.Search:ASIAI0B' with importer (ScriptedImporter : UnityEditor.QuickSearchModule:UnityEditor.Search:ASIAI0B)
Imported 'GUID: dd19e32f1cc4b4aa0be94290188834ef' -> (Import Result ID: '9e562aa05ac3335f8c099252992159a8') in 0.002 seconds [static and dynamic dependencies]. Details - ImportResultOutputID=d760dc30a0ddb6e56aa47127bb605826 DependenciesID=1e850544f9ddfad05c84a91191146463 StaticDependenciesID=6f999cdc9b462b339dffb1e480d99125 
Number of updated asset objects reloaded before import = 0
Number of asset objects unloaded after import = 0
========================================================================
Received Import Request.
  Time of request: 2026-10-01T08:15:26.8217006Z
  Time since last request: 0.0003393 seconds.
  importAddress: GUID: 7f68b088e619c460d8aa786bc78bc3e9 - Path: Packages/com.unity.visualscripting/Runtime/VisualScripting.Core/Graphs/GraphReference.cs - Importer: ScriptedImporter/UnityEditor.QuickSearchModule:UnityEditor.Search:ASIAI0B
Importing 'GUID: 7f68b088e619c460d8aa786bc78bc3e9 - Path: Packages/com.unity.visualscripting/Runtime/VisualScripting.Core/Graphs/GraphReference.cs - Importer: ScriptedImporter/UnityEditor.QuickSearchModule:UnityEditor.Search:ASIAI0B' with importer (ScriptedImporter : UnityEditor.QuickSearchModule:UnityEditor.Search:ASIAI0B)
Imported 'GUID: 7f68b088e619c460d8aa786bc78bc3e9' -> (Import Result ID: '4be64facdaf40ac21dbc570e4bc864df') in 0.002 seconds [static and dynamic dependencies]. Details - ImportResultOutputID=25c03f7885de090e673f2fd17b03ec2e DependenciesID=98bf2125c7db4b1a032214be26926771 StaticDependenciesID=a374ef6ef2003584154de30723603adc 
Number of updated asset objects reloaded before import = 0
Number of asset objects unloaded after import = 0
========================================================================
Received Import Request.
  Time of request: 2026-10-01T08:15:26.8314107Z
  Time since last request: 0.0003957 seconds.
  importAddress: GUID: 247e67bb172ec4f9ca3abe6ad0f6057c - Path: Packages/com.unity.visualscripting/Runtime/VisualScripting.Core/EditorBinding/Typeset.cs - Importer: ScriptedImporter/UnityEditor.QuickSearchModule:UnityEditor.Search:ASIAI0B
Importing 'GUID: 247e67bb172ec4f9ca3abe6ad0f6057c - Path: Packages/com.unity.visualscripting/Runtime/VisualScripting.Core/EditorBinding/Typeset.cs - Importer: ScriptedImporter/UnityEditor.QuickSearchModule:UnityEditor.Search:ASIAI0B' with importer (ScriptedImporter : UnityEditor.QuickSearchModule:UnityEditor.Search:ASIAI0B)
Imported 'GUID: 247e67bb172ec4f9ca3abe6ad0f6057c' -> (Import Result ID: 'ef7be058ea4dace8c9d89133e240d217') in 0.002 seconds [static and dynamic dependencies]. Details - ImportResultOutputID=b1c991429faa10aac03e2aaabe184d06 DependenciesID=401a3556634f74b0b4ee4d47fdd115af StaticDependenciesID=d9f3db85678dbb26a518d07ebba87276 
Number of updated asset objects reloaded before import = 0
Number of asset objects unloaded after import = 0
========================================================================
Received Import Request.
  Time of request: 2026-10-01T08:15:26.8421018Z
  Time since last request: 0.0003658 seconds.
  importAddress: GUID: ed948b29f5fab40c2b0a902e8248cc20 - Path: Packages/com.unity.visualscripting/Runtime/VisualScripting.Core/Events/IEventGraph.cs - Importer: ScriptedImporter/UnityEditor.QuickSearchModule:UnityEditor.Search:ASIAI0B
Importing 'GUID: ed948b29f5fab40c2b0a902e8248cc20 - Path: Packages/com.unity.visualscripting/Runtime/VisualScripting.Core/Events/IEventGraph.cs - Importer: ScriptedImporter/UnityEditor.QuickSearchModule:UnityEditor.Search:ASIAI0B' with importer (ScriptedImporter : UnityEditor.QuickSearchModule:UnityEditor.Search:ASIAI0B)
Imported 'GUID: ed948b29f5fab40c2b0a902e8248cc20' -> (Import Result ID: '4e431fa9575140d7afe8f95c6e2a5fdf') in 0.002 seconds [static and dynamic dependencies]. Details - ImportResultOutputID=8745f4456e9c05b3557a73fad37f710d DependenciesID=ac8916077370a752dc8d660696af0d5f StaticDependenciesID=687e27e4c7cfa8ba508e94790573727b 
Number of updated asset objects reloaded before import = 0
Number of asset objects unloaded after import = 0
========================================================================
Received Import Request.
  Time of request: 2026-10-01T08:15:26.8642772Z
  Time since last request: 0.010471 seconds.
  importAddress: GUID: f8d23c009f9bb48c9847807672f6b8fd - Path: Packages/com.unity.visualscripting/Runtime/VisualScripting.Core/Profiling/ProfiledSegment.cs - Importer: ScriptedImporter/UnityEditor.QuickSearchModule:UnityEditor.Search:ASIAI0B
Importing 'GUID: f8d23c009f9bb48c9847807672f6b8fd - Path: Packages/com.unity.visualscripting/Runtime/VisualScripting.Core/Profiling/ProfiledSegment.cs - Importer: ScriptedImporter/UnityEditor.QuickSearchModule:UnityEditor.Search:ASIAI0B' with importer (ScriptedImporter : UnityEditor.QuickSearchModule:UnityEditor.Search:ASIAI0B)
Imported 'GUID: f8d23c009f9bb48c9847807672f6b8fd' -> (Import Result ID: 'f57aa4d7843c1a852a53aa01016ce8ac') in 0.002 seconds [static and dynamic dependencies]. Details - ImportResultOutputID=2c1d6bbb19a9ea1cc0aac9af59ce8ad2 DependenciesID=8800739f91780ca2eb063de2f9c09df1 StaticDependenciesID=b0e28f30dff274ae27e6f3416970081d 
Number of updated asset objects reloaded before import = 0
Number of asset objects unloaded after import = 0
========================================================================
Received Import Request.
  Time of request: 2026-10-01T08:15:26.8744238Z
  Time since last request: 0.0006114 seconds.
  importAddress: GUID: db30954ac2e284a7390463bc6ea7da20 - Path: Packages/com.unity.visualscripting/Runtime/VisualScripting.Core/Serialization/DoNotSerializeAttribute.cs - Importer: ScriptedImporter/UnityEditor.QuickSearchModule:UnityEditor.Search:ASIAI0B
Importing 'GUID: db30954ac2e284a7390463bc6ea7da20 - Path: Packages/com.unity.visualscripting/Runtime/VisualScripting.Core/Serialization/DoNotSerializeAttribute.cs - Importer: ScriptedImporter/UnityEditor.QuickSearchModule:UnityEditor.Search:ASIAI0B' with importer (ScriptedImporter : UnityEditor.QuickSearchModule:UnityEditor.Search:ASIAI0B)
Imported 'GUID: db30954ac2e284a7390463bc6ea7da20' -> (Import Result ID: '6558ef1dc7907d51ab26ab476a0012ee') in 0.002 seconds [static and dynamic dependencies]. Details - ImportResultOutputID=e7b075a3f8d197b490f5d246c33fe526 DependenciesID=c74dec7b4f74c7dd452d1e6eecef5886 StaticDependenciesID=15ba195a0cde358c9bae43b03a32b20d 
Number of updated asset objects reloaded before import = 0
Number of asset objects unloaded after import = 0
========================================================================
Received Import Request.
  Time of request: 2026-10-01T08:15:26.8855282Z
  Time since last request: 0.0003347 seconds.
  importAddress: GUID: 3285d7e90c0424169943385822822d8a - Path: Packages/com.unity.visualscripting/Runtime/VisualScripting.Core/Pooling/ManualPool.cs - Importer: ScriptedImporter/UnityEditor.QuickSearchModule:UnityEditor.Search:ASIAI0B
Importing 'GUID: 3285d7e90c0424169943385822822d8a - Path: Packages/com.unity.visualscripting/Runtime/VisualScripting.Core/Pooling/ManualPool.cs - Importer: ScriptedImporter/UnityEditor.QuickSearchModule:UnityEditor.Search:ASIAI0B' with importer (ScriptedImporter : UnityEditor.QuickSearchModule:UnityEditor.Search:ASIAI0B)
Imported 'GUID: 3285d7e90c0424169943385822822d8a' -> (Import Result ID: '2e750a8e77573376d2b5a96536fa3602') in 0.002 seconds [static and dynamic dependencies]. Details - ImportResultOutputID=66d43fbc6c6387545fa91283c2eb4a4b DependenciesID=c23f578880177c06660cd838a3dbde8d StaticDependenciesID=f8cc634f73883073ea8021ac25ed15b7 
Number of updated asset objects reloaded before import = 0
Number of asset objects unloaded after import = 0
========================================================================
Received Import Request.
  Time of request: 2026-10-01T08:15:26.8956525Z
  Time since last request: 0.0005407 seconds.
  importAddress: GUID: 74cb3a48f49084b4ea7970304b3889a9 - Path: Packages/com.unity.visualscripting/Runtime/VisualScripting.Core/Serialization/ISerializationDependency.cs - Importer: ScriptedImporter/UnityEditor.QuickSearchModule:UnityEditor.Search:ASIAI0B
Importing 'GUID: 74cb3a48f49084b4ea7970304b3889a9 - Path: Packages/com.unity.visualscripting/Runtime/VisualScripting.Core/Serialization/ISerializationDependency.cs - Importer: ScriptedImporter/UnityEditor.QuickSearchModule:UnityEditor.Search:ASIAI0B' with importer (ScriptedImporter : UnityEditor.QuickSearchModule:UnityEditor.Search:ASIAI0B)
Imported 'GUID: 74cb3a48f49084b4ea7970304b3889a9' -> (Import Result ID: 'c6386a489821162fe3641bc03640ec22') in 0.002 seconds [static and dynamic dependencies]. Details - ImportResultOutputID=84e4e6d5974f0015fcd39a967da05bf8 DependenciesID=f3cc0ef7d2af78c8cb595ce25f2998fc StaticDependenciesID=947d631f01398ae277bf397e1d4e3a3f 
Number of updated asset objects reloaded before import = 0
Number of asset objects unloaded after import = 0
========================================================================
Received Import Request.
  Time of request: 2026-10-01T08:15:26.9063025Z
  Time since last request: 0.000487 seconds.
  importAddress: GUID: 823de046c493643b397faa358568303a - Path: Packages/com.unity.visualscripting/Runtime/VisualScripting.Core/Reflection/IAttributeProvider.cs - Importer: ScriptedImporter/UnityEditor.QuickSearchModule:UnityEditor.Search:ASIAI0B
Importing 'GUID: 823de046c493643b397faa358568303a - Path: Packages/com.unity.visualscripting/Runtime/VisualScripting.Core/Reflection/IAttributeProvider.cs - Importer: ScriptedImporter/UnityEditor.QuickSearchModule:UnityEditor.Search:ASIAI0B' with importer (ScriptedImporter : UnityEditor.QuickSearchModule:UnityEditor.Search:ASIAI0B)
Imported 'GUID: 823de046c493643b397faa358568303a' -> (Import Result ID: '4785949dea2000716e066e1eedef2180') in 0.002 seconds [static and dynamic dependencies]. Details - ImportResultOutputID=445baff6d437f0370aab98367ecfba9e DependenciesID=2fdfaaf2f35d23d962bc26b6e29a6deb StaticDependenciesID=253164617707482158bb3df1a5dca30d 
Number of updated asset objects reloaded before import = 0
Number of asset objects unloaded after import = 0
========================================================================
Received Import Request.
  Time of request: 2026-10-01T08:15:26.9188127Z
  Time since last request: 0.0005155 seconds.
  importAddress: GUID: 9f4dc1e2bfd0e486eaf70b322db267c1 - Path: Packages/com.unity.visualscripting/Runtime/VisualScripting.Core/Reflection/LooseAssemblyName.cs - Importer: ScriptedImporter/UnityEditor.QuickSearchModule:UnityEditor.Search:ASIAI0B
Importing 'GUID: 9f4dc1e2bfd0e486eaf70b322db267c1 - Path: Packages/com.unity.visualscripting/Runtime/VisualScripting.Core/Reflection/LooseAssemblyName.cs - Importer: ScriptedImporter/UnityEditor.QuickSearchModule:UnityEditor.Search:ASIAI0B' with importer (ScriptedImporter : UnityEditor.QuickSearchModule:UnityEditor.Search:ASIAI0B)
Imported 'GUID: 9f4dc1e2bfd0e486eaf70b322db267c1' -> (Import Result ID: 'b405810fec559183ed26b6eb728737c8') in 0.002 seconds [static and dynamic dependencies]. Details - ImportResultOutputID=0c5e5ef23337b1ff42059e9638240016 DependenciesID=8631f631bc1121a9c50d4873e3c3ddae StaticDependenciesID=ef1696c3a4105caa01e5225fadbba99d 
Number of updated asset objects reloaded before import = 0
Number of asset objects unloaded after import = 0
========================================================================
Received Import Request.
  Time of request: 2026-10-01T08:15:26.9335089Z
  Time since last request: 0.0003368 seconds.
  importAddress: GUID: ad05adb7ed2c342ac84cf9a4aafce6fb - Path: Packages/com.unity.visualscripting/Runtime/VisualScripting.Core/Graphs/IGraphParent.cs - Importer: ScriptedImporter/UnityEditor.QuickSearchModule:UnityEditor.Search:ASIAI0B
Importing 'GUID: ad05adb7ed2c342ac84cf9a4aafce6fb - Path: Packages/com.unity.visualscripting/Runtime/VisualScripting.Core/Graphs/IGraphParent.cs - Importer: ScriptedImporter/UnityEditor.QuickSearchModule:UnityEditor.Search:ASIAI0B' with importer (ScriptedImporter : UnityEditor.QuickSearchModule:UnityEditor.Search:ASIAI0B)
Imported 'GUID: ad05adb7ed2c342ac84cf9a4aafce6fb' -> (Import Result ID: '5acbcd97a723443054efb9148496ee4a') in 0.002 seconds [static and dynamic dependencies]. Details - ImportResultOutputID=277c31fd881dea75552671d3f2d1196c DependenciesID=06a626a1181665071db6fa0add887748 StaticDependenciesID=deae62cf51b36ed51583397588f2757d 
Number of updated asset objects reloaded before import = 0
Number of asset objects unloaded after import = 0
========================================================================
Received Import Request.
  Time of request: 2026-10-01T08:15:26.9584367Z
  Time since last request: 0.0131079 seconds.
  importAddress: GUID: 552f45a311fac42f8906935140290279 - Path: Packages/com.unity.visualscripting/Runtime/VisualScripting.Core/Unity/LudiqBehaviour.cs - Importer: ScriptedImporter/UnityEditor.QuickSearchModule:UnityEditor.Search:ASIAI0B
Importing 'GUID: 552f45a311fac42f8906935140290279 - Path: Packages/com.unity.visualscripting/Runtime/VisualScripting.Core/Unity/LudiqBehaviour.cs - Importer: ScriptedImporter/UnityEditor.QuickSearchModule:UnityEditor.Search:ASIAI0B' with importer (ScriptedImporter : UnityEditor.QuickSearchModule:UnityEditor.Search:ASIAI0B)
Imported 'GUID: 552f45a311fac42f8906935140290279' -> (Import Result ID: '9d671ad7f4d397aec6348fef77c634cb') in 0.002 seconds [static and dynamic dependencies]. Details - ImportResultOutputID=cf0ca5f8d40aa79036fd2d8373ab08e6 DependenciesID=7d21d01b133b50afee1c82a9b84ac724 StaticDependenciesID=ca0119327cf7a3e07c6383c0b10d58db 
Number of updated asset objects reloaded before import = 0
Number of asset objects unloaded after import = 0
========================================================================
Received Import Request.
  Time of request: 2026-10-01T08:15:26.9691765Z
  Time since last request: 0.0005091 seconds.
  importAddress: GUID: 5510687ee5c3845e3915224bb868c9f2 - Path: Packages/com.unity.visualscripting/Runtime/VisualScripting.Core/Unity/MacroScriptableObject.cs - Importer: ScriptedImporter/UnityEditor.QuickSearchModule:UnityEditor.Search:ASIAI0B
Importing 'GUID: 5510687ee5c3845e3915224bb868c9f2 - Path: Packages/com.unity.visualscripting/Runtime/VisualScripting.Core/Unity/MacroScriptableObject.cs - Importer: ScriptedImporter/UnityEditor.QuickSearchModule:UnityEditor.Search:ASIAI0B' with importer (ScriptedImporter : UnityEditor.QuickSearchModule:UnityEditor.Search:ASIAI0B)
Imported 'GUID: 5510687ee5c3845e3915224bb868c9f2' -> (Import Result ID: '6d20514bae88618cdfa0c32b3b3d95f0') in 0.002 seconds [static and dynamic dependencies]. Details - ImportResultOutputID=0672824738871b27a2cc798aa866dc94 DependenciesID=27f26950359958a78ac6d881c0f63548 StaticDependenciesID=67211e2df0f9243c592ed1d1da240e8a 
Number of updated asset objects reloaded before import = 0
Number of asset objects unloaded after import = 0
========================================================================
Received Import Request.
  Time of request: 2026-10-01T08:15:26.9806144Z
  Time since last request: 0.0003698 seconds.
  importAddress: GUID: 7e7b6aa81e10049eba9951e435a66298 - Path: Packages/com.unity.visualscripting/Runtime/VisualScripting.Core/SerializedProperties/ISerializedPropertyProvider.cs - Importer: ScriptedImporter/UnityEditor.QuickSearchModule:UnityEditor.Search:ASIAI0B
Importing 'GUID: 7e7b6aa81e10049eba9951e435a66298 - Path: Packages/com.unity.visualscripting/Runtime/VisualScripting.Core/SerializedProperties/ISerializedPropertyProvider.cs - Importer: ScriptedImporter/UnityEditor.QuickSearchModule:UnityEditor.Search:ASIAI0B' with importer (ScriptedImporter : UnityEditor.QuickSearchModule:UnityEditor.Search:ASIAI0B)
Imported 'GUID: 7e7b6aa81e10049eba9951e435a66298' -> (Import Result ID: 'fdca36a057e6b6e1e70ea5b4aa0cc647') in 0.002 seconds [static and dynamic dependencies]. Details - ImportResultOutputID=439172e47e2bf2ae70147a564c8a711c DependenciesID=4d6f14c0463e71c4482f0177cc12a67e StaticDependenciesID=e024312d6d1612ea1e6f82b3c5552367 
Number of updated asset objects reloaded before import = 0
Number of asset objects unloaded after import = 0
========================================================================
Received Import Request.
  Time of request: 2026-10-01T08:15:26.9922535Z
  Time since last request: 0.0002991 seconds.
  importAddress: GUID: 06cf7033246114febb1d5c2f284969a3 - Path: Packages/com.unity.visualscripting/Runtime/VisualScripting.Core/Unity/UnityObjectOwnershipUtility.cs - Importer: ScriptedImporter/UnityEditor.QuickSearchModule:UnityEditor.Search:ASIAI0B
Importing 'GUID: 06cf7033246114febb1d5c2f284969a3 - Path: Packages/com.unity.visualscripting/Runtime/VisualScripting.Core/Unity/UnityObjectOwnershipUtility.cs - Importer: ScriptedImporter/UnityEditor.QuickSearchModule:UnityEditor.Search:ASIAI0B' with importer (ScriptedImporter : UnityEditor.QuickSearchModule:UnityEditor.Search:ASIAI0B)
Imported 'GUID: 06cf7033246114febb1d5c2f284969a3' -> (Import Result ID: '0b4f7f60185b44fc8802879c188ea30d') in 0.002 seconds [static and dynamic dependencies]. Details - ImportResultOutputID=1000e5243044b8969a7041cd071f81b6 DependenciesID=ccca9fa5b94703b200fa130d0095dafe StaticDependenciesID=fbbd1c9f9dc73f66e797f2e395c57a3d 
Number of updated asset objects reloaded before import = 0
Number of asset objects unloaded after import = 0
========================================================================
Received Import Request.
  Time of request: 2026-10-01T08:15:27.0025275Z
  Time since last request: 0.0002477 seconds.
  importAddress: GUID: b74709ab7c4674a84903b44120fcb9fb - Path: Packages/com.unity.visualscripting/Runtime/VisualScripting.Flow/Connections/ValueConnection.cs - Importer: ScriptedImporter/UnityEditor.QuickSearchModule:UnityEditor.Search:ASIAI0B
Importing 'GUID: b74709ab7c4674a84903b44120fcb9fb - Path: Packages/com.unity.visualscripting/Runtime/VisualScripting.Flow/Connections/ValueConnection.cs - Importer: ScriptedImporter/UnityEditor.QuickSearchModule:UnityEditor.Search:ASIAI0B' with importer (ScriptedImporter : UnityEditor.QuickSearchModule:UnityEditor.Search:ASIAI0B)
Imported 'GUID: b74709ab7c4674a84903b44120fcb9fb' -> (Import Result ID: 'a25a3b3467b2074d78b3a3c63b8a1b6c') in 0.002 seconds [static and dynamic dependencies]. Details - ImportResultOutputID=29188b4bf1460a51d882b5d0585bf654 DependenciesID=374f47ba88abca50424f9b5863d0a8ec StaticDependenciesID=9d52337ceaf7fd29d45ea0b74ddfbcc9 
Number of updated asset objects reloaded before import = 0
Number of asset objects unloaded after import = 0
========================================================================
Received Import Request.
  Time of request: 2026-10-01T08:15:27.0123881Z
  Time since last request: 0.0004117 seconds.
  importAddress: GUID: 8f0e86da875e743bab78f0094f19b1f7 - Path: Packages/com.unity.visualscripting/Runtime/VisualScripting.Core/Serialization/SerializeAttribute.cs - Importer: ScriptedImporter/UnityEditor.QuickSearchModule:UnityEditor.Search:ASIAI0B
Importing 'GUID: 8f0e86da875e743bab78f0094f19b1f7 - Path: Packages/com.unity.visualscripting/Runtime/VisualScripting.Core/Serialization/SerializeAttribute.cs - Importer: ScriptedImporter/UnityEditor.QuickSearchModule:UnityEditor.Search:ASIAI0B' with importer (ScriptedImporter : UnityEditor.QuickSearchModule:UnityEditor.Search:ASIAI0B)
Imported 'GUID: 8f0e86da875e743bab78f0094f19b1f7' -> (Import Result ID: 'b087e616d6b2928c7fcb30548b727b39') in 0.002 seconds [static and dynamic dependencies]. Details - ImportResultOutputID=56c8ef80d67dca2c4904d6281287897c DependenciesID=ba36577eafb0d12f4288b16f5e88d093 StaticDependenciesID=2bdd1e1a0cff4256306b02c923bd44dc 
Number of updated asset objects reloaded before import = 0
Number of asset objects unloaded after import = 0
========================================================================
Received Import Request.
  Time of request: 2026-10-01T08:15:27.0253169Z
  Time since last request: 0.0003035 seconds.
  importAddress: GUID: 559342c7f4b384dca87c44931ae7a8d4 - Path: Packages/com.unity.visualscripting/Runtime/VisualScripting.Core/Variables/VariablesSaver.cs - Importer: ScriptedImporter/UnityEditor.QuickSearchModule:UnityEditor.Search:ASIAI0B
Importing 'GUID: 559342c7f4b384dca87c44931ae7a8d4 - Path: Packages/com.unity.visualscripting/Runtime/VisualScripting.Core/Variables/VariablesSaver.cs - Importer: ScriptedImporter/UnityEditor.QuickSearchModule:UnityEditor.Search:ASIAI0B' with importer (ScriptedImporter : UnityEditor.QuickSearchModule:UnityEditor.Search:ASIAI0B)
Imported 'GUID: 559342c7f4b384dca87c44931ae7a8d4' -> (Import Result ID: '5c4b4b2beaf3d34b0c6657d6e87a5f97') in 0.002 seconds [static and dynamic dependencies]. Details - ImportResultOutputID=970b1e63b522940ea0eb1276dc904867 DependenciesID=f79269bafd0744cd2f43b4c75dc5314e StaticDependenciesID=81329d3f342ab10b2af51446095ccf54 
Number of updated asset objects reloaded before import = 0
Number of asset objects unloaded after import = 1
========================================================================
Received Import Request.
  Time of request: 2026-10-01T08:15:27.0454768Z
  Time since last request: 0.0096488 seconds.
  importAddress: GUID: bc18ef3f025fa46629333873a5c1e2a5 - Path: Packages/com.unity.visualscripting/Runtime/VisualScripting.Flow/EditorBinding/UnitSubtitleAttribute.cs - Importer: ScriptedImporter/UnityEditor.QuickSearchModule:UnityEditor.Search:ASIAI0B
Importing 'GUID: bc18ef3f025fa46629333873a5c1e2a5 - Path: Packages/com.unity.visualscripting/Runtime/VisualScripting.Flow/EditorBinding/UnitSubtitleAttribute.cs - Importer: ScriptedImporter/UnityEditor.QuickSearchModule:UnityEditor.Search:ASIAI0B' with importer (ScriptedImporter : UnityEditor.QuickSearchModule:UnityEditor.Search:ASIAI0B)
Imported 'GUID: bc18ef3f025fa46629333873a5c1e2a5' -> (Import Result ID: '801d8a53f4d4997bb65ce2bd76168437') in 0.002 seconds [static and dynamic dependencies]. Details - ImportResultOutputID=926eca4242c21c84a48719b8da27cd99 DependenciesID=ef9f638c4eed2112361ac02abee65429 StaticDependenciesID=25eadef55c6fe1025ac508156c309722 
Number of updated asset objects reloaded before import = 0
Number of asset objects unloaded after import = 0
========================================================================
Received Import Request.
  Time of request: 2026-10-01T08:15:27.0586135Z
  Time since last request: 0.0004462 seconds.
  importAddress: GUID: 0f1343d6c8d3242ec84a6409f537028c - Path: Packages/com.unity.visualscripting/Runtime/VisualScripting.Flow/Ports/IUnitValuePortDefinition.cs - Importer: ScriptedImporter/UnityEditor.QuickSearchModule:UnityEditor.Search:ASIAI0B
Importing 'GUID: 0f1343d6c8d3242ec84a6409f537028c - Path: Packages/com.unity.visualscripting/Runtime/VisualScripting.Flow/Ports/IUnitValuePortDefinition.cs - Importer: ScriptedImporter/UnityEditor.QuickSearchModule:UnityEditor.Search:ASIAI0B' with importer (ScriptedImporter : UnityEditor.QuickSearchModule:UnityEditor.Search:ASIAI0B)
Imported 'GUID: 0f1343d6c8d3242ec84a6409f537028c' -> (Import Result ID: 'b12c86e233818788fe35b6cf59097429') in 0.003 seconds [static and dynamic dependencies]. Details - ImportResultOutputID=86d30f2fafcd478f9699bbe324e3db7f DependenciesID=8b2d84532e2921df6615c67fb21aa7a8 StaticDependenciesID=3b7c8e73eb06ef390c14a90e89f1e876 
Number of updated asset objects reloaded before import = 0
Number of asset objects unloaded after import = 0
========================================================================
Received Import Request.
  Time of request: 2026-10-01T08:15:27.0701033Z
  Time since last request: 0.0001986 seconds.
  importAddress: GUID: a39236760eb3241dc88963aa8d68aeb3 - Path: Packages/com.unity.visualscripting/Runtime/VisualScripting.Flow/Ports/IUnitOutputPort.cs - Importer: ScriptedImporter/UnityEditor.QuickSearchModule:UnityEditor.Search:ASIAI0B
Importing 'GUID: a39236760eb3241dc88963aa8d68aeb3 - Path: Packages/com.unity.visualscripting/Runtime/VisualScripting.Flow/Ports/IUnitOutputPort.cs - Importer: ScriptedImporter/UnityEditor.QuickSearchModule:UnityEditor.Search:ASIAI0B' with importer (ScriptedImporter : UnityEditor.QuickSearchModule:UnityEditor.Search:ASIAI0B)
Imported 'GUID: a39236760eb3241dc88963aa8d68aeb3' -> (Import Result ID: '6ae5e984fc206d8658c0708ac0b43128') in 0.002 seconds [static and dynamic dependencies]. Details - ImportResultOutputID=b0bd4f21ee20e8d1da2cf3e813b7f35e DependenciesID=1531fba4f7654e606dea914a4a135b6f StaticDependenciesID=e8c3f5567ae21242ce1e33c6c0d7bd71 
Number of updated asset objects reloaded before import = 0
Number of asset objects unloaded after import = 0
========================================================================
Received Import Request.
  Time of request: 2026-10-01T08:15:27.0797103Z
  Time since last request: 0.0003814 seconds.
  importAddress: GUID: 16a80cb1a31174f2aa9956fa9ec786da - Path: Packages/com.unity.visualscripting/Runtime/VisualScripting.Flow/Ports/ControlInputDefinition.cs - Importer: ScriptedImporter/UnityEditor.QuickSearchModule:UnityEditor.Search:ASIAI0B
Importing 'GUID: 16a80cb1a31174f2aa9956fa9ec786da - Path: Packages/com.unity.visualscripting/Runtime/VisualScripting.Flow/Ports/ControlInputDefinition.cs - Importer: ScriptedImporter/UnityEditor.QuickSearchModule:UnityEditor.Search:ASIAI0B' with importer (ScriptedImporter : UnityEditor.QuickSearchModule:UnityEditor.Search:ASIAI0B)
Imported 'GUID: 16a80cb1a31174f2aa9956fa9ec786da' -> (Import Result ID: '067e40be28ee0a5d354f8986fd0037d1') in 0.002 seconds [static and dynamic dependencies]. Details - ImportResultOutputID=3d10cb264a6c271b8bf39f655744a21c DependenciesID=eb4aab8fbc044b8ca37de37534664e5d StaticDependenciesID=cb09e425bb19328b3096facfd157c99f 
Number of updated asset objects reloaded before import = 0
Number of asset objects unloaded after import = 0
========================================================================
Received Import Request.
  Time of request: 2026-10-01T08:15:27.0909953Z
  Time since last request: 0.00044 seconds.
  importAddress: GUID: d065c17f322874e5b9d81de6e5201401 - Path: Packages/com.unity.visualscripting/Editor/VisualScripting.Core/Dependencies/YamlDotNet/Unity.VisualScripting.YamlDotNet.dll - Importer: ScriptedImporter/UnityEditor.QuickSearchModule:UnityEditor.Search:ASIAI0B
Importing 'GUID: d065c17f322874e5b9d81de6e5201401 - Path: Packages/com.unity.visualscripting/Editor/VisualScripting.Core/Dependencies/YamlDotNet/Unity.VisualScripting.YamlDotNet.dll - Importer: ScriptedImporter/UnityEditor.QuickSearchModule:UnityEditor.Search:ASIAI0B' with importer (ScriptedImporter : UnityEditor.QuickSearchModule:UnityEditor.Search:ASIAI0B)
Imported 'GUID: d065c17f322874e5b9d81de6e5201401' -> (Import Result ID: 'fc6c986464ae710ea190b226d410cefa') in 0.003 seconds [static and dynamic dependencies]. Details - ImportResultOutputID=ec7d5c2f9f7cfcad760b430bd850a357 DependenciesID=d7f492b6bad3a082ae7bbdf330d428a7 StaticDependenciesID=81477342de1460494d71de9e8a421c82 
Number of updated asset objects reloaded before import = 0
Number of asset objects unloaded after import = 0
========================================================================
Received Import Request.
  Time of request: 2026-10-01T08:15:27.1035448Z
  Time since last request: 0.0002387 seconds.
  importAddress: GUID: 37d3ce74ab2f0451db3e7823e0305c2a - Path: Packages/com.unity.visualscripting/Runtime/VisualScripting.Flow/EditorBinding/UnitTitleAttribute.cs - Importer: ScriptedImporter/UnityEditor.QuickSearchModule:UnityEditor.Search:ASIAI0B
Importing 'GUID: 37d3ce74ab2f0451db3e7823e0305c2a - Path: Packages/com.unity.visualscripting/Runtime/VisualScripting.Flow/EditorBinding/UnitTitleAttribute.cs - Importer: ScriptedImporter/UnityEditor.QuickSearchModule:UnityEditor.Search:ASIAI0B' with importer (ScriptedImporter : UnityEditor.QuickSearchModule:UnityEditor.Search:ASIAI0B)
Imported 'GUID: 37d3ce74ab2f0451db3e7823e0305c2a' -> (Import Result ID: '0328fd9df690b0f07ef9a2600cfcb4f7') in 0.001 seconds [static and dynamic dependencies]. Details - ImportResultOutputID=084e7192f655ab57c399e3ba8381529e DependenciesID=8d212ecbc75c68f9cc4ecdf2245ff86e StaticDependenciesID=b2df211abe2ad0dac29cd89c74ac9a81 
Number of updated asset objects reloaded before import = 0
Number of asset objects unloaded after import = 0
========================================================================
Received Import Request.
  Time of request: 2026-10-01T08:15:27.113598Z
  Time since last request: 0.0003479 seconds.
  importAddress: GUID: c897ea0941856453697b4618f9c9d0fc - Path: Packages/com.unity.visualscripting/Runtime/VisualScripting.Flow/Ports/MissingValuePortInputException.cs - Importer: ScriptedImporter/UnityEditor.QuickSearchModule:UnityEditor.Search:ASIAI0B
Importing 'GUID: c897ea0941856453697b4618f9c9d0fc - Path: Packages/com.unity.visualscripting/Runtime/VisualScripting.Flow/Ports/MissingValuePortInputException.cs - Importer: ScriptedImporter/UnityEditor.QuickSearchModule:UnityEditor.Search:ASIAI0B' with importer (ScriptedImporter : UnityEditor.QuickSearchModule:UnityEditor.Search:ASIAI0B)
Imported 'GUID: c897ea0941856453697b4618f9c9d0fc' -> (Import Result ID: '3a763a8a4db741610ba8e593dd67fcdd') in 0.002 seconds [static and dynamic dependencies]. Details - ImportResultOutputID=dc89c283247b7d28037127b315780993 DependenciesID=c6eaea86c1d1cfa7d261d0ece086051f StaticDependenciesID=81d434c1a4755a55fe852a18852fb3f0 
Number of updated asset objects reloaded before import = 0
Number of asset objects unloaded after import = 0
========================================================================
Received Import Request.
  Time of request: 2026-10-01T08:15:27.1365597Z
  Time since last request: 0.0132171 seconds.
  importAddress: GUID: e72cc3d4a262642778c0f3923db0245a - Path: Packages/com.unity.visualscripting/Editor/VisualScripting.Core/Inspection/Reflection/TypeInspector.cs - Importer: ScriptedImporter/UnityEditor.QuickSearchModule:UnityEditor.Search:ASIAI0B
Importing 'GUID: e72cc3d4a262642778c0f3923db0245a - Path: Packages/com.unity.visualscripting/Editor/VisualScripting.Core/Inspection/Reflection/TypeInspector.cs - Importer: ScriptedImporter/UnityEditor.QuickSearchModule:UnityEditor.Search:ASIAI0B' with importer (ScriptedImporter : UnityEditor.QuickSearchModule:UnityEditor.Search:ASIAI0B)
Imported 'GUID: e72cc3d4a262642778c0f3923db0245a' -> (Import Result ID: 'ef5fb20eff0c13fccd416fd8837e9e43') in 0.002 seconds [static and dynamic dependencies]. Details - ImportResultOutputID=440782337bfa005342ccb79d9024f8b1 DependenciesID=6e2450a8d14b293d29477dacf97d1cdd StaticDependenciesID=63efbc84aa7024c24d3c416601bad036 
Number of updated asset objects reloaded before import = 0
Number of asset objects unloaded after import = 0
========================================================================
Received Import Request.
  Time of request: 2026-10-01T08:15:27.1479793Z
  Time since last request: 0.0008989 seconds.
  importAddress: GUID: 6e74deccaa2a24680b5734ca4ce92f8a - Path: Packages/com.unity.visualscripting/Editor/VisualScripting.Core/Inspection/Special/ReflectedInspector.cs - Importer: ScriptedImporter/UnityEditor.QuickSearchModule:UnityEditor.Search:ASIAI0B
Importing 'GUID: 6e74deccaa2a24680b5734ca4ce92f8a - Path: Packages/com.unity.visualscripting/Editor/VisualScripting.Core/Inspection/Special/ReflectedInspector.cs - Importer: ScriptedImporter/UnityEditor.QuickSearchModule:UnityEditor.Search:ASIAI0B' with importer (ScriptedImporter : UnityEditor.QuickSearchModule:UnityEditor.Search:ASIAI0B)
Imported 'GUID: 6e74deccaa2a24680b5734ca4ce92f8a' -> (Import Result ID: '56f9c9354141ba4238012ca23f723faa') in 0.002 seconds [static and dynamic dependencies]. Details - ImportResultOutputID=4d00e2a6df8a4d4cbdb6ee77a13dab68 DependenciesID=32813b15653d9366697ff987795012ea StaticDependenciesID=ba114ae65d62c2d7454408d3b899e400 
Number of updated asset objects reloaded before import = 0
Number of asset objects unloaded after import = 0
========================================================================
Received Import Request.
  Time of request: 2026-10-01T08:15:27.1577543Z
  Time since last request: 0.0002884 seconds.
  importAddress: GUID: 74b7634d1929f4524b4c4510cc5e84d3 - Path: Packages/com.unity.visualscripting/Editor/VisualScripting.Core/Inspection/Primitives/ContinuousNumberDrawer.cs - Importer: ScriptedImporter/UnityEditor.QuickSearchModule:UnityEditor.Search:ASIAI0B
Importing 'GUID: 74b7634d1929f4524b4c4510cc5e84d3 - Path: Packages/com.unity.visualscripting/Editor/VisualScripting.Core/Inspection/Primitives/ContinuousNumberDrawer.cs - Importer: ScriptedImporter/UnityEditor.QuickSearchModule:UnityEditor.Search:ASIAI0B' with importer (ScriptedImporter : UnityEditor.QuickSearchModule:UnityEditor.Search:ASIAI0B)
Imported 'GUID: 74b7634d1929f4524b4c4510cc5e84d3' -> (Import Result ID: '2aeb86102cf5e3f323ef7c357633dd28') in 0.002 seconds [static and dynamic dependencies]. Details - ImportResultOutputID=ad0e3248c76f967f0370be1b29873041 DependenciesID=13bf6441570371ee4917c6ba4f04e94d StaticDependenciesID=649eb8c2f13ec41e374068b5393cdeec 
Number of updated asset objects reloaded before import = 0
Number of asset objects unloaded after import = 0
========================================================================
Received Import Request.
  Time of request: 2026-10-01T08:15:27.1681045Z
  Time since last request: 0.0004617 seconds.
  importAddress: GUID: bd0ff5dee24964acaa3b0a7f63a98511 - Path: Packages/com.unity.visualscripting/Editor/VisualScripting.Core/Inspection/Unity/RectInspector.cs - Importer: ScriptedImporter/UnityEditor.QuickSearchModule:UnityEditor.Search:ASIAI0B
Importing 'GUID: bd0ff5dee24964acaa3b0a7f63a98511 - Path: Packages/com.unity.visualscripting/Editor/VisualScripting.Core/Inspection/Unity/RectInspector.cs - Importer: ScriptedImporter/UnityEditor.QuickSearchModule:UnityEditor.Search:ASIAI0B' with importer (ScriptedImporter : UnityEditor.QuickSearchModule:UnityEditor.Search:ASIAI0B)
Imported 'GUID: bd0ff5dee24964acaa3b0a7f63a98511' -> (Import Result ID: '8714f001afc326bb14a53d0dd20ff805') in 0.002 seconds [static and dynamic dependencies]. Details - ImportResultOutputID=7cb49137cf04183beda43bd70d090039 DependenciesID=8413e004740d33ca9755977323eab4ad StaticDependenciesID=eef6d6dd284dd0dd4497fe3662eda7b1 
Number of updated asset objects reloaded before import = 0
Number of asset objects unloaded after import = 0
========================================================================
Received Import Request.
  Time of request: 2026-10-01T08:15:27.1790079Z
  Time since last request: 0.0004181 seconds.
  importAddress: GUID: 13e9378f4ed8b4dca89012148c86e76d - Path: Packages/com.unity.visualscripting/Editor/VisualScripting.Core/Inspection/Special/SystemObjectInspector.cs - Importer: ScriptedImporter/UnityEditor.QuickSearchModule:UnityEditor.Search:ASIAI0B
Importing 'GUID: 13e9378f4ed8b4dca89012148c86e76d - Path: Packages/com.unity.visualscripting/Editor/VisualScripting.Core/Inspection/Special/SystemObjectInspector.cs - Importer: ScriptedImporter/UnityEditor.QuickSearchModule:UnityEditor.Search:ASIAI0B' with importer (ScriptedImporter : UnityEditor.QuickSearchModule:UnityEditor.Search:ASIAI0B)
Imported 'GUID: 13e9378f4ed8b4dca89012148c86e76d' -> (Import Result ID: '890b257a408d47685a0f192e76faee8f') in 0.001 seconds [static and dynamic dependencies]. Details - ImportResultOutputID=b7a0c92c03cdf219f11e60ba2fa1fcf6 DependenciesID=99bb0d964241dc2edae9a85ca5f9dfc5 StaticDependenciesID=c870f782e2d496ccf08aeeb285288cfc 
Number of updated asset objects reloaded before import = 0
Number of asset objects unloaded after import = 0
========================================================================
Received Import Request.
  Time of request: 2026-10-01T08:15:27.1893Z
  Time since last request: 0.0004055 seconds.
  importAddress: GUID: c650029e689f843618f21c6f08c00f66 - Path: Packages/com.unity.visualscripting/Editor/VisualScripting.Core/Interface/Fuzzy/ExtensibleFuzzyOptionTree.cs - Importer: ScriptedImporter/UnityEditor.QuickSearchModule:UnityEditor.Search:ASIAI0B
Importing 'GUID: c650029e689f843618f21c6f08c00f66 - Path: Packages/com.unity.visualscripting/Editor/VisualScripting.Core/Interface/Fuzzy/ExtensibleFuzzyOptionTree.cs - Importer: ScriptedImporter/UnityEditor.QuickSearchModule:UnityEditor.Search:ASIAI0B' with importer (ScriptedImporter : UnityEditor.QuickSearchModule:UnityEditor.Search:ASIAI0B)
Imported 'GUID: c650029e689f843618f21c6f08c00f66' -> (Import Result ID: 'b97d8d8d5f22d9f9bd5b63df958a8b5a') in 0.002 seconds [static and dynamic dependencies]. Details - ImportResultOutputID=77151f6b42dc77de7c9c35d36cef100b DependenciesID=5549fff3ff8f066c19d3b60e11161854 StaticDependenciesID=da317307df7f09631847cda77c78cb75 
Number of updated asset objects reloaded before import = 0
Number of asset objects unloaded after import = 0
========================================================================
Received Import Request.
  Time of request: 2026-10-01T08:15:27.2023513Z
  Time since last request: 0.0003472 seconds.
  importAddress: GUID: c071859f478fc4d82ae0e64adac9fc74 - Path: Packages/com.unity.visualscripting/Editor/VisualScripting.Core/Inspection/Unity/Vector4Inspector.cs - Importer: ScriptedImporter/UnityEditor.QuickSearchModule:UnityEditor.Search:ASIAI0B
Importing 'GUID: c071859f478fc4d82ae0e64adac9fc74 - Path: Packages/com.unity.visualscripting/Editor/VisualScripting.Core/Inspection/Unity/Vector4Inspector.cs - Importer: ScriptedImporter/UnityEditor.QuickSearchModule:UnityEditor.Search:ASIAI0B' with importer (ScriptedImporter : UnityEditor.QuickSearchModule:UnityEditor.Search:ASIAI0B)
Imported 'GUID: c071859f478fc4d82ae0e64adac9fc74' -> (Import Result ID: '8c5f6013235f08a24bc017f4a65458b3') in 0.002 seconds [static and dynamic dependencies]. Details - ImportResultOutputID=cb4cc184215a2f1dfd29451e6f999da5 DependenciesID=371d1091166fafa5263c3b38b61a3644 StaticDependenciesID=6fd8b1fd9b44d340b8f93603a66343e4 
Number of updated asset objects reloaded before import = 0
Number of asset objects unloaded after import = 0
========================================================================
Received Import Request.
  Time of request: 2026-10-01T08:15:27.2255779Z
  Time since last request: 0.0118774 seconds.
  importAddress: GUID: f85316f4890b54d289162bff61f2ecaa - Path: Packages/com.unity.visualscripting/Editor/VisualScripting.Core/Windows/AboutWindow/AboutPluginsPage.cs - Importer: ScriptedImporter/UnityEditor.QuickSearchModule:UnityEditor.Search:ASIAI0B
Importing 'GUID: f85316f4890b54d289162bff61f2ecaa - Path: Packages/com.unity.visualscripting/Editor/VisualScripting.Core/Windows/AboutWindow/AboutPluginsPage.cs - Importer: ScriptedImporter/UnityEditor.QuickSearchModule:UnityEditor.Search:ASIAI0B' with importer (ScriptedImporter : UnityEditor.QuickSearchModule:UnityEditor.Search:ASIAI0B)
Imported 'GUID: f85316f4890b54d289162bff61f2ecaa' -> (Import Result ID: '8688ed99f0ac2d9a0e09f5c7ab1606bb') in 0.002 seconds [static and dynamic dependencies]. Details - ImportResultOutputID=4659bce95ec3cd9851aa4d79d88e0852 DependenciesID=5f696fe413dae7cf30081704c923768a StaticDependenciesID=12310d74e3a40812c142a9fd5f345af7 
Number of updated asset objects reloaded before import = 0
Number of asset objects unloaded after import = 0
========================================================================
Received Import Request.
  Time of request: 2026-10-01T08:15:27.2362971Z
  Time since last request: 0.0002262 seconds.
  importAddress: GUID: cb68dc0d8187e4dac9ae1d3b600b8c4c - Path: Packages/com.unity.visualscripting/Editor/VisualScripting.Core/Plugin/Acknowledgements/Acknowledgement_DeepCopy.cs - Importer: ScriptedImporter/UnityEditor.QuickSearchModule:UnityEditor.Search:ASIAI0B
Importing 'GUID: cb68dc0d8187e4dac9ae1d3b600b8c4c - Path: Packages/com.unity.visualscripting/Editor/VisualScripting.Core/Plugin/Acknowledgements/Acknowledgement_DeepCopy.cs - Importer: ScriptedImporter/UnityEditor.QuickSearchModule:UnityEditor.Search:ASIAI0B' with importer (ScriptedImporter : UnityEditor.QuickSearchModule:UnityEditor.Search:ASIAI0B)
Imported 'GUID: cb68dc0d8187e4dac9ae1d3b600b8c4c' -> (Import Result ID: 'f20c2c5d305c9093e32476d6e9d94a61') in 0.002 seconds [static and dynamic dependencies]. Details - ImportResultOutputID=dc474d2a61842ad246dfddf1548c0547 DependenciesID=502a4cdca494d46f2fa3f666ffeb73cb StaticDependenciesID=f819586a68473e0869feaafce1d8d6f3 
Number of updated asset objects reloaded before import = 0
Number of asset objects unloaded after import = 0
========================================================================
Received Import Request.
  Time of request: 2026-10-01T08:15:27.2477575Z
  Time since last request: 0.0006338 seconds.
  importAddress: GUID: 9f79d342f010943d4ba954eba455a85d - Path: Packages/com.unity.visualscripting/Editor/VisualScripting.Core/Plugin/Acknowledgements/Acknowledgement_Iconmonstr.cs - Importer: ScriptedImporter/UnityEditor.QuickSearchModule:UnityEditor.Search:ASIAI0B
Importing 'GUID: 9f79d342f010943d4ba954eba455a85d - Path: Packages/com.unity.visualscripting/Editor/VisualScripting.Core/Plugin/Acknowledgements/Acknowledgement_Iconmonstr.cs - Importer: ScriptedImporter/UnityEditor.QuickSearchModule:UnityEditor.Search:ASIAI0B' with importer (ScriptedImporter : UnityEditor.QuickSearchModule:UnityEditor.Search:ASIAI0B)
Imported 'GUID: 9f79d342f010943d4ba954eba455a85d' -> (Import Result ID: '5171fcb19d3fc0193b6e9988e8253985') in 0.002 seconds [static and dynamic dependencies]. Details - ImportResultOutputID=fb6348645f9ee458f15b0841f1cbcffd DependenciesID=89b81171a426e50b5fddd7d2a6591802 StaticDependenciesID=8bde34b26ec8e4c5aeb26124700f6b70 
Number of updated asset objects reloaded before import = 0
Number of asset objects unloaded after import = 0
========================================================================
Received Import Request.
  Time of request: 2026-10-01T08:15:27.2597395Z
  Time since last request: 0.0006386 seconds.
  importAddress: GUID: 5ad755fff258e465086fc29f07baddef - Path: Packages/com.unity.visualscripting/Editor/VisualScripting.Core/Plugin/Acknowledgements/Acknowledgement_YamlDotNet.cs - Importer: ScriptedImporter/UnityEditor.QuickSearchModule:UnityEditor.Search:ASIAI0B
Importing 'GUID: 5ad755fff258e465086fc29f07baddef - Path: Packages/com.unity.visualscripting/Editor/VisualScripting.Core/Plugin/Acknowledgements/Acknowledgement_YamlDotNet.cs - Importer: ScriptedImporter/UnityEditor.QuickSearchModule:UnityEditor.Search:ASIAI0B' with importer (ScriptedImporter : UnityEditor.QuickSearchModule:UnityEditor.Search:ASIAI0B)
Imported 'GUID: 5ad755fff258e465086fc29f07baddef' -> (Import Result ID: 'd0c94ebf22f54bfaf900b32464089bba') in 0.002 seconds [static and dynamic dependencies]. Details - ImportResultOutputID=b2ae64822beedb27d7ace1a43904c01e DependenciesID=d6ca97e3b9cafa00a5f88ec2c9aca547 StaticDependenciesID=f3323b7157b21833512d9f7f4265960f 
Number of updated asset objects reloaded before import = 0
Number of asset objects unloaded after import = 0
========================================================================
Received Import Request.
  Time of request: 2026-10-01T08:15:27.2707559Z
  Time since last request: 0.0003905 seconds.
  importAddress: GUID: 2f82a32d65f5e434e916a3d2a1600745 - Path: Packages/com.unity.visualscripting/Editor/VisualScripting.Core/Interface/Fuzzy/FuzzyWindow.cs - Importer: ScriptedImporter/UnityEditor.QuickSearchModule:UnityEditor.Search:ASIAI0B
Importing 'GUID: 2f82a32d65f5e434e916a3d2a1600745 - Path: Packages/com.unity.visualscripting/Editor/VisualScripting.Core/Interface/Fuzzy/FuzzyWindow.cs - Importer: ScriptedImporter/UnityEditor.QuickSearchModule:UnityEditor.Search:ASIAI0B' with importer (ScriptedImporter : UnityEditor.QuickSearchModule:UnityEditor.Search:ASIAI0B)
Imported 'GUID: 2f82a32d65f5e434e916a3d2a1600745' -> (Import Result ID: '2da1bd2831977dbaf0af82470ab784f3') in 0.002 seconds [static and dynamic dependencies]. Details - ImportResultOutputID=c441374b5270e99222b54a1ef31872b4 DependenciesID=9068b1c78abd108f8493183725fcd736 StaticDependenciesID=403dab391cae18c03ecd902d11e04f92 
Number of updated asset objects reloaded before import = 0
Number of asset objects unloaded after import = 0
========================================================================
Received Import Request.
  Time of request: 2026-10-01T08:15:27.2809032Z
  Time since last request: 0.0003329 seconds.
  importAddress: GUID: 8af71300e06234be5a54dbdf389498ba - Path: Packages/com.unity.visualscripting/Editor/VisualScripting.Core/Windows/AboutWindow/ChangelogPage.cs - Importer: ScriptedImporter/UnityEditor.QuickSearchModule:UnityEditor.Search:ASIAI0B
Importing 'GUID: 8af71300e06234be5a54dbdf389498ba - Path: Packages/com.unity.visualscripting/Editor/VisualScripting.Core/Windows/AboutWindow/ChangelogPage.cs - Importer: ScriptedImporter/UnityEditor.QuickSearchModule:UnityEditor.Search:ASIAI0B' with importer (ScriptedImporter : UnityEditor.QuickSearchModule:UnityEditor.Search:ASIAI0B)
Imported 'GUID: 8af71300e06234be5a54dbdf389498ba' -> (Import Result ID: '6a938a108d3cd217dc34dff6e9ab8a63') in 0.002 seconds [static and dynamic dependencies]. Details - ImportResultOutputID=4007c17653fbbc4ecb7d3c5060da95e6 DependenciesID=d781ef7c9e043b427e7642cbb4c5a619 StaticDependenciesID=66005af3b7467efd3b5d0fedf3d5c7c4 
Number of updated asset objects reloaded before import = 0
Number of asset objects unloaded after import = 0
========================================================================
Received Import Request.
  Time of request: 2026-10-01T08:15:27.2933454Z
  Time since last request: 0.0003533 seconds.
  importAddress: GUID: 3ccf7c963ed3144518e774dd9b70457a - Path: Packages/com.unity.visualscripting/Editor/VisualScripting.Core/Interface/Licenses/License.MIT.cs - Importer: ScriptedImporter/UnityEditor.QuickSearchModule:UnityEditor.Search:ASIAI0B
Importing 'GUID: 3ccf7c963ed3144518e774dd9b70457a - Path: Packages/com.unity.visualscripting/Editor/VisualScripting.Core/Interface/Licenses/License.MIT.cs - Importer: ScriptedImporter/UnityEditor.QuickSearchModule:UnityEditor.Search:ASIAI0B' with importer (ScriptedImporter : UnityEditor.QuickSearchModule:UnityEditor.Search:ASIAI0B)
Imported 'GUID: 3ccf7c963ed3144518e774dd9b70457a' -> (Import Result ID: '280f3e45843252d24781e4f11452b496') in 0.002 seconds [static and dynamic dependencies]. Details - ImportResultOutputID=8b93ba1a14b206d857d45b1a5ecd8961 DependenciesID=9b06902ed124593e410c69626af4be4e StaticDependenciesID=db00686f96bc83039f0b6b6bdfd797bf 
Number of updated asset objects reloaded before import = 0
Number of asset objects unloaded after import = 0
========================================================================
Received Import Request.
  Time of request: 2026-10-01T08:15:27.3145717Z
  Time since last request: 0.0102557 seconds.
  importAddress: GUID: 8c3e369ab33c043c0acbf12447f544dd - Path: Packages/com.unity.visualscripting/Editor/VisualScripting.Flow/Plugin/Changelogs/Changelog_1_0_2.cs - Importer: ScriptedImporter/UnityEditor.QuickSearchModule:UnityEditor.Search:ASIAI0B
Importing 'GUID: 8c3e369ab33c043c0acbf12447f544dd - Path: Packages/com.unity.visualscripting/Editor/VisualScripting.Flow/Plugin/Changelogs/Changelog_1_0_2.cs - Importer: ScriptedImporter/UnityEditor.QuickSearchModule:UnityEditor.Search:ASIAI0B' with importer (ScriptedImporter : UnityEditor.QuickSearchModule:UnityEditor.Search:ASIAI0B)
Imported 'GUID: 8c3e369ab33c043c0acbf12447f544dd' -> (Import Result ID: '8b65c540f73fb5c6d42f0e780b872d4d') in 0.002 seconds [static and dynamic dependencies]. Details - ImportResultOutputID=648ee84b87e197b8608c984ed034ca40 DependenciesID=2a47da8822977bf81aab464da9e7948c StaticDependenciesID=d8c1ff872b8e8d844382fe9ae1027ce7 
Number of updated asset objects reloaded before import = 0
Number of asset objects unloaded after import = 0
========================================================================
Received Import Request.
  Time of request: 2026-10-01T08:15:27.3254917Z
  Time since last request: 0.0001945 seconds.
  importAddress: GUID: efe957c61ae624ee2bfbcccad6c40b02 - Path: Packages/com.unity.visualscripting/Editor/VisualScripting.Flow/Framework/Codebase/InvokeMemberDescriptor.cs - Importer: ScriptedImporter/UnityEditor.QuickSearchModule:UnityEditor.Search:ASIAI0B
Importing 'GUID: efe957c61ae624ee2bfbcccad6c40b02 - Path: Packages/com.unity.visualscripting/Editor/VisualScripting.Flow/Framework/Codebase/InvokeMemberDescriptor.cs - Importer: ScriptedImporter/UnityEditor.QuickSearchModule:UnityEditor.Search:ASIAI0B' with importer (ScriptedImporter : UnityEditor.QuickSearchModule:UnityEditor.Search:ASIAI0B)
Imported 'GUID: efe957c61ae624ee2bfbcccad6c40b02' -> (Import Result ID: 'd90e82877910328322602e58e15a463a') in 0.002 seconds [static and dynamic dependencies]. Details - ImportResultOutputID=54bc73e051cac16d0d409e7f8a89a98c DependenciesID=96e98c5da072671753426bc574d70482 StaticDependenciesID=fb5d25085d16bbbe4a41dcbd08d121b4 
Number of updated asset objects reloaded before import = 0
Number of asset objects unloaded after import = 0
========================================================================
Received Import Request.
  Time of request: 2026-10-01T08:15:27.338371Z
  Time since last request: 0.0002698 seconds.
  importAddress: GUID: f5d33d53de7ee4744b8885106fbc6b3b - Path: Packages/com.unity.visualscripting/Editor/VisualScripting.Flow/Framework/Variables/UnifiedVariableUnitDescriptor.cs - Importer: ScriptedImporter/UnityEditor.QuickSearchModule:UnityEditor.Search:ASIAI0B
Importing 'GUID: f5d33d53de7ee4744b8885106fbc6b3b - Path: Packages/com.unity.visualscripting/Editor/VisualScripting.Flow/Framework/Variables/UnifiedVariableUnitDescriptor.cs - Importer: ScriptedImporter/UnityEditor.QuickSearchModule:UnityEditor.Search:ASIAI0B' with importer (ScriptedImporter : UnityEditor.QuickSearchModule:UnityEditor.Search:ASIAI0B)
Imported 'GUID: f5d33d53de7ee4744b8885106fbc6b3b' -> (Import Result ID: '2cb469fda8800e3be628d7969327a3b8') in 0.002 seconds [static and dynamic dependencies]. Details - ImportResultOutputID=ae1571979526bd44a090525cb9858b15 DependenciesID=208200e42dc215fd9d022438912ae1bc StaticDependenciesID=46a76a1b07f4b4e8c01dce43f98fb76f 
Number of updated asset objects reloaded before import = 0
Number of asset objects unloaded after import = 0
========================================================================
Received Import Request.
  Time of request: 2026-10-01T08:15:27.3484582Z
  Time since last request: 0.000366 seconds.
  importAddress: GUID: 40cd897821b754ed3b0e71afcd581880 - Path: Packages/com.unity.visualscripting/Editor/VisualScripting.Flow/Framework/Nesting/NestrerUnitWidget.cs - Importer: ScriptedImporter/UnityEditor.QuickSearchModule:UnityEditor.Search:ASIAI0B
Importing 'GUID: 40cd897821b754ed3b0e71afcd581880 - Path: Packages/com.unity.visualscripting/Editor/VisualScripting.Flow/Framework/Nesting/NestrerUnitWidget.cs - Importer: ScriptedImporter/UnityEditor.QuickSearchModule:UnityEditor.Search:ASIAI0B' with importer (ScriptedImporter : UnityEditor.QuickSearchModule:UnityEditor.Search:ASIAI0B)
Imported 'GUID: 40cd897821b754ed3b0e71afcd581880' -> (Import Result ID: '5ced1ca360cdeafd5840b0647646b71e') in 0.002 seconds [static and dynamic dependencies]. Details - ImportResultOutputID=cf0755566ee47a69a2c59f58a3451e92 DependenciesID=40b073842efa3c4278dff350b7565b55 StaticDependenciesID=6965e3e03b72b63368a032a5d7943939 
Number of updated asset objects reloaded before import = 0
Number of asset objects unloaded after import = 0
========================================================================
Received Import Request.
  Time of request: 2026-10-01T08:15:27.3590197Z
  Time since last request: 0.0003943 seconds.
  importAddress: GUID: 57f04d6aac04849df90d9b081e8fe3ad - Path: Packages/com.unity.visualscripting/Editor/VisualScripting.Flow/Framework/Nesting/SuperUnitDescriptor.cs - Importer: ScriptedImporter/UnityEditor.QuickSearchModule:UnityEditor.Search:ASIAI0B
Importing 'GUID: 57f04d6aac04849df90d9b081e8fe3ad - Path: Packages/com.unity.visualscripting/Editor/VisualScripting.Flow/Framework/Nesting/SuperUnitDescriptor.cs - Importer: ScriptedImporter/UnityEditor.QuickSearchModule:UnityEditor.Search:ASIAI0B' with importer (ScriptedImporter : UnityEditor.QuickSearchModule:UnityEditor.Search:ASIAI0B)
Imported 'GUID: 57f04d6aac04849df90d9b081e8fe3ad' -> (Import Result ID: 'a914c3818a560915afdd963d03edb393') in 0.002 seconds [static and dynamic dependencies]. Details - ImportResultOutputID=d916bdc0fcdea3dd53ba57220479a14a DependenciesID=e9cbfac27788a6138bda70192e81a2da StaticDependenciesID=7f2e0369737d2df6e286c0fc5d0d1d1b 
Number of updated asset objects reloaded before import = 0
Number of asset objects unloaded after import = 0
========================================================================
Received Import Request.
  Time of request: 2026-10-01T08:15:27.3703543Z
  Time since last request: 0.0002984 seconds.
  importAddress: GUID: d6d39866c3a214bf18a1c85c0f926305 - Path: Packages/com.unity.visualscripting/Editor/VisualScripting.Flow/Framework/Control/SequenceDescriptor.cs - Importer: ScriptedImporter/UnityEditor.QuickSearchModule:UnityEditor.Search:ASIAI0B
Importing 'GUID: d6d39866c3a214bf18a1c85c0f926305 - Path: Packages/com.unity.visualscripting/Editor/VisualScripting.Flow/Framework/Control/SequenceDescriptor.cs - Importer: ScriptedImporter/UnityEditor.QuickSearchModule:UnityEditor.Search:ASIAI0B' with importer (ScriptedImporter : UnityEditor.QuickSearchModule:UnityEditor.Search:ASIAI0B)
Imported 'GUID: d6d39866c3a214bf18a1c85c0f926305' -> (Import Result ID: 'ff9ac954d09462e07e794507e119ebf1') in 0.002 seconds [static and dynamic dependencies]. Details - ImportResultOutputID=95845b64a830f84e214bb2124e7d85e1 DependenciesID=cdff815490d5c79fb3b37a58d7089946 StaticDependenciesID=1c5e1e74f4de9ca817a3197fc65494a3 
Number of updated asset objects reloaded before import = 0
Number of asset objects unloaded after import = 0
========================================================================
Received Import Request.
  Time of request: 2026-10-01T08:15:27.380746Z
  Time since last request: 0.0002261 seconds.
  importAddress: GUID: 34c129757dd604677b0cf9b116a6a788 - Path: Packages/com.unity.visualscripting/Editor/VisualScripting.Flow/Framework/Codebase/GetMemberOption.cs - Importer: ScriptedImporter/UnityEditor.QuickSearchModule:UnityEditor.Search:ASIAI0B
Importing 'GUID: 34c129757dd604677b0cf9b116a6a788 - Path: Packages/com.unity.visualscripting/Editor/VisualScripting.Flow/Framework/Codebase/GetMemberOption.cs - Importer: ScriptedImporter/UnityEditor.QuickSearchModule:UnityEditor.Search:ASIAI0B' with importer (ScriptedImporter : UnityEditor.QuickSearchModule:UnityEditor.Search:ASIAI0B)
Imported 'GUID: 34c129757dd604677b0cf9b116a6a788' -> (Import Result ID: '2cdf00dbb3279ea089530848a223c137') in 0.003 seconds [static and dynamic dependencies]. Details - ImportResultOutputID=cc3e654b931c3ee0f35e3a984bc2fbae DependenciesID=ed37df32cbf07122f48cca93a8ce3e73 StaticDependenciesID=f0a2dad4599aa3dc4f41e13f3af4faad 
Number of updated asset objects reloaded before import = 0
Number of asset objects unloaded after import = 0
========================================================================
Received Import Request.
  Time of request: 2026-10-01T08:15:27.3918688Z
  Time since last request: 0.0002768 seconds.
  importAddress: GUID: 1561d4aeb753940218eca410856358d5 - Path: Packages/com.unity.visualscripting/Editor/VisualScripting.Flow/Framework/Variables/GetVariableOption.cs - Importer: ScriptedImporter/UnityEditor.QuickSearchModule:UnityEditor.Search:ASIAI0B
Importing 'GUID: 1561d4aeb753940218eca410856358d5 - Path: Packages/com.unity.visualscripting/Editor/VisualScripting.Flow/Framework/Variables/GetVariableOption.cs - Importer: ScriptedImporter/UnityEditor.QuickSearchModule:UnityEditor.Search:ASIAI0B' with importer (ScriptedImporter : UnityEditor.QuickSearchModule:UnityEditor.Search:ASIAI0B)
Imported 'GUID: 1561d4aeb753940218eca410856358d5' -> (Import Result ID: 'e53d352161685c5c3b862dd65aed4bb2') in 0.002 seconds [static and dynamic dependencies]. Details - ImportResultOutputID=a75b922135eb7575cce3bba0505f51e4 DependenciesID=64aed26274ee81b5bf9e93f9e4a77137 StaticDependenciesID=0d3d371e87419146dddd350b7ea7b727 
Number of updated asset objects reloaded before import = 0
Number of asset objects unloaded after import = 0
========================================================================
Received Import Request.
  Time of request: 2026-10-01T08:15:27.4200407Z
  Time since last request: 0.0159814 seconds.
  importAddress: GUID: 67b4b452425e74ecbb80e16f8f3b7fd7 - Path: Packages/com.unity.visualscripting/Editor/VisualScripting.Flow/Plugin/Migrations/Migration_1_2_4_to_1_3_0.cs - Importer: ScriptedImporter/UnityEditor.QuickSearchModule:UnityEditor.Search:ASIAI0B
Importing 'GUID: 67b4b452425e74ecbb80e16f8f3b7fd7 - Path: Packages/com.unity.visualscripting/Editor/VisualScripting.Flow/Plugin/Migrations/Migration_1_2_4_to_1_3_0.cs - Importer: ScriptedImporter/UnityEditor.QuickSearchModule:UnityEditor.Search:ASIAI0B' with importer (ScriptedImporter : UnityEditor.QuickSearchModule:UnityEditor.Search:ASIAI0B)
Imported 'GUID: 67b4b452425e74ecbb80e16f8f3b7fd7' -> (Import Result ID: '728ac28b9734072a018a8d6215c6e972') in 0.002 seconds [static and dynamic dependencies]. Details - ImportResultOutputID=a78c2a72c3b30ba5a4d4a94360e8f6bb DependenciesID=72759f0507289ae598c73402f48f8f0c StaticDependenciesID=0e883d6f380636e0f343bf21e1cf0c31 
Number of updated asset objects reloaded before import = 0
Number of asset objects unloaded after import = 0
========================================================================
Received Import Request.
  Time of request: 2026-10-01T08:15:27.4328622Z
  Time since last request: 0.0031865 seconds.
  importAddress: GUID: 7ce3ec6fc91e046a4a8911343aa505c7 - Path: Packages/com.unity.visualscripting/Editor/VisualScripting.State/Plugin/Changelogs/Changelog_1_0_0.cs - Importer: ScriptedImporter/UnityEditor.QuickSearchModule:UnityEditor.Search:ASIAI0B
Importing 'GUID: 7ce3ec6fc91e046a4a8911343aa505c7 - Path: Packages/com.unity.visualscripting/Editor/VisualScripting.State/Plugin/Changelogs/Changelog_1_0_0.cs - Importer: ScriptedImporter/UnityEditor.QuickSearchModule:UnityEditor.Search:ASIAI0B' with importer (ScriptedImporter : UnityEditor.QuickSearchModule:UnityEditor.Search:ASIAI0B)
Imported 'GUID: 7ce3ec6fc91e046a4a8911343aa505c7' -> (Import Result ID: 'f1bca5364b5f5eff7f1d29918d1c1b85') in 0.002 seconds [static and dynamic dependencies]. Details - ImportResultOutputID=66c69398e1bf9f6253fa40f79370b7fd DependenciesID=20eca674a120c6d5cb6d2bee2d8e2123 StaticDependenciesID=23e3cf4625f5922b68a30a5684f5955a 
Number of updated asset objects reloaded before import = 0
Number of asset objects unloaded after import = 0
========================================================================
Received Import Request.
  Time of request: 2026-10-01T08:15:27.4445177Z
  Time since last request: 0.0012977 seconds.
  importAddress: GUID: cfddb429b323a4b0eb5bbfb7c5ef6ac0 - Path: Packages/com.unity.visualscripting/Runtime/VisualScripting.Core/Cloning/Cloners/ListCloner.cs - Importer: ScriptedImporter/UnityEditor.QuickSearchModule:UnityEditor.Search:ASIAI0B
Importing 'GUID: cfddb429b323a4b0eb5bbfb7c5ef6ac0 - Path: Packages/com.unity.visualscripting/Runtime/VisualScripting.Core/Cloning/Cloners/ListCloner.cs - Importer: ScriptedImporter/UnityEditor.QuickSearchModule:UnityEditor.Search:ASIAI0B' with importer (ScriptedImporter : UnityEditor.QuickSearchModule:UnityEditor.Search:ASIAI0B)
Imported 'GUID: cfddb429b323a4b0eb5bbfb7c5ef6ac0' -> (Import Result ID: '68b9555b610f410ce491328c4b753d5d') in 0.002 seconds [static and dynamic dependencies]. Details - ImportResultOutputID=adde28645102ea82a70827b85f348c32 DependenciesID=6d5f860e23a3483f898f801a9987fdab StaticDependenciesID=31f26eb47318805efd4f9494212c910e 
Number of updated asset objects reloaded before import = 0
Number of asset objects unloaded after import = 0
========================================================================
Received Import Request.
  Time of request: 2026-10-01T08:15:27.4544431Z
  Time since last request: 0.0002819 seconds.
  importAddress: GUID: 559c12ac10f9d41c59ecddd2f183d7d3 - Path: Packages/com.unity.visualscripting/Editor/VisualScripting.Flow/Plugin/Changelogs/Changelog_1_4_1.cs - Importer: ScriptedImporter/UnityEditor.QuickSearchModule:UnityEditor.Search:ASIAI0B
Importing 'GUID: 559c12ac10f9d41c59ecddd2f183d7d3 - Path: Packages/com.unity.visualscripting/Editor/VisualScripting.Flow/Plugin/Changelogs/Changelog_1_4_1.cs - Importer: ScriptedImporter/UnityEditor.QuickSearchModule:UnityEditor.Search:ASIAI0B' with importer (ScriptedImporter : UnityEditor.QuickSearchModule:UnityEditor.Search:ASIAI0B)
Imported 'GUID: 559c12ac10f9d41c59ecddd2f183d7d3' -> (Import Result ID: '1db20e24c3b2d44860301f7390e4c1b0') in 0.002 seconds [static and dynamic dependencies]. Details - ImportResultOutputID=bb1e9edf15041a10bb40601b88e5ccec DependenciesID=7f7bd0ee56a3d903c9fd34577d27d5f9 StaticDependenciesID=67d39174d218bc7ec4ceaacbf707ee89 
Number of updated asset objects reloaded before import = 0
Number of asset objects unloaded after import = 0
========================================================================
Received Import Request.
  Time of request: 2026-10-01T08:15:27.4654993Z
  Time since last request: 0.0002366 seconds.
  importAddress: GUID: bb2273f662a444114949392f30936c92 - Path: Packages/com.unity.visualscripting/Runtime/VisualScripting.Core/Cloning/Cloners/DictionaryCloner.cs - Importer: ScriptedImporter/UnityEditor.QuickSearchModule:UnityEditor.Search:ASIAI0B
Importing 'GUID: bb2273f662a444114949392f30936c92 - Path: Packages/com.unity.visualscripting/Runtime/VisualScripting.Core/Cloning/Cloners/DictionaryCloner.cs - Importer: ScriptedImporter/UnityEditor.QuickSearchModule:UnityEditor.Search:ASIAI0B' with importer (ScriptedImporter : UnityEditor.QuickSearchModule:UnityEditor.Search:ASIAI0B)
Imported 'GUID: bb2273f662a444114949392f30936c92' -> (Import Result ID: 'd0fc998f6444b00bd2eac286e2fc55e3') in 0.002 seconds [static and dynamic dependencies]. Details - ImportResultOutputID=cdac2f552f860ca23b75796a562cee59 DependenciesID=417c98940595db78fea10d3a8940e14f StaticDependenciesID=a3ee97a7634630565dffcab665c3ca22 
Number of updated asset objects reloaded before import = 0
Number of asset objects unloaded after import = 0
========================================================================
Received Import Request.
  Time of request: 2026-10-01T08:15:27.4764253Z
  Time since last request: 0.0002395 seconds.
  importAddress: GUID: fe62cdbe023904f03b225f9b246fc5f6 - Path: Packages/com.unity.visualscripting/Editor/VisualScripting.Flow/Plugin/Changelogs/Changelog_1_4_5.cs - Importer: ScriptedImporter/UnityEditor.QuickSearchModule:UnityEditor.Search:ASIAI0B
Importing 'GUID: fe62cdbe023904f03b225f9b246fc5f6 - Path: Packages/com.unity.visualscripting/Editor/VisualScripting.Flow/Plugin/Changelogs/Changelog_1_4_5.cs - Importer: ScriptedImporter/UnityEditor.QuickSearchModule:UnityEditor.Search:ASIAI0B' with importer (ScriptedImporter : UnityEditor.QuickSearchModule:UnityEditor.Search:ASIAI0B)
Imported 'GUID: fe62cdbe023904f03b225f9b246fc5f6' -> (Import Result ID: '03927fac7577165185e40abfbe604dbe') in 0.002 seconds [static and dynamic dependencies]. Details - ImportResultOutputID=fedc8353873c51045a18622e6648e82e DependenciesID=cf3a4b971d4850d3ea9843363ea21f8d StaticDependenciesID=2dac80720dd773005faf83615e3c5623 
Number of updated asset objects reloaded before import = 0
Number of asset objects unloaded after import = 0
========================================================================
Received Import Request.
  Time of request: 2026-10-01T08:15:27.4878428Z
  Time since last request: 0.0002903 seconds.
  importAddress: GUID: fb52af51c49c24810bccfff47fba0f3b - Path: Packages/com.unity.visualscripting/Editor/VisualScripting.Flow/Plugin/Changelogs/Changelog_1_1_2.cs - Importer: ScriptedImporter/UnityEditor.QuickSearchModule:UnityEditor.Search:ASIAI0B
Importing 'GUID: fb52af51c49c24810bccfff47fba0f3b - Path: Packages/com.unity.visualscripting/Editor/VisualScripting.Flow/Plugin/Changelogs/Changelog_1_1_2.cs - Importer: ScriptedImporter/UnityEditor.QuickSearchModule:UnityEditor.Search:ASIAI0B' with importer (ScriptedImporter : UnityEditor.QuickSearchModule:UnityEditor.Search:ASIAI0B)
Imported 'GUID: fb52af51c49c24810bccfff47fba0f3b' -> (Import Result ID: '8f5bef236720dcf423e3d12bae9d40b7') in 0.002 seconds [static and dynamic dependencies]. Details - ImportResultOutputID=742580f9bac51d923441e5e7aa606c93 DependenciesID=67c3a0da0a48154df14c271626fdefb7 StaticDependenciesID=645d6081f00be76320073177c621eeaa 
Number of updated asset objects reloaded before import = 0
Number of asset objects unloaded after import = 0
========================================================================
Received Import Request.
  Time of request: 2026-10-01T08:15:27.5087291Z
  Time since last request: 0.0113755 seconds.
  importAddress: GUID: 8eabcfe7821848de997cb10ce349c99c - Path: Packages/com.unity.visualscripting/Runtime/VisualScripting.Core/Listeners/MonoBehaviour/UnityOnMouseUpMessageListener.cs - Importer: ScriptedImporter/UnityEditor.QuickSearchModule:UnityEditor.Search:ASIAI0B
Importing 'GUID: 8eabcfe7821848de997cb10ce349c99c - Path: Packages/com.unity.visualscripting/Runtime/VisualScripting.Core/Listeners/MonoBehaviour/UnityOnMouseUpMessageListener.cs - Importer: ScriptedImporter/UnityEditor.QuickSearchModule:UnityEditor.Search:ASIAI0B' with importer (ScriptedImporter : UnityEditor.QuickSearchModule:UnityEditor.Search:ASIAI0B)
Imported 'GUID: 8eabcfe7821848de997cb10ce349c99c' -> (Import Result ID: '7ac8b61f8e1fd8ed280b3e81074ed73f') in 0.003 seconds [static and dynamic dependencies]. Details - ImportResultOutputID=5a832f2fd17fa25fde90f0227a1d7c23 DependenciesID=c3df042d90395963e46b0d74f3337fb2 StaticDependenciesID=224678f7acd610c735aebbf1ce29c5e3 
Number of updated asset objects reloaded before import = 0
Number of asset objects unloaded after import = 0
========================================================================
Received Import Request.
  Time of request: 2026-10-01T08:15:27.5198736Z
  Time since last request: 0.000738 seconds.
  importAddress: GUID: 10e4ab63650694b2a8a70621dbf7e368 - Path: Packages/com.unity.visualscripting/Runtime/VisualScripting.Core/EditorBinding/Inspector/InspectorDelayedAttribute.cs - Importer: ScriptedImporter/UnityEditor.QuickSearchModule:UnityEditor.Search:ASIAI0B
Importing 'GUID: 10e4ab63650694b2a8a70621dbf7e368 - Path: Packages/com.unity.visualscripting/Runtime/VisualScripting.Core/EditorBinding/Inspector/InspectorDelayedAttribute.cs - Importer: ScriptedImporter/UnityEditor.QuickSearchModule:UnityEditor.Search:ASIAI0B' with importer (ScriptedImporter : UnityEditor.QuickSearchModule:UnityEditor.Search:ASIAI0B)
Imported 'GUID: 10e4ab63650694b2a8a70621dbf7e368' -> (Import Result ID: '5fdeedbe4634910c9a75075d12800698') in 0.002 seconds [static and dynamic dependencies]. Details - ImportResultOutputID=eddb4738508d150043624a82d9c758e0 DependenciesID=8b409132f1509450ef2ca4060cff73db StaticDependenciesID=6c193355c2ae9a6187907dae8c53acc4 
Number of updated asset objects reloaded before import = 0
Number of asset objects unloaded after import = 0
========================================================================
Received Import Request.
  Time of request: 2026-10-01T08:15:27.5305092Z
  Time since last request: 0.0003805 seconds.
  importAddress: GUID: 165f53350f404a29a091e26686c289fb - Path: Packages/com.unity.visualscripting/Runtime/VisualScripting.Core/Listeners/UI/UnityOnInputFieldValueChangedMessageListener.cs - Importer: ScriptedImporter/UnityEditor.QuickSearchModule:UnityEditor.Search:ASIAI0B
Importing 'GUID: 165f53350f404a29a091e26686c289fb - Path: Packages/com.unity.visualscripting/Runtime/VisualScripting.Core/Listeners/UI/UnityOnInputFieldValueChangedMessageListener.cs - Importer: ScriptedImporter/UnityEditor.QuickSearchModule:UnityEditor.Search:ASIAI0B' with importer (ScriptedImporter : UnityEditor.QuickSearchModule:UnityEditor.Search:ASIAI0B)
Imported 'GUID: 165f53350f404a29a091e26686c289fb' -> (Import Result ID: '441f032ed76587d32dbcd85e41444220') in 0.002 seconds [static and dynamic dependencies]. Details - ImportResultOutputID=692767972c80f8cf817507c827b00f4f DependenciesID=cb437eb9274a96173ce734a4140f9742 StaticDependenciesID=241091b06592f010b02c21e0d6311b61 
Number of updated asset objects reloaded before import = 0
Number of asset objects unloaded after import = 0
========================================================================
Received Import Request.
  Time of request: 2026-10-01T08:15:27.542874Z
  Time since last request: 0.0003136 seconds.
  importAddress: GUID: 1cf89df7a0654768859b26797d898f7d - Path: Packages/com.unity.visualscripting/Runtime/VisualScripting.Core/Listeners/MonoBehaviour/UnityOnBecameInvisibleMessageListener.cs - Importer: ScriptedImporter/UnityEditor.QuickSearchModule:UnityEditor.Search:ASIAI0B
Importing 'GUID: 1cf89df7a0654768859b26797d898f7d - Path: Packages/com.unity.visualscripting/Runtime/VisualScripting.Core/Listeners/MonoBehaviour/UnityOnBecameInvisibleMessageListener.cs - Importer: ScriptedImporter/UnityEditor.QuickSearchModule:UnityEditor.Search:ASIAI0B' with importer (ScriptedImporter : UnityEditor.QuickSearchModule:UnityEditor.Search:ASIAI0B)
Imported 'GUID: 1cf89df7a0654768859b26797d898f7d' -> (Import Result ID: '4d792c86c10c6a8b8aaa0b8d2088ec85') in 0.002 seconds [static and dynamic dependencies]. Details - ImportResultOutputID=d7e9d354bc4d91c472a56b7215cceefd DependenciesID=317ae191bedd3ba597ebe711fa4245b7 StaticDependenciesID=872323c4e4fc79dd823add4588ef0862 
Number of updated asset objects reloaded before import = 0
Number of asset objects unloaded after import = 0
========================================================================
Received Import Request.
  Time of request: 2026-10-01T08:15:27.5535347Z
  Time since last request: 0.0005388 seconds.
  importAddress: GUID: 2c25fc74731a48688353e88a798c2c47 - Path: Packages/com.unity.visualscripting/Runtime/VisualScripting.Core/Listeners/MonoBehaviour/UnityOnControllerColliderHitMessageListener.cs - Importer: ScriptedImporter/UnityEditor.QuickSearchModule:UnityEditor.Search:ASIAI0B
Importing 'GUID: 2c25fc74731a48688353e88a798c2c47 - Path: Packages/com.unity.visualscripting/Runtime/VisualScripting.Core/Listeners/MonoBehaviour/UnityOnControllerColliderHitMessageListener.cs - Importer: ScriptedImporter/UnityEditor.QuickSearchModule:UnityEditor.Search:ASIAI0B' with importer (ScriptedImporter : UnityEditor.QuickSearchModule:UnityEditor.Search:ASIAI0B)
Imported 'GUID: 2c25fc74731a48688353e88a798c2c47' -> (Import Result ID: 'cbdb2bd5d0a99fb990eda7e5bb47fefe') in 0.002 seconds [static and dynamic dependencies]. Details - ImportResultOutputID=2b15fe0c26cf1642c43e19065f5310bf DependenciesID=7fa9361d29cb6ff36a67038fca9663d3 StaticDependenciesID=5dfdc6bf4dc4c8362eb9a854c6d33f41 
Number of updated asset objects reloaded before import = 0
Number of asset objects unloaded after import = 0
========================================================================
Received Import Request.
  Time of request: 2026-10-01T08:15:27.5654617Z
  Time since last request: 0.0003799 seconds.
  importAddress: GUID: cc16d5867d48040258daa8a42ba36190 - Path: Packages/com.unity.visualscripting/Runtime/VisualScripting.Core/Dependencies/FullSerializer/fsPropertyAttribute.cs - Importer: ScriptedImporter/UnityEditor.QuickSearchModule:UnityEditor.Search:ASIAI0B
Importing 'GUID: cc16d5867d48040258daa8a42ba36190 - Path: Packages/com.unity.visualscripting/Runtime/VisualScripting.Core/Dependencies/FullSerializer/fsPropertyAttribute.cs - Importer: ScriptedImporter/UnityEditor.QuickSearchModule:UnityEditor.Search:ASIAI0B' with importer (ScriptedImporter : UnityEditor.QuickSearchModule:UnityEditor.Search:ASIAI0B)
Imported 'GUID: cc16d5867d48040258daa8a42ba36190' -> (Import Result ID: 'dc641f372e3dad7465ed202e55cf0cd2') in 0.002 seconds [static and dynamic dependencies]. Details - ImportResultOutputID=413ee8064d9dc97e34093ac73584f9dd DependenciesID=7060a3f102abf4190415ff5b06023cc6 StaticDependenciesID=3a61a27708f0e557a1838c68d850733c 
Number of updated asset objects reloaded before import = 0
Number of asset objects unloaded after import = 0
========================================================================
Received Import Request.
  Time of request: 2026-10-01T08:15:27.5947172Z
  Time since last request: 0.0200066 seconds.
  importAddress: GUID: 6ac39bd0abb61457399c6377fe2cdcc2 - Path: Packages/com.unity.visualscripting/Runtime/VisualScripting.Core/Reflection/Operators/NumericNegationHandler.cs - Importer: ScriptedImporter/UnityEditor.QuickSearchModule:UnityEditor.Search:ASIAI0B
Importing 'GUID: 6ac39bd0abb61457399c6377fe2cdcc2 - Path: Packages/com.unity.visualscripting/Runtime/VisualScripting.Core/Reflection/Operators/NumericNegationHandler.cs - Importer: ScriptedImporter/UnityEditor.QuickSearchModule:UnityEditor.Search:ASIAI0B' with importer (ScriptedImporter : UnityEditor.QuickSearchModule:UnityEditor.Search:ASIAI0B)
Imported 'GUID: 6ac39bd0abb61457399c6377fe2cdcc2' -> (Import Result ID: 'f3d94b708c559f3115f81e58f2c2f740') in 0.002 seconds [static and dynamic dependencies]. Details - ImportResultOutputID=308618562377bae4d9cc3d3bf570dd60 DependenciesID=09306bc9eb1863e50c77792c43f3c39f StaticDependenciesID=802be4b2cf25527b7610abdcd5b3693f 
Number of updated asset objects reloaded before import = 0
Number of asset objects unloaded after import = 0
========================================================================
Received Import Request.
  Time of request: 2026-10-01T08:15:27.6048798Z
  Time since last request: 0.0003201 seconds.
  importAddress: GUID: bb87afcd70abd4879b116234b7d3667b - Path: Packages/com.unity.visualscripting/Runtime/VisualScripting.Core/Reflection/Operators/BinaryOperatorHandler.cs - Importer: ScriptedImporter/UnityEditor.QuickSearchModule:UnityEditor.Search:ASIAI0B
Importing 'GUID: bb87afcd70abd4879b116234b7d3667b - Path: Packages/com.unity.visualscripting/Runtime/VisualScripting.Core/Reflection/Operators/BinaryOperatorHandler.cs - Importer: ScriptedImporter/UnityEditor.QuickSearchModule:UnityEditor.Search:ASIAI0B' with importer (ScriptedImporter : UnityEditor.QuickSearchModule:UnityEditor.Search:ASIAI0B)
Imported 'GUID: bb87afcd70abd4879b116234b7d3667b' -> (Import Result ID: '0d4f6536df6975a7a1a277dd9803f808') in 0.002 seconds [static and dynamic dependencies]. Details - ImportResultOutputID=34480d09fb77f6e4876fd9151db32633 DependenciesID=f62409cb18f984e7cc27659a4b24bc71 StaticDependenciesID=d81c02ef7f98aa85ee4b8dbfe5720149 
Number of updated asset objects reloaded before import = 0
Number of asset objects unloaded after import = 0
========================================================================
Received Import Request.
  Time of request: 2026-10-01T08:15:27.6159513Z
  Time since last request: 0.0004006 seconds.
  importAddress: GUID: 51eb97cc5baa44c898f577d324843965 - Path: Packages/com.unity.visualscripting/Runtime/VisualScripting.Core/Listeners/UIInterfaces/UnityOnPointerClickMessageListener.cs - Importer: ScriptedImporter/UnityEditor.QuickSearchModule:UnityEditor.Search:ASIAI0B
Importing 'GUID: 51eb97cc5baa44c898f577d324843965 - Path: Packages/com.unity.visualscripting/Runtime/VisualScripting.Core/Listeners/UIInterfaces/UnityOnPointerClickMessageListener.cs - Importer: ScriptedImporter/UnityEditor.QuickSearchModule:UnityEditor.Search:ASIAI0B' with importer (ScriptedImporter : UnityEditor.QuickSearchModule:UnityEditor.Search:ASIAI0B)
Imported 'GUID: 51eb97cc5baa44c898f577d324843965' -> (Import Result ID: '5b2e169ee7055d862b242d2207d8c354') in 0.002 seconds [static and dynamic dependencies]. Details - ImportResultOutputID=ae918656887cfc34dfd90364c3e09281 DependenciesID=cf92bd7c73e28b025aca58e4ab8474c4 StaticDependenciesID=57b77b84717b8d6cabe6f2243a732aaa 
Number of updated asset objects reloaded before import = 0
Number of asset objects unloaded after import = 0
========================================================================
Received Import Request.
  Time of request: 2026-10-01T08:15:27.6259824Z
  Time since last request: 0.0003252 seconds.
  importAddress: GUID: 31e550d17f6264ba68218683267984df - Path: Packages/com.unity.visualscripting/Runtime/VisualScripting.Core/Reflection/Optimization/IOptimizedAccessor.cs - Importer: ScriptedImporter/UnityEditor.QuickSearchModule:UnityEditor.Search:ASIAI0B
Importing 'GUID: 31e550d17f6264ba68218683267984df - Path: Packages/com.unity.visualscripting/Runtime/VisualScripting.Core/Reflection/Optimization/IOptimizedAccessor.cs - Importer: ScriptedImporter/UnityEditor.QuickSearchModule:UnityEditor.Search:ASIAI0B' with importer (ScriptedImporter : UnityEditor.QuickSearchModule:UnityEditor.Search:ASIAI0B)
Imported 'GUID: 31e550d17f6264ba68218683267984df' -> (Import Result ID: '641e1d1ba0f10865712e10a59727e098') in 0.002 seconds [static and dynamic dependencies]. Details - ImportResultOutputID=e0246862754517eb1de8caa27adadee6 DependenciesID=7d8969779f19a45d0858b51de7644bcd StaticDependenciesID=e0cb7567f8a1dbf395442e4ee9666c12 
Number of updated asset objects reloaded before import = 0
Number of asset objects unloaded after import = 0
========================================================================
Received Import Request.
  Time of request: 2026-10-01T08:15:27.6371559Z
  Time since last request: 0.0003055 seconds.
  importAddress: GUID: 85446336b4c0548199297578ebc69d08 - Path: Packages/com.unity.visualscripting/Runtime/VisualScripting.Core/Reflection/Optimization/InstanceFieldAccessor.cs - Importer: ScriptedImporter/UnityEditor.QuickSearchModule:UnityEditor.Search:ASIAI0B
Importing 'GUID: 85446336b4c0548199297578ebc69d08 - Path: Packages/com.unity.visualscripting/Runtime/VisualScripting.Core/Reflection/Optimization/InstanceFieldAccessor.cs - Importer: ScriptedImporter/UnityEditor.QuickSearchModule:UnityEditor.Search:ASIAI0B' with importer (ScriptedImporter : UnityEditor.QuickSearchModule:UnityEditor.Search:ASIAI0B)
Imported 'GUID: 85446336b4c0548199297578ebc69d08' -> (Import Result ID: '91ecf4831e0a9f3a5ed1b31a2c6f80d8') in 0.002 seconds [static and dynamic dependencies]. Details - ImportResultOutputID=c19806f84a3b10d6c6ca74909861efe2 DependenciesID=08698f2ab83f782852d9840307e81980 StaticDependenciesID=2390700ab1221c39735d9a9a5c3ea434 
Number of updated asset objects reloaded before import = 0
Number of asset objects unloaded after import = 0
========================================================================
Received Import Request.
  Time of request: 2026-10-01T08:15:27.6479956Z
  Time since last request: 0.000256 seconds.
  importAddress: GUID: 6a2ec589df8304b07930d5319d9b5584 - Path: Packages/com.unity.visualscripting/Runtime/VisualScripting.Core/Reflection/Optimization/InstanceInvokerBase.cs - Importer: ScriptedImporter/UnityEditor.QuickSearchModule:UnityEditor.Search:ASIAI0B
Importing 'GUID: 6a2ec589df8304b07930d5319d9b5584 - Path: Packages/com.unity.visualscripting/Runtime/VisualScripting.Core/Reflection/Optimization/InstanceInvokerBase.cs - Importer: ScriptedImporter/UnityEditor.QuickSearchModule:UnityEditor.Search:ASIAI0B' with importer (ScriptedImporter : UnityEditor.QuickSearchModule:UnityEditor.Search:ASIAI0B)
Imported 'GUID: 6a2ec589df8304b07930d5319d9b5584' -> (Import Result ID: '97987dc2e5ae4c52ed4513baef4f6bba') in 0.002 seconds [static and dynamic dependencies]. Details - ImportResultOutputID=a777f7fced0ac0a7322b202c760b5414 DependenciesID=e07f5f62e07c903302a24c532080046d StaticDependenciesID=d62942a46fd2dd479e86885a6847efe5 
Number of updated asset objects reloaded before import = 0
Number of asset objects unloaded after import = 0
========================================================================
Received Import Request.
  Time of request: 2026-10-01T08:15:27.6829114Z
  Time since last request: 0.0233143 seconds.
  importAddress: GUID: c614751e0f58c477cb0e9658be0ebdc4 - Path: Packages/com.unity.visualscripting/Runtime/VisualScripting.Flow/Dependencies/NCalc/UnaryExpression.cs - Importer: ScriptedImporter/UnityEditor.QuickSearchModule:UnityEditor.Search:ASIAI0B
Importing 'GUID: c614751e0f58c477cb0e9658be0ebdc4 - Path: Packages/com.unity.visualscripting/Runtime/VisualScripting.Flow/Dependencies/NCalc/UnaryExpression.cs - Importer: ScriptedImporter/UnityEditor.QuickSearchModule:UnityEditor.Search:ASIAI0B' with importer (ScriptedImporter : UnityEditor.QuickSearchModule:UnityEditor.Search:ASIAI0B)
Imported 'GUID: c614751e0f58c477cb0e9658be0ebdc4' -> (Import Result ID: '504583a17141432a3abcceea768b6665') in 0.002 seconds [static and dynamic dependencies]. Details - ImportResultOutputID=26819b8163019d9bd04941ee2d07e67f DependenciesID=eda445fe3079e5a3a2cf1dc4488bb878 StaticDependenciesID=9468ac90ef2f0e0ce7f6671e8b3e5f4c 
Number of updated asset objects reloaded before import = 0
Number of asset objects unloaded after import = 0
========================================================================
Received Import Request.
  Time of request: 2026-10-01T08:15:27.6949572Z
  Time since last request: 0.0003906 seconds.
  importAddress: GUID: f9e773f6742c84fa28f8820bd00cce30 - Path: Packages/com.unity.visualscripting/Runtime/VisualScripting.Flow/Dependencies/NCalc/Unity.VisualScripting.Antlr3.Runtime.dll - Importer: ScriptedImporter/UnityEditor.QuickSearchModule:UnityEditor.Search:ASIAI0B
Importing 'GUID: f9e773f6742c84fa28f8820bd00cce30 - Path: Packages/com.unity.visualscripting/Runtime/VisualScripting.Flow/Dependencies/NCalc/Unity.VisualScripting.Antlr3.Runtime.dll - Importer: ScriptedImporter/UnityEditor.QuickSearchModule:UnityEditor.Search:ASIAI0B' with importer (ScriptedImporter : UnityEditor.QuickSearchModule:UnityEditor.Search:ASIAI0B)
Imported 'GUID: f9e773f6742c84fa28f8820bd00cce30' -> (Import Result ID: '9167188ce0862576f402c70493f663a5') in 0.002 seconds [static and dynamic dependencies]. Details - ImportResultOutputID=116aa27b6aa5c7c32052b9822cc16e0e DependenciesID=ab079908ed26e976774d8bc8f750aaa9 StaticDependenciesID=5be33d9909d033972926771b8ed792e7 
Number of updated asset objects reloaded before import = 0
Number of asset objects unloaded after import = 0
========================================================================
Received Import Request.
  Time of request: 2026-10-01T08:15:27.7053944Z
  Time since last request: 0.0005285 seconds.
  importAddress: GUID: 6499d38cb236f4d369ab2ce0e0585ecc - Path: Packages/com.unity.visualscripting/Runtime/VisualScripting.Flow/Dependencies/NCalc/EvaluationException.cs - Importer: ScriptedImporter/UnityEditor.QuickSearchModule:UnityEditor.Search:ASIAI0B
Importing 'GUID: 6499d38cb236f4d369ab2ce0e0585ecc - Path: Packages/com.unity.visualscripting/Runtime/VisualScripting.Flow/Dependencies/NCalc/EvaluationException.cs - Importer: ScriptedImporter/UnityEditor.QuickSearchModule:UnityEditor.Search:ASIAI0B' with importer (ScriptedImporter : UnityEditor.QuickSearchModule:UnityEditor.Search:ASIAI0B)
Imported 'GUID: 6499d38cb236f4d369ab2ce0e0585ecc' -> (Import Result ID: 'd0497b784bf2cb08922d4925c6c1ec42') in 0.002 seconds [static and dynamic dependencies]. Details - ImportResultOutputID=14fad91b005bb4709989339e23c7a181 DependenciesID=68ac0a1ed1103cd5c4a3df9dc3a8d2e3 StaticDependenciesID=a667d085f323c593f1fc5be131ab4b80 
Number of updated asset objects reloaded before import = 0
Number of asset objects unloaded after import = 0
========================================================================
Received Import Request.
  Time of request: 2026-10-01T08:15:27.7159197Z
  Time since last request: 0.000287 seconds.
  importAddress: GUID: 2a04f80a14e674d8baadb6f7e1fa4941 - Path: Packages/com.unity.visualscripting/Runtime/VisualScripting.Core/Reflection/Optimization/ReflectionFieldAccessor.cs - Importer: ScriptedImporter/UnityEditor.QuickSearchModule:UnityEditor.Search:ASIAI0B
Importing 'GUID: 2a04f80a14e674d8baadb6f7e1fa4941 - Path: Packages/com.unity.visualscripting/Runtime/VisualScripting.Core/Reflection/Optimization/ReflectionFieldAccessor.cs - Importer: ScriptedImporter/UnityEditor.QuickSearchModule:UnityEditor.Search:ASIAI0B' with importer (ScriptedImporter : UnityEditor.QuickSearchModule:UnityEditor.Search:ASIAI0B)
Imported 'GUID: 2a04f80a14e674d8baadb6f7e1fa4941' -> (Import Result ID: '66f21bc4106bd4e2b8c967d57a715be0') in 0.002 seconds [static and dynamic dependencies]. Details - ImportResultOutputID=9a9356e19a3e2a04072fe43c2695f42c DependenciesID=7d23bf0ab210ec7ff7a8c5ff9d92942b StaticDependenciesID=47311b9e4d8617092e25762d2d5a5d3a 
Number of updated asset objects reloaded before import = 0
Number of asset objects unloaded after import = 0
========================================================================
Received Import Request.
  Time of request: 2026-10-01T08:15:27.7272733Z
  Time since last request: 0.0002075 seconds.
  importAddress: GUID: 0ee6f6e4db91f45afbbfa24798d7b346 - Path: Packages/com.unity.visualscripting/Runtime/VisualScripting.Flow/Framework/Control/LoopUnit.cs - Importer: ScriptedImporter/UnityEditor.QuickSearchModule:UnityEditor.Search:ASIAI0B
Importing 'GUID: 0ee6f6e4db91f45afbbfa24798d7b346 - Path: Packages/com.unity.visualscripting/Runtime/VisualScripting.Flow/Framework/Control/LoopUnit.cs - Importer: ScriptedImporter/UnityEditor.QuickSearchModule:UnityEditor.Search:ASIAI0B' with importer (ScriptedImporter : UnityEditor.QuickSearchModule:UnityEditor.Search:ASIAI0B)
Imported 'GUID: 0ee6f6e4db91f45afbbfa24798d7b346' -> (Import Result ID: 'ace338e7af297a69e7dd1620222d734a') in 0.002 seconds [static and dynamic dependencies]. Details - ImportResultOutputID=475c64dcd9bf2dc6082e2cb989e30486 DependenciesID=f6f16a70d28fe68d5c5f9f683eaaf601 StaticDependenciesID=ebe4dbb20e5ed78f1c810484cad07175 
Number of updated asset objects reloaded before import = 0
Number of asset objects unloaded after import = 0
========================================================================
Received Import Request.
  Time of request: 2026-10-01T08:15:27.7373322Z
  Time since last request: 0.0005611 seconds.
  importAddress: GUID: d81baa29b4461445b815939d80f9c3ec - Path: Packages/com.unity.visualscripting/Runtime/VisualScripting.Flow/Framework/Codebase/Expose.cs - Importer: ScriptedImporter/UnityEditor.QuickSearchModule:UnityEditor.Search:ASIAI0B
Importing 'GUID: d81baa29b4461445b815939d80f9c3ec - Path: Packages/com.unity.visualscripting/Runtime/VisualScripting.Flow/Framework/Codebase/Expose.cs - Importer: ScriptedImporter/UnityEditor.QuickSearchModule:UnityEditor.Search:ASIAI0B' with importer (ScriptedImporter : UnityEditor.QuickSearchModule:UnityEditor.Search:ASIAI0B)
Imported 'GUID: d81baa29b4461445b815939d80f9c3ec' -> (Import Result ID: '4a7490fdc65fba39bdd42462317bfb79') in 0.002 seconds [static and dynamic dependencies]. Details - ImportResultOutputID=4a3c8559ee05749a4cb7de636fc2b3ae DependenciesID=c1f36ef0fae476bdd5be4171a2e9d13e StaticDependenciesID=ce8bb41b26a7f81d3a529874b39deefa 
Number of updated asset objects reloaded before import = 0
Number of asset objects unloaded after import = 0
========================================================================
Received Import Request.
  Time of request: 2026-10-01T08:15:27.7730527Z
  Time since last request: 0.0259308 seconds.
  importAddress: GUID: f1c68f228caee4112980151ba33d3aea - Path: Packages/com.unity.visualscripting/Runtime/VisualScripting.Flow/Framework/Logic/Or.cs - Importer: ScriptedImporter/UnityEditor.QuickSearchModule:UnityEditor.Search:ASIAI0B
Importing 'GUID: f1c68f228caee4112980151ba33d3aea - Path: Packages/com.unity.visualscripting/Runtime/VisualScripting.Flow/Framework/Logic/Or.cs - Importer: ScriptedImporter/UnityEditor.QuickSearchModule:UnityEditor.Search:ASIAI0B' with importer (ScriptedImporter : UnityEditor.QuickSearchModule:UnityEditor.Search:ASIAI0B)
Imported 'GUID: f1c68f228caee4112980151ba33d3aea' -> (Import Result ID: 'ce576c40f858a3dde260975fc630b59b') in 0.002 seconds [static and dynamic dependencies]. Details - ImportResultOutputID=7c0144ebf46eb2903d615fa19354e246 DependenciesID=2d444387125f900a54fcd87873a9207d StaticDependenciesID=db1dd62337f0607679b30f16ed62391e 
Number of updated asset objects reloaded before import = 0
Number of asset objects unloaded after import = 0
========================================================================
Received Import Request.
  Time of request: 2026-10-01T08:15:27.7836832Z
  Time since last request: 0.0003869 seconds.
  importAddress: GUID: d09df1476ce5a4e72af8be7f3006d3fe - Path: Packages/com.unity.visualscripting/Runtime/VisualScripting.Flow/Framework/Graph/GetGraphs.cs - Importer: ScriptedImporter/UnityEditor.QuickSearchModule:UnityEditor.Search:ASIAI0B
Importing 'GUID: d09df1476ce5a4e72af8be7f3006d3fe - Path: Packages/com.unity.visualscripting/Runtime/VisualScripting.Flow/Framework/Graph/GetGraphs.cs - Importer: ScriptedImporter/UnityEditor.QuickSearchModule:UnityEditor.Search:ASIAI0B' with importer (ScriptedImporter : UnityEditor.QuickSearchModule:UnityEditor.Search:ASIAI0B)
Imported 'GUID: d09df1476ce5a4e72af8be7f3006d3fe' -> (Import Result ID: 'c9defa62dbbeec5a90e074508b722ec6') in 0.003 seconds [static and dynamic dependencies]. Details - ImportResultOutputID=e5c9067bfc2d63efb1a051e8f11ea98b DependenciesID=aedee3c6a5d411a5e887a0c08023dd2a StaticDependenciesID=102accbb2f6870885e01e30c2a2f7afd 
Number of updated asset objects reloaded before import = 0
Number of asset objects unloaded after import = 0
========================================================================
Received Import Request.
  Time of request: 2026-10-01T08:15:27.7942579Z
  Time since last request: 0.0002417 seconds.
  importAddress: GUID: 19e33d0193ab84820855fc989cb9d7eb - Path: Packages/com.unity.visualscripting/Runtime/VisualScripting.Flow/Framework/Math/Divide.cs - Importer: ScriptedImporter/UnityEditor.QuickSearchModule:UnityEditor.Search:ASIAI0B
Importing 'GUID: 19e33d0193ab84820855fc989cb9d7eb - Path: Packages/com.unity.visualscripting/Runtime/VisualScripting.Flow/Framework/Math/Divide.cs - Importer: ScriptedImporter/UnityEditor.QuickSearchModule:UnityEditor.Search:ASIAI0B' with importer (ScriptedImporter : UnityEditor.QuickSearchModule:UnityEditor.Search:ASIAI0B)
Imported 'GUID: 19e33d0193ab84820855fc989cb9d7eb' -> (Import Result ID: 'a6b384781693c49fb819ab087b58a54d') in 0.002 seconds [static and dynamic dependencies]. Details - ImportResultOutputID=fcffc66c1a85a59342bc63a5d5c03738 DependenciesID=e687f0b3941bcdb30ede467c08239501 StaticDependenciesID=7ae1a3571ddfa3d274fb47ca577f1035 
Number of updated asset objects reloaded before import = 0
Number of asset objects unloaded after import = 0
========================================================================
Received Import Request.
  Time of request: 2026-10-01T08:15:27.8048486Z
  Time since last request: 0.0002807 seconds.
  importAddress: GUID: 4c159d9546a084c019e5b2d7610a0269 - Path: Packages/com.unity.visualscripting/Runtime/VisualScripting.Flow/Framework/Control/SelectUnit.cs - Importer: ScriptedImporter/UnityEditor.QuickSearchModule:UnityEditor.Search:ASIAI0B
Importing 'GUID: 4c159d9546a084c019e5b2d7610a0269 - Path: Packages/com.unity.visualscripting/Runtime/VisualScripting.Flow/Framework/Control/SelectUnit.cs - Importer: ScriptedImporter/UnityEditor.QuickSearchModule:UnityEditor.Search:ASIAI0B' with importer (ScriptedImporter : UnityEditor.QuickSearchModule:UnityEditor.Search:ASIAI0B)
Imported 'GUID: 4c159d9546a084c019e5b2d7610a0269' -> (Import Result ID: 'e090daebab6018e28bfcdcecedf1bbde') in 0.002 seconds [static and dynamic dependencies]. Details - ImportResultOutputID=b0e6df0d3af67e41f87b2527922e44fa DependenciesID=123b75e9fd7978930313140353fa342d StaticDependenciesID=7a51142a8bde33d2dcc40af878aaa379 
Number of updated asset objects reloaded before import = 0
Number of asset objects unloaded after import = 0
========================================================================
Received Import Request.
  Time of request: 2026-10-01T08:15:27.8150262Z
  Time since last request: 0.0002854 seconds.
  importAddress: GUID: b468d76c18c2a410aa40c222a91eebb3 - Path: Packages/com.unity.visualscripting/Runtime/VisualScripting.Flow/Framework/Control/ToggleFlow.cs - Importer: ScriptedImporter/UnityEditor.QuickSearchModule:UnityEditor.Search:ASIAI0B
Importing 'GUID: b468d76c18c2a410aa40c222a91eebb3 - Path: Packages/com.unity.visualscripting/Runtime/VisualScripting.Flow/Framework/Control/ToggleFlow.cs - Importer: ScriptedImporter/UnityEditor.QuickSearchModule:UnityEditor.Search:ASIAI0B' with importer (ScriptedImporter : UnityEditor.QuickSearchModule:UnityEditor.Search:ASIAI0B)
Imported 'GUID: b468d76c18c2a410aa40c222a91eebb3' -> (Import Result ID: '90b722cff95cae06aee6d25305dadcc1') in 0.002 seconds [static and dynamic dependencies]. Details - ImportResultOutputID=4762e21e1c5381f77c4927821aa404ef DependenciesID=198519ef2305e6aaa9c2f736416de2d7 StaticDependenciesID=858bb67518944bdfb3c9d39e9e12790f 
Number of updated asset objects reloaded before import = 0
Number of asset objects unloaded after import = 0
========================================================================
Received Import Request.
  Time of request: 2026-10-01T08:15:27.8250846Z
  Time since last request: 0.0004931 seconds.
  importAddress: GUID: e7bc539a4cf334d588b5c72b9e3831ac - Path: Packages/com.unity.visualscripting/Runtime/VisualScripting.Flow/Framework/Math/Angle.cs - Importer: ScriptedImporter/UnityEditor.QuickSearchModule:UnityEditor.Search:ASIAI0B
Importing 'GUID: e7bc539a4cf334d588b5c72b9e3831ac - Path: Packages/com.unity.visualscripting/Runtime/VisualScripting.Flow/Framework/Math/Angle.cs - Importer: ScriptedImporter/UnityEditor.QuickSearchModule:UnityEditor.Search:ASIAI0B' with importer (ScriptedImporter : UnityEditor.QuickSearchModule:UnityEditor.Search:ASIAI0B)
Imported 'GUID: e7bc539a4cf334d588b5c72b9e3831ac' -> (Import Result ID: '2943793bcccb79830fe8c6e1afa0f26e') in 0.001 seconds [static and dynamic dependencies]. Details - ImportResultOutputID=18870986150851c8f00a64f2b5499c4e DependenciesID=0f0e76eb8e3b795b89b8f5aa063484a9 StaticDependenciesID=896fd6587d354116718634dcddf9c579 
Number of updated asset objects reloaded before import = 0
Number of asset objects unloaded after import = 0
========================================================================
Received Import Request.
  Time of request: 2026-10-01T08:15:27.8352596Z
  Time since last request: 0.0002439 seconds.
  importAddress: GUID: 0617241f63fdf4b819789715e39c4a90 - Path: Packages/com.unity.visualscripting/Runtime/VisualScripting.Flow/Framework/Graph/GetScriptGraph.cs - Importer: ScriptedImporter/UnityEditor.QuickSearchModule:UnityEditor.Search:ASIAI0B
Importing 'GUID: 0617241f63fdf4b819789715e39c4a90 - Path: Packages/com.unity.visualscripting/Runtime/VisualScripting.Flow/Framework/Graph/GetScriptGraph.cs - Importer: ScriptedImporter/UnityEditor.QuickSearchModule:UnityEditor.Search:ASIAI0B' with importer (ScriptedImporter : UnityEditor.QuickSearchModule:UnityEditor.Search:ASIAI0B)
Imported 'GUID: 0617241f63fdf4b819789715e39c4a90' -> (Import Result ID: '9c3b8e19aae0a1ddb5e550df3f144c01') in 0.002 seconds [static and dynamic dependencies]. Details - ImportResultOutputID=086a4a10f2c92eb68d9abb965558ea9b DependenciesID=98ebd42a350ead9bbe5d989b6e91de8e StaticDependenciesID=0de7707f202765095586825a30758779 
Number of updated asset objects reloaded before import = 0
Number of asset objects unloaded after import = 0
========================================================================
Received Import Request.
  Time of request: 2026-10-01T08:15:27.8597543Z
  Time since last request: 0.0154815 seconds.
  importAddress: GUID: f8ec22038ca8d40ac94e3ff3762cb5b8 - Path: Packages/com.unity.visualscripting/Runtime/VisualScripting.Flow/Framework/Nulls/Null.cs - Importer: ScriptedImporter/UnityEditor.QuickSearchModule:UnityEditor.Search:ASIAI0B
Importing 'GUID: f8ec22038ca8d40ac94e3ff3762cb5b8 - Path: Packages/com.unity.visualscripting/Runtime/VisualScripting.Flow/Framework/Nulls/Null.cs - Importer: ScriptedImporter/UnityEditor.QuickSearchModule:UnityEditor.Search:ASIAI0B' with importer (ScriptedImporter : UnityEditor.QuickSearchModule:UnityEditor.Search:ASIAI0B)
Imported 'GUID: f8ec22038ca8d40ac94e3ff3762cb5b8' -> (Import Result ID: '6839694197382e033020d1a0f423cdb7') in 0.002 seconds [static and dynamic dependencies]. Details - ImportResultOutputID=51524d8cbccd7a908f63b1609bd2b3bd DependenciesID=d524829c2d8101cc85e898ff35d7844a StaticDependenciesID=b5ab1d2d5541f6923a57aa852b4191aa 
Number of updated asset objects reloaded before import = 0
Number of asset objects unloaded after import = 0
========================================================================
Received Import Request.
  Time of request: 2026-10-01T08:15:27.8701909Z
  Time since last request: 0.0005315 seconds.
  importAddress: GUID: 9499dcfe8b4e7461ba7881c30897fc49 - Path: Packages/com.unity.visualscripting/Editor/VisualScripting.Core/Dependencies/ReorderableList/ElementAdderMenu/ElementAdderMenuCommandAttribute.cs - Importer: ScriptedImporter/UnityEditor.QuickSearchModule:UnityEditor.Search:ASIAI0B
Importing 'GUID: 9499dcfe8b4e7461ba7881c30897fc49 - Path: Packages/com.unity.visualscripting/Editor/VisualScripting.Core/Dependencies/ReorderableList/ElementAdderMenu/ElementAdderMenuCommandAttribute.cs - Importer: ScriptedImporter/UnityEditor.QuickSearchModule:UnityEditor.Search:ASIAI0B' with importer (ScriptedImporter : UnityEditor.QuickSearchModule:UnityEditor.Search:ASIAI0B)
Imported 'GUID: 9499dcfe8b4e7461ba7881c30897fc49' -> (Import Result ID: 'a3709eaab3bf4bb652fe4f9735343d5c') in 0.002 seconds [static and dynamic dependencies]. Details - ImportResultOutputID=aada10a1a06133bf4aa7346f9663dcb0 DependenciesID=7671d98317e974d07a1d37078ab98ec2 StaticDependenciesID=cd6d319795696a1fd0e8cd57973b3312 
Number of updated asset objects reloaded before import = 0
Number of asset objects unloaded after import = 0
========================================================================
Received Import Request.
  Time of request: 2026-10-01T08:15:27.880684Z
  Time since last request: 0.0004041 seconds.
  importAddress: GUID: 08418bca4bc8e4506aeb510a5267664a - Path: Packages/com.unity.visualscripting/Runtime/VisualScripting.Flow/Framework/Time/WaitForEndOfFrameUnit.cs - Importer: ScriptedImporter/UnityEditor.QuickSearchModule:UnityEditor.Search:ASIAI0B
Importing 'GUID: 08418bca4bc8e4506aeb510a5267664a - Path: Packages/com.unity.visualscripting/Runtime/VisualScripting.Flow/Framework/Time/WaitForEndOfFrameUnit.cs - Importer: ScriptedImporter/UnityEditor.QuickSearchModule:UnityEditor.Search:ASIAI0B' with importer (ScriptedImporter : UnityEditor.QuickSearchModule:UnityEditor.Search:ASIAI0B)
Imported 'GUID: 08418bca4bc8e4506aeb510a5267664a' -> (Import Result ID: 'ab0fb14c35aec388ccfd8217f657e35c') in 0.002 seconds [static and dynamic dependencies]. Details - ImportResultOutputID=e88a2671ad8a1aea3cb8cb37d390bc94 DependenciesID=d7683f08f521389a5a7b2c823c5bb0a7 StaticDependenciesID=89360517a07ecfe7587171581dcd3139 
Number of updated asset objects reloaded before import = 0
Number of asset objects unloaded after import = 0
========================================================================
Received Import Request.
  Time of request: 2026-10-01T08:15:27.8911175Z
  Time since last request: 0.0003435 seconds.
  importAddress: GUID: bbbb56225190444f885cc3b5d37d8b32 - Path: Packages/com.unity.visualscripting/Editor/VisualScripting.Core/Plugin/Changelogs/LegacyLudiqCore/Changelog_1_4_2.cs - Importer: ScriptedImporter/UnityEditor.QuickSearchModule:UnityEditor.Search:ASIAI0B
Importing 'GUID: bbbb56225190444f885cc3b5d37d8b32 - Path: Packages/com.unity.visualscripting/Editor/VisualScripting.Core/Plugin/Changelogs/LegacyLudiqCore/Changelog_1_4_2.cs - Importer: ScriptedImporter/UnityEditor.QuickSearchModule:UnityEditor.Search:ASIAI0B' with importer (ScriptedImporter : UnityEditor.QuickSearchModule:UnityEditor.Search:ASIAI0B)
Imported 'GUID: bbbb56225190444f885cc3b5d37d8b32' -> (Import Result ID: 'a35c42c5fabfae761f5945cb3088d92a') in 0.002 seconds [static and dynamic dependencies]. Details - ImportResultOutputID=6e2911fee48bcbcb09e17d89c1e87647 DependenciesID=0cf7230017cd5acf45230c52b8625c5f StaticDependenciesID=bbd226b400185fe49bf4d5593210630b 
Number of updated asset objects reloaded before import = 0
Number of asset objects unloaded after import = 0
========================================================================
Received Import Request.
  Time of request: 2026-10-01T08:15:27.9023077Z
  Time since last request: 0.0005334 seconds.
  importAddress: GUID: fafc0ba4e24ff411697e06cb5daf09b8 - Path: Packages/com.unity.visualscripting/Runtime/VisualScripting.Flow/Framework/Nulls/NullCoalesce.cs - Importer: ScriptedImporter/UnityEditor.QuickSearchModule:UnityEditor.Search:ASIAI0B
Importing 'GUID: fafc0ba4e24ff411697e06cb5daf09b8 - Path: Packages/com.unity.visualscripting/Runtime/VisualScripting.Flow/Framework/Nulls/NullCoalesce.cs - Importer: ScriptedImporter/UnityEditor.QuickSearchModule:UnityEditor.Search:ASIAI0B' with importer (ScriptedImporter : UnityEditor.QuickSearchModule:UnityEditor.Search:ASIAI0B)
Imported 'GUID: fafc0ba4e24ff411697e06cb5daf09b8' -> (Import Result ID: '8ce52f481f6564f1598a863f55a14887') in 0.002 seconds [static and dynamic dependencies]. Details - ImportResultOutputID=037442b20c7349d66fc9017f9540d87f DependenciesID=2992cedbc3155fe0b94598a7bb62de47 StaticDependenciesID=a9e2812e806ce47f3664ab616ea67ff4 
Number of updated asset objects reloaded before import = 0
Number of asset objects unloaded after import = 0
========================================================================
Received Import Request.
  Time of request: 2026-10-01T08:15:27.9126314Z
  Time since last request: 0.0003267 seconds.
  importAddress: GUID: 962d2c1de100b4bee951cc5d53693b9f - Path: Packages/com.unity.visualscripting/Runtime/VisualScripting.Flow/Framework/Time/Cooldown.cs - Importer: ScriptedImporter/UnityEditor.QuickSearchModule:UnityEditor.Search:ASIAI0B
Importing 'GUID: 962d2c1de100b4bee951cc5d53693b9f - Path: Packages/com.unity.visualscripting/Runtime/VisualScripting.Flow/Framework/Time/Cooldown.cs - Importer: ScriptedImporter/UnityEditor.QuickSearchModule:UnityEditor.Search:ASIAI0B' with importer (ScriptedImporter : UnityEditor.QuickSearchModule:UnityEditor.Search:ASIAI0B)
Imported 'GUID: 962d2c1de100b4bee951cc5d53693b9f' -> (Import Result ID: 'd1f3e112ac3c89cccee4e762ef33c8f0') in 0.001 seconds [static and dynamic dependencies]. Details - ImportResultOutputID=ca7b5b64664bb92c7b17b69c5319df57 DependenciesID=3c1c6cfd856abbbc1da778263e0f1b53 StaticDependenciesID=bf6e34d494275cb38922aa7abe3bc792 
Number of updated asset objects reloaded before import = 0
Number of asset objects unloaded after import = 0
========================================================================
Received Import Request.
  Time of request: 2026-10-01T08:15:27.9238396Z
  Time since last request: 0.0002638 seconds.
  importAddress: GUID: 0c0792cd863dd4234ba2e204dc4a83e9 - Path: Packages/com.unity.visualscripting/Runtime/VisualScripting.Flow/Framework/Math/Multiply.cs - Importer: ScriptedImporter/UnityEditor.QuickSearchModule:UnityEditor.Search:ASIAI0B
Importing 'GUID: 0c0792cd863dd4234ba2e204dc4a83e9 - Path: Packages/com.unity.visualscripting/Runtime/VisualScripting.Flow/Framework/Math/Multiply.cs - Importer: ScriptedImporter/UnityEditor.QuickSearchModule:UnityEditor.Search:ASIAI0B' with importer (ScriptedImporter : UnityEditor.QuickSearchModule:UnityEditor.Search:ASIAI0B)
Imported 'GUID: 0c0792cd863dd4234ba2e204dc4a83e9' -> (Import Result ID: '16ce69769caa757a98641a9e66c43f32') in 0.002 seconds [static and dynamic dependencies]. Details - ImportResultOutputID=5cb4eab7aade07c6fd1cae15c8af45da DependenciesID=ad85eef0ed1c6470da9000b3205aa03e StaticDependenciesID=efa938e46db952ec035c6bbb7a2ea05e 
Number of updated asset objects reloaded before import = 0
Number of asset objects unloaded after import = 0
========================================================================
Received Import Request.
  Time of request: 2026-10-01T08:15:27.9468729Z
  Time since last request: 0.0131569 seconds.
  importAddress: GUID: 726bd1b4a2da44073b58af642cb2cd67 - Path: Packages/com.unity.visualscripting/Runtime/VisualScripting.Core/Dependencies/FullSerializer/Reflection/fsMetaProperty.cs - Importer: ScriptedImporter/UnityEditor.QuickSearchModule:UnityEditor.Search:ASIAI0B
Importing 'GUID: 726bd1b4a2da44073b58af642cb2cd67 - Path: Packages/com.unity.visualscripting/Runtime/VisualScripting.Core/Dependencies/FullSerializer/Reflection/fsMetaProperty.cs - Importer: ScriptedImporter/UnityEditor.QuickSearchModule:UnityEditor.Search:ASIAI0B' with importer (ScriptedImporter : UnityEditor.QuickSearchModule:UnityEditor.Search:ASIAI0B)
Imported 'GUID: 726bd1b4a2da44073b58af642cb2cd67' -> (Import Result ID: '2317516bc34f972d3dc3ff6e357ec71b') in 0.002 seconds [static and dynamic dependencies]. Details - ImportResultOutputID=ea3469adcb54d557d1fc99c350a59585 DependenciesID=550c543937c25f8d50cc38e1435b8814 StaticDependenciesID=2ee23deec35686b573cd54dd8cfabdbd 
Number of updated asset objects reloaded before import = 0
Number of asset objects unloaded after import = 0
========================================================================
Received Import Request.
  Time of request: 2026-10-01T08:15:27.9570594Z
  Time since last request: 0.0006231 seconds.
  importAddress: GUID: b2d2628348c58407eb518c9b65d489cb - Path: Packages/com.unity.visualscripting/Runtime/VisualScripting.Core/Dependencies/FullSerializer/Internal/fsOption.cs - Importer: ScriptedImporter/UnityEditor.QuickSearchModule:UnityEditor.Search:ASIAI0B
Importing 'GUID: b2d2628348c58407eb518c9b65d489cb - Path: Packages/com.unity.visualscripting/Runtime/VisualScripting.Core/Dependencies/FullSerializer/Internal/fsOption.cs - Importer: ScriptedImporter/UnityEditor.QuickSearchModule:UnityEditor.Search:ASIAI0B' with importer (ScriptedImporter : UnityEditor.QuickSearchModule:UnityEditor.Search:ASIAI0B)
Imported 'GUID: b2d2628348c58407eb518c9b65d489cb' -> (Import Result ID: 'cfa6aa5dc3f756c21720e9df90ee5ebb') in 0.002 seconds [static and dynamic dependencies]. Details - ImportResultOutputID=aee531d4b95a010e8b494f1da7adb3c4 DependenciesID=f1c9b9d5114e5358fdbe732b2d46b15d StaticDependenciesID=da013e615dc4578695d251ed38bc2e75 
Number of updated asset objects reloaded before import = 0
Number of asset objects unloaded after import = 0
========================================================================
Received Import Request.
  Time of request: 2026-10-01T08:15:27.9680049Z
  Time since last request: 0.0004197 seconds.
  importAddress: GUID: 9572f8889711949579cf852f62048551 - Path: Packages/com.unity.visualscripting/Editor/VisualScripting.Flow/Framework/Variables/Obsolete/VariableUnitOption.cs - Importer: ScriptedImporter/UnityEditor.QuickSearchModule:UnityEditor.Search:ASIAI0B
Importing 'GUID: 9572f8889711949579cf852f62048551 - Path: Packages/com.unity.visualscripting/Editor/VisualScripting.Flow/Framework/Variables/Obsolete/VariableUnitOption.cs - Importer: ScriptedImporter/UnityEditor.QuickSearchModule:UnityEditor.Search:ASIAI0B' with importer (ScriptedImporter : UnityEditor.QuickSearchModule:UnityEditor.Search:ASIAI0B)
Imported 'GUID: 9572f8889711949579cf852f62048551' -> (Import Result ID: '83c16afe71d87b2f97897ae6338f42fa') in 0.002 seconds [static and dynamic dependencies]. Details - ImportResultOutputID=d112e98b9dffa76ba9bc8aae6ae86743 DependenciesID=b3a4f0d023ca01a9de10e31ea43e6aae StaticDependenciesID=f6153c68d8d415d0067079def09804f7 
Number of updated asset objects reloaded before import = 0
Number of asset objects unloaded after import = 0
========================================================================
Received Import Request.
  Time of request: 2026-10-01T08:15:27.978152Z
  Time since last request: 0.0005227 seconds.
  importAddress: GUID: ab94a630dd6e9441ba5d116d7c1bcfd4 - Path: Packages/com.unity.visualscripting/Runtime/VisualScripting.Core/Dependencies/FullSerializer/Converters/fsEnumConverter.cs - Importer: ScriptedImporter/UnityEditor.QuickSearchModule:UnityEditor.Search:ASIAI0B
Importing 'GUID: ab94a630dd6e9441ba5d116d7c1bcfd4 - Path: Packages/com.unity.visualscripting/Runtime/VisualScripting.Core/Dependencies/FullSerializer/Converters/fsEnumConverter.cs - Importer: ScriptedImporter/UnityEditor.QuickSearchModule:UnityEditor.Search:ASIAI0B' with importer (ScriptedImporter : UnityEditor.QuickSearchModule:UnityEditor.Search:ASIAI0B)
Imported 'GUID: ab94a630dd6e9441ba5d116d7c1bcfd4' -> (Import Result ID: 'cbc1b8987c7957582f1219eea6245901') in 0.002 seconds [static and dynamic dependencies]. Details - ImportResultOutputID=32c4e24243fbac39ab63f097c903f681 DependenciesID=08a3890226f267c972576e656462d19f StaticDependenciesID=ddcbf29e91a6d4a38aa7826efc4ff4e0 
Number of updated asset objects reloaded before import = 0
Number of asset objects unloaded after import = 0
========================================================================
Received Import Request.
  Time of request: 2026-10-01T08:15:27.9893463Z
  Time since last request: 0.0003769 seconds.
  importAddress: GUID: 670cb9b68b35445e6aa692ec176f75f3 - Path: Packages/com.unity.visualscripting/Editor/VisualScripting.Flow/Framework/Variables/Obsolete/GetVariableUnitOption.cs - Importer: ScriptedImporter/UnityEditor.QuickSearchModule:UnityEditor.Search:ASIAI0B
Importing 'GUID: 670cb9b68b35445e6aa692ec176f75f3 - Path: Packages/com.unity.visualscripting/Editor/VisualScripting.Flow/Framework/Variables/Obsolete/GetVariableUnitOption.cs - Importer: ScriptedImporter/UnityEditor.QuickSearchModule:UnityEditor.Search:ASIAI0B' with importer (ScriptedImporter : UnityEditor.QuickSearchModule:UnityEditor.Search:ASIAI0B)
Imported 'GUID: 670cb9b68b35445e6aa692ec176f75f3' -> (Import Result ID: '33ec355b47d15bc01c5c1f5659ef2843') in 0.002 seconds [static and dynamic dependencies]. Details - ImportResultOutputID=5b5a192c736539f383be7fa7114233e0 DependenciesID=dce0eaa8e181dad014e548dbb66a5964 StaticDependenciesID=1d9e4867294d13b7f7f0b688e48a0831 
Number of updated asset objects reloaded before import = 0
Number of asset objects unloaded after import = 0
========================================================================
Received Import Request.
  Time of request: 2026-10-01T08:15:28.0001151Z
  Time since last request: 0.0002702 seconds.
  importAddress: GUID: f3b23c5b811b54a9ab7a6c88146a46a5 - Path: Packages/com.unity.visualscripting/Editor/VisualScripting.Core/Plugin/Changelogs/LegacyLudiqGraphs/Changelog_1_4_1.cs - Importer: ScriptedImporter/UnityEditor.QuickSearchModule:UnityEditor.Search:ASIAI0B
Importing 'GUID: f3b23c5b811b54a9ab7a6c88146a46a5 - Path: Packages/com.unity.visualscripting/Editor/VisualScripting.Core/Plugin/Changelogs/LegacyLudiqGraphs/Changelog_1_4_1.cs - Importer: ScriptedImporter/UnityEditor.QuickSearchModule:UnityEditor.Search:ASIAI0B' with importer (ScriptedImporter : UnityEditor.QuickSearchModule:UnityEditor.Search:ASIAI0B)
Imported 'GUID: f3b23c5b811b54a9ab7a6c88146a46a5' -> (Import Result ID: '551dffe076aa569926cf85659e828f49') in 0.002 seconds [static and dynamic dependencies]. Details - ImportResultOutputID=f412221da83757d57ed1620b11fb3ba2 DependenciesID=6541ff66c9f9dc066c0f3b7d897f0cdd StaticDependenciesID=ad69f01d0c5e469bc52cb4f8a0e8e95f 
Number of updated asset objects reloaded before import = 0
Number of asset objects unloaded after import = 0
========================================================================
Received Import Request.
  Time of request: 2026-10-01T08:15:28.0374965Z
  Time since last request: 0.0265807 seconds.
  importAddress: GUID: de829102290134cd8bb7d6f030a0246c - Path: Packages/com.unity.visualscripting/Runtime/VisualScripting.Flow/Framework/Events/GUI/GenericGuiEventUnit.cs - Importer: ScriptedImporter/UnityEditor.QuickSearchModule:UnityEditor.Search:ASIAI0B
Importing 'GUID: de829102290134cd8bb7d6f030a0246c - Path: Packages/com.unity.visualscripting/Runtime/VisualScripting.Flow/Framework/Events/GUI/GenericGuiEventUnit.cs - Importer: ScriptedImporter/UnityEditor.QuickSearchModule:UnityEditor.Search:ASIAI0B' with importer (ScriptedImporter : UnityEditor.QuickSearchModule:UnityEditor.Search:ASIAI0B)
Imported 'GUID: de829102290134cd8bb7d6f030a0246c' -> (Import Result ID: '1aeb389efc4eb2740aa80c8f8652b820') in 0.002 seconds [static and dynamic dependencies]. Details - ImportResultOutputID=9288a43699ffad7e0ae57c9faffd1ca5 DependenciesID=4b8d2902c97742f0340d3129f93313cb StaticDependenciesID=59ed8c93627a69ce6df995b7c7cd0e86 
Number of updated asset objects reloaded before import = 0
Number of asset objects unloaded after import = 0
========================================================================
Received Import Request.
  Time of request: 2026-10-01T08:15:28.0477277Z
  Time since last request: 0.0004403 seconds.
  importAddress: GUID: 53b84e2c33f614e819d1917fbf0c6230 - Path: Packages/com.unity.visualscripting/Runtime/VisualScripting.Flow/Framework/Events/GUI/OnSubmit.cs - Importer: ScriptedImporter/UnityEditor.QuickSearchModule:UnityEditor.Search:ASIAI0B
Importing 'GUID: 53b84e2c33f614e819d1917fbf0c6230 - Path: Packages/com.unity.visualscripting/Runtime/VisualScripting.Flow/Framework/Events/GUI/OnSubmit.cs - Importer: ScriptedImporter/UnityEditor.QuickSearchModule:UnityEditor.Search:ASIAI0B' with importer (ScriptedImporter : UnityEditor.QuickSearchModule:UnityEditor.Search:ASIAI0B)
Imported 'GUID: 53b84e2c33f614e819d1917fbf0c6230' -> (Import Result ID: 'b8388b012cf0ea12ebd7ac42eac43107') in 0.002 seconds [static and dynamic dependencies]. Details - ImportResultOutputID=e56ae11be08608ea8eb6e1290342bbab DependenciesID=f29b312f22bcf0a9da6ec43bc5639e55 StaticDependenciesID=de4881c9d5a02753cf0459cbae7a66c8 
Number of updated asset objects reloaded before import = 0
Number of asset objects unloaded after import = 0
========================================================================
Received Import Request.
  Time of request: 2026-10-01T08:15:28.0596489Z
  Time since last request: 0.0003547 seconds.
  importAddress: GUID: aed12e673e821481c815bd99dc5e3ee6 - Path: Packages/com.unity.visualscripting/Runtime/VisualScripting.Flow/Framework/Events/Lifecycle/LateUpdate.cs - Importer: ScriptedImporter/UnityEditor.QuickSearchModule:UnityEditor.Search:ASIAI0B
Importing 'GUID: aed12e673e821481c815bd99dc5e3ee6 - Path: Packages/com.unity.visualscripting/Runtime/VisualScripting.Flow/Framework/Events/Lifecycle/LateUpdate.cs - Importer: ScriptedImporter/UnityEditor.QuickSearchModule:UnityEditor.Search:ASIAI0B' with importer (ScriptedImporter : UnityEditor.QuickSearchModule:UnityEditor.Search:ASIAI0B)
Imported 'GUID: aed12e673e821481c815bd99dc5e3ee6' -> (Import Result ID: '937a25d33a48ceeb40a68c16a05f5fdf') in 0.002 seconds [static and dynamic dependencies]. Details - ImportResultOutputID=986e23eeb525299a9e1b59a2d16a9b76 DependenciesID=8d6146f2cddc46e2dffa2ad3790cc072 StaticDependenciesID=61d95d2f611a5f598620df85996e8612 
Number of updated asset objects reloaded before import = 0
Number of asset objects unloaded after import = 0
========================================================================
Received Import Request.
  Time of request: 2026-10-01T08:15:28.0706442Z
  Time since last request: 0.0005411 seconds.
  importAddress: GUID: 709ca1a7a118747e69db8e00aa958ff1 - Path: Packages/com.unity.visualscripting/Runtime/VisualScripting.Flow/Framework/Events/GUI/OnInputFieldValueChanged.cs - Importer: ScriptedImporter/UnityEditor.QuickSearchModule:UnityEditor.Search:ASIAI0B
Importing 'GUID: 709ca1a7a118747e69db8e00aa958ff1 - Path: Packages/com.unity.visualscripting/Runtime/VisualScripting.Flow/Framework/Events/GUI/OnInputFieldValueChanged.cs - Importer: ScriptedImporter/UnityEditor.QuickSearchModule:UnityEditor.Search:ASIAI0B' with importer (ScriptedImporter : UnityEditor.QuickSearchModule:UnityEditor.Search:ASIAI0B)
Imported 'GUID: 709ca1a7a118747e69db8e00aa958ff1' -> (Import Result ID: '90481a4c7fb6386a6467166d30f4cf3e') in 0.002 seconds [static and dynamic dependencies]. Details - ImportResultOutputID=2c6bffe94ce52172e233713f6f5c741b DependenciesID=5c701d68a4ec97b77628e8afb36602d7 StaticDependenciesID=3e766e93795586f5c74bbef3a9cfcb77 
Number of updated asset objects reloaded before import = 0
Number of asset objects unloaded after import = 0
========================================================================
Received Import Request.
  Time of request: 2026-10-01T08:15:28.0813911Z
  Time since last request: 0.0002932 seconds.
  importAddress: GUID: 388725224c49a43ffbaf106cda6dccad - Path: Packages/com.unity.visualscripting/Runtime/VisualScripting.Flow/Framework/Events/GUI/PointerEventUnit.cs - Importer: ScriptedImporter/UnityEditor.QuickSearchModule:UnityEditor.Search:ASIAI0B
Importing 'GUID: 388725224c49a43ffbaf106cda6dccad - Path: Packages/com.unity.visualscripting/Runtime/VisualScripting.Flow/Framework/Events/GUI/PointerEventUnit.cs - Importer: ScriptedImporter/UnityEditor.QuickSearchModule:UnityEditor.Search:ASIAI0B' with importer (ScriptedImporter : UnityEditor.QuickSearchModule:UnityEditor.Search:ASIAI0B)
Imported 'GUID: 388725224c49a43ffbaf106cda6dccad' -> (Import Result ID: '5a1dbcca38b063b5f6e6444cb4e662cb') in 0.002 seconds [static and dynamic dependencies]. Details - ImportResultOutputID=ef76b1da22d72b580e62d47ee9667019 DependenciesID=15479946d1248bbff5539cd8d411d7b2 StaticDependenciesID=66c68faf4497633daf24ed0dd1164cb1 
Number of updated asset objects reloaded before import = 0
Number of asset objects unloaded after import = 0
========================================================================
Received Import Request.
  Time of request: 2026-10-01T08:15:28.0928927Z
  Time since last request: 0.0006091 seconds.
  importAddress: GUID: 78f803e994d6c4bbe8124c6fe6af6832 - Path: Packages/com.unity.visualscripting/Runtime/VisualScripting.Flow/Framework/Events/GUI/OnDropdownValueChanged.cs - Importer: ScriptedImporter/UnityEditor.QuickSearchModule:UnityEditor.Search:ASIAI0B
Importing 'GUID: 78f803e994d6c4bbe8124c6fe6af6832 - Path: Packages/com.unity.visualscripting/Runtime/VisualScripting.Flow/Framework/Events/GUI/OnDropdownValueChanged.cs - Importer: ScriptedImporter/UnityEditor.QuickSearchModule:UnityEditor.Search:ASIAI0B' with importer (ScriptedImporter : UnityEditor.QuickSearchModule:UnityEditor.Search:ASIAI0B)
Imported 'GUID: 78f803e994d6c4bbe8124c6fe6af6832' -> (Import Result ID: 'c1742e27c3626c179b9a446ff41b01fe') in 0.002 seconds [static and dynamic dependencies]. Details - ImportResultOutputID=26f31c20e29dd39788aeb1e63de8b576 DependenciesID=fe5d28ddd76d3098a5b1c00cb5708e22 StaticDependenciesID=dd683fe641133edb8d78f52ceccffa7b 
Number of updated asset objects reloaded before import = 0
Number of asset objects unloaded after import = 0
========================================================================
Received Import Request.
  Time of request: 2026-10-01T08:15:28.1069008Z
  Time since last request: 0.0004017 seconds.
  importAddress: GUID: 20201b41647ec4033b5afa3b7d6d8619 - Path: Packages/com.unity.visualscripting/Runtime/VisualScripting.Flow/Framework/Events/Lifecycle/OnEnable.cs - Importer: ScriptedImporter/UnityEditor.QuickSearchModule:UnityEditor.Search:ASIAI0B
Importing 'GUID: 20201b41647ec4033b5afa3b7d6d8619 - Path: Packages/com.unity.visualscripting/Runtime/VisualScripting.Flow/Framework/Events/Lifecycle/OnEnable.cs - Importer: ScriptedImporter/UnityEditor.QuickSearchModule:UnityEditor.Search:ASIAI0B' with importer (ScriptedImporter : UnityEditor.QuickSearchModule:UnityEditor.Search:ASIAI0B)
Imported 'GUID: 20201b41647ec4033b5afa3b7d6d8619' -> (Import Result ID: '8bbdfaaec873551043d73685a13af363') in 0.002 seconds [static and dynamic dependencies]. Details - ImportResultOutputID=5361af83a8320cd1bcd381c31d51dead DependenciesID=61954374f1cb50b9a629e108726f053c StaticDependenciesID=5017354b7beee7f879b128b08b9d3005 
Number of updated asset objects reloaded before import = 0
Number of asset objects unloaded after import = 0
========================================================================
Received Import Request.
  Time of request: 2026-10-01T08:15:28.1260072Z
  Time since last request: 0.0098641 seconds.
  importAddress: GUID: d891cfa0b12b34cc0ac9f9ec7d0f3352 - Path: Packages/com.unity.visualscripting/Runtime/VisualScripting.Flow/Framework/Math/Vector2/Vector2Angle.cs - Importer: ScriptedImporter/UnityEditor.QuickSearchModule:UnityEditor.Search:ASIAI0B
Importing 'GUID: d891cfa0b12b34cc0ac9f9ec7d0f3352 - Path: Packages/com.unity.visualscripting/Runtime/VisualScripting.Flow/Framework/Math/Vector2/Vector2Angle.cs - Importer: ScriptedImporter/UnityEditor.QuickSearchModule:UnityEditor.Search:ASIAI0B' with importer (ScriptedImporter : UnityEditor.QuickSearchModule:UnityEditor.Search:ASIAI0B)
Imported 'GUID: d891cfa0b12b34cc0ac9f9ec7d0f3352' -> (Import Result ID: 'a30cd86950d338bbfcaf429ba535272b') in 0.002 seconds [static and dynamic dependencies]. Details - ImportResultOutputID=e27a544216bdca782dcc0db8be6ece01 DependenciesID=5ad256e9ee40e28e4626cb9dc0b43283 StaticDependenciesID=9b45d7ea867ead2e4428df21f46f1bc3 
Number of updated asset objects reloaded before import = 0
Number of asset objects unloaded after import = 0
========================================================================
Received Import Request.
  Time of request: 2026-10-01T08:15:28.1359012Z
  Time since last request: 0.0004914 seconds.
  importAddress: GUID: 764f44ab19fb34155a39932c5b8f64ff - Path: Packages/com.unity.visualscripting/Runtime/VisualScripting.Flow/Framework/Events/Physics/OnCollisionStay.cs - Importer: ScriptedImporter/UnityEditor.QuickSearchModule:UnityEditor.Search:ASIAI0B
Importing 'GUID: 764f44ab19fb34155a39932c5b8f64ff - Path: Packages/com.unity.visualscripting/Runtime/VisualScripting.Flow/Framework/Events/Physics/OnCollisionStay.cs - Importer: ScriptedImporter/UnityEditor.QuickSearchModule:UnityEditor.Search:ASIAI0B' with importer (ScriptedImporter : UnityEditor.QuickSearchModule:UnityEditor.Search:ASIAI0B)
Imported 'GUID: 764f44ab19fb34155a39932c5b8f64ff' -> (Import Result ID: '38fce580ac478324ffd23009c409e1ec') in 0.002 seconds [static and dynamic dependencies]. Details - ImportResultOutputID=d64ae5c7504a074d569bed5b06070630 DependenciesID=03d2f6c20f9dc778da68dfc6d4f14cf8 StaticDependenciesID=048d9a03c7d7f923a7ad2d950c19ed82 
Number of updated asset objects reloaded before import = 0
Number of asset objects unloaded after import = 0
========================================================================
Received Import Request.
  Time of request: 2026-10-01T08:15:28.146791Z
  Time since last request: 0.000336 seconds.
  importAddress: GUID: c67283f54d58842718fdf793bb6a248e - Path: Packages/com.unity.visualscripting/Runtime/VisualScripting.Flow/Framework/Math/Scalar/ScalarSubtract.cs - Importer: ScriptedImporter/UnityEditor.QuickSearchModule:UnityEditor.Search:ASIAI0B
Importing 'GUID: c67283f54d58842718fdf793bb6a248e - Path: Packages/com.unity.visualscripting/Runtime/VisualScripting.Flow/Framework/Math/Scalar/ScalarSubtract.cs - Importer: ScriptedImporter/UnityEditor.QuickSearchModule:UnityEditor.Search:ASIAI0B' with importer (ScriptedImporter : UnityEditor.QuickSearchModule:UnityEditor.Search:ASIAI0B)
Imported 'GUID: c67283f54d58842718fdf793bb6a248e' -> (Import Result ID: '4fe07bbad334917fe3196dbc784fb212') in 0.003 seconds [static and dynamic dependencies]. Details - ImportResultOutputID=a4a228e6f9f81f7d3c2f7149e0678b9c DependenciesID=6866577f56312dee7c3be5114db4a59f StaticDependenciesID=7109136766d14c72b352d9d7129c07c6 
Number of updated asset objects reloaded before import = 0
Number of asset objects unloaded after import = 0
========================================================================
Received Import Request.
  Time of request: 2026-10-01T08:15:28.158476Z
  Time since last request: 0.0003987 seconds.
  importAddress: GUID: e3b8e59920a774b3d89b873db0df5ae7 - Path: Packages/com.unity.visualscripting/Runtime/VisualScripting.Flow/Framework/Math/Scalar/ScalarModulo.cs - Importer: ScriptedImporter/UnityEditor.QuickSearchModule:UnityEditor.Search:ASIAI0B
Importing 'GUID: e3b8e59920a774b3d89b873db0df5ae7 - Path: Packages/com.unity.visualscripting/Runtime/VisualScripting.Flow/Framework/Math/Scalar/ScalarModulo.cs - Importer: ScriptedImporter/UnityEditor.QuickSearchModule:UnityEditor.Search:ASIAI0B' with importer (ScriptedImporter : UnityEditor.QuickSearchModule:UnityEditor.Search:ASIAI0B)
Imported 'GUID: e3b8e59920a774b3d89b873db0df5ae7' -> (Import Result ID: '2ffff0b220113387d011f7f80cec2d8d') in 0.002 seconds [static and dynamic dependencies]. Details - ImportResultOutputID=60dbd6a75d31f2c8a11279ac542feb1d DependenciesID=c4052abf78138454aad5cd641af22978 StaticDependenciesID=5616dd98b2eff4c6aa78723c21fb876f 
Number of updated asset objects reloaded before import = 0
Number of asset objects unloaded after import = 0
========================================================================
Received Import Request.
  Time of request: 2026-10-01T08:15:28.1679381Z
  Time since last request: 0.0002982 seconds.
  importAddress: GUID: f5c7d46981c95407fa5f0f213c2333ee - Path: Packages/com.unity.visualscripting/Runtime/VisualScripting.Flow/Framework/Events/Lifecycle/Update.cs - Importer: ScriptedImporter/UnityEditor.QuickSearchModule:UnityEditor.Search:ASIAI0B
Importing 'GUID: f5c7d46981c95407fa5f0f213c2333ee - Path: Packages/com.unity.visualscripting/Runtime/VisualScripting.Flow/Framework/Events/Lifecycle/Update.cs - Importer: ScriptedImporter/UnityEditor.QuickSearchModule:UnityEditor.Search:ASIAI0B' with importer (ScriptedImporter : UnityEditor.QuickSearchModule:UnityEditor.Search:ASIAI0B)
Imported 'GUID: f5c7d46981c95407fa5f0f213c2333ee' -> (Import Result ID: '49967b0e51a176142521c225206c84b3') in 0.002 seconds [static and dynamic dependencies]. Details - ImportResultOutputID=9d585f714a586da3491f093721286d34 DependenciesID=5b294b0a59b276887f3fad350ea30066 StaticDependenciesID=c644096671d82b7597a271c22f6b0dab 
Number of updated asset objects reloaded before import = 0
Number of asset objects unloaded after import = 0
========================================================================
Received Import Request.
  Time of request: 2026-10-01T08:15:28.1780339Z
  Time since last request: 0.0006428 seconds.
  importAddress: GUID: dd057b5714f104b34ba95ebc5e9dd2ac - Path: Packages/com.unity.visualscripting/Runtime/VisualScripting.Flow/Framework/Events/Rendering/OnBecameVisible.cs - Importer: ScriptedImporter/UnityEditor.QuickSearchModule:UnityEditor.Search:ASIAI0B
Importing 'GUID: dd057b5714f104b34ba95ebc5e9dd2ac - Path: Packages/com.unity.visualscripting/Runtime/VisualScripting.Flow/Framework/Events/Rendering/OnBecameVisible.cs - Importer: ScriptedImporter/UnityEditor.QuickSearchModule:UnityEditor.Search:ASIAI0B' with importer (ScriptedImporter : UnityEditor.QuickSearchModule:UnityEditor.Search:ASIAI0B)
Imported 'GUID: dd057b5714f104b34ba95ebc5e9dd2ac' -> (Import Result ID: '20f9c4b42bc9c4604564879c0be14883') in 0.001 seconds [static and dynamic dependencies]. Details - ImportResultOutputID=4789d465464fd9d93908f82f845181b7 DependenciesID=3c5a3f2e2e3c8da239c2219ab6c5e28f StaticDependenciesID=4d70eaaf18d1b0a32e7e8752ffabd1aa 
Number of updated asset objects reloaded before import = 0
Number of asset objects unloaded after import = 0
========================================================================
Received Import Request.
  Time of request: 2026-10-01T08:15:28.1875513Z
  Time since last request: 0.0002882 seconds.
  importAddress: GUID: b45ee443b6731493f9cf40f7f2efbc47 - Path: Packages/com.unity.visualscripting/Runtime/VisualScripting.Flow/Framework/Events/Physics2D/OnTriggerStay2D.cs - Importer: ScriptedImporter/UnityEditor.QuickSearchModule:UnityEditor.Search:ASIAI0B
Importing 'GUID: b45ee443b6731493f9cf40f7f2efbc47 - Path: Packages/com.unity.visualscripting/Runtime/VisualScripting.Flow/Framework/Events/Physics2D/OnTriggerStay2D.cs - Importer: ScriptedImporter/UnityEditor.QuickSearchModule:UnityEditor.Search:ASIAI0B' with importer (ScriptedImporter : UnityEditor.QuickSearchModule:UnityEditor.Search:ASIAI0B)
Imported 'GUID: b45ee443b6731493f9cf40f7f2efbc47' -> (Import Result ID: 'bf0cdd66a53cd966229d08fc72e8d211') in 0.002 seconds [static and dynamic dependencies]. Details - ImportResultOutputID=9c1b18bff581f3bdf9fc1bb15d66beca DependenciesID=557fd06011bd71913ca9245fb70cb82e StaticDependenciesID=489d3c3f948a376a1671f74af0901f81 
Number of updated asset objects reloaded before import = 0
Number of asset objects unloaded after import = 0
========================================================================
Received Import Request.
  Time of request: 2026-10-01T08:15:28.2146962Z
  Time since last request: 0.01804 seconds.
  importAddress: GUID: d3962bf02120b4f81a2bf40dcad0f8ab - Path: Packages/com.unity.visualscripting/Runtime/VisualScripting.Flow/Framework/Math/Vector3/Vector3Distance.cs - Importer: ScriptedImporter/UnityEditor.QuickSearchModule:UnityEditor.Search:ASIAI0B
Importing 'GUID: d3962bf02120b4f81a2bf40dcad0f8ab - Path: Packages/com.unity.visualscripting/Runtime/VisualScripting.Flow/Framework/Math/Vector3/Vector3Distance.cs - Importer: ScriptedImporter/UnityEditor.QuickSearchModule:UnityEditor.Search:ASIAI0B' with importer (ScriptedImporter : UnityEditor.QuickSearchModule:UnityEditor.Search:ASIAI0B)
Imported 'GUID: d3962bf02120b4f81a2bf40dcad0f8ab' -> (Import Result ID: 'de63008dbdecc4abf6012fa8e0930eea') in 0.002 seconds [static and dynamic dependencies]. Details - ImportResultOutputID=8ce3cece37d40a1c8456b22aaffa0ec7 DependenciesID=1bebc5986b7e8a0da46011753f3ca783 StaticDependenciesID=86d801232f09145a6af1da17bb1d0425 
Number of updated asset objects reloaded before import = 0
Number of asset objects unloaded after import = 0
========================================================================
Received Import Request.
  Time of request: 2026-10-01T08:15:28.2272133Z
  Time since last request: 0.0002886 seconds.
  importAddress: GUID: 15d3a609022674400b5e72b897a265de - Path: Packages/com.unity.visualscripting/Runtime/VisualScripting.Flow/Framework/Math/Vector3/Vector3Divide.cs - Importer: ScriptedImporter/UnityEditor.QuickSearchModule:UnityEditor.Search:ASIAI0B
Importing 'GUID: 15d3a609022674400b5e72b897a265de - Path: Packages/com.unity.visualscripting/Runtime/VisualScripting.Flow/Framework/Math/Vector3/Vector3Divide.cs - Importer: ScriptedImporter/UnityEditor.QuickSearchModule:UnityEditor.Search:ASIAI0B' with importer (ScriptedImporter : UnityEditor.QuickSearchModule:UnityEditor.Search:ASIAI0B)
Imported 'GUID: 15d3a609022674400b5e72b897a265de' -> (Import Result ID: 'f400538d7c92a6e0ca26969b8006539f') in 0.002 seconds [static and dynamic dependencies]. Details - ImportResultOutputID=9396ecdccc3d08870407d4cf13150814 DependenciesID=8ea0e2810d0977c8fb50abadd9c4199c StaticDependenciesID=db151e932560ce8d135da5abc0b77b6c 
Number of updated asset objects reloaded before import = 0
Number of asset objects unloaded after import = 0
========================================================================
Received Import Request.
  Time of request: 2026-10-01T08:15:28.238536Z
  Time since last request: 0.0004635 seconds.
  importAddress: GUID: f9f2286b8c9244c3b855f2abe9f244ba - Path: Packages/com.unity.visualscripting/Runtime/VisualScripting.Flow/Framework/Math/Vector3/Vector3Lerp.cs - Importer: ScriptedImporter/UnityEditor.QuickSearchModule:UnityEditor.Search:ASIAI0B
Importing 'GUID: f9f2286b8c9244c3b855f2abe9f244ba - Path: Packages/com.unity.visualscripting/Runtime/VisualScripting.Flow/Framework/Math/Vector3/Vector3Lerp.cs - Importer: ScriptedImporter/UnityEditor.QuickSearchModule:UnityEditor.Search:ASIAI0B' with importer (ScriptedImporter : UnityEditor.QuickSearchModule:UnityEditor.Search:ASIAI0B)
Imported 'GUID: f9f2286b8c9244c3b855f2abe9f244ba' -> (Import Result ID: 'e81d0eff4ecda9f7a25dcd2bdddbfc55') in 0.002 seconds [static and dynamic dependencies]. Details - ImportResultOutputID=a5d12c2acb704ecf40a8ddeba897ac75 DependenciesID=52cd421c4cbcb94ca9ae8a3dfdb96c5e StaticDependenciesID=31ebc6a7af92ee79749e87e6d0fafc47 
Number of updated asset objects reloaded before import = 0
Number of asset objects unloaded after import = 0
========================================================================
Received Import Request.
  Time of request: 2026-10-01T08:15:28.2501185Z
  Time since last request: 0.0004441 seconds.
  importAddress: GUID: e8fa77bac4a174c31ad18ee8dc95f026 - Path: Packages/com.unity.visualscripting/Runtime/VisualScripting.Flow/Framework/Math/Vector3/Vector3Absolute.cs - Importer: ScriptedImporter/UnityEditor.QuickSearchModule:UnityEditor.Search:ASIAI0B
Importing 'GUID: e8fa77bac4a174c31ad18ee8dc95f026 - Path: Packages/com.unity.visualscripting/Runtime/VisualScripting.Flow/Framework/Math/Vector3/Vector3Absolute.cs - Importer: ScriptedImporter/UnityEditor.QuickSearchModule:UnityEditor.Search:ASIAI0B' with importer (ScriptedImporter : UnityEditor.QuickSearchModule:UnityEditor.Search:ASIAI0B)
Imported 'GUID: e8fa77bac4a174c31ad18ee8dc95f026' -> (Import Result ID: 'fb1425191f791d6758e62c7b7db5229c') in 0.002 seconds [static and dynamic dependencies]. Details - ImportResultOutputID=d55af16366d239ee4e58b7f1b411d957 DependenciesID=b1364cca8e415f4176fa3cb6adc88b40 StaticDependenciesID=ed015c02b11160aa77dfa7bf6500e857 
Number of updated asset objects reloaded before import = 0
Number of asset objects unloaded after import = 0
========================================================================
Received Import Request.
  Time of request: 2026-10-01T08:15:28.2614111Z
  Time since last request: 0.000241 seconds.
  importAddress: GUID: c1778fcd6b7924fe6b671079a65f4226 - Path: Packages/com.unity.visualscripting/Runtime/VisualScripting.Flow/Framework/Variables/Obsolete/GetGraphVariable.cs - Importer: ScriptedImporter/UnityEditor.QuickSearchModule:UnityEditor.Search:ASIAI0B
Importing 'GUID: c1778fcd6b7924fe6b671079a65f4226 - Path: Packages/com.unity.visualscripting/Runtime/VisualScripting.Flow/Framework/Variables/Obsolete/GetGraphVariable.cs - Importer: ScriptedImporter/UnityEditor.QuickSearchModule:UnityEditor.Search:ASIAI0B' with importer (ScriptedImporter : UnityEditor.QuickSearchModule:UnityEditor.Search:ASIAI0B)
Imported 'GUID: c1778fcd6b7924fe6b671079a65f4226' -> (Import Result ID: '7d59315c882e7521e3efe2d8c8f4526d') in 0.002 seconds [static and dynamic dependencies]. Details - ImportResultOutputID=1f033cedaef7301817cadc1cc0539529 DependenciesID=5b1851932525fc41000ab1ecedbb2e7d StaticDependenciesID=931f002c5bfbf49e49717b6cff816e4d 
Number of updated asset objects reloaded before import = 0
Number of asset objects unloaded after import = 0
========================================================================
Received Import Request.
  Time of request: 2026-10-01T08:15:28.272656Z
  Time since last request: 0.0002888 seconds.
  importAddress: GUID: b447bbe2cf703451c93ce54b5554590d - Path: Packages/com.unity.visualscripting/Runtime/VisualScripting.Flow/Framework/Math/Vector4/Vector4Minimum.cs - Importer: ScriptedImporter/UnityEditor.QuickSearchModule:UnityEditor.Search:ASIAI0B
Importing 'GUID: b447bbe2cf703451c93ce54b5554590d - Path: Packages/com.unity.visualscripting/Runtime/VisualScripting.Flow/Framework/Math/Vector4/Vector4Minimum.cs - Importer: ScriptedImporter/UnityEditor.QuickSearchModule:UnityEditor.Search:ASIAI0B' with importer (ScriptedImporter : UnityEditor.QuickSearchModule:UnityEditor.Search:ASIAI0B)
Imported 'GUID: b447bbe2cf703451c93ce54b5554590d' -> (Import Result ID: '5e5bdf2189b258355d981ad2fd6f4a47') in 0.002 seconds [static and dynamic dependencies]. Details - ImportResultOutputID=7ea64e4b3f74cc7864df74f6ba6ccf1b DependenciesID=f4727b652863c9a2060f97fefb8686e0 StaticDependenciesID=7f03053adace7586cde75da398a9b77f 
Number of updated asset objects reloaded before import = 0
Number of asset objects unloaded after import = 0
========================================================================
Received Import Request.
  Time of request: 2026-10-01T08:15:28.3016063Z
  Time since last request: 0.0182704 seconds.
  importAddress: GUID: 78fd02709d00d8441bd53a889e83a8f5 - Path: Packages/com.unity.timeline/Editor/MenuPriority.cs - Importer: ScriptedImporter/UnityEditor.QuickSearchModule:UnityEditor.Search:ASIAI0B
Importing 'GUID: 78fd02709d00d8441bd53a889e83a8f5 - Path: Packages/com.unity.timeline/Editor/MenuPriority.cs - Importer: ScriptedImporter/UnityEditor.QuickSearchModule:UnityEditor.Search:ASIAI0B' with importer (ScriptedImporter : UnityEditor.QuickSearchModule:UnityEditor.Search:ASIAI0B)
Imported 'GUID: 78fd02709d00d8441bd53a889e83a8f5' -> (Import Result ID: '43ecf3829d647072fde772e59ebc830a') in 0.002 seconds [static and dynamic dependencies]. Details - ImportResultOutputID=1a7f60d41305c4cea34af09427db20bc DependenciesID=5ba3d7f9f6d9296ffa849f29593b9642 StaticDependenciesID=600ed391227b043d6ece335177e82f95 
Number of updated asset objects reloaded before import = 0
Number of asset objects unloaded after import = 0
========================================================================
Received Import Request.
  Time of request: 2026-10-01T08:15:28.3113904Z
  Time since last request: 0.0003205 seconds.
  importAddress: GUID: d3b511699db3543da9f36148351d5ed0 - Path: Packages/com.unity.visualscripting/Runtime/VisualScripting.Core/Dependencies/FullSerializer/Converters/Unity/Keyframe_DirectConverter.cs - Importer: ScriptedImporter/UnityEditor.QuickSearchModule:UnityEditor.Search:ASIAI0B
Importing 'GUID: d3b511699db3543da9f36148351d5ed0 - Path: Packages/com.unity.visualscripting/Runtime/VisualScripting.Core/Dependencies/FullSerializer/Converters/Unity/Keyframe_DirectConverter.cs - Importer: ScriptedImporter/UnityEditor.QuickSearchModule:UnityEditor.Search:ASIAI0B' with importer (ScriptedImporter : UnityEditor.QuickSearchModule:UnityEditor.Search:ASIAI0B)
Imported 'GUID: d3b511699db3543da9f36148351d5ed0' -> (Import Result ID: '052c7fcde82ff63e8dd929828cd13c0b') in 0.002 seconds [static and dynamic dependencies]. Details - ImportResultOutputID=af64ac59701f4d8c5c5379361458d506 DependenciesID=208220e9cf159b6663780c417636a7df StaticDependenciesID=9b90ad9d439cf35f35726dccef86f590 
Number of updated asset objects reloaded before import = 0
Number of asset objects unloaded after import = 0
========================================================================
Received Import Request.
  Time of request: 2026-10-01T08:15:28.321937Z
  Time since last request: 0.00029 seconds.
  importAddress: GUID: d0fc6f5187a81dc47999eefade6f0935 - Path: Packages/com.unity.timeline/Runtime/GroupTrack.cs - Importer: ScriptedImporter/UnityEditor.QuickSearchModule:UnityEditor.Search:ASIAI0B
Importing 'GUID: d0fc6f5187a81dc47999eefade6f0935 - Path: Packages/com.unity.timeline/Runtime/GroupTrack.cs - Importer: ScriptedImporter/UnityEditor.QuickSearchModule:UnityEditor.Search:ASIAI0B' with importer (ScriptedImporter : UnityEditor.QuickSearchModule:UnityEditor.Search:ASIAI0B)
Imported 'GUID: d0fc6f5187a81dc47999eefade6f0935' -> (Import Result ID: 'c6fe9ccd4f13512553c522aa2e6d9435') in 0.001 seconds [static and dynamic dependencies]. Details - ImportResultOutputID=3b5dc00c1327fb5c56f8a26a02459a21 DependenciesID=4d93af6110dcf37e949cf18806c2b38b StaticDependenciesID=2871d076c51ef5b30348d9c1d9da6387 
Number of updated asset objects reloaded before import = 0
Number of asset objects unloaded after import = 0
========================================================================
Received Import Request.
  Time of request: 2026-10-01T08:15:28.3327218Z
  Time since last request: 0.0003315 seconds.
  importAddress: GUID: de11c48878ba1b44b8b641af54dba8c1 - Path: Packages/com.unity.timeline/Editor/Actions/IAction.cs - Importer: ScriptedImporter/UnityEditor.QuickSearchModule:UnityEditor.Search:ASIAI0B
Importing 'GUID: de11c48878ba1b44b8b641af54dba8c1 - Path: Packages/com.unity.timeline/Editor/Actions/IAction.cs - Importer: ScriptedImporter/UnityEditor.QuickSearchModule:UnityEditor.Search:ASIAI0B' with importer (ScriptedImporter : UnityEditor.QuickSearchModule:UnityEditor.Search:ASIAI0B)
Imported 'GUID: de11c48878ba1b44b8b641af54dba8c1' -> (Import Result ID: 'a8b4ff8e0e36cc254686abd35f804d8f') in 0.002 seconds [static and dynamic dependencies]. Details - ImportResultOutputID=ad951d3c771aa059532bb6f964b6b551 DependenciesID=075b72f452a98211a2ef4af4332f223a StaticDependenciesID=b22c04317e44c38c9fd0679623a93114 
Number of updated asset objects reloaded before import = 0
Number of asset objects unloaded after import = 0
========================================================================
Received Import Request.
  Time of request: 2026-10-01T08:15:28.3434156Z
  Time since last request: 0.0002958 seconds.
  importAddress: GUID: e2fcd03f719148d192d0c26cfff47b3c - Path: Packages/com.unity.timeline/Runtime/CurveEditUtility.cs - Importer: ScriptedImporter/UnityEditor.QuickSearchModule:UnityEditor.Search:ASIAI0B
Importing 'GUID: e2fcd03f719148d192d0c26cfff47b3c - Path: Packages/com.unity.timeline/Runtime/CurveEditUtility.cs - Importer: ScriptedImporter/UnityEditor.QuickSearchModule:UnityEditor.Search:ASIAI0B' with importer (ScriptedImporter : UnityEditor.QuickSearchModule:UnityEditor.Search:ASIAI0B)
Imported 'GUID: e2fcd03f719148d192d0c26cfff47b3c' -> (Import Result ID: 'f0253918a1f4965a189c3099db3be49c') in 0.002 seconds [static and dynamic dependencies]. Details - ImportResultOutputID=07095437a51102c7a3a43a988988dd9b DependenciesID=0915a0ef5acdef6e91415b4297c0782a StaticDependenciesID=15c6e22b54d9e39bac4dbe5693d7fe93 
Number of updated asset objects reloaded before import = 0
Number of asset objects unloaded after import = 0
========================================================================
Received Import Request.
  Time of request: 2026-10-01T08:15:28.3535975Z
  Time since last request: 0.0003245 seconds.
  importAddress: GUID: 5a7f0d89a47f18c41b6ddf60dfae1bde - Path: Packages/com.unity.timeline/Editor/TimelineHelpers.cs - Importer: ScriptedImporter/UnityEditor.QuickSearchModule:UnityEditor.Search:ASIAI0B
Importing 'GUID: 5a7f0d89a47f18c41b6ddf60dfae1bde - Path: Packages/com.unity.timeline/Editor/TimelineHelpers.cs - Importer: ScriptedImporter/UnityEditor.QuickSearchModule:UnityEditor.Search:ASIAI0B' with importer (ScriptedImporter : UnityEditor.QuickSearchModule:UnityEditor.Search:ASIAI0B)
Imported 'GUID: 5a7f0d89a47f18c41b6ddf60dfae1bde' -> (Import Result ID: '3b41bc4f98df1daf8900d47864e321c0') in 0.002 seconds [static and dynamic dependencies]. Details - ImportResultOutputID=86695a6020f31f959b0743fa409dac86 DependenciesID=b71a1b13ac7f664bb05f57cbab16c38c StaticDependenciesID=df7d3b7f124a8c0c3f8c5032235a9a63 
Number of updated asset objects reloaded before import = 0
Number of asset objects unloaded after import = 0
========================================================================
Received Import Request.
  Time of request: 2026-10-01T08:15:28.3705818Z
  Time since last request: 0.0077289 seconds.
  importAddress: GUID: 41dcdc094b311464c8d6cb614548d89b - Path: Packages/com.unity.timeline/Editor/inspectors/GroupTrackInspector.cs - Importer: ScriptedImporter/UnityEditor.QuickSearchModule:UnityEditor.Search:ASIAI0B
Importing 'GUID: 41dcdc094b311464c8d6cb614548d89b - Path: Packages/com.unity.timeline/Editor/inspectors/GroupTrackInspector.cs - Importer: ScriptedImporter/UnityEditor.QuickSearchModule:UnityEditor.Search:ASIAI0B' with importer (ScriptedImporter : UnityEditor.QuickSearchModule:UnityEditor.Search:ASIAI0B)
Imported 'GUID: 41dcdc094b311464c8d6cb614548d89b' -> (Import Result ID: '5cf74a8d9f1aa9e8b2e38aafc44cdb33') in 0.002 seconds [static and dynamic dependencies]. Details - ImportResultOutputID=4f41487da4e87cde4753702b6b7fd1b6 DependenciesID=4a80e42f4a1a79852d3dda77e76792b6 StaticDependenciesID=40453a586469b09eec3464c754a9246c 
Number of updated asset objects reloaded before import = 0
Number of asset objects unloaded after import = 0
========================================================================
Received Import Request.
  Time of request: 2026-10-01T08:15:28.3810163Z
  Time since last request: 0.0002545 seconds.
  importAddress: GUID: c3b87750f9f94e8c918b71ec7d369bd4 - Path: Packages/com.unity.timeline/Editor/Animation/AnimationClipExtensions.cs - Importer: ScriptedImporter/UnityEditor.QuickSearchModule:UnityEditor.Search:ASIAI0B
Importing 'GUID: c3b87750f9f94e8c918b71ec7d369bd4 - Path: Packages/com.unity.timeline/Editor/Animation/AnimationClipExtensions.cs - Importer: ScriptedImporter/UnityEditor.QuickSearchModule:UnityEditor.Search:ASIAI0B' with importer (ScriptedImporter : UnityEditor.QuickSearchModule:UnityEditor.Search:ASIAI0B)
Imported 'GUID: c3b87750f9f94e8c918b71ec7d369bd4' -> (Import Result ID: '439faa25f83d2a089890e24af63e6c54') in 0.002 seconds [static and dynamic dependencies]. Details - ImportResultOutputID=19ef33fb34ff7523a7c93a4796120376 DependenciesID=0e1bb7d5f284e95390366cd7c2520441 StaticDependenciesID=0a70f86cc733dbc7ae8209f6e18cf347 
Number of updated asset objects reloaded before import = 0
Number of asset objects unloaded after import = 0
========================================================================
Received Import Request.
  Time of request: 2026-10-01T08:15:28.3909072Z
  Time since last request: 0.0004268 seconds.
  importAddress: GUID: 2537ddddebaa455409dec422eb08fd7e - Path: Packages/com.unity.timeline/Editor/CustomEditors/ClipEditor.cs - Importer: ScriptedImporter/UnityEditor.QuickSearchModule:UnityEditor.Search:ASIAI0B
Importing 'GUID: 2537ddddebaa455409dec422eb08fd7e - Path: Packages/com.unity.timeline/Editor/CustomEditors/ClipEditor.cs - Importer: ScriptedImporter/UnityEditor.QuickSearchModule:UnityEditor.Search:ASIAI0B' with importer (ScriptedImporter : UnityEditor.QuickSearchModule:UnityEditor.Search:ASIAI0B)
Imported 'GUID: 2537ddddebaa455409dec422eb08fd7e' -> (Import Result ID: '147c30cadee33efc7b340c72e66ac189') in 0.002 seconds [static and dynamic dependencies]. Details - ImportResultOutputID=35aead0572d582e2e42fbc0ac1e09aa4 DependenciesID=14e1de0b34fe23f874721036bb6ec5fa StaticDependenciesID=0376e7c774f251365f4764f6ffdbb141 
Number of updated asset objects reloaded before import = 0
Number of asset objects unloaded after import = 0
========================================================================
Received Import Request.
  Time of request: 2026-10-01T08:15:28.401808Z
  Time since last request: 0.0003384 seconds.
  importAddress: GUID: bcac94f4ceb0c8049bf47480708ca7e2 - Path: Packages/com.unity.timeline/Editor/Actions/TrackAction.cs - Importer: ScriptedImporter/UnityEditor.QuickSearchModule:UnityEditor.Search:ASIAI0B
Importing 'GUID: bcac94f4ceb0c8049bf47480708ca7e2 - Path: Packages/com.unity.timeline/Editor/Actions/TrackAction.cs - Importer: ScriptedImporter/UnityEditor.QuickSearchModule:UnityEditor.Search:ASIAI0B' with importer (ScriptedImporter : UnityEditor.QuickSearchModule:UnityEditor.Search:ASIAI0B)
Imported 'GUID: bcac94f4ceb0c8049bf47480708ca7e2' -> (Import Result ID: '3d723291827bcc1ff2566d911c2fb7c7') in 0.002 seconds [static and dynamic dependencies]. Details - ImportResultOutputID=ceb1f08bbf001898803ff927448dc238 DependenciesID=f4f5c821e1f0a00ad3cd8a323674854b StaticDependenciesID=f4a73a06b9ecc8a7274ae4f4d4936f94 
Number of updated asset objects reloaded before import = 0
Number of asset objects unloaded after import = 0
========================================================================
Received Import Request.
  Time of request: 2026-10-01T08:15:28.414801Z
  Time since last request: 0.0003056 seconds.
  importAddress: GUID: fda82b5ca7a4c5f40b497c4f5f4bd950 - Path: Packages/com.unity.timeline/Editor/Actions/TrackActions.cs - Importer: ScriptedImporter/UnityEditor.QuickSearchModule:UnityEditor.Search:ASIAI0B
Importing 'GUID: fda82b5ca7a4c5f40b497c4f5f4bd950 - Path: Packages/com.unity.timeline/Editor/Actions/TrackActions.cs - Importer: ScriptedImporter/UnityEditor.QuickSearchModule:UnityEditor.Search:ASIAI0B' with importer (ScriptedImporter : UnityEditor.QuickSearchModule:UnityEditor.Search:ASIAI0B)
Imported 'GUID: fda82b5ca7a4c5f40b497c4f5f4bd950' -> (Import Result ID: '11f7d9c05abcdf219b3d3c19e2ca0e1b') in 0.002 seconds [static and dynamic dependencies]. Details - ImportResultOutputID=707e69ccc679dcede49dee0c8479d226 DependenciesID=384140683329a3172e17d2847e671064 StaticDependenciesID=fda3ffed6a6484e4f4847ccdc3a67df3 
Number of updated asset objects reloaded before import = 0
Number of asset objects unloaded after import = 0
========================================================================
Received Import Request.
  Time of request: 2026-10-01T08:15:28.4256946Z
  Time since last request: 0.0003852 seconds.
  importAddress: GUID: 9c2177aaf0fde92439246adc2dc0bfa2 - Path: Packages/com.unity.timeline/Editor/Animation/BindingTreeViewDataSource.cs - Importer: ScriptedImporter/UnityEditor.QuickSearchModule:UnityEditor.Search:ASIAI0B
Importing 'GUID: 9c2177aaf0fde92439246adc2dc0bfa2 - Path: Packages/com.unity.timeline/Editor/Animation/BindingTreeViewDataSource.cs - Importer: ScriptedImporter/UnityEditor.QuickSearchModule:UnityEditor.Search:ASIAI0B' with importer (ScriptedImporter : UnityEditor.QuickSearchModule:UnityEditor.Search:ASIAI0B)
Imported 'GUID: 9c2177aaf0fde92439246adc2dc0bfa2' -> (Import Result ID: '39ac79875654077df304902aa693d659') in 0.002 seconds [static and dynamic dependencies]. Details - ImportResultOutputID=3d32482f61229da693e7e900a177a5c8 DependenciesID=6e8da83875f333489d6a46d4f4670ca8 StaticDependenciesID=4d8b61fed574b876c69be18e3abb30a1 
Number of updated asset objects reloaded before import = 0
Number of asset objects unloaded after import = 0
========================================================================
Received Import Request.
  Time of request: 2026-10-01T08:15:28.4355648Z
  Time since last request: 0.0003492 seconds.
  importAddress: GUID: b1c789407b55e3a4c9cc86135a714e33 - Path: Packages/com.unity.timeline/Editor/Actions/TimelineActions.cs - Importer: ScriptedImporter/UnityEditor.QuickSearchModule:UnityEditor.Search:ASIAI0B
Importing 'GUID: b1c789407b55e3a4c9cc86135a714e33 - Path: Packages/com.unity.timeline/Editor/Actions/TimelineActions.cs - Importer: ScriptedImporter/UnityEditor.QuickSearchModule:UnityEditor.Search:ASIAI0B' with importer (ScriptedImporter : UnityEditor.QuickSearchModule:UnityEditor.Search:ASIAI0B)
Imported 'GUID: b1c789407b55e3a4c9cc86135a714e33' -> (Import Result ID: 'aa8fc96252a9ab464abb11d20b281cce') in 0.002 seconds [static and dynamic dependencies]. Details - ImportResultOutputID=e567728519ecf8b22be0d3975c86c7d0 DependenciesID=109c93938676b60bf7814e2d4fd294f7 StaticDependenciesID=eec23c3efa3ac51da55befc959dbfb3e 
Number of updated asset objects reloaded before import = 0
Number of asset objects unloaded after import = 0
========================================================================
Received Import Request.
  Time of request: 2026-10-01T08:15:28.4572169Z
  Time since last request: 0.0120846 seconds.
  importAddress: GUID: b33687803b08daf418e5315de17658b8 - Path: Packages/com.unity.timeline/Editor/Signals/SignalUtility.cs - Importer: ScriptedImporter/UnityEditor.QuickSearchModule:UnityEditor.Search:ASIAI0B
Importing 'GUID: b33687803b08daf418e5315de17658b8 - Path: Packages/com.unity.timeline/Editor/Signals/SignalUtility.cs - Importer: ScriptedImporter/UnityEditor.QuickSearchModule:UnityEditor.Search:ASIAI0B' with importer (ScriptedImporter : UnityEditor.QuickSearchModule:UnityEditor.Search:ASIAI0B)
Imported 'GUID: b33687803b08daf418e5315de17658b8' -> (Import Result ID: '0ad82bb5637e37ebb4a96e8417e9f743') in 0.002 seconds [static and dynamic dependencies]. Details - ImportResultOutputID=241a09349e5cedc510a297d850df27dd DependenciesID=0d3d38675c291af0b64f1e8a390ac927 StaticDependenciesID=0e94e27af927591d5bf793f65eead02c 
Number of updated asset objects reloaded before import = 0
Number of asset objects unloaded after import = 0
========================================================================
Received Import Request.
  Time of request: 2026-10-01T08:15:28.4681386Z
  Time since last request: 0.000329 seconds.
  importAddress: GUID: 52d9cbed2cc0d4faab5168848d1f2e37 - Path: Packages/com.unity.timeline/Editor/Localization/Localization.cs - Importer: ScriptedImporter/UnityEditor.QuickSearchModule:UnityEditor.Search:ASIAI0B
Importing 'GUID: 52d9cbed2cc0d4faab5168848d1f2e37 - Path: Packages/com.unity.timeline/Editor/Localization/Localization.cs - Importer: ScriptedImporter/UnityEditor.QuickSearchModule:UnityEditor.Search:ASIAI0B' with importer (ScriptedImporter : UnityEditor.QuickSearchModule:UnityEditor.Search:ASIAI0B)
Imported 'GUID: 52d9cbed2cc0d4faab5168848d1f2e37' -> (Import Result ID: '5c8e519848faf6486ab9ea3f2cf1346e') in 0.001 seconds [static and dynamic dependencies]. Details - ImportResultOutputID=6d42d056d04df02764ebbaf3008f9b5a DependenciesID=7ac3c32cd351566a95dbc60a68091c23 StaticDependenciesID=ac2206b47a1e2d78f4d78495b1f19f02 
Number of updated asset objects reloaded before import = 0
Number of asset objects unloaded after import = 0
========================================================================
Received Import Request.
  Time of request: 2026-10-01T08:15:28.4775412Z
  Time since last request: 0.0002861 seconds.
  importAddress: GUID: 3484c53050e20474bb37d3808245721a - Path: Packages/com.unity.timeline/Editor/Undo/UndoExtensions.cs - Importer: ScriptedImporter/UnityEditor.QuickSearchModule:UnityEditor.Search:ASIAI0B
Importing 'GUID: 3484c53050e20474bb37d3808245721a - Path: Packages/com.unity.timeline/Editor/Undo/UndoExtensions.cs - Importer: ScriptedImporter/UnityEditor.QuickSearchModule:UnityEditor.Search:ASIAI0B' with importer (ScriptedImporter : UnityEditor.QuickSearchModule:UnityEditor.Search:ASIAI0B)
Imported 'GUID: 3484c53050e20474bb37d3808245721a' -> (Import Result ID: 'e374fba7321fe279eee191fbcb6880a7') in 0.002 seconds [static and dynamic dependencies]. Details - ImportResultOutputID=308c4c1e3a126016dcd9181887c879d1 DependenciesID=c7f25346647461516f9f7c0ba02fb60b StaticDependenciesID=611168e41ec4dc941cd20d5b1e3615f5 
Number of updated asset objects reloaded before import = 0
Number of asset objects unloaded after import = 0
========================================================================
Received Import Request.
  Time of request: 2026-10-01T08:15:28.4891683Z
  Time since last request: 0.0004151 seconds.
  importAddress: GUID: 2c87ec8c97244cd47945ec90a99abe35 - Path: Packages/com.unity.timeline/Editor/Items/ITimelineItem.cs - Importer: ScriptedImporter/UnityEditor.QuickSearchModule:UnityEditor.Search:ASIAI0B
Importing 'GUID: 2c87ec8c97244cd47945ec90a99abe35 - Path: Packages/com.unity.timeline/Editor/Items/ITimelineItem.cs - Importer: ScriptedImporter/UnityEditor.QuickSearchModule:UnityEditor.Search:ASIAI0B' with importer (ScriptedImporter : UnityEditor.QuickSearchModule:UnityEditor.Search:ASIAI0B)
Imported 'GUID: 2c87ec8c97244cd47945ec90a99abe35' -> (Import Result ID: '915c78bf09498f3a56900f6cea9f07ba') in 0.002 seconds [static and dynamic dependencies]. Details - ImportResultOutputID=274ac80e43ed437898bb9f30194a65fe DependenciesID=ebb7116267ead9ed0fdfee54f837bd7b StaticDependenciesID=6bde774e707b824f0ec99cedf7d260f6 
Number of updated asset objects reloaded before import = 0
Number of asset objects unloaded after import = 0
========================================================================
Received Import Request.
  Time of request: 2026-10-01T08:15:28.4992799Z
  Time since last request: 0.0003658 seconds.
  importAddress: GUID: 9805855c8e379ed4cad77f639aaddb73 - Path: Packages/com.unity.timeline/Editor/Recording/TimelineRecording_Monobehaviour.cs - Importer: ScriptedImporter/UnityEditor.QuickSearchModule:UnityEditor.Search:ASIAI0B
Importing 'GUID: 9805855c8e379ed4cad77f639aaddb73 - Path: Packages/com.unity.timeline/Editor/Recording/TimelineRecording_Monobehaviour.cs - Importer: ScriptedImporter/UnityEditor.QuickSearchModule:UnityEditor.Search:ASIAI0B' with importer (ScriptedImporter : UnityEditor.QuickSearchModule:UnityEditor.Search:ASIAI0B)
Imported 'GUID: 9805855c8e379ed4cad77f639aaddb73' -> (Import Result ID: '54910234e42738e3c9b3fb7de14458f7') in 0.002 seconds [static and dynamic dependencies]. Details - ImportResultOutputID=bc179f275dfadeb5b994556f4bb0a6ad DependenciesID=ce2b5a5e827266cb5752f254145dda8f StaticDependenciesID=31452e515c006621a4ef8d2ce02b6bc0 
Number of updated asset objects reloaded before import = 0
Number of asset objects unloaded after import = 0
========================================================================
Received Import Request.
  Time of request: 2026-10-01T08:15:28.5097403Z
  Time since last request: 0.0004402 seconds.
  importAddress: GUID: ee83d5e1ad2ac4c9aa39e3a6f256062e - Path: Packages/com.unity.timeline/Editor/treeview/IPropertyKeyDataSource.cs - Importer: ScriptedImporter/UnityEditor.QuickSearchModule:UnityEditor.Search:ASIAI0B
Importing 'GUID: ee83d5e1ad2ac4c9aa39e3a6f256062e - Path: Packages/com.unity.timeline/Editor/treeview/IPropertyKeyDataSource.cs - Importer: ScriptedImporter/UnityEditor.QuickSearchModule:UnityEditor.Search:ASIAI0B' with importer (ScriptedImporter : UnityEditor.QuickSearchModule:UnityEditor.Search:ASIAI0B)
Imported 'GUID: ee83d5e1ad2ac4c9aa39e3a6f256062e' -> (Import Result ID: '05536e769465a0ad37925cc27a367764') in 0.002 seconds [static and dynamic dependencies]. Details - ImportResultOutputID=e0d930d30d9d6cd9e396a72f9548e7a1 DependenciesID=7d16b2ef5717578e0f904eb5cedece1c StaticDependenciesID=36926b43e4f9357fa6e25f96d96d93ee 
Number of updated asset objects reloaded before import = 0
Number of asset objects unloaded after import = 0
========================================================================
Received Import Request.
  Time of request: 2026-10-01T08:15:28.5201127Z
  Time since last request: 0.0003377 seconds.
  importAddress: GUID: 423cd382a7804414d9bfdb2e7fb7bb62 - Path: Packages/com.unity.timeline/Editor/Signals/SignalReceiverHeader.cs - Importer: ScriptedImporter/UnityEditor.QuickSearchModule:UnityEditor.Search:ASIAI0B
Importing 'GUID: 423cd382a7804414d9bfdb2e7fb7bb62 - Path: Packages/com.unity.timeline/Editor/Signals/SignalReceiverHeader.cs - Importer: ScriptedImporter/UnityEditor.QuickSearchModule:UnityEditor.Search:ASIAI0B' with importer (ScriptedImporter : UnityEditor.QuickSearchModule:UnityEditor.Search:ASIAI0B)
Imported 'GUID: 423cd382a7804414d9bfdb2e7fb7bb62' -> (Import Result ID: '6d246d1ee683ebef7dc8f5b66ea1693c') in 0.001 seconds [static and dynamic dependencies]. Details - ImportResultOutputID=870817a29a691c482d928dfbf446ba3d DependenciesID=a0d5d2dc9707ddcb48afd7f28924ac33 StaticDependenciesID=802de2948d4549ccce69ebf50a340639 
Number of updated asset objects reloaded before import = 0
Number of asset objects unloaded after import = 0
========================================================================
Received Import Request.
  Time of request: 2026-10-01T08:15:28.5325243Z
  Time since last request: 0.0033917 seconds.
  importAddress: GUID: 030f85c3f73729f4f976f66ffb23b875 - Path: Packages/com.unity.timeline/Runtime/Animation/AnimationPlayableAsset.cs - Importer: ScriptedImporter/UnityEditor.QuickSearchModule:UnityEditor.Search:ASIAI0B
Importing 'GUID: 030f85c3f73729f4f976f66ffb23b875 - Path: Packages/com.unity.timeline/Runtime/Animation/AnimationPlayableAsset.cs - Importer: ScriptedImporter/UnityEditor.QuickSearchModule:UnityEditor.Search:ASIAI0B' with importer (ScriptedImporter : UnityEditor.QuickSearchModule:UnityEditor.Search:ASIAI0B)
Imported 'GUID: 030f85c3f73729f4f976f66ffb23b875' -> (Import Result ID: '431eba86363c1b44f425c534118fe920') in 0.003 seconds [static and dynamic dependencies]. Details - ImportResultOutputID=8090baeaf2fa472963f4fe1bf7ebb55c DependenciesID=72dfe4ee9ffae9e4b9fac1dfbd35dfd2 StaticDependenciesID=627f96bf6c17c9f3522fdfa266e6c762 
Number of updated asset objects reloaded before import = 0
Number of asset objects unloaded after import = 0
========================================================================
Received Import Request.
  Time of request: 2026-10-01T08:15:28.5441449Z
  Time since last request: 0.0002558 seconds.
  importAddress: GUID: c756627eb1aed7a40bd8ba981a07ede5 - Path: Packages/com.unity.timeline/Editor/Window/TimelineNavigator.cs - Importer: ScriptedImporter/UnityEditor.QuickSearchModule:UnityEditor.Search:ASIAI0B
Importing 'GUID: c756627eb1aed7a40bd8ba981a07ede5 - Path: Packages/com.unity.timeline/Editor/Window/TimelineNavigator.cs - Importer: ScriptedImporter/UnityEditor.QuickSearchModule:UnityEditor.Search:ASIAI0B' with importer (ScriptedImporter : UnityEditor.QuickSearchModule:UnityEditor.Search:ASIAI0B)
Imported 'GUID: c756627eb1aed7a40bd8ba981a07ede5' -> (Import Result ID: '911a9309b9d77a1a5e868ecd348c8e9e') in 0.002 seconds [static and dynamic dependencies]. Details - ImportResultOutputID=f9e6b9fe4d1b7fd9c6cffea266583e3c DependenciesID=f854b8cd013d3b0718f7add0a711b43f StaticDependenciesID=a9cd858e29483289aa56a090cafa20ce 
Number of updated asset objects reloaded before import = 0
Number of asset objects unloaded after import = 0
========================================================================
Received Import Request.
  Time of request: 2026-10-01T08:15:28.5573713Z
  Time since last request: 0.0002367 seconds.
  importAddress: GUID: d1c9c1ed454d0594b951eb6a76ac62ad - Path: Packages/com.unity.timeline/Editor/Window/TimelineWindow_EditorCallbacks.cs - Importer: ScriptedImporter/UnityEditor.QuickSearchModule:UnityEditor.Search:ASIAI0B
Importing 'GUID: d1c9c1ed454d0594b951eb6a76ac62ad - Path: Packages/com.unity.timeline/Editor/Window/TimelineWindow_EditorCallbacks.cs - Importer: ScriptedImporter/UnityEditor.QuickSearchModule:UnityEditor.Search:ASIAI0B' with importer (ScriptedImporter : UnityEditor.QuickSearchModule:UnityEditor.Search:ASIAI0B)
Imported 'GUID: d1c9c1ed454d0594b951eb6a76ac62ad' -> (Import Result ID: '006c7e8d32edecd743e38849eddb8f6f') in 0.002 seconds [static and dynamic dependencies]. Details - ImportResultOutputID=1f2902c48e7218e6aeb31e9fa4af756b DependenciesID=dd1e73149ea75a4b61027896c8dd5c30 StaticDependenciesID=7f29de2d84e13426dfee70d5207a3311 
Number of updated asset objects reloaded before import = 0
Number of asset objects unloaded after import = 0
========================================================================
Received Import Request.
  Time of request: 2026-10-01T08:15:28.5677355Z
  Time since last request: 0.0003119 seconds.
  importAddress: GUID: e2cd16a2d73fe7a4c9affa2b790eb5e0 - Path: Packages/com.unity.timeline/Editor/Window/TimelineWindow_Breadcrumbs.cs - Importer: ScriptedImporter/UnityEditor.QuickSearchModule:UnityEditor.Search:ASIAI0B
Importing 'GUID: e2cd16a2d73fe7a4c9affa2b790eb5e0 - Path: Packages/com.unity.timeline/Editor/Window/TimelineWindow_Breadcrumbs.cs - Importer: ScriptedImporter/UnityEditor.QuickSearchModule:UnityEditor.Search:ASIAI0B' with importer (ScriptedImporter : UnityEditor.QuickSearchModule:UnityEditor.Search:ASIAI0B)
Imported 'GUID: e2cd16a2d73fe7a4c9affa2b790eb5e0' -> (Import Result ID: '7bbff5bcf1ce29c2ff450cf2e7cd881d') in 0.002 seconds [static and dynamic dependencies]. Details - ImportResultOutputID=14cd526a28043347b6b0885b4f41d8f4 DependenciesID=cbee9207fce9f8389661928d271a8601 StaticDependenciesID=fedd8419b1c1316ca2e0b7bf85b4da8f 
Number of updated asset objects reloaded before import = 0
Number of asset objects unloaded after import = 0
========================================================================
Received Import Request.
  Time of request: 2026-10-01T08:15:28.5773387Z
  Time since last request: 0.0003677 seconds.
  importAddress: GUID: 755e3e942f7784d458bddba421c0bb72 - Path: Packages/com.unity.timeline/Runtime/Animation/AnimationPreviewUpdateCallback.cs - Importer: ScriptedImporter/UnityEditor.QuickSearchModule:UnityEditor.Search:ASIAI0B
Importing 'GUID: 755e3e942f7784d458bddba421c0bb72 - Path: Packages/com.unity.timeline/Runtime/Animation/AnimationPreviewUpdateCallback.cs - Importer: ScriptedImporter/UnityEditor.QuickSearchModule:UnityEditor.Search:ASIAI0B' with importer (ScriptedImporter : UnityEditor.QuickSearchModule:UnityEditor.Search:ASIAI0B)
Imported 'GUID: 755e3e942f7784d458bddba421c0bb72' -> (Import Result ID: '236aa3b90e3ca535ff39d4bc5ce793fc') in 0.002 seconds [static and dynamic dependencies]. Details - ImportResultOutputID=44d6aff0d8546e437fff56e90530fc23 DependenciesID=04e93aa09cdbbea405053ac17ded64b7 StaticDependenciesID=325d66bf69262ec274d4583d60d7d594 
Number of updated asset objects reloaded before import = 0
Number of asset objects unloaded after import = 0
========================================================================
Received Import Request.
  Time of request: 2026-10-01T08:15:28.5879665Z
  Time since last request: 0.0005703 seconds.
  importAddress: GUID: 95c91abdcc1ea03458c2ea4e9626a5d8 - Path: Packages/com.unity.timeline/Runtime/AssetUpgrade/TimelineUpgrade.cs - Importer: ScriptedImporter/UnityEditor.QuickSearchModule:UnityEditor.Search:ASIAI0B
Importing 'GUID: 95c91abdcc1ea03458c2ea4e9626a5d8 - Path: Packages/com.unity.timeline/Runtime/AssetUpgrade/TimelineUpgrade.cs - Importer: ScriptedImporter/UnityEditor.QuickSearchModule:UnityEditor.Search:ASIAI0B' with importer (ScriptedImporter : UnityEditor.QuickSearchModule:UnityEditor.Search:ASIAI0B)
Imported 'GUID: 95c91abdcc1ea03458c2ea4e9626a5d8' -> (Import Result ID: '98b3f5f071caae06da7c276d946579ec') in 0.002 seconds [static and dynamic dependencies]. Details - ImportResultOutputID=a79be6a0012930b93f35fcb68a462ed6 DependenciesID=7b9617b2b5f41e53e493849ea288e017 StaticDependenciesID=5876746a94459232b72c1cddce2bd7f5 
Number of updated asset objects reloaded before import = 0
Number of asset objects unloaded after import = 0
========================================================================
Received Import Request.
  Time of request: 2026-10-01T08:15:28.6183891Z
  Time since last request: 0.019811 seconds.
  importAddress: GUID: d8c4a920f001ca64680ed6fdb52d1753 - Path: Packages/com.unity.timeline/Runtime/Audio/AudioMixerProperties.cs - Importer: ScriptedImporter/UnityEditor.QuickSearchModule:UnityEditor.Search:ASIAI0B
Importing 'GUID: d8c4a920f001ca64680ed6fdb52d1753 - Path: Packages/com.unity.timeline/Runtime/Audio/AudioMixerProperties.cs - Importer: ScriptedImporter/UnityEditor.QuickSearchModule:UnityEditor.Search:ASIAI0B' with importer (ScriptedImporter : UnityEditor.QuickSearchModule:UnityEditor.Search:ASIAI0B)
Imported 'GUID: d8c4a920f001ca64680ed6fdb52d1753' -> (Import Result ID: '91e850a2055dfb6a02273053a8a10999') in 0.002 seconds [static and dynamic dependencies]. Details - ImportResultOutputID=d937e8297410fe774ba8399978061863 DependenciesID=4acb4e1c3109b12f1ce325ab3bef2ddb StaticDependenciesID=3b6f06ecccce3914a347b44910ade329 
Number of updated asset objects reloaded before import = 0
Number of asset objects unloaded after import = 0
========================================================================
Received Import Request.
  Time of request: 2026-10-01T08:15:28.6296025Z
  Time since last request: 0.0002554 seconds.
  importAddress: GUID: b250be9db55288b48ac121c074d795e6 - Path: Packages/com.unity.timeline/Runtime/Evaluation/ScheduleRuntimeClip.cs - Importer: ScriptedImporter/UnityEditor.QuickSearchModule:UnityEditor.Search:ASIAI0B
Importing 'GUID: b250be9db55288b48ac121c074d795e6 - Path: Packages/com.unity.timeline/Runtime/Evaluation/ScheduleRuntimeClip.cs - Importer: ScriptedImporter/UnityEditor.QuickSearchModule:UnityEditor.Search:ASIAI0B' with importer (ScriptedImporter : UnityEditor.QuickSearchModule:UnityEditor.Search:ASIAI0B)
Imported 'GUID: b250be9db55288b48ac121c074d795e6' -> (Import Result ID: 'e5c01483930db09fac2c1fc40990d316') in 0.002 seconds [static and dynamic dependencies]. Details - ImportResultOutputID=791eee488d099040865b4b398c142117 DependenciesID=55d324d1ece077b697ea22979bce7fdd StaticDependenciesID=5ee319397952506df97cdb5a1bc28f41 
Number of updated asset objects reloaded before import = 0
Number of asset objects unloaded after import = 0
========================================================================
Received Import Request.
  Time of request: 2026-10-01T08:15:28.6402792Z
  Time since last request: 0.000268 seconds.
  importAddress: GUID: 5082cb99a8f99b84d84dd8b4c5233a9e - Path: Packages/com.unity.timeline/Runtime/Events/INotificationOptionProvider.cs - Importer: ScriptedImporter/UnityEditor.QuickSearchModule:UnityEditor.Search:ASIAI0B
Importing 'GUID: 5082cb99a8f99b84d84dd8b4c5233a9e - Path: Packages/com.unity.timeline/Runtime/Events/INotificationOptionProvider.cs - Importer: ScriptedImporter/UnityEditor.QuickSearchModule:UnityEditor.Search:ASIAI0B' with importer (ScriptedImporter : UnityEditor.QuickSearchModule:UnityEditor.Search:ASIAI0B)
Imported 'GUID: 5082cb99a8f99b84d84dd8b4c5233a9e' -> (Import Result ID: 'b2ef8be27ffb88231d603d2f1abaefb7') in 0.002 seconds [static and dynamic dependencies]. Details - ImportResultOutputID=d2e0ad1bea3ddb341ddbea53f19ac73d DependenciesID=39a07abc21cd6d3322d5e729950644bc StaticDependenciesID=06cfcd7ae7a0a4c8361937dff7b310ba 
Number of updated asset objects reloaded before import = 0
Number of asset objects unloaded after import = 0
========================================================================
Received Import Request.
  Time of request: 2026-10-01T08:15:28.6508409Z
  Time since last request: 0.0003179 seconds.
  importAddress: GUID: c35b6ea5f1d7cd74eac79413eb70670c - Path: Packages/com.unity.timeline/Runtime/Attributes/TimelineHelpURLAttribute.cs - Importer: ScriptedImporter/UnityEditor.QuickSearchModule:UnityEditor.Search:ASIAI0B
Importing 'GUID: c35b6ea5f1d7cd74eac79413eb70670c - Path: Packages/com.unity.timeline/Runtime/Attributes/TimelineHelpURLAttribute.cs - Importer: ScriptedImporter/UnityEditor.QuickSearchModule:UnityEditor.Search:ASIAI0B' with importer (ScriptedImporter : UnityEditor.QuickSearchModule:UnityEditor.Search:ASIAI0B)
Imported 'GUID: c35b6ea5f1d7cd74eac79413eb70670c' -> (Import Result ID: '29b32fd2ca33e55fa52e2c6fe28651f1') in 0.002 seconds [static and dynamic dependencies]. Details - ImportResultOutputID=a49dc20a2d0aa9a54e5dbb8c1c663e67 DependenciesID=59a869d92587d319e700ca5c85921f23 StaticDependenciesID=a6adb4217c57100d37cd87ba944c9cb9 
Number of updated asset objects reloaded before import = 0
Number of asset objects unloaded after import = 0
========================================================================
Received Import Request.
  Time of request: 2026-10-01T08:15:28.662618Z
  Time since last request: 0.0001868 seconds.
  importAddress: GUID: d0080567f62c3f94cb75b2927a349e22 - Path: Packages/com.unity.timeline/Runtime/Utilities/AnimatorBindingCache.cs - Importer: ScriptedImporter/UnityEditor.QuickSearchModule:UnityEditor.Search:ASIAI0B
Importing 'GUID: d0080567f62c3f94cb75b2927a349e22 - Path: Packages/com.unity.timeline/Runtime/Utilities/AnimatorBindingCache.cs - Importer: ScriptedImporter/UnityEditor.QuickSearchModule:UnityEditor.Search:ASIAI0B' with importer (ScriptedImporter : UnityEditor.QuickSearchModule:UnityEditor.Search:ASIAI0B)
Imported 'GUID: d0080567f62c3f94cb75b2927a349e22' -> (Import Result ID: '3d05bdc1c16827e1fb4d69f9e2e26328') in 0.002 seconds [static and dynamic dependencies]. Details - ImportResultOutputID=b9cabc5ab2f05403a22a57f74aa1dac1 DependenciesID=71636e03da96c28d69552f4d90b5f296 StaticDependenciesID=06123633d4756596b962287a14b0a758 
Number of updated asset objects reloaded before import = 0
Number of asset objects unloaded after import = 0
========================================================================
Received Import Request.
  Time of request: 2026-10-01T08:15:28.673024Z
  Time since last request: 0.0003213 seconds.
  importAddress: GUID: 76b6bf32a6fcf934aab8c529bddccc81 - Path: Packages/com.unity.timeline/Runtime/Evaluation/RuntimeElement.cs - Importer: ScriptedImporter/UnityEditor.QuickSearchModule:UnityEditor.Search:ASIAI0B
Importing 'GUID: 76b6bf32a6fcf934aab8c529bddccc81 - Path: Packages/com.unity.timeline/Runtime/Evaluation/RuntimeElement.cs - Importer: ScriptedImporter/UnityEditor.QuickSearchModule:UnityEditor.Search:ASIAI0B' with importer (ScriptedImporter : UnityEditor.QuickSearchModule:UnityEditor.Search:ASIAI0B)
Imported 'GUID: 76b6bf32a6fcf934aab8c529bddccc81' -> (Import Result ID: '55c77fc1f0a9f98a5d819706ef8b71b4') in 0.002 seconds [static and dynamic dependencies]. Details - ImportResultOutputID=5ee4d22ca8ab0ba4301275fe3a9bdaf5 DependenciesID=e15885922e6f70e6c4394bc53f2fa78a StaticDependenciesID=a1e4b567ee99d3f3709b49153cf18ab2 
Number of updated asset objects reloaded before import = 0
Number of asset objects unloaded after import = 0
========================================================================
Received Import Request.
  Time of request: 2026-10-01T08:15:28.7079002Z
  Time since last request: 0.0246676 seconds.
  importAddress: GUID: ada555936059fa149bb48537842ee230 - Path: Packages/com.unity.timeline/Editor/StyleSheets/Extensions/common.uss - Importer: ScriptedImporter/UnityEditor.QuickSearchModule:UnityEditor.Search:ASIAI0B
Importing 'GUID: ada555936059fa149bb48537842ee230 - Path: Packages/com.unity.timeline/Editor/StyleSheets/Extensions/common.uss - Importer: ScriptedImporter/UnityEditor.QuickSearchModule:UnityEditor.Search:ASIAI0B' with importer (ScriptedImporter : UnityEditor.QuickSearchModule:UnityEditor.Search:ASIAI0B)
Imported 'GUID: ada555936059fa149bb48537842ee230' -> (Import Result ID: '4fe830ed1ed74c5c454a9451e85110a3') in 0.012 seconds [static and dynamic dependencies]. Details - ImportResultOutputID=c2091eb86acc7cc0580d4fed0cf4a88a DependenciesID=d41d5844134eecc2289cf09941bd74b3 StaticDependenciesID=db53d40797a49e728a84dc2c41105e4a 
Number of updated asset objects reloaded before import = 0
Number of asset objects unloaded after import = 1
========================================================================
Received Import Request.
  Time of request: 2026-10-01T08:15:28.7277694Z
  Time since last request: 0.0002799 seconds.
  importAddress: GUID: 8d34348f8b97a334291f5cf31adc5d67 - Path: Packages/com.unity.timeline/Editor/treeview/ItemGui/TimelineMarkerGUI.cs - Importer: ScriptedImporter/UnityEditor.QuickSearchModule:UnityEditor.Search:ASIAI0B
Importing 'GUID: 8d34348f8b97a334291f5cf31adc5d67 - Path: Packages/com.unity.timeline/Editor/treeview/ItemGui/TimelineMarkerGUI.cs - Importer: ScriptedImporter/UnityEditor.QuickSearchModule:UnityEditor.Search:ASIAI0B' with importer (ScriptedImporter : UnityEditor.QuickSearchModule:UnityEditor.Search:ASIAI0B)
Imported 'GUID: 8d34348f8b97a334291f5cf31adc5d67' -> (Import Result ID: 'a9381f3364ee0a2bfac01c17aa324f22') in 0.002 seconds [static and dynamic dependencies]. Details - ImportResultOutputID=257256716d436c1484af766bd748db8c DependenciesID=28ffea9147b7093b586bd88a858f3202 StaticDependenciesID=363e11ec21615f6653e0a6c3cc984340 
Number of updated asset objects reloaded before import = 0
Number of asset objects unloaded after import = 0
========================================================================
Received Import Request.
  Time of request: 2026-10-01T08:15:28.738608Z
  Time since last request: 0.0002659 seconds.
  importAddress: GUID: 6f515f8ecd3b6a546b90abaae2553f99 - Path: Packages/com.unity.timeline/Editor/treeview/ItemGui/TimelineItemGUI.cs - Importer: ScriptedImporter/UnityEditor.QuickSearchModule:UnityEditor.Search:ASIAI0B
Importing 'GUID: 6f515f8ecd3b6a546b90abaae2553f99 - Path: Packages/com.unity.timeline/Editor/treeview/ItemGui/TimelineItemGUI.cs - Importer: ScriptedImporter/UnityEditor.QuickSearchModule:UnityEditor.Search:ASIAI0B' with importer (ScriptedImporter : UnityEditor.QuickSearchModule:UnityEditor.Search:ASIAI0B)
Imported 'GUID: 6f515f8ecd3b6a546b90abaae2553f99' -> (Import Result ID: 'fc882b1acea6aceb12e068ab046eac21') in 0.002 seconds [static and dynamic dependencies]. Details - ImportResultOutputID=e27af389eb928961bba25d761028b79b DependenciesID=8ede2e30e0cf0682146e82f83474c3b3 StaticDependenciesID=37c8cd740573ad7555dea94824fb0d02 
Number of updated asset objects reloaded before import = 0
Number of asset objects unloaded after import = 0
========================================================================
Received Import Request.
  Time of request: 2026-10-01T08:15:28.749792Z
  Time since last request: 0.000426 seconds.
  importAddress: GUID: e00dc5a0cda466b41b09a50bd18b4916 - Path: Packages/com.unity.timeline/Editor/treeview/TrackGui/TimelineTrackErrorGUI.cs - Importer: ScriptedImporter/UnityEditor.QuickSearchModule:UnityEditor.Search:ASIAI0B
Importing 'GUID: e00dc5a0cda466b41b09a50bd18b4916 - Path: Packages/com.unity.timeline/Editor/treeview/TrackGui/TimelineTrackErrorGUI.cs - Importer: ScriptedImporter/UnityEditor.QuickSearchModule:UnityEditor.Search:ASIAI0B' with importer (ScriptedImporter : UnityEditor.QuickSearchModule:UnityEditor.Search:ASIAI0B)
Imported 'GUID: e00dc5a0cda466b41b09a50bd18b4916' -> (Import Result ID: '43691aecc3b4d07ec2d5c6af005fa140') in 0.002 seconds [static and dynamic dependencies]. Details - ImportResultOutputID=d83ec7a43fc2d4872f66ff4f2a7ec999 DependenciesID=eacb33bc595ed9d5b4791bce326e017d StaticDependenciesID=59b946e70e84f601621e3f774e125e1b 
Number of updated asset objects reloaded before import = 0
Number of asset objects unloaded after import = 0
========================================================================
Received Import Request.
  Time of request: 2026-10-01T08:15:28.7609171Z
  Time since last request: 0.0005734 seconds.
  importAddress: GUID: 5503f95d174761548a68a901beab13c2 - Path: Packages/com.unity.timeline/Editor/Window/Modes/TimelineInactiveMode.cs - Importer: ScriptedImporter/UnityEditor.QuickSearchModule:UnityEditor.Search:ASIAI0B
Importing 'GUID: 5503f95d174761548a68a901beab13c2 - Path: Packages/com.unity.timeline/Editor/Window/Modes/TimelineInactiveMode.cs - Importer: ScriptedImporter/UnityEditor.QuickSearchModule:UnityEditor.Search:ASIAI0B' with importer (ScriptedImporter : UnityEditor.QuickSearchModule:UnityEditor.Search:ASIAI0B)
Imported 'GUID: 5503f95d174761548a68a901beab13c2' -> (Import Result ID: '0f3af76fa63d604134de66db49e54abf') in 0.002 seconds [static and dynamic dependencies]. Details - ImportResultOutputID=11e5d9f9dff6f56245eaab6c107cbbe9 DependenciesID=e10310d0b5274ff1510ce93cd68491df StaticDependenciesID=1f70a1fba517380e7d248bc5c3ca52f9 
Number of updated asset objects reloaded before import = 0
Number of asset objects unloaded after import = 0
========================================================================
Received Import Request.
  Time of request: 2026-10-01T08:15:28.7712129Z
  Time since last request: 0.0005828 seconds.
  importAddress: GUID: 5393cdb70614ab24f94f78bfcf5d1455 - Path: Packages/com.unity.timeline/Editor/StyleSheets/Extensions/dark.uss - Importer: ScriptedImporter/UnityEditor.QuickSearchModule:UnityEditor.Search:ASIAI0B
Importing 'GUID: 5393cdb70614ab24f94f78bfcf5d1455 - Path: Packages/com.unity.timeline/Editor/StyleSheets/Extensions/dark.uss - Importer: ScriptedImporter/UnityEditor.QuickSearchModule:UnityEditor.Search:ASIAI0B' with importer (ScriptedImporter : UnityEditor.QuickSearchModule:UnityEditor.Search:ASIAI0B)
Imported 'GUID: 5393cdb70614ab24f94f78bfcf5d1455' -> (Import Result ID: '2af8eebea3557d819ea834dbceeb9a9b') in 0.003 seconds [static and dynamic dependencies]. Details - ImportResultOutputID=4b9fe79c07081503bfbeab6d3af6b5cd DependenciesID=bd4d82535b6963eca0a3a582337fc639 StaticDependenciesID=a09dfa346a4eac1181af687b952264a6 
Number of updated asset objects reloaded before import = 0
Number of asset objects unloaded after import = 1
========================================================================
Received Import Request.
  Time of request: 2026-10-01T08:15:28.7976806Z
  Time since last request: 0.0157558 seconds.
  importAddress: GUID: d79cb9ecc0d4a6d428ab98a681a33897 - Path: Packages/com.unity.timeline/Editor/Window/ViewModel/TimelineAssetViewModel.cs - Importer: ScriptedImporter/UnityEditor.QuickSearchModule:UnityEditor.Search:ASIAI0B
Importing 'GUID: d79cb9ecc0d4a6d428ab98a681a33897 - Path: Packages/com.unity.timeline/Editor/Window/ViewModel/TimelineAssetViewModel.cs - Importer: ScriptedImporter/UnityEditor.QuickSearchModule:UnityEditor.Search:ASIAI0B' with importer (ScriptedImporter : UnityEditor.QuickSearchModule:UnityEditor.Search:ASIAI0B)
Imported 'GUID: d79cb9ecc0d4a6d428ab98a681a33897' -> (Import Result ID: 'bc9f6b14f2a7eb60dc659bb63a250eea') in 0.002 seconds [static and dynamic dependencies]. Details - ImportResultOutputID=e8ea481a737e744c8ac0ea8658be5014 DependenciesID=71bea41fc725c93ac5ddcd56161af879 StaticDependenciesID=bc05a4d9c25b7fe479d7804456c436ba 
Number of updated asset objects reloaded before import = 0
Number of asset objects unloaded after import = 0
========================================================================
Received Import Request.
  Time of request: 2026-10-01T08:15:28.8171875Z
  Time since last request: 0.009291 seconds.
  importAddress: GUID: 43eeff8a446b32242a4fb1a5c1bd7b8e - Path: Packages/com.unity.timeline/Editor/StyleSheets/Images/DarkSkin/TimelinePlayRange.png - Importer: ScriptedImporter/UnityEditor.QuickSearchModule:UnityEditor.Search:ASIAI0B
Importing 'GUID: 43eeff8a446b32242a4fb1a5c1bd7b8e - Path: Packages/com.unity.timeline/Editor/StyleSheets/Images/DarkSkin/TimelinePlayRange.png - Importer: ScriptedImporter/UnityEditor.QuickSearchModule:UnityEditor.Search:ASIAI0B' with importer (ScriptedImporter : UnityEditor.QuickSearchModule:UnityEditor.Search:ASIAI0B)
Imported 'GUID: 43eeff8a446b32242a4fb1a5c1bd7b8e' -> (Import Result ID: '3d20e96204379a09ab83e861e6a33c7c') in 0.005 seconds [static and dynamic dependencies]. Details - ImportResultOutputID=ea0d6e9e660fa873a18d2541715f6aab DependenciesID=0a2df62e7ef9d71b6d9f837e07826bde StaticDependenciesID=a3886ab05be6793b3c341bc1bf39e889 
Number of updated asset objects reloaded before import = 0
Number of asset objects unloaded after import = 1
========================================================================
Received Import Request.
  Time of request: 2026-10-01T08:15:28.8324092Z
  Time since last request: 0.0004641 seconds.
  importAddress: GUID: e17ee60887efdd04389991a15ee0c578 - Path: Packages/com.unity.timeline/Editor/StyleSheets/Images/DarkSkin/TimelineAutokey_active.png - Importer: ScriptedImporter/UnityEditor.QuickSearchModule:UnityEditor.Search:ASIAI0B
Importing 'GUID: e17ee60887efdd04389991a15ee0c578 - Path: Packages/com.unity.timeline/Editor/StyleSheets/Images/DarkSkin/TimelineAutokey_active.png - Importer: ScriptedImporter/UnityEditor.QuickSearchModule:UnityEditor.Search:ASIAI0B' with importer (ScriptedImporter : UnityEditor.QuickSearchModule:UnityEditor.Search:ASIAI0B)
Imported 'GUID: e17ee60887efdd04389991a15ee0c578' -> (Import Result ID: 'b24720a08a57b189735cfb9022e35ad2') in 0.007 seconds [static and dynamic dependencies]. Details - ImportResultOutputID=c0b8e2df6b1f80826cf2b8a1b484a8ad DependenciesID=dbe95055f3e36059c6e1376051739c70 StaticDependenciesID=5b533abfc5702c58d8a9c3bdd6608b02 
Number of updated asset objects reloaded before import = 0
Number of asset objects unloaded after import = 1
========================================================================
Received Import Request.
  Time of request: 2026-10-01T08:15:28.8468744Z
  Time since last request: 0.000245 seconds.
  importAddress: GUID: d91793cd853a258448e4d5545bb38e45 - Path: Packages/com.unity.timeline/Editor/StyleSheets/Images/DarkSkin/TimelineSignalCollapsed.png - Importer: ScriptedImporter/UnityEditor.QuickSearchModule:UnityEditor.Search:ASIAI0B
Importing 'GUID: d91793cd853a258448e4d5545bb38e45 - Path: Packages/com.unity.timeline/Editor/StyleSheets/Images/DarkSkin/TimelineSignalCollapsed.png - Importer: ScriptedImporter/UnityEditor.QuickSearchModule:UnityEditor.Search:ASIAI0B' with importer (ScriptedImporter : UnityEditor.QuickSearchModule:UnityEditor.Search:ASIAI0B)
Imported 'GUID: d91793cd853a258448e4d5545bb38e45' -> (Import Result ID: '2fbfa0bb6101a1a4d24e44e2fd77234c') in 0.004 seconds [static and dynamic dependencies]. Details - ImportResultOutputID=f06fa531c0bff9ab976f68e0979da02a DependenciesID=0ca2bf6bcdeb941e193a02067ce9b714 StaticDependenciesID=dc67955abda8d0b8146154746950225d 
Number of updated asset objects reloaded before import = 0
Number of asset objects unloaded after import = 1
========================================================================
Received Import Request.
  Time of request: 2026-10-01T08:15:28.860243Z
  Time since last request: 0.0003134 seconds.
  importAddress: GUID: 92b5e4310629b264dad0fb2cc196d818 - Path: Packages/com.unity.timeline/Editor/StyleSheets/Images/DarkSkin/TimelineAutokey.png - Importer: ScriptedImporter/UnityEditor.QuickSearchModule:UnityEditor.Search:ASIAI0B
Importing 'GUID: 92b5e4310629b264dad0fb2cc196d818 - Path: Packages/com.unity.timeline/Editor/StyleSheets/Images/DarkSkin/TimelineAutokey.png - Importer: ScriptedImporter/UnityEditor.QuickSearchModule:UnityEditor.Search:ASIAI0B' with importer (ScriptedImporter : UnityEditor.QuickSearchModule:UnityEditor.Search:ASIAI0B)
Imported 'GUID: 92b5e4310629b264dad0fb2cc196d818' -> (Import Result ID: 'b98d092988a9a24838f566e9a62358d9') in 0.005 seconds [static and dynamic dependencies]. Details - ImportResultOutputID=021d4e9d2d08ac9294611eb3064716c5 DependenciesID=d7701d01b4fadef6a01e0be93694ca33 StaticDependenciesID=176b600fcebe5e052805f46780552bd6 
Number of updated asset objects reloaded before import = 0
Number of asset objects unloaded after import = 1
========================================================================
Received Import Request.
  Time of request: 2026-10-01T08:15:28.873499Z
  Time since last request: 0.0000643 seconds.
  importAddress: GUID: 22c3c381bd3cd4a40a8541103023e1ef - Path: Packages/com.unity.timeline/Editor/StyleSheets/Images/Icons/d_TimelineDigIn.png - Importer: ScriptedImporter/UnityEditor.QuickSearchModule:UnityEditor.Search:ASIAI0B
Importing 'GUID: 22c3c381bd3cd4a40a8541103023e1ef - Path: Packages/com.unity.timeline/Editor/StyleSheets/Images/Icons/d_TimelineDigIn.png - Importer: ScriptedImporter/UnityEditor.QuickSearchModule:UnityEditor.Search:ASIAI0B' with importer (ScriptedImporter : UnityEditor.QuickSearchModule:UnityEditor.Search:ASIAI0B)
Imported 'GUID: 22c3c381bd3cd4a40a8541103023e1ef' -> (Import Result ID: '98356cd0691af45e8f6832589deeef7e') in 0.005 seconds [static and dynamic dependencies]. Details - ImportResultOutputID=49858282d3a52fc404237a30213b9f58 DependenciesID=be56be5ebd5d76ed1a7724711981f3e4 StaticDependenciesID=9c1a51e55998302dd1dff16230518ac1 
Number of updated asset objects reloaded before import = 0
Number of asset objects unloaded after import = 1
========================================================================
Received Import Request.
  Time of request: 2026-10-01T08:15:28.8898682Z
  Time since last request: 0.0003281 seconds.
  importAddress: GUID: 32f7e3598d6414c489127629e29af3f6 - Path: Packages/com.unity.timeline/Editor/StyleSheets/Images/DarkSkin/TimelineIconClipOut.png - Importer: ScriptedImporter/UnityEditor.QuickSearchModule:UnityEditor.Search:ASIAI0B
Importing 'GUID: 32f7e3598d6414c489127629e29af3f6 - Path: Packages/com.unity.timeline/Editor/StyleSheets/Images/DarkSkin/TimelineIconClipOut.png - Importer: ScriptedImporter/UnityEditor.QuickSearchModule:UnityEditor.Search:ASIAI0B' with importer (ScriptedImporter : UnityEditor.QuickSearchModule:UnityEditor.Search:ASIAI0B)
Imported 'GUID: 32f7e3598d6414c489127629e29af3f6' -> (Import Result ID: '7eb1ff56e16a0efe115b6292c553972d') in 0.004 seconds [static and dynamic dependencies]. Details - ImportResultOutputID=8148df6499f9428eb5906993b1bdc123 DependenciesID=7e061d5968809efca84346e0c772605e StaticDependenciesID=29e43015a6ab36be7d325ec8cbff2fd6 
Number of updated asset objects reloaded before import = 0
Number of asset objects unloaded after import = 1
========================================================================
Received Import Request.
  Time of request: 2026-10-01T08:15:28.9053037Z
  Time since last request: 0.0026848 seconds.
  importAddress: GUID: ab1e2f0dfb0df5e40bb95359b3d8ed3a - Path: Packages/com.unity.timeline/Editor/StyleSheets/Images/DarkSkin/TimelineIconClipIn.png - Importer: ScriptedImporter/UnityEditor.QuickSearchModule:UnityEditor.Search:ASIAI0B
Importing 'GUID: ab1e2f0dfb0df5e40bb95359b3d8ed3a - Path: Packages/com.unity.timeline/Editor/StyleSheets/Images/DarkSkin/TimelineIconClipIn.png - Importer: ScriptedImporter/UnityEditor.QuickSearchModule:UnityEditor.Search:ASIAI0B' with importer (ScriptedImporter : UnityEditor.QuickSearchModule:UnityEditor.Search:ASIAI0B)
Imported 'GUID: ab1e2f0dfb0df5e40bb95359b3d8ed3a' -> (Import Result ID: '3023b28f8d59d7c4ae010605867baa87') in 0.005 seconds [static and dynamic dependencies]. Details - ImportResultOutputID=8ee64e39ee9a8c46d1353185b7bcf8c3 DependenciesID=ee6afdec1408a92bd1b89a5a563c020d StaticDependenciesID=751abd2b85017ffcc4f836d4929b324c 
Number of updated asset objects reloaded before import = 0
Number of asset objects unloaded after import = 1
========================================================================
Received Import Request.
  Time of request: 2026-10-01T08:15:28.935769Z
  Time since last request: 0.0167451 seconds.
  importAddress: GUID: 512aaee9b220348408a2e518f98d6e14 - Path: Packages/com.unity.timeline/Editor/StyleSheets/Images/Icons/TrackMuteButtonEnabled@2x.png - Importer: ScriptedImporter/UnityEditor.QuickSearchModule:UnityEditor.Search:ASIAI0B
Importing 'GUID: 512aaee9b220348408a2e518f98d6e14 - Path: Packages/com.unity.timeline/Editor/StyleSheets/Images/Icons/TrackMuteButtonEnabled@2x.png - Importer: ScriptedImporter/UnityEditor.QuickSearchModule:UnityEditor.Search:ASIAI0B' with importer (ScriptedImporter : UnityEditor.QuickSearchModule:UnityEditor.Search:ASIAI0B)
Imported 'GUID: 512aaee9b220348408a2e518f98d6e14' -> (Import Result ID: '3e85586ce21e6166e7a3d88b885b14ad') in 0.004 seconds [static and dynamic dependencies]. Details - ImportResultOutputID=1679c873245d8761575cb52331f50967 DependenciesID=a507fdce87ba30e3114fb87bd7963495 StaticDependenciesID=afe1f6b49955f37640d104faee6ac35c 
Number of updated asset objects reloaded before import = 0
Number of asset objects unloaded after import = 1
========================================================================
Received Import Request.
  Time of request: 2026-10-01T08:15:28.9487266Z
  Time since last request: 0.0006423 seconds.
  importAddress: GUID: 73f5ebb64da7b2a40ab6bffac80f1a61 - Path: Packages/com.unity.timeline/Editor/StyleSheets/Images/Icons/TimelineSelector.png - Importer: ScriptedImporter/UnityEditor.QuickSearchModule:UnityEditor.Search:ASIAI0B
Importing 'GUID: 73f5ebb64da7b2a40ab6bffac80f1a61 - Path: Packages/com.unity.timeline/Editor/StyleSheets/Images/Icons/TimelineSelector.png - Importer: ScriptedImporter/UnityEditor.QuickSearchModule:UnityEditor.Search:ASIAI0B' with importer (ScriptedImporter : UnityEditor.QuickSearchModule:UnityEditor.Search:ASIAI0B)
Imported 'GUID: 73f5ebb64da7b2a40ab6bffac80f1a61' -> (Import Result ID: '41490c231875b3745b0b8b7a5771dd90') in 0.004 seconds [static and dynamic dependencies]. Details - ImportResultOutputID=47011656c097bda3916cfc3702b2cab0 DependenciesID=d7853923502f04b01093cd1dfe2773de StaticDependenciesID=3cb052b7d340089d0f6f2968a1ab99d0 
Number of updated asset objects reloaded before import = 0
Number of asset objects unloaded after import = 1
========================================================================
Received Import Request.
  Time of request: 2026-10-01T08:15:28.9611709Z
  Time since last request: 0.0005664 seconds.
  importAddress: GUID: bf1debab21103154b99778ba6e074175 - Path: Packages/com.unity.timeline/Editor/StyleSheets/Images/Icons/TimelineHeaderMarkerIcon.png - Importer: ScriptedImporter/UnityEditor.QuickSearchModule:UnityEditor.Search:ASIAI0B
Importing 'GUID: bf1debab21103154b99778ba6e074175 - Path: Packages/com.unity.timeline/Editor/StyleSheets/Images/Icons/TimelineHeaderMarkerIcon.png - Importer: ScriptedImporter/UnityEditor.QuickSearchModule:UnityEditor.Search:ASIAI0B' with importer (ScriptedImporter : UnityEditor.QuickSearchModule:UnityEditor.Search:ASIAI0B)
Imported 'GUID: bf1debab21103154b99778ba6e074175' -> (Import Result ID: 'd986c7ec79f6645a406befaf5a3a0168') in 0.004 seconds [static and dynamic dependencies]. Details - ImportResultOutputID=b7d674ae5f64cebb892348df9f7a503f DependenciesID=a07b16f863993fd7e3e82dfaac565d07 StaticDependenciesID=35b13283c67caf9e1804da0dd157b424 
Number of updated asset objects reloaded before import = 0
Number of asset objects unloaded after import = 1
========================================================================
Received Import Request.
  Time of request: 2026-10-01T08:15:28.9752852Z
  Time since last request: 0.0002702 seconds.
  importAddress: GUID: 0304baf8d224f3e47b22d872c8dcd412 - Path: Packages/com.unity.timeline/Editor/StyleSheets/Images/LightSkin/TimelineDisabledBackground.png - Importer: ScriptedImporter/UnityEditor.QuickSearchModule:UnityEditor.Search:ASIAI0B
Importing 'GUID: 0304baf8d224f3e47b22d872c8dcd412 - Path: Packages/com.unity.timeline/Editor/StyleSheets/Images/LightSkin/TimelineDisabledBackground.png - Importer: ScriptedImporter/UnityEditor.QuickSearchModule:UnityEditor.Search:ASIAI0B' with importer (ScriptedImporter : UnityEditor.QuickSearchModule:UnityEditor.Search:ASIAI0B)
Imported 'GUID: 0304baf8d224f3e47b22d872c8dcd412' -> (Import Result ID: '415d8792d4f103ceab8aac19d0142e3d') in 0.005 seconds [static and dynamic dependencies]. Details - ImportResultOutputID=a92db8954441aab75cb2a13da5bcb0bc DependenciesID=83b10f892500dfa7f70c3b9e4a0dd1e6 StaticDependenciesID=89be60f45c5909eb333f9487e9171853 
Number of updated asset objects reloaded before import = 0
Number of asset objects unloaded after import = 1
========================================================================
Received Import Request.
  Time of request: 2026-10-01T08:15:28.9907774Z
  Time since last request: 0.0006729 seconds.
  importAddress: GUID: 8fca5ed160cdc5440a4c7561db4082b2 - Path: Packages/com.unity.timeline/Editor/StyleSheets/Images/Icons/TimelineEditModeMixOFF.png - Importer: ScriptedImporter/UnityEditor.QuickSearchModule:UnityEditor.Search:ASIAI0B
Importing 'GUID: 8fca5ed160cdc5440a4c7561db4082b2 - Path: Packages/com.unity.timeline/Editor/StyleSheets/Images/Icons/TimelineEditModeMixOFF.png - Importer: ScriptedImporter/UnityEditor.QuickSearchModule:UnityEditor.Search:ASIAI0B' with importer (ScriptedImporter : UnityEditor.QuickSearchModule:UnityEditor.Search:ASIAI0B)
Imported 'GUID: 8fca5ed160cdc5440a4c7561db4082b2' -> (Import Result ID: '8f803c5de19234a4f6b636a4080b1c0d') in 0.005 seconds [static and dynamic dependencies]. Details - ImportResultOutputID=0567925380d8c6daacf90e969067e7d5 DependenciesID=54b30efbeabaaa0821f69925cb8a44fd StaticDependenciesID=12d26d30bb5aac7b30d2d82f43728484 
Number of updated asset objects reloaded before import = 0
Number of asset objects unloaded after import = 1
========================================================================
Received Import Request.
  Time of request: 2026-10-01T08:15:29.0046159Z
  Time since last request: 0.0002576 seconds.
  importAddress: GUID: 9c706019afb28944eb19b500ea0da38c - Path: Packages/com.unity.timeline/Editor/StyleSheets/Images/Icons/d_TrackMuteButtonDisabled@2x.png - Importer: ScriptedImporter/UnityEditor.QuickSearchModule:UnityEditor.Search:ASIAI0B
Importing 'GUID: 9c706019afb28944eb19b500ea0da38c - Path: Packages/com.unity.timeline/Editor/StyleSheets/Images/Icons/d_TrackMuteButtonDisabled@2x.png - Importer: ScriptedImporter/UnityEditor.QuickSearchModule:UnityEditor.Search:ASIAI0B' with importer (ScriptedImporter : UnityEditor.QuickSearchModule:UnityEditor.Search:ASIAI0B)
Imported 'GUID: 9c706019afb28944eb19b500ea0da38c' -> (Import Result ID: '90b3e1f4dca74b5f749a668d5bff7e4e') in 0.004 seconds [static and dynamic dependencies]. Details - ImportResultOutputID=b66291faeb19d6e7b90489c1826ee5dd DependenciesID=7f93656b3627bb208b3ea6fb3db4a2a3 StaticDependenciesID=fd703495de7e93839b0a62bffe24180f 
Number of updated asset objects reloaded before import = 0
Number of asset objects unloaded after import = 1
========================================================================
Received Import Request.
  Time of request: 2026-10-01T08:15:29.0204762Z
  Time since last request: 0.0004734 seconds.
  importAddress: GUID: 9c6daec86666cbb4b9e558b839a103db - Path: Packages/com.unity.timeline/Editor/StyleSheets/Images/Icons/d_TrackRecordButtonDisabled.png - Importer: ScriptedImporter/UnityEditor.QuickSearchModule:UnityEditor.Search:ASIAI0B
Importing 'GUID: 9c6daec86666cbb4b9e558b839a103db - Path: Packages/com.unity.timeline/Editor/StyleSheets/Images/Icons/d_TrackRecordButtonDisabled.png - Importer: ScriptedImporter/UnityEditor.QuickSearchModule:UnityEditor.Search:ASIAI0B' with importer (ScriptedImporter : UnityEditor.QuickSearchModule:UnityEditor.Search:ASIAI0B)
Imported 'GUID: 9c6daec86666cbb4b9e558b839a103db' -> (Import Result ID: 'bdbcddcb7765e1b98af042c6810abb1d') in 0.004 seconds [static and dynamic dependencies]. Details - ImportResultOutputID=3cafa44d828ce28f8c4b1c095c012bc7 DependenciesID=d332644e9b6bda03830d0c02d4723b3c StaticDependenciesID=49c1ca5db0437a71f685548ff9c73d1e 
Number of updated asset objects reloaded before import = 0
Number of asset objects unloaded after import = 1
========================================================================
Received Import Request.
  Time of request: 2026-10-01T08:15:29.0332726Z
  Time since last request: 0.0004815 seconds.
  importAddress: GUID: 24b97c67b63a23b48bea4036d28a5818 - Path: Packages/com.unity.timeline/Editor/StyleSheets/Images/LightSkin/TimelineMarkerItem.png - Importer: ScriptedImporter/UnityEditor.QuickSearchModule:UnityEditor.Search:ASIAI0B
Importing 'GUID: 24b97c67b63a23b48bea4036d28a5818 - Path: Packages/com.unity.timeline/Editor/StyleSheets/Images/LightSkin/TimelineMarkerItem.png - Importer: ScriptedImporter/UnityEditor.QuickSearchModule:UnityEditor.Search:ASIAI0B' with importer (ScriptedImporter : UnityEditor.QuickSearchModule:UnityEditor.Search:ASIAI0B)
Imported 'GUID: 24b97c67b63a23b48bea4036d28a5818' -> (Import Result ID: '4729634af42b07c52b07183432d67e12') in 0.004 seconds [static and dynamic dependencies]. Details - ImportResultOutputID=9cf962867fa60a4fd21b839ce0df90d3 DependenciesID=7c14f921886f0c1b6c092a18d75d41c7 StaticDependenciesID=40adf70f4d26073cea97b9a0e04ae66f 
Number of updated asset objects reloaded before import = 0
Number of asset objects unloaded after import = 1
========================================================================
Received Import Request.
  Time of request: 2026-10-01T08:15:29.0475008Z
  Time since last request: 0.0004747 seconds.
  importAddress: GUID: 945f4ecec6df62244b9ebcc363833642 - Path: Packages/com.unity.timeline/Editor/StyleSheets/Images/Icons/Timeline-Marker-Warning-Overlay.png - Importer: ScriptedImporter/UnityEditor.QuickSearchModule:UnityEditor.Search:ASIAI0B
Importing 'GUID: 945f4ecec6df62244b9ebcc363833642 - Path: Packages/com.unity.timeline/Editor/StyleSheets/Images/Icons/Timeline-Marker-Warning-Overlay.png - Importer: ScriptedImporter/UnityEditor.QuickSearchModule:UnityEditor.Search:ASIAI0B' with importer (ScriptedImporter : UnityEditor.QuickSearchModule:UnityEditor.Search:ASIAI0B)
Imported 'GUID: 945f4ecec6df62244b9ebcc363833642' -> (Import Result ID: 'f38a4e176a33c4071379368989b0eb38') in 0.004 seconds [static and dynamic dependencies]. Details - ImportResultOutputID=2d535913451bcfaf40d38e900a048723 DependenciesID=39726b59643a9237bf109e51b010fec8 StaticDependenciesID=77a2ead45ccbfbd69a1f032df910587b 
Number of updated asset objects reloaded before import = 0
Number of asset objects unloaded after import = 1
========================================================================
Received Import Request.
  Time of request: 2026-10-01T08:15:29.0755509Z
  Time since last request: 0.0162808 seconds.
  importAddress: GUID: 75f26f1c549568c4e9950a368bd08cb8 - Path: Packages/com.unity.timeline/Editor/StyleSheets/Images/Shared/Timeline-Marker-Multi-Overlay.png - Importer: ScriptedImporter/UnityEditor.QuickSearchModule:UnityEditor.Search:ASIAI0B
Importing 'GUID: 75f26f1c549568c4e9950a368bd08cb8 - Path: Packages/com.unity.timeline/Editor/StyleSheets/Images/Shared/Timeline-Marker-Multi-Overlay.png - Importer: ScriptedImporter/UnityEditor.QuickSearchModule:UnityEditor.Search:ASIAI0B' with importer (ScriptedImporter : UnityEditor.QuickSearchModule:UnityEditor.Search:ASIAI0B)
Imported 'GUID: 75f26f1c549568c4e9950a368bd08cb8' -> (Import Result ID: 'de7526110e5c9b7685f69790468d25b4') in 0.004 seconds [static and dynamic dependencies]. Details - ImportResultOutputID=175b71c7a0a88983d52fab8eb86df2a2 DependenciesID=9e03802f4515bbf15980ba12383aa16a StaticDependenciesID=27fc85c89b4acd42e40c5b657956b546 
Number of updated asset objects reloaded before import = 0
Number of asset objects unloaded after import = 1
========================================================================
Received Import Request.
  Time of request: 2026-10-01T08:15:29.090732Z
  Time since last request: 0.0004584 seconds.
  importAddress: GUID: 70e3f118652b9094885689730ad3a47b - Path: Packages/com.unity.timeline/Editor/StyleSheets/Images/LightSkin/TimelinePlayRange.png - Importer: ScriptedImporter/UnityEditor.QuickSearchModule:UnityEditor.Search:ASIAI0B
Importing 'GUID: 70e3f118652b9094885689730ad3a47b - Path: Packages/com.unity.timeline/Editor/StyleSheets/Images/LightSkin/TimelinePlayRange.png - Importer: ScriptedImporter/UnityEditor.QuickSearchModule:UnityEditor.Search:ASIAI0B' with importer (ScriptedImporter : UnityEditor.QuickSearchModule:UnityEditor.Search:ASIAI0B)
Imported 'GUID: 70e3f118652b9094885689730ad3a47b' -> (Import Result ID: 'aabebe515bb93d3d47054a2f6fc22d6e') in 0.005 seconds [static and dynamic dependencies]. Details - ImportResultOutputID=b243c865cc46d55d3ee7cb8e5f477bde DependenciesID=4d7e01ccfe1fb76505a81f57dcc4791a StaticDependenciesID=cda7b228f627f7d3a145cd1c76e327af 
Number of updated asset objects reloaded before import = 0
Number of asset objects unloaded after import = 1
========================================================================
Received Import Request.
  Time of request: 2026-10-01T08:15:29.1102954Z
  Time since last request: 0.0056448 seconds.
  importAddress: GUID: ece1e865d1ad84587872fe8580ab5a20 - Path: Packages/com.unity.ai.navigation/Editor/NavMeshLinkEditor.cs - Importer: ScriptedImporter/UnityEditor.QuickSearchModule:UnityEditor.Search:ASIAI0B
Importing 'GUID: ece1e865d1ad84587872fe8580ab5a20 - Path: Packages/com.unity.ai.navigation/Editor/NavMeshLinkEditor.cs - Importer: ScriptedImporter/UnityEditor.QuickSearchModule:UnityEditor.Search:ASIAI0B' with importer (ScriptedImporter : UnityEditor.QuickSearchModule:UnityEditor.Search:ASIAI0B)
Imported 'GUID: ece1e865d1ad84587872fe8580ab5a20' -> (Import Result ID: '575d4ac48229b1cbdbf4906977cf22c8') in 0.002 seconds [static and dynamic dependencies]. Details - ImportResultOutputID=4bc28e920c24a8bc64cbf91438fff0ea DependenciesID=a8962395f336535da012b31cf0f9dc02 StaticDependenciesID=823436e195ff5c72598c36a6157a91be 
Number of updated asset objects reloaded before import = 0
Number of asset objects unloaded after import = 0
========================================================================
Received Import Request.
  Time of request: 2026-10-01T08:15:29.1209454Z
  Time since last request: 0.0003585 seconds.
  importAddress: GUID: fac6f414adf2e4556865a180b1529cbb - Path: Packages/com.unity.ai.navigation/Editor/ConversionSystem/ConverterItemInfo.cs - Importer: ScriptedImporter/UnityEditor.QuickSearchModule:UnityEditor.Search:ASIAI0B
Importing 'GUID: fac6f414adf2e4556865a180b1529cbb - Path: Packages/com.unity.ai.navigation/Editor/ConversionSystem/ConverterItemInfo.cs - Importer: ScriptedImporter/UnityEditor.QuickSearchModule:UnityEditor.Search:ASIAI0B' with importer (ScriptedImporter : UnityEditor.QuickSearchModule:UnityEditor.Search:ASIAI0B)
Imported 'GUID: fac6f414adf2e4556865a180b1529cbb' -> (Import Result ID: '3faed56da6006e762211bfb2d13f1cce') in 0.002 seconds [static and dynamic dependencies]. Details - ImportResultOutputID=9bbc0fafeebae8810e3ce989879f3c6c DependenciesID=8f67f83df7fcba2bf8a3172cedf1204d StaticDependenciesID=352619dbcb590cca3a09c10a55e4cb70 
Number of updated asset objects reloaded before import = 0
Number of asset objects unloaded after import = 0
========================================================================
Received Import Request.
  Time of request: 2026-10-01T08:15:29.1336163Z
  Time since last request: 0.0003443 seconds.
  importAddress: GUID: 3eb99c80b411349188e1e5167887ac6c - Path: Packages/com.unity.ai.navigation/Editor/ConversionSystem/converter_editor.uss - Importer: ScriptedImporter/UnityEditor.QuickSearchModule:UnityEditor.Search:ASIAI0B
Importing 'GUID: 3eb99c80b411349188e1e5167887ac6c - Path: Packages/com.unity.ai.navigation/Editor/ConversionSystem/converter_editor.uss - Importer: ScriptedImporter/UnityEditor.QuickSearchModule:UnityEditor.Search:ASIAI0B' with importer (ScriptedImporter : UnityEditor.QuickSearchModule:UnityEditor.Search:ASIAI0B)
Imported 'GUID: 3eb99c80b411349188e1e5167887ac6c' -> (Import Result ID: 'c0908537663e66d2bea6485cfcd7db94') in 0.002 seconds [static and dynamic dependencies]. Details - ImportResultOutputID=de180798a6c2527d3bc4d36e180b0ebe DependenciesID=53eca5c62e8b988ad93f41af855ee6eb StaticDependenciesID=651d6ae36031e1237fea0cd6021cfc9a 
Number of updated asset objects reloaded before import = 0
Number of asset objects unloaded after import = 1
========================================================================
Received Import Request.
  Time of request: 2026-10-01T08:15:29.1455006Z
  Time since last request: 0.0002166 seconds.
  importAddress: GUID: a5cf3eb6bee954ca5953487784e68715 - Path: Packages/com.unity.ai.navigation/Editor/ConversionSystem/InitializeConverterContext.cs - Importer: ScriptedImporter/UnityEditor.QuickSearchModule:UnityEditor.Search:ASIAI0B
Importing 'GUID: a5cf3eb6bee954ca5953487784e68715 - Path: Packages/com.unity.ai.navigation/Editor/ConversionSystem/InitializeConverterContext.cs - Importer: ScriptedImporter/UnityEditor.QuickSearchModule:UnityEditor.Search:ASIAI0B' with importer (ScriptedImporter : UnityEditor.QuickSearchModule:UnityEditor.Search:ASIAI0B)
Imported 'GUID: a5cf3eb6bee954ca5953487784e68715' -> (Import Result ID: 'c50ee5d7acc7fbca01abbe79837dbd90') in 0.001 seconds [static and dynamic dependencies]. Details - ImportResultOutputID=a46df908651cce640da6dff8f9f10c76 DependenciesID=d6ac081a5102966a32d007a1d8fa98bd StaticDependenciesID=08e942f9a05abb39697fd2a31b260020 
Number of updated asset objects reloaded before import = 0
Number of asset objects unloaded after import = 0
========================================================================
Received Import Request.
  Time of request: 2026-10-01T08:15:29.1539841Z
  Time since last request: 0.0002994 seconds.
  importAddress: GUID: c57630adab7a340ec94f10e4fcac12f1 - Path: Packages/com.unity.ai.navigation/Editor/ConversionSystem/Unity.AI.Navigation.Editor.ConversionSystem.asmdef - Importer: ScriptedImporter/UnityEditor.QuickSearchModule:UnityEditor.Search:ASIAI0B
Importing 'GUID: c57630adab7a340ec94f10e4fcac12f1 - Path: Packages/com.unity.ai.navigation/Editor/ConversionSystem/Unity.AI.Navigation.Editor.ConversionSystem.asmdef - Importer: ScriptedImporter/UnityEditor.QuickSearchModule:UnityEditor.Search:ASIAI0B' with importer (ScriptedImporter : UnityEditor.QuickSearchModule:UnityEditor.Search:ASIAI0B)
Imported 'GUID: c57630adab7a340ec94f10e4fcac12f1' -> (Import Result ID: '274a5bf28ace306d73a25f5c65ad4f07') in 0.002 seconds [static and dynamic dependencies]. Details - ImportResultOutputID=129be00eb613accac8a0332abec8bb5a DependenciesID=13162a7b0eadd2ca0e1c002452bf8e6b StaticDependenciesID=77de3b7ee7fb472a5424cd7f1eaf27c9 
Number of updated asset objects reloaded before import = 0
Number of asset objects unloaded after import = 1
========================================================================
Received Import Request.
  Time of request: 2026-10-01T08:15:29.1651776Z
  Time since last request: 0.0002411 seconds.
  importAddress: GUID: b0172c3ab97e219478711e1fbe9630f2 - Path: Packages/com.unity.ai.navigation/EditorResources/NavigationWindowIcon.png - Importer: ScriptedImporter/UnityEditor.QuickSearchModule:UnityEditor.Search:ASIAI0B
Importing 'GUID: b0172c3ab97e219478711e1fbe9630f2 - Path: Packages/com.unity.ai.navigation/EditorResources/NavigationWindowIcon.png - Importer: ScriptedImporter/UnityEditor.QuickSearchModule:UnityEditor.Search:ASIAI0B' with importer (ScriptedImporter : UnityEditor.QuickSearchModule:UnityEditor.Search:ASIAI0B)
Imported 'GUID: b0172c3ab97e219478711e1fbe9630f2' -> (Import Result ID: 'ef6c34a4f8cd6dee8713131dd9ed871c') in 0.004 seconds [static and dynamic dependencies]. Details - ImportResultOutputID=5039c2c847dc652a9e0024f7e59fd150 DependenciesID=d90d50a3205411aed5a8814eb44b896a StaticDependenciesID=3677501aef7138efbc211c9446bfcc65 
Number of updated asset objects reloaded before import = 0
Number of asset objects unloaded after import = 1
========================================================================
Received Import Request.
  Time of request: 2026-10-01T08:15:29.1858453Z
  Time since last request: 0.009221 seconds.
  importAddress: GUID: c136efa5cc6d99a4d9e7bad0209aea25 - Path: Packages/com.unity.ai.navigation/EditorResources/Overlay/NavigationOverlay On.png - Importer: ScriptedImporter/UnityEditor.QuickSearchModule:UnityEditor.Search:ASIAI0B
Importing 'GUID: c136efa5cc6d99a4d9e7bad0209aea25 - Path: Packages/com.unity.ai.navigation/EditorResources/Overlay/NavigationOverlay On.png - Importer: ScriptedImporter/UnityEditor.QuickSearchModule:UnityEditor.Search:ASIAI0B' with importer (ScriptedImporter : UnityEditor.QuickSearchModule:UnityEditor.Search:ASIAI0B)
Imported 'GUID: c136efa5cc6d99a4d9e7bad0209aea25' -> (Import Result ID: '21aa0daf13317092d088b0f7bcf9ae1a') in 0.004 seconds [static and dynamic dependencies]. Details - ImportResultOutputID=6d47aa485655b24a1664240a1647684c DependenciesID=81a3dcbbd7838def1cd9666e8d8cb9b8 StaticDependenciesID=15b4a643a6a8a7a1f3b715f72f8ed66c 
Number of updated asset objects reloaded before import = 0
Number of asset objects unloaded after import = 1
========================================================================
Received Import Request.
  Time of request: 2026-10-01T08:15:29.1984264Z
  Time since last request: 0.0003608 seconds.
  importAddress: GUID: e2b338e146db4a408444f723bd4a2c77 - Path: Packages/com.unity.ai.navigation/Editor/Updater/OffMeshLinkUpdaterUtility.cs - Importer: ScriptedImporter/UnityEditor.QuickSearchModule:UnityEditor.Search:ASIAI0B
Importing 'GUID: e2b338e146db4a408444f723bd4a2c77 - Path: Packages/com.unity.ai.navigation/Editor/Updater/OffMeshLinkUpdaterUtility.cs - Importer: ScriptedImporter/UnityEditor.QuickSearchModule:UnityEditor.Search:ASIAI0B' with importer (ScriptedImporter : UnityEditor.QuickSearchModule:UnityEditor.Search:ASIAI0B)
Imported 'GUID: e2b338e146db4a408444f723bd4a2c77' -> (Import Result ID: '159159e6b4011f3b9b693e5bdd3cfcba') in 0.002 seconds [static and dynamic dependencies]. Details - ImportResultOutputID=16ebb9d1a2294c20b23acbeddd512e5a DependenciesID=b593293b10eab7fbe50472a69d5d03a4 StaticDependenciesID=56de1bfa274737bb6ee36c758e6541f4 
Number of updated asset objects reloaded before import = 0
Number of asset objects unloaded after import = 0
========================================================================
Received Import Request.
  Time of request: 2026-10-01T08:15:29.2091419Z
  Time since last request: 0.0003144 seconds.
  importAddress: GUID: fc46fceb4d1516544b7f503337211f65 - Path: Packages/com.unity.ai.navigation/EditorResources/Overlay/NavigationOverlay@64.png - Importer: ScriptedImporter/UnityEditor.QuickSearchModule:UnityEditor.Search:ASIAI0B
Importing 'GUID: fc46fceb4d1516544b7f503337211f65 - Path: Packages/com.unity.ai.navigation/EditorResources/Overlay/NavigationOverlay@64.png - Importer: ScriptedImporter/UnityEditor.QuickSearchModule:UnityEditor.Search:ASIAI0B' with importer (ScriptedImporter : UnityEditor.QuickSearchModule:UnityEditor.Search:ASIAI0B)
Imported 'GUID: fc46fceb4d1516544b7f503337211f65' -> (Import Result ID: 'd7f9dda63526d533e282da8fb5a70b41') in 0.006 seconds [static and dynamic dependencies]. Details - ImportResultOutputID=ac145b27864246d3383fd4f613deb7c8 DependenciesID=dc3bf787b5d1eb130cacc59197c5564f StaticDependenciesID=aa7c6ca5b2e4be2da5c9f07ada79c18f 
Number of updated asset objects reloaded before import = 0
Number of asset objects unloaded after import = 1
========================================================================
Received Import Request.
  Time of request: 2026-10-01T08:15:29.2244897Z
  Time since last request: 0.0003779 seconds.
  importAddress: GUID: f9a2f623ba32a844da6de770f5ccf17f - Path: Packages/com.unity.ai.navigation/EditorResources/Overlay/NavigationOverlay@32.png - Importer: ScriptedImporter/UnityEditor.QuickSearchModule:UnityEditor.Search:ASIAI0B
Importing 'GUID: f9a2f623ba32a844da6de770f5ccf17f - Path: Packages/com.unity.ai.navigation/EditorResources/Overlay/NavigationOverlay@32.png - Importer: ScriptedImporter/UnityEditor.QuickSearchModule:UnityEditor.Search:ASIAI0B' with importer (ScriptedImporter : UnityEditor.QuickSearchModule:UnityEditor.Search:ASIAI0B)
Imported 'GUID: f9a2f623ba32a844da6de770f5ccf17f' -> (Import Result ID: '176aea16f9e587251f625a195c2e5b51') in 0.006 seconds [static and dynamic dependencies]. Details - ImportResultOutputID=014a53061ed2832dca1229c36d7599e5 DependenciesID=0e45b0175f8f419235814732f378501f StaticDependenciesID=c8b35268360a10342514233489ee57a0 
Number of updated asset objects reloaded before import = 0
Number of asset objects unloaded after import = 1
========================================================================
Received Import Request.
  Time of request: 2026-10-01T08:15:29.2543602Z
  Time since last request: 0.0158037 seconds.
  importAddress: GUID: f0f13f2ab3d6d13cfc6e4656824bfca8 - Path: Packages/com.unity.modules.ai/package.json - Importer: ScriptedImporter/UnityEditor.QuickSearchModule:UnityEditor.Search:ASIAI0B
Importing 'GUID: f0f13f2ab3d6d13cfc6e4656824bfca8 - Path: Packages/com.unity.modules.ai/package.json - Importer: ScriptedImporter/UnityEditor.QuickSearchModule:UnityEditor.Search:ASIAI0B' with importer (ScriptedImporter : UnityEditor.QuickSearchModule:UnityEditor.Search:ASIAI0B)
Imported 'GUID: f0f13f2ab3d6d13cfc6e4656824bfca8' -> (Import Result ID: 'ef9f5b18342639b1c2429f17a5bb616c') in 0.002 seconds [static and dynamic dependencies]. Details - ImportResultOutputID=9dbbad2248371d5a3956b711ee7519fb DependenciesID=4c187fd40bcdcb98061ef86aa88d8671 StaticDependenciesID=97ba4f996f289a74cc29a037bcaca3fd 
Number of updated asset objects reloaded before import = 0
Number of asset objects unloaded after import = 1
========================================================================
Received Import Request.
  Time of request: 2026-10-01T08:15:29.2718209Z
  Time since last request: 0.0085972 seconds.
  importAddress: GUID: 625f186215c104763be7675aa2d941aa - Path: Packages/com.unity.shadergraph/Editor/Importers/ShaderGraphImporter.cs - Importer: ScriptedImporter/UnityEditor.QuickSearchModule:UnityEditor.Search:ASIAI0B
Importing 'GUID: 625f186215c104763be7675aa2d941aa - Path: Packages/com.unity.shadergraph/Editor/Importers/ShaderGraphImporter.cs - Importer: ScriptedImporter/UnityEditor.QuickSearchModule:UnityEditor.Search:ASIAI0B' with importer (ScriptedImporter : UnityEditor.QuickSearchModule:UnityEditor.Search:ASIAI0B)
Imported 'GUID: 625f186215c104763be7675aa2d941aa' -> (Import Result ID: '2cc2a5e651ebdd214750a5db85403988') in 0.002 seconds [static and dynamic dependencies]. Details - ImportResultOutputID=9d010343788dedaf9588c826107170f2 DependenciesID=9fe0a4026b192f491053afd31b1c79f8 StaticDependenciesID=67601b1e47bca97566315d3792413aea 
Number of updated asset objects reloaded before import = 0
Number of asset objects unloaded after import = 0
========================================================================
Received Import Request.
  Time of request: 2026-10-01T08:15:29.2814736Z
  Time since last request: 0.0002597 seconds.
  importAddress: GUID: ddc040fb5e886c94e85be95d73cfdef8 - Path: Packages/com.unity.shadergraph/Editor/Generation/SubTarget.cs - Importer: ScriptedImporter/UnityEditor.QuickSearchModule:UnityEditor.Search:ASIAI0B
Importing 'GUID: ddc040fb5e886c94e85be95d73cfdef8 - Path: Packages/com.unity.shadergraph/Editor/Generation/SubTarget.cs - Importer: ScriptedImporter/UnityEditor.QuickSearchModule:UnityEditor.Search:ASIAI0B' with importer (ScriptedImporter : UnityEditor.QuickSearchModule:UnityEditor.Search:ASIAI0B)
Imported 'GUID: ddc040fb5e886c94e85be95d73cfdef8' -> (Import Result ID: '8fbbed3f391aafb8dd38ae299cc96cb1') in 0.001 seconds [static and dynamic dependencies]. Details - ImportResultOutputID=79eb5338926b0cc5c2d2d7ecf14776f5 DependenciesID=0169ddef39149b055e43c43b431a55f3 StaticDependenciesID=ff3dec11bd58a319fe3fc10fc6411458 
Number of updated asset objects reloaded before import = 0
Number of asset objects unloaded after import = 0
========================================================================
Received Import Request.
  Time of request: 2026-10-01T08:15:29.2913586Z
  Time since last request: 0.0003444 seconds.
  importAddress: GUID: fe0b2ff8964a3254ba241f3a78a125c3 - Path: Packages/com.unity.shadergraph/Editor/Drawing/MaterialGraphPreviewGenerator.cs - Importer: ScriptedImporter/UnityEditor.QuickSearchModule:UnityEditor.Search:ASIAI0B
Importing 'GUID: fe0b2ff8964a3254ba241f3a78a125c3 - Path: Packages/com.unity.shadergraph/Editor/Drawing/MaterialGraphPreviewGenerator.cs - Importer: ScriptedImporter/UnityEditor.QuickSearchModule:UnityEditor.Search:ASIAI0B' with importer (ScriptedImporter : UnityEditor.QuickSearchModule:UnityEditor.Search:ASIAI0B)
Imported 'GUID: fe0b2ff8964a3254ba241f3a78a125c3' -> (Import Result ID: '40e433232d2153631f4abfe8fe040c0d') in 0.002 seconds [static and dynamic dependencies]. Details - ImportResultOutputID=30283e987edd11c5573b6f042c398729 DependenciesID=98ccd3038348997e6f667e602d1c4ffb StaticDependenciesID=21d61c3241adf19affb04d49b596eb05 
Number of updated asset objects reloaded before import = 0
Number of asset objects unloaded after import = 0
========================================================================
Received Import Request.
  Time of request: 2026-10-01T08:15:29.303442Z
  Time since last request: 0.0005033 seconds.
  importAddress: GUID: 76c5c0b7561134f0ca526e50f239a4a2 - Path: Packages/com.unity.shadergraph/ShaderGraphLibrary/Functions.hlsl - Importer: ScriptedImporter/UnityEditor.QuickSearchModule:UnityEditor.Search:ASIAI0B
Importing 'GUID: 76c5c0b7561134f0ca526e50f239a4a2 - Path: Packages/com.unity.shadergraph/ShaderGraphLibrary/Functions.hlsl - Importer: ScriptedImporter/UnityEditor.QuickSearchModule:UnityEditor.Search:ASIAI0B' with importer (ScriptedImporter : UnityEditor.QuickSearchModule:UnityEditor.Search:ASIAI0B)
Imported 'GUID: 76c5c0b7561134f0ca526e50f239a4a2' -> (Import Result ID: 'af22b225b875b8d709c1d33e46153c5f') in 0.002 seconds [static and dynamic dependencies]. Details - ImportResultOutputID=8d3e06af30bed7dfb363c0b62521fa92 DependenciesID=129d9aadf44b848e4086434b1f3dd5b7 StaticDependenciesID=f36d2d8ac436a838028d36560f0a86f1 
Number of updated asset objects reloaded before import = 0
Number of asset objects unloaded after import = 1
========================================================================
Received Import Request.
  Time of request: 2026-10-01T08:15:29.3142728Z
  Time since last request: 0.0003348 seconds.
  importAddress: GUID: 7084c0669cdb2af4ab8c669b3139e0df - Path: Packages/com.unity.shadergraph/ShaderGraphLibrary/ShaderVariablesFunctions.hlsl - Importer: ScriptedImporter/UnityEditor.QuickSearchModule:UnityEditor.Search:ASIAI0B
Importing 'GUID: 7084c0669cdb2af4ab8c669b3139e0df - Path: Packages/com.unity.shadergraph/ShaderGraphLibrary/ShaderVariablesFunctions.hlsl - Importer: ScriptedImporter/UnityEditor.QuickSearchModule:UnityEditor.Search:ASIAI0B' with importer (ScriptedImporter : UnityEditor.QuickSearchModule:UnityEditor.Search:ASIAI0B)
Imported 'GUID: 7084c0669cdb2af4ab8c669b3139e0df' -> (Import Result ID: '0dfaa104edc307a5ccbedd68ca809a16') in 0.002 seconds [static and dynamic dependencies]. Details - ImportResultOutputID=d3c84e3dc4e9021307640021ccea6dfa DependenciesID=15ae97088c6f6454a0dec3519de62dd3 StaticDependenciesID=ecf6524ad2cf5e6b4465f06546442133 
Number of updated asset objects reloaded before import = 0
Number of asset objects unloaded after import = 1
========================================================================
Received Import Request.
  Time of request: 2026-10-01T08:15:29.3238756Z
  Time since last request: 0.0003121 seconds.
  importAddress: GUID: 3627da0ec84594020b79e02cec8d0b41 - Path: Packages/com.unity.shadergraph/LICENSE.md - Importer: ScriptedImporter/UnityEditor.QuickSearchModule:UnityEditor.Search:ASIAI0B
Importing 'GUID: 3627da0ec84594020b79e02cec8d0b41 - Path: Packages/com.unity.shadergraph/LICENSE.md - Importer: ScriptedImporter/UnityEditor.QuickSearchModule:UnityEditor.Search:ASIAI0B' with importer (ScriptedImporter : UnityEditor.QuickSearchModule:UnityEditor.Search:ASIAI0B)
Imported 'GUID: 3627da0ec84594020b79e02cec8d0b41' -> (Import Result ID: '45cac38cd09a2a25cf598df47ce4044f') in 0.001 seconds [static and dynamic dependencies]. Details - ImportResultOutputID=b1f59090cc57fc4c8bd36e556d13aebc DependenciesID=ae54d84b8dc74bc38ecd92f7c5139111 StaticDependenciesID=88559d4a72dba578639d6a587727c367 
Number of updated asset objects reloaded before import = 0
Number of asset objects unloaded after import = 1
========================================================================
Received Import Request.
  Time of request: 2026-10-01T08:15:29.3342464Z
  Time since last request: 0.0002536 seconds.
  importAddress: GUID: 14e8f865381f1714ab38debdb40a5989 - Path: Packages/com.unity.shadergraph/Editor/AssetCallbacks/CreateShaderGraph.cs - Importer: ScriptedImporter/UnityEditor.QuickSearchModule:UnityEditor.Search:ASIAI0B
Importing 'GUID: 14e8f865381f1714ab38debdb40a5989 - Path: Packages/com.unity.shadergraph/Editor/AssetCallbacks/CreateShaderGraph.cs - Importer: ScriptedImporter/UnityEditor.QuickSearchModule:UnityEditor.Search:ASIAI0B' with importer (ScriptedImporter : UnityEditor.QuickSearchModule:UnityEditor.Search:ASIAI0B)
Imported 'GUID: 14e8f865381f1714ab38debdb40a5989' -> (Import Result ID: '537f41696c2f9d9a534ce033c708ae58') in 0.002 seconds [static and dynamic dependencies]. Details - ImportResultOutputID=c3fe2c11064b1128cc917686a56ddc56 DependenciesID=c37757ecc7f750a2a8f5090f81256045 StaticDependenciesID=17f43dab56c25036362435ef2244c81d 
Number of updated asset objects reloaded before import = 0
Number of asset objects unloaded after import = 0
========================================================================
Received Import Request.
  Time of request: 2026-10-01T08:15:29.3775359Z
  Time since last request: 0.0318014 seconds.
  importAddress: GUID: 5616b96dbeb625c498fdfe9517c1552b - Path: Packages/com.unity.shadergraph/GraphTemplates/Cross Pipeline/DecalMatProjTemplateThumbnail.png - Importer: ScriptedImporter/UnityEditor.QuickSearchModule:UnityEditor.Search:ASIAI0B
Importing 'GUID: 5616b96dbeb625c498fdfe9517c1552b - Path: Packages/com.unity.shadergraph/GraphTemplates/Cross Pipeline/DecalMatProjTemplateThumbnail.png - Importer: ScriptedImporter/UnityEditor.QuickSearchModule:UnityEditor.Search:ASIAI0B' with importer (ScriptedImporter : UnityEditor.QuickSearchModule:UnityEditor.Search:ASIAI0B)
Imported 'GUID: 5616b96dbeb625c498fdfe9517c1552b' -> (Import Result ID: 'bb1e731241c70d555d0f0335028a5e30') in 0.005 seconds [static and dynamic dependencies]. Details - ImportResultOutputID=fe9ac6b7cce209aacdc30cbe6bddc359 DependenciesID=a0a999d1c9e0ef35626086f10e5543e5 StaticDependenciesID=6c48d1807dbe11e69420e27b2744cd54 
Number of updated asset objects reloaded before import = 0
Number of asset objects unloaded after import = 1
========================================================================
Received Import Request.
  Time of request: 2026-10-01T08:15:29.3908399Z
  Time since last request: 0.0002564 seconds.
  importAddress: GUID: dbc783860c76444c874638295f87d551 - Path: Packages/com.unity.shadergraph/Editor/Serialization/FakeJsonObject.cs - Importer: ScriptedImporter/UnityEditor.QuickSearchModule:UnityEditor.Search:ASIAI0B
Importing 'GUID: dbc783860c76444c874638295f87d551 - Path: Packages/com.unity.shadergraph/Editor/Serialization/FakeJsonObject.cs - Importer: ScriptedImporter/UnityEditor.QuickSearchModule:UnityEditor.Search:ASIAI0B' with importer (ScriptedImporter : UnityEditor.QuickSearchModule:UnityEditor.Search:ASIAI0B)
Imported 'GUID: dbc783860c76444c874638295f87d551' -> (Import Result ID: 'cade8908383d8daf99e7f266821220a1') in 0.002 seconds [static and dynamic dependencies]. Details - ImportResultOutputID=3956f7a52a31ef91bbf11c530b0a5dbf DependenciesID=c42c61a7681e87c5566351d2e3a91809 StaticDependenciesID=113cae1534f59b227aecd6940874679f 
Number of updated asset objects reloaded before import = 0
Number of asset objects unloaded after import = 0
========================================================================
Received Import Request.
  Time of request: 2026-10-01T08:15:29.4021829Z
  Time since last request: 0.0004294 seconds.
  importAddress: GUID: 1716ff8c1e51af14280cc97fbcba3b11 - Path: Packages/com.unity.shadergraph/GraphTemplates/Cross Pipeline/1_Decal Material Volume.shadergraph - Importer: ScriptedImporter/UnityEditor.QuickSearchModule:UnityEditor.Search:ASIAI0B
Importing 'GUID: 1716ff8c1e51af14280cc97fbcba3b11 - Path: Packages/com.unity.shadergraph/GraphTemplates/Cross Pipeline/1_Decal Material Volume.shadergraph - Importer: ScriptedImporter/UnityEditor.QuickSearchModule:UnityEditor.Search:ASIAI0B' with importer (ScriptedImporter : UnityEditor.QuickSearchModule:UnityEditor.Search:ASIAI0B)
Imported 'GUID: 1716ff8c1e51af14280cc97fbcba3b11' -> (Import Result ID: '692951d145c11e060e2c732731107a85') in 0.033 seconds [static and dynamic dependencies]. Details - ImportResultOutputID=5f081b273400aacfac52631b22013447 DependenciesID=dcdc4e75bac95ddad8242de820029cd7 StaticDependenciesID=fe8abb1ae5323e6cd64552f82ea83156 
Number of updated asset objects reloaded before import = 0
Number of asset objects unloaded after import = 5
========================================================================
Received Import Request.
  Time of request: 2026-10-01T08:15:29.4435034Z
  Time since last request: 0.0000521 seconds.
  importAddress: GUID: def488a52add6574d9f295a507032cb8 - Path: Packages/com.unity.shadergraph/GraphTemplates/Cross Pipeline/Terrain Simple.shadergraph - Importer: ScriptedImporter/UnityEditor.QuickSearchModule:UnityEditor.Search:ASIAI0B
Importing 'GUID: def488a52add6574d9f295a507032cb8 - Path: Packages/com.unity.shadergraph/GraphTemplates/Cross Pipeline/Terrain Simple.shadergraph - Importer: ScriptedImporter/UnityEditor.QuickSearchModule:UnityEditor.Search:ASIAI0B' with importer (ScriptedImporter : UnityEditor.QuickSearchModule:UnityEditor.Search:ASIAI0B)
Imported 'GUID: def488a52add6574d9f295a507032cb8' -> (Import Result ID: '1aa064e37a4a940c6fc42724696d9e49') in 0.012 seconds [static and dynamic dependencies]. Details - ImportResultOutputID=952d2e35c8acbbd5d9e5628a45b25ec8 DependenciesID=a9c5a400202d5dc3a8628116c9cd558d StaticDependenciesID=d13e61aa4845839da7d5b8c41b934e24 
Number of updated asset objects reloaded before import = 0
Number of asset objects unloaded after import = 9
========================================================================
Received Import Request.
  Time of request: 2026-10-01T08:15:29.4660739Z
  Time since last request: 0.0002035 seconds.
  importAddress: GUID: 6e413e07ed366984daa954acc11e85e9 - Path: Packages/com.unity.shadergraph/GraphTemplates/Cross Pipeline/TerrainStandardTemplateThumbnail.png - Importer: ScriptedImporter/UnityEditor.QuickSearchModule:UnityEditor.Search:ASIAI0B
Importing 'GUID: 6e413e07ed366984daa954acc11e85e9 - Path: Packages/com.unity.shadergraph/GraphTemplates/Cross Pipeline/TerrainStandardTemplateThumbnail.png - Importer: ScriptedImporter/UnityEditor.QuickSearchModule:UnityEditor.Search:ASIAI0B' with importer (ScriptedImporter : UnityEditor.QuickSearchModule:UnityEditor.Search:ASIAI0B)
Imported 'GUID: 6e413e07ed366984daa954acc11e85e9' -> (Import Result ID: 'e55efb21c8c926fe0e20768555682f8e') in 0.006 seconds [static and dynamic dependencies]. Details - ImportResultOutputID=23eaa269d522448f627fa89b95d0993f DependenciesID=dc13a5a19212498cbae8e2634ff03805 StaticDependenciesID=ffec2d0483ba4cfc42f9c03623ff1e5d 
Number of updated asset objects reloaded before import = 0
Number of asset objects unloaded after import = 1
========================================================================
Received Import Request.
  Time of request: 2026-10-01T08:15:29.4827084Z
  Time since last request: 0.0003225 seconds.
  importAddress: GUID: 5c787299c2fabe242bc0bd089105b90e - Path: Packages/com.unity.shadergraph/Editor/InternalBridge/IconBadge.cs - Importer: ScriptedImporter/UnityEditor.QuickSearchModule:UnityEditor.Search:ASIAI0B
Importing 'GUID: 5c787299c2fabe242bc0bd089105b90e - Path: Packages/com.unity.shadergraph/Editor/InternalBridge/IconBadge.cs - Importer: ScriptedImporter/UnityEditor.QuickSearchModule:UnityEditor.Search:ASIAI0B' with importer (ScriptedImporter : UnityEditor.QuickSearchModule:UnityEditor.Search:ASIAI0B)
Imported 'GUID: 5c787299c2fabe242bc0bd089105b90e' -> (Import Result ID: '3183cd2fb8a299d0dcd2a21226dd3fe0') in 0.002 seconds [static and dynamic dependencies]. Details - ImportResultOutputID=d01357db247713ec3cfd1123524ebc39 DependenciesID=3187ea1ce4e03c3f0466611a1f1c4bcf StaticDependenciesID=028b5dc09822c4d8c62a10ebafae1961 
Number of updated asset objects reloaded before import = 0
Number of asset objects unloaded after import = 0
========================================================================
Received Import Request.
  Time of request: 2026-10-01T08:15:29.4930378Z
  Time since last request: 0.0002626 seconds.
  importAddress: GUID: 0970d6d44fd28864389bbdd8dbddbf03 - Path: Packages/com.unity.shadergraph/Editor/Util/FileUtilities.cs - Importer: ScriptedImporter/UnityEditor.QuickSearchModule:UnityEditor.Search:ASIAI0B
Importing 'GUID: 0970d6d44fd28864389bbdd8dbddbf03 - Path: Packages/com.unity.shadergraph/Editor/Util/FileUtilities.cs - Importer: ScriptedImporter/UnityEditor.QuickSearchModule:UnityEditor.Search:ASIAI0B' with importer (ScriptedImporter : UnityEditor.QuickSearchModule:UnityEditor.Search:ASIAI0B)
Imported 'GUID: 0970d6d44fd28864389bbdd8dbddbf03' -> (Import Result ID: '5d69672e7f4d086e8221adb0bf560120') in 0.002 seconds [static and dynamic dependencies]. Details - ImportResultOutputID=f4b086f2970925be59be5be0a35cd6b7 DependenciesID=212b8f3b81e8e7f6c416c1c0d90bde9a StaticDependenciesID=ed65ec92a8b256ad3760cd238ad3df29 
Number of updated asset objects reloaded before import = 0
Number of asset objects unloaded after import = 0
========================================================================
Received Import Request.
  Time of request: 2026-10-01T08:15:29.64961Z
  Time since last request: 0.1463162 seconds.
  importAddress: GUID: 6e5f9c53c3be7aa4c9119a496d540913 - Path: Packages/com.unity.shadergraph/GraphTemplates/Subgraphs/ParticleFlipbookBlending.shadersubgraph - Importer: ScriptedImporter/UnityEditor.QuickSearchModule:UnityEditor.Search:ASIAI0B
Importing 'GUID: 6e5f9c53c3be7aa4c9119a496d540913 - Path: Packages/com.unity.shadergraph/GraphTemplates/Subgraphs/ParticleFlipbookBlending.shadersubgraph - Importer: ScriptedImporter/UnityEditor.QuickSearchModule:UnityEditor.Search:ASIAI0B' with importer (ScriptedImporter : UnityEditor.QuickSearchModule:UnityEditor.Search:ASIAI0B)
Imported 'GUID: 6e5f9c53c3be7aa4c9119a496d540913' -> (Import Result ID: 'a3338f7899c2f50c5168f9afebd02377') in 0.008 seconds [static and dynamic dependencies]. Details - ImportResultOutputID=ecf24fde693cbfd290c6d9613371f003 DependenciesID=6c6d001f4e693bf5f731b64bc7df8e31 StaticDependenciesID=93433c577f30d713f406de742268a582 
Number of updated asset objects reloaded before import = 0
Number of asset objects unloaded after import = 1
========================================================================
Received Import Request.
  Time of request: 2026-10-01T08:15:29.6690697Z
  Time since last request: 0.0002257 seconds.
  importAddress: GUID: 70e6da54cdf71264da5954a5fe327e3a - Path: Packages/com.unity.shadergraph/GraphTemplates/Cross Pipeline/UnlitParticleTemplateThumbnail.png - Importer: ScriptedImporter/UnityEditor.QuickSearchModule:UnityEditor.Search:ASIAI0B
Importing 'GUID: 70e6da54cdf71264da5954a5fe327e3a - Path: Packages/com.unity.shadergraph/GraphTemplates/Cross Pipeline/UnlitParticleTemplateThumbnail.png - Importer: ScriptedImporter/UnityEditor.QuickSearchModule:UnityEditor.Search:ASIAI0B' with importer (ScriptedImporter : UnityEditor.QuickSearchModule:UnityEditor.Search:ASIAI0B)
Imported 'GUID: 70e6da54cdf71264da5954a5fe327e3a' -> (Import Result ID: '2f364eef485e7f9069789a125ca650e9') in 0.006 seconds [static and dynamic dependencies]. Details - ImportResultOutputID=41be5457d005c7d995081bae5229cd41 DependenciesID=a7e944d6a096780495afddb570bce210 StaticDependenciesID=657a0f774a50934caf98aee7496ad865 
Number of updated asset objects reloaded before import = 0
Number of asset objects unloaded after import = 1
========================================================================
Received Import Request.
  Time of request: 2026-10-01T08:15:29.6856224Z
  Time since last request: 0.0004534 seconds.
  importAddress: GUID: ebc2de0dabf4215478451d72641762ff - Path: Packages/com.unity.shadergraph/GraphTemplates/Subgraphs/CanvasLinearSpaceConversion.hlsl - Importer: ScriptedImporter/UnityEditor.QuickSearchModule:UnityEditor.Search:ASIAI0B
Importing 'GUID: ebc2de0dabf4215478451d72641762ff - Path: Packages/com.unity.shadergraph/GraphTemplates/Subgraphs/CanvasLinearSpaceConversion.hlsl - Importer: ScriptedImporter/UnityEditor.QuickSearchModule:UnityEditor.Search:ASIAI0B' with importer (ScriptedImporter : UnityEditor.QuickSearchModule:UnityEditor.Search:ASIAI0B)
Imported 'GUID: ebc2de0dabf4215478451d72641762ff' -> (Import Result ID: '04c0325468c52255788b1a0bcd87a8ba') in 0.002 seconds [static and dynamic dependencies]. Details - ImportResultOutputID=34c7f0126d0d2cb383a3d71a1a020121 DependenciesID=107191af280300c1d71b3173e7f4c38f StaticDependenciesID=d449bbaa99eb55451f919b141db6ff54 
Number of updated asset objects reloaded before import = 0
Number of asset objects unloaded after import = 1
========================================================================
Received Import Request.
  Time of request: 2026-10-01T08:15:29.6965406Z
  Time since last request: 0.0003128 seconds.
  importAddress: GUID: 74f647076bca3d442bc4a6ace5daf59f - Path: Packages/com.unity.shadergraph/GraphTemplates/Subgraphs/Canvas Color.shadersubgraph - Importer: ScriptedImporter/UnityEditor.QuickSearchModule:UnityEditor.Search:ASIAI0B
Importing 'GUID: 74f647076bca3d442bc4a6ace5daf59f - Path: Packages/com.unity.shadergraph/GraphTemplates/Subgraphs/Canvas Color.shadersubgraph - Importer: ScriptedImporter/UnityEditor.QuickSearchModule:UnityEditor.Search:ASIAI0B' with importer (ScriptedImporter : UnityEditor.QuickSearchModule:UnityEditor.Search:ASIAI0B)
Imported 'GUID: 74f647076bca3d442bc4a6ace5daf59f' -> (Import Result ID: '25481d4bdb28eb02ff669c0e74e18070') in 0.004 seconds [static and dynamic dependencies]. Details - ImportResultOutputID=84b16293e938bc554558319b1e96cab6 DependenciesID=9df14bf5e43db6fa32cba1d530b09f9c StaticDependenciesID=0c42d2110f5eccaba20bde11e3f5c51a 
Number of updated asset objects reloaded before import = 0
Number of asset objects unloaded after import = 1
========================================================================
Received Import Request.
  Time of request: 2026-10-01T08:15:29.7211292Z
  Time since last request: 0.0114486 seconds.
  importAddress: GUID: b1411039ed1342fa8efff6fa8a4c179d - Path: Packages/com.unity.shadergraph/Editor/Data/Graphs/AbstractShaderProperty.cs - Importer: ScriptedImporter/UnityEditor.QuickSearchModule:UnityEditor.Search:ASIAI0B
Importing 'GUID: b1411039ed1342fa8efff6fa8a4c179d - Path: Packages/com.unity.shadergraph/Editor/Data/Graphs/AbstractShaderProperty.cs - Importer: ScriptedImporter/UnityEditor.QuickSearchModule:UnityEditor.Search:ASIAI0B' with importer (ScriptedImporter : UnityEditor.QuickSearchModule:UnityEditor.Search:ASIAI0B)
Imported 'GUID: b1411039ed1342fa8efff6fa8a4c179d' -> (Import Result ID: '4ca4d41fd36ec1b93a29294114b1c659') in 0.003 seconds [static and dynamic dependencies]. Details - ImportResultOutputID=e748b1ec8b025e06ae925f91e40f249a DependenciesID=dcbaab872af595485c837e8c9d135bb3 StaticDependenciesID=bd738dab8487f00d48969b2c0d5845a0 
Number of updated asset objects reloaded before import = 0
Number of asset objects unloaded after import = 0
========================================================================
Received Import Request.
  Time of request: 2026-10-01T08:15:29.7344543Z
  Time since last request: 0.000455 seconds.
  importAddress: GUID: 79075442664faac49b00b4c93d28e08b - Path: Packages/com.unity.shadergraph/Editor/Data/Graphs/MatrixShaderProperty.cs - Importer: ScriptedImporter/UnityEditor.QuickSearchModule:UnityEditor.Search:ASIAI0B
Importing 'GUID: 79075442664faac49b00b4c93d28e08b - Path: Packages/com.unity.shadergraph/Editor/Data/Graphs/MatrixShaderProperty.cs - Importer: ScriptedImporter/UnityEditor.QuickSearchModule:UnityEditor.Search:ASIAI0B' with importer (ScriptedImporter : UnityEditor.QuickSearchModule:UnityEditor.Search:ASIAI0B)
Imported 'GUID: 79075442664faac49b00b4c93d28e08b' -> (Import Result ID: '27f765486d38244547858938c240597a') in 0.002 seconds [static and dynamic dependencies]. Details - ImportResultOutputID=1f95154188062e37cf759c69af93c006 DependenciesID=3767cb62f9d2f8d3c5a340d12b0b9517 StaticDependenciesID=bc92109962f711e083f70b2e3ed79324 
Number of updated asset objects reloaded before import = 0
Number of asset objects unloaded after import = 0
========================================================================
Received Import Request.
  Time of request: 2026-10-01T08:15:29.7445277Z
  Time since last request: 0.0005723 seconds.
  importAddress: GUID: ca5ddce766d5ae24f8be282b4f7a21bd - Path: Packages/com.unity.shadergraph/Editor/Data/Graphs/CubemapShaderProperty.cs - Importer: ScriptedImporter/UnityEditor.QuickSearchModule:UnityEditor.Search:ASIAI0B
Importing 'GUID: ca5ddce766d5ae24f8be282b4f7a21bd - Path: Packages/com.unity.shadergraph/Editor/Data/Graphs/CubemapShaderProperty.cs - Importer: ScriptedImporter/UnityEditor.QuickSearchModule:UnityEditor.Search:ASIAI0B' with importer (ScriptedImporter : UnityEditor.QuickSearchModule:UnityEditor.Search:ASIAI0B)
Imported 'GUID: ca5ddce766d5ae24f8be282b4f7a21bd' -> (Import Result ID: '1cbae3d42b5b6700c212d9e0cc6b87e7') in 0.002 seconds [static and dynamic dependencies]. Details - ImportResultOutputID=9d08a45f5c71014418bec10818f0ce08 DependenciesID=6ab9559bd1b273d3c8464551f23e018f StaticDependenciesID=fcb8ce41e1a60d9351a32a6de6750819 
Number of updated asset objects reloaded before import = 0
Number of asset objects unloaded after import = 0
========================================================================
Received Import Request.
  Time of request: 2026-10-01T08:15:29.7549198Z
  Time since last request: 0.0004589 seconds.
  importAddress: GUID: c23c319581174ecdbc4573a81ed6b598 - Path: Packages/com.unity.shadergraph/Editor/Data/Actions/GraphViewActions.cs - Importer: ScriptedImporter/UnityEditor.QuickSearchModule:UnityEditor.Search:ASIAI0B
Importing 'GUID: c23c319581174ecdbc4573a81ed6b598 - Path: Packages/com.unity.shadergraph/Editor/Data/Actions/GraphViewActions.cs - Importer: ScriptedImporter/UnityEditor.QuickSearchModule:UnityEditor.Search:ASIAI0B' with importer (ScriptedImporter : UnityEditor.QuickSearchModule:UnityEditor.Search:ASIAI0B)
Imported 'GUID: c23c319581174ecdbc4573a81ed6b598' -> (Import Result ID: 'eb6d59805fbdc129d5202bef42a44545') in 0.002 seconds [static and dynamic dependencies]. Details - ImportResultOutputID=a9d7639106305e2b9ceaf2e2a19f30ad DependenciesID=54291788e77cdd4f6ce34be80f7d71a2 StaticDependenciesID=691d283fa582f5ea54509f2aad2b302c 
Number of updated asset objects reloaded before import = 0
Number of asset objects unloaded after import = 0
========================================================================
Received Import Request.
  Time of request: 2026-10-01T08:15:29.764536Z
  Time since last request: 0.0002541 seconds.
  importAddress: GUID: f669e02e50b0416aab8fa06c74f25430 - Path: Packages/com.unity.shadergraph/Editor/Data/Graphs/DefaultVector4MaterialSlot.cs - Importer: ScriptedImporter/UnityEditor.QuickSearchModule:UnityEditor.Search:ASIAI0B
Importing 'GUID: f669e02e50b0416aab8fa06c74f25430 - Path: Packages/com.unity.shadergraph/Editor/Data/Graphs/DefaultVector4MaterialSlot.cs - Importer: ScriptedImporter/UnityEditor.QuickSearchModule:UnityEditor.Search:ASIAI0B' with importer (ScriptedImporter : UnityEditor.QuickSearchModule:UnityEditor.Search:ASIAI0B)
Imported 'GUID: f669e02e50b0416aab8fa06c74f25430' -> (Import Result ID: '6ea952113e9e98892b35fdbeae1da08b') in 0.002 seconds [static and dynamic dependencies]. Details - ImportResultOutputID=ac00a60de029a4aac222b15901e8dd66 DependenciesID=267d18d56c3f384ef5e21950404aa07b StaticDependenciesID=d28113ee4fb4fe920a862a4668f4df44 
Number of updated asset objects reloaded before import = 0
Number of asset objects unloaded after import = 0
========================================================================
Received Import Request.
  Time of request: 2026-10-01T08:15:29.7747482Z
  Time since last request: 0.0003129 seconds.
  importAddress: GUID: 8891f9466e6b01c498c3f4b2c6abc0eb - Path: Packages/com.unity.shadergraph/Editor/Data/Graphs/BooleanShaderProperty.cs - Importer: ScriptedImporter/UnityEditor.QuickSearchModule:UnityEditor.Search:ASIAI0B
Importing 'GUID: 8891f9466e6b01c498c3f4b2c6abc0eb - Path: Packages/com.unity.shadergraph/Editor/Data/Graphs/BooleanShaderProperty.cs - Importer: ScriptedImporter/UnityEditor.QuickSearchModule:UnityEditor.Search:ASIAI0B' with importer (ScriptedImporter : UnityEditor.QuickSearchModule:UnityEditor.Search:ASIAI0B)
Imported 'GUID: 8891f9466e6b01c498c3f4b2c6abc0eb' -> (Import Result ID: '9cc7ca13837bf0d7f585a067ba14a95c') in 0.002 seconds [static and dynamic dependencies]. Details - ImportResultOutputID=f93e24f9ca3c911ef47de0d21f714575 DependenciesID=1b288990af1955aac340a7f0ecc08f02 StaticDependenciesID=087429ffe719a61cd829ace751cede8d 
Number of updated asset objects reloaded before import = 0
Number of asset objects unloaded after import = 0
========================================================================
Received Import Request.
  Time of request: 2026-10-01T08:15:29.7850499Z
  Time since last request: 0.0002285 seconds.
  importAddress: GUID: ca28a7e4d7fc7644a99f49e5a48574dd - Path: Packages/com.unity.shadergraph/Editor/Data/Graphs/GraphDataReadOnly.cs - Importer: ScriptedImporter/UnityEditor.QuickSearchModule:UnityEditor.Search:ASIAI0B
Importing 'GUID: ca28a7e4d7fc7644a99f49e5a48574dd - Path: Packages/com.unity.shadergraph/Editor/Data/Graphs/GraphDataReadOnly.cs - Importer: ScriptedImporter/UnityEditor.QuickSearchModule:UnityEditor.Search:ASIAI0B' with importer (ScriptedImporter : UnityEditor.QuickSearchModule:UnityEditor.Search:ASIAI0B)
Imported 'GUID: ca28a7e4d7fc7644a99f49e5a48574dd' -> (Import Result ID: '0a032b1c3179452fdb6555ba24c32f8c') in 0.002 seconds [static and dynamic dependencies]. Details - ImportResultOutputID=ae047e6a12b8bf4df0d788edf94a7750 DependenciesID=df17d8238ae059aa449d561088622db0 StaticDependenciesID=63bbf50ab7da0a35f9f8abd95c036b3b 
Number of updated asset objects reloaded before import = 0
Number of asset objects unloaded after import = 0
========================================================================
Received Import Request.
  Time of request: 2026-10-01T08:15:29.8106677Z
  Time since last request: 0.014275 seconds.
  importAddress: GUID: d03029f14ab44744d948ca282e300cb3 - Path: Packages/com.unity.shadergraph/Editor/Data/Graphs/VertexColorMaterialSlot.cs - Importer: ScriptedImporter/UnityEditor.QuickSearchModule:UnityEditor.Search:ASIAI0B
Importing 'GUID: d03029f14ab44744d948ca282e300cb3 - Path: Packages/com.unity.shadergraph/Editor/Data/Graphs/VertexColorMaterialSlot.cs - Importer: ScriptedImporter/UnityEditor.QuickSearchModule:UnityEditor.Search:ASIAI0B' with importer (ScriptedImporter : UnityEditor.QuickSearchModule:UnityEditor.Search:ASIAI0B)
Imported 'GUID: d03029f14ab44744d948ca282e300cb3' -> (Import Result ID: '22cc321f54693fae80e1a97eeccf957c') in 0.002 seconds [static and dynamic dependencies]. Details - ImportResultOutputID=e007d08ebbb0ad5608857fffd5a70ee6 DependenciesID=56fb7071780f3c9221fa6279d705ebd0 StaticDependenciesID=186c3f45e4cf8cad7496739a9f6e0db4 
Number of updated asset objects reloaded before import = 0
Number of asset objects unloaded after import = 0
========================================================================
Received Import Request.
  Time of request: 2026-10-01T08:15:29.8203825Z
  Time since last request: 0.0002801 seconds.
  importAddress: GUID: eb19b5420cdd2894c92c1683993bee49 - Path: Packages/com.unity.shadergraph/Editor/Data/Graphs/Vector3MaterialSlot.cs - Importer: ScriptedImporter/UnityEditor.QuickSearchModule:UnityEditor.Search:ASIAI0B
Importing 'GUID: eb19b5420cdd2894c92c1683993bee49 - Path: Packages/com.unity.shadergraph/Editor/Data/Graphs/Vector3MaterialSlot.cs - Importer: ScriptedImporter/UnityEditor.QuickSearchModule:UnityEditor.Search:ASIAI0B' with importer (ScriptedImporter : UnityEditor.QuickSearchModule:UnityEditor.Search:ASIAI0B)
Imported 'GUID: eb19b5420cdd2894c92c1683993bee49' -> (Import Result ID: 'e740f8b6433a65b7baa2a23d75b0471b') in 0.002 seconds [static and dynamic dependencies]. Details - ImportResultOutputID=bfa2a7b43ed09a3a04a17c1a04cfb9cf DependenciesID=ce8e2d98bea70d50cb6d2750ff7e392a StaticDependenciesID=3854dfd32ce814c0943fbca0ccc55a51 
Number of updated asset objects reloaded before import = 0
Number of asset objects unloaded after import = 0
========================================================================
Received Import Request.
  Time of request: 2026-10-01T08:15:29.830363Z
  Time since last request: 0.0002936 seconds.
  importAddress: GUID: 463ff292c8554dc18fb52fb725707a21 - Path: Packages/com.unity.shadergraph/Editor/Data/Implementation/GraphObject.cs - Importer: ScriptedImporter/UnityEditor.QuickSearchModule:UnityEditor.Search:ASIAI0B
Importing 'GUID: 463ff292c8554dc18fb52fb725707a21 - Path: Packages/com.unity.shadergraph/Editor/Data/Implementation/GraphObject.cs - Importer: ScriptedImporter/UnityEditor.QuickSearchModule:UnityEditor.Search:ASIAI0B' with importer (ScriptedImporter : UnityEditor.QuickSearchModule:UnityEditor.Search:ASIAI0B)
Imported 'GUID: 463ff292c8554dc18fb52fb725707a21' -> (Import Result ID: 'f6226f087b495939ea25fdf19f210ef0') in 0.002 seconds [static and dynamic dependencies]. Details - ImportResultOutputID=a724e5ddee6db355e43444264dc24121 DependenciesID=65e94bce308d7bc930369193e9dfc39a StaticDependenciesID=43b2bdd8e8088ac55c2de87520e62f49 
Number of updated asset objects reloaded before import = 0
Number of asset objects unloaded after import = 0
========================================================================
Received Import Request.
  Time of request: 2026-10-01T08:15:29.8403879Z
  Time since last request: 0.0003699 seconds.
  importAddress: GUID: ca7d3a56d2cd0c840b76155c0a92eaca - Path: Packages/com.unity.shadergraph/Editor/Data/Graphs/VirtualTextureShaderProperty.cs - Importer: ScriptedImporter/UnityEditor.QuickSearchModule:UnityEditor.Search:ASIAI0B
Importing 'GUID: ca7d3a56d2cd0c840b76155c0a92eaca - Path: Packages/com.unity.shadergraph/Editor/Data/Graphs/VirtualTextureShaderProperty.cs - Importer: ScriptedImporter/UnityEditor.QuickSearchModule:UnityEditor.Search:ASIAI0B' with importer (ScriptedImporter : UnityEditor.QuickSearchModule:UnityEditor.Search:ASIAI0B)
Imported 'GUID: ca7d3a56d2cd0c840b76155c0a92eaca' -> (Import Result ID: '771a2ca739af69a3e8a688f565e2ca26') in 0.002 seconds [static and dynamic dependencies]. Details - ImportResultOutputID=319c13d0a7faaf0ca96c399ca4ac4d04 DependenciesID=8b024adb167deba10d8da65f404d7917 StaticDependenciesID=90c30ed9334e7959737c44e12026eb54 
Number of updated asset objects reloaded before import = 0
Number of asset objects unloaded after import = 0
========================================================================
Received Import Request.
  Time of request: 2026-10-01T08:15:29.8501646Z
  Time since last request: 0.0004535 seconds.
  importAddress: GUID: 0bad33a4425b4be4f9c5d2aa0d6db854 - Path: Packages/com.unity.shadergraph/Editor/Data/Graphs/StickyNoteData.cs - Importer: ScriptedImporter/UnityEditor.QuickSearchModule:UnityEditor.Search:ASIAI0B
Importing 'GUID: 0bad33a4425b4be4f9c5d2aa0d6db854 - Path: Packages/com.unity.shadergraph/Editor/Data/Graphs/StickyNoteData.cs - Importer: ScriptedImporter/UnityEditor.QuickSearchModule:UnityEditor.Search:ASIAI0B' with importer (ScriptedImporter : UnityEditor.QuickSearchModule:UnityEditor.Search:ASIAI0B)
Imported 'GUID: 0bad33a4425b4be4f9c5d2aa0d6db854' -> (Import Result ID: 'cd6ebdfce2e29593386d2fef175b7ee7') in 0.001 seconds [static and dynamic dependencies]. Details - ImportResultOutputID=308bf99f15d5ce5e7f47e1a8a010e62e DependenciesID=77f402448bed1163801dad66848e2f84 StaticDependenciesID=5722bfca277bcf0541fabcd736fe4dc3 
Number of updated asset objects reloaded before import = 0
Number of asset objects unloaded after import = 0
========================================================================
Received Import Request.
  Time of request: 2026-10-01T08:15:29.8601684Z
  Time since last request: 0.0003792 seconds.
  importAddress: GUID: 588ff2dc785e37f408eb9e48a18127d0 - Path: Packages/com.unity.shadergraph/Editor/Data/Interfaces/GenerationMode.cs - Importer: ScriptedImporter/UnityEditor.QuickSearchModule:UnityEditor.Search:ASIAI0B
Importing 'GUID: 588ff2dc785e37f408eb9e48a18127d0 - Path: Packages/com.unity.shadergraph/Editor/Data/Interfaces/GenerationMode.cs - Importer: ScriptedImporter/UnityEditor.QuickSearchModule:UnityEditor.Search:ASIAI0B' with importer (ScriptedImporter : UnityEditor.QuickSearchModule:UnityEditor.Search:ASIAI0B)
Imported 'GUID: 588ff2dc785e37f408eb9e48a18127d0' -> (Import Result ID: 'ce3e3480753bee05231f1875257d2f76') in 0.002 seconds [static and dynamic dependencies]. Details - ImportResultOutputID=39e3e266a6a551ea5adcf777b0de7773 DependenciesID=af4c6a8fd933c359500753c69b717083 StaticDependenciesID=2586a9bb2cbefa0d3b0a7d2db5195f42 
Number of updated asset objects reloaded before import = 0
Number of asset objects unloaded after import = 0
========================================================================
Received Import Request.
  Time of request: 2026-10-01T08:15:29.8719299Z
  Time since last request: 0.0002159 seconds.
  importAddress: GUID: 6f00cea5e23a84b5bbe1ac581ebfc64e - Path: Packages/com.unity.shadergraph/Editor/Data/Interfaces/IMayRequireDepthTexture.cs - Importer: ScriptedImporter/UnityEditor.QuickSearchModule:UnityEditor.Search:ASIAI0B
Importing 'GUID: 6f00cea5e23a84b5bbe1ac581ebfc64e - Path: Packages/com.unity.shadergraph/Editor/Data/Interfaces/IMayRequireDepthTexture.cs - Importer: ScriptedImporter/UnityEditor.QuickSearchModule:UnityEditor.Search:ASIAI0B' with importer (ScriptedImporter : UnityEditor.QuickSearchModule:UnityEditor.Search:ASIAI0B)
Imported 'GUID: 6f00cea5e23a84b5bbe1ac581ebfc64e' -> (Import Result ID: 'b799427de19418673c5d82bde8c465fb') in 0.002 seconds [static and dynamic dependencies]. Details - ImportResultOutputID=9a0abd46039afeea467a93d5ddc65633 DependenciesID=e37991eb403cd031561312fed4be6fdc StaticDependenciesID=b73979f85d4e7143aa6411511f91541f 
Number of updated asset objects reloaded before import = 0
Number of asset objects unloaded after import = 0
========================================================================
Received Import Request.
  Time of request: 2026-10-01T08:15:29.8843521Z
  Time since last request: 0.0027378 seconds.
  importAddress: GUID: 36fb54922b1048cea6faba93b33ab02c - Path: Packages/com.unity.shadergraph/Editor/Data/Legacy/AbstractMaterialNode0.cs - Importer: ScriptedImporter/UnityEditor.QuickSearchModule:UnityEditor.Search:ASIAI0B
Importing 'GUID: 36fb54922b1048cea6faba93b33ab02c - Path: Packages/com.unity.shadergraph/Editor/Data/Legacy/AbstractMaterialNode0.cs - Importer: ScriptedImporter/UnityEditor.QuickSearchModule:UnityEditor.Search:ASIAI0B' with importer (ScriptedImporter : UnityEditor.QuickSearchModule:UnityEditor.Search:ASIAI0B)
Imported 'GUID: 36fb54922b1048cea6faba93b33ab02c' -> (Import Result ID: 'd3a30a7f0c6d12f097d98ba6cb3ae706') in 0.002 seconds [static and dynamic dependencies]. Details - ImportResultOutputID=5bb7fa7b89ed0ece243ae8a0708830db DependenciesID=84430a307f881371c3adc8c320a9ec9a StaticDependenciesID=70ffee058e9c3eb9dc4c0e843c1772b3 
Number of updated asset objects reloaded before import = 0
Number of asset objects unloaded after import = 0
========================================================================
Received Import Request.
  Time of request: 2026-10-01T08:15:29.8948122Z
  Time since last request: 0.0003765 seconds.
  importAddress: GUID: 5ab44fbceb0a1074899755c19bcd75cd - Path: Packages/com.unity.shadergraph/Editor/Data/Interfaces/IMayRequirePosition.cs - Importer: ScriptedImporter/UnityEditor.QuickSearchModule:UnityEditor.Search:ASIAI0B
Importing 'GUID: 5ab44fbceb0a1074899755c19bcd75cd - Path: Packages/com.unity.shadergraph/Editor/Data/Interfaces/IMayRequirePosition.cs - Importer: ScriptedImporter/UnityEditor.QuickSearchModule:UnityEditor.Search:ASIAI0B' with importer (ScriptedImporter : UnityEditor.QuickSearchModule:UnityEditor.Search:ASIAI0B)
Imported 'GUID: 5ab44fbceb0a1074899755c19bcd75cd' -> (Import Result ID: 'c01762482a00338da50f044b0d5ad4af') in 0.002 seconds [static and dynamic dependencies]. Details - ImportResultOutputID=80c2141b39e59485d38e63b49ae153d4 DependenciesID=04b972d728d1bb7ebdc4a4e07909d354 StaticDependenciesID=71a84e1705601aefd739835f5b418394 
Number of updated asset objects reloaded before import = 0
Number of asset objects unloaded after import = 0
========================================================================
Received Import Request.
  Time of request: 2026-10-01T08:15:29.9055621Z
  Time since last request: 0.0005009 seconds.
  importAddress: GUID: bd5f4be1039f4da9bbd03e729e6c6a69 - Path: Packages/com.unity.shadergraph/Editor/Data/Interfaces/IMayRequireTransform.cs - Importer: ScriptedImporter/UnityEditor.QuickSearchModule:UnityEditor.Search:ASIAI0B
Importing 'GUID: bd5f4be1039f4da9bbd03e729e6c6a69 - Path: Packages/com.unity.shadergraph/Editor/Data/Interfaces/IMayRequireTransform.cs - Importer: ScriptedImporter/UnityEditor.QuickSearchModule:UnityEditor.Search:ASIAI0B' with importer (ScriptedImporter : UnityEditor.QuickSearchModule:UnityEditor.Search:ASIAI0B)
Imported 'GUID: bd5f4be1039f4da9bbd03e729e6c6a69' -> (Import Result ID: 'c6527197f067ce27416fa26ed33a940e') in 0.002 seconds [static and dynamic dependencies]. Details - ImportResultOutputID=ff6a2dc705f5b94eb48d578fc3aec08b DependenciesID=0846ca4d518c6cc4cb9f6bf4b805841e StaticDependenciesID=6a7927fc68dbd4aad0029d3135789126 
Number of updated asset objects reloaded before import = 0
Number of asset objects unloaded after import = 0
========================================================================
Received Import Request.
  Time of request: 2026-10-01T08:15:29.9155452Z
  Time since last request: 0.0003439 seconds.
  importAddress: GUID: 39ad335ce87d56147a9fe6d5a6b99d36 - Path: Packages/com.unity.shadergraph/Editor/Data/Legacy/UnlitMasterNode1.cs - Importer: ScriptedImporter/UnityEditor.QuickSearchModule:UnityEditor.Search:ASIAI0B
Importing 'GUID: 39ad335ce87d56147a9fe6d5a6b99d36 - Path: Packages/com.unity.shadergraph/Editor/Data/Legacy/UnlitMasterNode1.cs - Importer: ScriptedImporter/UnityEditor.QuickSearchModule:UnityEditor.Search:ASIAI0B' with importer (ScriptedImporter : UnityEditor.QuickSearchModule:UnityEditor.Search:ASIAI0B)
Imported 'GUID: 39ad335ce87d56147a9fe6d5a6b99d36' -> (Import Result ID: 'b2155aa15a7289e6d45ce98e45a92411') in 0.002 seconds [static and dynamic dependencies]. Details - ImportResultOutputID=f5ab6f76a02947217b2d7e1b97ece3a7 DependenciesID=8b3f0b506f828d15c44df98f6fb8410e StaticDependenciesID=746e1968c7b78bbebbba9656e72bc914 
Number of updated asset objects reloaded before import = 0
Number of asset objects unloaded after import = 0
========================================================================
Received Import Request.
  Time of request: 2026-10-01T08:15:29.9266933Z
  Time since last request: 0.0002527 seconds.
  importAddress: GUID: 17362586a4e694d44881897b8a642dcc - Path: Packages/com.unity.shadergraph/Editor/Data/Legacy/IMasterNode1.cs - Importer: ScriptedImporter/UnityEditor.QuickSearchModule:UnityEditor.Search:ASIAI0B
Importing 'GUID: 17362586a4e694d44881897b8a642dcc - Path: Packages/com.unity.shadergraph/Editor/Data/Legacy/IMasterNode1.cs - Importer: ScriptedImporter/UnityEditor.QuickSearchModule:UnityEditor.Search:ASIAI0B' with importer (ScriptedImporter : UnityEditor.QuickSearchModule:UnityEditor.Search:ASIAI0B)
Imported 'GUID: 17362586a4e694d44881897b8a642dcc' -> (Import Result ID: '6070eff840b63a8a355c029c8bbe5216') in 0.002 seconds [static and dynamic dependencies]. Details - ImportResultOutputID=b7899df7c8a2faf6090c76bf3aedffbf DependenciesID=1ba5bbf9018044cdaa23e4c5928c4b5f StaticDependenciesID=2886ea103bda8ed1a5b243f65fc82ed1 
Number of updated asset objects reloaded before import = 0
Number of asset objects unloaded after import = 0
========================================================================
Received Import Request.
  Time of request: 2026-10-01T08:15:29.9368399Z
  Time since last request: 0.0002782 seconds.
  importAddress: GUID: 7e4fc6f4e30c408f9c0304cbed39a076 - Path: Packages/com.unity.shadergraph/Editor/Data/Util/FunctionRegistry.cs - Importer: ScriptedImporter/UnityEditor.QuickSearchModule:UnityEditor.Search:ASIAI0B
Importing 'GUID: 7e4fc6f4e30c408f9c0304cbed39a076 - Path: Packages/com.unity.shadergraph/Editor/Data/Util/FunctionRegistry.cs - Importer: ScriptedImporter/UnityEditor.QuickSearchModule:UnityEditor.Search:ASIAI0B' with importer (ScriptedImporter : UnityEditor.QuickSearchModule:UnityEditor.Search:ASIAI0B)
Imported 'GUID: 7e4fc6f4e30c408f9c0304cbed39a076' -> (Import Result ID: '58e2ed1335efb5275de87bd0d91f1950') in 0.002 seconds [static and dynamic dependencies]. Details - ImportResultOutputID=41d28781b50dcade19dc090ffb48de81 DependenciesID=ad07bababb966ca0c83889eeb09f0fbf StaticDependenciesID=fa011e282cba7aee6490a19153a80a91 
Number of updated asset objects reloaded before import = 0
Number of asset objects unloaded after import = 0
========================================================================
Received Import Request.
  Time of request: 2026-10-01T08:15:29.9468775Z
  Time since last request: 0.0002785 seconds.
  importAddress: GUID: f8a5526c8f5d497da61498f1d1bad15c - Path: Packages/com.unity.shadergraph/Editor/Data/Legacy/Edge0.cs - Importer: ScriptedImporter/UnityEditor.QuickSearchModule:UnityEditor.Search:ASIAI0B
Importing 'GUID: f8a5526c8f5d497da61498f1d1bad15c - Path: Packages/com.unity.shadergraph/Editor/Data/Legacy/Edge0.cs - Importer: ScriptedImporter/UnityEditor.QuickSearchModule:UnityEditor.Search:ASIAI0B' with importer (ScriptedImporter : UnityEditor.QuickSearchModule:UnityEditor.Search:ASIAI0B)
Imported 'GUID: f8a5526c8f5d497da61498f1d1bad15c' -> (Import Result ID: '451253ce8cb0b6b7da54acaff4c802a1') in 0.002 seconds [static and dynamic dependencies]. Details - ImportResultOutputID=b0fe74feeac6614b4f5b09c1866e3d75 DependenciesID=bba43473506a6382d381ca768b3e00d3 StaticDependenciesID=aeb2a0d1ff3377535849b62192ca04c7 
Number of updated asset objects reloaded before import = 0
Number of asset objects unloaded after import = 0
========================================================================
Received Import Request.
  Time of request: 2026-10-01T08:15:29.9688076Z
  Time since last request: 0.0125429 seconds.
  importAddress: GUID: 04f0848d35cb46cabeec016d7ccd5169 - Path: Packages/com.unity.shadergraph/Editor/Drawing/Blackboard/SGBlackboardField.cs - Importer: ScriptedImporter/UnityEditor.QuickSearchModule:UnityEditor.Search:ASIAI0B
Importing 'GUID: 04f0848d35cb46cabeec016d7ccd5169 - Path: Packages/com.unity.shadergraph/Editor/Drawing/Blackboard/SGBlackboardField.cs - Importer: ScriptedImporter/UnityEditor.QuickSearchModule:UnityEditor.Search:ASIAI0B' with importer (ScriptedImporter : UnityEditor.QuickSearchModule:UnityEditor.Search:ASIAI0B)
Imported 'GUID: 04f0848d35cb46cabeec016d7ccd5169' -> (Import Result ID: '21f6541fd4d42cb7d1ace6e2b6cd6a2f') in 0.002 seconds [static and dynamic dependencies]. Details - ImportResultOutputID=1122ff98cdaf7534bcb094efd9834d08 DependenciesID=93ae6ccd9001edaf4cc32f449f2dcbde StaticDependenciesID=fc3003868942e3a704aa477927a71a6b 
Number of updated asset objects reloaded before import = 0
Number of asset objects unloaded after import = 0
========================================================================
Received Import Request.
  Time of request: 2026-10-01T08:15:29.9802105Z
  Time since last request: 0.0004211 seconds.
  importAddress: GUID: a7268d6a70314cc41bc1a502cd86b4f9 - Path: Packages/com.unity.shadergraph/Editor/Drawing/Interfaces/IRectInterface.cs - Importer: ScriptedImporter/UnityEditor.QuickSearchModule:UnityEditor.Search:ASIAI0B
Importing 'GUID: a7268d6a70314cc41bc1a502cd86b4f9 - Path: Packages/com.unity.shadergraph/Editor/Drawing/Interfaces/IRectInterface.cs - Importer: ScriptedImporter/UnityEditor.QuickSearchModule:UnityEditor.Search:ASIAI0B' with importer (ScriptedImporter : UnityEditor.QuickSearchModule:UnityEditor.Search:ASIAI0B)
Imported 'GUID: a7268d6a70314cc41bc1a502cd86b4f9' -> (Import Result ID: '5750d41f7dde2ad1a75135c3804e0411') in 0.002 seconds [static and dynamic dependencies]. Details - ImportResultOutputID=8c22599cee5f08c7c825240dd0952528 DependenciesID=98e560f4a8c906603c527d0aaab83511 StaticDependenciesID=53ac9bcf1b40283d10d33c4fc6cd880e 
Number of updated asset objects reloaded before import = 0
Number of asset objects unloaded after import = 0
========================================================================
Received Import Request.
  Time of request: 2026-10-01T08:15:29.9911401Z
  Time since last request: 0.0004641 seconds.
  importAddress: GUID: d77363d2f0df1f544b21d9e8a05f01a1 - Path: Packages/com.unity.shadergraph/Editor/Data/Util/UvChannel.cs - Importer: ScriptedImporter/UnityEditor.QuickSearchModule:UnityEditor.Search:ASIAI0B
Importing 'GUID: d77363d2f0df1f544b21d9e8a05f01a1 - Path: Packages/com.unity.shadergraph/Editor/Data/Util/UvChannel.cs - Importer: ScriptedImporter/UnityEditor.QuickSearchModule:UnityEditor.Search:ASIAI0B' with importer (ScriptedImporter : UnityEditor.QuickSearchModule:UnityEditor.Search:ASIAI0B)
Imported 'GUID: d77363d2f0df1f544b21d9e8a05f01a1' -> (Import Result ID: '75f71cbec7a0f2d78ed286d18820dca6') in 0.002 seconds [static and dynamic dependencies]. Details - ImportResultOutputID=8b0a6ababab9d9242e6b0bb9bf99fe52 DependenciesID=9d566fc61aebdb798d55fc0eff40ce3a StaticDependenciesID=d561e1ba9dea62f0d535832e2a1481ff 
Number of updated asset objects reloaded before import = 0
Number of asset objects unloaded after import = 0
========================================================================
Received Import Request.
  Time of request: 2026-10-01T08:15:30.0022232Z
  Time since last request: 0.0003419 seconds.
  importAddress: GUID: 3a1e13c5e67541d7ad7ae18ea5a834e4 - Path: Packages/com.unity.shadergraph/Editor/Drawing/Controls/EnumControl.cs - Importer: ScriptedImporter/UnityEditor.QuickSearchModule:UnityEditor.Search:ASIAI0B
Importing 'GUID: 3a1e13c5e67541d7ad7ae18ea5a834e4 - Path: Packages/com.unity.shadergraph/Editor/Drawing/Controls/EnumControl.cs - Importer: ScriptedImporter/UnityEditor.QuickSearchModule:UnityEditor.Search:ASIAI0B' with importer (ScriptedImporter : UnityEditor.QuickSearchModule:UnityEditor.Search:ASIAI0B)
Imported 'GUID: 3a1e13c5e67541d7ad7ae18ea5a834e4' -> (Import Result ID: '63a6c56e1e491648d97a44c73161a5c0') in 0.002 seconds [static and dynamic dependencies]. Details - ImportResultOutputID=b737dd287e5424aa03efb34e54d9d2b9 DependenciesID=5bcd151ec861661421d631cd5a3aef00 StaticDependenciesID=ff088a035b5edc1606d8874fbeb40943 
Number of updated asset objects reloaded before import = 0
Number of asset objects unloaded after import = 0
========================================================================
Received Import Request.
  Time of request: 2026-10-01T08:15:30.0117135Z
  Time since last request: 0.0001635 seconds.
  importAddress: GUID: 57d18a57866821542806ab5253cf4310 - Path: Packages/com.unity.shadergraph/Editor/Drawing/Controls/IntegerControl.cs - Importer: ScriptedImporter/UnityEditor.QuickSearchModule:UnityEditor.Search:ASIAI0B
Importing 'GUID: 57d18a57866821542806ab5253cf4310 - Path: Packages/com.unity.shadergraph/Editor/Drawing/Controls/IntegerControl.cs - Importer: ScriptedImporter/UnityEditor.QuickSearchModule:UnityEditor.Search:ASIAI0B' with importer (ScriptedImporter : UnityEditor.QuickSearchModule:UnityEditor.Search:ASIAI0B)
Imported 'GUID: 57d18a57866821542806ab5253cf4310' -> (Import Result ID: '39d19e393bd3f40e0ad9f5e1eb49167d') in 0.002 seconds [static and dynamic dependencies]. Details - ImportResultOutputID=4f48e412bbe0c2e18f460c4c78f39f2b DependenciesID=df3e464282f6e454db444c601a9b384b StaticDependenciesID=65bb117765834a5eef6d6e73d216c137 
Number of updated asset objects reloaded before import = 0
Number of asset objects unloaded after import = 0
========================================================================
Received Import Request.
  Time of request: 2026-10-01T08:15:30.0213453Z
  Time since last request: 0.0002887 seconds.
  importAddress: GUID: 604681490aa779348a355368c95cfcf5 - Path: Packages/com.unity.shadergraph/Editor/Drawing/Manipulators/WindowDraggable.cs - Importer: ScriptedImporter/UnityEditor.QuickSearchModule:UnityEditor.Search:ASIAI0B
Importing 'GUID: 604681490aa779348a355368c95cfcf5 - Path: Packages/com.unity.shadergraph/Editor/Drawing/Manipulators/WindowDraggable.cs - Importer: ScriptedImporter/UnityEditor.QuickSearchModule:UnityEditor.Search:ASIAI0B' with importer (ScriptedImporter : UnityEditor.QuickSearchModule:UnityEditor.Search:ASIAI0B)
Imported 'GUID: 604681490aa779348a355368c95cfcf5' -> (Import Result ID: '23a39c46bccd6eb3b0dfc245529cecf9') in 0.002 seconds [static and dynamic dependencies]. Details - ImportResultOutputID=2cd15843f864fe749e399b1bd75325d2 DependenciesID=ab375a00da4389bb9cfc3732b89a1bc3 StaticDependenciesID=82b456c617a81d61fa0a9187a9df1543 
Number of updated asset objects reloaded before import = 0
Number of asset objects unloaded after import = 0
========================================================================
Received Import Request.
  Time of request: 2026-10-01T08:15:30.0313552Z
  Time since last request: 0.0002413 seconds.
  importAddress: GUID: c74a50771637c2d49980f713bbb7f4ea - Path: Packages/com.unity.shadergraph/Editor/Drawing/Controls/SliderControl.cs - Importer: ScriptedImporter/UnityEditor.QuickSearchModule:UnityEditor.Search:ASIAI0B
Importing 'GUID: c74a50771637c2d49980f713bbb7f4ea - Path: Packages/com.unity.shadergraph/Editor/Drawing/Controls/SliderControl.cs - Importer: ScriptedImporter/UnityEditor.QuickSearchModule:UnityEditor.Search:ASIAI0B' with importer (ScriptedImporter : UnityEditor.QuickSearchModule:UnityEditor.Search:ASIAI0B)
Imported 'GUID: c74a50771637c2d49980f713bbb7f4ea' -> (Import Result ID: '25157bd75b370eb531edf48d767e91f9') in 0.002 seconds [static and dynamic dependencies]. Details - ImportResultOutputID=62707d77f2c47e3b86af6ed905ffe32a DependenciesID=4c1d2b5978dda39f225d1a3f3fe37790 StaticDependenciesID=708d3216a796a339d779af57c892ed40 
Number of updated asset objects reloaded before import = 0
Number of asset objects unloaded after import = 0
========================================================================
Received Import Request.
  Time of request: 2026-10-01T08:15:30.0550331Z
  Time since last request: 0.014527 seconds.
  importAddress: GUID: 6334d158427214af2861c42a0b51f9cf - Path: Packages/com.unity.shadergraph/Editor/Drawing/Views/HlslFunctionView.cs - Importer: ScriptedImporter/UnityEditor.QuickSearchModule:UnityEditor.Search:ASIAI0B
Importing 'GUID: 6334d158427214af2861c42a0b51f9cf - Path: Packages/com.unity.shadergraph/Editor/Drawing/Views/HlslFunctionView.cs - Importer: ScriptedImporter/UnityEditor.QuickSearchModule:UnityEditor.Search:ASIAI0B' with importer (ScriptedImporter : UnityEditor.QuickSearchModule:UnityEditor.Search:ASIAI0B)
Imported 'GUID: 6334d158427214af2861c42a0b51f9cf' -> (Import Result ID: '66d6e280a57b16c085cb929dc05de61c') in 0.003 seconds [static and dynamic dependencies]. Details - ImportResultOutputID=4382692d037f8ff8fe1878dce88883b8 DependenciesID=39afff47d443a82cd092543912e14baf StaticDependenciesID=93494c11e2fef044290e7784d5507500 
Number of updated asset objects reloaded before import = 0
Number of asset objects unloaded after import = 0
========================================================================
Received Import Request.
  Time of request: 2026-10-01T08:15:30.0670373Z
  Time since last request: 0.0003897 seconds.
  importAddress: GUID: 161180898f1d444880080d666ab7be1d - Path: Packages/com.unity.shadergraph/Editor/Drawing/Views/GradientEdge.cs - Importer: ScriptedImporter/UnityEditor.QuickSearchModule:UnityEditor.Search:ASIAI0B
Importing 'GUID: 161180898f1d444880080d666ab7be1d - Path: Packages/com.unity.shadergraph/Editor/Drawing/Views/GradientEdge.cs - Importer: ScriptedImporter/UnityEditor.QuickSearchModule:UnityEditor.Search:ASIAI0B' with importer (ScriptedImporter : UnityEditor.QuickSearchModule:UnityEditor.Search:ASIAI0B)
Imported 'GUID: 161180898f1d444880080d666ab7be1d' -> (Import Result ID: '3fe0915004a375f31c378a4a3a47016a') in 0.002 seconds [static and dynamic dependencies]. Details - ImportResultOutputID=5c7e57e048b21d3576d6f9029a86c668 DependenciesID=5fef25a5af3cad9235a60f95c1bdd6db StaticDependenciesID=b8999fb0ce3eaffe2d35d02beed3ec6d 
Number of updated asset objects reloaded before import = 0
Number of asset objects unloaded after import = 0
========================================================================
Received Import Request.
  Time of request: 2026-10-01T08:15:30.0772722Z
  Time since last request: 0.0004953 seconds.
  importAddress: GUID: d61fb6932381e5347bb43516b9dd108b - Path: Packages/com.unity.shadergraph/Editor/Drawing/Views/ShaderGroup.cs - Importer: ScriptedImporter/UnityEditor.QuickSearchModule:UnityEditor.Search:ASIAI0B
Importing 'GUID: d61fb6932381e5347bb43516b9dd108b - Path: Packages/com.unity.shadergraph/Editor/Drawing/Views/ShaderGroup.cs - Importer: ScriptedImporter/UnityEditor.QuickSearchModule:UnityEditor.Search:ASIAI0B' with importer (ScriptedImporter : UnityEditor.QuickSearchModule:UnityEditor.Search:ASIAI0B)
Imported 'GUID: d61fb6932381e5347bb43516b9dd108b' -> (Import Result ID: 'd9abeca6c9f969ab88517158f64c5a24') in 0.002 seconds [static and dynamic dependencies]. Details - ImportResultOutputID=fdbd702cd1e3e8423028e3bd4b638653 DependenciesID=bec0218a9e83fae383510f2f04dc1f29 StaticDependenciesID=77abfab83b046c13b8209e1436f64c36 
Number of updated asset objects reloaded before import = 0
Number of asset objects unloaded after import = 0
========================================================================
Received Import Request.
  Time of request: 2026-10-01T08:15:30.0882324Z
  Time since last request: 0.0003638 seconds.
  importAddress: GUID: 917a1d0b14b14ca0861b93792b550f83 - Path: Packages/com.unity.shadergraph/Editor/Drawing/Views/PropertyRow.cs - Importer: ScriptedImporter/UnityEditor.QuickSearchModule:UnityEditor.Search:ASIAI0B
Importing 'GUID: 917a1d0b14b14ca0861b93792b550f83 - Path: Packages/com.unity.shadergraph/Editor/Drawing/Views/PropertyRow.cs - Importer: ScriptedImporter/UnityEditor.QuickSearchModule:UnityEditor.Search:ASIAI0B' with importer (ScriptedImporter : UnityEditor.QuickSearchModule:UnityEditor.Search:ASIAI0B)
Imported 'GUID: 917a1d0b14b14ca0861b93792b550f83' -> (Import Result ID: 'bd01111c8cb3fbb30521fe376699fd26') in 0.001 seconds [static and dynamic dependencies]. Details - ImportResultOutputID=fbee388fdb41fbc4cd0c7d511bceeff3 DependenciesID=430c894f48123772ac12a220ea71c4d7 StaticDependenciesID=24345932ecf1d501c8b9f146e5cab995 
Number of updated asset objects reloaded before import = 0
Number of asset objects unloaded after import = 0
========================================================================
Received Import Request.
  Time of request: 2026-10-01T08:15:30.098785Z
  Time since last request: 0.0004271 seconds.
  importAddress: GUID: 6ff52c01a22cf93409b31a2bf5a73fea - Path: Packages/com.unity.shadergraph/Editor/Generation/Descriptors/PassDescriptor.cs - Importer: ScriptedImporter/UnityEditor.QuickSearchModule:UnityEditor.Search:ASIAI0B
Importing 'GUID: 6ff52c01a22cf93409b31a2bf5a73fea - Path: Packages/com.unity.shadergraph/Editor/Generation/Descriptors/PassDescriptor.cs - Importer: ScriptedImporter/UnityEditor.QuickSearchModule:UnityEditor.Search:ASIAI0B' with importer (ScriptedImporter : UnityEditor.QuickSearchModule:UnityEditor.Search:ASIAI0B)
Imported 'GUID: 6ff52c01a22cf93409b31a2bf5a73fea' -> (Import Result ID: 'a3fb16157d976ee06e0d3ad5185850c7') in 0.002 seconds [static and dynamic dependencies]. Details - ImportResultOutputID=807764d3829cad2197ad81416ad0c0be DependenciesID=8a9ac0693797bdf7b685238b897e0aed StaticDependenciesID=8fe1da8cbea3b11b98a9b44e2d3c7362 
Number of updated asset objects reloaded before import = 0
Number of asset objects unloaded after import = 0
========================================================================
Received Import Request.
  Time of request: 2026-10-01T08:15:30.1089888Z
  Time since last request: 0.000258 seconds.
  importAddress: GUID: 8192fc2e63c354dff92db5dde0c564b7 - Path: Packages/com.unity.shadergraph/Editor/Generation/Attributes/GenerateBlocksAttribute.cs - Importer: ScriptedImporter/UnityEditor.QuickSearchModule:UnityEditor.Search:ASIAI0B
Importing 'GUID: 8192fc2e63c354dff92db5dde0c564b7 - Path: Packages/com.unity.shadergraph/Editor/Generation/Attributes/GenerateBlocksAttribute.cs - Importer: ScriptedImporter/UnityEditor.QuickSearchModule:UnityEditor.Search:ASIAI0B' with importer (ScriptedImporter : UnityEditor.QuickSearchModule:UnityEditor.Search:ASIAI0B)
Imported 'GUID: 8192fc2e63c354dff92db5dde0c564b7' -> (Import Result ID: 'd8523ff6c9ef3cd2e19df7c0b80e6bbb') in 0.001 seconds [static and dynamic dependencies]. Details - ImportResultOutputID=54f64ae6d833604a7961b58034b92c0a DependenciesID=226c110f6ac4cd6aa2033f0862a95973 StaticDependenciesID=04a612d78fcaad520e0d847cd7e5904e 
Number of updated asset objects reloaded before import = 0
Number of asset objects unloaded after import = 0
========================================================================
Received Import Request.
  Time of request: 2026-10-01T08:15:30.1413047Z
  Time since last request: 0.0229795 seconds.
  importAddress: GUID: 5cd0a6e3acef6584a9bed67c51ff1d64 - Path: Packages/com.unity.shadergraph/Editor/Generation/Processors/GeneratorDerivativeUtils.cs - Importer: ScriptedImporter/UnityEditor.QuickSearchModule:UnityEditor.Search:ASIAI0B
Importing 'GUID: 5cd0a6e3acef6584a9bed67c51ff1d64 - Path: Packages/com.unity.shadergraph/Editor/Generation/Processors/GeneratorDerivativeUtils.cs - Importer: ScriptedImporter/UnityEditor.QuickSearchModule:UnityEditor.Search:ASIAI0B' with importer (ScriptedImporter : UnityEditor.QuickSearchModule:UnityEditor.Search:ASIAI0B)
Imported 'GUID: 5cd0a6e3acef6584a9bed67c51ff1d64' -> (Import Result ID: '0cf55ccaf56cf1cfed7b2b21753daff7') in 0.002 seconds [static and dynamic dependencies]. Details - ImportResultOutputID=af0ac5e43eda689afc87b13e096e5bbf DependenciesID=ca5d8354d4ef0ec6ceb9091d675a53e7 StaticDependenciesID=27fcd7bfa7e8033062cceeaeda0598fe 
Number of updated asset objects reloaded before import = 0
Number of asset objects unloaded after import = 0
========================================================================
Received Import Request.
  Time of request: 2026-10-01T08:15:30.1518661Z
  Time since last request: 0.0003937 seconds.
  importAddress: GUID: d3b47ff860a51904395688d633cb1018 - Path: Packages/com.unity.shadergraph/Editor/Generation/Templates/BuildSurfaceDescriptionInputs.template.hlsl - Importer: ScriptedImporter/UnityEditor.QuickSearchModule:UnityEditor.Search:ASIAI0B
Importing 'GUID: d3b47ff860a51904395688d633cb1018 - Path: Packages/com.unity.shadergraph/Editor/Generation/Templates/BuildSurfaceDescriptionInputs.template.hlsl - Importer: ScriptedImporter/UnityEditor.QuickSearchModule:UnityEditor.Search:ASIAI0B' with importer (ScriptedImporter : UnityEditor.QuickSearchModule:UnityEditor.Search:ASIAI0B)
Imported 'GUID: d3b47ff860a51904395688d633cb1018' -> (Import Result ID: 'a263235c38b8c07ded92f329e0d3dfed') in 0.002 seconds [static and dynamic dependencies]. Details - ImportResultOutputID=ea5c884cc7ee06adc01c27274269d511 DependenciesID=ab3ef6cc8ff27b37a05ee06413923d9d StaticDependenciesID=8a025205ce061c9d8604e2d8c53a643b 
Number of updated asset objects reloaded before import = 0
Number of asset objects unloaded after import = 1
========================================================================
Received Import Request.
  Time of request: 2026-10-01T08:15:30.1618688Z
  Time since last request: 0.0002976 seconds.
  importAddress: GUID: eebb07dc513b2c443817955c36dbcf1b - Path: Packages/com.unity.shadergraph/Editor/Generation/Enumerations/KeywordShaderStage.cs - Importer: ScriptedImporter/UnityEditor.QuickSearchModule:UnityEditor.Search:ASIAI0B
Importing 'GUID: eebb07dc513b2c443817955c36dbcf1b - Path: Packages/com.unity.shadergraph/Editor/Generation/Enumerations/KeywordShaderStage.cs - Importer: ScriptedImporter/UnityEditor.QuickSearchModule:UnityEditor.Search:ASIAI0B' with importer (ScriptedImporter : UnityEditor.QuickSearchModule:UnityEditor.Search:ASIAI0B)
Imported 'GUID: eebb07dc513b2c443817955c36dbcf1b' -> (Import Result ID: '2b656f63895795c096ec438d1602d97b') in 0.002 seconds [static and dynamic dependencies]. Details - ImportResultOutputID=9c473484474d17612969240accb729c4 DependenciesID=36edc70cf4283b2be3064ee2296d75ae StaticDependenciesID=436f0ecb4093dddc6d3bed358acd4526 
Number of updated asset objects reloaded before import = 0
Number of asset objects unloaded after import = 0
========================================================================
Received Import Request.
  Time of request: 2026-10-01T08:15:30.1728265Z
  Time since last request: 0.0004563 seconds.
  importAddress: GUID: 6bfd5f3c15e1ee7498657be747544985 - Path: Packages/com.unity.shadergraph/Editor/Resources/Icons/SettingsIcons_hover.png - Importer: ScriptedImporter/UnityEditor.QuickSearchModule:UnityEditor.Search:ASIAI0B
Importing 'GUID: 6bfd5f3c15e1ee7498657be747544985 - Path: Packages/com.unity.shadergraph/Editor/Resources/Icons/SettingsIcons_hover.png - Importer: ScriptedImporter/UnityEditor.QuickSearchModule:UnityEditor.Search:ASIAI0B' with importer (ScriptedImporter : UnityEditor.QuickSearchModule:UnityEditor.Search:ASIAI0B)
Imported 'GUID: 6bfd5f3c15e1ee7498657be747544985' -> (Import Result ID: 'eb056dd2a4551ff948e5adfd2c9d1e6e') in 0.007 seconds [static and dynamic dependencies]. Details - ImportResultOutputID=9dd9d666944e62936de0cbdb3276e3de DependenciesID=0f3b59f97e58cba32743ff36a0919657 StaticDependenciesID=37359237e18ea6ab56be3ba419a2e663 
Number of updated asset objects reloaded before import = 0
Number of asset objects unloaded after import = 1
========================================================================
Received Import Request.
  Time of request: 2026-10-01T08:15:30.1891565Z
  Time since last request: 0.0003183 seconds.
  importAddress: GUID: b1b079d053c3d0c41952dadf32a89ffd - Path: Packages/com.unity.shadergraph/Editor/Resources/Icons/SettingsIcons_hover@2x.png - Importer: ScriptedImporter/UnityEditor.QuickSearchModule:UnityEditor.Search:ASIAI0B
Importing 'GUID: b1b079d053c3d0c41952dadf32a89ffd - Path: Packages/com.unity.shadergraph/Editor/Resources/Icons/SettingsIcons_hover@2x.png - Importer: ScriptedImporter/UnityEditor.QuickSearchModule:UnityEditor.Search:ASIAI0B' with importer (ScriptedImporter : UnityEditor.QuickSearchModule:UnityEditor.Search:ASIAI0B)
Imported 'GUID: b1b079d053c3d0c41952dadf32a89ffd' -> (Import Result ID: 'd7ec206644bca2af290d672434c0ddc0') in 0.004 seconds [static and dynamic dependencies]. Details - ImportResultOutputID=fc954097f90318a6a127f7a52039c84c DependenciesID=63bf3757b9fff7e16bc7ae696abd0a89 StaticDependenciesID=57427fca9d4df47e824eb8983a277f87 
Number of updated asset objects reloaded before import = 0
Number of asset objects unloaded after import = 1
========================================================================
Received Import Request.
  Time of request: 2026-10-01T08:15:30.2018172Z
  Time since last request: 0.0003493 seconds.
  importAddress: GUID: 1d9ef2c068925ac42b1a5793f3706b87 - Path: Packages/com.unity.shadergraph/Editor/Generation/Enumerations/Cull.cs - Importer: ScriptedImporter/UnityEditor.QuickSearchModule:UnityEditor.Search:ASIAI0B
Importing 'GUID: 1d9ef2c068925ac42b1a5793f3706b87 - Path: Packages/com.unity.shadergraph/Editor/Generation/Enumerations/Cull.cs - Importer: ScriptedImporter/UnityEditor.QuickSearchModule:UnityEditor.Search:ASIAI0B' with importer (ScriptedImporter : UnityEditor.QuickSearchModule:UnityEditor.Search:ASIAI0B)
Imported 'GUID: 1d9ef2c068925ac42b1a5793f3706b87' -> (Import Result ID: '3052263f8aac02808acd784e3d3696cc') in 0.002 seconds [static and dynamic dependencies]. Details - ImportResultOutputID=17e3e67de1c3c52d8e146a8ad5f142a5 DependenciesID=c1fb0149fa754219fd1f102738c6bda7 StaticDependenciesID=3f04d0cba9cefe9d43b6e03426b55c2a 
Number of updated asset objects reloaded before import = 0
Number of asset objects unloaded after import = 0
========================================================================
Received Import Request.
  Time of request: 2026-10-01T08:15:30.2120883Z
  Time since last request: 0.0004321 seconds.
  importAddress: GUID: 2f2e2190c36a7b54295d734e567b3e44 - Path: Packages/com.unity.shadergraph/Editor/Resources/Icons/sg_subgraph_icon.png - Importer: ScriptedImporter/UnityEditor.QuickSearchModule:UnityEditor.Search:ASIAI0B
Importing 'GUID: 2f2e2190c36a7b54295d734e567b3e44 - Path: Packages/com.unity.shadergraph/Editor/Resources/Icons/sg_subgraph_icon.png - Importer: ScriptedImporter/UnityEditor.QuickSearchModule:UnityEditor.Search:ASIAI0B' with importer (ScriptedImporter : UnityEditor.QuickSearchModule:UnityEditor.Search:ASIAI0B)
Imported 'GUID: 2f2e2190c36a7b54295d734e567b3e44' -> (Import Result ID: '2d2ed1ca98c4ff84f35e1117fdd8fca3') in 0.004 seconds [static and dynamic dependencies]. Details - ImportResultOutputID=4f175507d5a71526f8084127720662be DependenciesID=6ca15c8c5bf5138dd627c30d6ba7ad43 StaticDependenciesID=622c1bb2e67920d571f454d43b2b4e71 
Number of updated asset objects reloaded before import = 0
Number of asset objects unloaded after import = 1
========================================================================
Received Import Request.
  Time of request: 2026-10-01T08:15:30.2242255Z
  Time since last request: 0.0003145 seconds.
  importAddress: GUID: a6d06b16029264544ac0e989c073ac31 - Path: Packages/com.unity.shadergraph/Editor/Generation/Utils/TargetUtils.cs - Importer: ScriptedImporter/UnityEditor.QuickSearchModule:UnityEditor.Search:ASIAI0B
Importing 'GUID: a6d06b16029264544ac0e989c073ac31 - Path: Packages/com.unity.shadergraph/Editor/Generation/Utils/TargetUtils.cs - Importer: ScriptedImporter/UnityEditor.QuickSearchModule:UnityEditor.Search:ASIAI0B' with importer (ScriptedImporter : UnityEditor.QuickSearchModule:UnityEditor.Search:ASIAI0B)
Imported 'GUID: a6d06b16029264544ac0e989c073ac31' -> (Import Result ID: '9c113cc539978692557a041e4c9957eb') in 0.002 seconds [static and dynamic dependencies]. Details - ImportResultOutputID=0404749106a33000a7b4dae473da10fa DependenciesID=9c530ed34662d779be4792951c87a902 StaticDependenciesID=3614019c4dfb3593ad7c5abc42693066 
Number of updated asset objects reloaded before import = 0
Number of asset objects unloaded after import = 0
========================================================================
Received Import Request.
  Time of request: 2026-10-01T08:15:30.248705Z
  Time since last request: 0.0141773 seconds.
  importAddress: GUID: 3039d6867ed141b44b3463a76cabd45c - Path: Packages/com.unity.shadergraph/GraphTemplates/Subgraphs/Terrain/Pack Material.shadersubgraph - Importer: ScriptedImporter/UnityEditor.QuickSearchModule:UnityEditor.Search:ASIAI0B
Importing 'GUID: 3039d6867ed141b44b3463a76cabd45c - Path: Packages/com.unity.shadergraph/GraphTemplates/Subgraphs/Terrain/Pack Material.shadersubgraph - Importer: ScriptedImporter/UnityEditor.QuickSearchModule:UnityEditor.Search:ASIAI0B' with importer (ScriptedImporter : UnityEditor.QuickSearchModule:UnityEditor.Search:ASIAI0B)
Imported 'GUID: 3039d6867ed141b44b3463a76cabd45c' -> (Import Result ID: '35e2964186388d52838e81e45a6ba83d') in 0.003 seconds [static and dynamic dependencies]. Details - ImportResultOutputID=c350e0ddffb802940bf7c14c6dbf4597 DependenciesID=3c14b037c7fa0bf31d67a6002b8cf099 StaticDependenciesID=a49632a820506fff90ca7cbf10d0c06b 
Number of updated asset objects reloaded before import = 0
Number of asset objects unloaded after import = 1
========================================================================
Received Import Request.
  Time of request: 2026-10-01T08:15:30.2614147Z
  Time since last request: 0.0002675 seconds.
  importAddress: GUID: 781e1a409e314b1fb13e3605a69680ba - Path: Packages/com.unity.shadergraph/Editor/Resources/UXML/HeatmapValuesEditor.uxml - Importer: ScriptedImporter/UnityEditor.QuickSearchModule:UnityEditor.Search:ASIAI0B
Importing 'GUID: 781e1a409e314b1fb13e3605a69680ba - Path: Packages/com.unity.shadergraph/Editor/Resources/UXML/HeatmapValuesEditor.uxml - Importer: ScriptedImporter/UnityEditor.QuickSearchModule:UnityEditor.Search:ASIAI0B' with importer (ScriptedImporter : UnityEditor.QuickSearchModule:UnityEditor.Search:ASIAI0B)
Imported 'GUID: 781e1a409e314b1fb13e3605a69680ba' -> (Import Result ID: 'b16bad60cd59cacca72d57c5a6339e33') in 0.008 seconds [static and dynamic dependencies]. Details - ImportResultOutputID=ecc27c368810a604028df2fb04200c0c DependenciesID=3fbf3ca5f9bfd5af3a0130b45383f60d StaticDependenciesID=177be54359d2110c71f1d39d6b304984 
Number of updated asset objects reloaded before import = 0
Number of asset objects unloaded after import = 2
========================================================================
Received Import Request.
  Time of request: 2026-10-01T08:15:30.2804449Z
  Time since last request: 0.0002314 seconds.
  importAddress: GUID: 7471d1c0502da124ba03a8b0379a265e - Path: Packages/com.unity.shadergraph/Editor/Resources/Styles/UITKMasterNodePreview.uss - Importer: ScriptedImporter/UnityEditor.QuickSearchModule:UnityEditor.Search:ASIAI0B
Importing 'GUID: 7471d1c0502da124ba03a8b0379a265e - Path: Packages/com.unity.shadergraph/Editor/Resources/Styles/UITKMasterNodePreview.uss - Importer: ScriptedImporter/UnityEditor.QuickSearchModule:UnityEditor.Search:ASIAI0B' with importer (ScriptedImporter : UnityEditor.QuickSearchModule:UnityEditor.Search:ASIAI0B)
Imported 'GUID: 7471d1c0502da124ba03a8b0379a265e' -> (Import Result ID: '425764ce67543cfb0067b1eace816248') in 0.005 seconds [static and dynamic dependencies]. Details - ImportResultOutputID=d97eeaa0deceb0097a8e7728f847aaed DependenciesID=60c36522fc010b438298d0c58003a32d StaticDependenciesID=86bee00c1338659c4df662ea6dbf5be4 
Number of updated asset objects reloaded before import = 0
Number of asset objects unloaded after import = 3
========================================================================
Received Import Request.
  Time of request: 2026-10-01T08:15:30.2936178Z
  Time since last request: 0.0003497 seconds.
  importAddress: GUID: c47827ee6a0eadd4288dede8e3993da3 - Path: Packages/com.unity.shadergraph/Editor/Resources/Styles/MaterialNodeView.uss - Importer: ScriptedImporter/UnityEditor.QuickSearchModule:UnityEditor.Search:ASIAI0B
Importing 'GUID: c47827ee6a0eadd4288dede8e3993da3 - Path: Packages/com.unity.shadergraph/Editor/Resources/Styles/MaterialNodeView.uss - Importer: ScriptedImporter/UnityEditor.QuickSearchModule:UnityEditor.Search:ASIAI0B' with importer (ScriptedImporter : UnityEditor.QuickSearchModule:UnityEditor.Search:ASIAI0B)
Imported 'GUID: c47827ee6a0eadd4288dede8e3993da3' -> (Import Result ID: '033ab3151d028cef21e0bb6d9c75ae18') in 0.004 seconds [static and dynamic dependencies]. Details - ImportResultOutputID=5c3e448b7aac1c1b1753bb023a8a9723 DependenciesID=0d77d5a3e6622d7a42d1a961bc763ff9 StaticDependenciesID=3b93639b418dda4d8a433bc4eead1691 
Number of updated asset objects reloaded before import = 0
Number of asset objects unloaded after import = 1
========================================================================
Received Import Request.
  Time of request: 2026-10-01T08:15:30.306365Z
  Time since last request: 0.0003531 seconds.
  importAddress: GUID: 5caf62d8bd7c44596ace77ef9eb8ea31 - Path: Packages/com.unity.shadergraph/Editor/Resources/Shaders/Checkerboard.shader - Importer: ScriptedImporter/UnityEditor.QuickSearchModule:UnityEditor.Search:ASIAI0B
Importing 'GUID: 5caf62d8bd7c44596ace77ef9eb8ea31 - Path: Packages/com.unity.shadergraph/Editor/Resources/Shaders/Checkerboard.shader - Importer: ScriptedImporter/UnityEditor.QuickSearchModule:UnityEditor.Search:ASIAI0B' with importer (ScriptedImporter : UnityEditor.QuickSearchModule:UnityEditor.Search:ASIAI0B)
Imported 'GUID: 5caf62d8bd7c44596ace77ef9eb8ea31' -> (Import Result ID: 'e272762d2f346d23ac5c6e341457cdfb') in 0.002 seconds [static and dynamic dependencies]. Details - ImportResultOutputID=b80dbfd507c28079b07371e0a89991bf DependenciesID=7a1c2296a1573425f5dd0cf2be8e4d75 StaticDependenciesID=cc08de01f01ed3d21392736015fa65e0 
Number of updated asset objects reloaded before import = 0
Number of asset objects unloaded after import = 1
========================================================================
Received Import Request.
  Time of request: 2026-10-01T08:15:30.3548846Z
  Time since last request: 0.0384322 seconds.
  importAddress: GUID: a6f00720402a4d0391ccb88ab5f2e74c - Path: Packages/com.unity.shadergraph/Tests/Editor/UnitTests/HeatmapTests.cs - Importer: ScriptedImporter/UnityEditor.QuickSearchModule:UnityEditor.Search:ASIAI0B
Importing 'GUID: a6f00720402a4d0391ccb88ab5f2e74c - Path: Packages/com.unity.shadergraph/Tests/Editor/UnitTests/HeatmapTests.cs - Importer: ScriptedImporter/UnityEditor.QuickSearchModule:UnityEditor.Search:ASIAI0B' with importer (ScriptedImporter : UnityEditor.QuickSearchModule:UnityEditor.Search:ASIAI0B)
Imported 'GUID: a6f00720402a4d0391ccb88ab5f2e74c' -> (Import Result ID: '8c13942f3c14f5672a6b9da7190cbba5') in 0.002 seconds [static and dynamic dependencies]. Details - ImportResultOutputID=4ae46db15cff19fd74a48e8074644b9a DependenciesID=e10593020dcf66ecde3bb10503fcb3a6 StaticDependenciesID=95a87641702f308fb828a42b53b453f2 
Number of updated asset objects reloaded before import = 0
Number of asset objects unloaded after import = 0
========================================================================
Received Import Request.
  Time of request: 2026-10-01T08:15:30.3650139Z
  Time since last request: 0.0005235 seconds.
  importAddress: GUID: 816037e003cccbc4b8a61ec1bf91ab0c - Path: Packages/com.unity.shadergraph/Tests/Editor/UnitTests/PropertyChunkTests.cs - Importer: ScriptedImporter/UnityEditor.QuickSearchModule:UnityEditor.Search:ASIAI0B
Importing 'GUID: 816037e003cccbc4b8a61ec1bf91ab0c - Path: Packages/com.unity.shadergraph/Tests/Editor/UnitTests/PropertyChunkTests.cs - Importer: ScriptedImporter/UnityEditor.QuickSearchModule:UnityEditor.Search:ASIAI0B' with importer (ScriptedImporter : UnityEditor.QuickSearchModule:UnityEditor.Search:ASIAI0B)
Imported 'GUID: 816037e003cccbc4b8a61ec1bf91ab0c' -> (Import Result ID: '1b246db76487a3f256862a552a48d7a5') in 0.002 seconds [static and dynamic dependencies]. Details - ImportResultOutputID=f781da716f4f59b6dc85092c7c98cd0e DependenciesID=c590c839830c7396719187181ce62090 StaticDependenciesID=9a1e9fd578d8921e9145d6bac1217d8d 
Number of updated asset objects reloaded before import = 0
Number of asset objects unloaded after import = 0
========================================================================
Received Import Request.
  Time of request: 2026-10-01T08:15:30.3755406Z
  Time since last request: 0.0004875 seconds.
  importAddress: GUID: fdcc4209e9d976d4e8644e2b9bcef10d - Path: Packages/com.unity.shadergraph/Tests/Editor/UnitTests/PropertyGeneratorTests.cs - Importer: ScriptedImporter/UnityEditor.QuickSearchModule:UnityEditor.Search:ASIAI0B
Importing 'GUID: fdcc4209e9d976d4e8644e2b9bcef10d - Path: Packages/com.unity.shadergraph/Tests/Editor/UnitTests/PropertyGeneratorTests.cs - Importer: ScriptedImporter/UnityEditor.QuickSearchModule:UnityEditor.Search:ASIAI0B' with importer (ScriptedImporter : UnityEditor.QuickSearchModule:UnityEditor.Search:ASIAI0B)
Imported 'GUID: fdcc4209e9d976d4e8644e2b9bcef10d' -> (Import Result ID: '1554d362e41ddd84a3c3fb967c608d65') in 0.001 seconds [static and dynamic dependencies]. Details - ImportResultOutputID=b8ef5e057ef5ffb4eaa8fb8c8cb5b28a DependenciesID=0283bc012dd1c45296123f494aaebd6e StaticDependenciesID=7fba46d74d0a7a15f8fdb85e6735ea59 
Number of updated asset objects reloaded before import = 0
Number of asset objects unloaded after import = 0
========================================================================
Received Import Request.
  Time of request: 2026-10-01T08:15:30.3891446Z
  Time since last request: 0.0046525 seconds.
  importAddress: GUID: 006a87e9975ae6f40963c25f46922381 - Path: Packages/com.unity.shadergraph/Editor/Data/Nodes/UI/DefaultBitmapTextNode.cs - Importer: ScriptedImporter/UnityEditor.QuickSearchModule:UnityEditor.Search:ASIAI0B
Importing 'GUID: 006a87e9975ae6f40963c25f46922381 - Path: Packages/com.unity.shadergraph/Editor/Data/Nodes/UI/DefaultBitmapTextNode.cs - Importer: ScriptedImporter/UnityEditor.QuickSearchModule:UnityEditor.Search:ASIAI0B' with importer (ScriptedImporter : UnityEditor.QuickSearchModule:UnityEditor.Search:ASIAI0B)
Imported 'GUID: 006a87e9975ae6f40963c25f46922381' -> (Import Result ID: '5f74d159d8a26f64965843b4997e10c4') in 0.002 seconds [static and dynamic dependencies]. Details - ImportResultOutputID=936c8cd1b2165d749715035e4be436c8 DependenciesID=09c8147806ddd59bba509379c77234b1 StaticDependenciesID=189825fa92ecbd2684cefc6095fbf905 
Number of updated asset objects reloaded before import = 0
Number of asset objects unloaded after import = 0
========================================================================
Received Import Request.
  Time of request: 2026-10-01T08:15:30.3988517Z
  Time since last request: 0.0002918 seconds.
  importAddress: GUID: a4dc2e25b8fb77545a565552f5d2b928 - Path: Packages/com.unity.shadergraph/Tests/Editor/UnitTests/UtilityTests.cs - Importer: ScriptedImporter/UnityEditor.QuickSearchModule:UnityEditor.Search:ASIAI0B
Importing 'GUID: a4dc2e25b8fb77545a565552f5d2b928 - Path: Packages/com.unity.shadergraph/Tests/Editor/UnitTests/UtilityTests.cs - Importer: ScriptedImporter/UnityEditor.QuickSearchModule:UnityEditor.Search:ASIAI0B' with importer (ScriptedImporter : UnityEditor.QuickSearchModule:UnityEditor.Search:ASIAI0B)
Imported 'GUID: a4dc2e25b8fb77545a565552f5d2b928' -> (Import Result ID: 'b4eeeb94d9a4e2470a902b89c99d47c8') in 0.002 seconds [static and dynamic dependencies]. Details - ImportResultOutputID=8f826324a54afc0315429a7fb669fca4 DependenciesID=33c5b89f2e55e8af0669fc65de8dfdf5 StaticDependenciesID=abd53a1ab13f758bc26f8944071080e2 
Number of updated asset objects reloaded before import = 0
Number of asset objects unloaded after import = 0
========================================================================
Received Import Request.
  Time of request: 2026-10-01T08:15:30.4089798Z
  Time since last request: 0.0003511 seconds.
  importAddress: GUID: 0f2710f417f893e4db3c7f3649adfa0e - Path: Packages/com.unity.shadergraph/Editor/Drawing/Inspector/PropertyDrawers/IShaderPropertyDrawer.cs - Importer: ScriptedImporter/UnityEditor.QuickSearchModule:UnityEditor.Search:ASIAI0B
Importing 'GUID: 0f2710f417f893e4db3c7f3649adfa0e - Path: Packages/com.unity.shadergraph/Editor/Drawing/Inspector/PropertyDrawers/IShaderPropertyDrawer.cs - Importer: ScriptedImporter/UnityEditor.QuickSearchModule:UnityEditor.Search:ASIAI0B' with importer (ScriptedImporter : UnityEditor.QuickSearchModule:UnityEditor.Search:ASIAI0B)
Imported 'GUID: 0f2710f417f893e4db3c7f3649adfa0e' -> (Import Result ID: '906056edb245fe84737dd220907f94cb') in 0.002 seconds [static and dynamic dependencies]. Details - ImportResultOutputID=c9ce09e5987f7102013e99ae2cb6dcaf DependenciesID=c9d8d1326a06bc872e8968a6591fcff0 StaticDependenciesID=ad34108643f7034c6bf1680e843bf0c1 
Number of updated asset objects reloaded before import = 0
Number of asset objects unloaded after import = 0
========================================================================
Received Import Request.
  Time of request: 2026-10-01T08:15:30.4195643Z
  Time since last request: 0.0002601 seconds.
  importAddress: GUID: b16d3bd20d4d2c644969258425ff071a - Path: Packages/com.unity.shadergraph/Editor/Data/Interfaces/Graph/INode.cs - Importer: ScriptedImporter/UnityEditor.QuickSearchModule:UnityEditor.Search:ASIAI0B
Importing 'GUID: b16d3bd20d4d2c644969258425ff071a - Path: Packages/com.unity.shadergraph/Editor/Data/Interfaces/Graph/INode.cs - Importer: ScriptedImporter/UnityEditor.QuickSearchModule:UnityEditor.Search:ASIAI0B' with importer (ScriptedImporter : UnityEditor.QuickSearchModule:UnityEditor.Search:ASIAI0B)
Imported 'GUID: b16d3bd20d4d2c644969258425ff071a' -> (Import Result ID: 'abde02e2ce827ecac07c9e267f11eb91') in 0.002 seconds [static and dynamic dependencies]. Details - ImportResultOutputID=85dc11599f3657aa7aa0c83e79ecf87b DependenciesID=4c751dfed5aaead4effabbb7c8a403e4 StaticDependenciesID=b4f1c37d59c620c53f11a4ef63374c1d 
Number of updated asset objects reloaded before import = 0
Number of asset objects unloaded after import = 0
========================================================================
Received Import Request.
  Time of request: 2026-10-01T08:15:30.4294968Z
  Time since last request: 0.0004849 seconds.
  importAddress: GUID: c6b03af40f8944e4a3c303c7875029d0 - Path: Packages/com.unity.shadergraph/Editor/Drawing/Inspector/PropertyDrawers/BoolPropertyDrawer.cs - Importer: ScriptedImporter/UnityEditor.QuickSearchModule:UnityEditor.Search:ASIAI0B
Importing 'GUID: c6b03af40f8944e4a3c303c7875029d0 - Path: Packages/com.unity.shadergraph/Editor/Drawing/Inspector/PropertyDrawers/BoolPropertyDrawer.cs - Importer: ScriptedImporter/UnityEditor.QuickSearchModule:UnityEditor.Search:ASIAI0B' with importer (ScriptedImporter : UnityEditor.QuickSearchModule:UnityEditor.Search:ASIAI0B)
Imported 'GUID: c6b03af40f8944e4a3c303c7875029d0' -> (Import Result ID: 'e9440893652a732f317d3581def24083') in 0.002 seconds [static and dynamic dependencies]. Details - ImportResultOutputID=e9dd5a04e38f0f20d41338a6a0279239 DependenciesID=d831375326939788890adf1a6a7748a6 StaticDependenciesID=53a02a02b67ac81a4d3e2dbf2c3f5c43 
Number of updated asset objects reloaded before import = 0
Number of asset objects unloaded after import = 0
========================================================================
Received Import Request.
  Time of request: 2026-10-01T08:15:30.4397944Z
  Time since last request: 0.0004331 seconds.
  importAddress: GUID: e28fc1d401304229b06d7d0cb83dafce - Path: Packages/com.unity.shadergraph/Editor/Drawing/Inspector/PropertyDrawers/MatrixPropertyDrawer.cs - Importer: ScriptedImporter/UnityEditor.QuickSearchModule:UnityEditor.Search:ASIAI0B
Importing 'GUID: e28fc1d401304229b06d7d0cb83dafce - Path: Packages/com.unity.shadergraph/Editor/Drawing/Inspector/PropertyDrawers/MatrixPropertyDrawer.cs - Importer: ScriptedImporter/UnityEditor.QuickSearchModule:UnityEditor.Search:ASIAI0B' with importer (ScriptedImporter : UnityEditor.QuickSearchModule:UnityEditor.Search:ASIAI0B)
Imported 'GUID: e28fc1d401304229b06d7d0cb83dafce' -> (Import Result ID: '72bf2f8f1ea84ff0428ff3bacfbb3ca9') in 0.002 seconds [static and dynamic dependencies]. Details - ImportResultOutputID=d90eafd4e440c4d785d23b9af9c97873 DependenciesID=ad6e30e66116399859dd7e4b3f869781 StaticDependenciesID=c5c935338a262ecf07a32e5c2401c95f 
Number of updated asset objects reloaded before import = 0
Number of asset objects unloaded after import = 0
========================================================================
Received Import Request.
  Time of request: 2026-10-01T08:15:30.4779648Z
  Time since last request: 0.0282905 seconds.
  importAddress: GUID: 229381d565da42440bcbc93f7ab89799 - Path: Packages/com.unity.shadergraph/Editor/Drawing/Inspector/PropertyDrawers/SampleTexture3DNodePropertyDrawer.cs - Importer: ScriptedImporter/UnityEditor.QuickSearchModule:UnityEditor.Search:ASIAI0B
Importing 'GUID: 229381d565da42440bcbc93f7ab89799 - Path: Packages/com.unity.shadergraph/Editor/Drawing/Inspector/PropertyDrawers/SampleTexture3DNodePropertyDrawer.cs - Importer: ScriptedImporter/UnityEditor.QuickSearchModule:UnityEditor.Search:ASIAI0B' with importer (ScriptedImporter : UnityEditor.QuickSearchModule:UnityEditor.Search:ASIAI0B)
Imported 'GUID: 229381d565da42440bcbc93f7ab89799' -> (Import Result ID: '16a6e907ca13c1e5587f0bb423a7ff17') in 0.002 seconds [static and dynamic dependencies]. Details - ImportResultOutputID=bed850a427bf18746fa1222de5c27af7 DependenciesID=1dfe0b7ddd639fc956d7ace949d7f368 StaticDependenciesID=358b02983d8a630b5d2b7474521a0372 
Number of updated asset objects reloaded before import = 0
Number of asset objects unloaded after import = 0
========================================================================
Received Import Request.
  Time of request: 2026-10-01T08:15:30.4893616Z
  Time since last request: 0.0001825 seconds.
  importAddress: GUID: 6511e850402b445298bdb3256d9a131b - Path: Packages/com.unity.shadergraph/Editor/Drawing/Views/Slots/MultiFloatSlotControlView.cs - Importer: ScriptedImporter/UnityEditor.QuickSearchModule:UnityEditor.Search:ASIAI0B
Importing 'GUID: 6511e850402b445298bdb3256d9a131b - Path: Packages/com.unity.shadergraph/Editor/Drawing/Views/Slots/MultiFloatSlotControlView.cs - Importer: ScriptedImporter/UnityEditor.QuickSearchModule:UnityEditor.Search:ASIAI0B' with importer (ScriptedImporter : UnityEditor.QuickSearchModule:UnityEditor.Search:ASIAI0B)
Imported 'GUID: 6511e850402b445298bdb3256d9a131b' -> (Import Result ID: '5c01adc73c8ec2877b8c6f792365c388') in 0.002 seconds [static and dynamic dependencies]. Details - ImportResultOutputID=db7dbe594bd3a9376ece2bd20e6b2de7 DependenciesID=d62a3f5f98584a7b3c79d11dc0ee1953 StaticDependenciesID=ed149360be19d802693df6565348de29 
Number of updated asset objects reloaded before import = 0
Number of asset objects unloaded after import = 0
========================================================================
Received Import Request.
  Time of request: 2026-10-01T08:15:30.4989101Z
  Time since last request: 0.0001677 seconds.
  importAddress: GUID: c8397526cd944664f841668eeee04055 - Path: Packages/com.unity.shadergraph/Editor/Generation/Targets/Fullscreen/FullscreenShaderGUI.cs - Importer: ScriptedImporter/UnityEditor.QuickSearchModule:UnityEditor.Search:ASIAI0B
Importing 'GUID: c8397526cd944664f841668eeee04055 - Path: Packages/com.unity.shadergraph/Editor/Generation/Targets/Fullscreen/FullscreenShaderGUI.cs - Importer: ScriptedImporter/UnityEditor.QuickSearchModule:UnityEditor.Search:ASIAI0B' with importer (ScriptedImporter : UnityEditor.QuickSearchModule:UnityEditor.Search:ASIAI0B)
Imported 'GUID: c8397526cd944664f841668eeee04055' -> (Import Result ID: '8efbbf5f3fec709e5a24d04446b5e51c') in 0.002 seconds [static and dynamic dependencies]. Details - ImportResultOutputID=4fe4dbff5ac1668220b4d92e46214a73 DependenciesID=6716dcb1691a860eb724af4d942c944f StaticDependenciesID=71e15977f9076b95634a3e96cc586293 
Number of updated asset objects reloaded before import = 0
Number of asset objects unloaded after import = 0
========================================================================
Received Import Request.
  Time of request: 2026-10-01T08:15:30.5089065Z
  Time since last request: 0.0002342 seconds.
  importAddress: GUID: b37bc2e95bab46b781fef0da2e9a2ece - Path: Packages/com.unity.shadergraph/Editor/Drawing/Inspector/PropertyDrawers/Texture2DPropertyDrawer.cs - Importer: ScriptedImporter/UnityEditor.QuickSearchModule:UnityEditor.Search:ASIAI0B
Importing 'GUID: b37bc2e95bab46b781fef0da2e9a2ece - Path: Packages/com.unity.shadergraph/Editor/Drawing/Inspector/PropertyDrawers/Texture2DPropertyDrawer.cs - Importer: ScriptedImporter/UnityEditor.QuickSearchModule:UnityEditor.Search:ASIAI0B' with importer (ScriptedImporter : UnityEditor.QuickSearchModule:UnityEditor.Search:ASIAI0B)
Imported 'GUID: b37bc2e95bab46b781fef0da2e9a2ece' -> (Import Result ID: '4bd8377fc286ba70050ed857ec1838f8') in 0.002 seconds [static and dynamic dependencies]. Details - ImportResultOutputID=80c8d7a685e58f2c274854c89b4940ef DependenciesID=408fc77ba8590205e9807b3dbb2041e6 StaticDependenciesID=312f81f2b7a5838ce4704b2838a6dc00 
Number of updated asset objects reloaded before import = 0
Number of asset objects unloaded after import = 0
========================================================================
Received Import Request.
  Time of request: 2026-10-01T08:15:30.5191915Z
  Time since last request: 0.0003262 seconds.
  importAddress: GUID: bf8c61714a08403bb754cbc99f1963a8 - Path: Packages/com.unity.shadergraph/Editor/Drawing/Inspector/PropertyDrawers/ShaderInputPropertyDrawer.cs - Importer: ScriptedImporter/UnityEditor.QuickSearchModule:UnityEditor.Search:ASIAI0B
Importing 'GUID: bf8c61714a08403bb754cbc99f1963a8 - Path: Packages/com.unity.shadergraph/Editor/Drawing/Inspector/PropertyDrawers/ShaderInputPropertyDrawer.cs - Importer: ScriptedImporter/UnityEditor.QuickSearchModule:UnityEditor.Search:ASIAI0B' with importer (ScriptedImporter : UnityEditor.QuickSearchModule:UnityEditor.Search:ASIAI0B)
Imported 'GUID: bf8c61714a08403bb754cbc99f1963a8' -> (Import Result ID: 'f3a54071af1908e1441b4e62592c92e7') in 0.002 seconds [static and dynamic dependencies]. Details - ImportResultOutputID=0d8a5c28a89671151ebbd49c6faf33ba DependenciesID=67310a4625aa905ae28a3d703a726fd7 StaticDependenciesID=b3a06792613c9cfdc913049b1d401447 
Number of updated asset objects reloaded before import = 0
Number of asset objects unloaded after import = 0
========================================================================
Received Import Request.
  Time of request: 2026-10-01T08:15:30.5299912Z
  Time since last request: 0.0003152 seconds.
  importAddress: GUID: f19b65893a414156825079dfc9a6dea3 - Path: Packages/com.unity.shadergraph/Editor/Drawing/Views/Slots/UVSlotControlView.cs - Importer: ScriptedImporter/UnityEditor.QuickSearchModule:UnityEditor.Search:ASIAI0B
Importing 'GUID: f19b65893a414156825079dfc9a6dea3 - Path: Packages/com.unity.shadergraph/Editor/Drawing/Views/Slots/UVSlotControlView.cs - Importer: ScriptedImporter/UnityEditor.QuickSearchModule:UnityEditor.Search:ASIAI0B' with importer (ScriptedImporter : UnityEditor.QuickSearchModule:UnityEditor.Search:ASIAI0B)
Imported 'GUID: f19b65893a414156825079dfc9a6dea3' -> (Import Result ID: 'fd4c16c955da41fe5eb45786666e30af') in 0.002 seconds [static and dynamic dependencies]. Details - ImportResultOutputID=f5a35034b107f1ac9a2f7f1fc905bebb DependenciesID=cb8406050d7aec4dd0fcbda87c485186 StaticDependenciesID=e1ad036f927386df10766d9551d94340 
Number of updated asset objects reloaded before import = 0
Number of asset objects unloaded after import = 0
========================================================================
Received Import Request.
  Time of request: 2026-10-01T08:15:30.5414964Z
  Time since last request: 0.0003314 seconds.
  importAddress: GUID: 63458f45f3af4d04b99a4ccd21430c8a - Path: Packages/com.unity.shadergraph/Editor/Drawing/Inspector/PropertyDrawers/Texture3DPropertyDrawer.cs - Importer: ScriptedImporter/UnityEditor.QuickSearchModule:UnityEditor.Search:ASIAI0B
Importing 'GUID: 63458f45f3af4d04b99a4ccd21430c8a - Path: Packages/com.unity.shadergraph/Editor/Drawing/Inspector/PropertyDrawers/Texture3DPropertyDrawer.cs - Importer: ScriptedImporter/UnityEditor.QuickSearchModule:UnityEditor.Search:ASIAI0B' with importer (ScriptedImporter : UnityEditor.QuickSearchModule:UnityEditor.Search:ASIAI0B)
Imported 'GUID: 63458f45f3af4d04b99a4ccd21430c8a' -> (Import Result ID: '47d0f9b7352cef609a2c7acfccad32ee') in 0.001 seconds [static and dynamic dependencies]. Details - ImportResultOutputID=7c8f27a128e7047822380fdf3f98e3d5 DependenciesID=0158299da03c915b1e59a0687329685d StaticDependenciesID=f1c4023e1266780b67a5a9894f611730 
Number of updated asset objects reloaded before import = 0
Number of asset objects unloaded after import = 0
========================================================================
Received Import Request.
  Time of request: 2026-10-01T08:15:30.5650681Z
  Time since last request: 0.0135033 seconds.
  importAddress: GUID: 76dc05b36584d4d0085b786ca1b29fe3 - Path: Packages/com.unity.shadergraph/Editor/Resources/Styles/Controls/GradientSlotControlView.uss - Importer: ScriptedImporter/UnityEditor.QuickSearchModule:UnityEditor.Search:ASIAI0B
Importing 'GUID: 76dc05b36584d4d0085b786ca1b29fe3 - Path: Packages/com.unity.shadergraph/Editor/Resources/Styles/Controls/GradientSlotControlView.uss - Importer: ScriptedImporter/UnityEditor.QuickSearchModule:UnityEditor.Search:ASIAI0B' with importer (ScriptedImporter : UnityEditor.QuickSearchModule:UnityEditor.Search:ASIAI0B)
Imported 'GUID: 76dc05b36584d4d0085b786ca1b29fe3' -> (Import Result ID: '6fc488cd2aec5697ab9f4a73ba96499e') in 0.002 seconds [static and dynamic dependencies]. Details - ImportResultOutputID=ed062a039fe82213661378dfbf8e9585 DependenciesID=f269da816e0f8166377dab9ab16d4954 StaticDependenciesID=2de0d7c102edae2a6940bc170069af1e 
Number of updated asset objects reloaded before import = 0
Number of asset objects unloaded after import = 1
========================================================================
Received Import Request.
  Time of request: 2026-10-01T08:15:30.5752078Z
  Time since last request: 0.0002652 seconds.
  importAddress: GUID: 81f64e9003fb9674889a56938f078eb0 - Path: Packages/com.unity.shadergraph/Editor/Resources/Styles/Controls/CubemapSlotControlView.uss - Importer: ScriptedImporter/UnityEditor.QuickSearchModule:UnityEditor.Search:ASIAI0B
Importing 'GUID: 81f64e9003fb9674889a56938f078eb0 - Path: Packages/com.unity.shadergraph/Editor/Resources/Styles/Controls/CubemapSlotControlView.uss - Importer: ScriptedImporter/UnityEditor.QuickSearchModule:UnityEditor.Search:ASIAI0B' with importer (ScriptedImporter : UnityEditor.QuickSearchModule:UnityEditor.Search:ASIAI0B)
Imported 'GUID: 81f64e9003fb9674889a56938f078eb0' -> (Import Result ID: '9ab8dddc85cdcedc5a3252f827d1f444') in 0.002 seconds [static and dynamic dependencies]. Details - ImportResultOutputID=bfd84fc506f9e4cccb18f9319b020d41 DependenciesID=524b5d0d77b2a8a36f31021c772b7aca StaticDependenciesID=3a23809bb9711e03c2aa76faaf8b0670 
Number of updated asset objects reloaded before import = 0
Number of asset objects unloaded after import = 1
========================================================================
Received Import Request.
  Time of request: 2026-10-01T08:15:30.5867912Z
  Time since last request: 0.0003416 seconds.
  importAddress: GUID: c951fed1cf039c7439a755e2ca108e4a - Path: Packages/com.unity.shadergraph/Editor/Resources/GraphView/Nodes/NodeChevronDown@2x.png - Importer: ScriptedImporter/UnityEditor.QuickSearchModule:UnityEditor.Search:ASIAI0B
Importing 'GUID: c951fed1cf039c7439a755e2ca108e4a - Path: Packages/com.unity.shadergraph/Editor/Resources/GraphView/Nodes/NodeChevronDown@2x.png - Importer: ScriptedImporter/UnityEditor.QuickSearchModule:UnityEditor.Search:ASIAI0B' with importer (ScriptedImporter : UnityEditor.QuickSearchModule:UnityEditor.Search:ASIAI0B)
Imported 'GUID: c951fed1cf039c7439a755e2ca108e4a' -> (Import Result ID: '3a1acf4e000c1cf6543ed57c70289f13') in 0.005 seconds [static and dynamic dependencies]. Details - ImportResultOutputID=e8db958ea2e3f477ab9ad1dc5bb38e61 DependenciesID=56661d959f05d0bb49bb71c491e7d1cc StaticDependenciesID=23f43cee88fd81d7534c736dad8b55f5 
Number of updated asset objects reloaded before import = 0
Number of asset objects unloaded after import = 1
========================================================================
Received Import Request.
  Time of request: 2026-10-01T08:15:30.6005522Z
  Time since last request: 0.0003534 seconds.
  importAddress: GUID: 98cf1ee902c59944796b97562a34faee - Path: Packages/com.unity.shadergraph/Editor/Resources/UXML/Blackboard/SGBlackboardCategory.uxml - Importer: ScriptedImporter/UnityEditor.QuickSearchModule:UnityEditor.Search:ASIAI0B
Importing 'GUID: 98cf1ee902c59944796b97562a34faee - Path: Packages/com.unity.shadergraph/Editor/Resources/UXML/Blackboard/SGBlackboardCategory.uxml - Importer: ScriptedImporter/UnityEditor.QuickSearchModule:UnityEditor.Search:ASIAI0B' with importer (ScriptedImporter : UnityEditor.QuickSearchModule:UnityEditor.Search:ASIAI0B)
Imported 'GUID: 98cf1ee902c59944796b97562a34faee' -> (Import Result ID: 'd6ebb9829457e89a064d21292eb6bbb1') in 0.007 seconds [static and dynamic dependencies]. Details - ImportResultOutputID=81512e84c877e21221eb7a195f462e17 DependenciesID=2ad1e4d416af5ba725ff6b20ca571e58 StaticDependenciesID=af6c5e6bdf9fef0fb9afff808639dc76 
Number of updated asset objects reloaded before import = 0
Number of asset objects unloaded after import = 2
========================================================================
Received Import Request.
  Time of request: 2026-10-01T08:15:30.6161483Z
  Time since last request: 0.0005551 seconds.
  importAddress: GUID: 79edeef1474952e41b017ad4ac812f5e - Path: Packages/com.unity.shadergraph/Editor/Resources/Styles/Controls/UVSlotControlView.uss - Importer: ScriptedImporter/UnityEditor.QuickSearchModule:UnityEditor.Search:ASIAI0B
Importing 'GUID: 79edeef1474952e41b017ad4ac812f5e - Path: Packages/com.unity.shadergraph/Editor/Resources/Styles/Controls/UVSlotControlView.uss - Importer: ScriptedImporter/UnityEditor.QuickSearchModule:UnityEditor.Search:ASIAI0B' with importer (ScriptedImporter : UnityEditor.QuickSearchModule:UnityEditor.Search:ASIAI0B)
Imported 'GUID: 79edeef1474952e41b017ad4ac812f5e' -> (Import Result ID: 'c5cbd683d71eb715747b34c0ce0abefd') in 0.002 seconds [static and dynamic dependencies]. Details - ImportResultOutputID=43c9ee2c13319d4b03da8afb7b5aeb7a DependenciesID=bd1d223da10ad54970232e189b7fa563 StaticDependenciesID=776502910893116a99a401c6df881d96 
Number of updated asset objects reloaded before import = 0
Number of asset objects unloaded after import = 1
========================================================================
Received Import Request.
  Time of request: 2026-10-01T08:15:30.6276435Z
  Time since last request: 0.0002727 seconds.
  importAddress: GUID: 4b038bc8dced2a440bc294aeff20a4ac - Path: Packages/com.unity.shadergraph/Editor/Resources/Styles/Controls/ColorControlView.uss - Importer: ScriptedImporter/UnityEditor.QuickSearchModule:UnityEditor.Search:ASIAI0B
Importing 'GUID: 4b038bc8dced2a440bc294aeff20a4ac - Path: Packages/com.unity.shadergraph/Editor/Resources/Styles/Controls/ColorControlView.uss - Importer: ScriptedImporter/UnityEditor.QuickSearchModule:UnityEditor.Search:ASIAI0B' with importer (ScriptedImporter : UnityEditor.QuickSearchModule:UnityEditor.Search:ASIAI0B)
Imported 'GUID: 4b038bc8dced2a440bc294aeff20a4ac' -> (Import Result ID: '49742ebd7a2e8208b7937de96adec088') in 0.002 seconds [static and dynamic dependencies]. Details - ImportResultOutputID=433ace37a655c898e5dc3b1d7cf169e3 DependenciesID=4817953185108cf42bee8b6e76bd2603 StaticDependenciesID=bf98a3be25335e6c0f7729081768de89 
Number of updated asset objects reloaded before import = 0
Number of asset objects unloaded after import = 1
========================================================================
Received Import Request.
  Time of request: 2026-10-01T08:15:30.6547648Z
  Time since last request: 0.016346 seconds.
  importAddress: GUID: 39d5ba890306e584c9fb4fede8c37f9c - Path: Packages/com.unity.shadergraph/Editor/Data/Nodes/Input/Basic/SliderNode.cs - Importer: ScriptedImporter/UnityEditor.QuickSearchModule:UnityEditor.Search:ASIAI0B
Importing 'GUID: 39d5ba890306e584c9fb4fede8c37f9c - Path: Packages/com.unity.shadergraph/Editor/Data/Nodes/Input/Basic/SliderNode.cs - Importer: ScriptedImporter/UnityEditor.QuickSearchModule:UnityEditor.Search:ASIAI0B' with importer (ScriptedImporter : UnityEditor.QuickSearchModule:UnityEditor.Search:ASIAI0B)
Imported 'GUID: 39d5ba890306e584c9fb4fede8c37f9c' -> (Import Result ID: 'dd587c07712d41b125adb095ff4b1e64') in 0.002 seconds [static and dynamic dependencies]. Details - ImportResultOutputID=a9ad3f9b8e3425b698b9c674764a479a DependenciesID=5e86bca00a165d4af71480818d3a39bc StaticDependenciesID=fa034f990670c32ed38f0da25d68f573 
Number of updated asset objects reloaded before import = 0
Number of asset objects unloaded after import = 0
========================================================================
Received Import Request.
  Time of request: 2026-10-01T08:15:30.6648587Z
  Time since last request: 0.0003908 seconds.
  importAddress: GUID: e8d13e9dbb613e04f835b281d7ee9ef1 - Path: Packages/com.unity.shadergraph/Editor/Data/Nodes/Artistic/Normal/NormalBlendNode.cs - Importer: ScriptedImporter/UnityEditor.QuickSearchModule:UnityEditor.Search:ASIAI0B
Importing 'GUID: e8d13e9dbb613e04f835b281d7ee9ef1 - Path: Packages/com.unity.shadergraph/Editor/Data/Nodes/Artistic/Normal/NormalBlendNode.cs - Importer: ScriptedImporter/UnityEditor.QuickSearchModule:UnityEditor.Search:ASIAI0B' with importer (ScriptedImporter : UnityEditor.QuickSearchModule:UnityEditor.Search:ASIAI0B)
Imported 'GUID: e8d13e9dbb613e04f835b281d7ee9ef1' -> (Import Result ID: '57ded6670834bf4c0351810837660abb') in 0.002 seconds [static and dynamic dependencies]. Details - ImportResultOutputID=072cfcad7bc345ac8f93c7769e705ed9 DependenciesID=414a11025db59f6a4e5189ee03af1ef8 StaticDependenciesID=01db578b854042fe5ceb6566234f4a92 
Number of updated asset objects reloaded before import = 0
Number of asset objects unloaded after import = 0
========================================================================
Received Import Request.
  Time of request: 2026-10-01T08:15:30.6761421Z
  Time since last request: 0.0002805 seconds.
  importAddress: GUID: d8d3a2d8c96e5994696f30f658efebea - Path: Packages/com.unity.shadergraph/Editor/Data/Nodes/Artistic/Adjustment/ChannelMixerNode.cs - Importer: ScriptedImporter/UnityEditor.QuickSearchModule:UnityEditor.Search:ASIAI0B
Importing 'GUID: d8d3a2d8c96e5994696f30f658efebea - Path: Packages/com.unity.shadergraph/Editor/Data/Nodes/Artistic/Adjustment/ChannelMixerNode.cs - Importer: ScriptedImporter/UnityEditor.QuickSearchModule:UnityEditor.Search:ASIAI0B' with importer (ScriptedImporter : UnityEditor.QuickSearchModule:UnityEditor.Search:ASIAI0B)
Imported 'GUID: d8d3a2d8c96e5994696f30f658efebea' -> (Import Result ID: '1f5a142ada1444b2d1af054510cd1ff6') in 0.001 seconds [static and dynamic dependencies]. Details - ImportResultOutputID=5b08e0fe2e62a8034cd761bcdc3721a5 DependenciesID=d59e2059cc24f296196236fee1a145ce StaticDependenciesID=f2fbfe8707d303a420b011738dc3a64f 
Number of updated asset objects reloaded before import = 0
Number of asset objects unloaded after import = 0
========================================================================
Received Import Request.
  Time of request: 2026-10-01T08:15:30.6899988Z
  Time since last request: 0.0043199 seconds.
  importAddress: GUID: 64b637768540cce4f83b9b10cdcacd23 - Path: Packages/com.unity.shadergraph/Editor/Data/Nodes/Input/Texture/SampleTexture2DLODNode.cs - Importer: ScriptedImporter/UnityEditor.QuickSearchModule:UnityEditor.Search:ASIAI0B
Importing 'GUID: 64b637768540cce4f83b9b10cdcacd23 - Path: Packages/com.unity.shadergraph/Editor/Data/Nodes/Input/Texture/SampleTexture2DLODNode.cs - Importer: ScriptedImporter/UnityEditor.QuickSearchModule:UnityEditor.Search:ASIAI0B' with importer (ScriptedImporter : UnityEditor.QuickSearchModule:UnityEditor.Search:ASIAI0B)
Imported 'GUID: 64b637768540cce4f83b9b10cdcacd23' -> (Import Result ID: 'd30e09cd7df0c9ebc32bb2a15a4e38b9') in 0.002 seconds [static and dynamic dependencies]. Details - ImportResultOutputID=02788a0ba1f975e3df695ae28415dc56 DependenciesID=ca5d91fd772b488b5821eb0005a00501 StaticDependenciesID=694b9102231a75ef31b3ebfc42fcf8c5 
Number of updated asset objects reloaded before import = 0
Number of asset objects unloaded after import = 0
========================================================================
Received Import Request.
  Time of request: 2026-10-01T08:15:30.6999927Z
  Time since last request: 0.0003983 seconds.
  importAddress: GUID: 5b12835ccaa954dc3ad06e9958e1e740 - Path: Packages/com.unity.shadergraph/Editor/Data/Nodes/Input/Gradient/SampleGradientNode.cs - Importer: ScriptedImporter/UnityEditor.QuickSearchModule:UnityEditor.Search:ASIAI0B
Importing 'GUID: 5b12835ccaa954dc3ad06e9958e1e740 - Path: Packages/com.unity.shadergraph/Editor/Data/Nodes/Input/Gradient/SampleGradientNode.cs - Importer: ScriptedImporter/UnityEditor.QuickSearchModule:UnityEditor.Search:ASIAI0B' with importer (ScriptedImporter : UnityEditor.QuickSearchModule:UnityEditor.Search:ASIAI0B)
Imported 'GUID: 5b12835ccaa954dc3ad06e9958e1e740' -> (Import Result ID: 'd69445c941773edad91a1f10131e61d2') in 0.002 seconds [static and dynamic dependencies]. Details - ImportResultOutputID=9fa6acb4e0b00ecb5e92e8d4d8f3e3b5 DependenciesID=99641bc4d8d95da3a443c2bd0be14370 StaticDependenciesID=52db1f445e5c3d4e098051afa89a82f6 
Number of updated asset objects reloaded before import = 0
Number of asset objects unloaded after import = 0
========================================================================
Received Import Request.
  Time of request: 2026-10-01T08:15:30.7120229Z
  Time since last request: 0.0002527 seconds.
  importAddress: GUID: 74a7bf7b417cd4fe4be8985888ddffae - Path: Packages/com.unity.shadergraph/Editor/Data/Nodes/Input/Gradient/GradientNode.cs - Importer: ScriptedImporter/UnityEditor.QuickSearchModule:UnityEditor.Search:ASIAI0B
Importing 'GUID: 74a7bf7b417cd4fe4be8985888ddffae - Path: Packages/com.unity.shadergraph/Editor/Data/Nodes/Input/Gradient/GradientNode.cs - Importer: ScriptedImporter/UnityEditor.QuickSearchModule:UnityEditor.Search:ASIAI0B' with importer (ScriptedImporter : UnityEditor.QuickSearchModule:UnityEditor.Search:ASIAI0B)
Imported 'GUID: 74a7bf7b417cd4fe4be8985888ddffae' -> (Import Result ID: '20c804522094479f28d84c8928ec6818') in 0.002 seconds [static and dynamic dependencies]. Details - ImportResultOutputID=4ee17ff0aa300478d34bdd0d1e077a9b DependenciesID=b8934af73ccd3bc0d11b2baef3098c56 StaticDependenciesID=f78067c9c8feb3100bb8a88fc0d5662c 
Number of updated asset objects reloaded before import = 0
Number of asset objects unloaded after import = 0
========================================================================
Received Import Request.
  Time of request: 2026-10-01T08:15:30.7224922Z
  Time since last request: 0.0002929 seconds.
  importAddress: GUID: 4dc57a132d2b8f346b104de7154e28a2 - Path: Packages/com.unity.shadergraph/Editor/Data/Nodes/Input/Gradient/BlackbodyNode.cs - Importer: ScriptedImporter/UnityEditor.QuickSearchModule:UnityEditor.Search:ASIAI0B
Importing 'GUID: 4dc57a132d2b8f346b104de7154e28a2 - Path: Packages/com.unity.shadergraph/Editor/Data/Nodes/Input/Gradient/BlackbodyNode.cs - Importer: ScriptedImporter/UnityEditor.QuickSearchModule:UnityEditor.Search:ASIAI0B' with importer (ScriptedImporter : UnityEditor.QuickSearchModule:UnityEditor.Search:ASIAI0B)
Imported 'GUID: 4dc57a132d2b8f346b104de7154e28a2' -> (Import Result ID: '8393b0bbcf9850818dcdc3d0a76cda40') in 0.002 seconds [static and dynamic dependencies]. Details - ImportResultOutputID=d8f1696f2f0ba96b762d9983dd7b12f6 DependenciesID=081ec13502af1cecfb07846977596a79 StaticDependenciesID=cbdbf31c1bdbf9e7f0adad1839195247 
Number of updated asset objects reloaded before import = 0
Number of asset objects unloaded after import = 0
========================================================================
Received Import Request.
  Time of request: 2026-10-01T08:15:30.7341309Z
  Time since last request: 0.0003392 seconds.
  importAddress: GUID: 27a3ba76eb1c9a54f8355034489b2e83 - Path: Packages/com.unity.shadergraph/Editor/Data/Nodes/Math/Advanced/NegateNode.cs - Importer: ScriptedImporter/UnityEditor.QuickSearchModule:UnityEditor.Search:ASIAI0B
Importing 'GUID: 27a3ba76eb1c9a54f8355034489b2e83 - Path: Packages/com.unity.shadergraph/Editor/Data/Nodes/Math/Advanced/NegateNode.cs - Importer: ScriptedImporter/UnityEditor.QuickSearchModule:UnityEditor.Search:ASIAI0B' with importer (ScriptedImporter : UnityEditor.QuickSearchModule:UnityEditor.Search:ASIAI0B)
Imported 'GUID: 27a3ba76eb1c9a54f8355034489b2e83' -> (Import Result ID: '3b36c17ef858c44531d4f5edaf36585e') in 0.002 seconds [static and dynamic dependencies]. Details - ImportResultOutputID=95278317b1dd59fefd64dec399c4d8c9 DependenciesID=7792de08155fbf025cc8d1191b6f7a12 StaticDependenciesID=5b9a1b815fe97c51ded6608bc75627e4 
Number of updated asset objects reloaded before import = 0
Number of asset objects unloaded after import = 0
========================================================================
Received Import Request.
  Time of request: 2026-10-01T08:15:30.7440225Z
  Time since last request: 0.0004558 seconds.
  importAddress: GUID: 6eaeb9c846408f74daeadcc3314810e4 - Path: Packages/com.unity.shadergraph/Editor/Data/Nodes/Input/Texture/SampleCubemapNode.cs - Importer: ScriptedImporter/UnityEditor.QuickSearchModule:UnityEditor.Search:ASIAI0B
Importing 'GUID: 6eaeb9c846408f74daeadcc3314810e4 - Path: Packages/com.unity.shadergraph/Editor/Data/Nodes/Input/Texture/SampleCubemapNode.cs - Importer: ScriptedImporter/UnityEditor.QuickSearchModule:UnityEditor.Search:ASIAI0B' with importer (ScriptedImporter : UnityEditor.QuickSearchModule:UnityEditor.Search:ASIAI0B)
Imported 'GUID: 6eaeb9c846408f74daeadcc3314810e4' -> (Import Result ID: '4833b0cfb14f47de71db498a6fd2a235') in 0.002 seconds [static and dynamic dependencies]. Details - ImportResultOutputID=89936b335c06060a866cac993d11d502 DependenciesID=2d9625bc3cf1e9a33925afd84749f145 StaticDependenciesID=abbb30bf1f6f757016c3208a5db4ffd1 
Number of updated asset objects reloaded before import = 0
Number of asset objects unloaded after import = 0
========================================================================
Received Import Request.
  Time of request: 2026-10-01T08:15:30.7796596Z
  Time since last request: 0.0224168 seconds.
  importAddress: GUID: 357a15b35b0cd9e47a66e10c5b627fcd - Path: Packages/com.unity.shadergraph/Editor/Data/Nodes/Math/Basic/AddNode.cs - Importer: ScriptedImporter/UnityEditor.QuickSearchModule:UnityEditor.Search:ASIAI0B
Importing 'GUID: 357a15b35b0cd9e47a66e10c5b627fcd - Path: Packages/com.unity.shadergraph/Editor/Data/Nodes/Math/Basic/AddNode.cs - Importer: ScriptedImporter/UnityEditor.QuickSearchModule:UnityEditor.Search:ASIAI0B' with importer (ScriptedImporter : UnityEditor.QuickSearchModule:UnityEditor.Search:ASIAI0B)
Imported 'GUID: 357a15b35b0cd9e47a66e10c5b627fcd' -> (Import Result ID: '20ef7ccfd8d95a6056f8e44e93e4dd52') in 0.002 seconds [static and dynamic dependencies]. Details - ImportResultOutputID=f0b1962d0dfa749f84fd6b6566fb4f32 DependenciesID=c885fb2556da13159211ac47bce03218 StaticDependenciesID=b7cdb5abd24da3d664e3c3f2451bdeef 
Number of updated asset objects reloaded before import = 0
Number of asset objects unloaded after import = 0
========================================================================
Received Import Request.
  Time of request: 2026-10-01T08:15:30.7894547Z
  Time since last request: 0.0004352 seconds.
  importAddress: GUID: 06ab35c1dfe05414787df3ea2772d507 - Path: Packages/com.unity.shadergraph/Editor/Data/Nodes/Math/Vector/FresnelEffectNode.cs - Importer: ScriptedImporter/UnityEditor.QuickSearchModule:UnityEditor.Search:ASIAI0B
Importing 'GUID: 06ab35c1dfe05414787df3ea2772d507 - Path: Packages/com.unity.shadergraph/Editor/Data/Nodes/Math/Vector/FresnelEffectNode.cs - Importer: ScriptedImporter/UnityEditor.QuickSearchModule:UnityEditor.Search:ASIAI0B' with importer (ScriptedImporter : UnityEditor.QuickSearchModule:UnityEditor.Search:ASIAI0B)
Imported 'GUID: 06ab35c1dfe05414787df3ea2772d507' -> (Import Result ID: '855941d4191e5ce9f1bfc6059e65ded9') in 0.002 seconds [static and dynamic dependencies]. Details - ImportResultOutputID=2d31c4e76202135f21098caa5ac9726a DependenciesID=6dbd76a6e7321c234b07b9eb7e1c4180 StaticDependenciesID=95caf000c254df3aa5ea8f28cab49dcb 
Number of updated asset objects reloaded before import = 0
Number of asset objects unloaded after import = 0
========================================================================
Received Import Request.
  Time of request: 2026-10-01T08:15:30.8036783Z
  Time since last request: 0.0007574 seconds.
  importAddress: GUID: 97e1d998eea5d644095671979ecf2e54 - Path: Packages/com.unity.shadergraph/Editor/Data/Nodes/Math/Vector/DotProductNode.cs - Importer: ScriptedImporter/UnityEditor.QuickSearchModule:UnityEditor.Search:ASIAI0B
Importing 'GUID: 97e1d998eea5d644095671979ecf2e54 - Path: Packages/com.unity.shadergraph/Editor/Data/Nodes/Math/Vector/DotProductNode.cs - Importer: ScriptedImporter/UnityEditor.QuickSearchModule:UnityEditor.Search:ASIAI0B' with importer (ScriptedImporter : UnityEditor.QuickSearchModule:UnityEditor.Search:ASIAI0B)
Imported 'GUID: 97e1d998eea5d644095671979ecf2e54' -> (Import Result ID: 'ebf5cc9e859a5a6dca46c1d177bfc6a3') in 0.002 seconds [static and dynamic dependencies]. Details - ImportResultOutputID=788bd11c54f8cf34558ccd8c4c7e3a34 DependenciesID=a1c41fa32e80c43f47481633762be39e StaticDependenciesID=dc410e0d4326ca73afc0900b363c6622 
Number of updated asset objects reloaded before import = 0
Number of asset objects unloaded after import = 0
========================================================================
Received Import Request.
  Time of request: 2026-10-01T08:15:30.8154291Z
  Time since last request: 0.0002099 seconds.
  importAddress: GUID: de49bddaf105fe34483c97b6546e54d7 - Path: Packages/com.unity.shadergraph/Editor/Data/Nodes/Math/Basic/SquareRootNode.cs - Importer: ScriptedImporter/UnityEditor.QuickSearchModule:UnityEditor.Search:ASIAI0B
Importing 'GUID: de49bddaf105fe34483c97b6546e54d7 - Path: Packages/com.unity.shadergraph/Editor/Data/Nodes/Math/Basic/SquareRootNode.cs - Importer: ScriptedImporter/UnityEditor.QuickSearchModule:UnityEditor.Search:ASIAI0B' with importer (ScriptedImporter : UnityEditor.QuickSearchModule:UnityEditor.Search:ASIAI0B)
Imported 'GUID: de49bddaf105fe34483c97b6546e54d7' -> (Import Result ID: '37805886004edfd16c837b0447845a1b') in 0.002 seconds [static and dynamic dependencies]. Details - ImportResultOutputID=6010d2f4bda85caa1ad3667e3ff28dcf DependenciesID=49b6d5dde5377c679c05522379daf24d StaticDependenciesID=51494cc18c75e420bac24ca16a9da4f9 
Number of updated asset objects reloaded before import = 0
Number of asset objects unloaded after import = 0
========================================================================
Received Import Request.
  Time of request: 2026-10-01T08:15:30.8253606Z
  Time since last request: 0.0002867 seconds.
  importAddress: GUID: 31c266bc8d479994eb5f6371038c75d2 - Path: Packages/com.unity.shadergraph/Editor/Data/Nodes/Math/Trigonometry/HyperbolicTangentNode.cs - Importer: ScriptedImporter/UnityEditor.QuickSearchModule:UnityEditor.Search:ASIAI0B
Importing 'GUID: 31c266bc8d479994eb5f6371038c75d2 - Path: Packages/com.unity.shadergraph/Editor/Data/Nodes/Math/Trigonometry/HyperbolicTangentNode.cs - Importer: ScriptedImporter/UnityEditor.QuickSearchModule:UnityEditor.Search:ASIAI0B' with importer (ScriptedImporter : UnityEditor.QuickSearchModule:UnityEditor.Search:ASIAI0B)
Imported 'GUID: 31c266bc8d479994eb5f6371038c75d2' -> (Import Result ID: '824db3dd756db96cca58dbeef75558e2') in 0.002 seconds [static and dynamic dependencies]. Details - ImportResultOutputID=0ad359ec82c36acedfeee5f33440b3f4 DependenciesID=a6b826261c0a02732eb16101eaf5f5ae StaticDependenciesID=17ee52bf6bac4bf8980e0be53f9a8496 
Number of updated asset objects reloaded before import = 0
Number of asset objects unloaded after import = 0
========================================================================
Received Import Request.
  Time of request: 2026-10-01T08:15:30.8351683Z
  Time since last request: 0.0002434 seconds.
  importAddress: GUID: ea3f39b56fc9544ff80cbe84aa0753d0 - Path: Packages/com.unity.shadergraph/Editor/Data/Nodes/Math/Range/OneMinusNode.cs - Importer: ScriptedImporter/UnityEditor.QuickSearchModule:UnityEditor.Search:ASIAI0B
Importing 'GUID: ea3f39b56fc9544ff80cbe84aa0753d0 - Path: Packages/com.unity.shadergraph/Editor/Data/Nodes/Math/Range/OneMinusNode.cs - Importer: ScriptedImporter/UnityEditor.QuickSearchModule:UnityEditor.Search:ASIAI0B' with importer (ScriptedImporter : UnityEditor.QuickSearchModule:UnityEditor.Search:ASIAI0B)
Imported 'GUID: ea3f39b56fc9544ff80cbe84aa0753d0' -> (Import Result ID: '459657f159ed5ab11a6232f904619092') in 0.002 seconds [static and dynamic dependencies]. Details - ImportResultOutputID=0cddcf861c08444a28ec370695132c06 DependenciesID=ce429150975b516e3d0b9380bc11104f StaticDependenciesID=85ae5e4a4f159d9ff03a482d3e5e03b2 
Number of updated asset objects reloaded before import = 0
Number of asset objects unloaded after import = 0
========================================================================
Received Import Request.
  Time of request: 2026-10-01T08:15:30.8454629Z
  Time since last request: 0.0002818 seconds.
  importAddress: GUID: 79ffed9a70f191f4c966a6eb3ae10d07 - Path: Packages/com.unity.shadergraph/Editor/Data/Nodes/Math/Range/MinimumNode.cs - Importer: ScriptedImporter/UnityEditor.QuickSearchModule:UnityEditor.Search:ASIAI0B
Importing 'GUID: 79ffed9a70f191f4c966a6eb3ae10d07 - Path: Packages/com.unity.shadergraph/Editor/Data/Nodes/Math/Range/MinimumNode.cs - Importer: ScriptedImporter/UnityEditor.QuickSearchModule:UnityEditor.Search:ASIAI0B' with importer (ScriptedImporter : UnityEditor.QuickSearchModule:UnityEditor.Search:ASIAI0B)
Imported 'GUID: 79ffed9a70f191f4c966a6eb3ae10d07' -> (Import Result ID: '881f06bb62abfe8576d833071cf4fb72') in 0.002 seconds [static and dynamic dependencies]. Details - ImportResultOutputID=bf24259417ef14e6267e1aa3141459b1 DependenciesID=00640852004ce728b2092eca2d71407b StaticDependenciesID=c74bead50853f67da89719cf112bcbcc 
Number of updated asset objects reloaded before import = 0
Number of asset objects unloaded after import = 0
========================================================================
Received Import Request.
  Time of request: 2026-10-01T08:15:30.8689765Z
  Time since last request: 0.0144483 seconds.
  importAddress: GUID: e01bb373f731e2946bb996c6b980c1ab - Path: Packages/com.unity.shadergraph/Editor/Generation/Targets/BuiltIn/ShaderLibrary/Core.hlsl - Importer: ScriptedImporter/UnityEditor.QuickSearchModule:UnityEditor.Search:ASIAI0B
Importing 'GUID: e01bb373f731e2946bb996c6b980c1ab - Path: Packages/com.unity.shadergraph/Editor/Generation/Targets/BuiltIn/ShaderLibrary/Core.hlsl - Importer: ScriptedImporter/UnityEditor.QuickSearchModule:UnityEditor.Search:ASIAI0B' with importer (ScriptedImporter : UnityEditor.QuickSearchModule:UnityEditor.Search:ASIAI0B)
Imported 'GUID: e01bb373f731e2946bb996c6b980c1ab' -> (Import Result ID: 'e806669c62e66aa9a6866b269531c550') in 0.002 seconds [static and dynamic dependencies]. Details - ImportResultOutputID=c06aa9b46f0d1885f318bd6716c102c7 DependenciesID=2694883274aa5521e65d35074fca0d8e StaticDependenciesID=d410b586d71354ad838b7a160ad99248 
Number of updated asset objects reloaded before import = 0
Number of asset objects unloaded after import = 1
========================================================================
Received Import Request.
  Time of request: 2026-10-01T08:15:30.8816133Z
  Time since last request: 0.0002764 seconds.
  importAddress: GUID: fa6980c25ec2f164ba4a6fcb040eb870 - Path: Packages/com.unity.shadergraph/Editor/Generation/Targets/Fullscreen/Includes/FullscreenShaderPass.cs.hlsl - Importer: ScriptedImporter/UnityEditor.QuickSearchModule:UnityEditor.Search:ASIAI0B
Importing 'GUID: fa6980c25ec2f164ba4a6fcb040eb870 - Path: Packages/com.unity.shadergraph/Editor/Generation/Targets/Fullscreen/Includes/FullscreenShaderPass.cs.hlsl - Importer: ScriptedImporter/UnityEditor.QuickSearchModule:UnityEditor.Search:ASIAI0B' with importer (ScriptedImporter : UnityEditor.QuickSearchModule:UnityEditor.Search:ASIAI0B)
Imported 'GUID: fa6980c25ec2f164ba4a6fcb040eb870' -> (Import Result ID: '18af3f328ac12ef584b2d7207c50dc39') in 0.002 seconds [static and dynamic dependencies]. Details - ImportResultOutputID=2c8977ed00b8468822ca13968a5dd735 DependenciesID=394b5a55cd69beb5ed715501f1fa90eb StaticDependenciesID=50fcdfb27ee6de7a8f644569b6cd7484 
Number of updated asset objects reloaded before import = 0
Number of asset objects unloaded after import = 1
========================================================================
Received Import Request.
  Time of request: 2026-10-01T08:15:30.8926938Z
  Time since last request: 0.0002685 seconds.
  importAddress: GUID: c7e3dd61523f54e52ade29765e299d3f - Path: Packages/com.unity.shadergraph/Editor/Data/Nodes/Utility/Logic/IsFrontFaceNode.cs - Importer: ScriptedImporter/UnityEditor.QuickSearchModule:UnityEditor.Search:ASIAI0B
Importing 'GUID: c7e3dd61523f54e52ade29765e299d3f - Path: Packages/com.unity.shadergraph/Editor/Data/Nodes/Utility/Logic/IsFrontFaceNode.cs - Importer: ScriptedImporter/UnityEditor.QuickSearchModule:UnityEditor.Search:ASIAI0B' with importer (ScriptedImporter : UnityEditor.QuickSearchModule:UnityEditor.Search:ASIAI0B)
Imported 'GUID: c7e3dd61523f54e52ade29765e299d3f' -> (Import Result ID: '86d1d2f2ed33dc8e74974ab27b59d609') in 0.002 seconds [static and dynamic dependencies]. Details - ImportResultOutputID=c8f0d8067d22e592f49166f8ea96d5d0 DependenciesID=bd99a7aea8204046584e01b93f9e0d6f StaticDependenciesID=0394de39652441157fe088becb1a0dbb 
Number of updated asset objects reloaded before import = 0
Number of asset objects unloaded after import = 0
========================================================================
Received Import Request.
  Time of request: 2026-10-01T08:15:30.9025409Z
  Time since last request: 0.0004031 seconds.
  importAddress: GUID: 5080cbd4eecd4a74b849da7f9b53632b - Path: Packages/com.unity.shadergraph/Editor/Generation/Targets/BuiltIn/ShaderLibrary/DeclareDepthTexture.hlsl - Importer: ScriptedImporter/UnityEditor.QuickSearchModule:UnityEditor.Search:ASIAI0B
Importing 'GUID: 5080cbd4eecd4a74b849da7f9b53632b - Path: Packages/com.unity.shadergraph/Editor/Generation/Targets/BuiltIn/ShaderLibrary/DeclareDepthTexture.hlsl - Importer: ScriptedImporter/UnityEditor.QuickSearchModule:UnityEditor.Search:ASIAI0B' with importer (ScriptedImporter : UnityEditor.QuickSearchModule:UnityEditor.Search:ASIAI0B)
Imported 'GUID: 5080cbd4eecd4a74b849da7f9b53632b' -> (Import Result ID: 'fb49f4cb7c928ceb2872f1b98c886d71') in 0.002 seconds [static and dynamic dependencies]. Details - ImportResultOutputID=9516bbdab27a8fc515ef119ca6a1684b DependenciesID=2ea12515109fe77d2c965dfca5bca08f StaticDependenciesID=7c168a61c8bb3a3035954b4eebd6c4f3 
Number of updated asset objects reloaded before import = 0
Number of asset objects unloaded after import = 1
========================================================================
Received Import Request.
  Time of request: 2026-10-01T08:15:30.913157Z
  Time since last request: 0.0006567 seconds.
  importAddress: GUID: faba19d28a5fc1d4187c0124658f1822 - Path: Packages/com.unity.shadergraph/Editor/Data/Nodes/Procedural/Shape/RoundedRectangleNode.cs - Importer: ScriptedImporter/UnityEditor.QuickSearchModule:UnityEditor.Search:ASIAI0B
Importing 'GUID: faba19d28a5fc1d4187c0124658f1822 - Path: Packages/com.unity.shadergraph/Editor/Data/Nodes/Procedural/Shape/RoundedRectangleNode.cs - Importer: ScriptedImporter/UnityEditor.QuickSearchModule:UnityEditor.Search:ASIAI0B' with importer (ScriptedImporter : UnityEditor.QuickSearchModule:UnityEditor.Search:ASIAI0B)
Imported 'GUID: faba19d28a5fc1d4187c0124658f1822' -> (Import Result ID: '5ceb66b61efa9479d2c875a6e7985d74') in 0.001 seconds [static and dynamic dependencies]. Details - ImportResultOutputID=f49a3f1ef06010f54a2adcc2a6c13b5e DependenciesID=25ae5618ab801af643f5912fee97baab StaticDependenciesID=8bc93dbf0ee0a01e69f5ec4de54603d1 
Number of updated asset objects reloaded before import = 0
Number of asset objects unloaded after import = 0
========================================================================
Received Import Request.
  Time of request: 2026-10-01T08:15:30.9382189Z
  Time since last request: 0.0148098 seconds.
  importAddress: GUID: cd9e404a0c5b4bb4787c63d916f217a2 - Path: Packages/com.unity.shadergraph/Editor/Generation/Targets/BuiltIn/Editor/ShaderGraph/Includes/DepthOnlyPass.hlsl - Importer: ScriptedImporter/UnityEditor.QuickSearchModule:UnityEditor.Search:ASIAI0B
Importing 'GUID: cd9e404a0c5b4bb4787c63d916f217a2 - Path: Packages/com.unity.shadergraph/Editor/Generation/Targets/BuiltIn/Editor/ShaderGraph/Includes/DepthOnlyPass.hlsl - Importer: ScriptedImporter/UnityEditor.QuickSearchModule:UnityEditor.Search:ASIAI0B' with importer (ScriptedImporter : UnityEditor.QuickSearchModule:UnityEditor.Search:ASIAI0B)
Imported 'GUID: cd9e404a0c5b4bb4787c63d916f217a2' -> (Import Result ID: '77cb98d5a85752619d05b7cb67c4f6f3') in 0.002 seconds [static and dynamic dependencies]. Details - ImportResultOutputID=f983bf141d5b74af7aab16f85654bf32 DependenciesID=e3ef67681cd32bce09b55cbfb0926f5e StaticDependenciesID=846c4e183e1d0b8e6aec911ecd70c5d2 
Number of updated asset objects reloaded before import = 0
Number of asset objects unloaded after import = 1
========================================================================
Received Import Request.
  Time of request: 2026-10-01T08:15:30.9491591Z
  Time since last request: 0.0004691 seconds.
  importAddress: GUID: 533c433efb1474f5199ca27d33120f21 - Path: Packages/com.unity.shadergraph/Editor/Generation/Targets/BuiltIn/Editor/ShaderGraph/BuiltInStructFields.cs - Importer: ScriptedImporter/UnityEditor.QuickSearchModule:UnityEditor.Search:ASIAI0B
Importing 'GUID: 533c433efb1474f5199ca27d33120f21 - Path: Packages/com.unity.shadergraph/Editor/Generation/Targets/BuiltIn/Editor/ShaderGraph/BuiltInStructFields.cs - Importer: ScriptedImporter/UnityEditor.QuickSearchModule:UnityEditor.Search:ASIAI0B' with importer (ScriptedImporter : UnityEditor.QuickSearchModule:UnityEditor.Search:ASIAI0B)
Imported 'GUID: 533c433efb1474f5199ca27d33120f21' -> (Import Result ID: '2e61209e16f528e3d3b7d83286213740') in 0.002 seconds [static and dynamic dependencies]. Details - ImportResultOutputID=44e5e97bc15250d0cceb819e49ea95e6 DependenciesID=3001c1f9b8806702aa922324c146dc74 StaticDependenciesID=c9fcd25837e4f93ddba6dfadcabcab9f 
Number of updated asset objects reloaded before import = 0
Number of asset objects unloaded after import = 0
========================================================================
Received Import Request.
  Time of request: 2026-10-01T08:15:30.9738791Z
  Time since last request: 0.0150379 seconds.
  importAddress: GUID: d1c01b917a304614daf4994f4ca27e6d - Path: Packages/com.unity.shadergraph/Editor/Generation/Targets/BuiltIn/Editor/ShaderGraph/Templates/SharedCode.template.hlsl - Importer: ScriptedImporter/UnityEditor.QuickSearchModule:UnityEditor.Search:ASIAI0B
Importing 'GUID: d1c01b917a304614daf4994f4ca27e6d - Path: Packages/com.unity.shadergraph/Editor/Generation/Targets/BuiltIn/Editor/ShaderGraph/Templates/SharedCode.template.hlsl - Importer: ScriptedImporter/UnityEditor.QuickSearchModule:UnityEditor.Search:ASIAI0B' with importer (ScriptedImporter : UnityEditor.QuickSearchModule:UnityEditor.Search:ASIAI0B)
Imported 'GUID: d1c01b917a304614daf4994f4ca27e6d' -> (Import Result ID: '6ebfc60b72244a351b48ec536b83584e') in 0.002 seconds [static and dynamic dependencies]. Details - ImportResultOutputID=1b7d4ddd76a57718996a97381cdb0905 DependenciesID=144be7523c25191dc29e890ba54cea2c StaticDependenciesID=a2603aff83497b8b8e47084b846d7ce4 
Number of updated asset objects reloaded before import = 0
Number of asset objects unloaded after import = 1
========================================================================
Received Import Request.
  Time of request: 2026-10-01T08:15:30.9838039Z
  Time since last request: 0.0005144 seconds.
  importAddress: GUID: 071c17858dc6c47ada7b2a1f1ded5402 - Path: Packages/com.unity.ide.rider/Rider/Editor/Util/LibcNativeInterop.cs - Importer: ScriptedImporter/UnityEditor.QuickSearchModule:UnityEditor.Search:ASIAI0B
Importing 'GUID: 071c17858dc6c47ada7b2a1f1ded5402 - Path: Packages/com.unity.ide.rider/Rider/Editor/Util/LibcNativeInterop.cs - Importer: ScriptedImporter/UnityEditor.QuickSearchModule:UnityEditor.Search:ASIAI0B' with importer (ScriptedImporter : UnityEditor.QuickSearchModule:UnityEditor.Search:ASIAI0B)
Imported 'GUID: 071c17858dc6c47ada7b2a1f1ded5402' -> (Import Result ID: '316d2d86b29edf3a648fc483bde75f86') in 0.003 seconds [static and dynamic dependencies]. Details - ImportResultOutputID=9e2123d94375ce8f6b8fa5a6da20bf6a DependenciesID=7df9127b4da06123312b90e5d1938aab StaticDependenciesID=30c02fa79a189bdd6c5ebd74bb014cae 
Number of updated asset objects reloaded before import = 0
Number of asset objects unloaded after import = 0
========================================================================
Received Import Request.
  Time of request: 2026-10-01T08:15:30.9945927Z
  Time since last request: 0.0002808 seconds.
  importAddress: GUID: 87d720faa37005c08600090e04d8c739 - Path: Packages/com.unity.modules.particlesystem/package.json - Importer: ScriptedImporter/UnityEditor.QuickSearchModule:UnityEditor.Search:ASIAI0B
Importing 'GUID: 87d720faa37005c08600090e04d8c739 - Path: Packages/com.unity.modules.particlesystem/package.json - Importer: ScriptedImporter/UnityEditor.QuickSearchModule:UnityEditor.Search:ASIAI0B' with importer (ScriptedImporter : UnityEditor.QuickSearchModule:UnityEditor.Search:ASIAI0B)
Imported 'GUID: 87d720faa37005c08600090e04d8c739' -> (Import Result ID: '35171772db1244f97bfab7284ec26cff') in 0.002 seconds [static and dynamic dependencies]. Details - ImportResultOutputID=406f3ea1d30a1cf36a0ae067ee8c5ef2 DependenciesID=9d2617f6c35b54c33653b33230e648c5 StaticDependenciesID=7fe37d95eb4424dccaf9253b907ab74c 
Number of updated asset objects reloaded before import = 0
Number of asset objects unloaded after import = 1
========================================================================
Received Import Request.
  Time of request: 2026-10-01T08:15:31.0048557Z
  Time since last request: 0.0004319 seconds.
  importAddress: GUID: 37dc84a050227a648b8474dd029e1729 - Path: Packages/com.unity.shadergraph/Editor/Generation/Targets/BuiltIn/Editor/ShaderGraph/Templates/ShaderPass.template - Importer: ScriptedImporter/UnityEditor.QuickSearchModule:UnityEditor.Search:ASIAI0B
Importing 'GUID: 37dc84a050227a648b8474dd029e1729 - Path: Packages/com.unity.shadergraph/Editor/Generation/Targets/BuiltIn/Editor/ShaderGraph/Templates/ShaderPass.template - Importer: ScriptedImporter/UnityEditor.QuickSearchModule:UnityEditor.Search:ASIAI0B' with importer (ScriptedImporter : UnityEditor.QuickSearchModule:UnityEditor.Search:ASIAI0B)
Imported 'GUID: 37dc84a050227a648b8474dd029e1729' -> (Import Result ID: '2869c9384fc8b94e5ee4aeac4f25f9d5') in 0.003 seconds [static and dynamic dependencies]. Details - ImportResultOutputID=b7a7bfd7a8f9bcf8d8a28b2111d1db02 DependenciesID=93f41decbcc4af5adf96e13fb65917cf StaticDependenciesID=de53aec635dfe9296b7b3cf7e2c5c225 
Number of updated asset objects reloaded before import = 0
Number of asset objects unloaded after import = 1
========================================================================
Received Import Request.
  Time of request: 2026-10-01T08:15:31.0183097Z
  Time since last request: 0.0002996 seconds.
  importAddress: GUID: e7c145f2cd3c411ca7f50ebc5f5a6d24 - Path: Packages/com.unity.ide.rider/Rider/Editor/StartUpMethodExecutor.cs - Importer: ScriptedImporter/UnityEditor.QuickSearchModule:UnityEditor.Search:ASIAI0B
Importing 'GUID: e7c145f2cd3c411ca7f50ebc5f5a6d24 - Path: Packages/com.unity.ide.rider/Rider/Editor/StartUpMethodExecutor.cs - Importer: ScriptedImporter/UnityEditor.QuickSearchModule:UnityEditor.Search:ASIAI0B' with importer (ScriptedImporter : UnityEditor.QuickSearchModule:UnityEditor.Search:ASIAI0B)
Imported 'GUID: e7c145f2cd3c411ca7f50ebc5f5a6d24' -> (Import Result ID: '588166bc6f8c388b48508623d64551b7') in 0.002 seconds [static and dynamic dependencies]. Details - ImportResultOutputID=1526b103a336a9a1ccd6eba22c4bbeaa DependenciesID=0361d248eee163d3f4ce094f9de77b98 StaticDependenciesID=0351e4f1500f0bfa91ee123b7be3f768 
Number of updated asset objects reloaded before import = 0
Number of asset objects unloaded after import = 0
========================================================================
Received Import Request.
  Time of request: 2026-10-01T08:15:31.0285888Z
  Time since last request: 0.0002662 seconds.
  importAddress: GUID: 5c3b27069cb3ddf42ba1260eeefcdd1c - Path: Packages/com.unity.ide.rider/Rider/Editor/UnitTesting/RiderTestRunner.cs - Importer: ScriptedImporter/UnityEditor.QuickSearchModule:UnityEditor.Search:ASIAI0B
Importing 'GUID: 5c3b27069cb3ddf42ba1260eeefcdd1c - Path: Packages/com.unity.ide.rider/Rider/Editor/UnitTesting/RiderTestRunner.cs - Importer: ScriptedImporter/UnityEditor.QuickSearchModule:UnityEditor.Search:ASIAI0B' with importer (ScriptedImporter : UnityEditor.QuickSearchModule:UnityEditor.Search:ASIAI0B)
Imported 'GUID: 5c3b27069cb3ddf42ba1260eeefcdd1c' -> (Import Result ID: 'aa591d406c16d30d2649cc8c83f9315a') in 0.001 seconds [static and dynamic dependencies]. Details - ImportResultOutputID=7d242d1cc0ee13e192be01784580474c DependenciesID=cf46d5b08c79c128986fd11e9231c468 StaticDependenciesID=d2d66a2c24f6c0c2c31f8656a08dceaf 
Number of updated asset objects reloaded before import = 0
Number of asset objects unloaded after import = 0
========================================================================
Received Import Request.
  Time of request: 2026-10-01T08:15:31.0602982Z
  Time since last request: 0.0221896 seconds.
  importAddress: GUID: aaa0f30bef36d854a9c4918b2bc186e0 - Path: Packages/com.unity.render-pipelines.universal/Editor/PostProcessDataEditor.cs - Importer: ScriptedImporter/UnityEditor.QuickSearchModule:UnityEditor.Search:ASIAI0B
Importing 'GUID: aaa0f30bef36d854a9c4918b2bc186e0 - Path: Packages/com.unity.render-pipelines.universal/Editor/PostProcessDataEditor.cs - Importer: ScriptedImporter/UnityEditor.QuickSearchModule:UnityEditor.Search:ASIAI0B' with importer (ScriptedImporter : UnityEditor.QuickSearchModule:UnityEditor.Search:ASIAI0B)
Imported 'GUID: aaa0f30bef36d854a9c4918b2bc186e0' -> (Import Result ID: 'f30b3d8c4b8601da64cc0199882eeea6') in 0.002 seconds [static and dynamic dependencies]. Details - ImportResultOutputID=281df4db585019aac7f6892486a598db DependenciesID=810678acc768bde39251674e9597a2a7 StaticDependenciesID=f908417d17e3608d7e328815a9baf684 
Number of updated asset objects reloaded before import = 0
Number of asset objects unloaded after import = 0
========================================================================
Received Import Request.
  Time of request: 2026-10-01T08:15:31.0706107Z
  Time since last request: 0.0004681 seconds.
  importAddress: GUID: c579267770062bf448e75eb160330b7f - Path: Packages/com.unity.render-pipelines.universal/Editor/Unity.RenderPipelines.Universal.Editor.asmdef - Importer: ScriptedImporter/UnityEditor.QuickSearchModule:UnityEditor.Search:ASIAI0B
Importing 'GUID: c579267770062bf448e75eb160330b7f - Path: Packages/com.unity.render-pipelines.universal/Editor/Unity.RenderPipelines.Universal.Editor.asmdef - Importer: ScriptedImporter/UnityEditor.QuickSearchModule:UnityEditor.Search:ASIAI0B' with importer (ScriptedImporter : UnityEditor.QuickSearchModule:UnityEditor.Search:ASIAI0B)
Imported 'GUID: c579267770062bf448e75eb160330b7f' -> (Import Result ID: '30b026cf30b64d1fcec008608d35328a') in 0.002 seconds [static and dynamic dependencies]. Details - ImportResultOutputID=adb7a22d6c39d25e53d62bf52c91d056 DependenciesID=a6deb15c1474a9b6dc8060a888510d9f StaticDependenciesID=5d7df5e0fbd3e194eadd0f254976d060 
Number of updated asset objects reloaded before import = 0
Number of asset objects unloaded after import = 1
========================================================================
Received Import Request.
  Time of request: 2026-10-01T08:15:31.0809619Z
  Time since last request: 0.0001825 seconds.
  importAddress: GUID: 56aa82b8bdef84972bf84cf772d3c550 - Path: Packages/com.unity.render-pipelines.universal/Runtime/ScriptableRendererData.cs - Importer: ScriptedImporter/UnityEditor.QuickSearchModule:UnityEditor.Search:ASIAI0B
Importing 'GUID: 56aa82b8bdef84972bf84cf772d3c550 - Path: Packages/com.unity.render-pipelines.universal/Runtime/ScriptableRendererData.cs - Importer: ScriptedImporter/UnityEditor.QuickSearchModule:UnityEditor.Search:ASIAI0B' with importer (ScriptedImporter : UnityEditor.QuickSearchModule:UnityEditor.Search:ASIAI0B)
Imported 'GUID: 56aa82b8bdef84972bf84cf772d3c550' -> (Import Result ID: '51442d977da3110b5547d69da345f3a5') in 0.002 seconds [static and dynamic dependencies]. Details - ImportResultOutputID=59853243144a5ae4b5c8f736a62f7372 DependenciesID=ada5c5cc2c0793b79cef1d708452bcbb StaticDependenciesID=9d6d6794f8c3b8b8f1da64c062262fad 
Number of updated asset objects reloaded before import = 0
Number of asset objects unloaded after import = 0
========================================================================
Received Import Request.
  Time of request: 2026-10-01T08:15:31.0922168Z
  Time since last request: 0.000338 seconds.
  importAddress: GUID: faf8a17ca9820a74d92f339faeb2abc6 - Path: Packages/com.unity.render-pipelines.universal/Editor/UniversalAnalytics.cs - Importer: ScriptedImporter/UnityEditor.QuickSearchModule:UnityEditor.Search:ASIAI0B
Importing 'GUID: faf8a17ca9820a74d92f339faeb2abc6 - Path: Packages/com.unity.render-pipelines.universal/Editor/UniversalAnalytics.cs - Importer: ScriptedImporter/UnityEditor.QuickSearchModule:UnityEditor.Search:ASIAI0B' with importer (ScriptedImporter : UnityEditor.QuickSearchModule:UnityEditor.Search:ASIAI0B)
Imported 'GUID: faf8a17ca9820a74d92f339faeb2abc6' -> (Import Result ID: 'c94d0d80f33587b5dcec0a1f8f60578e') in 0.002 seconds [static and dynamic dependencies]. Details - ImportResultOutputID=1c74a82e4a71d90a7f2ebc385af73244 DependenciesID=1ad6e9afe99bafe07c08e581f5e953f8 StaticDependenciesID=541485fe1a07d8df4fe72b4f61acc55b 
Number of updated asset objects reloaded before import = 0
Number of asset objects unloaded after import = 0
========================================================================
Received Import Request.
  Time of request: 2026-10-01T08:15:31.1017943Z
  Time since last request: 0.0003093 seconds.
  importAddress: GUID: 43ceab247d0646c4dadfa5c0b2c67424 - Path: Packages/com.unity.render-pipelines.universal/Editor/ShaderUtils.cs - Importer: ScriptedImporter/UnityEditor.QuickSearchModule:UnityEditor.Search:ASIAI0B
Importing 'GUID: 43ceab247d0646c4dadfa5c0b2c67424 - Path: Packages/com.unity.render-pipelines.universal/Editor/ShaderUtils.cs - Importer: ScriptedImporter/UnityEditor.QuickSearchModule:UnityEditor.Search:ASIAI0B' with importer (ScriptedImporter : UnityEditor.QuickSearchModule:UnityEditor.Search:ASIAI0B)
Imported 'GUID: 43ceab247d0646c4dadfa5c0b2c67424' -> (Import Result ID: '153af213ad19ee8ab5ed446317285b0f') in 0.002 seconds [static and dynamic dependencies]. Details - ImportResultOutputID=1780b3a8e8ba2fa35242083f8a635a96 DependenciesID=da4267efc57d1e19b9e32d1a702af248 StaticDependenciesID=5298e3143c4c1279eaeec38258a56125 
Number of updated asset objects reloaded before import = 0
Number of asset objects unloaded after import = 0
========================================================================
Received Import Request.
  Time of request: 2026-10-01T08:15:31.1120063Z
  Time since last request: 0.0003356 seconds.
  importAddress: GUID: f8a1318f0ebaa394fbc8d104806092b4 - Path: Packages/com.unity.render-pipelines.universal/Runtime/DeferredLights.cs - Importer: ScriptedImporter/UnityEditor.QuickSearchModule:UnityEditor.Search:ASIAI0B
Importing 'GUID: f8a1318f0ebaa394fbc8d104806092b4 - Path: Packages/com.unity.render-pipelines.universal/Runtime/DeferredLights.cs - Importer: ScriptedImporter/UnityEditor.QuickSearchModule:UnityEditor.Search:ASIAI0B' with importer (ScriptedImporter : UnityEditor.QuickSearchModule:UnityEditor.Search:ASIAI0B)
Imported 'GUID: f8a1318f0ebaa394fbc8d104806092b4' -> (Import Result ID: '99f91b76681437f0e61d389647a4a36f') in 0.001 seconds [static and dynamic dependencies]. Details - ImportResultOutputID=0385c6b46c5f47363984654a0e5e1072 DependenciesID=fedcb14b80e299d71e4372e4eb5d9bb0 StaticDependenciesID=4dd57fd3b840618086585a47c927d826 
Number of updated asset objects reloaded before import = 0
Number of asset objects unloaded after import = 0
========================================================================
Received Import Request.
  Time of request: 2026-10-01T08:15:31.1228844Z
  Time since last request: 0.00074 seconds.
  importAddress: GUID: aecdbe497ecdc4e498e66886c0b963cd - Path: Packages/com.unity.render-pipelines.universal/Editor/UniversalRenderPipelineLightEditor.cs - Importer: ScriptedImporter/UnityEditor.QuickSearchModule:UnityEditor.Search:ASIAI0B
Importing 'GUID: aecdbe497ecdc4e498e66886c0b963cd - Path: Packages/com.unity.render-pipelines.universal/Editor/UniversalRenderPipelineLightEditor.cs - Importer: ScriptedImporter/UnityEditor.QuickSearchModule:UnityEditor.Search:ASIAI0B' with importer (ScriptedImporter : UnityEditor.QuickSearchModule:UnityEditor.Search:ASIAI0B)
Imported 'GUID: aecdbe497ecdc4e498e66886c0b963cd' -> (Import Result ID: 'cfd1e39ff25a06d1462e6252c4a31d60') in 0.001 seconds [static and dynamic dependencies]. Details - ImportResultOutputID=70f61a4136acc3913f809d63d46cf915 DependenciesID=2fb1d38ee734a9fa6b9e75dc3f4079e7 StaticDependenciesID=93b1533c55f1da7f297d9e619a00bc37 
Number of updated asset objects reloaded before import = 0
Number of asset objects unloaded after import = 0
========================================================================
Received Import Request.
  Time of request: 2026-10-01T08:15:31.1473732Z
  Time since last request: 0.0154089 seconds.
  importAddress: GUID: c70398529f54bc44ca6a3ed0211e039f - Path: Packages/com.unity.render-pipelines.universal/ShaderLibrary/ParticlesInstancing.hlsl - Importer: ScriptedImporter/UnityEditor.QuickSearchModule:UnityEditor.Search:ASIAI0B
Importing 'GUID: c70398529f54bc44ca6a3ed0211e039f - Path: Packages/com.unity.render-pipelines.universal/ShaderLibrary/ParticlesInstancing.hlsl - Importer: ScriptedImporter/UnityEditor.QuickSearchModule:UnityEditor.Search:ASIAI0B' with importer (ScriptedImporter : UnityEditor.QuickSearchModule:UnityEditor.Search:ASIAI0B)
Imported 'GUID: c70398529f54bc44ca6a3ed0211e039f' -> (Import Result ID: 'fc66945264b6b83189ba45b7013bfba7') in 0.002 seconds [static and dynamic dependencies]. Details - ImportResultOutputID=e95cf307eb5e7969b113f74c13434307 DependenciesID=570d0e0f2a4907d2ebd894f76f8e45f4 StaticDependenciesID=30f4188a74f35d99cfb22799fc3a2768 
Number of updated asset objects reloaded before import = 0
Number of asset objects unloaded after import = 1
========================================================================
Received Import Request.
  Time of request: 2026-10-01T08:15:31.15685Z
  Time since last request: 0.0002759 seconds.
  importAddress: GUID: 2ec995e51a6e251468d2a3fd8a686257 - Path: Packages/com.unity.render-pipelines.universal/Runtime/UniversalRenderPipelineGlobalSettings.cs - Importer: ScriptedImporter/UnityEditor.QuickSearchModule:UnityEditor.Search:ASIAI0B
Importing 'GUID: 2ec995e51a6e251468d2a3fd8a686257 - Path: Packages/com.unity.render-pipelines.universal/Runtime/UniversalRenderPipelineGlobalSettings.cs - Importer: ScriptedImporter/UnityEditor.QuickSearchModule:UnityEditor.Search:ASIAI0B' with importer (ScriptedImporter : UnityEditor.QuickSearchModule:UnityEditor.Search:ASIAI0B)
Imported 'GUID: 2ec995e51a6e251468d2a3fd8a686257' -> (Import Result ID: '50f28e32912a692898ee3d1f611d2acc') in 0.002 seconds [static and dynamic dependencies]. Details - ImportResultOutputID=54af7fec104e266294fe577fe2fc16d1 DependenciesID=04168dd3ef73771d31404ba766dd7939 StaticDependenciesID=e92eda922b89e357c084f0c4c39c342a 
Number of updated asset objects reloaded before import = 0
Number of asset objects unloaded after import = 0
========================================================================
Received Import Request.
  Time of request: 2026-10-01T08:15:31.1670507Z
  Time since last request: 0.0003327 seconds.
  importAddress: GUID: 149bb9bb1dd2710499890484f7bacf05 - Path: Packages/com.unity.render-pipelines.universal/Runtime/ValidationHandler.cs - Importer: ScriptedImporter/UnityEditor.QuickSearchModule:UnityEditor.Search:ASIAI0B
Importing 'GUID: 149bb9bb1dd2710499890484f7bacf05 - Path: Packages/com.unity.render-pipelines.universal/Runtime/ValidationHandler.cs - Importer: ScriptedImporter/UnityEditor.QuickSearchModule:UnityEditor.Search:ASIAI0B' with importer (ScriptedImporter : UnityEditor.QuickSearchModule:UnityEditor.Search:ASIAI0B)
Imported 'GUID: 149bb9bb1dd2710499890484f7bacf05' -> (Import Result ID: '48756ff96e370f7f1065e8d2fb61e7f4') in 0.002 seconds [static and dynamic dependencies]. Details - ImportResultOutputID=b4d8e8b9f3648248839749e312073e53 DependenciesID=5af93047d26ba3c0db27fea2cde5c0ad StaticDependenciesID=ec7cdd653c19bd4fd87075cb99d4ac79 
Number of updated asset objects reloaded before import = 0
Number of asset objects unloaded after import = 0
========================================================================
Received Import Request.
  Time of request: 2026-10-01T08:15:31.1785668Z
  Time since last request: 0.0002989 seconds.
  importAddress: GUID: 87322610c9b88a64e8bce40c056d8116 - Path: Packages/com.unity.render-pipelines.universal/ShaderLibrary/GBufferOutputFormat.hlsl - Importer: ScriptedImporter/UnityEditor.QuickSearchModule:UnityEditor.Search:ASIAI0B
Importing 'GUID: 87322610c9b88a64e8bce40c056d8116 - Path: Packages/com.unity.render-pipelines.universal/ShaderLibrary/GBufferOutputFormat.hlsl - Importer: ScriptedImporter/UnityEditor.QuickSearchModule:UnityEditor.Search:ASIAI0B' with importer (ScriptedImporter : UnityEditor.QuickSearchModule:UnityEditor.Search:ASIAI0B)
Imported 'GUID: 87322610c9b88a64e8bce40c056d8116' -> (Import Result ID: 'a6b8d80c6850dfc4007ee9eb41cc68a9') in 0.002 seconds [static and dynamic dependencies]. Details - ImportResultOutputID=cbf89b3fed513cc00ef1eacff8e7f651 DependenciesID=55a8af5f03e73225a7c6c026443936fd StaticDependenciesID=d0f67ccf6e575ea8988c467f0ac704d2 
Number of updated asset objects reloaded before import = 0
Number of asset objects unloaded after import = 1
========================================================================
Received Import Request.
  Time of request: 2026-10-01T08:15:31.1893154Z
  Time since last request: 0.0003769 seconds.
  importAddress: GUID: 77a6d2810aa974e0bad8b56aec6e87f4 - Path: Packages/com.unity.render-pipelines.universal/ShaderLibrary/ShaderVariablesFunctions.deprecated.hlsl - Importer: ScriptedImporter/UnityEditor.QuickSearchModule:UnityEditor.Search:ASIAI0B
Importing 'GUID: 77a6d2810aa974e0bad8b56aec6e87f4 - Path: Packages/com.unity.render-pipelines.universal/ShaderLibrary/ShaderVariablesFunctions.deprecated.hlsl - Importer: ScriptedImporter/UnityEditor.QuickSearchModule:UnityEditor.Search:ASIAI0B' with importer (ScriptedImporter : UnityEditor.QuickSearchModule:UnityEditor.Search:ASIAI0B)
Imported 'GUID: 77a6d2810aa974e0bad8b56aec6e87f4' -> (Import Result ID: '225fe6cc52b64228a8040b4eb716a782') in 0.002 seconds [static and dynamic dependencies]. Details - ImportResultOutputID=2dd5128412e4a8c596a6fe6f2604a038 DependenciesID=d0a82c88c82d21deaba93bce866e3a3c StaticDependenciesID=4be53d1f7273c389a4931b46d4d20da6 
Number of updated asset objects reloaded before import = 0
Number of asset objects unloaded after import = 1
========================================================================
Received Import Request.
  Time of request: 2026-10-01T08:15:31.1995144Z
  Time since last request: 0.0002743 seconds.
  importAddress: GUID: 20013f01a8cbaef4c9545926c27b8d73 - Path: Packages/com.unity.render-pipelines.universal/ShaderLibrary/NormalReconstruction.hlsl - Importer: ScriptedImporter/UnityEditor.QuickSearchModule:UnityEditor.Search:ASIAI0B
Importing 'GUID: 20013f01a8cbaef4c9545926c27b8d73 - Path: Packages/com.unity.render-pipelines.universal/ShaderLibrary/NormalReconstruction.hlsl - Importer: ScriptedImporter/UnityEditor.QuickSearchModule:UnityEditor.Search:ASIAI0B' with importer (ScriptedImporter : UnityEditor.QuickSearchModule:UnityEditor.Search:ASIAI0B)
Imported 'GUID: 20013f01a8cbaef4c9545926c27b8d73' -> (Import Result ID: '21874fff5dd75da3133e24f532041335') in 0.002 seconds [static and dynamic dependencies]. Details - ImportResultOutputID=4e3da6c5eb4d41216ecc8cd52eb177db DependenciesID=e3b5ec4797a349f198563fc7ec54aaec StaticDependenciesID=de91781de8f563d7578091dccb1c9f8e 
Number of updated asset objects reloaded before import = 0
Number of asset objects unloaded after import = 1
========================================================================
Received Import Request.
  Time of request: 2026-10-01T08:15:31.2322936Z
  Time since last request: 0.0233451 seconds.
  importAddress: GUID: 28fcbf208a4c04495b93bb6d554908e0 - Path: Packages/com.unity.render-pipelines.universal/Shaders/UnlitGBufferPass.hlsl - Importer: ScriptedImporter/UnityEditor.QuickSearchModule:UnityEditor.Search:ASIAI0B
Importing 'GUID: 28fcbf208a4c04495b93bb6d554908e0 - Path: Packages/com.unity.render-pipelines.universal/Shaders/UnlitGBufferPass.hlsl - Importer: ScriptedImporter/UnityEditor.QuickSearchModule:UnityEditor.Search:ASIAI0B' with importer (ScriptedImporter : UnityEditor.QuickSearchModule:UnityEditor.Search:ASIAI0B)
Imported 'GUID: 28fcbf208a4c04495b93bb6d554908e0' -> (Import Result ID: '879fd6222e240bc851078517f37bd3c6') in 0.002 seconds [static and dynamic dependencies]. Details - ImportResultOutputID=cd48cc86e8e07270e1f7048e3e580127 DependenciesID=d47ed831e4e5bf4b65431d767bf8afe3 StaticDependenciesID=646a003befedda3011940624645fc289 
Number of updated asset objects reloaded before import = 0
Number of asset objects unloaded after import = 1
========================================================================
Received Import Request.
  Time of request: 2026-10-01T08:15:31.2438698Z
  Time since last request: 0.0003036 seconds.
  importAddress: GUID: 688ed6f8ef8246529e7fdd721e43d639 - Path: Packages/com.unity.render-pipelines.universal/ShaderLibrary/UnityGBuffer.hlsl - Importer: ScriptedImporter/UnityEditor.QuickSearchModule:UnityEditor.Search:ASIAI0B
Importing 'GUID: 688ed6f8ef8246529e7fdd721e43d639 - Path: Packages/com.unity.render-pipelines.universal/ShaderLibrary/UnityGBuffer.hlsl - Importer: ScriptedImporter/UnityEditor.QuickSearchModule:UnityEditor.Search:ASIAI0B' with importer (ScriptedImporter : UnityEditor.QuickSearchModule:UnityEditor.Search:ASIAI0B)
Imported 'GUID: 688ed6f8ef8246529e7fdd721e43d639' -> (Import Result ID: '79d85e087349a8bdb39eb17e500c5602') in 0.002 seconds [static and dynamic dependencies]. Details - ImportResultOutputID=512fb46b9d4488d585fc5612454c804d DependenciesID=84aecc9c16bb4c9cebe2c458ee3da844 StaticDependenciesID=6ae112daad27c450cc9729f9c1ea4f45 
Number of updated asset objects reloaded before import = 0
Number of asset objects unloaded after import = 1
========================================================================
Received Import Request.
  Time of request: 2026-10-01T08:15:31.2547263Z
  Time since last request: 0.0004053 seconds.
  importAddress: GUID: 9a48a2987a0e11645adf07fe4a8d5ec9 - Path: Packages/com.unity.render-pipelines.universal/Shaders/ShadowCasterPass.hlsl - Importer: ScriptedImporter/UnityEditor.QuickSearchModule:UnityEditor.Search:ASIAI0B
Importing 'GUID: 9a48a2987a0e11645adf07fe4a8d5ec9 - Path: Packages/com.unity.render-pipelines.universal/Shaders/ShadowCasterPass.hlsl - Importer: ScriptedImporter/UnityEditor.QuickSearchModule:UnityEditor.Search:ASIAI0B' with importer (ScriptedImporter : UnityEditor.QuickSearchModule:UnityEditor.Search:ASIAI0B)
Imported 'GUID: 9a48a2987a0e11645adf07fe4a8d5ec9' -> (Import Result ID: '1c460d07849c142b334f5bbd5321ce7a') in 0.002 seconds [static and dynamic dependencies]. Details - ImportResultOutputID=2122c609e45f02aea1f44dd5a9a45339 DependenciesID=9495d0c3047b1fa4a0475d3ee10b1d53 StaticDependenciesID=22ece745a875f70934c88e72bd83b0fa 
Number of updated asset objects reloaded before import = 0
Number of asset objects unloaded after import = 1
========================================================================
Received Import Request.
  Time of request: 2026-10-01T08:15:31.2644709Z
  Time since last request: 0.0003088 seconds.
  importAddress: GUID: 5f8cea4f4fce7414ab78bcbf51dca71c - Path: Packages/com.unity.render-pipelines.universal/Shaders/SimpleLitGBufferPass.hlsl - Importer: ScriptedImporter/UnityEditor.QuickSearchModule:UnityEditor.Search:ASIAI0B
Importing 'GUID: 5f8cea4f4fce7414ab78bcbf51dca71c - Path: Packages/com.unity.render-pipelines.universal/Shaders/SimpleLitGBufferPass.hlsl - Importer: ScriptedImporter/UnityEditor.QuickSearchModule:UnityEditor.Search:ASIAI0B' with importer (ScriptedImporter : UnityEditor.QuickSearchModule:UnityEditor.Search:ASIAI0B)
Imported 'GUID: 5f8cea4f4fce7414ab78bcbf51dca71c' -> (Import Result ID: 'a6db4b322cb80784aed9f8a9d57551ea') in 0.002 seconds [static and dynamic dependencies]. Details - ImportResultOutputID=586b9174da32317bba7be54668b2a25e DependenciesID=ffd3f2abeab04142ab153428b278f696 StaticDependenciesID=f8427a7b37d3ef79d0c78849de972896 
Number of updated asset objects reloaded before import = 0
Number of asset objects unloaded after import = 1
========================================================================
Received Import Request.
  Time of request: 2026-10-01T08:15:31.274545Z
  Time since last request: 0.0002903 seconds.
  importAddress: GUID: 35e51b3cab2b88440b5791f70c01c09c - Path: Packages/com.unity.render-pipelines.universal/Editor/2D/SortingLayerDropDown.cs - Importer: ScriptedImporter/UnityEditor.QuickSearchModule:UnityEditor.Search:ASIAI0B
Importing 'GUID: 35e51b3cab2b88440b5791f70c01c09c - Path: Packages/com.unity.render-pipelines.universal/Editor/2D/SortingLayerDropDown.cs - Importer: ScriptedImporter/UnityEditor.QuickSearchModule:UnityEditor.Search:ASIAI0B' with importer (ScriptedImporter : UnityEditor.QuickSearchModule:UnityEditor.Search:ASIAI0B)
Imported 'GUID: 35e51b3cab2b88440b5791f70c01c09c' -> (Import Result ID: '8d9491bfc1d89d23e3aa0645fa7247f7') in 0.002 seconds [static and dynamic dependencies]. Details - ImportResultOutputID=8f75dcb6bb01269328c1e83e90b02826 DependenciesID=b1d44f739e0e47e9f5422a3f4b85eb95 StaticDependenciesID=b2b4f22e26a2f652ead991d6e5a709f6 
Number of updated asset objects reloaded before import = 0
Number of asset objects unloaded after import = 0
========================================================================
Received Import Request.
  Time of request: 2026-10-01T08:15:31.2848341Z
  Time since last request: 0.0003687 seconds.
  importAddress: GUID: 546b9685ee7cc0941afd734baa08db2a - Path: Packages/com.unity.render-pipelines.universal/ShaderLibrary/SurfaceInput.hlsl - Importer: ScriptedImporter/UnityEditor.QuickSearchModule:UnityEditor.Search:ASIAI0B
Importing 'GUID: 546b9685ee7cc0941afd734baa08db2a - Path: Packages/com.unity.render-pipelines.universal/ShaderLibrary/SurfaceInput.hlsl - Importer: ScriptedImporter/UnityEditor.QuickSearchModule:UnityEditor.Search:ASIAI0B' with importer (ScriptedImporter : UnityEditor.QuickSearchModule:UnityEditor.Search:ASIAI0B)
Imported 'GUID: 546b9685ee7cc0941afd734baa08db2a' -> (Import Result ID: '3747a6f91b77b41a848a47d2e1a8d05a') in 0.002 seconds [static and dynamic dependencies]. Details - ImportResultOutputID=060c1a27b4f8c7af5cd0bcc8bd54e611 DependenciesID=234b497d7526750a05a12acd9ef02512 StaticDependenciesID=be2cc03a2d8156d004c27c9690ab7bd6 
Number of updated asset objects reloaded before import = 0
Number of asset objects unloaded after import = 1
========================================================================
Received Import Request.
  Time of request: 2026-10-01T08:15:31.2955337Z
  Time since last request: 0.0004143 seconds.
  importAddress: GUID: 650dd9526735d5b46b79224bc6e94025 - Path: Packages/com.unity.render-pipelines.universal/Shaders/Unlit.shader - Importer: ScriptedImporter/UnityEditor.QuickSearchModule:UnityEditor.Search:ASIAI0B
Importing 'GUID: 650dd9526735d5b46b79224bc6e94025 - Path: Packages/com.unity.render-pipelines.universal/Shaders/Unlit.shader - Importer: ScriptedImporter/UnityEditor.QuickSearchModule:UnityEditor.Search:ASIAI0B' with importer (ScriptedImporter : UnityEditor.QuickSearchModule:UnityEditor.Search:ASIAI0B)
Imported 'GUID: 650dd9526735d5b46b79224bc6e94025' -> (Import Result ID: 'cbd5af41a22165347c8441d3a5de4292') in 0.003 seconds [static and dynamic dependencies]. Details - ImportResultOutputID=3724d22fb5cba76192db7f32d8c06cfb DependenciesID=c595ef468ff6f917b4ef428de93e376d StaticDependenciesID=28ba5b77fbfc34c882f649c3f3d7f017 
Number of updated asset objects reloaded before import = 0
Number of asset objects unloaded after import = 1
========================================================================
Received Import Request.
  Time of request: 2026-10-01T08:15:31.3208291Z
  Time since last request: 0.0130249 seconds.
  importAddress: GUID: de8dba0dc20209d4086c0dd93ddf0dd4 - Path: Packages/com.unity.render-pipelines.universal/Editor/Gizmos/Camera_Overlay.png - Importer: ScriptedImporter/UnityEditor.QuickSearchModule:UnityEditor.Search:ASIAI0B
Importing 'GUID: de8dba0dc20209d4086c0dd93ddf0dd4 - Path: Packages/com.unity.render-pipelines.universal/Editor/Gizmos/Camera_Overlay.png - Importer: ScriptedImporter/UnityEditor.QuickSearchModule:UnityEditor.Search:ASIAI0B' with importer (ScriptedImporter : UnityEditor.QuickSearchModule:UnityEditor.Search:ASIAI0B)
Imported 'GUID: de8dba0dc20209d4086c0dd93ddf0dd4' -> (Import Result ID: '7fa0dce794e62dce3cae3927f7c1d34b') in 0.005 seconds [static and dynamic dependencies]. Details - ImportResultOutputID=b21c605e6d184f251265e126d85f9794 DependenciesID=768b03e78bf2071fed378bff84efbb65 StaticDependenciesID=b77f22436977774afe4112e81be4649b 
Number of updated asset objects reloaded before import = 0
Number of asset objects unloaded after import = 1
========================================================================
Received Import Request.
  Time of request: 2026-10-01T08:15:31.3340417Z
  Time since last request: 0.0004443 seconds.
  importAddress: GUID: 5d970c86e29d2c5438cc8c146e9805cd - Path: Packages/com.unity.render-pipelines.universal/Editor/AssetPostProcessors/MaterialPostprocessor.cs - Importer: ScriptedImporter/UnityEditor.QuickSearchModule:UnityEditor.Search:ASIAI0B
Importing 'GUID: 5d970c86e29d2c5438cc8c146e9805cd - Path: Packages/com.unity.render-pipelines.universal/Editor/AssetPostProcessors/MaterialPostprocessor.cs - Importer: ScriptedImporter/UnityEditor.QuickSearchModule:UnityEditor.Search:ASIAI0B' with importer (ScriptedImporter : UnityEditor.QuickSearchModule:UnityEditor.Search:ASIAI0B)
Imported 'GUID: 5d970c86e29d2c5438cc8c146e9805cd' -> (Import Result ID: '38cdefda575781f9c4126094eb85c1d3') in 0.002 seconds [static and dynamic dependencies]. Details - ImportResultOutputID=cb7c25c577a8c5618768cb0e1b28db28 DependenciesID=1e2ff59a2048d9fb1c98564c54d78852 StaticDependenciesID=cf70543b273d8e6947dc494ee95f8b62 
Number of updated asset objects reloaded before import = 0
Number of asset objects unloaded after import = 0
========================================================================
Received Import Request.
  Time of request: 2026-10-01T08:15:31.344252Z
  Time since last request: 0.0002292 seconds.
  importAddress: GUID: 1c4da76b9d8087f4f99ecdfc238a4d2e - Path: Packages/com.unity.render-pipelines.universal/Editor/BuildProcessors/URPBuildDataValidator.cs - Importer: ScriptedImporter/UnityEditor.QuickSearchModule:UnityEditor.Search:ASIAI0B
Importing 'GUID: 1c4da76b9d8087f4f99ecdfc238a4d2e - Path: Packages/com.unity.render-pipelines.universal/Editor/BuildProcessors/URPBuildDataValidator.cs - Importer: ScriptedImporter/UnityEditor.QuickSearchModule:UnityEditor.Search:ASIAI0B' with importer (ScriptedImporter : UnityEditor.QuickSearchModule:UnityEditor.Search:ASIAI0B)
Imported 'GUID: 1c4da76b9d8087f4f99ecdfc238a4d2e' -> (Import Result ID: '4ccbbedff59d088e113cb036167cb5e7') in 0.002 seconds [static and dynamic dependencies]. Details - ImportResultOutputID=af0df36b818b425f94c526bb24ca3b07 DependenciesID=c69dc291261ea3e87ad1e3255992717c StaticDependenciesID=71b274d95919d3499e595dcc0606c54e 
Number of updated asset objects reloaded before import = 0
Number of asset objects unloaded after import = 0
========================================================================
Received Import Request.
  Time of request: 2026-10-01T08:15:31.3557079Z
  Time since last request: 0.0003502 seconds.
  importAddress: GUID: 09cca3e7fbb9d25469cfb2bb082201d4 - Path: Packages/com.unity.render-pipelines.universal/Editor/Analytics/PostProcessDataAnalytics.cs - Importer: ScriptedImporter/UnityEditor.QuickSearchModule:UnityEditor.Search:ASIAI0B
Importing 'GUID: 09cca3e7fbb9d25469cfb2bb082201d4 - Path: Packages/com.unity.render-pipelines.universal/Editor/Analytics/PostProcessDataAnalytics.cs - Importer: ScriptedImporter/UnityEditor.QuickSearchModule:UnityEditor.Search:ASIAI0B' with importer (ScriptedImporter : UnityEditor.QuickSearchModule:UnityEditor.Search:ASIAI0B)
Imported 'GUID: 09cca3e7fbb9d25469cfb2bb082201d4' -> (Import Result ID: 'fa6d6b3d8e4dafece99004f9d6d59f4f') in 0.002 seconds [static and dynamic dependencies]. Details - ImportResultOutputID=e9d44266fefba38e2229f7660146b63a DependenciesID=6bfb8f5a0c71f41a5fde93db4026ad8f StaticDependenciesID=57b75c081217e1bae3a7e6dd19401836 
Number of updated asset objects reloaded before import = 0
Number of asset objects unloaded after import = 0
========================================================================
Received Import Request.
  Time of request: 2026-10-01T08:15:31.3660101Z
  Time since last request: 0.0003678 seconds.
  importAddress: GUID: bc8495f05d06f4f4e925ef3dcbdd8175 - Path: Packages/com.unity.render-pipelines.universal/Editor/RendererFeatures/DecalRendererFeatureEditor.cs - Importer: ScriptedImporter/UnityEditor.QuickSearchModule:UnityEditor.Search:ASIAI0B
Importing 'GUID: bc8495f05d06f4f4e925ef3dcbdd8175 - Path: Packages/com.unity.render-pipelines.universal/Editor/RendererFeatures/DecalRendererFeatureEditor.cs - Importer: ScriptedImporter/UnityEditor.QuickSearchModule:UnityEditor.Search:ASIAI0B' with importer (ScriptedImporter : UnityEditor.QuickSearchModule:UnityEditor.Search:ASIAI0B)
Imported 'GUID: bc8495f05d06f4f4e925ef3dcbdd8175' -> (Import Result ID: '18fde68ae5d34b17840be3764ad7eb10') in 0.002 seconds [static and dynamic dependencies]. Details - ImportResultOutputID=1f2cb40d9ddc2bf7953992ae1f8e8ff1 DependenciesID=27a1db5ec20432ec7a0ff64f6c297f7e StaticDependenciesID=1174ada3c6d7daa410f309dd81195155 
Number of updated asset objects reloaded before import = 0
Number of asset objects unloaded after import = 0
========================================================================
Received Import Request.
  Time of request: 2026-10-01T08:15:31.3765599Z
  Time since last request: 0.0003758 seconds.
  importAddress: GUID: d569aa2a3d2a1a74aaf68c388f2e0798 - Path: Packages/com.unity.render-pipelines.universal/Editor/Camera/UniversalRenderPipelineCameraEditor.cs - Importer: ScriptedImporter/UnityEditor.QuickSearchModule:UnityEditor.Search:ASIAI0B
Importing 'GUID: d569aa2a3d2a1a74aaf68c388f2e0798 - Path: Packages/com.unity.render-pipelines.universal/Editor/Camera/UniversalRenderPipelineCameraEditor.cs - Importer: ScriptedImporter/UnityEditor.QuickSearchModule:UnityEditor.Search:ASIAI0B' with importer (ScriptedImporter : UnityEditor.QuickSearchModule:UnityEditor.Search:ASIAI0B)
Imported 'GUID: d569aa2a3d2a1a74aaf68c388f2e0798' -> (Import Result ID: 'c61aeb888de35c72b381863c343f6e83') in 0.002 seconds [static and dynamic dependencies]. Details - ImportResultOutputID=49947d528986ccc37a916f069d09169d DependenciesID=4a54c12703f84eef7b037daac4e3f358 StaticDependenciesID=a7eb6784d266051c3330b4c9ad3cee0b 
Number of updated asset objects reloaded before import = 0
Number of asset objects unloaded after import = 0
========================================================================
Received Import Request.
  Time of request: 2026-10-01T08:15:31.3881352Z
  Time since last request: 0.0004836 seconds.
  importAddress: GUID: 9b18b0fc0f8fa024bad93dc11774b8f4 - Path: Packages/com.unity.render-pipelines.universal/Editor/Decal/CreateDecalProjector.cs - Importer: ScriptedImporter/UnityEditor.QuickSearchModule:UnityEditor.Search:ASIAI0B
Importing 'GUID: 9b18b0fc0f8fa024bad93dc11774b8f4 - Path: Packages/com.unity.render-pipelines.universal/Editor/Decal/CreateDecalProjector.cs - Importer: ScriptedImporter/UnityEditor.QuickSearchModule:UnityEditor.Search:ASIAI0B' with importer (ScriptedImporter : UnityEditor.QuickSearchModule:UnityEditor.Search:ASIAI0B)
Imported 'GUID: 9b18b0fc0f8fa024bad93dc11774b8f4' -> (Import Result ID: '86f27af75ab8a22b1b519ed05ad9439d') in 0.002 seconds [static and dynamic dependencies]. Details - ImportResultOutputID=c47741f9194e9026d40261cd5fc44a72 DependenciesID=79219dc0353698c78677f7efbbb0316a StaticDependenciesID=7c7d5a6a070945e753de2afea7973adb 
Number of updated asset objects reloaded before import = 0
Number of asset objects unloaded after import = 0
========================================================================
Received Import Request.
  Time of request: 2026-10-01T08:15:31.4111329Z
  Time since last request: 0.0126473 seconds.
  importAddress: GUID: 08f4bc71ad275bc4b90168fda29f36b5 - Path: Packages/com.unity.render-pipelines.universal/Editor/Terrain/TerrainPassUtils.hlsl - Importer: ScriptedImporter/UnityEditor.QuickSearchModule:UnityEditor.Search:ASIAI0B
Importing 'GUID: 08f4bc71ad275bc4b90168fda29f36b5 - Path: Packages/com.unity.render-pipelines.universal/Editor/Terrain/TerrainPassUtils.hlsl - Importer: ScriptedImporter/UnityEditor.QuickSearchModule:UnityEditor.Search:ASIAI0B' with importer (ScriptedImporter : UnityEditor.QuickSearchModule:UnityEditor.Search:ASIAI0B)
Imported 'GUID: 08f4bc71ad275bc4b90168fda29f36b5' -> (Import Result ID: '4c493ab602aa28d8a1012de6c62ffa78') in 0.002 seconds [static and dynamic dependencies]. Details - ImportResultOutputID=7578e2a8b0f3d1de68f6440d6257f8d8 DependenciesID=9f20283a97233993ffd443b4cc9b05d5 StaticDependenciesID=e7b044cc94ecd67350d09d17ca9daf91 
Number of updated asset objects reloaded before import = 0
Number of asset objects unloaded after import = 1
========================================================================
Received Import Request.
  Time of request: 2026-10-01T08:15:31.4210605Z
  Time since last request: 0.000378 seconds.
  importAddress: GUID: d5f6a7ce5f9e41eb8f3b1910acaacd49 - Path: Packages/com.unity.render-pipelines.universal/Editor/RendererFeatures/SurfaceCacheGIEditor.cs - Importer: ScriptedImporter/UnityEditor.QuickSearchModule:UnityEditor.Search:ASIAI0B
Importing 'GUID: d5f6a7ce5f9e41eb8f3b1910acaacd49 - Path: Packages/com.unity.render-pipelines.universal/Editor/RendererFeatures/SurfaceCacheGIEditor.cs - Importer: ScriptedImporter/UnityEditor.QuickSearchModule:UnityEditor.Search:ASIAI0B' with importer (ScriptedImporter : UnityEditor.QuickSearchModule:UnityEditor.Search:ASIAI0B)
Imported 'GUID: d5f6a7ce5f9e41eb8f3b1910acaacd49' -> (Import Result ID: '0f069619413b5c913fc61c64a8623270') in 0.002 seconds [static and dynamic dependencies]. Details - ImportResultOutputID=93686a7703b7ec17370dd65eb3687a10 DependenciesID=1771f0e2de14b964934bd539dea7b003 StaticDependenciesID=2187246c58f9bfe88373b8d6666dfad3 
Number of updated asset objects reloaded before import = 0
Number of asset objects unloaded after import = 0
========================================================================
Received Import Request.
  Time of request: 2026-10-01T08:15:31.4331667Z
  Time since last request: 0.0003523 seconds.
  importAddress: GUID: 038de1c4d210733429acda9d6f95d183 - Path: Packages/com.unity.render-pipelines.universal/Editor/Terrain/TerrainBaseMapGenPass.hlsl - Importer: ScriptedImporter/UnityEditor.QuickSearchModule:UnityEditor.Search:ASIAI0B
Importing 'GUID: 038de1c4d210733429acda9d6f95d183 - Path: Packages/com.unity.render-pipelines.universal/Editor/Terrain/TerrainBaseMapGenPass.hlsl - Importer: ScriptedImporter/UnityEditor.QuickSearchModule:UnityEditor.Search:ASIAI0B' with importer (ScriptedImporter : UnityEditor.QuickSearchModule:UnityEditor.Search:ASIAI0B)
Imported 'GUID: 038de1c4d210733429acda9d6f95d183' -> (Import Result ID: '3eb9f325db2daaac5d98b0070b6e716e') in 0.002 seconds [static and dynamic dependencies]. Details - ImportResultOutputID=5af2b83889bd02138df9fecd6f7e23b8 DependenciesID=a0b2c35e7207e9eb8d56bc2bc6d80e53 StaticDependenciesID=ea5d001abc103ca43961e979b69fe83b 
Number of updated asset objects reloaded before import = 0
Number of asset objects unloaded after import = 1
========================================================================
Received Import Request.
  Time of request: 2026-10-01T08:15:31.4436934Z
  Time since last request: 0.0004168 seconds.
  importAddress: GUID: 893e125e5d746cf4aaaf5f9a269a1f56 - Path: Packages/com.unity.render-pipelines.universal/Editor/VFXGraph/VFXAbstractParticleURPLitOutput.cs - Importer: ScriptedImporter/UnityEditor.QuickSearchModule:UnityEditor.Search:ASIAI0B
Importing 'GUID: 893e125e5d746cf4aaaf5f9a269a1f56 - Path: Packages/com.unity.render-pipelines.universal/Editor/VFXGraph/VFXAbstractParticleURPLitOutput.cs - Importer: ScriptedImporter/UnityEditor.QuickSearchModule:UnityEditor.Search:ASIAI0B' with importer (ScriptedImporter : UnityEditor.QuickSearchModule:UnityEditor.Search:ASIAI0B)
Imported 'GUID: 893e125e5d746cf4aaaf5f9a269a1f56' -> (Import Result ID: '1d9acbc76c319384082fbaf303007332') in 0.002 seconds [static and dynamic dependencies]. Details - ImportResultOutputID=d370c8bea2d70d13e6f7b39dd9566add DependenciesID=6291a870a20680f1823dc6926a8137f1 StaticDependenciesID=5d1536d53963d5c6270811d07fc6ef7a 
Number of updated asset objects reloaded before import = 0
Number of asset objects unloaded after import = 0
========================================================================
Received Import Request.
  Time of request: 2026-10-01T08:15:31.4533077Z
  Time since last request: 0.0004704 seconds.
  importAddress: GUID: dfe4e1c6ce66d514bafdec16128f59ed - Path: Packages/com.unity.render-pipelines.universal/Editor/Settings/UniversalRenderPipelinePreferencesProvider.cs - Importer: ScriptedImporter/UnityEditor.QuickSearchModule:UnityEditor.Search:ASIAI0B
Importing 'GUID: dfe4e1c6ce66d514bafdec16128f59ed - Path: Packages/com.unity.render-pipelines.universal/Editor/Settings/UniversalRenderPipelinePreferencesProvider.cs - Importer: ScriptedImporter/UnityEditor.QuickSearchModule:UnityEditor.Search:ASIAI0B' with importer (ScriptedImporter : UnityEditor.QuickSearchModule:UnityEditor.Search:ASIAI0B)
Imported 'GUID: dfe4e1c6ce66d514bafdec16128f59ed' -> (Import Result ID: 'c28911ffcdbef6f15ac14f62a8dc7a8b') in 0.002 seconds [static and dynamic dependencies]. Details - ImportResultOutputID=5f6e47c4ef3b7b5785b22039fc9a3f9a DependenciesID=cacaecc97cc25b21c1b3e08452c32476 StaticDependenciesID=342c0e36835ca4067eafe2341818c773 
Number of updated asset objects reloaded before import = 0
Number of asset objects unloaded after import = 0
========================================================================
Received Import Request.
  Time of request: 2026-10-01T08:15:31.4634383Z
  Time since last request: 0.000448 seconds.
  importAddress: GUID: be08ea2d1e97b4edfb6c3b9eb27db748 - Path: Packages/com.unity.render-pipelines.universal/Editor/ScriptTemplates/ScriptTemplates.cs - Importer: ScriptedImporter/UnityEditor.QuickSearchModule:UnityEditor.Search:ASIAI0B
Importing 'GUID: be08ea2d1e97b4edfb6c3b9eb27db748 - Path: Packages/com.unity.render-pipelines.universal/Editor/ScriptTemplates/ScriptTemplates.cs - Importer: ScriptedImporter/UnityEditor.QuickSearchModule:UnityEditor.Search:ASIAI0B' with importer (ScriptedImporter : UnityEditor.QuickSearchModule:UnityEditor.Search:ASIAI0B)
Imported 'GUID: be08ea2d1e97b4edfb6c3b9eb27db748' -> (Import Result ID: 'a16486e50fc0a242aeb074507649f9fd') in 0.002 seconds [static and dynamic dependencies]. Details - ImportResultOutputID=f99ff277ca9a40e07e8a087edecfc050 DependenciesID=f0985cba4aa3d524351a63273f0d0eb8 StaticDependenciesID=5466c58d326df73eff4016852aee304c 
Number of updated asset objects reloaded before import = 0
Number of asset objects unloaded after import = 0
========================================================================
Received Import Request.
  Time of request: 2026-10-01T08:15:31.475933Z
  Time since last request: 0.0005002 seconds.
  importAddress: GUID: 490481dd6f7a2a84b8c28566abbc677b - Path: Packages/com.unity.render-pipelines.universal/Runtime/2D/Clipper.cs - Importer: ScriptedImporter/UnityEditor.QuickSearchModule:UnityEditor.Search:ASIAI0B
Importing 'GUID: 490481dd6f7a2a84b8c28566abbc677b - Path: Packages/com.unity.render-pipelines.universal/Runtime/2D/Clipper.cs - Importer: ScriptedImporter/UnityEditor.QuickSearchModule:UnityEditor.Search:ASIAI0B' with importer (ScriptedImporter : UnityEditor.QuickSearchModule:UnityEditor.Search:ASIAI0B)
Imported 'GUID: 490481dd6f7a2a84b8c28566abbc677b' -> (Import Result ID: 'f596df9886321fd8bb67a9b3fa0a8736') in 0.003 seconds [static and dynamic dependencies]. Details - ImportResultOutputID=b9d16d6952a9e6181f5f1cf241e3df91 DependenciesID=fe364e04b0e3a9655a8cb2d13e2cb27c StaticDependenciesID=a59ee966cb434efeadf6d24e2baa00b7 
Number of updated asset objects reloaded before import = 0
Number of asset objects unloaded after import = 0
========================================================================
Received Import Request.
  Time of request: 2026-10-01T08:15:31.5157044Z
  Time since last request: 0.0286476 seconds.
  importAddress: GUID: a7745542269049e0a733b635ef8e4df8 - Path: Packages/com.unity.render-pipelines.universal/Runtime/Debug/DebugRenderSetup.cs - Importer: ScriptedImporter/UnityEditor.QuickSearchModule:UnityEditor.Search:ASIAI0B
Importing 'GUID: a7745542269049e0a733b635ef8e4df8 - Path: Packages/com.unity.render-pipelines.universal/Runtime/Debug/DebugRenderSetup.cs - Importer: ScriptedImporter/UnityEditor.QuickSearchModule:UnityEditor.Search:ASIAI0B' with importer (ScriptedImporter : UnityEditor.QuickSearchModule:UnityEditor.Search:ASIAI0B)
Imported 'GUID: a7745542269049e0a733b635ef8e4df8' -> (Import Result ID: '28557218b1f80e8870a49fd064758c5a') in 0.002 seconds [static and dynamic dependencies]. Details - ImportResultOutputID=c7aa728fc0caf30847b24ba2e1856823 DependenciesID=99bc6b0bc8ef8685b9e986609e3bfb4a StaticDependenciesID=802c34437bd2fa261731394c18eda9d6 
Number of updated asset objects reloaded before import = 0
Number of asset objects unloaded after import = 0
========================================================================
Received Import Request.
  Time of request: 2026-10-01T08:15:31.5263906Z
  Time since last request: 0.000702 seconds.
  importAddress: GUID: 81180773991d8724ab7f2d216912b564 - Path: Packages/com.unity.render-pipelines.universal/Runtime/Overrides/ChromaticAberration.cs - Importer: ScriptedImporter/UnityEditor.QuickSearchModule:UnityEditor.Search:ASIAI0B
Importing 'GUID: 81180773991d8724ab7f2d216912b564 - Path: Packages/com.unity.render-pipelines.universal/Runtime/Overrides/ChromaticAberration.cs - Importer: ScriptedImporter/UnityEditor.QuickSearchModule:UnityEditor.Search:ASIAI0B' with importer (ScriptedImporter : UnityEditor.QuickSearchModule:UnityEditor.Search:ASIAI0B)
Imported 'GUID: 81180773991d8724ab7f2d216912b564' -> (Import Result ID: 'b7c88119166c1a2afee3fbfe517b00fb') in 0.002 seconds [static and dynamic dependencies]. Details - ImportResultOutputID=573c63dbb2b937b66221d11af405b4aa DependenciesID=f4b548d94230fc7f9f9f9c2fac455434 StaticDependenciesID=f1b219ca6a70503b843e9d81b0d4b337 
Number of updated asset objects reloaded before import = 0
Number of asset objects unloaded after import = 0
========================================================================
Received Import Request.
  Time of request: 2026-10-01T08:15:31.5362816Z
  Time since last request: 0.0004196 seconds.
  importAddress: GUID: f51cd437538e56e43b5b7203e3f0d825 - Path: Packages/com.unity.render-pipelines.universal/Runtime/Decal/DecalProjector.deprecated.cs - Importer: ScriptedImporter/UnityEditor.QuickSearchModule:UnityEditor.Search:ASIAI0B
Importing 'GUID: f51cd437538e56e43b5b7203e3f0d825 - Path: Packages/com.unity.render-pipelines.universal/Runtime/Decal/DecalProjector.deprecated.cs - Importer: ScriptedImporter/UnityEditor.QuickSearchModule:UnityEditor.Search:ASIAI0B' with importer (ScriptedImporter : UnityEditor.QuickSearchModule:UnityEditor.Search:ASIAI0B)
Imported 'GUID: f51cd437538e56e43b5b7203e3f0d825' -> (Import Result ID: '82a6b0ff5fa68864e0bd66c1710eaa48') in 0.001 seconds [static and dynamic dependencies]. Details - ImportResultOutputID=e7bb5f6d9a7515b5ced50c172846ccc3 DependenciesID=22586da657a0aaf3752a5037d67e2525 StaticDependenciesID=aa989b37a63dfef351f7b793b2a8218b 
Number of updated asset objects reloaded before import = 0
Number of asset objects unloaded after import = 0
========================================================================
Received Import Request.
  Time of request: 2026-10-01T08:15:31.5462742Z
  Time since last request: 0.0005 seconds.
  importAddress: GUID: 572910c10080c0945a0ef731ccedc739 - Path: Packages/com.unity.render-pipelines.universal/Runtime/Data/PostProcessData.cs - Importer: ScriptedImporter/UnityEditor.QuickSearchModule:UnityEditor.Search:ASIAI0B
Importing 'GUID: 572910c10080c0945a0ef731ccedc739 - Path: Packages/com.unity.render-pipelines.universal/Runtime/Data/PostProcessData.cs - Importer: ScriptedImporter/UnityEditor.QuickSearchModule:UnityEditor.Search:ASIAI0B' with importer (ScriptedImporter : UnityEditor.QuickSearchModule:UnityEditor.Search:ASIAI0B)
Imported 'GUID: 572910c10080c0945a0ef731ccedc739' -> (Import Result ID: 'f09c9a9d9221bb7c1afe88b7fdaa8ff0') in 0.002 seconds [static and dynamic dependencies]. Details - ImportResultOutputID=08962d77116702c51b882ebd391c1853 DependenciesID=e4b23a9c86b2b581307278b692562d3b StaticDependenciesID=f23dd9041e5397fcc2874cf75eaff870 
Number of updated asset objects reloaded before import = 0
Number of asset objects unloaded after import = 0
========================================================================
Received Import Request.
  Time of request: 2026-10-01T08:15:31.556755Z
  Time since last request: 0.0003411 seconds.
  importAddress: GUID: 2c3de1a926cfe8f4697ce0ff97e18ef3 - Path: Packages/com.unity.render-pipelines.universal/Runtime/FrameData/Universal2DResourceData.cs - Importer: ScriptedImporter/UnityEditor.QuickSearchModule:UnityEditor.Search:ASIAI0B
Importing 'GUID: 2c3de1a926cfe8f4697ce0ff97e18ef3 - Path: Packages/com.unity.render-pipelines.universal/Runtime/FrameData/Universal2DResourceData.cs - Importer: ScriptedImporter/UnityEditor.QuickSearchModule:UnityEditor.Search:ASIAI0B' with importer (ScriptedImporter : UnityEditor.QuickSearchModule:UnityEditor.Search:ASIAI0B)
Imported 'GUID: 2c3de1a926cfe8f4697ce0ff97e18ef3' -> (Import Result ID: '32fb45e8dce77b36314793637ec0f661') in 0.002 seconds [static and dynamic dependencies]. Details - ImportResultOutputID=6cce6181b833b6f35099939a46e15763 DependenciesID=6bd971ab291b5bd0cb65b8d32714ed02 StaticDependenciesID=ea2aeb5a55a658d7ddbb74225d5426f6 
Number of updated asset objects reloaded before import = 0
Number of asset objects unloaded after import = 0
========================================================================
Received Import Request.
  Time of request: 2026-10-01T08:15:31.5666096Z
  Time since last request: 0.0003176 seconds.
  importAddress: GUID: 6a1143ee683302f4aa628c052723efc1 - Path: Packages/com.unity.render-pipelines.universal/Runtime/Materials/SimpleLit.mat - Importer: ScriptedImporter/UnityEditor.QuickSearchModule:UnityEditor.Search:ASIAI0B
Importing 'GUID: 6a1143ee683302f4aa628c052723efc1 - Path: Packages/com.unity.render-pipelines.universal/Runtime/Materials/SimpleLit.mat - Importer: ScriptedImporter/UnityEditor.QuickSearchModule:UnityEditor.Search:ASIAI0B' with importer (ScriptedImporter : UnityEditor.QuickSearchModule:UnityEditor.Search:ASIAI0B)
Imported 'GUID: 6a1143ee683302f4aa628c052723efc1' -> (Import Result ID: '9b88d8e24bf0494e2b7dd6aba0ff6a8e') in 0.010 seconds [static and dynamic dependencies]. Details - ImportResultOutputID=5c0ac9931ffbedf812f51996cc22e435 DependenciesID=673f7e5fa7bae757b4db964bf702d6a7 StaticDependenciesID=5c14967acd0ecf016e2efe3579458618 
Number of updated asset objects reloaded before import = 0
Number of asset objects unloaded after import = 2
========================================================================
Received Import Request.
  Time of request: 2026-10-01T08:15:31.5853841Z
  Time since last request: 0.0002976 seconds.
  importAddress: GUID: e120334449e144591bf8fd51debb4063 - Path: Packages/com.unity.render-pipelines.universal/Runtime/History/RawDepthHistory.cs - Importer: ScriptedImporter/UnityEditor.QuickSearchModule:UnityEditor.Search:ASIAI0B
Importing 'GUID: e120334449e144591bf8fd51debb4063 - Path: Packages/com.unity.render-pipelines.universal/Runtime/History/RawDepthHistory.cs - Importer: ScriptedImporter/UnityEditor.QuickSearchModule:UnityEditor.Search:ASIAI0B' with importer (ScriptedImporter : UnityEditor.QuickSearchModule:UnityEditor.Search:ASIAI0B)
Imported 'GUID: e120334449e144591bf8fd51debb4063' -> (Import Result ID: 'c32580bda3eab26f67fa1b99889e6ec5') in 0.002 seconds [static and dynamic dependencies]. Details - ImportResultOutputID=dbf6fada6c992bdb6c90c5634938a27e DependenciesID=d9b590883e8459bd71a48581d2cfd961 StaticDependenciesID=5bc0ceb953dd7cf990bd341e088439ae 
Number of updated asset objects reloaded before import = 0
Number of asset objects unloaded after import = 0
========================================================================
Received Import Request.
  Time of request: 2026-10-01T08:15:31.5963397Z
  Time since last request: 0.000288 seconds.
  importAddress: GUID: 71942363c5608a64bb62421349d39c9c - Path: Packages/com.unity.render-pipelines.universal/Runtime/Materials/Mesh2D-Unlit-Default.mat - Importer: ScriptedImporter/UnityEditor.QuickSearchModule:UnityEditor.Search:ASIAI0B
Importing 'GUID: 71942363c5608a64bb62421349d39c9c - Path: Packages/com.unity.render-pipelines.universal/Runtime/Materials/Mesh2D-Unlit-Default.mat - Importer: ScriptedImporter/UnityEditor.QuickSearchModule:UnityEditor.Search:ASIAI0B' with importer (ScriptedImporter : UnityEditor.QuickSearchModule:UnityEditor.Search:ASIAI0B)
Imported 'GUID: 71942363c5608a64bb62421349d39c9c' -> (Import Result ID: '97125bb4e9bfe27c963c406545ed029d') in 0.002 seconds [static and dynamic dependencies]. Details - ImportResultOutputID=39b106b2a6e625b81251610669b52f2c DependenciesID=98d15dd71826776e9e7eb9b2df3ca806 StaticDependenciesID=b07694ddfd23946122ff915672d66875 
Number of updated asset objects reloaded before import = 0
Number of asset objects unloaded after import = 1
========================================================================
Received Import Request.
  Time of request: 2026-10-01T08:15:31.6197519Z
  Time since last request: 0.0114086 seconds.
  importAddress: GUID: 6dfa2b31659ab4047b6bc33be7d8f07e - Path: Packages/com.unity.render-pipelines.universal/Runtime/Passes/DepthNormalOnlyPass.cs - Importer: ScriptedImporter/UnityEditor.QuickSearchModule:UnityEditor.Search:ASIAI0B
Importing 'GUID: 6dfa2b31659ab4047b6bc33be7d8f07e - Path: Packages/com.unity.render-pipelines.universal/Runtime/Passes/DepthNormalOnlyPass.cs - Importer: ScriptedImporter/UnityEditor.QuickSearchModule:UnityEditor.Search:ASIAI0B' with importer (ScriptedImporter : UnityEditor.QuickSearchModule:UnityEditor.Search:ASIAI0B)
Imported 'GUID: 6dfa2b31659ab4047b6bc33be7d8f07e' -> (Import Result ID: '56b0ed0ae647669e754b064ab6da60f8') in 0.002 seconds [static and dynamic dependencies]. Details - ImportResultOutputID=11807c214c42db0ce15a7ba74ff409b8 DependenciesID=7e3ef0fd085a8cfec74c9db7ba8e5ddb StaticDependenciesID=6a0a75f2c6609979f353cb98dba2ca37 
Number of updated asset objects reloaded before import = 0
Number of asset objects unloaded after import = 0
========================================================================
Received Import Request.
  Time of request: 2026-10-01T08:15:31.6329913Z
  Time since last request: 0.0004042 seconds.
  importAddress: GUID: fc46a25201ce7e743bfdca7d07707357 - Path: Packages/com.unity.render-pipelines.universal/Runtime/Passes/XROcclusionMeshPass.cs - Importer: ScriptedImporter/UnityEditor.QuickSearchModule:UnityEditor.Search:ASIAI0B
Importing 'GUID: fc46a25201ce7e743bfdca7d07707357 - Path: Packages/com.unity.render-pipelines.universal/Runtime/Passes/XROcclusionMeshPass.cs - Importer: ScriptedImporter/UnityEditor.QuickSearchModule:UnityEditor.Search:ASIAI0B' with importer (ScriptedImporter : UnityEditor.QuickSearchModule:UnityEditor.Search:ASIAI0B)
Imported 'GUID: fc46a25201ce7e743bfdca7d07707357' -> (Import Result ID: '0258066f59968b0e7bedc103a1f4f848') in 0.002 seconds [static and dynamic dependencies]. Details - ImportResultOutputID=fffdd5917680b6a3ef3b47d084a2ae5e DependenciesID=921421b17032052c9a18eb281b50293f StaticDependenciesID=ec838207f0032c345e97593e7721d60f 
Number of updated asset objects reloaded before import = 0
Number of asset objects unloaded after import = 0
========================================================================
Received Import Request.
  Time of request: 2026-10-01T08:15:31.6442785Z
  Time since last request: 0.0002748 seconds.
  importAddress: GUID: 666fd5e17c3205e469d806ca3f160378 - Path: Packages/com.unity.render-pipelines.universal/Runtime/RendererFeatures/FullScreenPassRendererFeature.migration.cs - Importer: ScriptedImporter/UnityEditor.QuickSearchModule:UnityEditor.Search:ASIAI0B
Importing 'GUID: 666fd5e17c3205e469d806ca3f160378 - Path: Packages/com.unity.render-pipelines.universal/Runtime/RendererFeatures/FullScreenPassRendererFeature.migration.cs - Importer: ScriptedImporter/UnityEditor.QuickSearchModule:UnityEditor.Search:ASIAI0B' with importer (ScriptedImporter : UnityEditor.QuickSearchModule:UnityEditor.Search:ASIAI0B)
Imported 'GUID: 666fd5e17c3205e469d806ca3f160378' -> (Import Result ID: '8f567ecfc054c8276d9a8f09cda61138') in 0.002 seconds [static and dynamic dependencies]. Details - ImportResultOutputID=53aa793026a5979d432aa3f56e25fa91 DependenciesID=22d964e97c443596c3eaa7725ba1e080 StaticDependenciesID=8edc9b3233ad307073f239fd6f0d4428 
Number of updated asset objects reloaded before import = 0
Number of asset objects unloaded after import = 0
========================================================================
Received Import Request.
  Time of request: 2026-10-01T08:15:31.653689Z
  Time since last request: 0.0002662 seconds.
  importAddress: GUID: 4bcbfb254d9395f439b5d8a711e29acd - Path: Packages/com.unity.render-pipelines.universal/Runtime/Passes/HDRDebugViewPass.cs - Importer: ScriptedImporter/UnityEditor.QuickSearchModule:UnityEditor.Search:ASIAI0B
Importing 'GUID: 4bcbfb254d9395f439b5d8a711e29acd - Path: Packages/com.unity.render-pipelines.universal/Runtime/Passes/HDRDebugViewPass.cs - Importer: ScriptedImporter/UnityEditor.QuickSearchModule:UnityEditor.Search:ASIAI0B' with importer (ScriptedImporter : UnityEditor.QuickSearchModule:UnityEditor.Search:ASIAI0B)
Imported 'GUID: 4bcbfb254d9395f439b5d8a711e29acd' -> (Import Result ID: '178eb379f069a166440d716a6c4c48c3') in 0.002 seconds [static and dynamic dependencies]. Details - ImportResultOutputID=88c2c3e0c64cdbd75173ec75b9b34319 DependenciesID=1a483496344b2b6f87d4ef04d83d3490 StaticDependenciesID=8cb3a0a4ab9c1f09bf6b3e5824dc55b0 
Number of updated asset objects reloaded before import = 0
Number of asset objects unloaded after import = 0
========================================================================
Received Import Request.
  Time of request: 2026-10-01T08:15:31.6639054Z
  Time since last request: 0.000324 seconds.
  importAddress: GUID: b66efce03c1804a4fbef78cccf176e4d - Path: Packages/com.unity.render-pipelines.universal/Runtime/Passes/FinalBlitPass.cs - Importer: ScriptedImporter/UnityEditor.QuickSearchModule:UnityEditor.Search:ASIAI0B
Importing 'GUID: b66efce03c1804a4fbef78cccf176e4d - Path: Packages/com.unity.render-pipelines.universal/Runtime/Passes/FinalBlitPass.cs - Importer: ScriptedImporter/UnityEditor.QuickSearchModule:UnityEditor.Search:ASIAI0B' with importer (ScriptedImporter : UnityEditor.QuickSearchModule:UnityEditor.Search:ASIAI0B)
Imported 'GUID: b66efce03c1804a4fbef78cccf176e4d' -> (Import Result ID: '769024195f04793db0e10a73d521890c') in 0.002 seconds [static and dynamic dependencies]. Details - ImportResultOutputID=1d9b85638b26b636a127ef8686c964b9 DependenciesID=f07162238c76ca01e318a2a72d8de6e6 StaticDependenciesID=e88f9a8d0cb25db4b2497c4fd9c6b2e3 
Number of updated asset objects reloaded before import = 0
Number of asset objects unloaded after import = 0
========================================================================
Received Import Request.
  Time of request: 2026-10-01T08:15:31.6742893Z
  Time since last request: 0.0002125 seconds.
  importAddress: GUID: d6268b3babfc1004c82ace3c407f46ef - Path: Packages/com.unity.render-pipelines.universal/Runtime/Passes/CopyDepthPass.cs - Importer: ScriptedImporter/UnityEditor.QuickSearchModule:UnityEditor.Search:ASIAI0B
Importing 'GUID: d6268b3babfc1004c82ace3c407f46ef - Path: Packages/com.unity.render-pipelines.universal/Runtime/Passes/CopyDepthPass.cs - Importer: ScriptedImporter/UnityEditor.QuickSearchModule:UnityEditor.Search:ASIAI0B' with importer (ScriptedImporter : UnityEditor.QuickSearchModule:UnityEditor.Search:ASIAI0B)
Imported 'GUID: d6268b3babfc1004c82ace3c407f46ef' -> (Import Result ID: '15e07c3d442bd099ea2ec67679e0ae4c') in 0.002 seconds [static and dynamic dependencies]. Details - ImportResultOutputID=0c927aa98dde5689909e6c36b5451e1c DependenciesID=1c23cc3ee9ed8fd3ef7d63e9d82958af StaticDependenciesID=50e7e90a60e8cc25dca4c156a22ef2cb 
Number of updated asset objects reloaded before import = 0
Number of asset objects unloaded after import = 0
========================================================================
Received Import Request.
  Time of request: 2026-10-01T08:15:31.6842995Z
  Time since last request: 0.0004047 seconds.
  importAddress: GUID: 2b327960b30da614ca5f44f2fef0137a - Path: Packages/com.unity.render-pipelines.universal/Runtime/Passes/DepthOnlyPass.cs - Importer: ScriptedImporter/UnityEditor.QuickSearchModule:UnityEditor.Search:ASIAI0B
Importing 'GUID: 2b327960b30da614ca5f44f2fef0137a - Path: Packages/com.unity.render-pipelines.universal/Runtime/Passes/DepthOnlyPass.cs - Importer: ScriptedImporter/UnityEditor.QuickSearchModule:UnityEditor.Search:ASIAI0B' with importer (ScriptedImporter : UnityEditor.QuickSearchModule:UnityEditor.Search:ASIAI0B)
Imported 'GUID: 2b327960b30da614ca5f44f2fef0137a' -> (Import Result ID: 'f589aec0a27e3a2189730b87da9d321c') in 0.002 seconds [static and dynamic dependencies]. Details - ImportResultOutputID=af1686e10e81c85da93110dc71873ce6 DependenciesID=3a5787e8ed9e7057be45dedc0ae1dc21 StaticDependenciesID=f2545be31068e63cf0cc9c8dafe4ac2a 
Number of updated asset objects reloaded before import = 0
Number of asset objects unloaded after import = 0
========================================================================
Received Import Request.
  Time of request: 2026-10-01T08:15:31.7084434Z
  Time since last request: 0.0142933 seconds.
  importAddress: GUID: 1acd75ff24dbc43cca235408192130b7 - Path: Packages/com.unity.render-pipelines.universal/Shaders/Particles/ParticlesInput.hlsl - Importer: ScriptedImporter/UnityEditor.QuickSearchModule:UnityEditor.Search:ASIAI0B
Importing 'GUID: 1acd75ff24dbc43cca235408192130b7 - Path: Packages/com.unity.render-pipelines.universal/Shaders/Particles/ParticlesInput.hlsl - Importer: ScriptedImporter/UnityEditor.QuickSearchModule:UnityEditor.Search:ASIAI0B' with importer (ScriptedImporter : UnityEditor.QuickSearchModule:UnityEditor.Search:ASIAI0B)
Imported 'GUID: 1acd75ff24dbc43cca235408192130b7' -> (Import Result ID: '59da6973e9313a2f0ffe6ac387de78ac') in 0.002 seconds [static and dynamic dependencies]. Details - ImportResultOutputID=71fe7e13cf6c0b572a6fcf000005b824 DependenciesID=9c0842c74b44c2ce69ed7d840bcf4164 StaticDependenciesID=7b570d511d74eff149a0c4f5f50b2e6f 
Number of updated asset objects reloaded before import = 0
Number of asset objects unloaded after import = 1
========================================================================
Received Import Request.
  Time of request: 2026-10-01T08:15:31.7194974Z
  Time since last request: 0.0002771 seconds.
  importAddress: GUID: 0ddf10b9a46e641ae8ba73c89b46512c - Path: Packages/com.unity.render-pipelines.universal/Runtime/Tiling/ZBinningJob.cs - Importer: ScriptedImporter/UnityEditor.QuickSearchModule:UnityEditor.Search:ASIAI0B
Importing 'GUID: 0ddf10b9a46e641ae8ba73c89b46512c - Path: Packages/com.unity.render-pipelines.universal/Runtime/Tiling/ZBinningJob.cs - Importer: ScriptedImporter/UnityEditor.QuickSearchModule:UnityEditor.Search:ASIAI0B' with importer (ScriptedImporter : UnityEditor.QuickSearchModule:UnityEditor.Search:ASIAI0B)
Imported 'GUID: 0ddf10b9a46e641ae8ba73c89b46512c' -> (Import Result ID: 'd2ec3fa6946ae328f5ff2a589fac6506') in 0.002 seconds [static and dynamic dependencies]. Details - ImportResultOutputID=78002af6961aeb730f9fa1b1e4e852f7 DependenciesID=dd0af6c63d9d2c6b1d9d967ca85190a9 StaticDependenciesID=5b452931980bfbce8a12e92ada52590c 
Number of updated asset objects reloaded before import = 0
Number of asset objects unloaded after import = 0
========================================================================
Received Import Request.
  Time of request: 2026-10-01T08:15:31.7300661Z
  Time since last request: 0.0002984 seconds.
  importAddress: GUID: e260cfa7296ee7642b167f1eb5be5023 - Path: Packages/com.unity.render-pipelines.universal/Shaders/2D/Sprite-Lit-Default.shader - Importer: ScriptedImporter/UnityEditor.QuickSearchModule:UnityEditor.Search:ASIAI0B
Importing 'GUID: e260cfa7296ee7642b167f1eb5be5023 - Path: Packages/com.unity.render-pipelines.universal/Shaders/2D/Sprite-Lit-Default.shader - Importer: ScriptedImporter/UnityEditor.QuickSearchModule:UnityEditor.Search:ASIAI0B' with importer (ScriptedImporter : UnityEditor.QuickSearchModule:UnityEditor.Search:ASIAI0B)
Imported 'GUID: e260cfa7296ee7642b167f1eb5be5023' -> (Import Result ID: '0e507a0e7a79882b877f324024490ec9') in 0.002 seconds [static and dynamic dependencies]. Details - ImportResultOutputID=e3b865f1789228699cff9ed6f64d8f9a DependenciesID=b45e1406d73c44fc0643190737e41bc5 StaticDependenciesID=521c560a13a1e500fd2f0c022e48737f 
Number of updated asset objects reloaded before import = 0
Number of asset objects unloaded after import = 1
========================================================================
Received Import Request.
  Time of request: 2026-10-01T08:15:31.7408101Z
  Time since last request: 0.0002931 seconds.
  importAddress: GUID: a6bc23d6f2eb4e398389d1954b4aafae - Path: Packages/com.unity.render-pipelines.universal/Runtime/Tiling/TileRangeExpansionJob.cs - Importer: ScriptedImporter/UnityEditor.QuickSearchModule:UnityEditor.Search:ASIAI0B
Importing 'GUID: a6bc23d6f2eb4e398389d1954b4aafae - Path: Packages/com.unity.render-pipelines.universal/Runtime/Tiling/TileRangeExpansionJob.cs - Importer: ScriptedImporter/UnityEditor.QuickSearchModule:UnityEditor.Search:ASIAI0B' with importer (ScriptedImporter : UnityEditor.QuickSearchModule:UnityEditor.Search:ASIAI0B)
Imported 'GUID: a6bc23d6f2eb4e398389d1954b4aafae' -> (Import Result ID: 'b974dfd1075e50737596428333a0c765') in 0.002 seconds [static and dynamic dependencies]. Details - ImportResultOutputID=ccaf370f9cff59533e9c2a800079ef2b DependenciesID=8dc990ce148ee9de4ec957f8d5af6916 StaticDependenciesID=e26cd531a64db619c39fb4fc595f8dfe 
Number of updated asset objects reloaded before import = 0
Number of asset objects unloaded after import = 0
========================================================================
Received Import Request.
  Time of request: 2026-10-01T08:15:31.7526689Z
  Time since last request: 0.0005335 seconds.
  importAddress: GUID: 693515911c7346d448c10a3cfc4acf45 - Path: Packages/com.unity.render-pipelines.universal/Shaders/Nature/SpeedTree7BillboardInput.hlsl - Importer: ScriptedImporter/UnityEditor.QuickSearchModule:UnityEditor.Search:ASIAI0B
Importing 'GUID: 693515911c7346d448c10a3cfc4acf45 - Path: Packages/com.unity.render-pipelines.universal/Shaders/Nature/SpeedTree7BillboardInput.hlsl - Importer: ScriptedImporter/UnityEditor.QuickSearchModule:UnityEditor.Search:ASIAI0B' with importer (ScriptedImporter : UnityEditor.QuickSearchModule:UnityEditor.Search:ASIAI0B)
Imported 'GUID: 693515911c7346d448c10a3cfc4acf45' -> (Import Result ID: '52426daebb8f5f314dfd498131734430') in 0.002 seconds [static and dynamic dependencies]. Details - ImportResultOutputID=c9a17f6848619dd5bba76833783fd027 DependenciesID=a08090e27ac94dd98d83d85a932b43f0 StaticDependenciesID=3ef29712553d80aaa1e509cc04d377d5 
Number of updated asset objects reloaded before import = 0
Number of asset objects unloaded after import = 1
========================================================================
Received Import Request.
  Time of request: 2026-10-01T08:15:31.7648906Z
  Time since last request: 0.0002378 seconds.
  importAddress: GUID: b7839dad95683814aa64166edc107ae2 - Path: Packages/com.unity.render-pipelines.universal/Shaders/Particles/ParticlesLit.shader - Importer: ScriptedImporter/UnityEditor.QuickSearchModule:UnityEditor.Search:ASIAI0B
Importing 'GUID: b7839dad95683814aa64166edc107ae2 - Path: Packages/com.unity.render-pipelines.universal/Shaders/Particles/ParticlesLit.shader - Importer: ScriptedImporter/UnityEditor.QuickSearchModule:UnityEditor.Search:ASIAI0B' with importer (ScriptedImporter : UnityEditor.QuickSearchModule:UnityEditor.Search:ASIAI0B)
Imported 'GUID: b7839dad95683814aa64166edc107ae2' -> (Import Result ID: 'f4ab3ea6ced5cb567ffb70cc321131a9') in 0.002 seconds [static and dynamic dependencies]. Details - ImportResultOutputID=913027d2b3d6a3e7bf862f6195af165f DependenciesID=fe72fd4a4e971230c16e6416bb852974 StaticDependenciesID=bc83523167309c37f892c292d31c403d 
Number of updated asset objects reloaded before import = 0
Number of asset objects unloaded after import = 1
========================================================================
Received Import Request.
  Time of request: 2026-10-01T08:15:31.775898Z
  Time since last request: 0.000564 seconds.
  importAddress: GUID: a419d344c87843af8e1ce2e8c571fcb6 - Path: Packages/com.unity.render-pipelines.universal/ShaderLibrary/Debug/DebuggingCommon.hlsl - Importer: ScriptedImporter/UnityEditor.QuickSearchModule:UnityEditor.Search:ASIAI0B
Importing 'GUID: a419d344c87843af8e1ce2e8c571fcb6 - Path: Packages/com.unity.render-pipelines.universal/ShaderLibrary/Debug/DebuggingCommon.hlsl - Importer: ScriptedImporter/UnityEditor.QuickSearchModule:UnityEditor.Search:ASIAI0B' with importer (ScriptedImporter : UnityEditor.QuickSearchModule:UnityEditor.Search:ASIAI0B)
Imported 'GUID: a419d344c87843af8e1ce2e8c571fcb6' -> (Import Result ID: 'e5e1df159788b31a33b37ab1dc002a29') in 0.001 seconds [static and dynamic dependencies]. Details - ImportResultOutputID=9fe801ea53b6515b4ed9967512851979 DependenciesID=6b5e01af5eba7f8eba4e98db992bd1c5 StaticDependenciesID=7ca44d0ced067e06be1627e32f13b03e 
Number of updated asset objects reloaded before import = 0
Number of asset objects unloaded after import = 1
========================================================================
Received Import Request.
  Time of request: 2026-10-01T08:15:31.787997Z
  Time since last request: 0.0002448 seconds.
  importAddress: GUID: 527aa596a18643c2879c1723a3d3b64a - Path: Packages/com.unity.render-pipelines.universal/Runtime/Tiling/InclusiveRange.cs - Importer: ScriptedImporter/UnityEditor.QuickSearchModule:UnityEditor.Search:ASIAI0B
Importing 'GUID: 527aa596a18643c2879c1723a3d3b64a - Path: Packages/com.unity.render-pipelines.universal/Runtime/Tiling/InclusiveRange.cs - Importer: ScriptedImporter/UnityEditor.QuickSearchModule:UnityEditor.Search:ASIAI0B' with importer (ScriptedImporter : UnityEditor.QuickSearchModule:UnityEditor.Search:ASIAI0B)
Imported 'GUID: 527aa596a18643c2879c1723a3d3b64a' -> (Import Result ID: 'dc97ea56b15666637eb8b90411089f26') in 0.002 seconds [static and dynamic dependencies]. Details - ImportResultOutputID=44c40808a0e163ace0a3852e8a00a4b6 DependenciesID=0daa1e276cf5101cead64a6ce2427980 StaticDependenciesID=ca52782aeff7f156e9e317e0e020e5da 
Number of updated asset objects reloaded before import = 0
Number of asset objects unloaded after import = 0
========================================================================
Received Import Request.
  Time of request: 2026-10-01T08:15:31.8142667Z
  Time since last request: 0.016679 seconds.
  importAddress: GUID: 7b3e6785f5f6b634794df3a85a2a35da - Path: Packages/com.unity.render-pipelines.universal/Shaders/Utils/ComputeScreenSpaceReflection.shader - Importer: ScriptedImporter/UnityEditor.QuickSearchModule:UnityEditor.Search:ASIAI0B
Importing 'GUID: 7b3e6785f5f6b634794df3a85a2a35da - Path: Packages/com.unity.render-pipelines.universal/Shaders/Utils/ComputeScreenSpaceReflection.shader - Importer: ScriptedImporter/UnityEditor.QuickSearchModule:UnityEditor.Search:ASIAI0B' with importer (ScriptedImporter : UnityEditor.QuickSearchModule:UnityEditor.Search:ASIAI0B)
Imported 'GUID: 7b3e6785f5f6b634794df3a85a2a35da' -> (Import Result ID: '66b2fecbc92a745c73e08eaadde6ce2a') in 0.002 seconds [static and dynamic dependencies]. Details - ImportResultOutputID=9d0be01042d2de231b70e5478f5f35eb DependenciesID=2935daf90f10ca31037dc823eed8af04 StaticDependenciesID=30c43d049cbd62a492f85118b0a411b6 
Number of updated asset objects reloaded before import = 0
Number of asset objects unloaded after import = 1
========================================================================
Received Import Request.
  Time of request: 2026-10-01T08:15:31.8250625Z
  Time since last request: 0.0003815 seconds.
  importAddress: GUID: e8ee25143a34b8c4388709ea947055d1 - Path: Packages/com.unity.render-pipelines.universal/Shaders/PostProcessing/ScalingSetup.shader - Importer: ScriptedImporter/UnityEditor.QuickSearchModule:UnityEditor.Search:ASIAI0B
Importing 'GUID: e8ee25143a34b8c4388709ea947055d1 - Path: Packages/com.unity.render-pipelines.universal/Shaders/PostProcessing/ScalingSetup.shader - Importer: ScriptedImporter/UnityEditor.QuickSearchModule:UnityEditor.Search:ASIAI0B' with importer (ScriptedImporter : UnityEditor.QuickSearchModule:UnityEditor.Search:ASIAI0B)
Imported 'GUID: e8ee25143a34b8c4388709ea947055d1' -> (Import Result ID: '809e749a92c410e7f0471c10ef456a19') in 0.002 seconds [static and dynamic dependencies]. Details - ImportResultOutputID=e71f35aa5b78437b95a11de89f073097 DependenciesID=61953a2df1e12ce2764c93ec14563856 StaticDependenciesID=146c6e0708c70952852058ec16a89dae 
Number of updated asset objects reloaded before import = 0
Number of asset objects unloaded after import = 1
========================================================================
Received Import Request.
  Time of request: 2026-10-01T08:15:31.8351536Z
  Time since last request: 0.0004136 seconds.
  importAddress: GUID: 63eaba0ebfb82cc43bde059b4a8c65f6 - Path: Packages/com.unity.render-pipelines.universal/Shaders/PostProcessing/SubpixelMorphologicalAntialiasing.shader - Importer: ScriptedImporter/UnityEditor.QuickSearchModule:UnityEditor.Search:ASIAI0B
Importing 'GUID: 63eaba0ebfb82cc43bde059b4a8c65f6 - Path: Packages/com.unity.render-pipelines.universal/Shaders/PostProcessing/SubpixelMorphologicalAntialiasing.shader - Importer: ScriptedImporter/UnityEditor.QuickSearchModule:UnityEditor.Search:ASIAI0B' with importer (ScriptedImporter : UnityEditor.QuickSearchModule:UnityEditor.Search:ASIAI0B)
Imported 'GUID: 63eaba0ebfb82cc43bde059b4a8c65f6' -> (Import Result ID: 'c92ed941867cfe05aa19bff2827b2072') in 0.002 seconds [static and dynamic dependencies]. Details - ImportResultOutputID=ff3826b15b85752e577e33bba561a487 DependenciesID=a54f29979556b05dc79acd9dde83c6f1 StaticDependenciesID=2ed6e3e6cd753d699ded1d11d9847129 
Number of updated asset objects reloaded before import = 0
Number of asset objects unloaded after import = 1
========================================================================
Received Import Request.
  Time of request: 2026-10-01T08:15:31.8455327Z
  Time since last request: 0.0002227 seconds.
  importAddress: GUID: 815c625bb9d4fe240a4ccf42ca3899cb - Path: Packages/com.unity.render-pipelines.universal/Shaders/Utils/BlitFullPrecision.shader - Importer: ScriptedImporter/UnityEditor.QuickSearchModule:UnityEditor.Search:ASIAI0B
Importing 'GUID: 815c625bb9d4fe240a4ccf42ca3899cb - Path: Packages/com.unity.render-pipelines.universal/Shaders/Utils/BlitFullPrecision.shader - Importer: ScriptedImporter/UnityEditor.QuickSearchModule:UnityEditor.Search:ASIAI0B' with importer (ScriptedImporter : UnityEditor.QuickSearchModule:UnityEditor.Search:ASIAI0B)
Imported 'GUID: 815c625bb9d4fe240a4ccf42ca3899cb' -> (Import Result ID: '652d41ea83a88b9a8f4fbbc33aa50234') in 0.002 seconds [static and dynamic dependencies]. Details - ImportResultOutputID=427b6e26d23b62101c2909b38ff38fa5 DependenciesID=2ba42b5abc823a2886e1bc0c355add0f StaticDependenciesID=360ab1bfc02b20e75e31d1d9d7cc2977 
Number of updated asset objects reloaded before import = 0
Number of asset objects unloaded after import = 1
========================================================================
Received Import Request.
  Time of request: 2026-10-01T08:15:31.8592159Z
  Time since last request: 0.0004576 seconds.
  importAddress: GUID: 749e1c2d203942319da1fdb1d94c5f2a - Path: Packages/com.unity.render-pipelines.universal/Shaders/Terrain/TerrainDetailLitPasses.hlsl - Importer: ScriptedImporter/UnityEditor.QuickSearchModule:UnityEditor.Search:ASIAI0B
Importing 'GUID: 749e1c2d203942319da1fdb1d94c5f2a - Path: Packages/com.unity.render-pipelines.universal/Shaders/Terrain/TerrainDetailLitPasses.hlsl - Importer: ScriptedImporter/UnityEditor.QuickSearchModule:UnityEditor.Search:ASIAI0B' with importer (ScriptedImporter : UnityEditor.QuickSearchModule:UnityEditor.Search:ASIAI0B)
Imported 'GUID: 749e1c2d203942319da1fdb1d94c5f2a' -> (Import Result ID: '4f2460edb3310c4b66c1050d938cbe0a') in 0.002 seconds [static and dynamic dependencies]. Details - ImportResultOutputID=33bc03f5c469086700a63a33f11af701 DependenciesID=6f9b70db4f6858a726ca1f12aaa2498e StaticDependenciesID=99f9532f61dc97973fafb58d63f220a0 
Number of updated asset objects reloaded before import = 0
Number of asset objects unloaded after import = 1
========================================================================
Received Import Request.
  Time of request: 2026-10-01T08:15:31.8686311Z
  Time since last request: 0.0002493 seconds.
  importAddress: GUID: 5f1864addb451f54bae8c86d230f736e - Path: Packages/com.unity.render-pipelines.universal/Shaders/PostProcessing/Bloom.shader - Importer: ScriptedImporter/UnityEditor.QuickSearchModule:UnityEditor.Search:ASIAI0B
Importing 'GUID: 5f1864addb451f54bae8c86d230f736e - Path: Packages/com.unity.render-pipelines.universal/Shaders/PostProcessing/Bloom.shader - Importer: ScriptedImporter/UnityEditor.QuickSearchModule:UnityEditor.Search:ASIAI0B' with importer (ScriptedImporter : UnityEditor.QuickSearchModule:UnityEditor.Search:ASIAI0B)
Imported 'GUID: 5f1864addb451f54bae8c86d230f736e' -> (Import Result ID: '90f327570138f57582bc584b7eb01ad0') in 0.002 seconds [static and dynamic dependencies]. Details - ImportResultOutputID=02b6b573ced78f881f0b63df1c1032f4 DependenciesID=8e89938dce721ed360a7a4999972a303 StaticDependenciesID=2c1cb4058f67ad7907126f955fd73d34 
Number of updated asset objects reloaded before import = 0
Number of asset objects unloaded after import = 1
========================================================================
Received Import Request.
  Time of request: 2026-10-01T08:15:31.8786496Z
  Time since last request: 0.0003746 seconds.
  importAddress: GUID: d00e32bd7638d40538d108b4e2581147 - Path: Packages/com.unity.render-pipelines.universal/Shaders/Terrain/TerrainLitMetaPass.hlsl - Importer: ScriptedImporter/UnityEditor.QuickSearchModule:UnityEditor.Search:ASIAI0B
Importing 'GUID: d00e32bd7638d40538d108b4e2581147 - Path: Packages/com.unity.render-pipelines.universal/Shaders/Terrain/TerrainLitMetaPass.hlsl - Importer: ScriptedImporter/UnityEditor.QuickSearchModule:UnityEditor.Search:ASIAI0B' with importer (ScriptedImporter : UnityEditor.QuickSearchModule:UnityEditor.Search:ASIAI0B)
Imported 'GUID: d00e32bd7638d40538d108b4e2581147' -> (Import Result ID: 'a90e0d5eaecee6cdc6a92c3fb0f73339') in 0.002 seconds [static and dynamic dependencies]. Details - ImportResultOutputID=1055dc4234dac068ee78644a9bd4f530 DependenciesID=be0255c0c4baa9ebb4f04139bb083e70 StaticDependenciesID=8a8593b7b056ebc6fdc8b43234e35f12 
Number of updated asset objects reloaded before import = 0
Number of asset objects unloaded after import = 1
========================================================================
Received Import Request.
  Time of request: 2026-10-01T08:15:31.9177152Z
  Time since last request: 0.0298026 seconds.
  importAddress: GUID: 8aa70fc832dbdae46a749f0687925875 - Path: Packages/com.unity.render-pipelines.universal/Tests/Editor/DocumentationTests.cs - Importer: ScriptedImporter/UnityEditor.QuickSearchModule:UnityEditor.Search:ASIAI0B
Importing 'GUID: 8aa70fc832dbdae46a749f0687925875 - Path: Packages/com.unity.render-pipelines.universal/Tests/Editor/DocumentationTests.cs - Importer: ScriptedImporter/UnityEditor.QuickSearchModule:UnityEditor.Search:ASIAI0B' with importer (ScriptedImporter : UnityEditor.QuickSearchModule:UnityEditor.Search:ASIAI0B)
Imported 'GUID: 8aa70fc832dbdae46a749f0687925875' -> (Import Result ID: '83291393313577b547c81a6bd51342ba') in 0.002 seconds [static and dynamic dependencies]. Details - ImportResultOutputID=5f7f41163851f148540bb86d84e2980c DependenciesID=edbdd14c6b782f42a1adb4e11d9926b5 StaticDependenciesID=eb662a8bf807849b8a7908da3943d5f3 
Number of updated asset objects reloaded before import = 0
Number of asset objects unloaded after import = 0
========================================================================
Received Import Request.
  Time of request: 2026-10-01T08:15:31.9284089Z
  Time since last request: 0.0004268 seconds.
  importAddress: GUID: 993d9a6b07bf33c4dbf1f13f5879bd34 - Path: Packages/com.unity.render-pipelines.universal/Tests/Runtime/RenderGraphConstraintsTests.cs - Importer: ScriptedImporter/UnityEditor.QuickSearchModule:UnityEditor.Search:ASIAI0B
Importing 'GUID: 993d9a6b07bf33c4dbf1f13f5879bd34 - Path: Packages/com.unity.render-pipelines.universal/Tests/Runtime/RenderGraphConstraintsTests.cs - Importer: ScriptedImporter/UnityEditor.QuickSearchModule:UnityEditor.Search:ASIAI0B' with importer (ScriptedImporter : UnityEditor.QuickSearchModule:UnityEditor.Search:ASIAI0B)
Imported 'GUID: 993d9a6b07bf33c4dbf1f13f5879bd34' -> (Import Result ID: 'd171c909175d3eb22ade4d652e2f42e8') in 0.002 seconds [static and dynamic dependencies]. Details - ImportResultOutputID=8bfda1bca6d9bd8000a39504634babf3 DependenciesID=7a2d51e06bd0885b2f887553530052c5 StaticDependenciesID=4bd959a471373e91ca308107d647263f 
Number of updated asset objects reloaded before import = 0
Number of asset objects unloaded after import = 0
========================================================================
Received Import Request.
  Time of request: 2026-10-01T08:15:31.9409939Z
  Time since last request: 0.0002651 seconds.
  importAddress: GUID: ebd6b9f28e27469791da648250488852 - Path: Packages/com.unity.render-pipelines.universal/Tests/Editor/BuddyAllocatorTests.cs - Importer: ScriptedImporter/UnityEditor.QuickSearchModule:UnityEditor.Search:ASIAI0B
Importing 'GUID: ebd6b9f28e27469791da648250488852 - Path: Packages/com.unity.render-pipelines.universal/Tests/Editor/BuddyAllocatorTests.cs - Importer: ScriptedImporter/UnityEditor.QuickSearchModule:UnityEditor.Search:ASIAI0B' with importer (ScriptedImporter : UnityEditor.QuickSearchModule:UnityEditor.Search:ASIAI0B)
Imported 'GUID: ebd6b9f28e27469791da648250488852' -> (Import Result ID: '83127013b3739d3c5a14d21e84bef72c') in 0.003 seconds [static and dynamic dependencies]. Details - ImportResultOutputID=9ae9bfcf49f6131228bdfd72f0efe9a3 DependenciesID=803cb74250d4e60d3cb9aae4a4084b23 StaticDependenciesID=f07c68944c4b0d827787f22c5241c29e 
Number of updated asset objects reloaded before import = 0
Number of asset objects unloaded after import = 0
========================================================================
Received Import Request.
  Time of request: 2026-10-01T08:15:31.95315Z
  Time since last request: 0.0007676 seconds.
  importAddress: GUID: 56a77a3e8d64f47b6afe9e3c95cb57d5 - Path: Packages/com.unity.render-pipelines.universal/Textures/BlueNoise256/LDR_LLL1_6.png - Importer: ScriptedImporter/UnityEditor.QuickSearchModule:UnityEditor.Search:ASIAI0B
Importing 'GUID: 56a77a3e8d64f47b6afe9e3c95cb57d5 - Path: Packages/com.unity.render-pipelines.universal/Textures/BlueNoise256/LDR_LLL1_6.png - Importer: ScriptedImporter/UnityEditor.QuickSearchModule:UnityEditor.Search:ASIAI0B' with importer (ScriptedImporter : UnityEditor.QuickSearchModule:UnityEditor.Search:ASIAI0B)
Imported 'GUID: 56a77a3e8d64f47b6afe9e3c95cb57d5' -> (Import Result ID: 'be02edf41f978b814086e5b1145478a1') in 0.007 seconds [static and dynamic dependencies]. Details - ImportResultOutputID=8114406a36704a7c4c9dac079d54bb76 DependenciesID=1d52bf6aafb1337fcfdbce7ac3e12fa7 StaticDependenciesID=cb9497b2f2c95171c72693bee875570a 
Number of updated asset objects reloaded before import = 0
Number of asset objects unloaded after import = 1
========================================================================
Received Import Request.
  Time of request: 2026-10-01T08:15:31.968632Z
  Time since last request: 0.0002012 seconds.
  importAddress: GUID: d1f1048909d55cd4fa1126ab998f617e - Path: Packages/com.unity.render-pipelines.universal/Textures/SMAA/AreaTex.tga - Importer: ScriptedImporter/UnityEditor.QuickSearchModule:UnityEditor.Search:ASIAI0B
Importing 'GUID: d1f1048909d55cd4fa1126ab998f617e - Path: Packages/com.unity.render-pipelines.universal/Textures/SMAA/AreaTex.tga - Importer: ScriptedImporter/UnityEditor.QuickSearchModule:UnityEditor.Search:ASIAI0B' with importer (ScriptedImporter : UnityEditor.QuickSearchModule:UnityEditor.Search:ASIAI0B)
Imported 'GUID: d1f1048909d55cd4fa1126ab998f617e' -> (Import Result ID: 'cae05e21410edc72149a71ef936f00c1') in 0.005 seconds [static and dynamic dependencies]. Details - ImportResultOutputID=0090cff0afd94904fd40aee2cc6ff41f DependenciesID=752c9175cf763d987f9f72d815b6285b StaticDependenciesID=3d91e26de43d0d427f99b3875059d89a 
Number of updated asset objects reloaded before import = 0
Number of asset objects unloaded after import = 1
========================================================================
Received Import Request.
  Time of request: 2026-10-01T08:15:31.9831658Z
  Time since last request: 0.00055 seconds.
  importAddress: GUID: 510a2f57334933e4a8dbabe4c30204e4 - Path: Packages/com.unity.render-pipelines.universal/Textures/FilmGrain/Medium05.png - Importer: ScriptedImporter/UnityEditor.QuickSearchModule:UnityEditor.Search:ASIAI0B
Importing 'GUID: 510a2f57334933e4a8dbabe4c30204e4 - Path: Packages/com.unity.render-pipelines.universal/Textures/FilmGrain/Medium05.png - Importer: ScriptedImporter/UnityEditor.QuickSearchModule:UnityEditor.Search:ASIAI0B' with importer (ScriptedImporter : UnityEditor.QuickSearchModule:UnityEditor.Search:ASIAI0B)
Imported 'GUID: 510a2f57334933e4a8dbabe4c30204e4' -> (Import Result ID: '69cd189b7003edc85d685d511ca3568e') in 0.007 seconds [static and dynamic dependencies]. Details - ImportResultOutputID=d3540a2740a283172d9cb8c3a14d9a5f DependenciesID=8f7afe9e4713475ff714ecc1799f92c1 StaticDependenciesID=5a22a9cd831d121cb6201d65b42b254d 
Number of updated asset objects reloaded before import = 0
Number of asset objects unloaded after import = 1
========================================================================
Received Import Request.
  Time of request: 2026-10-01T08:15:32.0000171Z
  Time since last request: 0.0003498 seconds.
  importAddress: GUID: 3846104859549aa4eb627e318722149f - Path: Packages/com.unity.render-pipelines.universal/Tests/Runtime/RuntimeTests.cs - Importer: ScriptedImporter/UnityEditor.QuickSearchModule:UnityEditor.Search:ASIAI0B
Importing 'GUID: 3846104859549aa4eb627e318722149f - Path: Packages/com.unity.render-pipelines.universal/Tests/Runtime/RuntimeTests.cs - Importer: ScriptedImporter/UnityEditor.QuickSearchModule:UnityEditor.Search:ASIAI0B' with importer (ScriptedImporter : UnityEditor.QuickSearchModule:UnityEditor.Search:ASIAI0B)
Imported 'GUID: 3846104859549aa4eb627e318722149f' -> (Import Result ID: 'f3501aea3792e0ba71af83998b0652dd') in 0.002 seconds [static and dynamic dependencies]. Details - ImportResultOutputID=0dfe1b805a94688aa9d480f056fc4134 DependenciesID=1f223d2a8342772335f59ca545e14285 StaticDependenciesID=d91016cb0ae0dfa4e960d8240c7db32c 
Number of updated asset objects reloaded before import = 0
Number of asset objects unloaded after import = 0
========================================================================
Received Import Request.
  Time of request: 2026-10-01T08:15:32.0219572Z
  Time since last request: 0.0116356 seconds.
  importAddress: GUID: a58fea03b14b2be4295b11f21a57a6f7 - Path: Packages/com.unity.render-pipelines.universal/Editor/2D/Resources/LightCapUp.png - Importer: ScriptedImporter/UnityEditor.QuickSearchModule:UnityEditor.Search:ASIAI0B
Importing 'GUID: a58fea03b14b2be4295b11f21a57a6f7 - Path: Packages/com.unity.render-pipelines.universal/Editor/2D/Resources/LightCapUp.png - Importer: ScriptedImporter/UnityEditor.QuickSearchModule:UnityEditor.Search:ASIAI0B' with importer (ScriptedImporter : UnityEditor.QuickSearchModule:UnityEditor.Search:ASIAI0B)
Imported 'GUID: a58fea03b14b2be4295b11f21a57a6f7' -> (Import Result ID: '09ee187395a924d1a9011a678d3b9a46') in 0.005 seconds [static and dynamic dependencies]. Details - ImportResultOutputID=46dd7bc0a3ea98993dce0dc460657d74 DependenciesID=0bea1ff9f975fd5e133f0387c8747329 StaticDependenciesID=c6318e573797e069ad668051b71bcad9 
Number of updated asset objects reloaded before import = 0
Number of asset objects unloaded after import = 1
========================================================================
Received Import Request.
  Time of request: 2026-10-01T08:15:32.0354632Z
  Time since last request: 0.0003372 seconds.
  importAddress: GUID: 92f845725428c954b878da352f657fe5 - Path: Packages/com.unity.render-pipelines.universal/Editor/SceneTemplates/Materials/Emissive.mat - Importer: ScriptedImporter/UnityEditor.QuickSearchModule:UnityEditor.Search:ASIAI0B
Importing 'GUID: 92f845725428c954b878da352f657fe5 - Path: Packages/com.unity.render-pipelines.universal/Editor/SceneTemplates/Materials/Emissive.mat - Importer: ScriptedImporter/UnityEditor.QuickSearchModule:UnityEditor.Search:ASIAI0B' with importer (ScriptedImporter : UnityEditor.QuickSearchModule:UnityEditor.Search:ASIAI0B)
Imported 'GUID: 92f845725428c954b878da352f657fe5' -> (Import Result ID: '07e84a926ae2de303e4908a1233db1d0') in 0.004 seconds [static and dynamic dependencies]. Details - ImportResultOutputID=b0cde4ceca6bf25ab77650395d38ca17 DependenciesID=bdcd15ebff2b4247a5f5a0dd4c0f9f84 StaticDependenciesID=c58fbb4e67ba79314bd4a63b21c24a28 
Number of updated asset objects reloaded before import = 0
Number of asset objects unloaded after import = 2
========================================================================
Received Import Request.
  Time of request: 2026-10-01T08:15:32.0488866Z
  Time since last request: 0.0005825 seconds.
  importAddress: GUID: 4f1ef37ae953c484bbc5d5e4049147e5 - Path: Packages/com.unity.render-pipelines.universal/Editor/SceneTemplates/Materials/Black.mat - Importer: ScriptedImporter/UnityEditor.QuickSearchModule:UnityEditor.Search:ASIAI0B
Importing 'GUID: 4f1ef37ae953c484bbc5d5e4049147e5 - Path: Packages/com.unity.render-pipelines.universal/Editor/SceneTemplates/Materials/Black.mat - Importer: ScriptedImporter/UnityEditor.QuickSearchModule:UnityEditor.Search:ASIAI0B' with importer (ScriptedImporter : UnityEditor.QuickSearchModule:UnityEditor.Search:ASIAI0B)
Imported 'GUID: 4f1ef37ae953c484bbc5d5e4049147e5' -> (Import Result ID: '46c6761db85a82813a8882cb2049ca80') in 0.003 seconds [static and dynamic dependencies]. Details - ImportResultOutputID=cb2ca910f72fc5072789da922099ba51 DependenciesID=75c8fe1d485fd145142994a4806b128a StaticDependenciesID=7c5e4f82280b644453a9a391646d78f8 
Number of updated asset objects reloaded before import = 0
Number of asset objects unloaded after import = 2
========================================================================
Received Import Request.
  Time of request: 2026-10-01T08:15:32.0601529Z
  Time since last request: 0.0003932 seconds.
  importAddress: GUID: 6728b86022214f8a8337014ddb1b4b0e - Path: Packages/com.unity.render-pipelines.universal/Editor/BuildProcessors/GraphicsSettingsStrippers/UniversalDebugShaderStripper.cs - Importer: ScriptedImporter/UnityEditor.QuickSearchModule:UnityEditor.Search:ASIAI0B
Importing 'GUID: 6728b86022214f8a8337014ddb1b4b0e - Path: Packages/com.unity.render-pipelines.universal/Editor/BuildProcessors/GraphicsSettingsStrippers/UniversalDebugShaderStripper.cs - Importer: ScriptedImporter/UnityEditor.QuickSearchModule:UnityEditor.Search:ASIAI0B' with importer (ScriptedImporter : UnityEditor.QuickSearchModule:UnityEditor.Search:ASIAI0B)
Imported 'GUID: 6728b86022214f8a8337014ddb1b4b0e' -> (Import Result ID: 'cca6ab7cf5bae10df490b21ced770931') in 0.002 seconds [static and dynamic dependencies]. Details - ImportResultOutputID=8f244551af283ec91c525371fb7e54c6 DependenciesID=d30c08d2af419fa30e0a05773071efc9 StaticDependenciesID=7f0389be4d93610b4854495be4737b8c 
Number of updated asset objects reloaded before import = 0
Number of asset objects unloaded after import = 0
========================================================================
Received Import Request.
  Time of request: 2026-10-01T08:15:32.0706094Z
  Time since last request: 0.0003662 seconds.
  importAddress: GUID: 761d8e1f988ed2345a28312145c79c6e - Path: Packages/com.unity.render-pipelines.universal/Editor/SceneTemplates/Materials/Ground.mat - Importer: ScriptedImporter/UnityEditor.QuickSearchModule:UnityEditor.Search:ASIAI0B
Importing 'GUID: 761d8e1f988ed2345a28312145c79c6e - Path: Packages/com.unity.render-pipelines.universal/Editor/SceneTemplates/Materials/Ground.mat - Importer: ScriptedImporter/UnityEditor.QuickSearchModule:UnityEditor.Search:ASIAI0B' with importer (ScriptedImporter : UnityEditor.QuickSearchModule:UnityEditor.Search:ASIAI0B)
Imported 'GUID: 761d8e1f988ed2345a28312145c79c6e' -> (Import Result ID: '3ffca6d01c5959ca3142d703efa30965') in 0.004 seconds [static and dynamic dependencies]. Details - ImportResultOutputID=36c40c97719cc06cc253eabcd6f2cd09 DependenciesID=922a5bb397e0565d2b6fc7c3777153c1 StaticDependenciesID=fe1b960bfa693d0b2c57cfbcf1b14392 
Number of updated asset objects reloaded before import = 0
Number of asset objects unloaded after import = 2
========================================================================
Received Import Request.
  Time of request: 2026-10-01T08:15:32.0848626Z
  Time since last request: 0.000336 seconds.
  importAddress: GUID: 9ba2ca86094729044b1838b251b579b2 - Path: Packages/com.unity.render-pipelines.universal/Editor/BuildProcessors/GraphicsSettingsStrippers/ScreenSpaceReflectionStripper.cs - Importer: ScriptedImporter/UnityEditor.QuickSearchModule:UnityEditor.Search:ASIAI0B
Importing 'GUID: 9ba2ca86094729044b1838b251b579b2 - Path: Packages/com.unity.render-pipelines.universal/Editor/BuildProcessors/GraphicsSettingsStrippers/ScreenSpaceReflectionStripper.cs - Importer: ScriptedImporter/UnityEditor.QuickSearchModule:UnityEditor.Search:ASIAI0B' with importer (ScriptedImporter : UnityEditor.QuickSearchModule:UnityEditor.Search:ASIAI0B)
Imported 'GUID: 9ba2ca86094729044b1838b251b579b2' -> (Import Result ID: '5dd40c4fe02fc5b96b3a5bd18a8cbd7f') in 0.002 seconds [static and dynamic dependencies]. Details - ImportResultOutputID=0e7391d839f01527c3647966ee75ead2 DependenciesID=436549c6dfc7f0208b9fddaef73ea369 StaticDependenciesID=7eca50cf128aca620dbe2a2cc2e5efac 
Number of updated asset objects reloaded before import = 0
Number of asset objects unloaded after import = 0
========================================================================
Received Import Request.
  Time of request: 2026-10-01T08:15:32.0952335Z
  Time since last request: 0.0004153 seconds.
  importAddress: GUID: 7dac6048e6e7a4747ad93c64661d3faf - Path: Packages/com.unity.render-pipelines.universal/Editor/2D/Overrides/SortingGroupEditor2DURP.cs - Importer: ScriptedImporter/UnityEditor.QuickSearchModule:UnityEditor.Search:ASIAI0B
Importing 'GUID: 7dac6048e6e7a4747ad93c64661d3faf - Path: Packages/com.unity.render-pipelines.universal/Editor/2D/Overrides/SortingGroupEditor2DURP.cs - Importer: ScriptedImporter/UnityEditor.QuickSearchModule:UnityEditor.Search:ASIAI0B' with importer (ScriptedImporter : UnityEditor.QuickSearchModule:UnityEditor.Search:ASIAI0B)
Imported 'GUID: 7dac6048e6e7a4747ad93c64661d3faf' -> (Import Result ID: '724881b9363aa7b6ab031151f05df962') in 0.003 seconds [static and dynamic dependencies]. Details - ImportResultOutputID=553be34e090931c6d85c2e2113ab7759 DependenciesID=a4153697db45a7615e2f30d4f725e57e StaticDependenciesID=278e8bad3e42644313a27274f3afe726 
Number of updated asset objects reloaded before import = 0
Number of asset objects unloaded after import = 0
========================================================================
Received Import Request.
  Time of request: 2026-10-01T08:15:32.1076387Z
  Time since last request: 0.0003013 seconds.
  importAddress: GUID: c094860479f147488030fb1820fb1264 - Path: Packages/com.unity.render-pipelines.universal/Editor/BuildProcessors/GraphicsSettingsStrippers/SurfaceCacheGIStripper.cs - Importer: ScriptedImporter/UnityEditor.QuickSearchModule:UnityEditor.Search:ASIAI0B
Importing 'GUID: c094860479f147488030fb1820fb1264 - Path: Packages/com.unity.render-pipelines.universal/Editor/BuildProcessors/GraphicsSettingsStrippers/SurfaceCacheGIStripper.cs - Importer: ScriptedImporter/UnityEditor.QuickSearchModule:UnityEditor.Search:ASIAI0B' with importer (ScriptedImporter : UnityEditor.QuickSearchModule:UnityEditor.Search:ASIAI0B)
Imported 'GUID: c094860479f147488030fb1820fb1264' -> (Import Result ID: '8c7f6ed25307035c9f046df41f5e9881') in 0.002 seconds [static and dynamic dependencies]. Details - ImportResultOutputID=85f0adabe4f81eac93a9ff6840fe050c DependenciesID=ada53a2f13afab6fe5d8fa0d70afe168 StaticDependenciesID=06ba70e2d0a06db49c8c3b8ce9636dbe 
Number of updated asset objects reloaded before import = 0
Number of asset objects unloaded after import = 0
========================================================================
Received Import Request.
  Time of request: 2026-10-01T08:15:32.1271016Z
  Time since last request: 0.0101739 seconds.
  importAddress: GUID: d6c78107b64145745805d963de80cc17 - Path: Packages/com.unity.render-pipelines.universal/Editor/ShaderGraph/Targets/UniversalLitSubTarget.cs - Importer: ScriptedImporter/UnityEditor.QuickSearchModule:UnityEditor.Search:ASIAI0B
Importing 'GUID: d6c78107b64145745805d963de80cc17 - Path: Packages/com.unity.render-pipelines.universal/Editor/ShaderGraph/Targets/UniversalLitSubTarget.cs - Importer: ScriptedImporter/UnityEditor.QuickSearchModule:UnityEditor.Search:ASIAI0B' with importer (ScriptedImporter : UnityEditor.QuickSearchModule:UnityEditor.Search:ASIAI0B)
Imported 'GUID: d6c78107b64145745805d963de80cc17' -> (Import Result ID: '32a588f035e7b0e94d8e2c4c90d42375') in 0.002 seconds [static and dynamic dependencies]. Details - ImportResultOutputID=e7df9fb64bbaad10554b549078fd4add DependenciesID=7a245bbb094a4489ccc863d602e42078 StaticDependenciesID=d45f1830012a020a7120ba6fe5a9af87 
Number of updated asset objects reloaded before import = 0
Number of asset objects unloaded after import = 0
========================================================================
Received Import Request.
  Time of request: 2026-10-01T08:15:32.1374946Z
  Time since last request: 0.0005152 seconds.
  importAddress: GUID: d4a15157998d23d4099354f8824f18b0 - Path: Packages/com.unity.render-pipelines.universal/Editor/ShaderGraph/AssetCallbacks/CreateCanvasShaderGraph.cs - Importer: ScriptedImporter/UnityEditor.QuickSearchModule:UnityEditor.Search:ASIAI0B
Importing 'GUID: d4a15157998d23d4099354f8824f18b0 - Path: Packages/com.unity.render-pipelines.universal/Editor/ShaderGraph/AssetCallbacks/CreateCanvasShaderGraph.cs - Importer: ScriptedImporter/UnityEditor.QuickSearchModule:UnityEditor.Search:ASIAI0B' with importer (ScriptedImporter : UnityEditor.QuickSearchModule:UnityEditor.Search:ASIAI0B)
Imported 'GUID: d4a15157998d23d4099354f8824f18b0' -> (Import Result ID: '7836ceb42d634dbad883dbc1dbf3ef2b') in 0.002 seconds [static and dynamic dependencies]. Details - ImportResultOutputID=cf120a8cde6a564c650d56862e8a109a DependenciesID=0371bc57f70c02f965563142dd24245f StaticDependenciesID=8c473f38106f6b861e1ac52c6d3ff5e3 
Number of updated asset objects reloaded before import = 0
Number of asset objects unloaded after import = 0
========================================================================
Received Import Request.
  Time of request: 2026-10-01T08:15:32.1481454Z
  Time since last request: 0.0004733 seconds.
  importAddress: GUID: ba78d2682f9fed14fb0827a24fb5a1f0 - Path: Packages/com.unity.render-pipelines.universal/Editor/ShaderGraph/Includes/ShaderPass.hlsl - Importer: ScriptedImporter/UnityEditor.QuickSearchModule:UnityEditor.Search:ASIAI0B
Importing 'GUID: ba78d2682f9fed14fb0827a24fb5a1f0 - Path: Packages/com.unity.render-pipelines.universal/Editor/ShaderGraph/Includes/ShaderPass.hlsl - Importer: ScriptedImporter/UnityEditor.QuickSearchModule:UnityEditor.Search:ASIAI0B' with importer (ScriptedImporter : UnityEditor.QuickSearchModule:UnityEditor.Search:ASIAI0B)
Imported 'GUID: ba78d2682f9fed14fb0827a24fb5a1f0' -> (Import Result ID: '9ec4cec5df0e06638a7493bac949bdcd') in 0.002 seconds [static and dynamic dependencies]. Details - ImportResultOutputID=51062b2e5d1b2c74b02129f7d931006e DependenciesID=cb5ae6a88054e7492e74ebb1595650f7 StaticDependenciesID=166580b21d6286ee5586a195a0641a16 
Number of updated asset objects reloaded before import = 0
Number of asset objects unloaded after import = 1
========================================================================
Received Import Request.
  Time of request: 2026-10-01T08:15:32.162171Z
  Time since last request: 0.0003078 seconds.
  importAddress: GUID: 8052b80993fff1242975e48e123bb767 - Path: Packages/com.unity.render-pipelines.universal/Editor/ShaderGraph/GraphTemplates/UITKBasicTemplate.png - Importer: ScriptedImporter/UnityEditor.QuickSearchModule:UnityEditor.Search:ASIAI0B
Importing 'GUID: 8052b80993fff1242975e48e123bb767 - Path: Packages/com.unity.render-pipelines.universal/Editor/ShaderGraph/GraphTemplates/UITKBasicTemplate.png - Importer: ScriptedImporter/UnityEditor.QuickSearchModule:UnityEditor.Search:ASIAI0B' with importer (ScriptedImporter : UnityEditor.QuickSearchModule:UnityEditor.Search:ASIAI0B)
Imported 'GUID: 8052b80993fff1242975e48e123bb767' -> (Import Result ID: '279dcc2b4232f8116b09296fc0fd3454') in 0.006 seconds [static and dynamic dependencies]. Details - ImportResultOutputID=e691ce179ebe00c14bb180d4444a5596 DependenciesID=91fc66c5855ca645bbd9e97b01dd652f StaticDependenciesID=14dee12d7bd84a52ab1d7a3013aedc8d 
Number of updated asset objects reloaded before import = 0
Number of asset objects unloaded after import = 1
========================================================================
Received Import Request.
  Time of request: 2026-10-01T08:15:32.17953Z
  Time since last request: 0.0002382 seconds.
  importAddress: GUID: 928853c33a90408408408d3b4bfb96e8 - Path: Packages/com.unity.render-pipelines.universal/Editor/ShaderGraph/Targets/UniversalTerrainLitSubTarget.cs - Importer: ScriptedImporter/UnityEditor.QuickSearchModule:UnityEditor.Search:ASIAI0B
Importing 'GUID: 928853c33a90408408408d3b4bfb96e8 - Path: Packages/com.unity.render-pipelines.universal/Editor/ShaderGraph/Targets/UniversalTerrainLitSubTarget.cs - Importer: ScriptedImporter/UnityEditor.QuickSearchModule:UnityEditor.Search:ASIAI0B' with importer (ScriptedImporter : UnityEditor.QuickSearchModule:UnityEditor.Search:ASIAI0B)
Imported 'GUID: 928853c33a90408408408d3b4bfb96e8' -> (Import Result ID: '15fa43c0163d9b42941f1d918985a464') in 0.002 seconds [static and dynamic dependencies]. Details - ImportResultOutputID=152a0adc5980b2cd69e3237e73d2bb7c DependenciesID=837ed5e284525359a7de8de1dcc80038 StaticDependenciesID=2a491aebfdfec13700401e5adaf1b14a 
Number of updated asset objects reloaded before import = 0
Number of asset objects unloaded after import = 0
========================================================================
Received Import Request.
  Time of request: 2026-10-01T08:15:32.1894966Z
  Time since last request: 0.0003101 seconds.
  importAddress: GUID: 131f64991fbd3cb4286f7fbc05dcf29e - Path: Packages/com.unity.render-pipelines.universal/Editor/ShaderGraph/Includes/ShaderPassDecal.hlsl - Importer: ScriptedImporter/UnityEditor.QuickSearchModule:UnityEditor.Search:ASIAI0B
Importing 'GUID: 131f64991fbd3cb4286f7fbc05dcf29e - Path: Packages/com.unity.render-pipelines.universal/Editor/ShaderGraph/Includes/ShaderPassDecal.hlsl - Importer: ScriptedImporter/UnityEditor.QuickSearchModule:UnityEditor.Search:ASIAI0B' with importer (ScriptedImporter : UnityEditor.QuickSearchModule:UnityEditor.Search:ASIAI0B)
Imported 'GUID: 131f64991fbd3cb4286f7fbc05dcf29e' -> (Import Result ID: '71cf32d10d9fc4f9d61111473b76b1a1') in 0.002 seconds [static and dynamic dependencies]. Details - ImportResultOutputID=676ee1a546585b15683807482e71a37c DependenciesID=0692a02b7ddd0565db41d2c2fa715348 StaticDependenciesID=614af34ffa6481f60ce1ba8ac431fc8a 
Number of updated asset objects reloaded before import = 0
Number of asset objects unloaded after import = 1
========================================================================
Received Import Request.
  Time of request: 2026-10-01T08:15:32.2000628Z
  Time since last request: 0.0003076 seconds.
  importAddress: GUID: 3e01bbae25716b24ea9da11102b44902 - Path: Packages/com.unity.render-pipelines.universal/Editor/ShaderGraph/GraphTemplates/UITKFullTemplate.shadergraph - Importer: ScriptedImporter/UnityEditor.QuickSearchModule:UnityEditor.Search:ASIAI0B
Importing 'GUID: 3e01bbae25716b24ea9da11102b44902 - Path: Packages/com.unity.render-pipelines.universal/Editor/ShaderGraph/GraphTemplates/UITKFullTemplate.shadergraph - Importer: ScriptedImporter/UnityEditor.QuickSearchModule:UnityEditor.Search:ASIAI0B' with importer (ScriptedImporter : UnityEditor.QuickSearchModule:UnityEditor.Search:ASIAI0B)
Imported 'GUID: 3e01bbae25716b24ea9da11102b44902' -> (Import Result ID: '488d690df2e2e7d0b6aff20350a6256a') in 0.005 seconds [static and dynamic dependencies]. Details - ImportResultOutputID=ea7beafcbaa6a75bd0179f3810a76a68 DependenciesID=b9698fc902b1ac36a805b4c21600df67 StaticDependenciesID=f635f97b8e55e33cebcf085f787e6906 
Number of updated asset objects reloaded before import = 0
Number of asset objects unloaded after import = 5
========================================================================
Received Import Request.
  Time of request: 2026-10-01T08:15:32.2170093Z
  Time since last request: 0.0027146 seconds.
  importAddress: GUID: d41cfd0a88e7a024797e86c60a0ff961 - Path: Packages/com.unity.render-pipelines.universal/Runtime/2D/Shadows/ShadowRendering.cs - Importer: ScriptedImporter/UnityEditor.QuickSearchModule:UnityEditor.Search:ASIAI0B
Importing 'GUID: d41cfd0a88e7a024797e86c60a0ff961 - Path: Packages/com.unity.render-pipelines.universal/Runtime/2D/Shadows/ShadowRendering.cs - Importer: ScriptedImporter/UnityEditor.QuickSearchModule:UnityEditor.Search:ASIAI0B' with importer (ScriptedImporter : UnityEditor.QuickSearchModule:UnityEditor.Search:ASIAI0B)
Imported 'GUID: d41cfd0a88e7a024797e86c60a0ff961' -> (Import Result ID: '250646ea3e3ebf62b9a0cd3be7403706') in 0.002 seconds [static and dynamic dependencies]. Details - ImportResultOutputID=4d118c4f90287e412436cfd945a7691e DependenciesID=fcdf8339c072371930edbdb70fd5c86f StaticDependenciesID=a849e2ad845a3eb5379709456ee9ccbe 
Number of updated asset objects reloaded before import = 0
Number of asset objects unloaded after import = 0
========================================================================
Received Import Request.
  Time of request: 2026-10-01T08:15:32.2276532Z
  Time since last request: 0.000298 seconds.
  importAddress: GUID: c2f338207dfcc51409b62af3ad45954d - Path: Packages/com.unity.render-pipelines.universal/Editor/Tools/Project Auditor/DuplicateRendererFeaturesAnalyzer.cs - Importer: ScriptedImporter/UnityEditor.QuickSearchModule:UnityEditor.Search:ASIAI0B
Importing 'GUID: c2f338207dfcc51409b62af3ad45954d - Path: Packages/com.unity.render-pipelines.universal/Editor/Tools/Project Auditor/DuplicateRendererFeaturesAnalyzer.cs - Importer: ScriptedImporter/UnityEditor.QuickSearchModule:UnityEditor.Search:ASIAI0B' with importer (ScriptedImporter : UnityEditor.QuickSearchModule:UnityEditor.Search:ASIAI0B)
Imported 'GUID: c2f338207dfcc51409b62af3ad45954d' -> (Import Result ID: '035718a3b5dd86e10f9d643f96603eee') in 0.002 seconds [static and dynamic dependencies]. Details - ImportResultOutputID=379e9f797cad082fe78228b31961a211 DependenciesID=e2db3fb8c591a256cf446af1f49d8c2b StaticDependenciesID=c08f515726b6a753f6de4b808b82017a 
Number of updated asset objects reloaded before import = 0
Number of asset objects unloaded after import = 0
========================================================================
Received Import Request.
  Time of request: 2026-10-01T08:15:32.238293Z
  Time since last request: 0.0003778 seconds.
  importAddress: GUID: 73570bca5636a644cb758c4a0098ae05 - Path: Packages/com.unity.render-pipelines.universal/Editor/Tools/MaterialUpgrader/UniversalSpeedTree9MaterialUpgrader.cs - Importer: ScriptedImporter/UnityEditor.QuickSearchModule:UnityEditor.Search:ASIAI0B
Importing 'GUID: 73570bca5636a644cb758c4a0098ae05 - Path: Packages/com.unity.render-pipelines.universal/Editor/Tools/MaterialUpgrader/UniversalSpeedTree9MaterialUpgrader.cs - Importer: ScriptedImporter/UnityEditor.QuickSearchModule:UnityEditor.Search:ASIAI0B' with importer (ScriptedImporter : UnityEditor.QuickSearchModule:UnityEditor.Search:ASIAI0B)
Imported 'GUID: 73570bca5636a644cb758c4a0098ae05' -> (Import Result ID: '0e972bc6bdabeb9fbda2f9e0a8e33aa7') in 0.002 seconds [static and dynamic dependencies]. Details - ImportResultOutputID=6b5149d0da09941374e89685b71b2196 DependenciesID=b0a47e7f95db50fa02221688914b765f StaticDependenciesID=23f8650786422367c9d0f20931497dd2 
Number of updated asset objects reloaded before import = 0
Number of asset objects unloaded after import = 0
========================================================================
Received Import Request.
  Time of request: 2026-10-01T08:15:32.2503106Z
  Time since last request: 0.0003821 seconds.
  importAddress: GUID: 8f8544f075b7a2f4fa7324c965608fb2 - Path: Packages/com.unity.render-pipelines.universal/Runtime/2D/Rendergraph/Renderer2DRendergraph.cs - Importer: ScriptedImporter/UnityEditor.QuickSearchModule:UnityEditor.Search:ASIAI0B
Importing 'GUID: 8f8544f075b7a2f4fa7324c965608fb2 - Path: Packages/com.unity.render-pipelines.universal/Runtime/2D/Rendergraph/Renderer2DRendergraph.cs - Importer: ScriptedImporter/UnityEditor.QuickSearchModule:UnityEditor.Search:ASIAI0B' with importer (ScriptedImporter : UnityEditor.QuickSearchModule:UnityEditor.Search:ASIAI0B)
Imported 'GUID: 8f8544f075b7a2f4fa7324c965608fb2' -> (Import Result ID: 'd6593002b0fc345ed7c855398ed9bb36') in 0.002 seconds [static and dynamic dependencies]. Details - ImportResultOutputID=12d383cf664fbee5d1a4d766ef107061 DependenciesID=546e46eac7ae4e919ba870bd29d499d2 StaticDependenciesID=19de89ce6580df6c9c2235ea44b311bf 
Number of updated asset objects reloaded before import = 0
Number of asset objects unloaded after import = 0
========================================================================
Received Import Request.
  Time of request: 2026-10-01T08:15:32.262915Z
  Time since last request: 0.000467 seconds.
  importAddress: GUID: 0c9e13beeab0e3c4db1b5bd931db203a - Path: Packages/com.unity.render-pipelines.universal/Editor/Tools/Project Auditor/URPAssetLastVersionValidation.cs - Importer: ScriptedImporter/UnityEditor.QuickSearchModule:UnityEditor.Search:ASIAI0B
Importing 'GUID: 0c9e13beeab0e3c4db1b5bd931db203a - Path: Packages/com.unity.render-pipelines.universal/Editor/Tools/Project Auditor/URPAssetLastVersionValidation.cs - Importer: ScriptedImporter/UnityEditor.QuickSearchModule:UnityEditor.Search:ASIAI0B' with importer (ScriptedImporter : UnityEditor.QuickSearchModule:UnityEditor.Search:ASIAI0B)
Imported 'GUID: 0c9e13beeab0e3c4db1b5bd931db203a' -> (Import Result ID: '153653ff965c5e21efbc292f9b789f9c') in 0.002 seconds [static and dynamic dependencies]. Details - ImportResultOutputID=e3535d60d04274e84e5e2dab01d042be DependenciesID=e58c0a29a5c334b3f17e4ae518b24cc2 StaticDependenciesID=99a4e5d05ec446905b656773b2efa24a 
Number of updated asset objects reloaded before import = 0
Number of asset objects unloaded after import = 0
========================================================================
Received Import Request.
  Time of request: 2026-10-01T08:15:32.275236Z
  Time since last request: 0.0004247 seconds.
  importAddress: GUID: a699ef0a455ff0440a0fe9b1689ec566 - Path: Packages/com.unity.render-pipelines.universal/Editor/Tools/MaterialUpgrader/UniversalSpeedTree8MaterialUpgrader.cs - Importer: ScriptedImporter/UnityEditor.QuickSearchModule:UnityEditor.Search:ASIAI0B
Importing 'GUID: a699ef0a455ff0440a0fe9b1689ec566 - Path: Packages/com.unity.render-pipelines.universal/Editor/Tools/MaterialUpgrader/UniversalSpeedTree8MaterialUpgrader.cs - Importer: ScriptedImporter/UnityEditor.QuickSearchModule:UnityEditor.Search:ASIAI0B' with importer (ScriptedImporter : UnityEditor.QuickSearchModule:UnityEditor.Search:ASIAI0B)
Imported 'GUID: a699ef0a455ff0440a0fe9b1689ec566' -> (Import Result ID: 'c0c9377eb06dd3ccaa2aa05a1bcb5859') in 0.001 seconds [static and dynamic dependencies]. Details - ImportResultOutputID=26befa11d9175cf7bbd4fd35fe4c9a78 DependenciesID=e6e50ff1fac2bee7237a025dc31dcda2 StaticDependenciesID=55c92bf05eaa5a3447ec04fada5674c6 
Number of updated asset objects reloaded before import = 0
Number of asset objects unloaded after import = 0
========================================================================
Received Import Request.
  Time of request: 2026-10-01T08:15:32.3053891Z
  Time since last request: 0.0203892 seconds.
  importAddress: GUID: 26e1f8400167947f5a628494c94d0ff5 - Path: Packages/com.unity.render-pipelines.universal/Runtime/Passes/PostProcess/TemporalAntiAliasingPostProcessPass.cs - Importer: ScriptedImporter/UnityEditor.QuickSearchModule:UnityEditor.Search:ASIAI0B
Importing 'GUID: 26e1f8400167947f5a628494c94d0ff5 - Path: Packages/com.unity.render-pipelines.universal/Runtime/Passes/PostProcess/TemporalAntiAliasingPostProcessPass.cs - Importer: ScriptedImporter/UnityEditor.QuickSearchModule:UnityEditor.Search:ASIAI0B' with importer (ScriptedImporter : UnityEditor.QuickSearchModule:UnityEditor.Search:ASIAI0B)
Imported 'GUID: 26e1f8400167947f5a628494c94d0ff5' -> (Import Result ID: 'ef131159e9f7e6abf4e7504eac9742e8') in 0.002 seconds [static and dynamic dependencies]. Details - ImportResultOutputID=8924908bded0dc2a67294d274405d220 DependenciesID=ab462f83c330aab5d05de5c2dbc187e4 StaticDependenciesID=49671a6bde203d6ec8ae91d5db893948 
Number of updated asset objects reloaded before import = 0
Number of asset objects unloaded after import = 0
========================================================================
Received Import Request.
  Time of request: 2026-10-01T08:15:32.3154924Z
  Time since last request: 0.0005151 seconds.
  importAddress: GUID: 7c68662492324997981f99fb0847793d - Path: Packages/com.unity.render-pipelines.universal/Runtime/Passes/PostProcess/LensFlareScreenSpacePostProcessPass.cs - Importer: ScriptedImporter/UnityEditor.QuickSearchModule:UnityEditor.Search:ASIAI0B
Importing 'GUID: 7c68662492324997981f99fb0847793d - Path: Packages/com.unity.render-pipelines.universal/Runtime/Passes/PostProcess/LensFlareScreenSpacePostProcessPass.cs - Importer: ScriptedImporter/UnityEditor.QuickSearchModule:UnityEditor.Search:ASIAI0B' with importer (ScriptedImporter : UnityEditor.QuickSearchModule:UnityEditor.Search:ASIAI0B)
Imported 'GUID: 7c68662492324997981f99fb0847793d' -> (Import Result ID: 'a5720cd2f23258054ab569a8918e8c97') in 0.002 seconds [static and dynamic dependencies]. Details - ImportResultOutputID=545b1533054977002328ca86fc187632 DependenciesID=0ef9e98e8491a548041df7dc333e4921 StaticDependenciesID=0df1b60b32d96adb1f763699fb65f040 
Number of updated asset objects reloaded before import = 0
Number of asset objects unloaded after import = 0
========================================================================
Received Import Request.
  Time of request: 2026-10-01T08:15:32.3269321Z
  Time since last request: 0.0004794 seconds.
  importAddress: GUID: 2274cd80d4e22254d98d0282578183e0 - Path: Packages/com.unity.render-pipelines.universal/Runtime/RendererFeatures/ScreenSpaceReflectionRendererFeature/ScreenSpaceReflectionVolumeSettings.cs - Importer: ScriptedImporter/UnityEditor.QuickSearchModule:UnityEditor.Search:ASIAI0B
Importing 'GUID: 2274cd80d4e22254d98d0282578183e0 - Path: Packages/com.unity.render-pipelines.universal/Runtime/RendererFeatures/ScreenSpaceReflectionRendererFeature/ScreenSpaceReflectionVolumeSettings.cs - Importer: ScriptedImporter/UnityEditor.QuickSearchModule:UnityEditor.Search:ASIAI0B' with importer (ScriptedImporter : UnityEditor.QuickSearchModule:UnityEditor.Search:ASIAI0B)
Imported 'GUID: 2274cd80d4e22254d98d0282578183e0' -> (Import Result ID: '76d812817e724223263e34ce6a52f6d7') in 0.002 seconds [static and dynamic dependencies]. Details - ImportResultOutputID=53c375988070b86a8d02f74c117c7166 DependenciesID=4807614ff13b3295c4bae52bce07ba49 StaticDependenciesID=8692e68f695f5fea86a33d287025923a 
Number of updated asset objects reloaded before import = 0
Number of asset objects unloaded after import = 0
========================================================================
Received Import Request.
  Time of request: 2026-10-01T08:15:32.3390714Z
  Time since last request: 0.0003595 seconds.
  importAddress: GUID: d9b7ea2602695214b8674204f5127c20 - Path: Packages/com.unity.render-pipelines.universal/Runtime/2D/Sources/Shadow2DProviderSources.cs - Importer: ScriptedImporter/UnityEditor.QuickSearchModule:UnityEditor.Search:ASIAI0B
Importing 'GUID: d9b7ea2602695214b8674204f5127c20 - Path: Packages/com.unity.render-pipelines.universal/Runtime/2D/Sources/Shadow2DProviderSources.cs - Importer: ScriptedImporter/UnityEditor.QuickSearchModule:UnityEditor.Search:ASIAI0B' with importer (ScriptedImporter : UnityEditor.QuickSearchModule:UnityEditor.Search:ASIAI0B)
Imported 'GUID: d9b7ea2602695214b8674204f5127c20' -> (Import Result ID: '56eecd741ddb1d223a8fbdf59680b647') in 0.002 seconds [static and dynamic dependencies]. Details - ImportResultOutputID=1787cb332f511e551a3506a00ec42526 DependenciesID=d7404accefd2b1f5a476e2e259409178 StaticDependenciesID=6327441124a5be6d8e7e7a8efca5850e 
Number of updated asset objects reloaded before import = 0
Number of asset objects unloaded after import = 0
========================================================================
Received Import Request.
  Time of request: 2026-10-01T08:15:32.3492965Z
  Time since last request: 0.0003237 seconds.
  importAddress: GUID: bc72453fe7004b54a9b676b403c0ba54 - Path: Packages/com.unity.render-pipelines.universal/Runtime/Decal/DBuffer/DBufferDepthCopyPass.cs - Importer: ScriptedImporter/UnityEditor.QuickSearchModule:UnityEditor.Search:ASIAI0B
Importing 'GUID: bc72453fe7004b54a9b676b403c0ba54 - Path: Packages/com.unity.render-pipelines.universal/Runtime/Decal/DBuffer/DBufferDepthCopyPass.cs - Importer: ScriptedImporter/UnityEditor.QuickSearchModule:UnityEditor.Search:ASIAI0B' with importer (ScriptedImporter : UnityEditor.QuickSearchModule:UnityEditor.Search:ASIAI0B)
Imported 'GUID: bc72453fe7004b54a9b676b403c0ba54' -> (Import Result ID: '0f05ed64166fe561b37eb38387bc9dd8') in 0.002 seconds [static and dynamic dependencies]. Details - ImportResultOutputID=9806075957971cbd7320d913a9923f0c DependenciesID=d3bda395e166a4045ce612ea2bba466a StaticDependenciesID=d6cb1302fa1667bdd9a3e9865b283d79 
Number of updated asset objects reloaded before import = 0
Number of asset objects unloaded after import = 0
========================================================================
Received Import Request.
  Time of request: 2026-10-01T08:15:32.3596253Z
  Time since last request: 0.0002082 seconds.
  importAddress: GUID: 30fa68ce467463643a86b839ca0eb195 - Path: Packages/com.unity.render-pipelines.universal/Runtime/Materials/ArnoldStandardSurface/ArnoldStandardSurfaceTransparent.shadergraph - Importer: ScriptedImporter/UnityEditor.QuickSearchModule:UnityEditor.Search:ASIAI0B
Importing 'GUID: 30fa68ce467463643a86b839ca0eb195 - Path: Packages/com.unity.render-pipelines.universal/Runtime/Materials/ArnoldStandardSurface/ArnoldStandardSurfaceTransparent.shadergraph - Importer: ScriptedImporter/UnityEditor.QuickSearchModule:UnityEditor.Search:ASIAI0B' with importer (ScriptedImporter : UnityEditor.QuickSearchModule:UnityEditor.Search:ASIAI0B)
Imported 'GUID: 30fa68ce467463643a86b839ca0eb195' -> (Import Result ID: '663f40f3a89797da910ba68a9e0f5a9e') in 0.006 seconds [static and dynamic dependencies]. Details - ImportResultOutputID=d18795ed5d782e259ab8340e7e3eaf0e DependenciesID=ecfd99bac08990cd7e7c08ec9ee3dd50 StaticDependenciesID=6081019a9a3646f326302365dbb3c971 
Number of updated asset objects reloaded before import = 0
Number of asset objects unloaded after import = 4
========================================================================
Received Import Request.
  Time of request: 2026-10-01T08:15:32.3921485Z
  Time since last request: 0.0171988 seconds.
  importAddress: GUID: 8406b95d18054752ac25ef8eb7ac2d41 - Path: Packages/com.unity.render-pipelines.universal/Runtime/RendererFeatures/SurfaceCacheGIRendererFeature/SurfaceCacheGIRendererFeature.cs - Importer: ScriptedImporter/UnityEditor.QuickSearchModule:UnityEditor.Search:ASIAI0B
Importing 'GUID: 8406b95d18054752ac25ef8eb7ac2d41 - Path: Packages/com.unity.render-pipelines.universal/Runtime/RendererFeatures/SurfaceCacheGIRendererFeature/SurfaceCacheGIRendererFeature.cs - Importer: ScriptedImporter/UnityEditor.QuickSearchModule:UnityEditor.Search:ASIAI0B' with importer (ScriptedImporter : UnityEditor.QuickSearchModule:UnityEditor.Search:ASIAI0B)
Imported 'GUID: 8406b95d18054752ac25ef8eb7ac2d41' -> (Import Result ID: '28208e9d7d8a5a0aa6da39e9c218976f') in 0.002 seconds [static and dynamic dependencies]. Details - ImportResultOutputID=edc2c94da99a1edcd14844e5c2ffef8f DependenciesID=de36e77e7355dd40b3ddfb1a5b9dc6d7 StaticDependenciesID=476c4f221e854e957ec7ceb7a4e389dd 
Number of updated asset objects reloaded before import = 0
Number of asset objects unloaded after import = 0
========================================================================
Received Import Request.
  Time of request: 2026-10-01T08:15:32.4026194Z
  Time since last request: 0.0005159 seconds.
  importAddress: GUID: 882f88039036f6c49a8df5ce3d214444 - Path: Packages/com.unity.render-pipelines.universal/Shaders/2D/Include/Core2D.hlsl - Importer: ScriptedImporter/UnityEditor.QuickSearchModule:UnityEditor.Search:ASIAI0B
Importing 'GUID: 882f88039036f6c49a8df5ce3d214444 - Path: Packages/com.unity.render-pipelines.universal/Shaders/2D/Include/Core2D.hlsl - Importer: ScriptedImporter/UnityEditor.QuickSearchModule:UnityEditor.Search:ASIAI0B' with importer (ScriptedImporter : UnityEditor.QuickSearchModule:UnityEditor.Search:ASIAI0B)
Imported 'GUID: 882f88039036f6c49a8df5ce3d214444' -> (Import Result ID: '71b646cce1679f2745d487373b65f5f7') in 0.002 seconds [static and dynamic dependencies]. Details - ImportResultOutputID=17c67af83ea0b436a05fa345e057405f DependenciesID=0cc5a684fe99c5ce47be73e3c14e750d StaticDependenciesID=84ac975d0e1f572944bcef014f554072 
Number of updated asset objects reloaded before import = 0
Number of asset objects unloaded after import = 1
========================================================================
Received Import Request.
  Time of request: 2026-10-01T08:15:32.4124881Z
  Time since last request: 0.0003114 seconds.
  importAddress: GUID: 694e01e6361351641bfb5cc5fc69f087 - Path: Packages/com.unity.render-pipelines.universal/Shaders/2D/Include/Normals2DCommon.hlsl - Importer: ScriptedImporter/UnityEditor.QuickSearchModule:UnityEditor.Search:ASIAI0B
Importing 'GUID: 694e01e6361351641bfb5cc5fc69f087 - Path: Packages/com.unity.render-pipelines.universal/Shaders/2D/Include/Normals2DCommon.hlsl - Importer: ScriptedImporter/UnityEditor.QuickSearchModule:UnityEditor.Search:ASIAI0B' with importer (ScriptedImporter : UnityEditor.QuickSearchModule:UnityEditor.Search:ASIAI0B)
Imported 'GUID: 694e01e6361351641bfb5cc5fc69f087' -> (Import Result ID: '7ca3cfb0b66ad816e6a0a381dcfb86df') in 0.003 seconds [static and dynamic dependencies]. Details - ImportResultOutputID=601dfcf74194e2d0e694703516fd3522 DependenciesID=44980dcbddc6123417be62ea677550ff StaticDependenciesID=594a573899f1764cf0590b5d8c56388e 
Number of updated asset objects reloaded before import = 0
Number of asset objects unloaded after import = 1
========================================================================
Received Import Request.
  Time of request: 2026-10-01T08:15:32.4234531Z
  Time since last request: 0.0002596 seconds.
  importAddress: GUID: 045a06f7c76196a43a929d2a916c7d95 - Path: Packages/com.unity.render-pipelines.universal/Runtime/VFXGraph/Shaders/VFXLit.hlsl - Importer: ScriptedImporter/UnityEditor.QuickSearchModule:UnityEditor.Search:ASIAI0B
Importing 'GUID: 045a06f7c76196a43a929d2a916c7d95 - Path: Packages/com.unity.render-pipelines.universal/Runtime/VFXGraph/Shaders/VFXLit.hlsl - Importer: ScriptedImporter/UnityEditor.QuickSearchModule:UnityEditor.Search:ASIAI0B' with importer (ScriptedImporter : UnityEditor.QuickSearchModule:UnityEditor.Search:ASIAI0B)
Imported 'GUID: 045a06f7c76196a43a929d2a916c7d95' -> (Import Result ID: '12e0e0ede1ee9e6ccaf740a42d4a951c') in 0.002 seconds [static and dynamic dependencies]. Details - ImportResultOutputID=60d02b1dd0e57a66167379243db75852 DependenciesID=c7b379b76b716d232a3b71bcaee28e14 StaticDependenciesID=2d4722359f11ecbd8ec2e5a2d55d0df4 
Number of updated asset objects reloaded before import = 0
Number of asset objects unloaded after import = 1
========================================================================
Received Import Request.
  Time of request: 2026-10-01T08:15:32.4360126Z
  Time since last request: 0.0003955 seconds.
  importAddress: GUID: 730c9c8a21ae0a64aba043694dfacca7 - Path: Packages/com.unity.render-pipelines.universal/Runtime/VFXGraph/Shaders/VFXDefines.hlsl - Importer: ScriptedImporter/UnityEditor.QuickSearchModule:UnityEditor.Search:ASIAI0B
Importing 'GUID: 730c9c8a21ae0a64aba043694dfacca7 - Path: Packages/com.unity.render-pipelines.universal/Runtime/VFXGraph/Shaders/VFXDefines.hlsl - Importer: ScriptedImporter/UnityEditor.QuickSearchModule:UnityEditor.Search:ASIAI0B' with importer (ScriptedImporter : UnityEditor.QuickSearchModule:UnityEditor.Search:ASIAI0B)
Imported 'GUID: 730c9c8a21ae0a64aba043694dfacca7' -> (Import Result ID: 'afafa091d3b3a5c78f666a6bbc7f9c30') in 0.002 seconds [static and dynamic dependencies]. Details - ImportResultOutputID=2b0bbccbd2d3e25afa7b1abbb52d97cd DependenciesID=a4460ec0a2d7ecc788256f062149be40 StaticDependenciesID=0d235ef9d7ac6752117f406a31c158b6 
Number of updated asset objects reloaded before import = 0
Number of asset objects unloaded after import = 1
========================================================================
Received Import Request.
  Time of request: 2026-10-01T08:15:32.4602441Z
  Time since last request: 0.015161 seconds.
  importAddress: GUID: d512512f4af60a442ab3458489412954 - Path: Packages/com.unity.render-pipelines.universal/Textures/BlueNoise16/L/LDR_LLL1_13.png - Importer: ScriptedImporter/UnityEditor.QuickSearchModule:UnityEditor.Search:ASIAI0B
Importing 'GUID: d512512f4af60a442ab3458489412954 - Path: Packages/com.unity.render-pipelines.universal/Textures/BlueNoise16/L/LDR_LLL1_13.png - Importer: ScriptedImporter/UnityEditor.QuickSearchModule:UnityEditor.Search:ASIAI0B' with importer (ScriptedImporter : UnityEditor.QuickSearchModule:UnityEditor.Search:ASIAI0B)
Imported 'GUID: d512512f4af60a442ab3458489412954' -> (Import Result ID: 'e3e7238e63cdfbfae2a46adde2fa68d7') in 0.004 seconds [static and dynamic dependencies]. Details - ImportResultOutputID=27e0b37dd3851315949332384971d898 DependenciesID=bd6a9e0167683efdbe656631a3ad3e96 StaticDependenciesID=53ab60e8cf782cd3ae35c1a4f7ae9907 
Number of updated asset objects reloaded before import = 0
Number of asset objects unloaded after import = 1
========================================================================
Received Import Request.
  Time of request: 2026-10-01T08:15:32.472641Z
  Time since last request: 0.00018 seconds.
  importAddress: GUID: ed5ea7ce59ca8ec4f9f14bf470a30f35 - Path: Packages/com.unity.render-pipelines.universal/Textures/BlueNoise16/L/LDR_LLL1_8.png - Importer: ScriptedImporter/UnityEditor.QuickSearchModule:UnityEditor.Search:ASIAI0B
Importing 'GUID: ed5ea7ce59ca8ec4f9f14bf470a30f35 - Path: Packages/com.unity.render-pipelines.universal/Textures/BlueNoise16/L/LDR_LLL1_8.png - Importer: ScriptedImporter/UnityEditor.QuickSearchModule:UnityEditor.Search:ASIAI0B' with importer (ScriptedImporter : UnityEditor.QuickSearchModule:UnityEditor.Search:ASIAI0B)
Imported 'GUID: ed5ea7ce59ca8ec4f9f14bf470a30f35' -> (Import Result ID: 'dbd570c5a908fb856f6b3a1c16426cf0') in 0.004 seconds [static and dynamic dependencies]. Details - ImportResultOutputID=881e8beef613f01b61b36f04740c4e0d DependenciesID=292bfe4267c2ee3be3f3340785c4c6a9 StaticDependenciesID=ba489a0e0a02f7f45f0b0cbf3ac5c8fe 
Number of updated asset objects reloaded before import = 0
Number of asset objects unloaded after import = 1
========================================================================
Received Import Request.
  Time of request: 2026-10-01T08:15:32.4841592Z
  Time since last request: 0.0003422 seconds.
  importAddress: GUID: e3d24661c1e055f45a7560c033dbb837 - Path: Packages/com.unity.render-pipelines.universal/Textures/BlueNoise64/L/LDR_LLL1_0.png - Importer: ScriptedImporter/UnityEditor.QuickSearchModule:UnityEditor.Search:ASIAI0B
Importing 'GUID: e3d24661c1e055f45a7560c033dbb837 - Path: Packages/com.unity.render-pipelines.universal/Textures/BlueNoise64/L/LDR_LLL1_0.png - Importer: ScriptedImporter/UnityEditor.QuickSearchModule:UnityEditor.Search:ASIAI0B' with importer (ScriptedImporter : UnityEditor.QuickSearchModule:UnityEditor.Search:ASIAI0B)
Imported 'GUID: e3d24661c1e055f45a7560c033dbb837' -> (Import Result ID: '6fc43fecc6cffdc696f79d9a13e4b1d1') in 0.004 seconds [static and dynamic dependencies]. Details - ImportResultOutputID=76cd0753646a0f0033023b160bde5454 DependenciesID=f3cdd461d25c7299795e04441b680140 StaticDependenciesID=0e42cb3da8804bf2d39f9a37e3bcc781 
Number of updated asset objects reloaded before import = 0
Number of asset objects unloaded after import = 1
========================================================================
Received Import Request.
  Time of request: 2026-10-01T08:15:32.4982535Z
  Time since last request: 0.0002842 seconds.
  importAddress: GUID: 7f923c32ff8dfab40b5673135ddb6cd4 - Path: Packages/com.unity.render-pipelines.universal/Editor/2D/Resources/SceneViewIcons/GlobalLight.png - Importer: ScriptedImporter/UnityEditor.QuickSearchModule:UnityEditor.Search:ASIAI0B
Importing 'GUID: 7f923c32ff8dfab40b5673135ddb6cd4 - Path: Packages/com.unity.render-pipelines.universal/Editor/2D/Resources/SceneViewIcons/GlobalLight.png - Importer: ScriptedImporter/UnityEditor.QuickSearchModule:UnityEditor.Search:ASIAI0B' with importer (ScriptedImporter : UnityEditor.QuickSearchModule:UnityEditor.Search:ASIAI0B)
Imported 'GUID: 7f923c32ff8dfab40b5673135ddb6cd4' -> (Import Result ID: '73f73811010418a03c9436a9c08b7694') in 0.004 seconds [static and dynamic dependencies]. Details - ImportResultOutputID=b04cdd693469ba0e6a0e67f2facd63d4 DependenciesID=c233bbd8ec3b38add5510a129217052d StaticDependenciesID=4be12c78b9b7394dbe52713e1336d646 
Number of updated asset objects reloaded before import = 0
Number of asset objects unloaded after import = 1
========================================================================
Received Import Request.
  Time of request: 2026-10-01T08:15:32.5124441Z
  Time since last request: 0.0002806 seconds.
  importAddress: GUID: f69770e54f2823f43badf77916acad83 - Path: Packages/com.unity.render-pipelines.universal/Textures/BlueNoise16/L/LDR_LLL1_22.png - Importer: ScriptedImporter/UnityEditor.QuickSearchModule:UnityEditor.Search:ASIAI0B
Importing 'GUID: f69770e54f2823f43badf77916acad83 - Path: Packages/com.unity.render-pipelines.universal/Textures/BlueNoise16/L/LDR_LLL1_22.png - Importer: ScriptedImporter/UnityEditor.QuickSearchModule:UnityEditor.Search:ASIAI0B' with importer (ScriptedImporter : UnityEditor.QuickSearchModule:UnityEditor.Search:ASIAI0B)
Imported 'GUID: f69770e54f2823f43badf77916acad83' -> (Import Result ID: 'cfb2629ccb32991887de2359b1636ef0') in 0.004 seconds [static and dynamic dependencies]. Details - ImportResultOutputID=16e5dbb6664f282ca5bfefd4743f586f DependenciesID=a00f08d48054f368051c6d9c600a5142 StaticDependenciesID=516f4d3ee94c6539e4ab09197d649109 
Number of updated asset objects reloaded before import = 0
Number of asset objects unloaded after import = 1
========================================================================
Received Import Request.
  Time of request: 2026-10-01T08:15:32.5271571Z
  Time since last request: 0.0004025 seconds.
  importAddress: GUID: fc3fa8f108657e14486697c9a84ccfc5 - Path: Packages/com.unity.render-pipelines.universal/Textures/BlueNoise16/L/LDR_LLL1_11.png - Importer: ScriptedImporter/UnityEditor.QuickSearchModule:UnityEditor.Search:ASIAI0B
Importing 'GUID: fc3fa8f108657e14486697c9a84ccfc5 - Path: Packages/com.unity.render-pipelines.universal/Textures/BlueNoise16/L/LDR_LLL1_11.png - Importer: ScriptedImporter/UnityEditor.QuickSearchModule:UnityEditor.Search:ASIAI0B' with importer (ScriptedImporter : UnityEditor.QuickSearchModule:UnityEditor.Search:ASIAI0B)
Imported 'GUID: fc3fa8f108657e14486697c9a84ccfc5' -> (Import Result ID: 'ef808d9fccfb57a7bf52d2fe0572f912') in 0.005 seconds [static and dynamic dependencies]. Details - ImportResultOutputID=3e7468296a81717ac87026bea43bc306 DependenciesID=8a5505f865d477213f586a1633c9ade3 StaticDependenciesID=2d5284eb2e0facf9864d2c1702a0ede5 
Number of updated asset objects reloaded before import = 0
Number of asset objects unloaded after import = 1
========================================================================
Received Import Request.
  Time of request: 2026-10-01T08:15:32.5410919Z
  Time since last request: 0.0002972 seconds.
  importAddress: GUID: 7d24a5e6aa1594d2cb490a25938487a5 - Path: Packages/com.unity.render-pipelines.universal/Editor/2D/PackageResources/ProfilerIcon/d_2D_Graphics@256.png - Importer: ScriptedImporter/UnityEditor.QuickSearchModule:UnityEditor.Search:ASIAI0B
Importing 'GUID: 7d24a5e6aa1594d2cb490a25938487a5 - Path: Packages/com.unity.render-pipelines.universal/Editor/2D/PackageResources/ProfilerIcon/d_2D_Graphics@256.png - Importer: ScriptedImporter/UnityEditor.QuickSearchModule:UnityEditor.Search:ASIAI0B' with importer (ScriptedImporter : UnityEditor.QuickSearchModule:UnityEditor.Search:ASIAI0B)
Imported 'GUID: 7d24a5e6aa1594d2cb490a25938487a5' -> (Import Result ID: '318bf996a0ef2777a19626e872385436') in 0.009 seconds [static and dynamic dependencies]. Details - ImportResultOutputID=0d0948a624459582fcb6e6871e0cf929 DependenciesID=0364d57248f57b03d0d8ba3f650479cd StaticDependenciesID=fa2e5bbc500e88641c51f73641d936f7 
Number of updated asset objects reloaded before import = 0
Number of asset objects unloaded after import = 3
========================================================================
Received Import Request.
  Time of request: 2026-10-01T08:15:32.5583438Z
  Time since last request: 0.0003859 seconds.
  importAddress: GUID: 8839c54710da3374f994e12f39b6d65f - Path: Packages/com.unity.render-pipelines.universal/Editor/2D/Resources/InspectorIcons/SpriteLight.png - Importer: ScriptedImporter/UnityEditor.QuickSearchModule:UnityEditor.Search:ASIAI0B
Importing 'GUID: 8839c54710da3374f994e12f39b6d65f - Path: Packages/com.unity.render-pipelines.universal/Editor/2D/Resources/InspectorIcons/SpriteLight.png - Importer: ScriptedImporter/UnityEditor.QuickSearchModule:UnityEditor.Search:ASIAI0B' with importer (ScriptedImporter : UnityEditor.QuickSearchModule:UnityEditor.Search:ASIAI0B)
Imported 'GUID: 8839c54710da3374f994e12f39b6d65f' -> (Import Result ID: '41f8a93806e23e96ffab2557a5ba769f') in 0.004 seconds [static and dynamic dependencies]. Details - ImportResultOutputID=75d756313c4a8b60055d7c628ad049dd DependenciesID=946cd51544fddc7e8f8ce216b3804f53 StaticDependenciesID=3ece6d4b80844b770d070ecdf63e988c 
Number of updated asset objects reloaded before import = 0
Number of asset objects unloaded after import = 1
========================================================================
Received Import Request.
  Time of request: 2026-10-01T08:15:32.5849461Z
  Time since last request: 0.0140857 seconds.
  importAddress: GUID: 39ce338156d9f6b40b4702eb2d26d40d - Path: Packages/com.unity.render-pipelines.universal/Editor/2D/ShaderGraph/Includes/SpriteNormalPass.hlsl - Importer: ScriptedImporter/UnityEditor.QuickSearchModule:UnityEditor.Search:ASIAI0B
Importing 'GUID: 39ce338156d9f6b40b4702eb2d26d40d - Path: Packages/com.unity.render-pipelines.universal/Editor/2D/ShaderGraph/Includes/SpriteNormalPass.hlsl - Importer: ScriptedImporter/UnityEditor.QuickSearchModule:UnityEditor.Search:ASIAI0B' with importer (ScriptedImporter : UnityEditor.QuickSearchModule:UnityEditor.Search:ASIAI0B)
Imported 'GUID: 39ce338156d9f6b40b4702eb2d26d40d' -> (Import Result ID: 'bf7747e55c52ccc0cedff2d7daded881') in 0.002 seconds [static and dynamic dependencies]. Details - ImportResultOutputID=cf7b01c66a0ba857bcc4886064e04269 DependenciesID=3e2d4b8fa166f8e4bb2e4acb31917dc2 StaticDependenciesID=f1c9e2ba4fe8e0538b1a56c27f70f284 
Number of updated asset objects reloaded before import = 0
Number of asset objects unloaded after import = 1
========================================================================
Received Import Request.
  Time of request: 2026-10-01T08:15:32.5956147Z
  Time since last request: 0.0006135 seconds.
  importAddress: GUID: 6f14d9931cb70f041af1569642d3b639 - Path: Packages/com.unity.render-pipelines.universal/Runtime/2D/Shadows/Shadow Provider Utility/ShapeProviderUtility.cs - Importer: ScriptedImporter/UnityEditor.QuickSearchModule:UnityEditor.Search:ASIAI0B
Importing 'GUID: 6f14d9931cb70f041af1569642d3b639 - Path: Packages/com.unity.render-pipelines.universal/Runtime/2D/Shadows/Shadow Provider Utility/ShapeProviderUtility.cs - Importer: ScriptedImporter/UnityEditor.QuickSearchModule:UnityEditor.Search:ASIAI0B' with importer (ScriptedImporter : UnityEditor.QuickSearchModule:UnityEditor.Search:ASIAI0B)
Imported 'GUID: 6f14d9931cb70f041af1569642d3b639' -> (Import Result ID: '99541dda0e3b2b9eb268966334a6081f') in 0.002 seconds [static and dynamic dependencies]. Details - ImportResultOutputID=57c241926ac596eb1e3929b881babd4c DependenciesID=3c62891f8d36e79d9630a19a208c41af StaticDependenciesID=6f7adae0d1080866f057c7409d6684b9 
Number of updated asset objects reloaded before import = 0
Number of asset objects unloaded after import = 0
========================================================================
Received Import Request.
  Time of request: 2026-10-01T08:15:32.6060238Z
  Time since last request: 0.0003026 seconds.
  importAddress: GUID: fed3c64eff8b51649bfa3da654d69182 - Path: Packages/com.unity.render-pipelines.universal/Runtime/2D/Passes/Utility/Light2DLookupTexture.cs - Importer: ScriptedImporter/UnityEditor.QuickSearchModule:UnityEditor.Search:ASIAI0B
Importing 'GUID: fed3c64eff8b51649bfa3da654d69182 - Path: Packages/com.unity.render-pipelines.universal/Runtime/2D/Passes/Utility/Light2DLookupTexture.cs - Importer: ScriptedImporter/UnityEditor.QuickSearchModule:UnityEditor.Search:ASIAI0B' with importer (ScriptedImporter : UnityEditor.QuickSearchModule:UnityEditor.Search:ASIAI0B)
Imported 'GUID: fed3c64eff8b51649bfa3da654d69182' -> (Import Result ID: '3e8d8348d7c70a9f3e64468ae9c396fd') in 0.002 seconds [static and dynamic dependencies]. Details - ImportResultOutputID=868976889b26a0207343c6a71ce5ae94 DependenciesID=4a203dff5ddedd22fc7f2ce6e113551a StaticDependenciesID=1381c053d072e5b2ef7217e28caffb2a 
Number of updated asset objects reloaded before import = 0
Number of asset objects unloaded after import = 0
========================================================================
Received Import Request.
  Time of request: 2026-10-01T08:15:32.6183868Z
  Time since last request: 0.0005645 seconds.
  importAddress: GUID: cb2be5655921e3c4c8c8bd8d647227d4 - Path: Packages/com.unity.render-pipelines.universal/Runtime/2D/Shadows/Providers/ShadowShape2DProvider.cs - Importer: ScriptedImporter/UnityEditor.QuickSearchModule:UnityEditor.Search:ASIAI0B
Importing 'GUID: cb2be5655921e3c4c8c8bd8d647227d4 - Path: Packages/com.unity.render-pipelines.universal/Runtime/2D/Shadows/Providers/ShadowShape2DProvider.cs - Importer: ScriptedImporter/UnityEditor.QuickSearchModule:UnityEditor.Search:ASIAI0B' with importer (ScriptedImporter : UnityEditor.QuickSearchModule:UnityEditor.Search:ASIAI0B)
Imported 'GUID: cb2be5655921e3c4c8c8bd8d647227d4' -> (Import Result ID: 'eeca512a9afbfbc0e9b7f497e1e823fa') in 0.002 seconds [static and dynamic dependencies]. Details - ImportResultOutputID=efb1acd25702c486c775a08a77db2c81 DependenciesID=950d20fc373513cc36ec51102edabec4 StaticDependenciesID=a0fa6b81477634909dd4bd15253049d1 
Number of updated asset objects reloaded before import = 0
Number of asset objects unloaded after import = 0
========================================================================
Received Import Request.
  Time of request: 2026-10-01T08:15:32.6291686Z
  Time since last request: 0.0003658 seconds.
  importAddress: GUID: bde135b320597544b9ac325092409f8b - Path: Packages/com.unity.render-pipelines.universal/Editor/ShaderGraph/GraphTemplates/2D/0_2D Sprite Lit.shadergraph - Importer: ScriptedImporter/UnityEditor.QuickSearchModule:UnityEditor.Search:ASIAI0B
Importing 'GUID: bde135b320597544b9ac325092409f8b - Path: Packages/com.unity.render-pipelines.universal/Editor/ShaderGraph/GraphTemplates/2D/0_2D Sprite Lit.shadergraph - Importer: ScriptedImporter/UnityEditor.QuickSearchModule:UnityEditor.Search:ASIAI0B' with importer (ScriptedImporter : UnityEditor.QuickSearchModule:UnityEditor.Search:ASIAI0B)
Imported 'GUID: bde135b320597544b9ac325092409f8b' -> (Import Result ID: 'f974c8c6d345b74cfec3df8d7f0aae2f') in 0.006 seconds [static and dynamic dependencies]. Details - ImportResultOutputID=bd0035501fc0b23c3a9dbc954af0792a DependenciesID=4887fae4c7a922c75834af87bf3c5f97 StaticDependenciesID=86a000ec33b10891ad03c38a1ee364d1 
Number of updated asset objects reloaded before import = 0
Number of asset objects unloaded after import = 5
========================================================================
Received Import Request.
  Time of request: 2026-10-01T08:15:32.6440528Z
  Time since last request: 0.0002051 seconds.
  importAddress: GUID: a1be7992c1f7b0947bc2f9b045098f9e - Path: Packages/com.unity.render-pipelines.universal/Editor/ShaderGraph/GraphTemplates/2D/2DSpriteUnlitTemplateThumbnail.png - Importer: ScriptedImporter/UnityEditor.QuickSearchModule:UnityEditor.Search:ASIAI0B
Importing 'GUID: a1be7992c1f7b0947bc2f9b045098f9e - Path: Packages/com.unity.render-pipelines.universal/Editor/ShaderGraph/GraphTemplates/2D/2DSpriteUnlitTemplateThumbnail.png - Importer: ScriptedImporter/UnityEditor.QuickSearchModule:UnityEditor.Search:ASIAI0B' with importer (ScriptedImporter : UnityEditor.QuickSearchModule:UnityEditor.Search:ASIAI0B)
Imported 'GUID: a1be7992c1f7b0947bc2f9b045098f9e' -> (Import Result ID: 'e8a4c1b415f60ede21952533e06367ce') in 0.006 seconds [static and dynamic dependencies]. Details - ImportResultOutputID=29c53ba35def29ce91cfc86eee940639 DependenciesID=8f3f148338f84d8576c4cc49b9e84dca StaticDependenciesID=6edf7f46e4c6914a0442aef704ab3b27 
Number of updated asset objects reloaded before import = 0
Number of asset objects unloaded after import = 1
========================================================================
Received Import Request.
  Time of request: 2026-10-01T08:15:32.6765615Z
  Time since last request: 0.0157547 seconds.
  importAddress: GUID: 729807ff59ce7944f978ddc8d3c09c8f - Path: Packages/com.unity.render-pipelines.universal/Tests/Editor/Tools/ProjectAuditor/URPSettingsAnalyzerTests.cs - Importer: ScriptedImporter/UnityEditor.QuickSearchModule:UnityEditor.Search:ASIAI0B
Importing 'GUID: 729807ff59ce7944f978ddc8d3c09c8f - Path: Packages/com.unity.render-pipelines.universal/Tests/Editor/Tools/ProjectAuditor/URPSettingsAnalyzerTests.cs - Importer: ScriptedImporter/UnityEditor.QuickSearchModule:UnityEditor.Search:ASIAI0B' with importer (ScriptedImporter : UnityEditor.QuickSearchModule:UnityEditor.Search:ASIAI0B)
Imported 'GUID: 729807ff59ce7944f978ddc8d3c09c8f' -> (Import Result ID: '8d3e42e92e8ea39c2a7539b96590ed57') in 0.002 seconds [static and dynamic dependencies]. Details - ImportResultOutputID=a049b7cdef22cdb60ab8051b375f6c66 DependenciesID=f94db8fb7ee26c4d4a71a294c1f1c6ce StaticDependenciesID=b2587c17c81ded3ce5a08490d1378c6a 
Number of updated asset objects reloaded before import = 0
Number of asset objects unloaded after import = 0
========================================================================
Received Import Request.
  Time of request: 2026-10-01T08:15:32.6861571Z
  Time since last request: 0.0002979 seconds.
  importAddress: GUID: ea848c0881e1f4457ab6392ba7cbfd96 - Path: Packages/com.unity.render-pipelines.universal/Editor/2D/Profiler/UI/U2DGraphicsProfilerView/U2DGraphicsProfilerView.uss - Importer: ScriptedImporter/UnityEditor.QuickSearchModule:UnityEditor.Search:ASIAI0B
Importing 'GUID: ea848c0881e1f4457ab6392ba7cbfd96 - Path: Packages/com.unity.render-pipelines.universal/Editor/2D/Profiler/UI/U2DGraphicsProfilerView/U2DGraphicsProfilerView.uss - Importer: ScriptedImporter/UnityEditor.QuickSearchModule:UnityEditor.Search:ASIAI0B' with importer (ScriptedImporter : UnityEditor.QuickSearchModule:UnityEditor.Search:ASIAI0B)
Imported 'GUID: ea848c0881e1f4457ab6392ba7cbfd96' -> (Import Result ID: 'f1595f873f7a7490c17f6aef872bc459') in 0.002 seconds [static and dynamic dependencies]. Details - ImportResultOutputID=0c59c2a4ed9ed8d3950fa194f2cc2f4d DependenciesID=c94bc80e1e36579129bed18f29ff4346 StaticDependenciesID=f507fd7c9f6b0e82706cebeba4ced4f4 
Number of updated asset objects reloaded before import = 0
Number of asset objects unloaded after import = 1
========================================================================
Received Import Request.
  Time of request: 2026-10-01T08:15:32.7116825Z
  Time since last request: 0.0150702 seconds.
  importAddress: GUID: 286d87cbf8c19c749b69078915c9be88 - Path: Packages/com.unity.render-pipelines.universal/Editor/VFXGraph/Shaders/Templates/ParticleMeshesLit/PassForward.template - Importer: ScriptedImporter/UnityEditor.QuickSearchModule:UnityEditor.Search:ASIAI0B
Importing 'GUID: 286d87cbf8c19c749b69078915c9be88 - Path: Packages/com.unity.render-pipelines.universal/Editor/VFXGraph/Shaders/Templates/ParticleMeshesLit/PassForward.template - Importer: ScriptedImporter/UnityEditor.QuickSearchModule:UnityEditor.Search:ASIAI0B' with importer (ScriptedImporter : UnityEditor.QuickSearchModule:UnityEditor.Search:ASIAI0B)
Imported 'GUID: 286d87cbf8c19c749b69078915c9be88' -> (Import Result ID: 'b85d7e38883ef6c6174bd76b0ddf9f3a') in 0.002 seconds [static and dynamic dependencies]. Details - ImportResultOutputID=57bda74fcb068b3904c78cbdae7600c1 DependenciesID=ba050c6e328610410492c39e5bbd0f35 StaticDependenciesID=e25e4225313a7ca56073d6a1f65893b1 
Number of updated asset objects reloaded before import = 0
Number of asset objects unloaded after import = 1
========================================================================
Received Import Request.
  Time of request: 2026-10-01T08:15:32.7216381Z
  Time since last request: 0.000426 seconds.
  importAddress: GUID: 2d6519c74f7a7584685798d2431960f2 - Path: Packages/com.unity.render-pipelines.universal/Editor/VFXGraph/Shaders/Templates/ParticleHexahedron/PassForward2D.template - Importer: ScriptedImporter/UnityEditor.QuickSearchModule:UnityEditor.Search:ASIAI0B
Importing 'GUID: 2d6519c74f7a7584685798d2431960f2 - Path: Packages/com.unity.render-pipelines.universal/Editor/VFXGraph/Shaders/Templates/ParticleHexahedron/PassForward2D.template - Importer: ScriptedImporter/UnityEditor.QuickSearchModule:UnityEditor.Search:ASIAI0B' with importer (ScriptedImporter : UnityEditor.QuickSearchModule:UnityEditor.Search:ASIAI0B)
Imported 'GUID: 2d6519c74f7a7584685798d2431960f2' -> (Import Result ID: '04ecb0f2c1076e70af7817fc1c31899e') in 0.002 seconds [static and dynamic dependencies]. Details - ImportResultOutputID=94c597e52cf085514e97faca95ad62f2 DependenciesID=209748646e708feeac3cf0fb37e3a901 StaticDependenciesID=79f0e1e75936cf4f95f06757f38b2070 
Number of updated asset objects reloaded before import = 0
Number of asset objects unloaded after import = 1
========================================================================
Received Import Request.
  Time of request: 2026-10-01T08:15:32.7326998Z
  Time since last request: 0.0002244 seconds.
  importAddress: GUID: 341677e7847d0874abedb1fc1748b2cf - Path: Packages/com.unity.render-pipelines.universal/Editor/VFXGraph/Shaders/Templates/ParticlePlanarPrimitivesLit/PassDepthNormal.template - Importer: ScriptedImporter/UnityEditor.QuickSearchModule:UnityEditor.Search:ASIAI0B
Importing 'GUID: 341677e7847d0874abedb1fc1748b2cf - Path: Packages/com.unity.render-pipelines.universal/Editor/VFXGraph/Shaders/Templates/ParticlePlanarPrimitivesLit/PassDepthNormal.template - Importer: ScriptedImporter/UnityEditor.QuickSearchModule:UnityEditor.Search:ASIAI0B' with importer (ScriptedImporter : UnityEditor.QuickSearchModule:UnityEditor.Search:ASIAI0B)
Imported 'GUID: 341677e7847d0874abedb1fc1748b2cf' -> (Import Result ID: '2f75461cda78e9627eaa8f1cdadea5f8') in 0.002 seconds [static and dynamic dependencies]. Details - ImportResultOutputID=9c003f104d38f33a4d1545fe95a10596 DependenciesID=5795d1f7dbf914c813f3546ee33c9515 StaticDependenciesID=31a0c7b058f368df46f75144e1fbb65f 
Number of updated asset objects reloaded before import = 0
Number of asset objects unloaded after import = 1
========================================================================
Received Import Request.
  Time of request: 2026-10-01T08:15:32.7438519Z
  Time since last request: 0.0004335 seconds.
  importAddress: GUID: aa79bbd82ff697846b2723bb624f5b5c - Path: Packages/com.unity.render-pipelines.universal/Editor/Tools/Converters/PPv2/EffectConverters/DepthOfFieldConverter.cs - Importer: ScriptedImporter/UnityEditor.QuickSearchModule:UnityEditor.Search:ASIAI0B
Importing 'GUID: aa79bbd82ff697846b2723bb624f5b5c - Path: Packages/com.unity.render-pipelines.universal/Editor/Tools/Converters/PPv2/EffectConverters/DepthOfFieldConverter.cs - Importer: ScriptedImporter/UnityEditor.QuickSearchModule:UnityEditor.Search:ASIAI0B' with importer (ScriptedImporter : UnityEditor.QuickSearchModule:UnityEditor.Search:ASIAI0B)
Imported 'GUID: aa79bbd82ff697846b2723bb624f5b5c' -> (Import Result ID: '90e3c394fa40ac5d7e5e32fb9c7a1fa1') in 0.002 seconds [static and dynamic dependencies]. Details - ImportResultOutputID=5af1fef9f6d828e00604a062229e2a91 DependenciesID=4d08011b4a1686423ff99ae8a00f42db StaticDependenciesID=9142ae1f1b047a4a1caa5c24d0d6ddff 
Number of updated asset objects reloaded before import = 0
Number of asset objects unloaded after import = 0
========================================================================
Received Import Request.
  Time of request: 2026-10-01T08:15:32.7666898Z
  Time since last request: 0.0129195 seconds.
  importAddress: GUID: d52ea5907c07eb247916402808d165fa - Path: Packages/com.unity.render-pipelines.universal/Tests/Editor/Tools/Converters/AnimationClipConverter/AnimationClipUpgradePathsCacheTests.cs - Importer: ScriptedImporter/UnityEditor.QuickSearchModule:UnityEditor.Search:ASIAI0B
Importing 'GUID: d52ea5907c07eb247916402808d165fa - Path: Packages/com.unity.render-pipelines.universal/Tests/Editor/Tools/Converters/AnimationClipConverter/AnimationClipUpgradePathsCacheTests.cs - Importer: ScriptedImporter/UnityEditor.QuickSearchModule:UnityEditor.Search:ASIAI0B' with importer (ScriptedImporter : UnityEditor.QuickSearchModule:UnityEditor.Search:ASIAI0B)
Imported 'GUID: d52ea5907c07eb247916402808d165fa' -> (Import Result ID: '204aa5ab685f175f3821d75ae8bb7fee') in 0.002 seconds [static and dynamic dependencies]. Details - ImportResultOutputID=b065557180bdcc3c54b878b00c67bf8f DependenciesID=3661fa47f43619462d52e440562c6eec StaticDependenciesID=1a2d31a879a1a8453b998dfa7f68a69e 
Number of updated asset objects reloaded before import = 0
Number of asset objects unloaded after import = 0
========================================================================
Received Import Request.
  Time of request: 2026-10-01T08:15:32.7768708Z
  Time since last request: 0.000412 seconds.
  importAddress: GUID: 1e2111b050c0b4ff993323691eab7ce6 - Path: Packages/com.unity.render-pipelines.universal/Tests/Editor/Tools/Converters/MaterialUpgrader/SpeedTree9MaterialUpgraderTest.cs - Importer: ScriptedImporter/UnityEditor.QuickSearchModule:UnityEditor.Search:ASIAI0B
Importing 'GUID: 1e2111b050c0b4ff993323691eab7ce6 - Path: Packages/com.unity.render-pipelines.universal/Tests/Editor/Tools/Converters/MaterialUpgrader/SpeedTree9MaterialUpgraderTest.cs - Importer: ScriptedImporter/UnityEditor.QuickSearchModule:UnityEditor.Search:ASIAI0B' with importer (ScriptedImporter : UnityEditor.QuickSearchModule:UnityEditor.Search:ASIAI0B)
Imported 'GUID: 1e2111b050c0b4ff993323691eab7ce6' -> (Import Result ID: '4eab3e7667d1f7b474de4c94896fe2b5') in 0.002 seconds [static and dynamic dependencies]. Details - ImportResultOutputID=65d2fa69ddd268278fcf61574825c06a DependenciesID=ca1ff8bdf4e29406200b8ecf10c2bf05 StaticDependenciesID=67bfec0f3b031a35fb1f04a03f8dc427 
Number of updated asset objects reloaded before import = 0
Number of asset objects unloaded after import = 0
========================================================================
Received Import Request.
  Time of request: 2026-10-01T08:15:32.7868344Z
  Time since last request: 0.000355 seconds.
  importAddress: GUID: ee17435b74f70024fb9de92c559409d3 - Path: Packages/com.unity.graph-authoring/Editor/ProviderSystem/ProviderLibrary.cs - Importer: ScriptedImporter/UnityEditor.QuickSearchModule:UnityEditor.Search:ASIAI0B
Importing 'GUID: ee17435b74f70024fb9de92c559409d3 - Path: Packages/com.unity.graph-authoring/Editor/ProviderSystem/ProviderLibrary.cs - Importer: ScriptedImporter/UnityEditor.QuickSearchModule:UnityEditor.Search:ASIAI0B' with importer (ScriptedImporter : UnityEditor.QuickSearchModule:UnityEditor.Search:ASIAI0B)
Imported 'GUID: ee17435b74f70024fb9de92c559409d3' -> (Import Result ID: '136c8537c9c96aa21518eecc640b9f74') in 0.002 seconds [static and dynamic dependencies]. Details - ImportResultOutputID=197be4fd7beb20c0635dbc367368f423 DependenciesID=881f48305d01c4c8d1e71f5bb3853010 StaticDependenciesID=8827e685af2e5ca1e9231c3d82227b58 
Number of updated asset objects reloaded before import = 0
Number of asset objects unloaded after import = 0
========================================================================
Received Import Request.
  Time of request: 2026-10-01T08:15:32.7969058Z
  Time since last request: 0.0003798 seconds.
  importAddress: GUID: 4839e753f107dca4db956c531da90096 - Path: Packages/com.unity.render-pipelines.universal/Tests/Editor/Tools/Converters/ReadonlyMaterialConverter/ReadonlyMaterialConverterTests.MaterialReferenceChanger.cs - Importer: ScriptedImporter/UnityEditor.QuickSearchModule:UnityEditor.Search:ASIAI0B
Importing 'GUID: 4839e753f107dca4db956c531da90096 - Path: Packages/com.unity.render-pipelines.universal/Tests/Editor/Tools/Converters/ReadonlyMaterialConverter/ReadonlyMaterialConverterTests.MaterialReferenceChanger.cs - Importer: ScriptedImporter/UnityEditor.QuickSearchModule:UnityEditor.Search:ASIAI0B' with importer (ScriptedImporter : UnityEditor.QuickSearchModule:UnityEditor.Search:ASIAI0B)
Imported 'GUID: 4839e753f107dca4db956c531da90096' -> (Import Result ID: '816475ea467e76d3fe91a36fdd725488') in 0.002 seconds [static and dynamic dependencies]. Details - ImportResultOutputID=596704a86d4f74a29836bbb9ddd4b0df DependenciesID=2d27ccb62d3aef3cc2ecfffd68e9f75d StaticDependenciesID=1433f3aff22994dd0f1644933a684efe 
Number of updated asset objects reloaded before import = 0
Number of asset objects unloaded after import = 0
========================================================================
Received Import Request.
  Time of request: 2026-10-01T08:15:32.8064936Z
  Time since last request: 0.0003009 seconds.
  importAddress: GUID: 956ff25f08f5e1d4a9ffc96f5803d5a1 - Path: Packages/com.unity.render-pipelines.universal-config/Runtime/ShaderConfig.cs.hlsl - Importer: ScriptedImporter/UnityEditor.QuickSearchModule:UnityEditor.Search:ASIAI0B
Importing 'GUID: 956ff25f08f5e1d4a9ffc96f5803d5a1 - Path: Packages/com.unity.render-pipelines.universal-config/Runtime/ShaderConfig.cs.hlsl - Importer: ScriptedImporter/UnityEditor.QuickSearchModule:UnityEditor.Search:ASIAI0B' with importer (ScriptedImporter : UnityEditor.QuickSearchModule:UnityEditor.Search:ASIAI0B)
Imported 'GUID: 956ff25f08f5e1d4a9ffc96f5803d5a1' -> (Import Result ID: 'ff654c29a915d68c634745625b8c5fbc') in 0.002 seconds [static and dynamic dependencies]. Details - ImportResultOutputID=79109ef1ae671b015b63a907e154e4f4 DependenciesID=dfd112453c2170a628e0eba37b721dce StaticDependenciesID=c0b227ecf11143b5a2eb14c8ad48d43f 
Number of updated asset objects reloaded before import = 0
Number of asset objects unloaded after import = 1
========================================================================
Received Import Request.
  Time of request: 2026-10-01T08:15:32.8227965Z
  Time since last request: 0.0066799 seconds.
  importAddress: GUID: 73f2494dd08c9be49b00d97aada5ee77 - Path: Packages/com.unity.test-framework.performance/Runtime/SampleGroup.cs - Importer: ScriptedImporter/UnityEditor.QuickSearchModule:UnityEditor.Search:ASIAI0B
Importing 'GUID: 73f2494dd08c9be49b00d97aada5ee77 - Path: Packages/com.unity.test-framework.performance/Runtime/SampleGroup.cs - Importer: ScriptedImporter/UnityEditor.QuickSearchModule:UnityEditor.Search:ASIAI0B' with importer (ScriptedImporter : UnityEditor.QuickSearchModule:UnityEditor.Search:ASIAI0B)
Imported 'GUID: 73f2494dd08c9be49b00d97aada5ee77' -> (Import Result ID: '54e6173390bdc63cbd38e9d7c2ca80fe') in 0.002 seconds [static and dynamic dependencies]. Details - ImportResultOutputID=bad7a5b7c984bed9c4d7a78d317fecc6 DependenciesID=4a57e7e5a67066099ec1d11cc4b7de86 StaticDependenciesID=95cf24a7cda4de074df23ad35d3a3f3e 
Number of updated asset objects reloaded before import = 0
Number of asset objects unloaded after import = 0
========================================================================
Received Import Request.
  Time of request: 2026-10-01T08:15:32.8328358Z
  Time since last request: 0.0002643 seconds.
  importAddress: GUID: 357714a00c191294d87f51252d5f7d92 - Path: Packages/com.unity.test-framework.performance/Runtime/PerformanceTest.cs - Importer: ScriptedImporter/UnityEditor.QuickSearchModule:UnityEditor.Search:ASIAI0B
Importing 'GUID: 357714a00c191294d87f51252d5f7d92 - Path: Packages/com.unity.test-framework.performance/Runtime/PerformanceTest.cs - Importer: ScriptedImporter/UnityEditor.QuickSearchModule:UnityEditor.Search:ASIAI0B' with importer (ScriptedImporter : UnityEditor.QuickSearchModule:UnityEditor.Search:ASIAI0B)
Imported 'GUID: 357714a00c191294d87f51252d5f7d92' -> (Import Result ID: '090c81b53615d640f67642bfbd2ad6ac') in 0.002 seconds [static and dynamic dependencies]. Details - ImportResultOutputID=37366531ca2025d26e3e624b65a38150 DependenciesID=78e02668a5e6055b2fa73eec656f2e78 StaticDependenciesID=70d96a3f085cead0f82cbfd124ade928 
Number of updated asset objects reloaded before import = 0
Number of asset objects unloaded after import = 0
========================================================================
Received Import Request.
  Time of request: 2026-10-01T08:15:32.8434706Z
  Time since last request: 0.0004306 seconds.
  importAddress: GUID: 601d7eee390860c4e80380ed9ff5e296 - Path: Packages/com.unity.test-framework.performance/Runtime/Data/Project.cs - Importer: ScriptedImporter/UnityEditor.QuickSearchModule:UnityEditor.Search:ASIAI0B
Importing 'GUID: 601d7eee390860c4e80380ed9ff5e296 - Path: Packages/com.unity.test-framework.performance/Runtime/Data/Project.cs - Importer: ScriptedImporter/UnityEditor.QuickSearchModule:UnityEditor.Search:ASIAI0B' with importer (ScriptedImporter : UnityEditor.QuickSearchModule:UnityEditor.Search:ASIAI0B)
Imported 'GUID: 601d7eee390860c4e80380ed9ff5e296' -> (Import Result ID: 'd6a1b635fd29eaa53247d29efd1a9b3b') in 0.002 seconds [static and dynamic dependencies]. Details - ImportResultOutputID=450676b6a539537c839a6d39f049b6e9 DependenciesID=043cefeb671f0c77fdd8394e1a9ffe18 StaticDependenciesID=6c3a802df2cf3709af48d9d7e5c24cb1 
Number of updated asset objects reloaded before import = 0
Number of asset objects unloaded after import = 0
========================================================================
Received Import Request.
  Time of request: 2026-10-01T08:15:32.8563405Z
  Time since last request: 0.0005619 seconds.
  importAddress: GUID: f7a8357347c80dc69c08d0b1a05e2122 - Path: Packages/com.unity.modules.physics2d/package.json - Importer: ScriptedImporter/UnityEditor.QuickSearchModule:UnityEditor.Search:ASIAI0B
Importing 'GUID: f7a8357347c80dc69c08d0b1a05e2122 - Path: Packages/com.unity.modules.physics2d/package.json - Importer: ScriptedImporter/UnityEditor.QuickSearchModule:UnityEditor.Search:ASIAI0B' with importer (ScriptedImporter : UnityEditor.QuickSearchModule:UnityEditor.Search:ASIAI0B)
Imported 'GUID: f7a8357347c80dc69c08d0b1a05e2122' -> (Import Result ID: '45ca46373b178e0ec6d3d9f78f35257d') in 0.002 seconds [static and dynamic dependencies]. Details - ImportResultOutputID=7cbc0c30c2d037ce636e7cc893bbc527 DependenciesID=c08cc9b1a188678cde661baba44dec3a StaticDependenciesID=7bfa18f4d0f1afa5d1fc9374a79b29d2 
Number of updated asset objects reloaded before import = 0
Number of asset objects unloaded after import = 1
========================================================================
Received Import Request.
  Time of request: 2026-10-01T08:15:32.8669084Z
  Time since last request: 0.0003294 seconds.
  importAddress: GUID: acd1f5cc793f24d4ba37a3c34952bde0 - Path: Packages/com.unity.test-framework.performance/Editor/TestResultXmlParser.cs - Importer: ScriptedImporter/UnityEditor.QuickSearchModule:UnityEditor.Search:ASIAI0B
Importing 'GUID: acd1f5cc793f24d4ba37a3c34952bde0 - Path: Packages/com.unity.test-framework.performance/Editor/TestResultXmlParser.cs - Importer: ScriptedImporter/UnityEditor.QuickSearchModule:UnityEditor.Search:ASIAI0B' with importer (ScriptedImporter : UnityEditor.QuickSearchModule:UnityEditor.Search:ASIAI0B)
Imported 'GUID: acd1f5cc793f24d4ba37a3c34952bde0' -> (Import Result ID: '58bcd240b2142315304fa8761f3b3c6c') in 0.002 seconds [static and dynamic dependencies]. Details - ImportResultOutputID=c949a1c83bee6172f22021e388575b3e DependenciesID=e0e53afd87df799ceac37b888e9e1b72 StaticDependenciesID=e09b8eb8d882cff0880d17ae3c794946 
Number of updated asset objects reloaded before import = 0
Number of asset objects unloaded after import = 0
========================================================================
Received Import Request.
  Time of request: 2026-10-01T08:15:32.8761583Z
  Time since last request: 0.0002617 seconds.
  importAddress: GUID: 9cbc3126881d4a31b7b5745739712523 - Path: Packages/com.unity.test-framework.performance/Runtime/Metadata.cs - Importer: ScriptedImporter/UnityEditor.QuickSearchModule:UnityEditor.Search:ASIAI0B
Importing 'GUID: 9cbc3126881d4a31b7b5745739712523 - Path: Packages/com.unity.test-framework.performance/Runtime/Metadata.cs - Importer: ScriptedImporter/UnityEditor.QuickSearchModule:UnityEditor.Search:ASIAI0B' with importer (ScriptedImporter : UnityEditor.QuickSearchModule:UnityEditor.Search:ASIAI0B)
Imported 'GUID: 9cbc3126881d4a31b7b5745739712523' -> (Import Result ID: '4ed6441a4eab63dd0f90e274d3bd42f0') in 0.002 seconds [static and dynamic dependencies]. Details - ImportResultOutputID=af0297d6df697f5e5a1c161562a4ea1f DependenciesID=cf9dc736d250c03f2649fbd28ce8e4d3 StaticDependenciesID=88fa270effa14111dd78824cf29abaed 
Number of updated asset objects reloaded before import = 0
Number of asset objects unloaded after import = 0
========================================================================
Received Import Request.
  Time of request: 2026-10-01T08:15:32.8865108Z
  Time since last request: 0.0003284 seconds.
  importAddress: GUID: fd4abc6933ef4db296c17e31d92d800b - Path: Packages/com.unity.test-framework.performance/Editor/AssemblyInfo.cs - Importer: ScriptedImporter/UnityEditor.QuickSearchModule:UnityEditor.Search:ASIAI0B
Importing 'GUID: fd4abc6933ef4db296c17e31d92d800b - Path: Packages/com.unity.test-framework.performance/Editor/AssemblyInfo.cs - Importer: ScriptedImporter/UnityEditor.QuickSearchModule:UnityEditor.Search:ASIAI0B' with importer (ScriptedImporter : UnityEditor.QuickSearchModule:UnityEditor.Search:ASIAI0B)
Imported 'GUID: fd4abc6933ef4db296c17e31d92d800b' -> (Import Result ID: 'c731caf6df948647f3f354310684a7cc') in 0.001 seconds [static and dynamic dependencies]. Details - ImportResultOutputID=ae42a1b42c95a441ba772e2294f98ca4 DependenciesID=28b9f832fd734834f2f3ea6a75111eae StaticDependenciesID=84f49e4bfa4cae36924133677363b29a 
Number of updated asset objects reloaded before import = 0
Number of asset objects unloaded after import = 0
========================================================================
Received Import Request.
  Time of request: 2026-10-01T08:15:32.9094796Z
  Time since last request: 0.0141694 seconds.
  importAddress: GUID: fe39db111ce84f2b933e63e8cced3493 - Path: Packages/com.unity.test-framework.performance/Runtime/Statistics/NormalDistributionHelper.cs - Importer: ScriptedImporter/UnityEditor.QuickSearchModule:UnityEditor.Search:ASIAI0B
Importing 'GUID: fe39db111ce84f2b933e63e8cced3493 - Path: Packages/com.unity.test-framework.performance/Runtime/Statistics/NormalDistributionHelper.cs - Importer: ScriptedImporter/UnityEditor.QuickSearchModule:UnityEditor.Search:ASIAI0B' with importer (ScriptedImporter : UnityEditor.QuickSearchModule:UnityEditor.Search:ASIAI0B)
Imported 'GUID: fe39db111ce84f2b933e63e8cced3493' -> (Import Result ID: '08d9849ee50af3875727078ea54e2a27') in 0.002 seconds [static and dynamic dependencies]. Details - ImportResultOutputID=c384412afa25d4875429e3ccc2096a4f DependenciesID=af5deac60fccf39ae9b0e09135d8e8cd StaticDependenciesID=c739f4ce4b1d170d5a658d1865f2afd4 
Number of updated asset objects reloaded before import = 0
Number of asset objects unloaded after import = 0
========================================================================
Received Import Request.
  Time of request: 2026-10-01T08:15:37.9633035Z
  Time since last request: 5.0443447 seconds.
  importAddress: GUID: 230ee21eea18d46e48f6038641c438b7 - Path: Assets/IndieMarc/PlatformerDemo/PlatformerDemo.unity - Importer: PreviewImporter
Importing 'GUID: 230ee21eea18d46e48f6038641c438b7 - Path: Assets/IndieMarc/PlatformerDemo/PlatformerDemo.unity - Importer: PreviewImporter' with importer (PreviewImporter)
Imported 'GUID: 230ee21eea18d46e48f6038641c438b7' -> (Import Result ID: 'd2875c2b08e5a40e80d79ab2f30b3c4e') in 0.000 seconds [static and dynamic dependencies]. Details - ImportResultOutputID=cd698d2b3ad3544679e167af4af0b23d DependenciesID=4a62c01f0750463d695f6661a447af75 StaticDependenciesID=b94c163077ae8bbf3d25a5a768412461 
Number of updated asset objects reloaded before import = 0
Number of asset objects unloaded after import = 0
========================================================================
Received Prepare
AcceleratorClientConnectionCallback - disconnected - :0
WARNING: Shader Unsupported: 'Hidden/Universal Render Pipeline/Terrain/Lit (Base Pass)' - All subshaders removed
WARNING: Shader Did you use #pragma only_renderers and omit this platform?
WARNING: Shader If subshaders removal was intentional, you may have forgotten turning Fallback off?
WARNING: Shader Unsupported: 'Universal Render Pipeline/Terrain/Lit' - All subshaders removed
WARNING: Shader Did you use #pragma only_renderers and omit this platform?
WARNING: Shader If subshaders removal was intentional, you may have forgotten turning Fallback off?
Refreshing native plugins compatible for Editor in 7.38 ms, found 4 plugins.
Unloading 59 Unused Serialized files (Serialized files now loaded: 0)
Unloading 524 unused Assets / (5.8 MB). Loaded Objects now: 7363.
Memory consumption went from 337.4 MB to 331.6 MB.
Total: 22.993000 ms (FindLiveObjects: 1.720900 ms CreateObjectMapping: 0.362500 ms MarkObjects: 17.677600 ms  DeleteObjects: 2.146300 ms)

Prepare: number of updated asset objects reloaded= 0
Editor requested this worker to shutdown with reason: Editor is closing down
AssetImportWorkerClient::OnTransportError - code=2 error=End of file
AcceleratorClientConnectionCallback - disconnected - :0
AssetImportWorker is now disconnected from the server
Process exiting
[ExitDontLaunchBugReporter] Exiting without the bug reporter. Application will exit with return code 0
