[Licensing::Module] Trying to connect to existing licensing client channel...
Built from '6000.6/staging' branch; Version is '6000.6.3f1 (45d8eee7de74) revision 4577518'; Using compiler version '194234433'; Build Type 'Release'
[Licensing::IpcConnector] Successfully connected to: "LicenseClient-MSI" at "2026-10-01T08:15:18.069181Z"
OS: 'Windows 11  (10.0.26200) Professional' Language: 'ru' Physical Memory: 32472 MB
BatchMode: 1, IsHumanControllingUs: 0, StartBugReporterOnCrash: 0, Is64bit: 1
System  architecture: x64
Process architecture: x64
Date: 2026-10-01T08:15:18Z
[Licensing::Client] Code 10 while verifying Licensing Client signature (process Id: 18628, path: "C:/Program Files/Unity/Hub/Editor/6000.6.3f1/Editor/Data/Resources/Licensing/Client/Unity.Licensing.Client.exe")
[Licensing::Module] LicensingClient has failed validation; ignoring
[Licensing::Client] Handshaking with LicensingClient:
  Version:                 1.18.3+d7ffd15
  Session Id:              ca5c8e28beac4016a76d34ae5ea2a553
  Correlation Id:          41ed3f499da816513ea8cdce8c5e6ae6
  External correlation Id: 8745498178570731578
  Machine Id:              sxwzM81Ex40/eNcvTTuFU07obCk=
[Licensing::Module] Successfully connected to LicensingClient on channel: "LicenseClient-MSI" (connect: 0.00s, validation: 0.00s, handshake: 0.03s)
[Licensing::IpcConnector] Successfully connected to: "LicenseClient-MSI-notifications" at "2026-10-01T08:15:18.10152Z"
[Licensing::Module] Licensing Background thread has ended after 0.03s

COMMAND LINE ARGUMENTS:
C:\Program Files\Unity\Hub\Editor\6000.6.3f1\Editor\Unity.exe
-adb2
-batchMode
-noUpm
-name
AssetImportWorkerHW3
-projectPath
C:/Users/MSI/OPD_laba_2
-logFile
Logs/AssetImportWorkerHW3.log
-srvPort
61615
-parentPid
4732
-analyticsCloudUserId
5774130951012
-analyticsCloudProjectId
a1edac4b-f7b7-494b-b609-a49f1cf416c8
-analyticsLocalProjectId
5c24d23f4249402418947dabd5687b1a
-editorAnalyticsEnabled
1
-cbmEditorLicense
0611f63d9657854fe5faf97fe0b0406b00c24fc5
-cbmMachineId
sxwzM81Ex40/eNcvTTuFU07obCk=
-licensingIpc
LicenseClient-MSI
-noDiagnosticSwitchPersistentStore
-job-worker-count
11
-background-job-worker-count
8
-asset-garbage-collectors
1
-force-d3d12
-name
AssetImport
Successfully changed project path to: C:/Users/MSI/OPD_laba_2
C:/Users/MSI/OPD_laba_2
[UnityMemory] Configuration Parameters - Can be set up in boot.config
    "memorysetup-temp-allocator-size-gi-baking-worker=262144"
    "memorysetup-temp-allocator-size-gi-baking-worker=262144"
    "memorysetup-temp-allocator-size-gi-baking-worker=262144"
    "memorysetup-temp-allocator-size-gi-baking-worker=262144"
    "memorysetup-temp-allocator-size-gi-baking-worker=262144"
    "memorysetup-temp-allocator-size-nav-mesh-worker=65536"
    "memorysetup-temp-allocator-size-audio-worker=65536"
    "memorysetup-temp-allocator-size-cloud-worker=32768"
    "memorysetup-temp-allocator-size-gfx=262144"
    "memorysetup-remapper-allocator-initial-capacity=32768"
    "memorysetup-temp-allocator-size-preload-manager=33554432"
    "memorysetup-allocator-temp-initial-block-size-main=262144"
    "memorysetup-allocator-temp-initial-block-size-worker=262144"
    "memorysetup-temp-allocator-size-job-worker=262144"
    "memorysetup-temp-allocator-size-background-worker=32768"
    "memorysetup-bucket-allocator-granularity=16"
    "memorysetup-bucket-allocator-bucket-count=8"
    "memorysetup-bucket-allocator-block-size=33554432"
    "memorysetup-bucket-allocator-block-count=8"
    "memorysetup-main-allocator-block-size=16777216"
    "memorysetup-thread-allocator-block-size=16777216"
    "memorysetup-main-allocator-mimalloc-enabled=1"
    "memorysetup-gfx-main-allocator-block-size=16777216"
    "memorysetup-gfx-thread-allocator-block-size=16777216"
    "memorysetup-cache-allocator-block-size=4194304"
    "memorysetup-typetree-allocator-block-size=2097152"
    "memorysetup-profiler-bucket-allocator-granularity=16"
    "memorysetup-profiler-bucket-allocator-bucket-count=8"
    "memorysetup-profiler-bucket-allocator-block-size=33554432"
    "memorysetup-profiler-bucket-allocator-block-count=8"
    "memorysetup-profiler-allocator-block-size=16777216"
    "memorysetup-profiler-editor-allocator-block-size=1048576"
    "memorysetup-temp-allocator-size-main=16777216"
    "memorysetup-job-temp-allocator-block-size=2097152"
    "memorysetup-job-temp-allocator-block-size-background=1048576"
    "memorysetup-job-temp-allocator-reduction-small-platforms=262144"
Player connection [25840]  Target information:

Player connection [25840]  * "[IP] 192.168.3.10 [Port] 0 [Flags] 2 [Guid] 3675138448 [EditorId] 3675138448 [Version] 1048832 [Id] WindowsEditor(7,DESKTOP-MTCHHAV) [Debug] 1 [PackageName] WindowsEditor [ProjectName] Editor" 

Player connection [25840] Host joined multi-casting on [225.0.0.222:54997]...
Player connection [25840] Host joined alternative multi-casting on [225.0.0.222:34997]...
JobSystem: Creating JobQueue using job-worker-count value 11
Input System module state changed to: Initialized.
[Physics::Module] Initialized fallback backend.
[Physics::Module] Id: 0xdecafbad
Library Redirect Path: Library/
Initialising UDS system complete:
  - System type: Client
  - Resource namespace: 4f4d54d89a7d6385282fa40a0245a869
  - Shared memory size: 1073741824
  - Command buffer id: 1052576
  - Command buffer size: 8192
  - Hashmap size: 4194304
  - Service connected: true
  - Service working directory: Library/DataStore/
Refreshing native plugins compatible for Editor in 2.38 ms, found 4 plugins.
[Physics::Module] Selected backend (deferred post-plugins).
[Physics::Module] Name: PhysX
[Physics::Module] Id: 0xf2b8ea05
[Physics::Module] SDK Version: 4.1.2
[Physics::Module] Integration Version: 1.0.0
[Physics::Module] Threading Mode: Multi-Threaded
Initialize engine version: 6000.6.3f1 (45d8eee7de74)
[EntityIdStore] init: VM path (explicit commit), pageSize=4096, blockCount=1048576, entitiesPerBlock=256, slots reserved=4294967296 bytes
[Subsystems] Discovering subsystems at path C:/Program Files/Unity/Hub/Editor/6000.6.3f1/Editor/Data/Resources/UnitySubsystems
[Subsystems] Discovering subsystems at path C:/Users/MSI/OPD_laba_2/Assets
Forcing GfxDevice: Direct3D 12
GfxDevice: creating device client; kGfxThreadingModeNonThreaded
d3d12: failed to query info queue interface (0x80004002).
Direct3D:
    Version:         Direct3D 12 [level 12.2]
    Renderer:        NVIDIA GeForce RTX 5070 Laptop GPU (ID=0x2d18)
    Vendor:          NVIDIA
    VRAM:            7891 MB
    App VRAM Budget: 7123 MB
    Driver:          32.0.16.1047
Initialize mono
Mono path[0] = 'C:/Program Files/Unity/Hub/Editor/6000.6.3f1/Editor/Data/Managed'
Mono path[1] = 'C:/Program Files/Unity/Hub/Editor/6000.6.3f1/Editor/Data/BCLExtensions/runtime/netstandard2.1'
Mono path[2] = 'C:/Program Files/Unity/Hub/Editor/6000.6.3f1/Editor/Data/MonoBleedingEdge/lib/mono/unityjit-win32'
Mono config path = 'C:/Program Files/Unity/Hub/Editor/6000.6.3f1/Editor/Data/MonoBleedingEdge/etc'
Using monoOptions --debugger-agent=transport=dt_socket,embedding=1,server=y,suspend=n,address=127.0.0.1:56836
CodeReloadManager initialized
Begin MonoManager ReloadAssembly
Registering precompiled unity dll's ...
Register platform support module: C:/Program Files/Unity/Hub/Editor/6000.6.3f1/Editor/Data/PlaybackEngines/WebGLSupport/UnityEditor.WebGL.Extensions.dll
Register platform support module: C:/Program Files/Unity/Hub/Editor/6000.6.3f1/Editor/Data/PlaybackEngines/WindowsStandaloneSupport/UnityEditor.WindowsStandalone.Extensions.dll
Registered in 0.001770 seconds.
Native extension for WindowsStandalone target not found
Native extension for WebGL target not found
Package Manager log level set to [2]
[Package Manager] Failed to launch server process. Reason: Unity was launched with the -noUpm command-line argument
[Package Manager] Unable to send message (not connected to server process).
[Package Manager] Cannot connect to Unity Package Manager local server
ScheduleIndexationOnStartup MainProcess:False IndexOnStartup:True
Scripting: successfully reloaded assembly
- Finished resetting the current domain, in  0.513 seconds
Domain Reload Profiling: 1093ms
	BeginReloadAssembly (134ms)
	RebuildCommonClasses (5ms)
	RebuildNativeTypeToScriptingClass (16ms)
	initialDomainReloadingComplete (73ms)
	LoadAllAssembliesAndSetupDomain (352ms)
		LoadAssemblies (131ms)
		TypeCache.Refresh (240ms)
			TypeCache.ScanAssembly (225ms)
		AnalyzeDomain (1ms)
	FinalizeReload (514ms)
		SetupLoadedEditorAssemblies (0ms)
			BeforeProcessingInitializeOnLoad (119ms)
			ProcessInitializeOnLoadAttributes (108ms)
			ProcessInitializeOnLoadMethodAttributes (185ms)
Initializing Unity extensions:
[Licensing::Client] Successfully resolved entitlement details
[Licensing::Module] License group:
  Id: F4-JT8S-VX4V-2PXU-5UM5-XXXX
  Product: Unity Personal
  Type: ULF
  Expiration: Unlimited
[Licensing::Module] License group:
  Id: 5774130951012-UnityPersXXXX
  Product: Unity Personal
  Type: Assigned
  Expiration: Unlimited
========================================================================
Worker process is ready to serve import requests
Import Worker Mode flag is 0x00
Begin MonoManager ReloadAssembly
'Packages/com.unity.render-pipelines.core/Editor/Deprecated.cs' contains partial class of Unity.Object, exactly 1 of the partial classes needs to be in a file with the same filename. This is to know the one that can be referenced from ie. GameObjects
'Packages/com.unity.render-pipelines.core/Editor/Deprecated.cs' contains partial class of Unity.Object, exactly 1 of the partial classes needs to be in a file with the same filename. This is to know the one that can be referenced from ie. GameObjects
Native extension for WindowsStandalone target not found
Native extension for WebGL target not found
[Package Manager] Failed to launch server process. Reason: Unity was launched with the -noUpm command-line argument
[Package Manager] Unable to send message (not connected to server process).
[Package Manager] Cannot connect to Unity Package Manager local server
[Package Manager] Failed to launch server process. Reason: Unity was launched with the -noUpm command-line argument
[Package Manager] Unable to send message (not connected to server process).
[Package Manager] Cannot connect to Unity Package Manager local server
ScheduleIndexationOnStartup MainProcess:False IndexOnStartup:True
Scripting: successfully reloaded assembly
- Finished resetting the current domain, in  0.732 seconds
Domain Reload Profiling: 1702ms
	BeginReloadAssembly (235ms)
		DisableScriptedObjects (10ms)
		CreateAndSetChildDomain (33ms)
	RebuildCommonClasses (9ms)
	RebuildNativeTypeToScriptingClass (21ms)
	initialDomainReloadingComplete (63ms)
	LoadAllAssembliesAndSetupDomain (641ms)
		LoadAssemblies (358ms)
		TypeCache.Refresh (180ms)
			TypeCache.ScanAssembly (164ms)
		AnalyzeDomain (73ms)
			BuildScriptInfoCaches (66ms)
			ResolveRequiredComponents (5ms)
	FinalizeReload (733ms)
		SetupLoadedEditorAssemblies (0ms)
			BeforeProcessingInitializeOnLoad (113ms)
			ProcessInitializeOnLoadAttributes (296ms)
			ProcessInitializeOnLoadMethodAttributes (104ms)
			AfterProcessingInitializeOnLoad (6ms)
		AwakeInstancesAfterBackupRestoration (8ms)
AcceleratorClientConnectionCallback - disconnected - :0
WARNING: Shader Unsupported: 'Hidden/Universal Render Pipeline/Terrain/Lit (Base Pass)' - All subshaders removed
WARNING: Shader Did you use #pragma only_renderers and omit this platform?
WARNING: Shader If subshaders removal was intentional, you may have forgotten turning Fallback off?
WARNING: Shader Unsupported: 'Universal Render Pipeline/Terrain/Lit' - All subshaders removed
WARNING: Shader Did you use #pragma only_renderers and omit this platform?
WARNING: Shader If subshaders removal was intentional, you may have forgotten turning Fallback off?
Launched and connected shader compiler UnityShaderCompiler.exe after 0.01 seconds
Unloading 60 Unused Serialized files (Serialized files now loaded: 0)
Unloading 6638 unused Assets / (10.0 MB). Loaded Objects now: 7361.
Memory consumption went from 334.5 MB to 324.5 MB.
Total: 9.595600 ms (FindLiveObjects: 0.922000 ms CreateObjectMapping: 0.566100 ms MarkObjects: 6.086700 ms  DeleteObjects: 1.720500 ms)

========================================================================
Received Import Request.
  Time of request: 2026-10-01T08:15:22.6151428Z
  Time since last request: 2398.74142900000015 seconds.
  importAddress: GUID: 0c718439afc500a47899efc9499bc9f5 - Path: Packages/com.unity.render-pipelines.core/Editor/Icons/Processed/Resources Icon.asset - Importer: ScriptedImporter/UnityEditor.QuickSearchModule:UnityEditor.Search:ASIAI0B
Importing 'GUID: 0c718439afc500a47899efc9499bc9f5 - Path: Packages/com.unity.render-pipelines.core/Editor/Icons/Processed/Resources Icon.asset - Importer: ScriptedImporter/UnityEditor.QuickSearchModule:UnityEditor.Search:ASIAI0B' with importer (ScriptedImporter : UnityEditor.QuickSearchModule:UnityEditor.Search:ASIAI0B)
Imported 'GUID: 0c718439afc500a47899efc9499bc9f5' -> (Import Result ID: 'b058b138238c5d79dcbc9910ec119481') in 0.099 seconds [static and dynamic dependencies]. Details - ImportResultOutputID=3406606000a34f1071e410542df88119 DependenciesID=2e4a8cec875e72b0c49e68b16ab23214 StaticDependenciesID=9eafab5def54270ca8492eb4ac9e8e9d 
Number of updated asset objects reloaded before import = 0
Number of asset objects unloaded after import = 1
========================================================================
Received Import Request.
  Time of request: 2026-10-01T08:15:22.7245895Z
  Time since last request: 0.0000248 seconds.
  importAddress: GUID: 5b418afba2ea4e542bbc80b91d784d20 - Path: Packages/com.unity.render-pipelines.core/Editor/Icons/RenderGraphViewer/d_Buffer@2x.png - Importer: ScriptedImporter/UnityEditor.QuickSearchModule:UnityEditor.Search:ASIAI0B
Importing 'GUID: 5b418afba2ea4e542bbc80b91d784d20 - Path: Packages/com.unity.render-pipelines.core/Editor/Icons/RenderGraphViewer/d_Buffer@2x.png - Importer: ScriptedImporter/UnityEditor.QuickSearchModule:UnityEditor.Search:ASIAI0B' with importer (ScriptedImporter : UnityEditor.QuickSearchModule:UnityEditor.Search:ASIAI0B)
Imported 'GUID: 5b418afba2ea4e542bbc80b91d784d20' -> (Import Result ID: 'e46afc40f0c325c7fe9ccac89eea5d42') in 0.030 seconds [static and dynamic dependencies]. Details - ImportResultOutputID=975b8ceb919b536d5971875ae4761de0 DependenciesID=e18ca56f5161e0ed5766ab313a5c1f0f StaticDependenciesID=74c0621c7381551600509019f5243936 
Number of updated asset objects reloaded before import = 0
Number of asset objects unloaded after import = 1
========================================================================
Received Import Request.
  Time of request: 2026-10-01T08:15:22.7643727Z
  Time since last request: 0.0004743 seconds.
  importAddress: GUID: 675ff9ea9d96a004a85fc91680242734 - Path: Packages/com.unity.render-pipelines.core/Editor/Icons/MipLevels/d_Volume@32.png - Importer: ScriptedImporter/UnityEditor.QuickSearchModule:UnityEditor.Search:ASIAI0B
Importing 'GUID: 675ff9ea9d96a004a85fc91680242734 - Path: Packages/com.unity.render-pipelines.core/Editor/Icons/MipLevels/d_Volume@32.png - Importer: ScriptedImporter/UnityEditor.QuickSearchModule:UnityEditor.Search:ASIAI0B' with importer (ScriptedImporter : UnityEditor.QuickSearchModule:UnityEditor.Search:ASIAI0B)
Imported 'GUID: 675ff9ea9d96a004a85fc91680242734' -> (Import Result ID: '1c520cab3d0182474b336bfbce1cd49f') in 0.004 seconds [static and dynamic dependencies]. Details - ImportResultOutputID=2640ca0174a03e3d5ae6f7b55d1bb8ed DependenciesID=841703c38c97f788856e894d2cf9bcdc StaticDependenciesID=a5796dcc388bf416b09bce40a2380e09 
Number of updated asset objects reloaded before import = 0
Number of asset objects unloaded after import = 1
========================================================================
Received Import Request.
  Time of request: 2026-10-01T08:15:22.7784512Z
  Time since last request: 0.0004363 seconds.
  importAddress: GUID: 3e1119a71344058429824f48f89db02a - Path: Packages/com.unity.render-pipelines.core/Editor/Icons/MipLevels/Volume@64.png - Importer: ScriptedImporter/UnityEditor.QuickSearchModule:UnityEditor.Search:ASIAI0B
Importing 'GUID: 3e1119a71344058429824f48f89db02a - Path: Packages/com.unity.render-pipelines.core/Editor/Icons/MipLevels/Volume@64.png - Importer: ScriptedImporter/UnityEditor.QuickSearchModule:UnityEditor.Search:ASIAI0B' with importer (ScriptedImporter : UnityEditor.QuickSearchModule:UnityEditor.Search:ASIAI0B)
Imported 'GUID: 3e1119a71344058429824f48f89db02a' -> (Import Result ID: 'cd5f7b6f0f37046cb293f26b8f2d3152') in 0.006 seconds [static and dynamic dependencies]. Details - ImportResultOutputID=861089191b2e3eca898c8adcb27796d4 DependenciesID=f52d188a91145bef825c95f4e1059136 StaticDependenciesID=3645b4dc519cfb4fa893f44654ba4b91 
Number of updated asset objects reloaded before import = 0
Number of asset objects unloaded after import = 1
========================================================================
Received Import Request.
  Time of request: 2026-10-01T08:15:22.8041763Z
  Time since last request: 0.0100911 seconds.
  importAddress: GUID: 6eb2e156a8a1f8149b02f135509f10ea - Path: Packages/com.unity.render-pipelines.core/Editor/Icons/RenderGraphViewer/d_Resources@2x.png - Importer: ScriptedImporter/UnityEditor.QuickSearchModule:UnityEditor.Search:ASIAI0B
Importing 'GUID: 6eb2e156a8a1f8149b02f135509f10ea - Path: Packages/com.unity.render-pipelines.core/Editor/Icons/RenderGraphViewer/d_Resources@2x.png - Importer: ScriptedImporter/UnityEditor.QuickSearchModule:UnityEditor.Search:ASIAI0B' with importer (ScriptedImporter : UnityEditor.QuickSearchModule:UnityEditor.Search:ASIAI0B)
Imported 'GUID: 6eb2e156a8a1f8149b02f135509f10ea' -> (Import Result ID: 'fa06fae36d49ac70169c51fcb4e72177') in 0.004 seconds [static and dynamic dependencies]. Details - ImportResultOutputID=3500c7968d6aaa039d5c3a40649c70f3 DependenciesID=f9f0a2abae0fb2974a408ff755831f20 StaticDependenciesID=b250655f33c6bde49da5133489b53e52 
Number of updated asset objects reloaded before import = 0
Number of asset objects unloaded after import = 1
========================================================================
Received Import Request.
  Time of request: 2026-10-01T08:15:22.8191272Z
  Time since last request: 0.0002104 seconds.
  importAddress: GUID: c179f13951d25f646887d38fa53e6e65 - Path: Packages/com.unity.render-pipelines.core/Editor/Lighting/Icons/LightPlacement_Icon@2x.png - Importer: ScriptedImporter/UnityEditor.QuickSearchModule:UnityEditor.Search:ASIAI0B
Importing 'GUID: c179f13951d25f646887d38fa53e6e65 - Path: Packages/com.unity.render-pipelines.core/Editor/Lighting/Icons/LightPlacement_Icon@2x.png - Importer: ScriptedImporter/UnityEditor.QuickSearchModule:UnityEditor.Search:ASIAI0B' with importer (ScriptedImporter : UnityEditor.QuickSearchModule:UnityEditor.Search:ASIAI0B)
Imported 'GUID: c179f13951d25f646887d38fa53e6e65' -> (Import Result ID: '485bd1d6a9c4da6f5f926d03adb8b9cd') in 0.005 seconds [static and dynamic dependencies]. Details - ImportResultOutputID=2d9a4ca4de8be93e3077957b051cdc73 DependenciesID=357f873c6f3d007266f3c893ea14e46d StaticDependenciesID=5c826c4cf08a18685c9e0a7368b3e8ab 
Number of updated asset objects reloaded before import = 0
Number of asset objects unloaded after import = 1
========================================================================
Received Import Request.
  Time of request: 2026-10-01T08:15:22.8331898Z
  Time since last request: 0.000236 seconds.
  importAddress: GUID: c1d870384c7ed3c49b30d01278bf3949 - Path: Packages/com.unity.render-pipelines.core/Editor/Lighting/Icons/Advanced_Pressed_mini.png - Importer: ScriptedImporter/UnityEditor.QuickSearchModule:UnityEditor.Search:ASIAI0B
Importing 'GUID: c1d870384c7ed3c49b30d01278bf3949 - Path: Packages/com.unity.render-pipelines.core/Editor/Lighting/Icons/Advanced_Pressed_mini.png - Importer: ScriptedImporter/UnityEditor.QuickSearchModule:UnityEditor.Search:ASIAI0B' with importer (ScriptedImporter : UnityEditor.QuickSearchModule:UnityEditor.Search:ASIAI0B)
Imported 'GUID: c1d870384c7ed3c49b30d01278bf3949' -> (Import Result ID: '9ffdbd751d283bede1fbc5b36ac93f36') in 0.006 seconds [static and dynamic dependencies]. Details - ImportResultOutputID=27363f34e4e9b73551959c6cc2bd0c39 DependenciesID=a1160c6e0b151362c631ac8eacda9f3f StaticDependenciesID=ef68d1c28126f4f10815c25e0b9f1139 
Number of updated asset objects reloaded before import = 0
Number of asset objects unloaded after import = 1
========================================================================
Received Import Request.
  Time of request: 2026-10-01T08:15:22.847632Z
  Time since last request: 0.0003082 seconds.
  importAddress: GUID: b356b95f05b77cf49a1b8241134f44c4 - Path: Packages/com.unity.render-pipelines.core/Editor/Lighting/Icons/Advanced_UnPressed_mini.png - Importer: ScriptedImporter/UnityEditor.QuickSearchModule:UnityEditor.Search:ASIAI0B
Importing 'GUID: b356b95f05b77cf49a1b8241134f44c4 - Path: Packages/com.unity.render-pipelines.core/Editor/Lighting/Icons/Advanced_UnPressed_mini.png - Importer: ScriptedImporter/UnityEditor.QuickSearchModule:UnityEditor.Search:ASIAI0B' with importer (ScriptedImporter : UnityEditor.QuickSearchModule:UnityEditor.Search:ASIAI0B)
Imported 'GUID: b356b95f05b77cf49a1b8241134f44c4' -> (Import Result ID: 'b4bc04b29f9bffe4207c4eda1e7da19e') in 0.006 seconds [static and dynamic dependencies]. Details - ImportResultOutputID=456368f37d1c8e417b5d7c2b1ff6d104 DependenciesID=0f228c0aa77ea0bd7b81e10798e9b3c6 StaticDependenciesID=9338373c9838a42ef2dcc249a1c56d88 
Number of updated asset objects reloaded before import = 0
Number of asset objects unloaded after import = 1
========================================================================
Received Import Request.
  Time of request: 2026-10-01T08:15:22.8623668Z
  Time since last request: 0.0003725 seconds.
  importAddress: GUID: 8a35aa5922ce5b746a734edf7de25ab4 - Path: Packages/com.unity.render-pipelines.core/Editor/Lighting/Icons/UpSnatchFocused.png - Importer: ScriptedImporter/UnityEditor.QuickSearchModule:UnityEditor.Search:ASIAI0B
Importing 'GUID: 8a35aa5922ce5b746a734edf7de25ab4 - Path: Packages/com.unity.render-pipelines.core/Editor/Lighting/Icons/UpSnatchFocused.png - Importer: ScriptedImporter/UnityEditor.QuickSearchModule:UnityEditor.Search:ASIAI0B' with importer (ScriptedImporter : UnityEditor.QuickSearchModule:UnityEditor.Search:ASIAI0B)
Imported 'GUID: 8a35aa5922ce5b746a734edf7de25ab4' -> (Import Result ID: 'ab3fee47da20c42b94a76832797b82cd') in 0.004 seconds [static and dynamic dependencies]. Details - ImportResultOutputID=797872132f531efa6bd58142445890b2 DependenciesID=4bd49a1197f074ead7a5b8052b92e1df StaticDependenciesID=864dc2f5b5249fa4a8c011d15b25f4bd 
Number of updated asset objects reloaded before import = 0
Number of asset objects unloaded after import = 1
========================================================================
Received Import Request.
  Time of request: 2026-10-01T08:15:22.8755261Z
  Time since last request: 0.0009677 seconds.
  importAddress: GUID: 77f3e0d20577fcd4ebb29c14ff5d58c7 - Path: Packages/com.unity.render-pipelines.core/Editor/Lighting/Icons/LightPlacement_Icon.png - Importer: ScriptedImporter/UnityEditor.QuickSearchModule:UnityEditor.Search:ASIAI0B
Importing 'GUID: 77f3e0d20577fcd4ebb29c14ff5d58c7 - Path: Packages/com.unity.render-pipelines.core/Editor/Lighting/Icons/LightPlacement_Icon.png - Importer: ScriptedImporter/UnityEditor.QuickSearchModule:UnityEditor.Search:ASIAI0B' with importer (ScriptedImporter : UnityEditor.QuickSearchModule:UnityEditor.Search:ASIAI0B)
Imported 'GUID: 77f3e0d20577fcd4ebb29c14ff5d58c7' -> (Import Result ID: '5de1c6b7ecdd0c19f8dbdbf20a691baf') in 0.004 seconds [static and dynamic dependencies]. Details - ImportResultOutputID=b0b086ac1a3cd493cf3c66a1eb77b77c DependenciesID=5215a138aa96953c9990e02235607798 StaticDependenciesID=9f6135beb19dc6039496daf7faa36a28 
Number of updated asset objects reloaded before import = 0
Number of asset objects unloaded after import = 1
========================================================================
Received Import Request.
  Time of request: 2026-10-01T08:15:22.887986Z
  Time since last request: 0.0002746 seconds.
  importAddress: GUID: ce171bd6b515f1647a9a2c608ff705bb - Path: Packages/com.unity.render-pipelines.core/Editor/Lighting/Icons/LightPlacement_Icon@64.png - Importer: ScriptedImporter/UnityEditor.QuickSearchModule:UnityEditor.Search:ASIAI0B
Importing 'GUID: ce171bd6b515f1647a9a2c608ff705bb - Path: Packages/com.unity.render-pipelines.core/Editor/Lighting/Icons/LightPlacement_Icon@64.png - Importer: ScriptedImporter/UnityEditor.QuickSearchModule:UnityEditor.Search:ASIAI0B' with importer (ScriptedImporter : UnityEditor.QuickSearchModule:UnityEditor.Search:ASIAI0B)
Imported 'GUID: ce171bd6b515f1647a9a2c608ff705bb' -> (Import Result ID: 'c9487c2e220c983a8941948aa8dd7388') in 0.005 seconds [static and dynamic dependencies]. Details - ImportResultOutputID=38562a4b7b960ca051e9959c3e8ce315 DependenciesID=4997816f791041c3e9edeb1294c8d989 StaticDependenciesID=43062b54694125cc02b0c0ed51ffd2f7 
Number of updated asset objects reloaded before import = 0
Number of asset objects unloaded after import = 1
========================================================================
Received Import Request.
  Time of request: 2026-10-01T08:15:22.9054078Z
  Time since last request: 0.002658 seconds.
  importAddress: GUID: f5d08e5c109deb84a9fcf7b2365cb537 - Path: Packages/com.unity.render-pipelines.core/Editor/Lighting/Icons/d_LightPlacement_Icon On@32.png - Importer: ScriptedImporter/UnityEditor.QuickSearchModule:UnityEditor.Search:ASIAI0B
Importing 'GUID: f5d08e5c109deb84a9fcf7b2365cb537 - Path: Packages/com.unity.render-pipelines.core/Editor/Lighting/Icons/d_LightPlacement_Icon On@32.png - Importer: ScriptedImporter/UnityEditor.QuickSearchModule:UnityEditor.Search:ASIAI0B' with importer (ScriptedImporter : UnityEditor.QuickSearchModule:UnityEditor.Search:ASIAI0B)
Imported 'GUID: f5d08e5c109deb84a9fcf7b2365cb537' -> (Import Result ID: '1e72b9547c921ba045fe4574e233818d') in 0.004 seconds [static and dynamic dependencies]. Details - ImportResultOutputID=50f22fee6080d4e41d978f0b88e2b572 DependenciesID=1c7e3000d6caa743017158bb59a12255 StaticDependenciesID=0d894dd85db72168dc621f8e033bdeff 
Number of updated asset objects reloaded before import = 0
Number of asset objects unloaded after import = 1
========================================================================
Received Import Request.
  Time of request: 2026-10-01T08:15:22.9176214Z
  Time since last request: 0.0006076 seconds.
  importAddress: GUID: 33191aa3ed97cff4aa04bf4719f713ed - Path: Packages/com.unity.render-pipelines.core/Editor/Icons/RenderGraphViewer/d_Import@2x.png - Importer: ScriptedImporter/UnityEditor.QuickSearchModule:UnityEditor.Search:ASIAI0B
Importing 'GUID: 33191aa3ed97cff4aa04bf4719f713ed - Path: Packages/com.unity.render-pipelines.core/Editor/Icons/RenderGraphViewer/d_Import@2x.png - Importer: ScriptedImporter/UnityEditor.QuickSearchModule:UnityEditor.Search:ASIAI0B' with importer (ScriptedImporter : UnityEditor.QuickSearchModule:UnityEditor.Search:ASIAI0B)
Imported 'GUID: 33191aa3ed97cff4aa04bf4719f713ed' -> (Import Result ID: '74ca1104784416dd83fef1b34a48ba35') in 0.005 seconds [static and dynamic dependencies]. Details - ImportResultOutputID=f8ae4acf40cc225e0105e1f41baf967b DependenciesID=ac09af8810fb70f7f16930e2fb7c7bd9 StaticDependenciesID=1d25b60179ff6832427ebbcf6335d7bf 
Number of updated asset objects reloaded before import = 0
Number of asset objects unloaded after import = 1
========================================================================
Received Import Request.
  Time of request: 2026-10-01T08:15:22.932397Z
  Time since last request: 0.0004428 seconds.
  importAddress: GUID: 6cec6e582e857c24bb9432ed7ff629f8 - Path: Packages/com.unity.render-pipelines.core/Editor/Lighting/Icons/PresetRim_Left.png - Importer: ScriptedImporter/UnityEditor.QuickSearchModule:UnityEditor.Search:ASIAI0B
Importing 'GUID: 6cec6e582e857c24bb9432ed7ff629f8 - Path: Packages/com.unity.render-pipelines.core/Editor/Lighting/Icons/PresetRim_Left.png - Importer: ScriptedImporter/UnityEditor.QuickSearchModule:UnityEditor.Search:ASIAI0B' with importer (ScriptedImporter : UnityEditor.QuickSearchModule:UnityEditor.Search:ASIAI0B)
Imported 'GUID: 6cec6e582e857c24bb9432ed7ff629f8' -> (Import Result ID: 'ac406cb14c24ab72bc8908c81fd188c5') in 0.004 seconds [static and dynamic dependencies]. Details - ImportResultOutputID=6d669ce76adcfa04e337c618bd83ecba DependenciesID=576b7c8f54ab5a51dbc7f6b8789391eb StaticDependenciesID=3c2f752791b4556b1ab71a8209c048d5 
Number of updated asset objects reloaded before import = 0
Number of asset objects unloaded after import = 1
========================================================================
Received Import Request.
  Time of request: 2026-10-01T08:15:22.947616Z
  Time since last request: 0.0006815 seconds.
  importAddress: GUID: ef06ba4eb3daf484f8b1a9e1ac266945 - Path: Packages/com.unity.render-pipelines.core/Editor/Lighting/Icons/LightPlacement_Icon@16.png - Importer: ScriptedImporter/UnityEditor.QuickSearchModule:UnityEditor.Search:ASIAI0B
Importing 'GUID: ef06ba4eb3daf484f8b1a9e1ac266945 - Path: Packages/com.unity.render-pipelines.core/Editor/Lighting/Icons/LightPlacement_Icon@16.png - Importer: ScriptedImporter/UnityEditor.QuickSearchModule:UnityEditor.Search:ASIAI0B' with importer (ScriptedImporter : UnityEditor.QuickSearchModule:UnityEditor.Search:ASIAI0B)
Imported 'GUID: ef06ba4eb3daf484f8b1a9e1ac266945' -> (Import Result ID: '2bbdaaa7284bd6636666b7ef2cee0b63') in 0.004 seconds [static and dynamic dependencies]. Details - ImportResultOutputID=c627bfa749148f1b67e87ad745dc779f DependenciesID=b74c078908fc749b262b3de06827cd10 StaticDependenciesID=5467e1e656826695bc74a8f2471e62eb 
Number of updated asset objects reloaded before import = 0
Number of asset objects unloaded after import = 1
========================================================================
Received Import Request.
  Time of request: 2026-10-01T08:15:22.9647386Z
  Time since last request: 0.0037249 seconds.
  importAddress: GUID: 19dfbb09098c9584a83c956fbd6c5d79 - Path: Packages/com.unity.render-pipelines.core/Editor/PostProcessing/LensFlareResource/LensFlareDataDrivenPreview.shader - Importer: ScriptedImporter/UnityEditor.QuickSearchModule:UnityEditor.Search:ASIAI0B
Importing 'GUID: 19dfbb09098c9584a83c956fbd6c5d79 - Path: Packages/com.unity.render-pipelines.core/Editor/PostProcessing/LensFlareResource/LensFlareDataDrivenPreview.shader - Importer: ScriptedImporter/UnityEditor.QuickSearchModule:UnityEditor.Search:ASIAI0B' with importer (ScriptedImporter : UnityEditor.QuickSearchModule:UnityEditor.Search:ASIAI0B)
Imported 'GUID: 19dfbb09098c9584a83c956fbd6c5d79' -> (Import Result ID: '9e9b0f152d8789aec56d5944c67db6a5') in 0.007 seconds [static and dynamic dependencies]. Details - ImportResultOutputID=659e67d5369e5834c2efa30917860486 DependenciesID=29fb84b7586518481714048b628e95c8 StaticDependenciesID=9a97475a9dba80d250cef6340a036591 
Number of updated asset objects reloaded before import = 0
Number of asset objects unloaded after import = 1
========================================================================
Received Import Request.
  Time of request: 2026-10-01T08:15:22.9819683Z
  Time since last request: 0.0003245 seconds.
  importAddress: GUID: dab563492d08ecb468665188ee37af60 - Path: Packages/com.unity.render-pipelines.core/Editor/Settings/PropertyDrawers/RenderPipelineGraphicsSettingsContainerPropertyDrawer.cs - Importer: ScriptedImporter/UnityEditor.QuickSearchModule:UnityEditor.Search:ASIAI0B
Importing 'GUID: dab563492d08ecb468665188ee37af60 - Path: Packages/com.unity.render-pipelines.core/Editor/Settings/PropertyDrawers/RenderPipelineGraphicsSettingsContainerPropertyDrawer.cs - Importer: ScriptedImporter/UnityEditor.QuickSearchModule:UnityEditor.Search:ASIAI0B' with importer (ScriptedImporter : UnityEditor.QuickSearchModule:UnityEditor.Search:ASIAI0B)
Imported 'GUID: dab563492d08ecb468665188ee37af60' -> (Import Result ID: 'ed0c566f230870f8c56ec62f509217aa') in 0.009 seconds [static and dynamic dependencies]. Details - ImportResultOutputID=2ef971be3a46cc4cd97d1b8db70782d2 DependenciesID=31bbe29d832002e57b2afe03c18cdb30 StaticDependenciesID=c9f9b9e36af20db27d0dfea4cc280348 
Number of updated asset objects reloaded before import = 0
Number of asset objects unloaded after import = 0
========================================================================
Received Import Request.
  Time of request: 2026-10-01T08:15:22.9995393Z
  Time since last request: 0.0003092 seconds.
  importAddress: GUID: 10a4df7eb002da04c922af9ac6bbbda4 - Path: Packages/com.unity.render-pipelines.core/Editor-PrivateShared/Tools/Converter/IRenderPipelineConverterItem.cs - Importer: ScriptedImporter/UnityEditor.QuickSearchModule:UnityEditor.Search:ASIAI0B
Importing 'GUID: 10a4df7eb002da04c922af9ac6bbbda4 - Path: Packages/com.unity.render-pipelines.core/Editor-PrivateShared/Tools/Converter/IRenderPipelineConverterItem.cs - Importer: ScriptedImporter/UnityEditor.QuickSearchModule:UnityEditor.Search:ASIAI0B' with importer (ScriptedImporter : UnityEditor.QuickSearchModule:UnityEditor.Search:ASIAI0B)
Imported 'GUID: 10a4df7eb002da04c922af9ac6bbbda4' -> (Import Result ID: 'e27d440bfedefc6e7c6a0c8ffd694e4d') in 0.002 seconds [static and dynamic dependencies]. Details - ImportResultOutputID=1b983815fbcae5c68b6e8a2582f279e1 DependenciesID=52023217be63eb17cc2e931ac36fc39f StaticDependenciesID=b13a35f02f192475228566796c5910a2 
Number of updated asset objects reloaded before import = 0
Number of asset objects unloaded after import = 0
========================================================================
Received Import Request.
  Time of request: 2026-10-01T08:15:23.0104129Z
  Time since last request: 0.0003596 seconds.
  importAddress: GUID: f1ae0052b83ef5d4db2deea6f9aa8236 - Path: Packages/com.unity.render-pipelines.core/Editor/Lighting/ProbeVolume/ProbeVolumeEditor.cs - Importer: ScriptedImporter/UnityEditor.QuickSearchModule:UnityEditor.Search:ASIAI0B
Importing 'GUID: f1ae0052b83ef5d4db2deea6f9aa8236 - Path: Packages/com.unity.render-pipelines.core/Editor/Lighting/ProbeVolume/ProbeVolumeEditor.cs - Importer: ScriptedImporter/UnityEditor.QuickSearchModule:UnityEditor.Search:ASIAI0B' with importer (ScriptedImporter : UnityEditor.QuickSearchModule:UnityEditor.Search:ASIAI0B)
Imported 'GUID: f1ae0052b83ef5d4db2deea6f9aa8236' -> (Import Result ID: 'c0b0c735601c94abf7f7bce2097f3f01') in 0.002 seconds [static and dynamic dependencies]. Details - ImportResultOutputID=beac5fcdd235aee78ba0ec71746d3d18 DependenciesID=583a8fb5edb6504cf97c465ae703c57d StaticDependenciesID=6517a6349e39f0d1cb481024900ca337 
Number of updated asset objects reloaded before import = 0
Number of asset objects unloaded after import = 0
========================================================================
Received Import Request.
  Time of request: 2026-10-01T08:15:23.0208632Z
  Time since last request: 0.0003585 seconds.
  importAddress: GUID: 3489c9b1538db6b4198de2a526e423fd - Path: Packages/com.unity.render-pipelines.core/Editor/Lighting/ProbeVolume/TraceRayProbeVolume.hlsl - Importer: ScriptedImporter/UnityEditor.QuickSearchModule:UnityEditor.Search:ASIAI0B
Importing 'GUID: 3489c9b1538db6b4198de2a526e423fd - Path: Packages/com.unity.render-pipelines.core/Editor/Lighting/ProbeVolume/TraceRayProbeVolume.hlsl - Importer: ScriptedImporter/UnityEditor.QuickSearchModule:UnityEditor.Search:ASIAI0B' with importer (ScriptedImporter : UnityEditor.QuickSearchModule:UnityEditor.Search:ASIAI0B)
Imported 'GUID: 3489c9b1538db6b4198de2a526e423fd' -> (Import Result ID: 'b54183f216bbad1543decec19c37adff') in 0.003 seconds [static and dynamic dependencies]. Details - ImportResultOutputID=785c08fe8e4671f0cce84223297c422a DependenciesID=58a41982ea077808ff2e8daa667eb000 StaticDependenciesID=2053bc6bb686a99018c54f33f9b734de 
Number of updated asset objects reloaded before import = 0
Number of asset objects unloaded after import = 1
========================================================================
Received Import Request.
  Time of request: 2026-10-01T08:15:23.0337324Z
  Time since last request: 0.0001751 seconds.
  importAddress: GUID: 2bdd08f317060d34ca4b375d3c784d85 - Path: Packages/com.unity.render-pipelines.core/Editor/Lighting/ProbeVolume/ProbeVolumeUI.Skin.cs - Importer: ScriptedImporter/UnityEditor.QuickSearchModule:UnityEditor.Search:ASIAI0B
Importing 'GUID: 2bdd08f317060d34ca4b375d3c784d85 - Path: Packages/com.unity.render-pipelines.core/Editor/Lighting/ProbeVolume/ProbeVolumeUI.Skin.cs - Importer: ScriptedImporter/UnityEditor.QuickSearchModule:UnityEditor.Search:ASIAI0B' with importer (ScriptedImporter : UnityEditor.QuickSearchModule:UnityEditor.Search:ASIAI0B)
Imported 'GUID: 2bdd08f317060d34ca4b375d3c784d85' -> (Import Result ID: '915491a1cb26b01e86d4cdf3c6211b9d') in 0.002 seconds [static and dynamic dependencies]. Details - ImportResultOutputID=14ce3feef9094af546e1e261d23c7390 DependenciesID=af4f6ac7f0f5c39400feb44933a8f689 StaticDependenciesID=0bd7b47946a0a17e3748e0e2d7ced997 
Number of updated asset objects reloaded before import = 0
Number of asset objects unloaded after import = 0
========================================================================
Received Import Request.
  Time of request: 2026-10-01T08:15:23.0439463Z
  Time since last request: 0.0003126 seconds.
  importAddress: GUID: b930b50600a5978488c285f3be907608 - Path: Packages/com.unity.render-pipelines.core/Editor/Settings/PropertyDrawers/DefaultVolumeProfileSettingsPropertyDrawer.cs - Importer: ScriptedImporter/UnityEditor.QuickSearchModule:UnityEditor.Search:ASIAI0B
Importing 'GUID: b930b50600a5978488c285f3be907608 - Path: Packages/com.unity.render-pipelines.core/Editor/Settings/PropertyDrawers/DefaultVolumeProfileSettingsPropertyDrawer.cs - Importer: ScriptedImporter/UnityEditor.QuickSearchModule:UnityEditor.Search:ASIAI0B' with importer (ScriptedImporter : UnityEditor.QuickSearchModule:UnityEditor.Search:ASIAI0B)
Imported 'GUID: b930b50600a5978488c285f3be907608' -> (Import Result ID: 'b4f7a46b91326559a44848fc48d40bee') in 0.002 seconds [static and dynamic dependencies]. Details - ImportResultOutputID=47240ce68835a97bc4c32c749b43aa31 DependenciesID=075bc68e02d774055aeb9911f2bb5e2d StaticDependenciesID=0b321f67173baed168b9b63eebef44a3 
Number of updated asset objects reloaded before import = 0
Number of asset objects unloaded after import = 0
========================================================================
Received Import Request.
  Time of request: 2026-10-01T08:15:23.0547411Z
  Time since last request: 0.0005563 seconds.
  importAddress: GUID: e60eb64f07904667887976b2ec8cffed - Path: Packages/com.unity.render-pipelines.core/Editor/Volume/Drawers/BoolParameterDrawer.cs - Importer: ScriptedImporter/UnityEditor.QuickSearchModule:UnityEditor.Search:ASIAI0B
Importing 'GUID: e60eb64f07904667887976b2ec8cffed - Path: Packages/com.unity.render-pipelines.core/Editor/Volume/Drawers/BoolParameterDrawer.cs - Importer: ScriptedImporter/UnityEditor.QuickSearchModule:UnityEditor.Search:ASIAI0B' with importer (ScriptedImporter : UnityEditor.QuickSearchModule:UnityEditor.Search:ASIAI0B)
Imported 'GUID: e60eb64f07904667887976b2ec8cffed' -> (Import Result ID: '22239c496dddcfdbd80b1442a3ba7254') in 0.003 seconds [static and dynamic dependencies]. Details - ImportResultOutputID=d070d6f019821110b4bf2cf1af979dfe DependenciesID=d6ada070ff1818e1f17a48fe88b8098a StaticDependenciesID=8f67a142ed9bdba4e561e04e59859ca5 
Number of updated asset objects reloaded before import = 0
Number of asset objects unloaded after import = 0
========================================================================
Received Import Request.
  Time of request: 2026-10-01T08:15:23.0677783Z
  Time since last request: 0.0002632 seconds.
  importAddress: GUID: ebad938968750cd41a0d243f50a3a4ba - Path: Packages/com.unity.render-pipelines.core/Editor/Lighting/ProbeVolume/ProbeVolumeBakingSetEditor.cs - Importer: ScriptedImporter/UnityEditor.QuickSearchModule:UnityEditor.Search:ASIAI0B
Importing 'GUID: ebad938968750cd41a0d243f50a3a4ba - Path: Packages/com.unity.render-pipelines.core/Editor/Lighting/ProbeVolume/ProbeVolumeBakingSetEditor.cs - Importer: ScriptedImporter/UnityEditor.QuickSearchModule:UnityEditor.Search:ASIAI0B' with importer (ScriptedImporter : UnityEditor.QuickSearchModule:UnityEditor.Search:ASIAI0B)
Imported 'GUID: ebad938968750cd41a0d243f50a3a4ba' -> (Import Result ID: '3e2302a6a58bc1bd11499a65c014a82a') in 0.002 seconds [static and dynamic dependencies]. Details - ImportResultOutputID=a2feafb9d5b2e68f9628ab166bc29cc6 DependenciesID=e0c45effb525a516d6c2c38d4c580bd3 StaticDependenciesID=45863e3ff634796374c5c3e680ca100d 
Number of updated asset objects reloaded before import = 0
Number of asset objects unloaded after import = 0
========================================================================
Received Import Request.
  Time of request: 2026-10-01T08:15:23.0893668Z
  Time since last request: 0.0111872 seconds.
  importAddress: GUID: 8b1bc4c43bfb61048817bb1757f4ac02 - Path: Packages/com.unity.render-pipelines.core/Editor-PrivateShared/Tools/Converter/Status.cs - Importer: ScriptedImporter/UnityEditor.QuickSearchModule:UnityEditor.Search:ASIAI0B
Importing 'GUID: 8b1bc4c43bfb61048817bb1757f4ac02 - Path: Packages/com.unity.render-pipelines.core/Editor-PrivateShared/Tools/Converter/Status.cs - Importer: ScriptedImporter/UnityEditor.QuickSearchModule:UnityEditor.Search:ASIAI0B' with importer (ScriptedImporter : UnityEditor.QuickSearchModule:UnityEditor.Search:ASIAI0B)
Imported 'GUID: 8b1bc4c43bfb61048817bb1757f4ac02' -> (Import Result ID: '6380babfc924486e1a2deb61fada6455') in 0.002 seconds [static and dynamic dependencies]. Details - ImportResultOutputID=6cd282564c4afada59ad2248a9c6b2a3 DependenciesID=4526121ea83c96ec09ec2f364431d9e5 StaticDependenciesID=2f6f57fb53ed36febc62fbd784d0e5d2 
Number of updated asset objects reloaded before import = 0
Number of asset objects unloaded after import = 0
========================================================================
Received Import Request.
  Time of request: 2026-10-01T08:15:23.1028274Z
  Time since last request: 0.0004884 seconds.
  importAddress: GUID: d7cc2267acce47fdae2ece838f34df48 - Path: Packages/com.unity.render-pipelines.core/Runtime/Debugging/FrameTiming/FrameTimeSample.cs - Importer: ScriptedImporter/UnityEditor.QuickSearchModule:UnityEditor.Search:ASIAI0B
Importing 'GUID: d7cc2267acce47fdae2ece838f34df48 - Path: Packages/com.unity.render-pipelines.core/Runtime/Debugging/FrameTiming/FrameTimeSample.cs - Importer: ScriptedImporter/UnityEditor.QuickSearchModule:UnityEditor.Search:ASIAI0B' with importer (ScriptedImporter : UnityEditor.QuickSearchModule:UnityEditor.Search:ASIAI0B)
Imported 'GUID: d7cc2267acce47fdae2ece838f34df48' -> (Import Result ID: '792b561b76ecea293913fe1664b47961') in 0.002 seconds [static and dynamic dependencies]. Details - ImportResultOutputID=22ebdbc1f2e1f3392d43f7c6257b6702 DependenciesID=1f796064f9b3542b99409464cf4b57fc StaticDependenciesID=b0234f9e9326a7615853b5e05d80f77a 
Number of updated asset objects reloaded before import = 0
Number of asset objects unloaded after import = 0
========================================================================
Received Import Request.
  Time of request: 2026-10-01T08:15:23.1140625Z
  Time since last request: 0.000231 seconds.
  importAddress: GUID: 3d4a5f192498160488916c4e31a73a29 - Path: Packages/com.unity.render-pipelines.core/Runtime/GPUDriven/CoreDataSystems/RenderWorld.cs - Importer: ScriptedImporter/UnityEditor.QuickSearchModule:UnityEditor.Search:ASIAI0B
Importing 'GUID: 3d4a5f192498160488916c4e31a73a29 - Path: Packages/com.unity.render-pipelines.core/Runtime/GPUDriven/CoreDataSystems/RenderWorld.cs - Importer: ScriptedImporter/UnityEditor.QuickSearchModule:UnityEditor.Search:ASIAI0B' with importer (ScriptedImporter : UnityEditor.QuickSearchModule:UnityEditor.Search:ASIAI0B)
Imported 'GUID: 3d4a5f192498160488916c4e31a73a29' -> (Import Result ID: '38ac20530ee753a2068d0f05fddc7eb4') in 0.002 seconds [static and dynamic dependencies]. Details - ImportResultOutputID=5c1c1c385039696b2d240148be5299d9 DependenciesID=64262c846ebc7cc6dcfd52e784202b16 StaticDependenciesID=0ffc0ca8c069fb9d1ea291a6a87903f1 
Number of updated asset objects reloaded before import = 0
Number of asset objects unloaded after import = 0
========================================================================
Received Import Request.
  Time of request: 2026-10-01T08:15:23.1247933Z
  Time since last request: 0.0006445 seconds.
  importAddress: GUID: a5ea6c3e82289ce4d8ea0b60a96b1ee2 - Path: Packages/com.unity.render-pipelines.core/Runtime/GPUDriven/Culling/OcclusionCullingCommonShaderVariables.cs.hlsl - Importer: ScriptedImporter/UnityEditor.QuickSearchModule:UnityEditor.Search:ASIAI0B
Importing 'GUID: a5ea6c3e82289ce4d8ea0b60a96b1ee2 - Path: Packages/com.unity.render-pipelines.core/Runtime/GPUDriven/Culling/OcclusionCullingCommonShaderVariables.cs.hlsl - Importer: ScriptedImporter/UnityEditor.QuickSearchModule:UnityEditor.Search:ASIAI0B' with importer (ScriptedImporter : UnityEditor.QuickSearchModule:UnityEditor.Search:ASIAI0B)
Imported 'GUID: a5ea6c3e82289ce4d8ea0b60a96b1ee2' -> (Import Result ID: '077f0e4262bca84e4fdfaea13d74a3cc') in 0.002 seconds [static and dynamic dependencies]. Details - ImportResultOutputID=ab39c0f8fd13ab3447c1bf3d624bbb25 DependenciesID=1b3c2a03ca47edded8045bd8a8f56730 StaticDependenciesID=4852426697a7878eb3e69138ed89a4bb 
Number of updated asset objects reloaded before import = 0
Number of asset objects unloaded after import = 1
========================================================================
Received Import Request.
  Time of request: 2026-10-01T08:15:23.1352656Z
  Time since last request: 0.000364 seconds.
  importAddress: GUID: 60581e86aa47d834785ca132fc385273 - Path: Packages/com.unity.render-pipelines.core/Runtime/GPUDriven/Culling/InstanceOcclusionCullerShaderVariables.cs.hlsl - Importer: ScriptedImporter/UnityEditor.QuickSearchModule:UnityEditor.Search:ASIAI0B
Importing 'GUID: 60581e86aa47d834785ca132fc385273 - Path: Packages/com.unity.render-pipelines.core/Runtime/GPUDriven/Culling/InstanceOcclusionCullerShaderVariables.cs.hlsl - Importer: ScriptedImporter/UnityEditor.QuickSearchModule:UnityEditor.Search:ASIAI0B' with importer (ScriptedImporter : UnityEditor.QuickSearchModule:UnityEditor.Search:ASIAI0B)
Imported 'GUID: 60581e86aa47d834785ca132fc385273' -> (Import Result ID: 'c7c31a7611fd52920a7f6226f752cc9c') in 0.002 seconds [static and dynamic dependencies]. Details - ImportResultOutputID=c500f35f2d3203eb925637a8bb51ffc7 DependenciesID=5c7e903534d6508aa536d020a81dd156 StaticDependenciesID=59f65880ba45c32306fa298483c7d568 
Number of updated asset objects reloaded before import = 0
Number of asset objects unloaded after import = 1
========================================================================
Received Import Request.
  Time of request: 2026-10-01T08:15:23.1482895Z
  Time since last request: 0.0002712 seconds.
  importAddress: GUID: 644debc0b7d33d043af3caab53baa000 - Path: Packages/com.unity.render-pipelines.core/Runtime/GPUDriven/Components/DisallowGPUDrivenRendering.cs - Importer: ScriptedImporter/UnityEditor.QuickSearchModule:UnityEditor.Search:ASIAI0B
Importing 'GUID: 644debc0b7d33d043af3caab53baa000 - Path: Packages/com.unity.render-pipelines.core/Runtime/GPUDriven/Components/DisallowGPUDrivenRendering.cs - Importer: ScriptedImporter/UnityEditor.QuickSearchModule:UnityEditor.Search:ASIAI0B' with importer (ScriptedImporter : UnityEditor.QuickSearchModule:UnityEditor.Search:ASIAI0B)
Imported 'GUID: 644debc0b7d33d043af3caab53baa000' -> (Import Result ID: '5736d0718aaefc8c09d801bbe351f783') in 0.002 seconds [static and dynamic dependencies]. Details - ImportResultOutputID=714d2f9568d18a2bca9de0c37d158f0f DependenciesID=1ef5a233850f99c4d0a0941f31b90381 StaticDependenciesID=376c2887a8f8ed03c1f40d96fc123928 
Number of updated asset objects reloaded before import = 0
Number of asset objects unloaded after import = 0
========================================================================
Received Import Request.
  Time of request: 2026-10-01T08:15:23.1610412Z
  Time since last request: 0.0003674 seconds.
  importAddress: GUID: c681068da611a114aa6b31c7214140f7 - Path: Packages/com.unity.render-pipelines.core/Runtime/GPUDriven/Culling/OccluderDepthPyramidConstants.cs - Importer: ScriptedImporter/UnityEditor.QuickSearchModule:UnityEditor.Search:ASIAI0B
Importing 'GUID: c681068da611a114aa6b31c7214140f7 - Path: Packages/com.unity.render-pipelines.core/Runtime/GPUDriven/Culling/OccluderDepthPyramidConstants.cs - Importer: ScriptedImporter/UnityEditor.QuickSearchModule:UnityEditor.Search:ASIAI0B' with importer (ScriptedImporter : UnityEditor.QuickSearchModule:UnityEditor.Search:ASIAI0B)
Imported 'GUID: c681068da611a114aa6b31c7214140f7' -> (Import Result ID: 'e5dd87c77e4ee81589af14f77c49ecab') in 0.002 seconds [static and dynamic dependencies]. Details - ImportResultOutputID=5a62132be9ec9f51ef9149973b5c0e6c DependenciesID=35f1064924e59f1968846c69ce69c0d3 StaticDependenciesID=e295f5b9778ac502ba52f158171d0e8b 
Number of updated asset objects reloaded before import = 0
Number of asset objects unloaded after import = 0
========================================================================
Received Import Request.
  Time of request: 2026-10-01T08:15:23.1714805Z
  Time since last request: 0.0003244 seconds.
  importAddress: GUID: 363ade177d37a7249ad7d6a542cf5eea - Path: Packages/com.unity.render-pipelines.core/Runtime/GPUDriven/SceneProcessors/WorldProcessor.cs - Importer: ScriptedImporter/UnityEditor.QuickSearchModule:UnityEditor.Search:ASIAI0B
Importing 'GUID: 363ade177d37a7249ad7d6a542cf5eea - Path: Packages/com.unity.render-pipelines.core/Runtime/GPUDriven/SceneProcessors/WorldProcessor.cs - Importer: ScriptedImporter/UnityEditor.QuickSearchModule:UnityEditor.Search:ASIAI0B' with importer (ScriptedImporter : UnityEditor.QuickSearchModule:UnityEditor.Search:ASIAI0B)
Imported 'GUID: 363ade177d37a7249ad7d6a542cf5eea' -> (Import Result ID: 'c0ae8c0bdc1098360fb7e1fab0e8e040') in 0.002 seconds [static and dynamic dependencies]. Details - ImportResultOutputID=414e516d47a692739df229eeec1dbe54 DependenciesID=787ede8cd36230a9f5272b1b59333e2f StaticDependenciesID=708b1960e2107b2e3f67146b2ed0b69b 
Number of updated asset objects reloaded before import = 0
Number of asset objects unloaded after import = 0
========================================================================
Received Import Request.
  Time of request: 2026-10-01T08:15:23.18156Z
  Time since last request: 0.0002879 seconds.
  importAddress: GUID: 566b7e94308def1468a38e69c625ec0c - Path: Packages/com.unity.render-pipelines.core/Editor-PrivateShared/Tools/Converter/RenderPipelineConverterManager.cs - Importer: ScriptedImporter/UnityEditor.QuickSearchModule:UnityEditor.Search:ASIAI0B
Importing 'GUID: 566b7e94308def1468a38e69c625ec0c - Path: Packages/com.unity.render-pipelines.core/Editor-PrivateShared/Tools/Converter/RenderPipelineConverterManager.cs - Importer: ScriptedImporter/UnityEditor.QuickSearchModule:UnityEditor.Search:ASIAI0B' with importer (ScriptedImporter : UnityEditor.QuickSearchModule:UnityEditor.Search:ASIAI0B)
Imported 'GUID: 566b7e94308def1468a38e69c625ec0c' -> (Import Result ID: 'a8088a47e145996114b5d3920cd3e6dc') in 0.002 seconds [static and dynamic dependencies]. Details - ImportResultOutputID=5bb935cfadef55c5c2769b172208c90a DependenciesID=0bc02d08c48324be7d1508b63d3e764d StaticDependenciesID=75eae9dcd4cd6a841a1fa76da4d431fc 
Number of updated asset objects reloaded before import = 0
Number of asset objects unloaded after import = 0
========================================================================
Received Import Request.
  Time of request: 2026-10-01T08:15:23.2111881Z
  Time since last request: 0.0194318 seconds.
  importAddress: GUID: 6bd486065ce11414fa40e631affc4900 - Path: Packages/com.unity.render-pipelines.core/Runtime/Lighting/ProbeVolume/ProbeVolumesOptions.cs - Importer: ScriptedImporter/UnityEditor.QuickSearchModule:UnityEditor.Search:ASIAI0B
Importing 'GUID: 6bd486065ce11414fa40e631affc4900 - Path: Packages/com.unity.render-pipelines.core/Runtime/Lighting/ProbeVolume/ProbeVolumesOptions.cs - Importer: ScriptedImporter/UnityEditor.QuickSearchModule:UnityEditor.Search:ASIAI0B' with importer (ScriptedImporter : UnityEditor.QuickSearchModule:UnityEditor.Search:ASIAI0B)
Imported 'GUID: 6bd486065ce11414fa40e631affc4900' -> (Import Result ID: '913142bd5fc52045faf6489f20379481') in 0.002 seconds [static and dynamic dependencies]. Details - ImportResultOutputID=2e0258b5132da1e268bd88efa1a66cf4 DependenciesID=366b796219d1ea21f7a3ea4a25ba7c30 StaticDependenciesID=74c1bbfd084a480cd2790c2de1a2bba9 
Number of updated asset objects reloaded before import = 0
Number of asset objects unloaded after import = 0
========================================================================
Received Import Request.
  Time of request: 2026-10-01T08:15:23.2222672Z
  Time since last request: 0.0003824 seconds.
  importAddress: GUID: f6607226450929441ace28f2ff712695 - Path: Packages/com.unity.render-pipelines.core/Runtime/GPUDriven/Utilities/NativeHandleAllocator.cs - Importer: ScriptedImporter/UnityEditor.QuickSearchModule:UnityEditor.Search:ASIAI0B
Importing 'GUID: f6607226450929441ace28f2ff712695 - Path: Packages/com.unity.render-pipelines.core/Runtime/GPUDriven/Utilities/NativeHandleAllocator.cs - Importer: ScriptedImporter/UnityEditor.QuickSearchModule:UnityEditor.Search:ASIAI0B' with importer (ScriptedImporter : UnityEditor.QuickSearchModule:UnityEditor.Search:ASIAI0B)
Imported 'GUID: f6607226450929441ace28f2ff712695' -> (Import Result ID: '9cbb070b1a8fd691f8fbeda800bb2a8d') in 0.002 seconds [static and dynamic dependencies]. Details - ImportResultOutputID=cccc345bb35bc87e1ed02197fc8ff8f8 DependenciesID=9eb88b308bd159d047bc7e57bbcbbc21 StaticDependenciesID=68e0feae72fea0945ab69b56d42cd4f6 
Number of updated asset objects reloaded before import = 0
Number of asset objects unloaded after import = 0
========================================================================
Received Import Request.
  Time of request: 2026-10-01T08:15:23.2369413Z
  Time since last request: 0.0002892 seconds.
  importAddress: GUID: c4a7a8f9379dbb4489b78bae7d001713 - Path: Packages/com.unity.render-pipelines.core/Runtime/Lighting/ProbeVolume/ProbeReferenceVolume.Binding.cs - Importer: ScriptedImporter/UnityEditor.QuickSearchModule:UnityEditor.Search:ASIAI0B
Importing 'GUID: c4a7a8f9379dbb4489b78bae7d001713 - Path: Packages/com.unity.render-pipelines.core/Runtime/Lighting/ProbeVolume/ProbeReferenceVolume.Binding.cs - Importer: ScriptedImporter/UnityEditor.QuickSearchModule:UnityEditor.Search:ASIAI0B' with importer (ScriptedImporter : UnityEditor.QuickSearchModule:UnityEditor.Search:ASIAI0B)
Imported 'GUID: c4a7a8f9379dbb4489b78bae7d001713' -> (Import Result ID: 'fde8518564f62ef725455889049cee3a') in 0.003 seconds [static and dynamic dependencies]. Details - ImportResultOutputID=238f4d7f24afe1dad7fdd69e036e6227 DependenciesID=444f4ef47af7668c097f671fb8cb08aa StaticDependenciesID=362abc02b5d8fcadb1733a8bb2aae5f0 
Number of updated asset objects reloaded before import = 0
Number of asset objects unloaded after import = 0
========================================================================
Received Import Request.
  Time of request: 2026-10-01T08:15:23.2491223Z
  Time since last request: 0.0002658 seconds.
  importAddress: GUID: a3f7b8c99de28a94684cb1daebeccf5d - Path: Packages/com.unity.render-pipelines.core/Runtime/Lighting/ProbeVolume/ProbeVolumeBlendStates.compute - Importer: ScriptedImporter/UnityEditor.QuickSearchModule:UnityEditor.Search:ASIAI0B
Importing 'GUID: a3f7b8c99de28a94684cb1daebeccf5d - Path: Packages/com.unity.render-pipelines.core/Runtime/Lighting/ProbeVolume/ProbeVolumeBlendStates.compute - Importer: ScriptedImporter/UnityEditor.QuickSearchModule:UnityEditor.Search:ASIAI0B' with importer (ScriptedImporter : UnityEditor.QuickSearchModule:UnityEditor.Search:ASIAI0B)
Imported 'GUID: a3f7b8c99de28a94684cb1daebeccf5d' -> (Import Result ID: 'dc67a9aea5b649a9fde281d60a587a78') in 0.003 seconds [static and dynamic dependencies]. Details - ImportResultOutputID=99766c4564a18f498a8b7d70b56e335f DependenciesID=777bdc9f2acca624087b7213ed1aa1dd StaticDependenciesID=fc06774924d73ce10cde04e4098f860a 
Number of updated asset objects reloaded before import = 0
Number of asset objects unloaded after import = 1
========================================================================
Received Import Request.
  Time of request: 2026-10-01T08:15:23.262393Z
  Time since last request: 0.0004255 seconds.
  importAddress: GUID: fb1453f13b855f444a8034b2db10ca61 - Path: Packages/com.unity.render-pipelines.core/Runtime/Lighting/ProbeVolume/ProbeVolumeUploadDataCommon.hlsl - Importer: ScriptedImporter/UnityEditor.QuickSearchModule:UnityEditor.Search:ASIAI0B
Importing 'GUID: fb1453f13b855f444a8034b2db10ca61 - Path: Packages/com.unity.render-pipelines.core/Runtime/Lighting/ProbeVolume/ProbeVolumeUploadDataCommon.hlsl - Importer: ScriptedImporter/UnityEditor.QuickSearchModule:UnityEditor.Search:ASIAI0B' with importer (ScriptedImporter : UnityEditor.QuickSearchModule:UnityEditor.Search:ASIAI0B)
Imported 'GUID: fb1453f13b855f444a8034b2db10ca61' -> (Import Result ID: '794e1463ea2e70e8cf287a63e6141ade') in 0.002 seconds [static and dynamic dependencies]. Details - ImportResultOutputID=6de5fcd8992433333537303557b220e9 DependenciesID=527da2113b5b5c67668563b900a7741e StaticDependenciesID=4055eea63190d85ec2272290d15864f6 
Number of updated asset objects reloaded before import = 0
Number of asset objects unloaded after import = 1
========================================================================
Received Import Request.
  Time of request: 2026-10-01T08:15:23.2734764Z
  Time since last request: 0.0006673 seconds.
  importAddress: GUID: 69fb8499dac69054b912c0d501c0c3ec - Path: Packages/com.unity.render-pipelines.core/Runtime/Lighting/ProbeVolume/IProbeVolumeEnabledRenderPipeline.cs - Importer: ScriptedImporter/UnityEditor.QuickSearchModule:UnityEditor.Search:ASIAI0B
Importing 'GUID: 69fb8499dac69054b912c0d501c0c3ec - Path: Packages/com.unity.render-pipelines.core/Runtime/Lighting/ProbeVolume/IProbeVolumeEnabledRenderPipeline.cs - Importer: ScriptedImporter/UnityEditor.QuickSearchModule:UnityEditor.Search:ASIAI0B' with importer (ScriptedImporter : UnityEditor.QuickSearchModule:UnityEditor.Search:ASIAI0B)
Imported 'GUID: 69fb8499dac69054b912c0d501c0c3ec' -> (Import Result ID: 'f05346f92e300a786782330e8807d090') in 0.002 seconds [static and dynamic dependencies]. Details - ImportResultOutputID=aa28b073c4683e4210e21e1458a05977 DependenciesID=176fd8504c3cd04e689c49ff9c6408f9 StaticDependenciesID=abf583afc1db1cc2034b347a5adc2900 
Number of updated asset objects reloaded before import = 0
Number of asset objects unloaded after import = 0
========================================================================
Received Import Request.
  Time of request: 2026-10-01T08:15:23.2870118Z
  Time since last request: 0.0004275 seconds.
  importAddress: GUID: ce2eb19ed182ce44292cdf33f8191ec8 - Path: Packages/com.unity.render-pipelines.core/Runtime/GPUDriven/Utilities/MemoryUtilities.cs - Importer: ScriptedImporter/UnityEditor.QuickSearchModule:UnityEditor.Search:ASIAI0B
Importing 'GUID: ce2eb19ed182ce44292cdf33f8191ec8 - Path: Packages/com.unity.render-pipelines.core/Runtime/GPUDriven/Utilities/MemoryUtilities.cs - Importer: ScriptedImporter/UnityEditor.QuickSearchModule:UnityEditor.Search:ASIAI0B' with importer (ScriptedImporter : UnityEditor.QuickSearchModule:UnityEditor.Search:ASIAI0B)
Imported 'GUID: ce2eb19ed182ce44292cdf33f8191ec8' -> (Import Result ID: '6219d67863bc91b9e69b7575b349cc8d') in 0.002 seconds [static and dynamic dependencies]. Details - ImportResultOutputID=a677588379906ce0fa8534149b4d780f DependenciesID=5121a7e972b6de4dfa00f6864195b535 StaticDependenciesID=dc556220e8bdafa6c130aea1ccfcb4be 
Number of updated asset objects reloaded before import = 0
Number of asset objects unloaded after import = 0
========================================================================
Received Import Request.
  Time of request: 2026-10-01T08:15:23.2988898Z
  Time since last request: 0.0002513 seconds.
  importAddress: GUID: c74704f1b85e9e94fbc165484fbf7985 - Path: Packages/com.unity.render-pipelines.core/Runtime/Lighting/ProbeVolume/ProbeVolumeBakingSet.Editor.cs - Importer: ScriptedImporter/UnityEditor.QuickSearchModule:UnityEditor.Search:ASIAI0B
Importing 'GUID: c74704f1b85e9e94fbc165484fbf7985 - Path: Packages/com.unity.render-pipelines.core/Runtime/Lighting/ProbeVolume/ProbeVolumeBakingSet.Editor.cs - Importer: ScriptedImporter/UnityEditor.QuickSearchModule:UnityEditor.Search:ASIAI0B' with importer (ScriptedImporter : UnityEditor.QuickSearchModule:UnityEditor.Search:ASIAI0B)
Imported 'GUID: c74704f1b85e9e94fbc165484fbf7985' -> (Import Result ID: '9fe2b106d615dc93ba0d842418ece4c7') in 0.002 seconds [static and dynamic dependencies]. Details - ImportResultOutputID=e3511214c1c27899fd7fe05a92ac9b35 DependenciesID=1a4b2c9fa9a0481b5e464f1c911cce04 StaticDependenciesID=0d377d63d86a14da63e942d372129009 
Number of updated asset objects reloaded before import = 0
Number of asset objects unloaded after import = 0
========================================================================
Received Import Request.
  Time of request: 2026-10-01T08:15:23.3208947Z
  Time since last request: 0.0100479 seconds.
  importAddress: GUID: 2c32233d92a2d0745930664c087c5c9a - Path: Packages/com.unity.render-pipelines.core/Runtime/PathTracing/Shaders/ProbeIntegrationValidity.urtshader - Importer: ScriptedImporter/UnityEditor.QuickSearchModule:UnityEditor.Search:ASIAI0B
Importing 'GUID: 2c32233d92a2d0745930664c087c5c9a - Path: Packages/com.unity.render-pipelines.core/Runtime/PathTracing/Shaders/ProbeIntegrationValidity.urtshader - Importer: ScriptedImporter/UnityEditor.QuickSearchModule:UnityEditor.Search:ASIAI0B' with importer (ScriptedImporter : UnityEditor.QuickSearchModule:UnityEditor.Search:ASIAI0B)
Imported 'GUID: 2c32233d92a2d0745930664c087c5c9a' -> (Import Result ID: '12fcdd0e73f7f68a665f4f13ea930c42') in 0.009 seconds [static and dynamic dependencies]. Details - ImportResultOutputID=f12908c0b8e7d864a5fea9450c4768d6 DependenciesID=bb22e278eef121d1dcb5f39da358b930 StaticDependenciesID=67e73c6ebb44923ea134663fa0feeeba 
Number of updated asset objects reloaded before import = 0
Number of asset objects unloaded after import = 2
========================================================================
Received Import Request.
  Time of request: 2026-10-01T08:15:23.3409077Z
  Time since last request: 0.0004675 seconds.
  importAddress: GUID: 200e63f12ebe79f4aa306481ce8ce4a4 - Path: Packages/com.unity.render-pipelines.core/Runtime/PathTracing/Shaders/ExpansionHelpers.compute - Importer: ScriptedImporter/UnityEditor.QuickSearchModule:UnityEditor.Search:ASIAI0B
Importing 'GUID: 200e63f12ebe79f4aa306481ce8ce4a4 - Path: Packages/com.unity.render-pipelines.core/Runtime/PathTracing/Shaders/ExpansionHelpers.compute - Importer: ScriptedImporter/UnityEditor.QuickSearchModule:UnityEditor.Search:ASIAI0B' with importer (ScriptedImporter : UnityEditor.QuickSearchModule:UnityEditor.Search:ASIAI0B)
Imported 'GUID: 200e63f12ebe79f4aa306481ce8ce4a4' -> (Import Result ID: '8c4ac256bdd17bf299b6b413ec473d02') in 0.003 seconds [static and dynamic dependencies]. Details - ImportResultOutputID=5c12e7e2be5ef8446a56bd3a29d18aa2 DependenciesID=64f953eeb8763d48abaaecdfe633fde6 StaticDependenciesID=43037e6ff356a7276acb3bb4800f64dc 
Number of updated asset objects reloaded before import = 0
Number of asset objects unloaded after import = 1
========================================================================
Received Import Request.
  Time of request: 2026-10-01T08:15:23.3534712Z
  Time since last request: 0.0005653 seconds.
  importAddress: GUID: 47bbc3edf61978b498603cc2a1b87eea - Path: Packages/com.unity.render-pipelines.core/Runtime/Lighting/SurfaceCache/Scrolling.compute - Importer: ScriptedImporter/UnityEditor.QuickSearchModule:UnityEditor.Search:ASIAI0B
Importing 'GUID: 47bbc3edf61978b498603cc2a1b87eea - Path: Packages/com.unity.render-pipelines.core/Runtime/Lighting/SurfaceCache/Scrolling.compute - Importer: ScriptedImporter/UnityEditor.QuickSearchModule:UnityEditor.Search:ASIAI0B' with importer (ScriptedImporter : UnityEditor.QuickSearchModule:UnityEditor.Search:ASIAI0B)
Imported 'GUID: 47bbc3edf61978b498603cc2a1b87eea' -> (Import Result ID: '19f701a79954f262645cea84a24ad995') in 0.002 seconds [static and dynamic dependencies]. Details - ImportResultOutputID=db87317d344733a54a51752fd38687e4 DependenciesID=842ad2b228e0b6cf176501e4090eed37 StaticDependenciesID=3dbed3a8c1c8ceb1cb52383a604c744b 
Number of updated asset objects reloaded before import = 0
Number of asset objects unloaded after import = 1
========================================================================
Received Import Request.
  Time of request: 2026-10-01T08:15:23.3660931Z
  Time since last request: 0.0003245 seconds.
  importAddress: GUID: ee19d1386b0b8ef47b4ab104ec460f81 - Path: Packages/com.unity.render-pipelines.core/Runtime/PathTracing/Shaders/PathTracing.hlsl - Importer: ScriptedImporter/UnityEditor.QuickSearchModule:UnityEditor.Search:ASIAI0B
Importing 'GUID: ee19d1386b0b8ef47b4ab104ec460f81 - Path: Packages/com.unity.render-pipelines.core/Runtime/PathTracing/Shaders/PathTracing.hlsl - Importer: ScriptedImporter/UnityEditor.QuickSearchModule:UnityEditor.Search:ASIAI0B' with importer (ScriptedImporter : UnityEditor.QuickSearchModule:UnityEditor.Search:ASIAI0B)
Imported 'GUID: ee19d1386b0b8ef47b4ab104ec460f81' -> (Import Result ID: '5ad5af7fdccae1fc039d0311fcab0f9d') in 0.003 seconds [static and dynamic dependencies]. Details - ImportResultOutputID=2e0cb2be78e48179c51038ec5ab1df12 DependenciesID=4b602a1c90b8c378c83697cb5a453684 StaticDependenciesID=ade6eab0cf9d28d579390bf5d7d2528c 
Number of updated asset objects reloaded before import = 0
Number of asset objects unloaded after import = 1
========================================================================
Received Import Request.
  Time of request: 2026-10-01T08:15:23.3799063Z
  Time since last request: 0.0005779 seconds.
  importAddress: GUID: fe7f1a959d1d3f544a208b7e8805e6cd - Path: Packages/com.unity.render-pipelines.core/Runtime/PathTracing/Shaders/ProbeIntegrationDirectDirectionalAndEnvironment.urtshader - Importer: ScriptedImporter/UnityEditor.QuickSearchModule:UnityEditor.Search:ASIAI0B
Importing 'GUID: fe7f1a959d1d3f544a208b7e8805e6cd - Path: Packages/com.unity.render-pipelines.core/Runtime/PathTracing/Shaders/ProbeIntegrationDirectDirectionalAndEnvironment.urtshader - Importer: ScriptedImporter/UnityEditor.QuickSearchModule:UnityEditor.Search:ASIAI0B' with importer (ScriptedImporter : UnityEditor.QuickSearchModule:UnityEditor.Search:ASIAI0B)
Imported 'GUID: fe7f1a959d1d3f544a208b7e8805e6cd' -> (Import Result ID: 'f8dbc06d1b519d71ec6e63f620c8b0cd') in 0.004 seconds [static and dynamic dependencies]. Details - ImportResultOutputID=d620e52b44d9a5cab1928bb67bd83954 DependenciesID=6da9eb2bedd896a87ac443c51e1660ad StaticDependenciesID=80296683c15f70720332e72fe8f010f3 
Number of updated asset objects reloaded before import = 0
Number of asset objects unloaded after import = 2
========================================================================
Received Import Request.
  Time of request: 2026-10-01T08:15:23.3938464Z
  Time since last request: 0.0002662 seconds.
  importAddress: GUID: 974851aba193482e9b796e8883db5c98 - Path: Packages/com.unity.render-pipelines.core/Runtime/PathTracing/MaterialPool/MaterialPool.hlsl - Importer: ScriptedImporter/UnityEditor.QuickSearchModule:UnityEditor.Search:ASIAI0B
Importing 'GUID: 974851aba193482e9b796e8883db5c98 - Path: Packages/com.unity.render-pipelines.core/Runtime/PathTracing/MaterialPool/MaterialPool.hlsl - Importer: ScriptedImporter/UnityEditor.QuickSearchModule:UnityEditor.Search:ASIAI0B' with importer (ScriptedImporter : UnityEditor.QuickSearchModule:UnityEditor.Search:ASIAI0B)
Imported 'GUID: 974851aba193482e9b796e8883db5c98' -> (Import Result ID: 'ae872cb2f16fd097592dd957b745d4a4') in 0.002 seconds [static and dynamic dependencies]. Details - ImportResultOutputID=a715514852302574055cdfe174d83a34 DependenciesID=c6696f0529c483d6fb691d94ad764006 StaticDependenciesID=c106784051df7488f89c1a5ce2d9bf76 
Number of updated asset objects reloaded before import = 0
Number of asset objects unloaded after import = 1
========================================================================
Received Import Request.
  Time of request: 2026-10-01T08:15:23.4069693Z
  Time since last request: 0.0002898 seconds.
  importAddress: GUID: 5a992812cb320d146a66cc600200cce7 - Path: Packages/com.unity.render-pipelines.core/Runtime/PathTracing/Shaders/BlitCubemap.compute - Importer: ScriptedImporter/UnityEditor.QuickSearchModule:UnityEditor.Search:ASIAI0B
Importing 'GUID: 5a992812cb320d146a66cc600200cce7 - Path: Packages/com.unity.render-pipelines.core/Runtime/PathTracing/Shaders/BlitCubemap.compute - Importer: ScriptedImporter/UnityEditor.QuickSearchModule:UnityEditor.Search:ASIAI0B' with importer (ScriptedImporter : UnityEditor.QuickSearchModule:UnityEditor.Search:ASIAI0B)
Imported 'GUID: 5a992812cb320d146a66cc600200cce7' -> (Import Result ID: '4931351f982f84e3daa0fc1d78caedab') in 0.003 seconds [static and dynamic dependencies]. Details - ImportResultOutputID=c8917752c3a45c97b3aad0d431199f70 DependenciesID=93ea4783bc7ac211e934c1215c209f59 StaticDependenciesID=65e2e43d106531e95a036072b4f782ed 
Number of updated asset objects reloaded before import = 0
Number of asset objects unloaded after import = 1
========================================================================
Received Import Request.
  Time of request: 2026-10-01T08:15:23.4193564Z
  Time since last request: 0.0005198 seconds.
  importAddress: GUID: e287e19aac082a84e9ede659dfde55ee - Path: Packages/com.unity.render-pipelines.core/Runtime/PathTracing/Shaders/ExpansionHelpers.hlsl - Importer: ScriptedImporter/UnityEditor.QuickSearchModule:UnityEditor.Search:ASIAI0B
Importing 'GUID: e287e19aac082a84e9ede659dfde55ee - Path: Packages/com.unity.render-pipelines.core/Runtime/PathTracing/Shaders/ExpansionHelpers.hlsl - Importer: ScriptedImporter/UnityEditor.QuickSearchModule:UnityEditor.Search:ASIAI0B' with importer (ScriptedImporter : UnityEditor.QuickSearchModule:UnityEditor.Search:ASIAI0B)
Imported 'GUID: e287e19aac082a84e9ede659dfde55ee' -> (Import Result ID: '643fc6e12f58e9ab2ac9fe2eea4c8a3f') in 0.002 seconds [static and dynamic dependencies]. Details - ImportResultOutputID=a5fba31da7fc52a80e2c87ea21e6a816 DependenciesID=79f8894681cb7ff796e3542d065129ed StaticDependenciesID=611efe579990b799745023ad5816326c 
Number of updated asset objects reloaded before import = 0
Number of asset objects unloaded after import = 1
========================================================================
Received Import Request.
  Time of request: 2026-10-01T08:15:23.4498624Z
  Time since last request: 0.0182593 seconds.
  importAddress: GUID: 1dbf28c1bb322474d981b2dc555e28b0 - Path: Packages/com.unity.render-pipelines.core/Runtime/RenderPipelineResources/Mesh/SamplesFloorSpotlight.fbx - Importer: ScriptedImporter/UnityEditor.QuickSearchModule:UnityEditor.Search:ASIAI0B
Importing 'GUID: 1dbf28c1bb322474d981b2dc555e28b0 - Path: Packages/com.unity.render-pipelines.core/Runtime/RenderPipelineResources/Mesh/SamplesFloorSpotlight.fbx - Importer: ScriptedImporter/UnityEditor.QuickSearchModule:UnityEditor.Search:ASIAI0B' with importer (ScriptedImporter : UnityEditor.QuickSearchModule:UnityEditor.Search:ASIAI0B)
Imported 'GUID: 1dbf28c1bb322474d981b2dc555e28b0' -> (Import Result ID: '10015f1fd899e68d8d27f735719cd357') in 0.058 seconds [static and dynamic dependencies]. Details - ImportResultOutputID=56c3969763a9f8ab55cd82c9a172db76 DependenciesID=010fc6928d900f97c101bd5ccc27a744 StaticDependenciesID=00a2e9236f85388c82c7fbf11272913b 
Number of updated asset objects reloaded before import = 0
Number of asset objects unloaded after import = 14
========================================================================
Received Import Request.
  Time of request: 2026-10-01T08:15:23.5161298Z
  Time since last request: 0.0002069 seconds.
  importAddress: GUID: f8fb1e6125f9d0b43a63ce4f782b4219 - Path: Packages/com.unity.render-pipelines.core/Runtime/RenderGraph/Debug/RenderGraphDebugParams.cs - Importer: ScriptedImporter/UnityEditor.QuickSearchModule:UnityEditor.Search:ASIAI0B
Importing 'GUID: f8fb1e6125f9d0b43a63ce4f782b4219 - Path: Packages/com.unity.render-pipelines.core/Runtime/RenderGraph/Debug/RenderGraphDebugParams.cs - Importer: ScriptedImporter/UnityEditor.QuickSearchModule:UnityEditor.Search:ASIAI0B' with importer (ScriptedImporter : UnityEditor.QuickSearchModule:UnityEditor.Search:ASIAI0B)
Imported 'GUID: f8fb1e6125f9d0b43a63ce4f782b4219' -> (Import Result ID: 'ddb01fa49e7a3b1818f7beeb04c52951') in 0.002 seconds [static and dynamic dependencies]. Details - ImportResultOutputID=677e67098eeee85ec5e2fca4958e2227 DependenciesID=911e20bb4c4fb9444de5015c9d9c285a StaticDependenciesID=4abeeb14eb1081bbeb6a44b8ac6149de 
Number of updated asset objects reloaded before import = 0
Number of asset objects unloaded after import = 0
========================================================================
Received Import Request.
  Time of request: 2026-10-01T08:15:23.5260473Z
  Time since last request: 0.0003615 seconds.
  importAddress: GUID: 53864816eb00f2343b60e1a2c5a262ef - Path: Packages/com.unity.render-pipelines.core/Runtime/RenderPipelineResources/GPUDriven/InstanceDataBufferUploadKernels.compute - Importer: ScriptedImporter/UnityEditor.QuickSearchModule:UnityEditor.Search:ASIAI0B
Importing 'GUID: 53864816eb00f2343b60e1a2c5a262ef - Path: Packages/com.unity.render-pipelines.core/Runtime/RenderPipelineResources/GPUDriven/InstanceDataBufferUploadKernels.compute - Importer: ScriptedImporter/UnityEditor.QuickSearchModule:UnityEditor.Search:ASIAI0B' with importer (ScriptedImporter : UnityEditor.QuickSearchModule:UnityEditor.Search:ASIAI0B)
Imported 'GUID: 53864816eb00f2343b60e1a2c5a262ef' -> (Import Result ID: '20872f31cff3d1a790c7a998a0f2c9b7') in 0.002 seconds [static and dynamic dependencies]. Details - ImportResultOutputID=aa49cf9f6929d94e42a2742e67fb166c DependenciesID=ed653d380da6f593dc8c0ec931fb9c3c StaticDependenciesID=352dede8ac4092cd55090b24ce48f8e9 
Number of updated asset objects reloaded before import = 0
Number of asset objects unloaded after import = 1
========================================================================
Received Import Request.
  Time of request: 2026-10-01T08:15:23.5361841Z
  Time since last request: 0.0002386 seconds.
  importAddress: GUID: f9b589fa00bef23408b114d1af9b44be - Path: Packages/com.unity.render-pipelines.core/Runtime/UnifiedRayTracing/Common/AccelStructInstances.cs - Importer: ScriptedImporter/UnityEditor.QuickSearchModule:UnityEditor.Search:ASIAI0B
Importing 'GUID: f9b589fa00bef23408b114d1af9b44be - Path: Packages/com.unity.render-pipelines.core/Runtime/UnifiedRayTracing/Common/AccelStructInstances.cs - Importer: ScriptedImporter/UnityEditor.QuickSearchModule:UnityEditor.Search:ASIAI0B' with importer (ScriptedImporter : UnityEditor.QuickSearchModule:UnityEditor.Search:ASIAI0B)
Imported 'GUID: f9b589fa00bef23408b114d1af9b44be' -> (Import Result ID: 'dcdb4cfe4b5571121c1578a6eb656b5b') in 0.002 seconds [static and dynamic dependencies]. Details - ImportResultOutputID=e4c5e347fc155c006ed3fc0c55701f53 DependenciesID=26bdf0aae7c1c19c9c8e66c10c99fe2c StaticDependenciesID=d92aea7290c63dc244c1b86e12c9eed9 
Number of updated asset objects reloaded before import = 0
Number of asset objects unloaded after import = 0
========================================================================
Received Import Request.
  Time of request: 2026-10-01T08:15:23.547786Z
  Time since last request: 0.0003701 seconds.
  importAddress: GUID: cacb30de6c40c7444bbc78cb0a81fd2a - Path: Packages/com.unity.render-pipelines.core/Runtime/Vrs/Shaders/VrsTexture.compute - Importer: ScriptedImporter/UnityEditor.QuickSearchModule:UnityEditor.Search:ASIAI0B
Importing 'GUID: cacb30de6c40c7444bbc78cb0a81fd2a - Path: Packages/com.unity.render-pipelines.core/Runtime/Vrs/Shaders/VrsTexture.compute - Importer: ScriptedImporter/UnityEditor.QuickSearchModule:UnityEditor.Search:ASIAI0B' with importer (ScriptedImporter : UnityEditor.QuickSearchModule:UnityEditor.Search:ASIAI0B)
Imported 'GUID: cacb30de6c40c7444bbc78cb0a81fd2a' -> (Import Result ID: '3c0693a0877b58cdf14b5941b4e3f35a') in 0.003 seconds [static and dynamic dependencies]. Details - ImportResultOutputID=3a8b42a446642a87d122d2f239e0a53a DependenciesID=1af9cd140f5f6afd00261625d055ae5b StaticDependenciesID=c01b421f9da8029528e72ee1a4c7c750 
Number of updated asset objects reloaded before import = 0
Number of asset objects unloaded after import = 1
========================================================================
Received Import Request.
  Time of request: 2026-10-01T08:15:23.5909177Z
  Time since last request: 0.0313141 seconds.
  importAddress: GUID: f3d738621938ff843b2658c254abb241 - Path: Packages/com.unity.render-pipelines.core/Tests/Editor/GPUDriven/GPUDrivenRenderingUtils.cs - Importer: ScriptedImporter/UnityEditor.QuickSearchModule:UnityEditor.Search:ASIAI0B
Importing 'GUID: f3d738621938ff843b2658c254abb241 - Path: Packages/com.unity.render-pipelines.core/Tests/Editor/GPUDriven/GPUDrivenRenderingUtils.cs - Importer: ScriptedImporter/UnityEditor.QuickSearchModule:UnityEditor.Search:ASIAI0B' with importer (ScriptedImporter : UnityEditor.QuickSearchModule:UnityEditor.Search:ASIAI0B)
Imported 'GUID: f3d738621938ff843b2658c254abb241' -> (Import Result ID: '434445349843b3b84f42485a1521f520') in 0.002 seconds [static and dynamic dependencies]. Details - ImportResultOutputID=5dae9d6e648b8e5e05e05ba2b0dcc25f DependenciesID=5831fb4fa871ac8079048c019cd1fdf7 StaticDependenciesID=e074c706fff71429f2358fca8a37d11b 
Number of updated asset objects reloaded before import = 0
Number of asset objects unloaded after import = 0
========================================================================
Received Import Request.
  Time of request: 2026-10-01T08:15:23.6033724Z
  Time since last request: 0.0003696 seconds.
  importAddress: GUID: 397e4e1ab7fcb41b9842c2e464a0d58a - Path: Packages/com.unity.render-pipelines.core/Tests/Runtime/PathTracing/UniformCubemap.shader - Importer: ScriptedImporter/UnityEditor.QuickSearchModule:UnityEditor.Search:ASIAI0B
Importing 'GUID: 397e4e1ab7fcb41b9842c2e464a0d58a - Path: Packages/com.unity.render-pipelines.core/Tests/Runtime/PathTracing/UniformCubemap.shader - Importer: ScriptedImporter/UnityEditor.QuickSearchModule:UnityEditor.Search:ASIAI0B' with importer (ScriptedImporter : UnityEditor.QuickSearchModule:UnityEditor.Search:ASIAI0B)
Imported 'GUID: 397e4e1ab7fcb41b9842c2e464a0d58a' -> (Import Result ID: '9790143b51094a3ce70380a2fd1463ed') in 0.003 seconds [static and dynamic dependencies]. Details - ImportResultOutputID=0060e20d344e8fc4afa58ee73cb978d2 DependenciesID=cabddcd0b143fa0cb9516cc96a518962 StaticDependenciesID=2a3c5ebefa704473b81f039b1195776e 
Number of updated asset objects reloaded before import = 0
Number of asset objects unloaded after import = 1
========================================================================
Received Import Request.
  Time of request: 2026-10-01T08:15:23.6173626Z
  Time since last request: 0.000424 seconds.
  importAddress: GUID: 54809bef65bacbe47bbab9c13c271511 - Path: Packages/com.unity.render-pipelines.core/Tests/Runtime/Debugging/DebugPanelDisplaySettings.cs - Importer: ScriptedImporter/UnityEditor.QuickSearchModule:UnityEditor.Search:ASIAI0B
Importing 'GUID: 54809bef65bacbe47bbab9c13c271511 - Path: Packages/com.unity.render-pipelines.core/Tests/Runtime/Debugging/DebugPanelDisplaySettings.cs - Importer: ScriptedImporter/UnityEditor.QuickSearchModule:UnityEditor.Search:ASIAI0B' with importer (ScriptedImporter : UnityEditor.QuickSearchModule:UnityEditor.Search:ASIAI0B)
Imported 'GUID: 54809bef65bacbe47bbab9c13c271511' -> (Import Result ID: 'f54ecf2ba1da18b2550a214019946638') in 0.002 seconds [static and dynamic dependencies]. Details - ImportResultOutputID=9e998fed494ebe7fbc44e256ae963872 DependenciesID=fae5b3254305734a8f6981e4df4a5508 StaticDependenciesID=cc3ebae1e5ccfc4d0b511e08fac6a3ca 
Number of updated asset objects reloaded before import = 0
Number of asset objects unloaded after import = 0
========================================================================
Received Import Request.
  Time of request: 2026-10-01T08:15:23.6294439Z
  Time since last request: 0.0002702 seconds.
  importAddress: GUID: cea18228eceb46f8baefec13bb6aad59 - Path: Packages/com.unity.render-pipelines.core/Tests/Editor/PathTracing/WorldTests.cs - Importer: ScriptedImporter/UnityEditor.QuickSearchModule:UnityEditor.Search:ASIAI0B
Importing 'GUID: cea18228eceb46f8baefec13bb6aad59 - Path: Packages/com.unity.render-pipelines.core/Tests/Editor/PathTracing/WorldTests.cs - Importer: ScriptedImporter/UnityEditor.QuickSearchModule:UnityEditor.Search:ASIAI0B' with importer (ScriptedImporter : UnityEditor.QuickSearchModule:UnityEditor.Search:ASIAI0B)
Imported 'GUID: cea18228eceb46f8baefec13bb6aad59' -> (Import Result ID: 'a2d25bcab122a19b449e22bafc4513f4') in 0.002 seconds [static and dynamic dependencies]. Details - ImportResultOutputID=4e3238d98ac502e5e07512ad07050149 DependenciesID=3b696d749343574fca164e2de9ac5f5f StaticDependenciesID=5805d0eec1419b40f5c47ac0b5aea425 
Number of updated asset objects reloaded before import = 0
Number of asset objects unloaded after import = 0
========================================================================
Received Import Request.
  Time of request: 2026-10-01T08:15:23.6394802Z
  Time since last request: 0.0002573 seconds.
  importAddress: GUID: eb4f16cc2f3149d9b6039f08ec44aefd - Path: Packages/com.unity.render-pipelines.core/Tests/Editor/XR/XRLayoutStackTests.cs - Importer: ScriptedImporter/UnityEditor.QuickSearchModule:UnityEditor.Search:ASIAI0B
Importing 'GUID: eb4f16cc2f3149d9b6039f08ec44aefd - Path: Packages/com.unity.render-pipelines.core/Tests/Editor/XR/XRLayoutStackTests.cs - Importer: ScriptedImporter/UnityEditor.QuickSearchModule:UnityEditor.Search:ASIAI0B' with importer (ScriptedImporter : UnityEditor.QuickSearchModule:UnityEditor.Search:ASIAI0B)
Imported 'GUID: eb4f16cc2f3149d9b6039f08ec44aefd' -> (Import Result ID: '017a60dc1d645362ffd40ddb6c39b86d') in 0.002 seconds [static and dynamic dependencies]. Details - ImportResultOutputID=bfc31dd06c4ad32f7640dc2feac806e5 DependenciesID=809c261d3c7736630a62661650bc7984 StaticDependenciesID=ac7d4c75c47336c2b8de90e554578839 
Number of updated asset objects reloaded before import = 0
Number of asset objects unloaded after import = 0
========================================================================
Received Import Request.
  Time of request: 2026-10-01T08:15:23.6506779Z
  Time since last request: 0.0002961 seconds.
  importAddress: GUID: a4164d71cf0c4e9fa2499d85c81cf4ff - Path: Packages/com.unity.render-pipelines.core/Tests/Editor/Volumes/RenderPipelineTests.cs - Importer: ScriptedImporter/UnityEditor.QuickSearchModule:UnityEditor.Search:ASIAI0B
Importing 'GUID: a4164d71cf0c4e9fa2499d85c81cf4ff - Path: Packages/com.unity.render-pipelines.core/Tests/Editor/Volumes/RenderPipelineTests.cs - Importer: ScriptedImporter/UnityEditor.QuickSearchModule:UnityEditor.Search:ASIAI0B' with importer (ScriptedImporter : UnityEditor.QuickSearchModule:UnityEditor.Search:ASIAI0B)
Imported 'GUID: a4164d71cf0c4e9fa2499d85c81cf4ff' -> (Import Result ID: '1d4ed9720c00643c75201b0b9c25b479') in 0.002 seconds [static and dynamic dependencies]. Details - ImportResultOutputID=eddf2ee194250c97afb7fb7c24e997ba DependenciesID=e4d7a2b7c4335cef350a7ad8665dd0f1 StaticDependenciesID=869a5c388f54befc77a391fc04d39e67 
Number of updated asset objects reloaded before import = 0
Number of asset objects unloaded after import = 0
========================================================================
Received Import Request.
  Time of request: 2026-10-01T08:15:23.6608194Z
  Time since last request: 0.0005635 seconds.
  importAddress: GUID: d3574df1470b4781a29ebafd0a530057 - Path: Packages/com.unity.render-pipelines.core/Tests/Editor/Debugging/DebugUITests.cs - Importer: ScriptedImporter/UnityEditor.QuickSearchModule:UnityEditor.Search:ASIAI0B
Importing 'GUID: d3574df1470b4781a29ebafd0a530057 - Path: Packages/com.unity.render-pipelines.core/Tests/Editor/Debugging/DebugUITests.cs - Importer: ScriptedImporter/UnityEditor.QuickSearchModule:UnityEditor.Search:ASIAI0B' with importer (ScriptedImporter : UnityEditor.QuickSearchModule:UnityEditor.Search:ASIAI0B)
Imported 'GUID: d3574df1470b4781a29ebafd0a530057' -> (Import Result ID: '624ed30c9fd35d0d0e55d092c426f44b') in 0.002 seconds [static and dynamic dependencies]. Details - ImportResultOutputID=f0e393fc173b251685ba85ba73616a3c DependenciesID=98e1be15d80f053e145db179c3be346c StaticDependenciesID=c29c5906b67c148201b84066712b67ba 
Number of updated asset objects reloaded before import = 0
Number of asset objects unloaded after import = 0
========================================================================
Received Import Request.
  Time of request: 2026-10-01T08:15:23.6719594Z
  Time since last request: 0.0003504 seconds.
  importAddress: GUID: 42eee65fe46f4df8957df0988417b6ac - Path: Packages/com.unity.render-pipelines.core/Tests/Editor/Debugging/SchedulerTrackerTests.cs - Importer: ScriptedImporter/UnityEditor.QuickSearchModule:UnityEditor.Search:ASIAI0B
Importing 'GUID: 42eee65fe46f4df8957df0988417b6ac - Path: Packages/com.unity.render-pipelines.core/Tests/Editor/Debugging/SchedulerTrackerTests.cs - Importer: ScriptedImporter/UnityEditor.QuickSearchModule:UnityEditor.Search:ASIAI0B' with importer (ScriptedImporter : UnityEditor.QuickSearchModule:UnityEditor.Search:ASIAI0B)
Imported 'GUID: 42eee65fe46f4df8957df0988417b6ac' -> (Import Result ID: '6ffd4d63d848b88cc9e8977f896ccb35') in 0.002 seconds [static and dynamic dependencies]. Details - ImportResultOutputID=daf02b0205217bf9e4c87c2b973cc90b DependenciesID=7ab2fa1f822f485511ecd91fe5c7a40c StaticDependenciesID=a59fac0bc54be107dc20b5e8a50dd31d 
Number of updated asset objects reloaded before import = 0
Number of asset objects unloaded after import = 0
========================================================================
Received Import Request.
  Time of request: 2026-10-01T08:15:23.6820675Z
  Time since last request: 0.0004741 seconds.
  importAddress: GUID: 3a778f8f6c81848ddaf3475d514bb69e - Path: Packages/com.unity.render-pipelines.core/Tests/Editor/GPUDriven/JaggedJobRangeTests.cs - Importer: ScriptedImporter/UnityEditor.QuickSearchModule:UnityEditor.Search:ASIAI0B
Importing 'GUID: 3a778f8f6c81848ddaf3475d514bb69e - Path: Packages/com.unity.render-pipelines.core/Tests/Editor/GPUDriven/JaggedJobRangeTests.cs - Importer: ScriptedImporter/UnityEditor.QuickSearchModule:UnityEditor.Search:ASIAI0B' with importer (ScriptedImporter : UnityEditor.QuickSearchModule:UnityEditor.Search:ASIAI0B)
Imported 'GUID: 3a778f8f6c81848ddaf3475d514bb69e' -> (Import Result ID: '550bd5d337866b499d7d0f60b85e5f8a') in 0.002 seconds [static and dynamic dependencies]. Details - ImportResultOutputID=8850dfc78261a01ae182863beb67737c DependenciesID=f98355ec1d2f511dc130f5eff5626fc8 StaticDependenciesID=1d8bbdb03a58836536ca4c888da306b5 
Number of updated asset objects reloaded before import = 0
Number of asset objects unloaded after import = 0
========================================================================
Received Import Request.
  Time of request: 2026-10-01T08:15:23.6918811Z
  Time since last request: 0.0002715 seconds.
  importAddress: GUID: 14a65a044cdc4e34dbdc4a9c85a810ae - Path: Packages/com.unity.render-pipelines.core/Tests/Editor/PathTracing/TerrainRayMarchingTests.cs - Importer: ScriptedImporter/UnityEditor.QuickSearchModule:UnityEditor.Search:ASIAI0B
Importing 'GUID: 14a65a044cdc4e34dbdc4a9c85a810ae - Path: Packages/com.unity.render-pipelines.core/Tests/Editor/PathTracing/TerrainRayMarchingTests.cs - Importer: ScriptedImporter/UnityEditor.QuickSearchModule:UnityEditor.Search:ASIAI0B' with importer (ScriptedImporter : UnityEditor.QuickSearchModule:UnityEditor.Search:ASIAI0B)
Imported 'GUID: 14a65a044cdc4e34dbdc4a9c85a810ae' -> (Import Result ID: '53698aa1ddf62eaabfd2918df5e4afac') in 0.002 seconds [static and dynamic dependencies]. Details - ImportResultOutputID=d4337d50b429f301404a7efb451e2519 DependenciesID=a023a9f3bb67bf7dfb27f4389518c875 StaticDependenciesID=e7d1c8094ebae4473029db6a5a86a933 
Number of updated asset objects reloaded before import = 0
Number of asset objects unloaded after import = 0
========================================================================
Received Import Request.
  Time of request: 2026-10-01T08:15:23.702193Z
  Time since last request: 0.0005998 seconds.
  importAddress: GUID: ec67c0da2e72439a8bff51db2dc853db - Path: Packages/com.unity.render-pipelines.core/Tests/Editor/RenderPipeline/RenderPipelineGlobalSettingsUtilsTests.cs - Importer: ScriptedImporter/UnityEditor.QuickSearchModule:UnityEditor.Search:ASIAI0B
Importing 'GUID: ec67c0da2e72439a8bff51db2dc853db - Path: Packages/com.unity.render-pipelines.core/Tests/Editor/RenderPipeline/RenderPipelineGlobalSettingsUtilsTests.cs - Importer: ScriptedImporter/UnityEditor.QuickSearchModule:UnityEditor.Search:ASIAI0B' with importer (ScriptedImporter : UnityEditor.QuickSearchModule:UnityEditor.Search:ASIAI0B)
Imported 'GUID: ec67c0da2e72439a8bff51db2dc853db' -> (Import Result ID: '0c4bb50bcc0970bca510147ef5f62ae8') in 0.002 seconds [static and dynamic dependencies]. Details - ImportResultOutputID=7eac4cc29b72920164ba556521053148 DependenciesID=b63f973c3e353d559f6a078cb6ec9d37 StaticDependenciesID=d25ea6705af54ef6e21b523c1126d61c 
Number of updated asset objects reloaded before import = 0
Number of asset objects unloaded after import = 0
========================================================================
Received Import Request.
  Time of request: 2026-10-01T08:15:23.7301864Z
  Time since last request: 0.0174608 seconds.
  importAddress: GUID: e0171afec971f2343be8d5b4b14ab6eb - Path: Packages/com.unity.render-pipelines.core/Editor/Lighting/Icons/LightUnitIcons/d_SoftAreaLight@2x.png - Importer: ScriptedImporter/UnityEditor.QuickSearchModule:UnityEditor.Search:ASIAI0B
Importing 'GUID: e0171afec971f2343be8d5b4b14ab6eb - Path: Packages/com.unity.render-pipelines.core/Editor/Lighting/Icons/LightUnitIcons/d_SoftAreaLight@2x.png - Importer: ScriptedImporter/UnityEditor.QuickSearchModule:UnityEditor.Search:ASIAI0B' with importer (ScriptedImporter : UnityEditor.QuickSearchModule:UnityEditor.Search:ASIAI0B)
Imported 'GUID: e0171afec971f2343be8d5b4b14ab6eb' -> (Import Result ID: 'f72a1b36ec290d83267d1f46cb0f33c6') in 0.005 seconds [static and dynamic dependencies]. Details - ImportResultOutputID=f6fda61267a6ad16820e523fb0174a0f DependenciesID=39ad737233d8ba854d9b3d8b05be4d46 StaticDependenciesID=378ea6ca0f6dad586083bf4cc04b109e 
Number of updated asset objects reloaded before import = 0
Number of asset objects unloaded after import = 1
========================================================================
Received Import Request.
  Time of request: 2026-10-01T08:15:23.7444539Z
  Time since last request: 0.0004752 seconds.
  importAddress: GUID: 392581b798d70d0408e104d352ffb20b - Path: Packages/com.unity.render-pipelines.core/Editor/Lighting/Icons/LightUnitIcons/d_DirectSunlight@2x.png - Importer: ScriptedImporter/UnityEditor.QuickSearchModule:UnityEditor.Search:ASIAI0B
Importing 'GUID: 392581b798d70d0408e104d352ffb20b - Path: Packages/com.unity.render-pipelines.core/Editor/Lighting/Icons/LightUnitIcons/d_DirectSunlight@2x.png - Importer: ScriptedImporter/UnityEditor.QuickSearchModule:UnityEditor.Search:ASIAI0B' with importer (ScriptedImporter : UnityEditor.QuickSearchModule:UnityEditor.Search:ASIAI0B)
Imported 'GUID: 392581b798d70d0408e104d352ffb20b' -> (Import Result ID: '01d9378999ac37cdde6be38b34b057b4') in 0.006 seconds [static and dynamic dependencies]. Details - ImportResultOutputID=d1d6350bf5f1a96f7be854fb6b6c5304 DependenciesID=4844c6533b4ac0be0858a42c27c3ae0c StaticDependenciesID=4f916b0fdf682c4cc2c9ec675886dc26 
Number of updated asset objects reloaded before import = 0
Number of asset objects unloaded after import = 1
========================================================================
Received Import Request.
  Time of request: 2026-10-01T08:15:23.7607346Z
  Time since last request: 0.0003948 seconds.
  importAddress: GUID: 0b39f97ea330aac459e3fbb440f4b0d0 - Path: Packages/com.unity.render-pipelines.core/Editor/Lighting/Icons/LightUnitIcons/d_BlueSky@2x.png - Importer: ScriptedImporter/UnityEditor.QuickSearchModule:UnityEditor.Search:ASIAI0B
Importing 'GUID: 0b39f97ea330aac459e3fbb440f4b0d0 - Path: Packages/com.unity.render-pipelines.core/Editor/Lighting/Icons/LightUnitIcons/d_BlueSky@2x.png - Importer: ScriptedImporter/UnityEditor.QuickSearchModule:UnityEditor.Search:ASIAI0B' with importer (ScriptedImporter : UnityEditor.QuickSearchModule:UnityEditor.Search:ASIAI0B)
Imported 'GUID: 0b39f97ea330aac459e3fbb440f4b0d0' -> (Import Result ID: '6b204faaa2d151cd9046e2d50afcf157') in 0.007 seconds [static and dynamic dependencies]. Details - ImportResultOutputID=a72fe958ea9cb834ebcf37f3ec21c6ce DependenciesID=3ef77bc28320fcbb9220692f26e43958 StaticDependenciesID=b61c713d95640eaa37a87de8dae2e686 
Number of updated asset objects reloaded before import = 0
Number of asset objects unloaded after import = 1
========================================================================
Received Import Request.
  Time of request: 2026-10-01T08:15:23.7770665Z
  Time since last request: 0.0003519 seconds.
  importAddress: GUID: 9ed59abbb45e72140ae72a33b30ea19e - Path: Packages/com.unity.render-pipelines.core/Editor/Lighting/Icons/LightUnitIcons/d_Fluorescent@2x.png - Importer: ScriptedImporter/UnityEditor.QuickSearchModule:UnityEditor.Search:ASIAI0B
Importing 'GUID: 9ed59abbb45e72140ae72a33b30ea19e - Path: Packages/com.unity.render-pipelines.core/Editor/Lighting/Icons/LightUnitIcons/d_Fluorescent@2x.png - Importer: ScriptedImporter/UnityEditor.QuickSearchModule:UnityEditor.Search:ASIAI0B' with importer (ScriptedImporter : UnityEditor.QuickSearchModule:UnityEditor.Search:ASIAI0B)
Imported 'GUID: 9ed59abbb45e72140ae72a33b30ea19e' -> (Import Result ID: '6c660a01c7afed2e661241ded86b9b7b') in 0.004 seconds [static and dynamic dependencies]. Details - ImportResultOutputID=162dbd1d22520968ba9e652ce5b863ae DependenciesID=5e6224bef8b38bcd2120e417b3bc6fc3 StaticDependenciesID=aadbb8e6e60792cf3fa243a781d16249 
Number of updated asset objects reloaded before import = 0
Number of asset objects unloaded after import = 1
========================================================================
Received Import Request.
  Time of request: 2026-10-01T08:15:23.790008Z
  Time since last request: 0.0006476 seconds.
  importAddress: GUID: 863ef838c25e51b4790fd6ac881ba895 - Path: Packages/com.unity.render-pipelines.core/Editor/Lighting/Icons/LightUnitIcons/DirectSunlight.png - Importer: ScriptedImporter/UnityEditor.QuickSearchModule:UnityEditor.Search:ASIAI0B
Importing 'GUID: 863ef838c25e51b4790fd6ac881ba895 - Path: Packages/com.unity.render-pipelines.core/Editor/Lighting/Icons/LightUnitIcons/DirectSunlight.png - Importer: ScriptedImporter/UnityEditor.QuickSearchModule:UnityEditor.Search:ASIAI0B' with importer (ScriptedImporter : UnityEditor.QuickSearchModule:UnityEditor.Search:ASIAI0B)
Imported 'GUID: 863ef838c25e51b4790fd6ac881ba895' -> (Import Result ID: '53e345cede3857ed254840c941816480') in 0.005 seconds [static and dynamic dependencies]. Details - ImportResultOutputID=74c6692baa927e1acc83f1c561167cd0 DependenciesID=a880a2383cb06f1c5527ad8b729de66c StaticDependenciesID=597a672dc393b7c2ae56d1922ce8464e 
Number of updated asset objects reloaded before import = 0
Number of asset objects unloaded after import = 1
========================================================================
Received Import Request.
  Time of request: 2026-10-01T08:15:23.8043537Z
  Time since last request: 0.0003418 seconds.
  importAddress: GUID: 6e5a98aaa576d99408eeba30eb91eaba - Path: Packages/com.unity.render-pipelines.core/Editor/Lighting/Icons/LightUnitIcons/MoonlessNight@2x.png - Importer: ScriptedImporter/UnityEditor.QuickSearchModule:UnityEditor.Search:ASIAI0B
Importing 'GUID: 6e5a98aaa576d99408eeba30eb91eaba - Path: Packages/com.unity.render-pipelines.core/Editor/Lighting/Icons/LightUnitIcons/MoonlessNight@2x.png - Importer: ScriptedImporter/UnityEditor.QuickSearchModule:UnityEditor.Search:ASIAI0B' with importer (ScriptedImporter : UnityEditor.QuickSearchModule:UnityEditor.Search:ASIAI0B)
Imported 'GUID: 6e5a98aaa576d99408eeba30eb91eaba' -> (Import Result ID: 'd3585690d78463b5205cbfc044763d51') in 0.005 seconds [static and dynamic dependencies]. Details - ImportResultOutputID=bdae79256844a3f19bb87c26f979ac5f DependenciesID=b831d48c68fcec5ef0acf53c513cf14e StaticDependenciesID=c7c0140d569535d7e79e36b98e43d13e 
Number of updated asset objects reloaded before import = 0
Number of asset objects unloaded after import = 1
========================================================================
Received Import Request.
  Time of request: 2026-10-01T08:15:23.8199632Z
  Time since last request: 0.0003426 seconds.
  importAddress: GUID: ac6bd7230f54da84b8ad3a0e2b14b3d9 - Path: Packages/com.unity.render-pipelines.core/Editor/Lighting/Icons/LightUnitIcons/DecorativeLight@2x.png - Importer: ScriptedImporter/UnityEditor.QuickSearchModule:UnityEditor.Search:ASIAI0B
Importing 'GUID: ac6bd7230f54da84b8ad3a0e2b14b3d9 - Path: Packages/com.unity.render-pipelines.core/Editor/Lighting/Icons/LightUnitIcons/DecorativeLight@2x.png - Importer: ScriptedImporter/UnityEditor.QuickSearchModule:UnityEditor.Search:ASIAI0B' with importer (ScriptedImporter : UnityEditor.QuickSearchModule:UnityEditor.Search:ASIAI0B)
Imported 'GUID: ac6bd7230f54da84b8ad3a0e2b14b3d9' -> (Import Result ID: 'e236264fa0f372c0ef4db116c3bf2621') in 0.005 seconds [static and dynamic dependencies]. Details - ImportResultOutputID=3ab4d3c0ad885e795630199f1418fa2b DependenciesID=27d2d315e358eae3cdccf0539ed335d4 StaticDependenciesID=0100c234a79773788a2a48ddceb35b23 
Number of updated asset objects reloaded before import = 0
Number of asset objects unloaded after import = 1
========================================================================
Received Import Request.
  Time of request: 2026-10-01T08:15:23.8356775Z
  Time since last request: 0.0007094 seconds.
  importAddress: GUID: f520337c0c5dde34fa2d4207d953a31f - Path: Packages/com.unity.render-pipelines.core/Editor/Lighting/Icons/LightUnitIcons/d_Moonlight@2x.png - Importer: ScriptedImporter/UnityEditor.QuickSearchModule:UnityEditor.Search:ASIAI0B
Importing 'GUID: f520337c0c5dde34fa2d4207d953a31f - Path: Packages/com.unity.render-pipelines.core/Editor/Lighting/Icons/LightUnitIcons/d_Moonlight@2x.png - Importer: ScriptedImporter/UnityEditor.QuickSearchModule:UnityEditor.Search:ASIAI0B' with importer (ScriptedImporter : UnityEditor.QuickSearchModule:UnityEditor.Search:ASIAI0B)
Imported 'GUID: f520337c0c5dde34fa2d4207d953a31f' -> (Import Result ID: '2a51ca754c509e1ae2844254a41d9ac2') in 0.004 seconds [static and dynamic dependencies]. Details - ImportResultOutputID=ed1aca60c39d14f4fdce6f66a6030734 DependenciesID=c6d5e15cb58a844caa9a20e5683a8a15 StaticDependenciesID=c6067420bb98603ee79d0d5df653908b 
Number of updated asset objects reloaded before import = 0
Number of asset objects unloaded after import = 1
========================================================================
Received Import Request.
  Time of request: 2026-10-01T08:15:23.849546Z
  Time since last request: 0.0002994 seconds.
  importAddress: GUID: ddbb35633e84dde4a93c6662f696ae4c - Path: Packages/com.unity.render-pipelines.core/Editor/Lighting/Icons/LightUnitIcons/InteriorLight.png - Importer: ScriptedImporter/UnityEditor.QuickSearchModule:UnityEditor.Search:ASIAI0B
Importing 'GUID: ddbb35633e84dde4a93c6662f696ae4c - Path: Packages/com.unity.render-pipelines.core/Editor/Lighting/Icons/LightUnitIcons/InteriorLight.png - Importer: ScriptedImporter/UnityEditor.QuickSearchModule:UnityEditor.Search:ASIAI0B' with importer (ScriptedImporter : UnityEditor.QuickSearchModule:UnityEditor.Search:ASIAI0B)
Imported 'GUID: ddbb35633e84dde4a93c6662f696ae4c' -> (Import Result ID: 'af961915cbaa4b29e22f055c886a4630') in 0.005 seconds [static and dynamic dependencies]. Details - ImportResultOutputID=c04d32ee8115e2d1f810e546c6b37598 DependenciesID=ad7b53b8ea5b7540d1c490813c9008e6 StaticDependenciesID=7438d2a78095cf05b2f61138aa6623bf 
Number of updated asset objects reloaded before import = 0
Number of asset objects unloaded after import = 1
========================================================================
Received Import Request.
  Time of request: 2026-10-01T08:15:23.8649215Z
  Time since last request: 0.0003166 seconds.
  importAddress: GUID: 79474406bb16ef9439655eb4b419b6a8 - Path: Packages/com.unity.render-pipelines.core/Editor/Lighting/Icons/LightUnitIcons/d_MediumAreaLight@2x.png - Importer: ScriptedImporter/UnityEditor.QuickSearchModule:UnityEditor.Search:ASIAI0B
Importing 'GUID: 79474406bb16ef9439655eb4b419b6a8 - Path: Packages/com.unity.render-pipelines.core/Editor/Lighting/Icons/LightUnitIcons/d_MediumAreaLight@2x.png - Importer: ScriptedImporter/UnityEditor.QuickSearchModule:UnityEditor.Search:ASIAI0B' with importer (ScriptedImporter : UnityEditor.QuickSearchModule:UnityEditor.Search:ASIAI0B)
Imported 'GUID: 79474406bb16ef9439655eb4b419b6a8' -> (Import Result ID: '2e1f3311e854639616bc9f0989c40b94') in 0.005 seconds [static and dynamic dependencies]. Details - ImportResultOutputID=898785418004fb5b5372ca258a6e6b33 DependenciesID=a5f87bd6ac55384f0b6d9e863c05df2f StaticDependenciesID=fb03054c1f30eac26781e6db047f3271 
Number of updated asset objects reloaded before import = 0
Number of asset objects unloaded after import = 1
========================================================================
Received Import Request.
  Time of request: 2026-10-01T08:15:23.8789807Z
  Time since last request: 0.0004577 seconds.
  importAddress: GUID: db0321d865208c648ae843f39ab69004 - Path: Packages/com.unity.render-pipelines.core/Editor/Lighting/Icons/LightUnitIcons/ClearSky.png - Importer: ScriptedImporter/UnityEditor.QuickSearchModule:UnityEditor.Search:ASIAI0B
Importing 'GUID: db0321d865208c648ae843f39ab69004 - Path: Packages/com.unity.render-pipelines.core/Editor/Lighting/Icons/LightUnitIcons/ClearSky.png - Importer: ScriptedImporter/UnityEditor.QuickSearchModule:UnityEditor.Search:ASIAI0B' with importer (ScriptedImporter : UnityEditor.QuickSearchModule:UnityEditor.Search:ASIAI0B)
Imported 'GUID: db0321d865208c648ae843f39ab69004' -> (Import Result ID: '4947247427d8a0445c37abd56cf103c4') in 0.006 seconds [static and dynamic dependencies]. Details - ImportResultOutputID=3a34a9d9393226193f4ace8435a3a06f DependenciesID=fe5fef6ed2731243157a35c8ac51c81a StaticDependenciesID=f49292f41a3b51e859e8a3efbc91cf78 
Number of updated asset objects reloaded before import = 0
Number of asset objects unloaded after import = 1
========================================================================
Received Import Request.
  Time of request: 2026-10-01T08:15:23.9198942Z
  Time since last request: 0.0238741 seconds.
  importAddress: GUID: 8d43dcf0c0580c74485954c1a2447f4a - Path: Packages/com.unity.render-pipelines.core/Editor-PrivateShared/Tools/Converter/ReadonlyMaterialConverter/ReadonlyMaterialConverter.MaterialReferenceChanger.cs - Importer: ScriptedImporter/UnityEditor.QuickSearchModule:UnityEditor.Search:ASIAI0B
Importing 'GUID: 8d43dcf0c0580c74485954c1a2447f4a - Path: Packages/com.unity.render-pipelines.core/Editor-PrivateShared/Tools/Converter/ReadonlyMaterialConverter/ReadonlyMaterialConverter.MaterialReferenceChanger.cs - Importer: ScriptedImporter/UnityEditor.QuickSearchModule:UnityEditor.Search:ASIAI0B' with importer (ScriptedImporter : UnityEditor.QuickSearchModule:UnityEditor.Search:ASIAI0B)
Imported 'GUID: 8d43dcf0c0580c74485954c1a2447f4a' -> (Import Result ID: '772e01d23dfbe8bffd47d5354512d168') in 0.002 seconds [static and dynamic dependencies]. Details - ImportResultOutputID=6380ded6e2919c2886b11740109d879f DependenciesID=72be4f8985da59a3b80c04aeb25945be StaticDependenciesID=ee26667c5ba2118ac616f7e4664a8803 
Number of updated asset objects reloaded before import = 0
Number of asset objects unloaded after import = 0
========================================================================
Received Import Request.
  Time of request: 2026-10-01T08:15:23.9325432Z
  Time since last request: 0.0005365 seconds.
  importAddress: GUID: bdc9b1177bc1ad84e8532eec9f2dcc13 - Path: Packages/com.unity.render-pipelines.core/Editor/Lighting/Icons/LightUnitIcons/VeryBrightSun.png - Importer: ScriptedImporter/UnityEditor.QuickSearchModule:UnityEditor.Search:ASIAI0B
Importing 'GUID: bdc9b1177bc1ad84e8532eec9f2dcc13 - Path: Packages/com.unity.render-pipelines.core/Editor/Lighting/Icons/LightUnitIcons/VeryBrightSun.png - Importer: ScriptedImporter/UnityEditor.QuickSearchModule:UnityEditor.Search:ASIAI0B' with importer (ScriptedImporter : UnityEditor.QuickSearchModule:UnityEditor.Search:ASIAI0B)
Imported 'GUID: bdc9b1177bc1ad84e8532eec9f2dcc13' -> (Import Result ID: '22b713764b636aee7bb2505de74b79bc') in 0.007 seconds [static and dynamic dependencies]. Details - ImportResultOutputID=2f90b5915da54737421db90e8f637685 DependenciesID=9ccea21907473517b7ef04ab695647e7 StaticDependenciesID=fee831a5bdc4af785eaf79ae25fa0ec8 
Number of updated asset objects reloaded before import = 0
Number of asset objects unloaded after import = 1
========================================================================
Received Import Request.
  Time of request: 2026-10-01T08:15:23.9481245Z
  Time since last request: 0.0002408 seconds.
  importAddress: GUID: 94a070d33e408384bafc1dea4a565df9 - Path: Packages/com.unity.render-pipelines.core/Editor/Lighting/ProbeVolume/RenderingLayerMask/TraceRenderingLayerMask.urtshader - Importer: ScriptedImporter/UnityEditor.QuickSearchModule:UnityEditor.Search:ASIAI0B
Importing 'GUID: 94a070d33e408384bafc1dea4a565df9 - Path: Packages/com.unity.render-pipelines.core/Editor/Lighting/ProbeVolume/RenderingLayerMask/TraceRenderingLayerMask.urtshader - Importer: ScriptedImporter/UnityEditor.QuickSearchModule:UnityEditor.Search:ASIAI0B' with importer (ScriptedImporter : UnityEditor.QuickSearchModule:UnityEditor.Search:ASIAI0B)
Imported 'GUID: 94a070d33e408384bafc1dea4a565df9' -> (Import Result ID: '122841f20b97c2207105b37223a7714e') in 0.003 seconds [static and dynamic dependencies]. Details - ImportResultOutputID=61cc27f30963fddc828074a9817b0e38 DependenciesID=196efeb8efccca029660d4dbc700fdb6 StaticDependenciesID=9e7501630a15a5a0b6961a96eb7c99c0 
Number of updated asset objects reloaded before import = 0
Number of asset objects unloaded after import = 2
========================================================================
Received Import Request.
  Time of request: 2026-10-01T08:15:23.960179Z
  Time since last request: 0.0002793 seconds.
  importAddress: GUID: 72f2039b19e30244dafbaeed758cb3c6 - Path: Packages/com.unity.render-pipelines.core/Runtime/UnifiedRayTracing/Compute/RadeonRays/RadeonRaysAPI.cs - Importer: ScriptedImporter/UnityEditor.QuickSearchModule:UnityEditor.Search:ASIAI0B
Importing 'GUID: 72f2039b19e30244dafbaeed758cb3c6 - Path: Packages/com.unity.render-pipelines.core/Runtime/UnifiedRayTracing/Compute/RadeonRays/RadeonRaysAPI.cs - Importer: ScriptedImporter/UnityEditor.QuickSearchModule:UnityEditor.Search:ASIAI0B' with importer (ScriptedImporter : UnityEditor.QuickSearchModule:UnityEditor.Search:ASIAI0B)
Imported 'GUID: 72f2039b19e30244dafbaeed758cb3c6' -> (Import Result ID: 'f2efc582ec22faa9b78d9fbeba02488b') in 0.002 seconds [static and dynamic dependencies]. Details - ImportResultOutputID=a017bd12392465f8cb98bb27f6b0665b DependenciesID=3df7c7cfc646c6bc1d02c98e6376850b StaticDependenciesID=9f4e3aa43c7597b72608a0df5e54d65e 
Number of updated asset objects reloaded before import = 0
Number of asset objects unloaded after import = 0
========================================================================
Received Import Request.
  Time of request: 2026-10-01T08:15:23.9724821Z
  Time since last request: 0.0003281 seconds.
  importAddress: GUID: eca78e9f751408043bef5b9d52db9d39 - Path: Packages/com.unity.render-pipelines.core/Runtime/UnifiedRayTracing/Common/GeometryPool/GeometryPoolDefs.cs.hlsl - Importer: ScriptedImporter/UnityEditor.QuickSearchModule:UnityEditor.Search:ASIAI0B
Importing 'GUID: eca78e9f751408043bef5b9d52db9d39 - Path: Packages/com.unity.render-pipelines.core/Runtime/UnifiedRayTracing/Common/GeometryPool/GeometryPoolDefs.cs.hlsl - Importer: ScriptedImporter/UnityEditor.QuickSearchModule:UnityEditor.Search:ASIAI0B' with importer (ScriptedImporter : UnityEditor.QuickSearchModule:UnityEditor.Search:ASIAI0B)
Imported 'GUID: eca78e9f751408043bef5b9d52db9d39' -> (Import Result ID: 'd6a83e34dc9a6506215f7c9fa319b0bd') in 0.002 seconds [static and dynamic dependencies]. Details - ImportResultOutputID=de63af8695f7ccdf545042cdc740a59d DependenciesID=0c7e8e9b4cb8a094bfd71e0a7d594ea0 StaticDependenciesID=a8e8e53066e3c2c0b2a7aa899b19c75a 
Number of updated asset objects reloaded before import = 0
Number of asset objects unloaded after import = 1
========================================================================
Received Import Request.
  Time of request: 2026-10-01T08:15:23.9864927Z
  Time since last request: 0.0002738 seconds.
  importAddress: GUID: ccc7ffe6cf9c542919823f6486edde9d - Path: Packages/com.unity.render-pipelines.core/Runtime/PathTracing/Shaders/Lightmapping/ChartRasterizerHardware.shader - Importer: ScriptedImporter/UnityEditor.QuickSearchModule:UnityEditor.Search:ASIAI0B
Importing 'GUID: ccc7ffe6cf9c542919823f6486edde9d - Path: Packages/com.unity.render-pipelines.core/Runtime/PathTracing/Shaders/Lightmapping/ChartRasterizerHardware.shader - Importer: ScriptedImporter/UnityEditor.QuickSearchModule:UnityEditor.Search:ASIAI0B' with importer (ScriptedImporter : UnityEditor.QuickSearchModule:UnityEditor.Search:ASIAI0B)
Imported 'GUID: ccc7ffe6cf9c542919823f6486edde9d' -> (Import Result ID: 'c5d7f47e7bba46ce3400e222517429a6') in 0.002 seconds [static and dynamic dependencies]. Details - ImportResultOutputID=214471170b75f627e94af0de3096305f DependenciesID=81ae7867641f5a17430d6b26818302ad StaticDependenciesID=9e49ab43cb5a4cdea62fbafcc1c02c9e 
Number of updated asset objects reloaded before import = 0
Number of asset objects unloaded after import = 1
========================================================================
Received Import Request.
  Time of request: 2026-10-01T08:15:23.9976928Z
  Time since last request: 0.0003947 seconds.
  importAddress: GUID: 5e9b4f28f6ce05547b8679d0cff3e682 - Path: Packages/com.unity.render-pipelines.core/Editor-PrivateShared/Tools/Converter/Window/RenderPipelineConvertersEditor.uss - Importer: ScriptedImporter/UnityEditor.QuickSearchModule:UnityEditor.Search:ASIAI0B
Importing 'GUID: 5e9b4f28f6ce05547b8679d0cff3e682 - Path: Packages/com.unity.render-pipelines.core/Editor-PrivateShared/Tools/Converter/Window/RenderPipelineConvertersEditor.uss - Importer: ScriptedImporter/UnityEditor.QuickSearchModule:UnityEditor.Search:ASIAI0B' with importer (ScriptedImporter : UnityEditor.QuickSearchModule:UnityEditor.Search:ASIAI0B)
Imported 'GUID: 5e9b4f28f6ce05547b8679d0cff3e682' -> (Import Result ID: 'e8d9a5eb7a410ca6b8698f388a94a3a4') in 0.036 seconds [static and dynamic dependencies]. Details - ImportResultOutputID=65c1d8051e8f4c430ce76338219e130a DependenciesID=0585ae267922be2682842b7fe10c4d5b StaticDependenciesID=f3e75bba69d2df5b416c371e95f33fa3 
Number of updated asset objects reloaded before import = 0
Number of asset objects unloaded after import = 1
========================================================================
Received Import Request.
  Time of request: 2026-10-01T08:15:24.1124289Z
  Time since last request: 0.0695174 seconds.
  importAddress: GUID: 81ee3cf225778834abb6a30cf1007ea1 - Path: Packages/com.unity.render-pipelines.core/Tests/Editor/Tools/MaterialUpgrader/MaterialUpgraderTests.cs - Importer: ScriptedImporter/UnityEditor.QuickSearchModule:UnityEditor.Search:ASIAI0B
Importing 'GUID: 81ee3cf225778834abb6a30cf1007ea1 - Path: Packages/com.unity.render-pipelines.core/Tests/Editor/Tools/MaterialUpgrader/MaterialUpgraderTests.cs - Importer: ScriptedImporter/UnityEditor.QuickSearchModule:UnityEditor.Search:ASIAI0B' with importer (ScriptedImporter : UnityEditor.QuickSearchModule:UnityEditor.Search:ASIAI0B)
Imported 'GUID: 81ee3cf225778834abb6a30cf1007ea1' -> (Import Result ID: '9440db7930b8d2591aff56808dd88db0') in 0.002 seconds [static and dynamic dependencies]. Details - ImportResultOutputID=2184b10d73c73473bc6f8f2d4c8c384e DependenciesID=842144b825c2400c29da74c1d3b8162c StaticDependenciesID=0651395879b82f260ed1143623704738 
Number of updated asset objects reloaded before import = 0
Number of asset objects unloaded after import = 0
========================================================================
Received Import Request.
  Time of request: 2026-10-01T08:15:24.1226338Z
  Time since last request: 0.0003042 seconds.
  importAddress: GUID: d18eadffb612a2f4a995f89ad69c62c3 - Path: Packages/com.unity.render-pipelines.core/Tests/Editor/ShaderStripping/Results/UI_Default_0_0.json - Importer: ScriptedImporter/UnityEditor.QuickSearchModule:UnityEditor.Search:ASIAI0B
Importing 'GUID: d18eadffb612a2f4a995f89ad69c62c3 - Path: Packages/com.unity.render-pipelines.core/Tests/Editor/ShaderStripping/Results/UI_Default_0_0.json - Importer: ScriptedImporter/UnityEditor.QuickSearchModule:UnityEditor.Search:ASIAI0B' with importer (ScriptedImporter : UnityEditor.QuickSearchModule:UnityEditor.Search:ASIAI0B)
Imported 'GUID: d18eadffb612a2f4a995f89ad69c62c3' -> (Import Result ID: '128d79de9ddf354499d6814fcd748d10') in 0.002 seconds [static and dynamic dependencies]. Details - ImportResultOutputID=9dc87d0a5491d317a7a13196532230e7 DependenciesID=8a0ca1ed92fe2f06314548a8ab371bdf StaticDependenciesID=04737e63347925c9b37a1db5931a9d50 
Number of updated asset objects reloaded before import = 0
Number of asset objects unloaded after import = 1
========================================================================
Received Import Request.
  Time of request: 2026-10-01T08:15:24.1345098Z
  Time since last request: 0.0005726 seconds.
  importAddress: GUID: 939b89fc6b924ea2e821fc1be1b09f56 - Path: Packages/com.unity.modules.tetgen/package.json - Importer: ScriptedImporter/UnityEditor.QuickSearchModule:UnityEditor.Search:ASIAI0B
Importing 'GUID: 939b89fc6b924ea2e821fc1be1b09f56 - Path: Packages/com.unity.modules.tetgen/package.json - Importer: ScriptedImporter/UnityEditor.QuickSearchModule:UnityEditor.Search:ASIAI0B' with importer (ScriptedImporter : UnityEditor.QuickSearchModule:UnityEditor.Search:ASIAI0B)
Imported 'GUID: 939b89fc6b924ea2e821fc1be1b09f56' -> (Import Result ID: 'ab148045a0e893f35e8e68fccf03c4ac') in 0.002 seconds [static and dynamic dependencies]. Details - ImportResultOutputID=f1038b7642d463f839ab7ff9749e40ee DependenciesID=677dd1e080d26e4b1268d77662fd1170 StaticDependenciesID=ba9e0079fa09827fdbf9f2f97c06c4e0 
Number of updated asset objects reloaded before import = 0
Number of asset objects unloaded after import = 1
========================================================================
Received Import Request.
  Time of request: 2026-10-01T08:15:24.1445406Z
  Time since last request: 0.0004903 seconds.
  importAddress: GUID: 4e034cc8ea2635c4e9f063e5ddc7ea7a - Path: Packages/com.unity.render-pipelines.core/Runtime/UnifiedRayTracing/Compute/RadeonRays/kernels/block_reduce_part.compute - Importer: ScriptedImporter/UnityEditor.QuickSearchModule:UnityEditor.Search:ASIAI0B
Importing 'GUID: 4e034cc8ea2635c4e9f063e5ddc7ea7a - Path: Packages/com.unity.render-pipelines.core/Runtime/UnifiedRayTracing/Compute/RadeonRays/kernels/block_reduce_part.compute - Importer: ScriptedImporter/UnityEditor.QuickSearchModule:UnityEditor.Search:ASIAI0B' with importer (ScriptedImporter : UnityEditor.QuickSearchModule:UnityEditor.Search:ASIAI0B)
Imported 'GUID: 4e034cc8ea2635c4e9f063e5ddc7ea7a' -> (Import Result ID: '41931e0aec17c4caa0eb1405aa9bfafa') in 0.002 seconds [static and dynamic dependencies]. Details - ImportResultOutputID=6faf037eee690876f51529fcd81a9a52 DependenciesID=d51fa0139813360794f6f9d4ca4038ab StaticDependenciesID=b7a253d7368640383f1af748281aa65f 
Number of updated asset objects reloaded before import = 0
Number of asset objects unloaded after import = 1
========================================================================
Received Import Request.
  Time of request: 2026-10-01T08:15:24.1558374Z
  Time since last request: 0.0004031 seconds.
  importAddress: GUID: 4bf139fc5e9d9240edc107e25d67d398 - Path: Packages/com.unity.modules.tetgen/package.ModuleCompilationTrigger - Importer: ScriptedImporter/UnityEditor.QuickSearchModule:UnityEditor.Search:ASIAI0B
Importing 'GUID: 4bf139fc5e9d9240edc107e25d67d398 - Path: Packages/com.unity.modules.tetgen/package.ModuleCompilationTrigger - Importer: ScriptedImporter/UnityEditor.QuickSearchModule:UnityEditor.Search:ASIAI0B' with importer (ScriptedImporter : UnityEditor.QuickSearchModule:UnityEditor.Search:ASIAI0B)
Imported 'GUID: 4bf139fc5e9d9240edc107e25d67d398' -> (Import Result ID: 'bea9eef3408a7826b5d253284285db9d') in 0.002 seconds [static and dynamic dependencies]. Details - ImportResultOutputID=9de5209267222d41f1bf5eb6ac65dcce DependenciesID=dd6673372eeab3f3c02490a4e41541c0 StaticDependenciesID=0aba2ad9dbaf71cd103f483849d12d8a 
Number of updated asset objects reloaded before import = 0
Number of asset objects unloaded after import = 1
========================================================================
Received Import Request.
  Time of request: 2026-10-01T08:15:24.1841581Z
  Time since last request: 0.0177163 seconds.
  importAddress: GUID: c3a75354f6ceac94ca15ca9d96593290 - Path: Packages/com.unity.test-framework/UnityEditor.TestRunner/CommandLineTest/ExecutionSettings.cs - Importer: ScriptedImporter/UnityEditor.QuickSearchModule:UnityEditor.Search:ASIAI0B
Importing 'GUID: c3a75354f6ceac94ca15ca9d96593290 - Path: Packages/com.unity.test-framework/UnityEditor.TestRunner/CommandLineTest/ExecutionSettings.cs - Importer: ScriptedImporter/UnityEditor.QuickSearchModule:UnityEditor.Search:ASIAI0B' with importer (ScriptedImporter : UnityEditor.QuickSearchModule:UnityEditor.Search:ASIAI0B)
Imported 'GUID: c3a75354f6ceac94ca15ca9d96593290' -> (Import Result ID: 'bc9430071ae54ad2857d5f34db047e83') in 0.002 seconds [static and dynamic dependencies]. Details - ImportResultOutputID=452616208dbf3872e1d08b3b1c5745db DependenciesID=30c84e00a371b83d40a6abf51de31388 StaticDependenciesID=afa8476758fc3d377f20edf925d7f160 
Number of updated asset objects reloaded before import = 0
Number of asset objects unloaded after import = 0
========================================================================
Received Import Request.
  Time of request: 2026-10-01T08:15:24.1942818Z
  Time since last request: 0.0002778 seconds.
  importAddress: GUID: eea34a28297f9bc4c9f4c573bc8d5d1c - Path: Packages/com.unity.test-framework/UnityEditor.TestRunner/Api/ExecutionSettings.cs - Importer: ScriptedImporter/UnityEditor.QuickSearchModule:UnityEditor.Search:ASIAI0B
Importing 'GUID: eea34a28297f9bc4c9f4c573bc8d5d1c - Path: Packages/com.unity.test-framework/UnityEditor.TestRunner/Api/ExecutionSettings.cs - Importer: ScriptedImporter/UnityEditor.QuickSearchModule:UnityEditor.Search:ASIAI0B' with importer (ScriptedImporter : UnityEditor.QuickSearchModule:UnityEditor.Search:ASIAI0B)
Imported 'GUID: eea34a28297f9bc4c9f4c573bc8d5d1c' -> (Import Result ID: '1179d77f3201ef5fa8a84cede5179657') in 0.002 seconds [static and dynamic dependencies]. Details - ImportResultOutputID=943a353dd67cb7f6644e7b6830585b56 DependenciesID=ede744a2d095cedb9366755e154e522c StaticDependenciesID=3c37d586308b37459de4fb7e9cf32eed 
Number of updated asset objects reloaded before import = 0
Number of asset objects unloaded after import = 0
========================================================================
Received Import Request.
  Time of request: 2026-10-01T08:15:24.2042691Z
  Time since last request: 0.0004962 seconds.
  importAddress: GUID: 05778dd1de4433d418793b6f3d3c18cf - Path: Packages/com.unity.test-framework/UnityEditor.TestRunner/CommandLineTest/LogWriter.cs - Importer: ScriptedImporter/UnityEditor.QuickSearchModule:UnityEditor.Search:ASIAI0B
Importing 'GUID: 05778dd1de4433d418793b6f3d3c18cf - Path: Packages/com.unity.test-framework/UnityEditor.TestRunner/CommandLineTest/LogWriter.cs - Importer: ScriptedImporter/UnityEditor.QuickSearchModule:UnityEditor.Search:ASIAI0B' with importer (ScriptedImporter : UnityEditor.QuickSearchModule:UnityEditor.Search:ASIAI0B)
Imported 'GUID: 05778dd1de4433d418793b6f3d3c18cf' -> (Import Result ID: '50b8c0cbf6eb29885ee1248b4e750b78') in 0.002 seconds [static and dynamic dependencies]. Details - ImportResultOutputID=8c96343ffeed2fc4c9f1c3837c98ada4 DependenciesID=59b89387880a149a5a85f0987d9bcc96 StaticDependenciesID=90df8af7d25f86a5e4c3090e4fbee6e1 
Number of updated asset objects reloaded before import = 0
Number of asset objects unloaded after import = 0
========================================================================
Received Import Request.
  Time of request: 2026-10-01T08:15:24.2149965Z
  Time since last request: 0.0005927 seconds.
  importAddress: GUID: 8069e1fc631e461ababf11f19a9c0df3 - Path: Packages/com.unity.test-framework/UnityEditor.TestRunner/GUI/UITestRunnerFilter.cs - Importer: ScriptedImporter/UnityEditor.QuickSearchModule:UnityEditor.Search:ASIAI0B
Importing 'GUID: 8069e1fc631e461ababf11f19a9c0df3 - Path: Packages/com.unity.test-framework/UnityEditor.TestRunner/GUI/UITestRunnerFilter.cs - Importer: ScriptedImporter/UnityEditor.QuickSearchModule:UnityEditor.Search:ASIAI0B' with importer (ScriptedImporter : UnityEditor.QuickSearchModule:UnityEditor.Search:ASIAI0B)
Imported 'GUID: 8069e1fc631e461ababf11f19a9c0df3' -> (Import Result ID: 'bb37e4b807adf79b2a7c1da877d873ab') in 0.002 seconds [static and dynamic dependencies]. Details - ImportResultOutputID=64b0ec3f69cbd929fcba882558b2a561 DependenciesID=acec959690b8cc8ebe625c0662644e43 StaticDependenciesID=b132c8a4e123e7e4f9873f5ef99add22 
Number of updated asset objects reloaded before import = 0
Number of asset objects unloaded after import = 0
========================================================================
Received Import Request.
  Time of request: 2026-10-01T08:15:24.2262353Z
  Time since last request: 0.0005438 seconds.
  importAddress: GUID: 1a06c562b0c5eb046bcb876a29f93c98 - Path: Packages/com.unity.test-framework/UnityEditor.TestRunner/Api/IErrorCallbacks.cs - Importer: ScriptedImporter/UnityEditor.QuickSearchModule:UnityEditor.Search:ASIAI0B
Importing 'GUID: 1a06c562b0c5eb046bcb876a29f93c98 - Path: Packages/com.unity.test-framework/UnityEditor.TestRunner/Api/IErrorCallbacks.cs - Importer: ScriptedImporter/UnityEditor.QuickSearchModule:UnityEditor.Search:ASIAI0B' with importer (ScriptedImporter : UnityEditor.QuickSearchModule:UnityEditor.Search:ASIAI0B)
Imported 'GUID: 1a06c562b0c5eb046bcb876a29f93c98' -> (Import Result ID: '9c163a3f314caf3bcd0207bde9092f53') in 0.002 seconds [static and dynamic dependencies]. Details - ImportResultOutputID=c7f7940bd27f5825aa31c0cfbac54643 DependenciesID=d4d09913ccc224957f268e10d6fe5e5a StaticDependenciesID=c9640bb1f27abde5c2ed8f51d9718fa2 
Number of updated asset objects reloaded before import = 0
Number of asset objects unloaded after import = 0
========================================================================
Received Import Request.
  Time of request: 2026-10-01T08:15:24.237175Z
  Time since last request: 0.0004375 seconds.
  importAddress: GUID: 3f8c1075884df0249b80e23a0598f9c1 - Path: Packages/com.unity.test-framework/UnityEditor.TestRunner/CommandLineTest/RunData.cs - Importer: ScriptedImporter/UnityEditor.QuickSearchModule:UnityEditor.Search:ASIAI0B
Importing 'GUID: 3f8c1075884df0249b80e23a0598f9c1 - Path: Packages/com.unity.test-framework/UnityEditor.TestRunner/CommandLineTest/RunData.cs - Importer: ScriptedImporter/UnityEditor.QuickSearchModule:UnityEditor.Search:ASIAI0B' with importer (ScriptedImporter : UnityEditor.QuickSearchModule:UnityEditor.Search:ASIAI0B)
Imported 'GUID: 3f8c1075884df0249b80e23a0598f9c1' -> (Import Result ID: 'd3a9fdf111d1b523409fd36ec5fd80f2') in 0.002 seconds [static and dynamic dependencies]. Details - ImportResultOutputID=65ffa0654863e6831a3d18277716e363 DependenciesID=646fdd0760fe74853487f6eca093f3e4 StaticDependenciesID=0f83f18ceea8e36fe309d07a3a1dc3d3 
Number of updated asset objects reloaded before import = 0
Number of asset objects unloaded after import = 0
========================================================================
Received Import Request.
  Time of request: 2026-10-01T08:15:24.2475171Z
  Time since last request: 0.0004592 seconds.
  importAddress: GUID: a785dd14005a471483d6732fabeee0ea - Path: Packages/com.unity.test-framework/UnityEditor.TestRunner/Api/IgnoreTest.cs - Importer: ScriptedImporter/UnityEditor.QuickSearchModule:UnityEditor.Search:ASIAI0B
Importing 'GUID: a785dd14005a471483d6732fabeee0ea - Path: Packages/com.unity.test-framework/UnityEditor.TestRunner/Api/IgnoreTest.cs - Importer: ScriptedImporter/UnityEditor.QuickSearchModule:UnityEditor.Search:ASIAI0B' with importer (ScriptedImporter : UnityEditor.QuickSearchModule:UnityEditor.Search:ASIAI0B)
Imported 'GUID: a785dd14005a471483d6732fabeee0ea' -> (Import Result ID: 'edb484f3ef988d046c5af75bb0cad594') in 0.002 seconds [static and dynamic dependencies]. Details - ImportResultOutputID=c6ee32f8837177f92bb1f45614e9e779 DependenciesID=685e5c320837c6676130da60dedd3748 StaticDependenciesID=57d2823d25f02ad23dc3d96601ae3177 
Number of updated asset objects reloaded before import = 0
Number of asset objects unloaded after import = 0
========================================================================
Received Import Request.
  Time of request: 2026-10-01T08:15:24.2697023Z
  Time since last request: 0.0123253 seconds.
  importAddress: GUID: 1ebc1994f9a3d5649a1201d3a84b38df - Path: Packages/com.unity.test-framework/UnityEditor.TestRunner/TestRunner/EditorEnumeratorTestWorkItem.cs - Importer: ScriptedImporter/UnityEditor.QuickSearchModule:UnityEditor.Search:ASIAI0B
Importing 'GUID: 1ebc1994f9a3d5649a1201d3a84b38df - Path: Packages/com.unity.test-framework/UnityEditor.TestRunner/TestRunner/EditorEnumeratorTestWorkItem.cs - Importer: ScriptedImporter/UnityEditor.QuickSearchModule:UnityEditor.Search:ASIAI0B' with importer (ScriptedImporter : UnityEditor.QuickSearchModule:UnityEditor.Search:ASIAI0B)
Imported 'GUID: 1ebc1994f9a3d5649a1201d3a84b38df' -> (Import Result ID: '26bfe13b45d35a91274cf8e7a41fc892') in 0.002 seconds [static and dynamic dependencies]. Details - ImportResultOutputID=11ee5d4cceb4eb72c626fbba327e3aee DependenciesID=c8f84b256a6da544e1ffa890789ca8f0 StaticDependenciesID=b6a9a3b86269b0e2314f180a312048da 
Number of updated asset objects reloaded before import = 0
Number of asset objects unloaded after import = 0
========================================================================
Received Import Request.
  Time of request: 2026-10-01T08:15:24.2824606Z
  Time since last request: 0.0004551 seconds.
  importAddress: GUID: 78776d25d6504b16a629856dba391764 - Path: Packages/com.unity.test-framework/UnityEditor.TestRunner/UnityTestProtocol/DeterministicGuid.cs - Importer: ScriptedImporter/UnityEditor.QuickSearchModule:UnityEditor.Search:ASIAI0B
Importing 'GUID: 78776d25d6504b16a629856dba391764 - Path: Packages/com.unity.test-framework/UnityEditor.TestRunner/UnityTestProtocol/DeterministicGuid.cs - Importer: ScriptedImporter/UnityEditor.QuickSearchModule:UnityEditor.Search:ASIAI0B' with importer (ScriptedImporter : UnityEditor.QuickSearchModule:UnityEditor.Search:ASIAI0B)
Imported 'GUID: 78776d25d6504b16a629856dba391764' -> (Import Result ID: 'a0ecb3cf6c78bf90382bcd824d691619') in 0.002 seconds [static and dynamic dependencies]. Details - ImportResultOutputID=c4b44521ae27f7f52ed31c31a898d831 DependenciesID=54dae41954a4e549e4f982e38ad96e69 StaticDependenciesID=e0c131ed3666daf60610986f2343ed27 
Number of updated asset objects reloaded before import = 0
Number of asset objects unloaded after import = 0
========================================================================
Received Import Request.
  Time of request: 2026-10-01T08:15:24.2928446Z
  Time since last request: 0.000288 seconds.
  importAddress: GUID: 319fe8cda376431bb7987d94f916819b - Path: Packages/com.unity.test-framework/UnityEditor.TestRunner/UnityTestProtocol/UtpMessageBuilder.cs - Importer: ScriptedImporter/UnityEditor.QuickSearchModule:UnityEditor.Search:ASIAI0B
Importing 'GUID: 319fe8cda376431bb7987d94f916819b - Path: Packages/com.unity.test-framework/UnityEditor.TestRunner/UnityTestProtocol/UtpMessageBuilder.cs - Importer: ScriptedImporter/UnityEditor.QuickSearchModule:UnityEditor.Search:ASIAI0B' with importer (ScriptedImporter : UnityEditor.QuickSearchModule:UnityEditor.Search:ASIAI0B)
Imported 'GUID: 319fe8cda376431bb7987d94f916819b' -> (Import Result ID: '093dd7438226908dd1e29f84769332d2') in 0.002 seconds [static and dynamic dependencies]. Details - ImportResultOutputID=e1dcc5d903f9525066904c9625d112a0 DependenciesID=1d25f6bf50078be16a4f5cb03168efb8 StaticDependenciesID=e9288374afc86d82bafa9aa59a779634 
Number of updated asset objects reloaded before import = 0
Number of asset objects unloaded after import = 0
========================================================================
Received Import Request.
  Time of request: 2026-10-01T08:15:24.3036964Z
  Time since last request: 0.0003837 seconds.
  importAddress: GUID: 3dde15f260b0dd1469e60d16eaa795dc - Path: Packages/com.unity.test-framework/UnityEditor.TestRunner/TestRunner/EditmodeWorkItemFactory.cs - Importer: ScriptedImporter/UnityEditor.QuickSearchModule:UnityEditor.Search:ASIAI0B
Importing 'GUID: 3dde15f260b0dd1469e60d16eaa795dc - Path: Packages/com.unity.test-framework/UnityEditor.TestRunner/TestRunner/EditmodeWorkItemFactory.cs - Importer: ScriptedImporter/UnityEditor.QuickSearchModule:UnityEditor.Search:ASIAI0B' with importer (ScriptedImporter : UnityEditor.QuickSearchModule:UnityEditor.Search:ASIAI0B)
Imported 'GUID: 3dde15f260b0dd1469e60d16eaa795dc' -> (Import Result ID: 'd9e7486b85ea7272adc28a7dc0f30f9a') in 0.002 seconds [static and dynamic dependencies]. Details - ImportResultOutputID=9306b9b6b86947e64dfcf6e62ea4c54d DependenciesID=324ca8023f0220e6a1ec6c06f9f3aec6 StaticDependenciesID=0f53fdcce648a1525cf9e012e89b357f 
Number of updated asset objects reloaded before import = 0
Number of asset objects unloaded after import = 0
========================================================================
Received Import Request.
  Time of request: 2026-10-01T08:15:24.3143913Z
  Time since last request: 0.0002757 seconds.
  importAddress: GUID: 9650d910fcaefb34cb45f121c1993892 - Path: Packages/com.unity.test-framework/UnityEngine.TestRunner/Assertions/InvalidSignatureException.cs - Importer: ScriptedImporter/UnityEditor.QuickSearchModule:UnityEditor.Search:ASIAI0B
Importing 'GUID: 9650d910fcaefb34cb45f121c1993892 - Path: Packages/com.unity.test-framework/UnityEngine.TestRunner/Assertions/InvalidSignatureException.cs - Importer: ScriptedImporter/UnityEditor.QuickSearchModule:UnityEditor.Search:ASIAI0B' with importer (ScriptedImporter : UnityEditor.QuickSearchModule:UnityEditor.Search:ASIAI0B)
Imported 'GUID: 9650d910fcaefb34cb45f121c1993892' -> (Import Result ID: '65b389817ebb5de8bb19e060fde0dab2') in 0.002 seconds [static and dynamic dependencies]. Details - ImportResultOutputID=a6bed1ad7d8384efa41803f8fafdb534 DependenciesID=6bdbf1bc23585a2c073a1f04b21d38b3 StaticDependenciesID=d7c257952aa301017607efb096a6d872 
Number of updated asset objects reloaded before import = 0
Number of asset objects unloaded after import = 0
========================================================================
Received Import Request.
  Time of request: 2026-10-01T08:15:24.3243343Z
  Time since last request: 0.0003449 seconds.
  importAddress: GUID: ffb335140c799c4408411d81789fb05c - Path: Packages/com.unity.test-framework/UnityEngine.TestRunner/Assertions/UnityTestTimeoutException.cs - Importer: ScriptedImporter/UnityEditor.QuickSearchModule:UnityEditor.Search:ASIAI0B
Importing 'GUID: ffb335140c799c4408411d81789fb05c - Path: Packages/com.unity.test-framework/UnityEngine.TestRunner/Assertions/UnityTestTimeoutException.cs - Importer: ScriptedImporter/UnityEditor.QuickSearchModule:UnityEditor.Search:ASIAI0B' with importer (ScriptedImporter : UnityEditor.QuickSearchModule:UnityEditor.Search:ASIAI0B)
Imported 'GUID: ffb335140c799c4408411d81789fb05c' -> (Import Result ID: '47841c4c222a4ca4c04a6f2a09c66c5c') in 0.002 seconds [static and dynamic dependencies]. Details - ImportResultOutputID=2e49e5bfccbdf86016245267a3e42430 DependenciesID=9489459b59d1483a8668b43d66943abb StaticDependenciesID=5c05da5d8b7e627dcbb1f08fe2cd9333 
Number of updated asset objects reloaded before import = 0
Number of asset objects unloaded after import = 0
========================================================================
Received Import Request.
  Time of request: 2026-10-01T08:15:24.3346035Z
  Time since last request: 0.0002347 seconds.
  importAddress: GUID: 901b761c5c1e22d4e8a3ba7d95bc1f5d - Path: Packages/com.unity.test-framework/UnityEditor.TestRunner/TestRunner/EnumeratorStepHelper.cs - Importer: ScriptedImporter/UnityEditor.QuickSearchModule:UnityEditor.Search:ASIAI0B
Importing 'GUID: 901b761c5c1e22d4e8a3ba7d95bc1f5d - Path: Packages/com.unity.test-framework/UnityEditor.TestRunner/TestRunner/EnumeratorStepHelper.cs - Importer: ScriptedImporter/UnityEditor.QuickSearchModule:UnityEditor.Search:ASIAI0B' with importer (ScriptedImporter : UnityEditor.QuickSearchModule:UnityEditor.Search:ASIAI0B)
Imported 'GUID: 901b761c5c1e22d4e8a3ba7d95bc1f5d' -> (Import Result ID: '3e92547ef832d7bb60ee8aa2ffa01501') in 0.002 seconds [static and dynamic dependencies]. Details - ImportResultOutputID=039e54f4710122829babe2fc8957c1df DependenciesID=587cb88ff1bdb0fb23ea3ae0758ee02d StaticDependenciesID=4c1d6a373c4d3471c3fdbdf1288a0f49 
Number of updated asset objects reloaded before import = 0
Number of asset objects unloaded after import = 0
========================================================================
Received Import Request.
  Time of request: 2026-10-01T08:15:24.3587725Z
  Time since last request: 0.0145426 seconds.
  importAddress: GUID: ff67c526455160f4690a44f74dee4cbe - Path: Packages/com.unity.test-framework/UnityEngine.TestRunner/Utils/IPostBuildCleanup.cs - Importer: ScriptedImporter/UnityEditor.QuickSearchModule:UnityEditor.Search:ASIAI0B
Importing 'GUID: ff67c526455160f4690a44f74dee4cbe - Path: Packages/com.unity.test-framework/UnityEngine.TestRunner/Utils/IPostBuildCleanup.cs - Importer: ScriptedImporter/UnityEditor.QuickSearchModule:UnityEditor.Search:ASIAI0B' with importer (ScriptedImporter : UnityEditor.QuickSearchModule:UnityEditor.Search:ASIAI0B)
Imported 'GUID: ff67c526455160f4690a44f74dee4cbe' -> (Import Result ID: '3b68c7454e67d5a0e635fda27984984b') in 0.002 seconds [static and dynamic dependencies]. Details - ImportResultOutputID=09fdace2024d64fdbcb336db93ececad DependenciesID=831a2d72f7a1675294c9cf0a4e119d36 StaticDependenciesID=67f69c9bf6c34726df08d55dd1fdc593 
Number of updated asset objects reloaded before import = 0
Number of asset objects unloaded after import = 0
========================================================================
Received Import Request.
  Time of request: 2026-10-01T08:15:24.3698913Z
  Time since last request: 0.000211 seconds.
  importAddress: GUID: 65701ebe8bada6b4785e9c7afe7f5bee - Path: Packages/com.unity.test-framework/UnityEngine.TestRunner/Utils/Vector2ComparerWithEqualsOperator.cs - Importer: ScriptedImporter/UnityEditor.QuickSearchModule:UnityEditor.Search:ASIAI0B
Importing 'GUID: 65701ebe8bada6b4785e9c7afe7f5bee - Path: Packages/com.unity.test-framework/UnityEngine.TestRunner/Utils/Vector2ComparerWithEqualsOperator.cs - Importer: ScriptedImporter/UnityEditor.QuickSearchModule:UnityEditor.Search:ASIAI0B' with importer (ScriptedImporter : UnityEditor.QuickSearchModule:UnityEditor.Search:ASIAI0B)
Imported 'GUID: 65701ebe8bada6b4785e9c7afe7f5bee' -> (Import Result ID: 'f1e103951405e6cb5b0093575d1c4f61') in 0.002 seconds [static and dynamic dependencies]. Details - ImportResultOutputID=556335d59cc76c982e7b758aa28c2788 DependenciesID=afb8da8e3a6fde0913f8e02383765ea5 StaticDependenciesID=1069afa9685ff28076db0800929fae9a 
Number of updated asset objects reloaded before import = 0
Number of asset objects unloaded after import = 0
========================================================================
Received Import Request.
  Time of request: 2026-10-01T08:15:24.3807487Z
  Time since last request: 0.0003829 seconds.
  importAddress: GUID: b9c2a6302985d3846b7b9f6fd9e2da9a - Path: Packages/com.unity.test-framework/UnityEngine.TestRunner/Utils/IOuterUnityTestAction.cs - Importer: ScriptedImporter/UnityEditor.QuickSearchModule:UnityEditor.Search:ASIAI0B
Importing 'GUID: b9c2a6302985d3846b7b9f6fd9e2da9a - Path: Packages/com.unity.test-framework/UnityEngine.TestRunner/Utils/IOuterUnityTestAction.cs - Importer: ScriptedImporter/UnityEditor.QuickSearchModule:UnityEditor.Search:ASIAI0B' with importer (ScriptedImporter : UnityEditor.QuickSearchModule:UnityEditor.Search:ASIAI0B)
Imported 'GUID: b9c2a6302985d3846b7b9f6fd9e2da9a' -> (Import Result ID: '0729c5d1eed2a0687ed9747bf9328a3b') in 0.002 seconds [static and dynamic dependencies]. Details - ImportResultOutputID=82281c90d0c65bd9442906beaca9eaa5 DependenciesID=c5c94f8ad94822dad88fa207052cae71 StaticDependenciesID=9cd04d28b5d78932a6d7537f6f938f5e 
Number of updated asset objects reloaded before import = 0
Number of asset objects unloaded after import = 0
========================================================================
Received Import Request.
  Time of request: 2026-10-01T08:15:24.3904166Z
  Time since last request: 0.0003732 seconds.
  importAddress: GUID: 4bd2bc28ff24d5c488844851cb785db0 - Path: Packages/com.unity.test-framework/UnityEngine.TestRunner/Utils/Vector3EqualityComparer.cs - Importer: ScriptedImporter/UnityEditor.QuickSearchModule:UnityEditor.Search:ASIAI0B
Importing 'GUID: 4bd2bc28ff24d5c488844851cb785db0 - Path: Packages/com.unity.test-framework/UnityEngine.TestRunner/Utils/Vector3EqualityComparer.cs - Importer: ScriptedImporter/UnityEditor.QuickSearchModule:UnityEditor.Search:ASIAI0B' with importer (ScriptedImporter : UnityEditor.QuickSearchModule:UnityEditor.Search:ASIAI0B)
Imported 'GUID: 4bd2bc28ff24d5c488844851cb785db0' -> (Import Result ID: 'f3b6211a8ad96d52193252c1c1335952') in 0.002 seconds [static and dynamic dependencies]. Details - ImportResultOutputID=d98e321256687b96cc9ef67fc7fe2ef2 DependenciesID=2665393e74267c2e4326d76e4e7b2b04 StaticDependenciesID=91455cb8ead7dea462bd4c8cdfecebbf 
Number of updated asset objects reloaded before import = 0
Number of asset objects unloaded after import = 0
========================================================================
Received Import Request.
  Time of request: 2026-10-01T08:15:24.413159Z
  Time since last request: 0.012526 seconds.
  importAddress: GUID: ce87c287371edde43a4b5fcfdee7b9ef - Path: Packages/com.unity.test-framework/UnityEditor.TestRunner/GUI/TestListTreeView/TestListTreeViewDataSource.cs - Importer: ScriptedImporter/UnityEditor.QuickSearchModule:UnityEditor.Search:ASIAI0B
Importing 'GUID: ce87c287371edde43a4b5fcfdee7b9ef - Path: Packages/com.unity.test-framework/UnityEditor.TestRunner/GUI/TestListTreeView/TestListTreeViewDataSource.cs - Importer: ScriptedImporter/UnityEditor.QuickSearchModule:UnityEditor.Search:ASIAI0B' with importer (ScriptedImporter : UnityEditor.QuickSearchModule:UnityEditor.Search:ASIAI0B)
Imported 'GUID: ce87c287371edde43a4b5fcfdee7b9ef' -> (Import Result ID: '2a05a59d393c4403aeb702c6546d946a') in 0.002 seconds [static and dynamic dependencies]. Details - ImportResultOutputID=b70f8f6c46ef22d87d1f11968c6eda98 DependenciesID=47b9825b76da86ddc009478f0ae5a195 StaticDependenciesID=e538818c186595e241e47e4e0bffa2bf 
Number of updated asset objects reloaded before import = 0
Number of asset objects unloaded after import = 0
========================================================================
Received Import Request.
  Time of request: 2026-10-01T08:15:24.4254817Z
  Time since last request: 0.0022544 seconds.
  importAddress: GUID: b8abb41ceb6f62c45a00197ae59224c1 - Path: Packages/com.unity.test-framework/UnityEditor.TestRunner/GUI/Views/TestListGUIBase.cs - Importer: ScriptedImporter/UnityEditor.QuickSearchModule:UnityEditor.Search:ASIAI0B
Importing 'GUID: b8abb41ceb6f62c45a00197ae59224c1 - Path: Packages/com.unity.test-framework/UnityEditor.TestRunner/GUI/Views/TestListGUIBase.cs - Importer: ScriptedImporter/UnityEditor.QuickSearchModule:UnityEditor.Search:ASIAI0B' with importer (ScriptedImporter : UnityEditor.QuickSearchModule:UnityEditor.Search:ASIAI0B)
Imported 'GUID: b8abb41ceb6f62c45a00197ae59224c1' -> (Import Result ID: '8e4684e6612b47ba7ad9dbeddf6beb75') in 0.002 seconds [static and dynamic dependencies]. Details - ImportResultOutputID=a41680c21188e94b9b87cfd8cc1e27cf DependenciesID=ee95827b20ff876eaf06ad5ff4948151 StaticDependenciesID=9d98866598ef9dfd2c9ad6d8c8038057 
Number of updated asset objects reloaded before import = 0
Number of asset objects unloaded after import = 0
========================================================================
Received Import Request.
  Time of request: 2026-10-01T08:15:24.4365475Z
  Time since last request: 0.0004989 seconds.
  importAddress: GUID: 84300802bfca1472f86e2179fa2a8ed7 - Path: Packages/com.unity.test-framework/UnityEditor.TestRunner/TestLaunchers/Helpers/TestFiltering.cs - Importer: ScriptedImporter/UnityEditor.QuickSearchModule:UnityEditor.Search:ASIAI0B
Importing 'GUID: 84300802bfca1472f86e2179fa2a8ed7 - Path: Packages/com.unity.test-framework/UnityEditor.TestRunner/TestLaunchers/Helpers/TestFiltering.cs - Importer: ScriptedImporter/UnityEditor.QuickSearchModule:UnityEditor.Search:ASIAI0B' with importer (ScriptedImporter : UnityEditor.QuickSearchModule:UnityEditor.Search:ASIAI0B)
Imported 'GUID: 84300802bfca1472f86e2179fa2a8ed7' -> (Import Result ID: '8cca2ef8958b4330f0e6e20d2d82864e') in 0.002 seconds [static and dynamic dependencies]. Details - ImportResultOutputID=add2ea016091eeb3b0bdce97e1c8f47f DependenciesID=fc1b34f69be0a9d6638cab33e0648529 StaticDependenciesID=c7fa15b132511511786d0ee0f10980ac 
Number of updated asset objects reloaded before import = 0
Number of asset objects unloaded after import = 0
========================================================================
Received Import Request.
  Time of request: 2026-10-01T08:15:24.4489242Z
  Time since last request: 0.0002852 seconds.
  importAddress: GUID: 5d4de3d4682a8d641907cc75e4fb950e - Path: Packages/com.unity.test-framework/UnityEditor.TestRunner/TestLaunchers/Helpers/AttributeFinderBase.cs - Importer: ScriptedImporter/UnityEditor.QuickSearchModule:UnityEditor.Search:ASIAI0B
Importing 'GUID: 5d4de3d4682a8d641907cc75e4fb950e - Path: Packages/com.unity.test-framework/UnityEditor.TestRunner/TestLaunchers/Helpers/AttributeFinderBase.cs - Importer: ScriptedImporter/UnityEditor.QuickSearchModule:UnityEditor.Search:ASIAI0B' with importer (ScriptedImporter : UnityEditor.QuickSearchModule:UnityEditor.Search:ASIAI0B)
Imported 'GUID: 5d4de3d4682a8d641907cc75e4fb950e' -> (Import Result ID: '48a285d00326aecf19e199edfbe87a89') in 0.003 seconds [static and dynamic dependencies]. Details - ImportResultOutputID=83775d4271c1745d8ee7ba18a105ff15 DependenciesID=4dff7cbd79a7f02ad429df68599789e0 StaticDependenciesID=6c9f095e7da228f2e3334b9b36914780 
Number of updated asset objects reloaded before import = 0
Number of asset objects unloaded after import = 0
========================================================================
Received Import Request.
  Time of request: 2026-10-01T08:15:24.4615467Z
  Time since last request: 0.0002787 seconds.
  importAddress: GUID: 2a0bd678385f98e4d8eabdfc07d62b4f - Path: Packages/com.unity.test-framework/UnityEditor.TestRunner/TestLaunchers/Helpers/PlayerLauncherBuildOptions.cs - Importer: ScriptedImporter/UnityEditor.QuickSearchModule:UnityEditor.Search:ASIAI0B
Importing 'GUID: 2a0bd678385f98e4d8eabdfc07d62b4f - Path: Packages/com.unity.test-framework/UnityEditor.TestRunner/TestLaunchers/Helpers/PlayerLauncherBuildOptions.cs - Importer: ScriptedImporter/UnityEditor.QuickSearchModule:UnityEditor.Search:ASIAI0B' with importer (ScriptedImporter : UnityEditor.QuickSearchModule:UnityEditor.Search:ASIAI0B)
Imported 'GUID: 2a0bd678385f98e4d8eabdfc07d62b4f' -> (Import Result ID: '4f0ea5c8dbdbe82f577e2aeaf6cfcb4f') in 0.002 seconds [static and dynamic dependencies]. Details - ImportResultOutputID=86964f9b35f4d5c69ede0d152cf000f9 DependenciesID=33b43e9a3e45f3d28473b3996bdf653d StaticDependenciesID=ebbd20659969686aac10e752c89b50e3 
Number of updated asset objects reloaded before import = 0
Number of asset objects unloaded after import = 0
========================================================================
Received Import Request.
  Time of request: 2026-10-01T08:15:24.4717788Z
  Time since last request: 0.0002803 seconds.
  importAddress: GUID: adf7bea9401c1834380d55601add6cfb - Path: Packages/com.unity.test-framework/UnityEditor.TestRunner/TestLaunchers/PlatformSetup/SwitchPlatformSetup.cs - Importer: ScriptedImporter/UnityEditor.QuickSearchModule:UnityEditor.Search:ASIAI0B
Importing 'GUID: adf7bea9401c1834380d55601add6cfb - Path: Packages/com.unity.test-framework/UnityEditor.TestRunner/TestLaunchers/PlatformSetup/SwitchPlatformSetup.cs - Importer: ScriptedImporter/UnityEditor.QuickSearchModule:UnityEditor.Search:ASIAI0B' with importer (ScriptedImporter : UnityEditor.QuickSearchModule:UnityEditor.Search:ASIAI0B)
Imported 'GUID: adf7bea9401c1834380d55601add6cfb' -> (Import Result ID: '55dc587e47a2a816db573caca9d7dc17') in 0.002 seconds [static and dynamic dependencies]. Details - ImportResultOutputID=f570b3cdafca89c4c3a3dbd84b8c533c DependenciesID=1605e1c6b5b2fcba24c21ffe4dfae239 StaticDependenciesID=fe8a61b9fc851f4e7513da3bb9d138c0 
Number of updated asset objects reloaded before import = 0
Number of asset objects unloaded after import = 0
========================================================================
Received Import Request.
  Time of request: 2026-10-01T08:15:24.5016606Z
  Time since last request: 0.0198923 seconds.
  importAddress: GUID: 28c8fcb831e6e734a9f564bc4f495eba - Path: Packages/com.unity.test-framework/UnityEditor.TestRunner/TestRunner/Utils/IEditorCompilationInterfaceProxy.cs - Importer: ScriptedImporter/UnityEditor.QuickSearchModule:UnityEditor.Search:ASIAI0B
Importing 'GUID: 28c8fcb831e6e734a9f564bc4f495eba - Path: Packages/com.unity.test-framework/UnityEditor.TestRunner/TestRunner/Utils/IEditorCompilationInterfaceProxy.cs - Importer: ScriptedImporter/UnityEditor.QuickSearchModule:UnityEditor.Search:ASIAI0B' with importer (ScriptedImporter : UnityEditor.QuickSearchModule:UnityEditor.Search:ASIAI0B)
Imported 'GUID: 28c8fcb831e6e734a9f564bc4f495eba' -> (Import Result ID: '6c1911baf7bd4494f1cd9a73f10698cb') in 0.002 seconds [static and dynamic dependencies]. Details - ImportResultOutputID=43d52ce82ebf6a4231d0413680260580 DependenciesID=920d527845b19c4ad07077a2f5163bbc StaticDependenciesID=7f22ee7c5d5a2a56474add629a68c290 
Number of updated asset objects reloaded before import = 0
Number of asset objects unloaded after import = 0
========================================================================
Received Import Request.
  Time of request: 2026-10-01T08:15:24.5118832Z
  Time since last request: 0.0004056 seconds.
  importAddress: GUID: aa5e75ed0aae4030a1720d08f7a5322e - Path: Packages/com.unity.test-framework/UnityEditor.TestRunner/UnityTestProtocol/Messages/PlayerSettingsMessage.cs - Importer: ScriptedImporter/UnityEditor.QuickSearchModule:UnityEditor.Search:ASIAI0B
Importing 'GUID: aa5e75ed0aae4030a1720d08f7a5322e - Path: Packages/com.unity.test-framework/UnityEditor.TestRunner/UnityTestProtocol/Messages/PlayerSettingsMessage.cs - Importer: ScriptedImporter/UnityEditor.QuickSearchModule:UnityEditor.Search:ASIAI0B' with importer (ScriptedImporter : UnityEditor.QuickSearchModule:UnityEditor.Search:ASIAI0B)
Imported 'GUID: aa5e75ed0aae4030a1720d08f7a5322e' -> (Import Result ID: 'fadd69f24fa46c63f5db43f895074a7a') in 0.001 seconds [static and dynamic dependencies]. Details - ImportResultOutputID=b7aa048cc2ef3b48c7629e13084c76b1 DependenciesID=abbc1bc6dfcd5e95b6f671e0f390af8d StaticDependenciesID=8821ac3868c342112ce00680aa35a260 
Number of updated asset objects reloaded before import = 0
Number of asset objects unloaded after import = 0
========================================================================
Received Import Request.
  Time of request: 2026-10-01T08:15:24.5216085Z
  Time since last request: 0.00036 seconds.
  importAddress: GUID: b4246555189b5ee43b4857220f9fd29b - Path: Packages/com.unity.test-framework/UnityEditor.TestRunner/TestRun/Tasks/EditModeRunTask.cs - Importer: ScriptedImporter/UnityEditor.QuickSearchModule:UnityEditor.Search:ASIAI0B
Importing 'GUID: b4246555189b5ee43b4857220f9fd29b - Path: Packages/com.unity.test-framework/UnityEditor.TestRunner/TestRun/Tasks/EditModeRunTask.cs - Importer: ScriptedImporter/UnityEditor.QuickSearchModule:UnityEditor.Search:ASIAI0B' with importer (ScriptedImporter : UnityEditor.QuickSearchModule:UnityEditor.Search:ASIAI0B)
Imported 'GUID: b4246555189b5ee43b4857220f9fd29b' -> (Import Result ID: 'a65a1c9b223b39277ae654563c7a2fbc') in 0.002 seconds [static and dynamic dependencies]. Details - ImportResultOutputID=65dbd94d297d81fd78be6eb65fcbfda8 DependenciesID=28be491d0b14ff4696a4735facd3a37b StaticDependenciesID=898101cd5a11b2cedae299c7336b3273 
Number of updated asset objects reloaded before import = 0
Number of asset objects unloaded after import = 0
========================================================================
Received Import Request.
  Time of request: 2026-10-01T08:15:24.5318212Z
  Time since last request: 0.0004667 seconds.
  importAddress: GUID: 408674d91d506a54aac9a7f07951c018 - Path: Packages/com.unity.test-framework/UnityEditor.TestRunner/TestRunner/Messages/ExitPlayMode.cs - Importer: ScriptedImporter/UnityEditor.QuickSearchModule:UnityEditor.Search:ASIAI0B
Importing 'GUID: 408674d91d506a54aac9a7f07951c018 - Path: Packages/com.unity.test-framework/UnityEditor.TestRunner/TestRunner/Messages/ExitPlayMode.cs - Importer: ScriptedImporter/UnityEditor.QuickSearchModule:UnityEditor.Search:ASIAI0B' with importer (ScriptedImporter : UnityEditor.QuickSearchModule:UnityEditor.Search:ASIAI0B)
Imported 'GUID: 408674d91d506a54aac9a7f07951c018' -> (Import Result ID: '72fecf7619952e3fc5d88e3d53eeb754') in 0.002 seconds [static and dynamic dependencies]. Details - ImportResultOutputID=8cd8ee55c56cbe13a2118371ec00e6a4 DependenciesID=e6b3f798b2a739b3e729db046491b3ce StaticDependenciesID=0f206f0e693adb6099b0841843c78bac 
Number of updated asset objects reloaded before import = 0
Number of asset objects unloaded after import = 0
========================================================================
Received Import Request.
  Time of request: 2026-10-01T08:15:24.5420417Z
  Time since last request: 0.0002836 seconds.
  importAddress: GUID: 01aa6c4633a44c2ca43e69d35747cb80 - Path: Packages/com.unity.test-framework/UnityEditor.TestRunner/TestRun/Tasks/SetupConstructDelegatorTask.cs - Importer: ScriptedImporter/UnityEditor.QuickSearchModule:UnityEditor.Search:ASIAI0B
Importing 'GUID: 01aa6c4633a44c2ca43e69d35747cb80 - Path: Packages/com.unity.test-framework/UnityEditor.TestRunner/TestRun/Tasks/SetupConstructDelegatorTask.cs - Importer: ScriptedImporter/UnityEditor.QuickSearchModule:UnityEditor.Search:ASIAI0B' with importer (ScriptedImporter : UnityEditor.QuickSearchModule:UnityEditor.Search:ASIAI0B)
Imported 'GUID: 01aa6c4633a44c2ca43e69d35747cb80' -> (Import Result ID: '67625c19b94bd1c08baef8ac0c9e7211') in 0.002 seconds [static and dynamic dependencies]. Details - ImportResultOutputID=dcc26bd606cd7a41e2a56ff07a1eff58 DependenciesID=5d80e3dbd80ef7ceb2d8efba8f4cb09f StaticDependenciesID=270148d50ea2d152e4d4959f65756a12 
Number of updated asset objects reloaded before import = 0
Number of asset objects unloaded after import = 0
========================================================================
Received Import Request.
  Time of request: 2026-10-01T08:15:24.553361Z
  Time since last request: 0.0004695 seconds.
  importAddress: GUID: 033c884ba52437d49bc55935939ef1c6 - Path: Packages/com.unity.test-framework/UnityEditor.TestRunner/TestRunner/Utils/EditorLoadedTestAssemblyProvider.cs - Importer: ScriptedImporter/UnityEditor.QuickSearchModule:UnityEditor.Search:ASIAI0B
Importing 'GUID: 033c884ba52437d49bc55935939ef1c6 - Path: Packages/com.unity.test-framework/UnityEditor.TestRunner/TestRunner/Utils/EditorLoadedTestAssemblyProvider.cs - Importer: ScriptedImporter/UnityEditor.QuickSearchModule:UnityEditor.Search:ASIAI0B' with importer (ScriptedImporter : UnityEditor.QuickSearchModule:UnityEditor.Search:ASIAI0B)
Imported 'GUID: 033c884ba52437d49bc55935939ef1c6' -> (Import Result ID: '35ca1067db1a7875e7e53b01e698f68f') in 0.002 seconds [static and dynamic dependencies]. Details - ImportResultOutputID=61f12c5d55cf16a05986a4c704a2dbcb DependenciesID=c1a3f74b9c8f9eb99207ba48ef4b0f0d StaticDependenciesID=aa33a1f14f0d1e9cfe9192d6629f734e 
Number of updated asset objects reloaded before import = 0
Number of asset objects unloaded after import = 0
========================================================================
Received Import Request.
  Time of request: 2026-10-01T08:15:24.5647393Z
  Time since last request: 0.0003361 seconds.
  importAddress: GUID: 93eb6389f4fb6924987867ce0bc339ee - Path: Packages/com.unity.test-framework/UnityEditor.TestRunner/TestRun/Tasks/CleanupVerificationTask.cs - Importer: ScriptedImporter/UnityEditor.QuickSearchModule:UnityEditor.Search:ASIAI0B
Importing 'GUID: 93eb6389f4fb6924987867ce0bc339ee - Path: Packages/com.unity.test-framework/UnityEditor.TestRunner/TestRun/Tasks/CleanupVerificationTask.cs - Importer: ScriptedImporter/UnityEditor.QuickSearchModule:UnityEditor.Search:ASIAI0B' with importer (ScriptedImporter : UnityEditor.QuickSearchModule:UnityEditor.Search:ASIAI0B)
Imported 'GUID: 93eb6389f4fb6924987867ce0bc339ee' -> (Import Result ID: 'c6d4677017618e08586920b97725269e') in 0.002 seconds [static and dynamic dependencies]. Details - ImportResultOutputID=9d7873074b0a07b647cbc6007f7c7fa4 DependenciesID=3ea9b2f631a77ed06e94c0d22e45d795 StaticDependenciesID=91493ec60df8a7687e278b179ffb4e2b 
Number of updated asset objects reloaded before import = 0
Number of asset objects unloaded after import = 0
========================================================================
Received Import Request.
  Time of request: 2026-10-01T08:15:24.57592Z
  Time since last request: 0.0003305 seconds.
  importAddress: GUID: 23383565f01f46dfa583710e5108e443 - Path: Packages/com.unity.test-framework/UnityEditor.TestRunner/TestRun/Tasks/MarkRunAsPlayModeTask.cs - Importer: ScriptedImporter/UnityEditor.QuickSearchModule:UnityEditor.Search:ASIAI0B
Importing 'GUID: 23383565f01f46dfa583710e5108e443 - Path: Packages/com.unity.test-framework/UnityEditor.TestRunner/TestRun/Tasks/MarkRunAsPlayModeTask.cs - Importer: ScriptedImporter/UnityEditor.QuickSearchModule:UnityEditor.Search:ASIAI0B' with importer (ScriptedImporter : UnityEditor.QuickSearchModule:UnityEditor.Search:ASIAI0B)
Imported 'GUID: 23383565f01f46dfa583710e5108e443' -> (Import Result ID: 'e3a47b15e72d54033b96f880fa060996') in 0.002 seconds [static and dynamic dependencies]. Details - ImportResultOutputID=7370d19c98ec09cdbea053566c026984 DependenciesID=ec7e59221e851cf62d1766c0d2e97da0 StaticDependenciesID=3dbc73e4c22a008a555cb0bcb994db31 
Number of updated asset objects reloaded before import = 0
Number of asset objects unloaded after import = 0
========================================================================
Received Import Request.
  Time of request: 2026-10-01T08:15:24.5909498Z
  Time since last request: 0.0056607 seconds.
  importAddress: GUID: 423fe2ef878fa1140a7e1f7f9e365815 - Path: Packages/com.unity.test-framework/UnityEditor.TestRunner/UnityTestProtocol/Messages/TestFinishedMessage.cs - Importer: ScriptedImporter/UnityEditor.QuickSearchModule:UnityEditor.Search:ASIAI0B
Importing 'GUID: 423fe2ef878fa1140a7e1f7f9e365815 - Path: Packages/com.unity.test-framework/UnityEditor.TestRunner/UnityTestProtocol/Messages/TestFinishedMessage.cs - Importer: ScriptedImporter/UnityEditor.QuickSearchModule:UnityEditor.Search:ASIAI0B' with importer (ScriptedImporter : UnityEditor.QuickSearchModule:UnityEditor.Search:ASIAI0B)
Imported 'GUID: 423fe2ef878fa1140a7e1f7f9e365815' -> (Import Result ID: 'dc838100aea288b853c2945dd68d2616') in 0.002 seconds [static and dynamic dependencies]. Details - ImportResultOutputID=dc317ca28edbdd3077b36e8576487d69 DependenciesID=f474d58ee43353f1e28778cb4cfb1232 StaticDependenciesID=b5739470981549a9426d026a5699d45f 
Number of updated asset objects reloaded before import = 0
Number of asset objects unloaded after import = 0
========================================================================
Received Import Request.
  Time of request: 2026-10-01T08:15:24.6017521Z
  Time since last request: 0.0004144 seconds.
  importAddress: GUID: e9c53c5109a7498ca4408e53f2593b1a - Path: Packages/com.unity.test-framework/UnityEngine.TestRunner/NUnitExtensions/Attributes/ParametrizedIgnoreAttribute.cs - Importer: ScriptedImporter/UnityEditor.QuickSearchModule:UnityEditor.Search:ASIAI0B
Importing 'GUID: e9c53c5109a7498ca4408e53f2593b1a - Path: Packages/com.unity.test-framework/UnityEngine.TestRunner/NUnitExtensions/Attributes/ParametrizedIgnoreAttribute.cs - Importer: ScriptedImporter/UnityEditor.QuickSearchModule:UnityEditor.Search:ASIAI0B' with importer (ScriptedImporter : UnityEditor.QuickSearchModule:UnityEditor.Search:ASIAI0B)
Imported 'GUID: e9c53c5109a7498ca4408e53f2593b1a' -> (Import Result ID: '0d30166891f3ad6b6b2db1ba7af0ceef') in 0.002 seconds [static and dynamic dependencies]. Details - ImportResultOutputID=dfd6fa49ddc8a0be86181ebd36432628 DependenciesID=cf772a6eded783159a2679b83a4d7c0c StaticDependenciesID=6bc2ab64498717a7a0229a8738357471 
Number of updated asset objects reloaded before import = 0
Number of asset objects unloaded after import = 0
========================================================================
Received Import Request.
  Time of request: 2026-10-01T08:15:24.6119057Z
  Time since last request: 0.000468 seconds.
  importAddress: GUID: 7d2d4145ec6c42dabb2d7af8e58224db - Path: Packages/com.unity.test-framework/UnityEngine.TestRunner/NUnitExtensions/Commands/TimeoutCommand.cs - Importer: ScriptedImporter/UnityEditor.QuickSearchModule:UnityEditor.Search:ASIAI0B
Importing 'GUID: 7d2d4145ec6c42dabb2d7af8e58224db - Path: Packages/com.unity.test-framework/UnityEngine.TestRunner/NUnitExtensions/Commands/TimeoutCommand.cs - Importer: ScriptedImporter/UnityEditor.QuickSearchModule:UnityEditor.Search:ASIAI0B' with importer (ScriptedImporter : UnityEditor.QuickSearchModule:UnityEditor.Search:ASIAI0B)
Imported 'GUID: 7d2d4145ec6c42dabb2d7af8e58224db' -> (Import Result ID: 'df6b5445f32535ba57fe99b5d7811ed5') in 0.002 seconds [static and dynamic dependencies]. Details - ImportResultOutputID=f296adb33bf44508136ab3e1c17f064a DependenciesID=9a3fdc408940ce23a835378c9f31d0ac StaticDependenciesID=81e30e6bb42fd888efac2eeb3ef7a497 
Number of updated asset objects reloaded before import = 0
Number of asset objects unloaded after import = 0
========================================================================
Received Import Request.
  Time of request: 2026-10-01T08:15:24.6231071Z
  Time since last request: 0.0003581 seconds.
  importAddress: GUID: 3936a208997f4266b0b2d48aaca1e904 - Path: Packages/com.unity.test-framework/UnityEditor.TestRunner/UnityTestProtocol/Messages/ScreenSettingsMessage.cs - Importer: ScriptedImporter/UnityEditor.QuickSearchModule:UnityEditor.Search:ASIAI0B
Importing 'GUID: 3936a208997f4266b0b2d48aaca1e904 - Path: Packages/com.unity.test-framework/UnityEditor.TestRunner/UnityTestProtocol/Messages/ScreenSettingsMessage.cs - Importer: ScriptedImporter/UnityEditor.QuickSearchModule:UnityEditor.Search:ASIAI0B' with importer (ScriptedImporter : UnityEditor.QuickSearchModule:UnityEditor.Search:ASIAI0B)
Imported 'GUID: 3936a208997f4266b0b2d48aaca1e904' -> (Import Result ID: '8a98fbbeaaf8c32fedd28b8fbe8a783a') in 0.002 seconds [static and dynamic dependencies]. Details - ImportResultOutputID=f8e0090bc3f2d3b36930b8d7e60741b3 DependenciesID=1fe8dd461bd12f81ded066dc17469444 StaticDependenciesID=e3a67a3861f987e936ef2c7d8ceb04e7 
Number of updated asset objects reloaded before import = 0
Number of asset objects unloaded after import = 0
========================================================================
Received Import Request.
  Time of request: 2026-10-01T08:15:24.6332242Z
  Time since last request: 0.0003736 seconds.
  importAddress: GUID: ff0aad009559b814ffc27001341fc1c3 - Path: Packages/com.unity.test-framework/UnityEngine.TestRunner/NUnitExtensions/Attributes/EnumeratorHelper.cs - Importer: ScriptedImporter/UnityEditor.QuickSearchModule:UnityEditor.Search:ASIAI0B
Importing 'GUID: ff0aad009559b814ffc27001341fc1c3 - Path: Packages/com.unity.test-framework/UnityEngine.TestRunner/NUnitExtensions/Attributes/EnumeratorHelper.cs - Importer: ScriptedImporter/UnityEditor.QuickSearchModule:UnityEditor.Search:ASIAI0B' with importer (ScriptedImporter : UnityEditor.QuickSearchModule:UnityEditor.Search:ASIAI0B)
Imported 'GUID: ff0aad009559b814ffc27001341fc1c3' -> (Import Result ID: '700c5bdde348019a5a0ea0c6b0ef64f3') in 0.002 seconds [static and dynamic dependencies]. Details - ImportResultOutputID=c55f6e9ba1a6420f31344053b059b7b5 DependenciesID=f22972160711fa935489ccc1e4d53c25 StaticDependenciesID=41aa532b1db034c3a84ba42fcd3847e7 
Number of updated asset objects reloaded before import = 0
Number of asset objects unloaded after import = 0
========================================================================
Received Import Request.
  Time of request: 2026-10-01T08:15:24.6432279Z
  Time since last request: 0.0007409 seconds.
  importAddress: GUID: 3b4429eff9fcffb48b006e8edcc90338 - Path: Packages/com.unity.test-framework/UnityEngine.TestRunner/NUnitExtensions/Commands/EnumerableApplyChangesToContextCommand.cs - Importer: ScriptedImporter/UnityEditor.QuickSearchModule:UnityEditor.Search:ASIAI0B
Importing 'GUID: 3b4429eff9fcffb48b006e8edcc90338 - Path: Packages/com.unity.test-framework/UnityEngine.TestRunner/NUnitExtensions/Commands/EnumerableApplyChangesToContextCommand.cs - Importer: ScriptedImporter/UnityEditor.QuickSearchModule:UnityEditor.Search:ASIAI0B' with importer (ScriptedImporter : UnityEditor.QuickSearchModule:UnityEditor.Search:ASIAI0B)
Imported 'GUID: 3b4429eff9fcffb48b006e8edcc90338' -> (Import Result ID: 'a6d1dbeb66439e5ee98d96eeae1cd87d') in 0.002 seconds [static and dynamic dependencies]. Details - ImportResultOutputID=c8da19172bc9123d09c4180043d6dad3 DependenciesID=73788a61de3736e5940798cef19968fc StaticDependenciesID=c04268c26c7607793574ddec26260957 
Number of updated asset objects reloaded before import = 0
Number of asset objects unloaded after import = 0
========================================================================
Received Import Request.
  Time of request: 2026-10-01T08:15:24.6529869Z
  Time since last request: 0.0003923 seconds.
  importAddress: GUID: 64f0c7c73db2d32469a5208a3cff96de - Path: Packages/com.unity.test-framework/UnityEngine.TestRunner/NUnitExtensions/Attributes/UnityOneTimeSetUpAttribute.cs - Importer: ScriptedImporter/UnityEditor.QuickSearchModule:UnityEditor.Search:ASIAI0B
Importing 'GUID: 64f0c7c73db2d32469a5208a3cff96de - Path: Packages/com.unity.test-framework/UnityEngine.TestRunner/NUnitExtensions/Attributes/UnityOneTimeSetUpAttribute.cs - Importer: ScriptedImporter/UnityEditor.QuickSearchModule:UnityEditor.Search:ASIAI0B' with importer (ScriptedImporter : UnityEditor.QuickSearchModule:UnityEditor.Search:ASIAI0B)
Imported 'GUID: 64f0c7c73db2d32469a5208a3cff96de' -> (Import Result ID: '3cb0bb2f23867ef08923f10fd8f4d2ce') in 0.002 seconds [static and dynamic dependencies]. Details - ImportResultOutputID=a148378581e6362b6c4aff5898479332 DependenciesID=1b01865057d0f65d3d003ce033b82025 StaticDependenciesID=b2c39af83d4c2abd2ca69ec313804598 
Number of updated asset objects reloaded before import = 0
Number of asset objects unloaded after import = 0
========================================================================
Received Import Request.
  Time of request: 2026-10-01T08:15:24.6806378Z
  Time since last request: 0.0173853 seconds.
  importAddress: GUID: 881143a1a3652e343bdcc07166d6f6f6 - Path: Packages/com.unity.test-framework/UnityEditor.TestRunner/TestRun/Tasks/Scene/SaveModifiedSceneTask.cs - Importer: ScriptedImporter/UnityEditor.QuickSearchModule:UnityEditor.Search:ASIAI0B
Importing 'GUID: 881143a1a3652e343bdcc07166d6f6f6 - Path: Packages/com.unity.test-framework/UnityEditor.TestRunner/TestRun/Tasks/Scene/SaveModifiedSceneTask.cs - Importer: ScriptedImporter/UnityEditor.QuickSearchModule:UnityEditor.Search:ASIAI0B' with importer (ScriptedImporter : UnityEditor.QuickSearchModule:UnityEditor.Search:ASIAI0B)
Imported 'GUID: 881143a1a3652e343bdcc07166d6f6f6' -> (Import Result ID: 'e1dea11c8ad28d972f8d255edb8402a2') in 0.002 seconds [static and dynamic dependencies]. Details - ImportResultOutputID=fd7f46c1000a5cbe1024c6abb71e7e69 DependenciesID=b8b501a336f8d3392cd39b4eff865aae StaticDependenciesID=7621de63596c64e45bde438e67ff1fb0 
Number of updated asset objects reloaded before import = 0
Number of asset objects unloaded after import = 0
========================================================================
Received Import Request.
  Time of request: 2026-10-01T08:15:24.6925506Z
  Time since last request: 0.0004018 seconds.
  importAddress: GUID: 9b1a5759726ef9d39a0ab82047b615f1 - Path: Packages/com.unity.modules.hierarchycore/package.json - Importer: ScriptedImporter/UnityEditor.QuickSearchModule:UnityEditor.Search:ASIAI0B
Importing 'GUID: 9b1a5759726ef9d39a0ab82047b615f1 - Path: Packages/com.unity.modules.hierarchycore/package.json - Importer: ScriptedImporter/UnityEditor.QuickSearchModule:UnityEditor.Search:ASIAI0B' with importer (ScriptedImporter : UnityEditor.QuickSearchModule:UnityEditor.Search:ASIAI0B)
Imported 'GUID: 9b1a5759726ef9d39a0ab82047b615f1' -> (Import Result ID: 'b0bdbe7daac4839dcb1adc725eaff5f1') in 0.002 seconds [static and dynamic dependencies]. Details - ImportResultOutputID=e13aabd486ab05c75a9c922bff67a8cb DependenciesID=81906b3d27980bc23054f6f66ebe5b3c StaticDependenciesID=fce92ec5282ed28456140216b3db54f3 
Number of updated asset objects reloaded before import = 0
Number of asset objects unloaded after import = 1
========================================================================
Received Import Request.
  Time of request: 2026-10-01T08:15:24.7035949Z
  Time since last request: 0.0002314 seconds.
  importAddress: GUID: 59ff995fabb3bac45afa0f96f333e5dc - Path: Packages/com.unity.test-framework/UnityEngine.TestRunner/NUnitExtensions/Runner/UnityTestExecutionContext.cs - Importer: ScriptedImporter/UnityEditor.QuickSearchModule:UnityEditor.Search:ASIAI0B
Importing 'GUID: 59ff995fabb3bac45afa0f96f333e5dc - Path: Packages/com.unity.test-framework/UnityEngine.TestRunner/NUnitExtensions/Runner/UnityTestExecutionContext.cs - Importer: ScriptedImporter/UnityEditor.QuickSearchModule:UnityEditor.Search:ASIAI0B' with importer (ScriptedImporter : UnityEditor.QuickSearchModule:UnityEditor.Search:ASIAI0B)
Imported 'GUID: 59ff995fabb3bac45afa0f96f333e5dc' -> (Import Result ID: 'e9a66654f8122abb7fe1e51f43b93134') in 0.001 seconds [static and dynamic dependencies]. Details - ImportResultOutputID=302d2ece7563ecfdb3d92c19d3b3242b DependenciesID=f4eb0a56ba939204ee59b6032e5b9c12 StaticDependenciesID=c2782b078e943466fe3cb9399b3a3311 
Number of updated asset objects reloaded before import = 0
Number of asset objects unloaded after import = 0
========================================================================
Received Import Request.
  Time of request: 2026-10-01T08:15:24.7152408Z
  Time since last request: 0.0003549 seconds.
  importAddress: GUID: 57e7d752d8e6494b9aca2f2724b98761 - Path: Packages/com.unity.test-framework/UnityEditor.TestRunner/TestRun/Tasks/Platform/PlatformSpecificSuccessfulBuildTask.cs - Importer: ScriptedImporter/UnityEditor.QuickSearchModule:UnityEditor.Search:ASIAI0B
Importing 'GUID: 57e7d752d8e6494b9aca2f2724b98761 - Path: Packages/com.unity.test-framework/UnityEditor.TestRunner/TestRun/Tasks/Platform/PlatformSpecificSuccessfulBuildTask.cs - Importer: ScriptedImporter/UnityEditor.QuickSearchModule:UnityEditor.Search:ASIAI0B' with importer (ScriptedImporter : UnityEditor.QuickSearchModule:UnityEditor.Search:ASIAI0B)
Imported 'GUID: 57e7d752d8e6494b9aca2f2724b98761' -> (Import Result ID: 'd49f49a1c5c7b7c5015c8acf5c015c45') in 0.002 seconds [static and dynamic dependencies]. Details - ImportResultOutputID=16d55ad879a45ebc90db72116e13a53e DependenciesID=1904f7b5d8702e90c4db2edbcec3a348 StaticDependenciesID=4dc58ce3fe06bb96749095d949a37e34 
Number of updated asset objects reloaded before import = 0
Number of asset objects unloaded after import = 0
========================================================================
Received Import Request.
  Time of request: 2026-10-01T08:15:24.7267294Z
  Time since last request: 0.0003946 seconds.
  importAddress: GUID: e1ef8466c8fd01a549f10baa4d51fa17 - Path: Packages/com.unity.modules.assetbundle/package.json - Importer: ScriptedImporter/UnityEditor.QuickSearchModule:UnityEditor.Search:ASIAI0B
Importing 'GUID: e1ef8466c8fd01a549f10baa4d51fa17 - Path: Packages/com.unity.modules.assetbundle/package.json - Importer: ScriptedImporter/UnityEditor.QuickSearchModule:UnityEditor.Search:ASIAI0B' with importer (ScriptedImporter : UnityEditor.QuickSearchModule:UnityEditor.Search:ASIAI0B)
Imported 'GUID: e1ef8466c8fd01a549f10baa4d51fa17' -> (Import Result ID: 'eebc90df1e20e2ecfe7da9d56a071248') in 0.002 seconds [static and dynamic dependencies]. Details - ImportResultOutputID=7c896b7e4d3b9db85126f77d6a05fc37 DependenciesID=e91a75d1b57ec219b7c6f69fb1c3657c StaticDependenciesID=5dabe7362c20c202b77fe5a7e34c0af6 
Number of updated asset objects reloaded before import = 0
Number of asset objects unloaded after import = 1
========================================================================
Received Import Request.
  Time of request: 2026-10-01T08:15:24.7396698Z
  Time since last request: 0.0003001 seconds.
  importAddress: GUID: 03e4d63665d06f04c8a6cf68133c1592 - Path: Packages/com.unity.test-framework/UnityEngine.TestRunner/TestRunner/RemoteHelpers/RemoteTestResultData.cs - Importer: ScriptedImporter/UnityEditor.QuickSearchModule:UnityEditor.Search:ASIAI0B
Importing 'GUID: 03e4d63665d06f04c8a6cf68133c1592 - Path: Packages/com.unity.test-framework/UnityEngine.TestRunner/TestRunner/RemoteHelpers/RemoteTestResultData.cs - Importer: ScriptedImporter/UnityEditor.QuickSearchModule:UnityEditor.Search:ASIAI0B' with importer (ScriptedImporter : UnityEditor.QuickSearchModule:UnityEditor.Search:ASIAI0B)
Imported 'GUID: 03e4d63665d06f04c8a6cf68133c1592' -> (Import Result ID: '997f24574d2ed60a5317cc428e6810ab') in 0.002 seconds [static and dynamic dependencies]. Details - ImportResultOutputID=606a0c4d5128d1e86f59fe275802ef3a DependenciesID=d554884df9686a647a9a3dab37eb319d StaticDependenciesID=323c40c026c112d405250f2951fcb706 
Number of updated asset objects reloaded before import = 0
Number of asset objects unloaded after import = 0
========================================================================
Received Import Request.
  Time of request: 2026-10-01T08:15:24.7511158Z
  Time since last request: 0.0004914 seconds.
  importAddress: GUID: 874e40a588dbb1e48bc128d686337d4e - Path: Packages/com.unity.test-framework/UnityEngine.TestRunner/NUnitExtensions/Runner/UnityTestAssemblyRunner.cs - Importer: ScriptedImporter/UnityEditor.QuickSearchModule:UnityEditor.Search:ASIAI0B
Importing 'GUID: 874e40a588dbb1e48bc128d686337d4e - Path: Packages/com.unity.test-framework/UnityEngine.TestRunner/NUnitExtensions/Runner/UnityTestAssemblyRunner.cs - Importer: ScriptedImporter/UnityEditor.QuickSearchModule:UnityEditor.Search:ASIAI0B' with importer (ScriptedImporter : UnityEditor.QuickSearchModule:UnityEditor.Search:ASIAI0B)
Imported 'GUID: 874e40a588dbb1e48bc128d686337d4e' -> (Import Result ID: 'fa290c6f11b7b17f0721abcd99dff26e') in 0.002 seconds [static and dynamic dependencies]. Details - ImportResultOutputID=6240302b291914b56d1b79716408ac08 DependenciesID=0e8f9e261c444e5c5d6dedbf98e65c58 StaticDependenciesID=d0254a64b5fed7f0032b7e3658ce799b 
Number of updated asset objects reloaded before import = 0
Number of asset objects unloaded after import = 0
========================================================================
Received Import Request.
  Time of request: 2026-10-01T08:15:24.7866685Z
  Time since last request: 0.0239435 seconds.
  importAddress: GUID: 3bbc200178984676a2dcb977a2fe3bae - Path: Packages/com.unity.inputsystem/DocCodeSamples.Tests/GamepadHapticsExample.cs - Importer: ScriptedImporter/UnityEditor.QuickSearchModule:UnityEditor.Search:ASIAI0B
Importing 'GUID: 3bbc200178984676a2dcb977a2fe3bae - Path: Packages/com.unity.inputsystem/DocCodeSamples.Tests/GamepadHapticsExample.cs - Importer: ScriptedImporter/UnityEditor.QuickSearchModule:UnityEditor.Search:ASIAI0B' with importer (ScriptedImporter : UnityEditor.QuickSearchModule:UnityEditor.Search:ASIAI0B)
Imported 'GUID: 3bbc200178984676a2dcb977a2fe3bae' -> (Import Result ID: 'd7424a3db2696e96083dca92950dd18b') in 0.002 seconds [static and dynamic dependencies]. Details - ImportResultOutputID=81116871610f380e7ec99cbc5aacb866 DependenciesID=7c1bc15b7d87c826ec31ba2fef990033 StaticDependenciesID=d73a90e1ccd0e6b856988f8702d4f496 
Number of updated asset objects reloaded before import = 0
Number of asset objects unloaded after import = 0
========================================================================
Received Import Request.
  Time of request: 2026-10-01T08:15:24.7979857Z
  Time since last request: 0.0002804 seconds.
  importAddress: GUID: 026e1117180341c1bf7847a2cc61f75b - Path: Packages/com.unity.inputsystem/DocCodeSamples.Tests/InputSystemUIInputModuleAssignActionsExample.cs - Importer: ScriptedImporter/UnityEditor.QuickSearchModule:UnityEditor.Search:ASIAI0B
Importing 'GUID: 026e1117180341c1bf7847a2cc61f75b - Path: Packages/com.unity.inputsystem/DocCodeSamples.Tests/InputSystemUIInputModuleAssignActionsExample.cs - Importer: ScriptedImporter/UnityEditor.QuickSearchModule:UnityEditor.Search:ASIAI0B' with importer (ScriptedImporter : UnityEditor.QuickSearchModule:UnityEditor.Search:ASIAI0B)
Imported 'GUID: 026e1117180341c1bf7847a2cc61f75b' -> (Import Result ID: 'fcf24e56faf772f61830024bf43cda27') in 0.003 seconds [static and dynamic dependencies]. Details - ImportResultOutputID=36f5e6d05987e6f4dc6ca12caff41230 DependenciesID=463289b791a6f67c482a1daa0922b691 StaticDependenciesID=1d26975469a939619cada73af95bede5 
Number of updated asset objects reloaded before import = 0
Number of asset objects unloaded after import = 0
========================================================================
Received Import Request.
  Time of request: 2026-10-01T08:15:24.8123234Z
  Time since last request: 0.0005459 seconds.
  importAddress: GUID: ba025c1c816ba7c42a1d28f1cefb9c66 - Path: Packages/com.unity.inputsystem/InputSystem/Runtime/IInputDiagnostics.cs - Importer: ScriptedImporter/UnityEditor.QuickSearchModule:UnityEditor.Search:ASIAI0B
Importing 'GUID: ba025c1c816ba7c42a1d28f1cefb9c66 - Path: Packages/com.unity.inputsystem/InputSystem/Runtime/IInputDiagnostics.cs - Importer: ScriptedImporter/UnityEditor.QuickSearchModule:UnityEditor.Search:ASIAI0B' with importer (ScriptedImporter : UnityEditor.QuickSearchModule:UnityEditor.Search:ASIAI0B)
Imported 'GUID: ba025c1c816ba7c42a1d28f1cefb9c66' -> (Import Result ID: '33d86463fa8775709c6a1b83a7afed46') in 0.002 seconds [static and dynamic dependencies]. Details - ImportResultOutputID=b191b8f66627c73a30254dd454e0e118 DependenciesID=6f7b19f3eedf2d9c02e6ce5c015aa092 StaticDependenciesID=a148e0147ff037d93eb6180decf149bf 
Number of updated asset objects reloaded before import = 0
Number of asset objects unloaded after import = 0
========================================================================
Received Import Request.
  Time of request: 2026-10-01T08:15:24.8276438Z
  Time since last request: 0.0004079 seconds.
  importAddress: GUID: 8143d3a8390f2c64685e3bc272bd9e90 - Path: Packages/com.unity.ext.nunit/package.json - Importer: ScriptedImporter/UnityEditor.QuickSearchModule:UnityEditor.Search:ASIAI0B
Importing 'GUID: 8143d3a8390f2c64685e3bc272bd9e90 - Path: Packages/com.unity.ext.nunit/package.json - Importer: ScriptedImporter/UnityEditor.QuickSearchModule:UnityEditor.Search:ASIAI0B' with importer (ScriptedImporter : UnityEditor.QuickSearchModule:UnityEditor.Search:ASIAI0B)
Imported 'GUID: 8143d3a8390f2c64685e3bc272bd9e90' -> (Import Result ID: '5e27edcc1f585152d3f1280b1b2076ce') in 0.002 seconds [static and dynamic dependencies]. Details - ImportResultOutputID=2e7394060d15ec4c6b41f00310d64d3f DependenciesID=8cb937a53588b7c887b4d7bf4b1c85f0 StaticDependenciesID=b4ad7680d937e97da45ce88468861aea 
Number of updated asset objects reloaded before import = 0
Number of asset objects unloaded after import = 1
========================================================================
Received Import Request.
  Time of request: 2026-10-01T08:15:24.8415279Z
  Time since last request: 0.0003738 seconds.
  importAddress: GUID: 40a0b3d771450454796d773d18ae0c31 - Path: Packages/com.unity.inputsystem/InputSystem/Editor/InputSystemPackageControl.cs - Importer: ScriptedImporter/UnityEditor.QuickSearchModule:UnityEditor.Search:ASIAI0B
Importing 'GUID: 40a0b3d771450454796d773d18ae0c31 - Path: Packages/com.unity.inputsystem/InputSystem/Editor/InputSystemPackageControl.cs - Importer: ScriptedImporter/UnityEditor.QuickSearchModule:UnityEditor.Search:ASIAI0B' with importer (ScriptedImporter : UnityEditor.QuickSearchModule:UnityEditor.Search:ASIAI0B)
Imported 'GUID: 40a0b3d771450454796d773d18ae0c31' -> (Import Result ID: '3976362e7efa494619d399145fe77a99') in 0.002 seconds [static and dynamic dependencies]. Details - ImportResultOutputID=8b6be85c11ec22012b826ffb4d648771 DependenciesID=f8e2f5487bba11879704107968a8fa35 StaticDependenciesID=62953e98dd3e85469a9028bfeb1dcb74 
Number of updated asset objects reloaded before import = 0
Number of asset objects unloaded after import = 0
========================================================================
Received Import Request.
  Time of request: 2026-10-01T08:15:24.880869Z
  Time since last request: 0.025259 seconds.
  importAddress: GUID: af8ecd25eda841f98ce3f6555888e43b - Path: Packages/com.unity.inputsystem/InputSystem/Editor/Analytics/InputEditorAnalytics.cs - Importer: ScriptedImporter/UnityEditor.QuickSearchModule:UnityEditor.Search:ASIAI0B
Importing 'GUID: af8ecd25eda841f98ce3f6555888e43b - Path: Packages/com.unity.inputsystem/InputSystem/Editor/Analytics/InputEditorAnalytics.cs - Importer: ScriptedImporter/UnityEditor.QuickSearchModule:UnityEditor.Search:ASIAI0B' with importer (ScriptedImporter : UnityEditor.QuickSearchModule:UnityEditor.Search:ASIAI0B)
Imported 'GUID: af8ecd25eda841f98ce3f6555888e43b' -> (Import Result ID: '90fd0f26a1721433303e0dc23df959ea') in 0.002 seconds [static and dynamic dependencies]. Details - ImportResultOutputID=962f5639ee970cf4bb47d905ce6e2e03 DependenciesID=de3fd6ed9e72172b2d44ae2b9bedf0be StaticDependenciesID=3d001136766885179d32c61def685286 
Number of updated asset objects reloaded before import = 0
Number of asset objects unloaded after import = 0
========================================================================
Received Import Request.
  Time of request: 2026-10-01T08:15:24.8929117Z
  Time since last request: 0.0005438 seconds.
  importAddress: GUID: f760afcbd6744a0e8c9d0b7039dda306 - Path: Packages/com.unity.inputsystem/InputSystem/Editor/Analytics/InputBuildAnalytic.cs - Importer: ScriptedImporter/UnityEditor.QuickSearchModule:UnityEditor.Search:ASIAI0B
Importing 'GUID: f760afcbd6744a0e8c9d0b7039dda306 - Path: Packages/com.unity.inputsystem/InputSystem/Editor/Analytics/InputBuildAnalytic.cs - Importer: ScriptedImporter/UnityEditor.QuickSearchModule:UnityEditor.Search:ASIAI0B' with importer (ScriptedImporter : UnityEditor.QuickSearchModule:UnityEditor.Search:ASIAI0B)
Imported 'GUID: f760afcbd6744a0e8c9d0b7039dda306' -> (Import Result ID: '96cad45d36031bb9921bc872e1b801ca') in 0.006 seconds [static and dynamic dependencies]. Details - ImportResultOutputID=8048d256390baee54af56a94fffc69b5 DependenciesID=42e8af7178fc47e00f3bcc27ab12d5f0 StaticDependenciesID=794d1deea6ebe7ac856d1b36da94c92f 
Number of updated asset objects reloaded before import = 0
Number of asset objects unloaded after import = 0
========================================================================
Received Import Request.
  Time of request: 2026-10-01T08:15:24.9083474Z
  Time since last request: 0.0003231 seconds.
  importAddress: GUID: 4b36e69515ff4a45be02062b5584e1a8 - Path: Packages/com.unity.inputsystem/InputSystem/Editor/Analytics/InputComponentEditorAnalytic.cs - Importer: ScriptedImporter/UnityEditor.QuickSearchModule:UnityEditor.Search:ASIAI0B
Importing 'GUID: 4b36e69515ff4a45be02062b5584e1a8 - Path: Packages/com.unity.inputsystem/InputSystem/Editor/Analytics/InputComponentEditorAnalytic.cs - Importer: ScriptedImporter/UnityEditor.QuickSearchModule:UnityEditor.Search:ASIAI0B' with importer (ScriptedImporter : UnityEditor.QuickSearchModule:UnityEditor.Search:ASIAI0B)
Imported 'GUID: 4b36e69515ff4a45be02062b5584e1a8' -> (Import Result ID: '3803dd9923c71fec16561db5e45a6b9e') in 0.002 seconds [static and dynamic dependencies]. Details - ImportResultOutputID=77b870d6abe3588768958309e1e8f254 DependenciesID=5fc60671095e7316080b14bd3232b7e7 StaticDependenciesID=ab02998b3565012cd0c851b2b15faea9 
Number of updated asset objects reloaded before import = 0
Number of asset objects unloaded after import = 0
========================================================================
Received Import Request.
  Time of request: 2026-10-01T08:15:24.9363703Z
  Time since last request: 0.0168775 seconds.
  importAddress: GUID: a85130d4e1e5b49878f8f51b2d4e0ded - Path: Packages/com.unity.inputsystem/InputSystem/Editor/AssetImporter/InputActionCodeGenerator.cs - Importer: ScriptedImporter/UnityEditor.QuickSearchModule:UnityEditor.Search:ASIAI0B
Importing 'GUID: a85130d4e1e5b49878f8f51b2d4e0ded - Path: Packages/com.unity.inputsystem/InputSystem/Editor/AssetImporter/InputActionCodeGenerator.cs - Importer: ScriptedImporter/UnityEditor.QuickSearchModule:UnityEditor.Search:ASIAI0B' with importer (ScriptedImporter : UnityEditor.QuickSearchModule:UnityEditor.Search:ASIAI0B)
Imported 'GUID: a85130d4e1e5b49878f8f51b2d4e0ded' -> (Import Result ID: 'ff3e162e95e42971ffe00a00c7e83143') in 0.003 seconds [static and dynamic dependencies]. Details - ImportResultOutputID=c5b2819752430d207c6157627cfb0cfb DependenciesID=034b1bd7ec6bcafb9e0161440dda80da StaticDependenciesID=8c003f6bf2c894feead5d7314d5b1b78 
Number of updated asset objects reloaded before import = 0
Number of asset objects unloaded after import = 0
========================================================================
Received Import Request.
  Time of request: 2026-10-01T08:15:24.9561909Z
  Time since last request: 0.005431 seconds.
  importAddress: GUID: 75f1bd16a0cc446448d0702e965aa290 - Path: Packages/com.unity.inputsystem/InputSystem/Editor/AssetImporter/InputActionImporterEditor.uss - Importer: ScriptedImporter/UnityEditor.QuickSearchModule:UnityEditor.Search:ASIAI0B
Importing 'GUID: 75f1bd16a0cc446448d0702e965aa290 - Path: Packages/com.unity.inputsystem/InputSystem/Editor/AssetImporter/InputActionImporterEditor.uss - Importer: ScriptedImporter/UnityEditor.QuickSearchModule:UnityEditor.Search:ASIAI0B' with importer (ScriptedImporter : UnityEditor.QuickSearchModule:UnityEditor.Search:ASIAI0B)
Imported 'GUID: 75f1bd16a0cc446448d0702e965aa290' -> (Import Result ID: '84afe1b2deb9b5551200b135584d8f42') in 0.003 seconds [static and dynamic dependencies]. Details - ImportResultOutputID=7b900d29c96bd54483ba2aaaa740ebe7 DependenciesID=6e580582d23a89746a28eb167d948327 StaticDependenciesID=ad3504a15e2818c4fba10b7b091205e3 
Number of updated asset objects reloaded before import = 0
Number of asset objects unloaded after import = 1
========================================================================
Received Import Request.
  Time of request: 2026-10-01T08:15:24.9721602Z
  Time since last request: 0.0004117 seconds.
  importAddress: GUID: 83070f7befc0b4deeb2cfde76b5a9002 - Path: Packages/com.unity.inputsystem/InputSystem/Editor/ControlPicker/InputControlDropdownItem.cs - Importer: ScriptedImporter/UnityEditor.QuickSearchModule:UnityEditor.Search:ASIAI0B
Importing 'GUID: 83070f7befc0b4deeb2cfde76b5a9002 - Path: Packages/com.unity.inputsystem/InputSystem/Editor/ControlPicker/InputControlDropdownItem.cs - Importer: ScriptedImporter/UnityEditor.QuickSearchModule:UnityEditor.Search:ASIAI0B' with importer (ScriptedImporter : UnityEditor.QuickSearchModule:UnityEditor.Search:ASIAI0B)
Imported 'GUID: 83070f7befc0b4deeb2cfde76b5a9002' -> (Import Result ID: 'd5144203ed06b7c5d46ff5a750bf8251') in 0.002 seconds [static and dynamic dependencies]. Details - ImportResultOutputID=338a9d70cea9ca3d7c8392040c2176b4 DependenciesID=b3597457c1b6b34b3ed6c6cb2df0ee05 StaticDependenciesID=b9002ac7a608112d2d5dec31bec516b5 
Number of updated asset objects reloaded before import = 0
Number of asset objects unloaded after import = 0
========================================================================
Received Import Request.
  Time of request: 2026-10-01T08:15:24.9873464Z
  Time since last request: 0.0004531 seconds.
  importAddress: GUID: e01ab4b854c6d4fa3a8d869b67ecd643 - Path: Packages/com.unity.inputsystem/InputSystem/Editor/Icons/d_Axis@4x.png - Importer: ScriptedImporter/UnityEditor.QuickSearchModule:UnityEditor.Search:ASIAI0B
Importing 'GUID: e01ab4b854c6d4fa3a8d869b67ecd643 - Path: Packages/com.unity.inputsystem/InputSystem/Editor/Icons/d_Axis@4x.png - Importer: ScriptedImporter/UnityEditor.QuickSearchModule:UnityEditor.Search:ASIAI0B' with importer (ScriptedImporter : UnityEditor.QuickSearchModule:UnityEditor.Search:ASIAI0B)
Imported 'GUID: e01ab4b854c6d4fa3a8d869b67ecd643' -> (Import Result ID: '8a3fa5b5f02cfa69c94dbb7cc089327b') in 0.007 seconds [static and dynamic dependencies]. Details - ImportResultOutputID=f01784ccafab4c5eb26210d5ad5b8273 DependenciesID=84b28c3b146cb630b2c061922b1e7a1f StaticDependenciesID=e0021c728e0ab60e7c50debcd304ece7 
Number of updated asset objects reloaded before import = 0
Number of asset objects unloaded after import = 1
========================================================================
Received Import Request.
  Time of request: 2026-10-01T08:15:25.0035727Z
  Time since last request: 0.0003024 seconds.
  importAddress: GUID: ea7d19a9cdd73486689f292cc9d38018 - Path: Packages/com.unity.inputsystem/InputSystem/Editor/Debugger/InputDeviceDebuggerWindow.cs - Importer: ScriptedImporter/UnityEditor.QuickSearchModule:UnityEditor.Search:ASIAI0B
Importing 'GUID: ea7d19a9cdd73486689f292cc9d38018 - Path: Packages/com.unity.inputsystem/InputSystem/Editor/Debugger/InputDeviceDebuggerWindow.cs - Importer: ScriptedImporter/UnityEditor.QuickSearchModule:UnityEditor.Search:ASIAI0B' with importer (ScriptedImporter : UnityEditor.QuickSearchModule:UnityEditor.Search:ASIAI0B)
Imported 'GUID: ea7d19a9cdd73486689f292cc9d38018' -> (Import Result ID: 'acc433d244f0499e693ddeee12826fb8') in 0.002 seconds [static and dynamic dependencies]. Details - ImportResultOutputID=5c8bb89112ed6faf1fd0121033832a84 DependenciesID=b91f012a72a700009f638b075998efa7 StaticDependenciesID=08a932ea53365290293d0aedfce6064f 
Number of updated asset objects reloaded before import = 0
Number of asset objects unloaded after import = 0
========================================================================
Received Import Request.
  Time of request: 2026-10-01T08:15:25.0141449Z
  Time since last request: 0.000394 seconds.
  importAddress: GUID: ba304f5556a3a4fac98d126883083e7e - Path: Packages/com.unity.inputsystem/InputSystem/Editor/Icons/ChevronDown.png - Importer: ScriptedImporter/UnityEditor.QuickSearchModule:UnityEditor.Search:ASIAI0B
Importing 'GUID: ba304f5556a3a4fac98d126883083e7e - Path: Packages/com.unity.inputsystem/InputSystem/Editor/Icons/ChevronDown.png - Importer: ScriptedImporter/UnityEditor.QuickSearchModule:UnityEditor.Search:ASIAI0B' with importer (ScriptedImporter : UnityEditor.QuickSearchModule:UnityEditor.Search:ASIAI0B)
Imported 'GUID: ba304f5556a3a4fac98d126883083e7e' -> (Import Result ID: 'ccac41f6de656bb3ceafa4d6897f7df8') in 0.004 seconds [static and dynamic dependencies]. Details - ImportResultOutputID=208bfd9b69fa92ec5dc131862183b475 DependenciesID=e6d5a7f91d5e56961d0c16b2b7e5800b StaticDependenciesID=1404be07d37e82d2e001d05c6cb6d4e6 
Number of updated asset objects reloaded before import = 0
Number of asset objects unloaded after import = 1
========================================================================
Received Import Request.
  Time of request: 2026-10-01T08:15:25.0277627Z
  Time since last request: 0.0004492 seconds.
  importAddress: GUID: 0de917098a5b848b1a371e570928ce10 - Path: Packages/com.unity.inputsystem/InputSystem/Editor/Icons/d_ChevronDown@4x.png - Importer: ScriptedImporter/UnityEditor.QuickSearchModule:UnityEditor.Search:ASIAI0B
Importing 'GUID: 0de917098a5b848b1a371e570928ce10 - Path: Packages/com.unity.inputsystem/InputSystem/Editor/Icons/d_ChevronDown@4x.png - Importer: ScriptedImporter/UnityEditor.QuickSearchModule:UnityEditor.Search:ASIAI0B' with importer (ScriptedImporter : UnityEditor.QuickSearchModule:UnityEditor.Search:ASIAI0B)
Imported 'GUID: 0de917098a5b848b1a371e570928ce10' -> (Import Result ID: '7fa5a79d5bdd722c4d0916435008f40c') in 0.005 seconds [static and dynamic dependencies]. Details - ImportResultOutputID=c4e5a390994dd505ce04e66c3f4ab6e2 DependenciesID=a63d6b001e2f270feaa06b6bae9d1151 StaticDependenciesID=8ce43861a07cb590b6a2fbcdf858808c 
Number of updated asset objects reloaded before import = 0
Number of asset objects unloaded after import = 1
========================================================================
Received Import Request.
  Time of request: 2026-10-01T08:15:25.0425024Z
  Time since last request: 0.0003154 seconds.
  importAddress: GUID: a4bbff684804d4c84b61cd0256cd2360 - Path: Packages/com.unity.inputsystem/InputSystem/Editor/Icons/d_Add Binding.png - Importer: ScriptedImporter/UnityEditor.QuickSearchModule:UnityEditor.Search:ASIAI0B
Importing 'GUID: a4bbff684804d4c84b61cd0256cd2360 - Path: Packages/com.unity.inputsystem/InputSystem/Editor/Icons/d_Add Binding.png - Importer: ScriptedImporter/UnityEditor.QuickSearchModule:UnityEditor.Search:ASIAI0B' with importer (ScriptedImporter : UnityEditor.QuickSearchModule:UnityEditor.Search:ASIAI0B)
Imported 'GUID: a4bbff684804d4c84b61cd0256cd2360' -> (Import Result ID: 'bb44844a2319ce73a0935571a5edddf4') in 0.005 seconds [static and dynamic dependencies]. Details - ImportResultOutputID=31568c631c6fc112ef9b917bf9b13c47 DependenciesID=e7a26d2813baa4eea6cd330e07c3045b StaticDependenciesID=493ed486913309be50edf5628efefc88 
Number of updated asset objects reloaded before import = 0
Number of asset objects unloaded after import = 1
========================================================================
Received Import Request.
  Time of request: 2026-10-01T08:15:25.0568444Z
  Time since last request: 0.0006063 seconds.
  importAddress: GUID: 060ae4265f580481f9bc2f2e7ab367ef - Path: Packages/com.unity.inputsystem/InputSystem/Editor/AssetEditor/PropertiesViewBase.cs - Importer: ScriptedImporter/UnityEditor.QuickSearchModule:UnityEditor.Search:ASIAI0B
Importing 'GUID: 060ae4265f580481f9bc2f2e7ab367ef - Path: Packages/com.unity.inputsystem/InputSystem/Editor/AssetEditor/PropertiesViewBase.cs - Importer: ScriptedImporter/UnityEditor.QuickSearchModule:UnityEditor.Search:ASIAI0B' with importer (ScriptedImporter : UnityEditor.QuickSearchModule:UnityEditor.Search:ASIAI0B)
Imported 'GUID: 060ae4265f580481f9bc2f2e7ab367ef' -> (Import Result ID: '242cbc907426a526f705fb43b0004f92') in 0.002 seconds [static and dynamic dependencies]. Details - ImportResultOutputID=428b16bac5955ccd9dacfe21c962a3b4 DependenciesID=9723f39ad39207af1006ae6090b64c42 StaticDependenciesID=4740bb5b0494001b5c852dbc68b7f68e 
Number of updated asset objects reloaded before import = 0
Number of asset objects unloaded after import = 0
========================================================================
Received Import Request.
  Time of request: 2026-10-01T08:15:25.0673938Z
  Time since last request: 0.0003289 seconds.
  importAddress: GUID: aa356632480554016ab8f4200032981b - Path: Packages/com.unity.inputsystem/InputSystem/Editor/Icons/Button@4x.png - Importer: ScriptedImporter/UnityEditor.QuickSearchModule:UnityEditor.Search:ASIAI0B
Importing 'GUID: aa356632480554016ab8f4200032981b - Path: Packages/com.unity.inputsystem/InputSystem/Editor/Icons/Button@4x.png - Importer: ScriptedImporter/UnityEditor.QuickSearchModule:UnityEditor.Search:ASIAI0B' with importer (ScriptedImporter : UnityEditor.QuickSearchModule:UnityEditor.Search:ASIAI0B)
Imported 'GUID: aa356632480554016ab8f4200032981b' -> (Import Result ID: '19e7510912322b4f67e9a924b3813f15') in 0.005 seconds [static and dynamic dependencies]. Details - ImportResultOutputID=310c42f3d0f317a46271c578a50bb039 DependenciesID=5be63e13fd84674bd12df1d8d1f15dea StaticDependenciesID=fa5ab50709cf37e8c61838deb798aba2 
Number of updated asset objects reloaded before import = 0
Number of asset objects unloaded after import = 1
========================================================================
Received Import Request.
  Time of request: 2026-10-01T08:15:25.0853769Z
  Time since last request: 0.0041753 seconds.
  importAddress: GUID: 264ffc05d7d2841d5a6065854b6282ca - Path: Packages/com.unity.inputsystem/InputSystem/Editor/Icons/d_Mouse.png - Importer: ScriptedImporter/UnityEditor.QuickSearchModule:UnityEditor.Search:ASIAI0B
Importing 'GUID: 264ffc05d7d2841d5a6065854b6282ca - Path: Packages/com.unity.inputsystem/InputSystem/Editor/Icons/d_Mouse.png - Importer: ScriptedImporter/UnityEditor.QuickSearchModule:UnityEditor.Search:ASIAI0B' with importer (ScriptedImporter : UnityEditor.QuickSearchModule:UnityEditor.Search:ASIAI0B)
Imported 'GUID: 264ffc05d7d2841d5a6065854b6282ca' -> (Import Result ID: '3d109f7b1f396ce438fbf54cdee91488') in 0.006 seconds [static and dynamic dependencies]. Details - ImportResultOutputID=ed306cb61cf562d0c26964e864474cb9 DependenciesID=dbab8cd8d4e5a981ccb60c52758f02f9 StaticDependenciesID=4e8aeff4808518d4d2e80f02c5234a1c 
Number of updated asset objects reloaded before import = 0
Number of asset objects unloaded after import = 1
========================================================================
Received Import Request.
  Time of request: 2026-10-01T08:15:25.0998673Z
  Time since last request: 0.0002959 seconds.
  importAddress: GUID: ceaa885da02f84da195f87de12535da6 - Path: Packages/com.unity.inputsystem/InputSystem/Editor/Icons/d_Touch@2x.png - Importer: ScriptedImporter/UnityEditor.QuickSearchModule:UnityEditor.Search:ASIAI0B
Importing 'GUID: ceaa885da02f84da195f87de12535da6 - Path: Packages/com.unity.inputsystem/InputSystem/Editor/Icons/d_Touch@2x.png - Importer: ScriptedImporter/UnityEditor.QuickSearchModule:UnityEditor.Search:ASIAI0B' with importer (ScriptedImporter : UnityEditor.QuickSearchModule:UnityEditor.Search:ASIAI0B)
Imported 'GUID: ceaa885da02f84da195f87de12535da6' -> (Import Result ID: '36ba5a47f084e6fc2177797759167a72') in 0.006 seconds [static and dynamic dependencies]. Details - ImportResultOutputID=9f79d7f4fa568ac2a66c68fa71af3209 DependenciesID=3c535749b65f07bbfb004cdb2ead4da1 StaticDependenciesID=1bf828e42db8abd6f4baf5eb0d3530a6 
Number of updated asset objects reloaded before import = 0
Number of asset objects unloaded after import = 1
========================================================================
Received Import Request.
  Time of request: 2026-10-01T08:15:25.1167653Z
  Time since last request: 0.0003295 seconds.
  importAddress: GUID: 542599ad529004327a7b18f7b2a4aeb8 - Path: Packages/com.unity.inputsystem/InputSystem/Editor/Icons/d_Interactive Binding@3x.png - Importer: ScriptedImporter/UnityEditor.QuickSearchModule:UnityEditor.Search:ASIAI0B
Importing 'GUID: 542599ad529004327a7b18f7b2a4aeb8 - Path: Packages/com.unity.inputsystem/InputSystem/Editor/Icons/d_Interactive Binding@3x.png - Importer: ScriptedImporter/UnityEditor.QuickSearchModule:UnityEditor.Search:ASIAI0B' with importer (ScriptedImporter : UnityEditor.QuickSearchModule:UnityEditor.Search:ASIAI0B)
Imported 'GUID: 542599ad529004327a7b18f7b2a4aeb8' -> (Import Result ID: '7907134c54854cd1635dc40b5df3f1bc') in 0.006 seconds [static and dynamic dependencies]. Details - ImportResultOutputID=1236e29aa7e4bd59ad064004e7e27827 DependenciesID=605e76eff22c1c8cca45a1b74a653759 StaticDependenciesID=9f0d6808356553ded6ee6dbca1ba0709 
Number of updated asset objects reloaded before import = 0
Number of asset objects unloaded after import = 1
========================================================================
Received Import Request.
  Time of request: 2026-10-01T08:15:25.1321265Z
  Time since last request: 0.0003364 seconds.
  importAddress: GUID: ec85de66fa5b64dd984fdcc82f8f92b3 - Path: Packages/com.unity.inputsystem/InputSystem/Editor/Icons/InputControl.png - Importer: ScriptedImporter/UnityEditor.QuickSearchModule:UnityEditor.Search:ASIAI0B
Importing 'GUID: ec85de66fa5b64dd984fdcc82f8f92b3 - Path: Packages/com.unity.inputsystem/InputSystem/Editor/Icons/InputControl.png - Importer: ScriptedImporter/UnityEditor.QuickSearchModule:UnityEditor.Search:ASIAI0B' with importer (ScriptedImporter : UnityEditor.QuickSearchModule:UnityEditor.Search:ASIAI0B)
Imported 'GUID: ec85de66fa5b64dd984fdcc82f8f92b3' -> (Import Result ID: 'bcedead08d8ac8228af2ca15c489b651') in 0.004 seconds [static and dynamic dependencies]. Details - ImportResultOutputID=84403de1fc849a59944aefce0449591b DependenciesID=7f7a2f6994a78694610c1cafc60ce4a9 StaticDependenciesID=0477f99c4bd82bfa3c937a31d3e24989 
Number of updated asset objects reloaded before import = 0
Number of asset objects unloaded after import = 1
========================================================================
Received Import Request.
  Time of request: 2026-10-01T08:15:25.1461209Z
  Time since last request: 0.0002389 seconds.
  importAddress: GUID: 03c3559bb64164f7785cd1250e475250 - Path: Packages/com.unity.inputsystem/InputSystem/Editor/Icons/d_Stick@3x.png - Importer: ScriptedImporter/UnityEditor.QuickSearchModule:UnityEditor.Search:ASIAI0B
Importing 'GUID: 03c3559bb64164f7785cd1250e475250 - Path: Packages/com.unity.inputsystem/InputSystem/Editor/Icons/d_Stick@3x.png - Importer: ScriptedImporter/UnityEditor.QuickSearchModule:UnityEditor.Search:ASIAI0B' with importer (ScriptedImporter : UnityEditor.QuickSearchModule:UnityEditor.Search:ASIAI0B)
Imported 'GUID: 03c3559bb64164f7785cd1250e475250' -> (Import Result ID: '318b4f059eb69cbe984081dacd10223a') in 0.004 seconds [static and dynamic dependencies]. Details - ImportResultOutputID=8d9d20d9221d5b9b810bd232704c1653 DependenciesID=4c83d2dead39c6bf6a6bc2b5a8734e65 StaticDependenciesID=c6207b63c3a1bed504a03218650f9cce 
Number of updated asset objects reloaded before import = 0
Number of asset objects unloaded after import = 1
========================================================================
Received Import Request.
  Time of request: 2026-10-01T08:15:25.1589919Z
  Time since last request: 0.0004692 seconds.
  importAddress: GUID: f14e3a4027f834f16b235498ac15bb3f - Path: Packages/com.unity.inputsystem/InputSystem/Editor/Icons/d_Keyboard@2x.png - Importer: ScriptedImporter/UnityEditor.QuickSearchModule:UnityEditor.Search:ASIAI0B
Importing 'GUID: f14e3a4027f834f16b235498ac15bb3f - Path: Packages/com.unity.inputsystem/InputSystem/Editor/Icons/d_Keyboard@2x.png - Importer: ScriptedImporter/UnityEditor.QuickSearchModule:UnityEditor.Search:ASIAI0B' with importer (ScriptedImporter : UnityEditor.QuickSearchModule:UnityEditor.Search:ASIAI0B)
Imported 'GUID: f14e3a4027f834f16b235498ac15bb3f' -> (Import Result ID: '9d973e92b162b9039804b0ba42feb64c') in 0.006 seconds [static and dynamic dependencies]. Details - ImportResultOutputID=777407a094ba5dad541ee6745c8a441a DependenciesID=17e71195c216dede954036fb8e7f670f StaticDependenciesID=cac72ea8299168c12065929a521d9518 
Number of updated asset objects reloaded before import = 0
Number of asset objects unloaded after import = 1
========================================================================
Received Import Request.
  Time of request: 2026-10-01T08:15:25.1743077Z
  Time since last request: 0.0003797 seconds.
  importAddress: GUID: 1918e7bff8ff44878a0003977ca03971 - Path: Packages/com.unity.inputsystem/InputSystem/Editor/Icons/d_Mouse@4x.png - Importer: ScriptedImporter/UnityEditor.QuickSearchModule:UnityEditor.Search:ASIAI0B
Importing 'GUID: 1918e7bff8ff44878a0003977ca03971 - Path: Packages/com.unity.inputsystem/InputSystem/Editor/Icons/d_Mouse@4x.png - Importer: ScriptedImporter/UnityEditor.QuickSearchModule:UnityEditor.Search:ASIAI0B' with importer (ScriptedImporter : UnityEditor.QuickSearchModule:UnityEditor.Search:ASIAI0B)
Imported 'GUID: 1918e7bff8ff44878a0003977ca03971' -> (Import Result ID: 'cd03d1b84b6b5218bf4b7606f8354c1d') in 0.004 seconds [static and dynamic dependencies]. Details - ImportResultOutputID=d8365906665843f97d3c78cab8c8abd9 DependenciesID=a67e886452464e517086c76d0057e96d StaticDependenciesID=75e92bc97de7d58b962e1fd42fbc6e97 
Number of updated asset objects reloaded before import = 0
Number of asset objects unloaded after import = 1
========================================================================
Received Import Request.
  Time of request: 2026-10-01T08:15:25.1868185Z
  Time since last request: 0.000325 seconds.
  importAddress: GUID: 27fa98be5deb54cbf9c11ffc540272b2 - Path: Packages/com.unity.inputsystem/InputSystem/Editor/Icons/d_Joystick@2x.png - Importer: ScriptedImporter/UnityEditor.QuickSearchModule:UnityEditor.Search:ASIAI0B
Importing 'GUID: 27fa98be5deb54cbf9c11ffc540272b2 - Path: Packages/com.unity.inputsystem/InputSystem/Editor/Icons/d_Joystick@2x.png - Importer: ScriptedImporter/UnityEditor.QuickSearchModule:UnityEditor.Search:ASIAI0B' with importer (ScriptedImporter : UnityEditor.QuickSearchModule:UnityEditor.Search:ASIAI0B)
Imported 'GUID: 27fa98be5deb54cbf9c11ffc540272b2' -> (Import Result ID: '430686a78b67ebc793b74b41284a0e95') in 0.005 seconds [static and dynamic dependencies]. Details - ImportResultOutputID=475487b7ffd6ddef7a5ceb3f53792f0e DependenciesID=ec76bd89704c09637432099900a7d2f9 StaticDependenciesID=f815c40bda285d47f0712834cc8d4cce 
Number of updated asset objects reloaded before import = 0
Number of asset objects unloaded after import = 1
========================================================================
Received Import Request.
  Time of request: 2026-10-01T08:15:25.2007077Z
  Time since last request: 0.0005107 seconds.
  importAddress: GUID: c933c2bcad7ef46309fde7c1cf11b39a - Path: Packages/com.unity.inputsystem/InputSystem/Editor/Icons/d_Orientation.png - Importer: ScriptedImporter/UnityEditor.QuickSearchModule:UnityEditor.Search:ASIAI0B
Importing 'GUID: c933c2bcad7ef46309fde7c1cf11b39a - Path: Packages/com.unity.inputsystem/InputSystem/Editor/Icons/d_Orientation.png - Importer: ScriptedImporter/UnityEditor.QuickSearchModule:UnityEditor.Search:ASIAI0B' with importer (ScriptedImporter : UnityEditor.QuickSearchModule:UnityEditor.Search:ASIAI0B)
Imported 'GUID: c933c2bcad7ef46309fde7c1cf11b39a' -> (Import Result ID: '2d31207da487bb8f08e6f1f8f787cb08') in 0.005 seconds [static and dynamic dependencies]. Details - ImportResultOutputID=1603d6ce1ac84e5a8a2129710fc5d46c DependenciesID=4d36ccd23693cf175354030e5cb394d9 StaticDependenciesID=b6c33f43beea2bc36f9f435cf052ffbe 
Number of updated asset objects reloaded before import = 0
Number of asset objects unloaded after import = 1
========================================================================
Received Import Request.
  Time of request: 2026-10-01T08:15:25.239132Z
  Time since last request: 0.0218076 seconds.
  importAddress: GUID: aa58e874cb4143ad884b8da2bb3f0d7a - Path: Packages/com.unity.inputsystem/InputSystem/Editor/Internal/InputControlTreeView.cs - Importer: ScriptedImporter/UnityEditor.QuickSearchModule:UnityEditor.Search:ASIAI0B
Importing 'GUID: aa58e874cb4143ad884b8da2bb3f0d7a - Path: Packages/com.unity.inputsystem/InputSystem/Editor/Internal/InputControlTreeView.cs - Importer: ScriptedImporter/UnityEditor.QuickSearchModule:UnityEditor.Search:ASIAI0B' with importer (ScriptedImporter : UnityEditor.QuickSearchModule:UnityEditor.Search:ASIAI0B)
Imported 'GUID: aa58e874cb4143ad884b8da2bb3f0d7a' -> (Import Result ID: '9f4d7d6489cc048301af5e624d178972') in 0.002 seconds [static and dynamic dependencies]. Details - ImportResultOutputID=ebc044ca1abde9ec7ffbfcba02ee81ca DependenciesID=c78da36cf16fd42de55f2629fb946823 StaticDependenciesID=4a1b122dafef6df776c96efdd6fccece 
Number of updated asset objects reloaded before import = 0
Number of asset objects unloaded after import = 0
========================================================================
Received Import Request.
  Time of request: 2026-10-01T08:15:25.252257Z
  Time since last request: 0.0004033 seconds.
  importAddress: GUID: ff8479815905ce84e9ef610d926f28c8 - Path: Packages/com.unity.inputsystem/InputSystem/Editor/Icons/TrackedPoseDriver@2x.png - Importer: ScriptedImporter/UnityEditor.QuickSearchModule:UnityEditor.Search:ASIAI0B
Importing 'GUID: ff8479815905ce84e9ef610d926f28c8 - Path: Packages/com.unity.inputsystem/InputSystem/Editor/Icons/TrackedPoseDriver@2x.png - Importer: ScriptedImporter/UnityEditor.QuickSearchModule:UnityEditor.Search:ASIAI0B' with importer (ScriptedImporter : UnityEditor.QuickSearchModule:UnityEditor.Search:ASIAI0B)
Imported 'GUID: ff8479815905ce84e9ef610d926f28c8' -> (Import Result ID: '627ccdb63a6339ef739e62bc27ece452') in 0.006 seconds [static and dynamic dependencies]. Details - ImportResultOutputID=b9cba48050491815c2753f08b80d89b1 DependenciesID=0af20fa14858bdf3507c843787aa4e5c StaticDependenciesID=259e764b3801c6574419161b53319790 
Number of updated asset objects reloaded before import = 0
Number of asset objects unloaded after import = 1
========================================================================
Received Import Request.
  Time of request: 2026-10-01T08:15:25.2673388Z
  Time since last request: 0.0003521 seconds.
  importAddress: GUID: ba2c9cc57fa154716b6f077bf9c1c193 - Path: Packages/com.unity.inputsystem/InputSystem/Editor/PropertyDrawers/InputActionDrawerBase.cs - Importer: ScriptedImporter/UnityEditor.QuickSearchModule:UnityEditor.Search:ASIAI0B
Importing 'GUID: ba2c9cc57fa154716b6f077bf9c1c193 - Path: Packages/com.unity.inputsystem/InputSystem/Editor/PropertyDrawers/InputActionDrawerBase.cs - Importer: ScriptedImporter/UnityEditor.QuickSearchModule:UnityEditor.Search:ASIAI0B' with importer (ScriptedImporter : UnityEditor.QuickSearchModule:UnityEditor.Search:ASIAI0B)
Imported 'GUID: ba2c9cc57fa154716b6f077bf9c1c193' -> (Import Result ID: '7199a338df084669324bedf21a04c5c4') in 0.002 seconds [static and dynamic dependencies]. Details - ImportResultOutputID=4fcf9fad6313f88534a802d323d8d55f DependenciesID=dec38985f32dc4403038896b65536e97 StaticDependenciesID=e49e5abb1cf070a8263bfe5fb77406fc 
Number of updated asset objects reloaded before import = 0
Number of asset objects unloaded after import = 0
========================================================================
Received Import Request.
  Time of request: 2026-10-01T08:15:25.2794351Z
  Time since last request: 0.0003362 seconds.
  importAddress: GUID: 30bd04fe045c46918b5fe7bc6efc4ce2 - Path: Packages/com.unity.inputsystem/InputSystem/Editor/PropertyDrawers/InputActionReferencePropertyDrawer.cs - Importer: ScriptedImporter/UnityEditor.QuickSearchModule:UnityEditor.Search:ASIAI0B
Importing 'GUID: 30bd04fe045c46918b5fe7bc6efc4ce2 - Path: Packages/com.unity.inputsystem/InputSystem/Editor/PropertyDrawers/InputActionReferencePropertyDrawer.cs - Importer: ScriptedImporter/UnityEditor.QuickSearchModule:UnityEditor.Search:ASIAI0B' with importer (ScriptedImporter : UnityEditor.QuickSearchModule:UnityEditor.Search:ASIAI0B)
Imported 'GUID: 30bd04fe045c46918b5fe7bc6efc4ce2' -> (Import Result ID: '534d3c2a551b191eda1e9c0e7bf81cb2') in 0.002 seconds [static and dynamic dependencies]. Details - ImportResultOutputID=adb96e88ffdba5dd12610fa5285d0c31 DependenciesID=4e1128f50a7034c40a255a4d15207fd4 StaticDependenciesID=f07c92cbf0a65891c453ec1e16b21f25 
Number of updated asset objects reloaded before import = 0
Number of asset objects unloaded after import = 0
========================================================================
Received Import Request.
  Time of request: 2026-10-01T08:15:25.2894734Z
  Time since last request: 0.0003176 seconds.
  importAddress: GUID: 5684eb521fa99491e9061de682d1622e - Path: Packages/com.unity.inputsystem/InputSystem/Editor/Icons/Position.png - Importer: ScriptedImporter/UnityEditor.QuickSearchModule:UnityEditor.Search:ASIAI0B
Importing 'GUID: 5684eb521fa99491e9061de682d1622e - Path: Packages/com.unity.inputsystem/InputSystem/Editor/Icons/Position.png - Importer: ScriptedImporter/UnityEditor.QuickSearchModule:UnityEditor.Search:ASIAI0B' with importer (ScriptedImporter : UnityEditor.QuickSearchModule:UnityEditor.Search:ASIAI0B)
Imported 'GUID: 5684eb521fa99491e9061de682d1622e' -> (Import Result ID: '4c2229e31dcfc64d31f768a404643506') in 0.008 seconds [static and dynamic dependencies]. Details - ImportResultOutputID=4de121e208a402f8385516a1f213965a DependenciesID=fa4ab6eaafaf9db51066a20a39db5aef StaticDependenciesID=5164502ea70fb82db0671d77e8485aa2 
Number of updated asset objects reloaded before import = 0
Number of asset objects unloaded after import = 1
========================================================================
Received Import Request.
  Time of request: 2026-10-01T08:15:25.3071385Z
  Time since last request: 0.0005547 seconds.
  importAddress: GUID: 5f09d534eb1414449a2758696bd4dd11 - Path: Packages/com.unity.inputsystem/InputSystem/Editor/Icons/Orientation@3x.png - Importer: ScriptedImporter/UnityEditor.QuickSearchModule:UnityEditor.Search:ASIAI0B
Importing 'GUID: 5f09d534eb1414449a2758696bd4dd11 - Path: Packages/com.unity.inputsystem/InputSystem/Editor/Icons/Orientation@3x.png - Importer: ScriptedImporter/UnityEditor.QuickSearchModule:UnityEditor.Search:ASIAI0B' with importer (ScriptedImporter : UnityEditor.QuickSearchModule:UnityEditor.Search:ASIAI0B)
Imported 'GUID: 5f09d534eb1414449a2758696bd4dd11' -> (Import Result ID: '77a4c4985f7b53fe160dada548958fee') in 0.008 seconds [static and dynamic dependencies]. Details - ImportResultOutputID=bcd45d03d6741072a1300de56b88a50d DependenciesID=ec48be0ce8cb3250093fc8944f3dde3d StaticDependenciesID=4dd178451bb154ab1a4558de329267d5 
Number of updated asset objects reloaded before import = 0
Number of asset objects unloaded after import = 1
========================================================================
Received Import Request.
  Time of request: 2026-10-01T08:15:25.3272281Z
  Time since last request: 0.0002928 seconds.
  importAddress: GUID: e1ad7c41319cc470d8ae996688c56e79 - Path: Packages/com.unity.inputsystem/InputSystem/Editor/PropertyDrawers/InputActionMapDrawer.cs - Importer: ScriptedImporter/UnityEditor.QuickSearchModule:UnityEditor.Search:ASIAI0B
Importing 'GUID: e1ad7c41319cc470d8ae996688c56e79 - Path: Packages/com.unity.inputsystem/InputSystem/Editor/PropertyDrawers/InputActionMapDrawer.cs - Importer: ScriptedImporter/UnityEditor.QuickSearchModule:UnityEditor.Search:ASIAI0B' with importer (ScriptedImporter : UnityEditor.QuickSearchModule:UnityEditor.Search:ASIAI0B)
Imported 'GUID: e1ad7c41319cc470d8ae996688c56e79' -> (Import Result ID: '0a8da3a9e9f0444d71e6bccd0192431c') in 0.002 seconds [static and dynamic dependencies]. Details - ImportResultOutputID=6634edd1e6d903a32c9e2208abe15771 DependenciesID=49705b86827ec9b8e977f2a84a4def87 StaticDependenciesID=da5b7c331f25d17ad9da4d8f192526d0 
Number of updated asset objects reloaded before import = 0
Number of asset objects unloaded after import = 0
========================================================================
Received Import Request.
  Time of request: 2026-10-01T08:15:25.3379726Z
  Time since last request: 0.0003185 seconds.
  importAddress: GUID: 6d671947d51444fb9b8a4bf96c16bfed - Path: Packages/com.unity.inputsystem/InputSystem/Editor/Internal/EditorHelpers.cs - Importer: ScriptedImporter/UnityEditor.QuickSearchModule:UnityEditor.Search:ASIAI0B
Importing 'GUID: 6d671947d51444fb9b8a4bf96c16bfed - Path: Packages/com.unity.inputsystem/InputSystem/Editor/Internal/EditorHelpers.cs - Importer: ScriptedImporter/UnityEditor.QuickSearchModule:UnityEditor.Search:ASIAI0B' with importer (ScriptedImporter : UnityEditor.QuickSearchModule:UnityEditor.Search:ASIAI0B)
Imported 'GUID: 6d671947d51444fb9b8a4bf96c16bfed' -> (Import Result ID: '64582c8788f0f3c5f3062fc1d1afd60c') in 0.002 seconds [static and dynamic dependencies]. Details - ImportResultOutputID=53fa4d69f5e407b49e6d01a6addf9c79 DependenciesID=711c6c5aea3d870f478ef048e4e61a3a StaticDependenciesID=704f29451fdb9d594a9c203e6ef97f61 
Number of updated asset objects reloaded before import = 0
Number of asset objects unloaded after import = 0
========================================================================
Received Import Request.
  Time of request: 2026-10-01T08:15:25.3516786Z
  Time since last request: 0.0003578 seconds.
  importAddress: GUID: 18e45e1f11fae429c80c200cca8e0b4c - Path: Packages/com.unity.inputsystem/InputSystem/Editor/Icons/Joystick@2x.png - Importer: ScriptedImporter/UnityEditor.QuickSearchModule:UnityEditor.Search:ASIAI0B
Importing 'GUID: 18e45e1f11fae429c80c200cca8e0b4c - Path: Packages/com.unity.inputsystem/InputSystem/Editor/Icons/Joystick@2x.png - Importer: ScriptedImporter/UnityEditor.QuickSearchModule:UnityEditor.Search:ASIAI0B' with importer (ScriptedImporter : UnityEditor.QuickSearchModule:UnityEditor.Search:ASIAI0B)
Imported 'GUID: 18e45e1f11fae429c80c200cca8e0b4c' -> (Import Result ID: 'fac87e223bbc889fa66e3b033b64bebc') in 0.004 seconds [static and dynamic dependencies]. Details - ImportResultOutputID=f4aebf9ea7245e6f65c66dec8675ab45 DependenciesID=b3fac331d8b1df4c5fb60f032649ea62 StaticDependenciesID=37bd20d4ef994004740938720f97ce49 
Number of updated asset objects reloaded before import = 0
Number of asset objects unloaded after import = 1
========================================================================
Received Import Request.
  Time of request: 2026-10-01T08:15:25.3779394Z
  Time since last request: 0.0141633 seconds.
  importAddress: GUID: 050df780a05f4754b28e85d32a88da95 - Path: Packages/com.unity.inputsystem/InputSystem/Runtime/Actions/InputActionParameters.cs - Importer: ScriptedImporter/UnityEditor.QuickSearchModule:UnityEditor.Search:ASIAI0B
Importing 'GUID: 050df780a05f4754b28e85d32a88da95 - Path: Packages/com.unity.inputsystem/InputSystem/Runtime/Actions/InputActionParameters.cs - Importer: ScriptedImporter/UnityEditor.QuickSearchModule:UnityEditor.Search:ASIAI0B' with importer (ScriptedImporter : UnityEditor.QuickSearchModule:UnityEditor.Search:ASIAI0B)
Imported 'GUID: 050df780a05f4754b28e85d32a88da95' -> (Import Result ID: 'cf2a386ecd6f28417077e6140967374d') in 0.002 seconds [static and dynamic dependencies]. Details - ImportResultOutputID=9c2b4e7174250eaeb0461af53019f026 DependenciesID=ac15021757b44bf0cdf78d2f494e96b7 StaticDependenciesID=d4275cf149d7fda7830777e66f54a337 
Number of updated asset objects reloaded before import = 0
Number of asset objects unloaded after import = 0
========================================================================
Received Import Request.
  Time of request: 2026-10-01T08:15:25.3880293Z
  Time since last request: 0.0004071 seconds.
  importAddress: GUID: a8cfbe75f80984c1d9700ef41f6e2aeb - Path: Packages/com.unity.inputsystem/InputSystem/Runtime/Controls/InputControlExtensions.cs - Importer: ScriptedImporter/UnityEditor.QuickSearchModule:UnityEditor.Search:ASIAI0B
Importing 'GUID: a8cfbe75f80984c1d9700ef41f6e2aeb - Path: Packages/com.unity.inputsystem/InputSystem/Runtime/Controls/InputControlExtensions.cs - Importer: ScriptedImporter/UnityEditor.QuickSearchModule:UnityEditor.Search:ASIAI0B' with importer (ScriptedImporter : UnityEditor.QuickSearchModule:UnityEditor.Search:ASIAI0B)
Imported 'GUID: a8cfbe75f80984c1d9700ef41f6e2aeb' -> (Import Result ID: '22bd1dca4baea5971de8a81e80756af9') in 0.002 seconds [static and dynamic dependencies]. Details - ImportResultOutputID=258aefed28c3120924030175cf53e955 DependenciesID=bdc56ef00d15b5b0b221af8cfdc3deeb StaticDependenciesID=5c626c121b3b5b61421848f451421af4 
Number of updated asset objects reloaded before import = 0
Number of asset objects unloaded after import = 0
========================================================================
Received Import Request.
  Time of request: 2026-10-01T08:15:25.3979136Z
  Time since last request: 0.0003774 seconds.
  importAddress: GUID: 12826de7f47b478428a9941b5fb5adcf - Path: Packages/com.unity.inputsystem/InputSystem/Runtime/Actions/InputInteractionContext.cs - Importer: ScriptedImporter/UnityEditor.QuickSearchModule:UnityEditor.Search:ASIAI0B
Importing 'GUID: 12826de7f47b478428a9941b5fb5adcf - Path: Packages/com.unity.inputsystem/InputSystem/Runtime/Actions/InputInteractionContext.cs - Importer: ScriptedImporter/UnityEditor.QuickSearchModule:UnityEditor.Search:ASIAI0B' with importer (ScriptedImporter : UnityEditor.QuickSearchModule:UnityEditor.Search:ASIAI0B)
Imported 'GUID: 12826de7f47b478428a9941b5fb5adcf' -> (Import Result ID: '6191d0d29727a9451a6c629883cd99b5') in 0.002 seconds [static and dynamic dependencies]. Details - ImportResultOutputID=143f4879513ed15fda917ec268554e8a DependenciesID=633c589a8dec6534f7314bc50a82b370 StaticDependenciesID=b6cacea3fb371735de6f89be5eb50a6e 
Number of updated asset objects reloaded before import = 0
Number of asset objects unloaded after import = 0
========================================================================
Received Import Request.
  Time of request: 2026-10-01T08:15:25.4082973Z
  Time since last request: 0.0004366 seconds.
  importAddress: GUID: 7522ce067dfd4acf8e9e136fc7a0ab64 - Path: Packages/com.unity.inputsystem/InputSystem/Runtime/Devices/IEventMerger.cs - Importer: ScriptedImporter/UnityEditor.QuickSearchModule:UnityEditor.Search:ASIAI0B
Importing 'GUID: 7522ce067dfd4acf8e9e136fc7a0ab64 - Path: Packages/com.unity.inputsystem/InputSystem/Runtime/Devices/IEventMerger.cs - Importer: ScriptedImporter/UnityEditor.QuickSearchModule:UnityEditor.Search:ASIAI0B' with importer (ScriptedImporter : UnityEditor.QuickSearchModule:UnityEditor.Search:ASIAI0B)
Imported 'GUID: 7522ce067dfd4acf8e9e136fc7a0ab64' -> (Import Result ID: 'c7ada6a230bda99d0d68435abd313c74') in 0.002 seconds [static and dynamic dependencies]. Details - ImportResultOutputID=35ac24f5bf9069498dc2d56f11d092f9 DependenciesID=6f7acdc4a711d70034828f2e74937be6 StaticDependenciesID=d91b5061103615b38775df0ee45ecbee 
Number of updated asset objects reloaded before import = 0
Number of asset objects unloaded after import = 0
========================================================================
Received Import Request.
  Time of request: 2026-10-01T08:15:25.4187596Z
  Time since last request: 0.0004403 seconds.
  importAddress: GUID: e68462a09b6ba104abce11d2d157d0b2 - Path: Packages/com.unity.inputsystem/InputSystem/Editor/UITKAssetEditor/InputActionsEditorWindow.cs - Importer: ScriptedImporter/UnityEditor.QuickSearchModule:UnityEditor.Search:ASIAI0B
Importing 'GUID: e68462a09b6ba104abce11d2d157d0b2 - Path: Packages/com.unity.inputsystem/InputSystem/Editor/UITKAssetEditor/InputActionsEditorWindow.cs - Importer: ScriptedImporter/UnityEditor.QuickSearchModule:UnityEditor.Search:ASIAI0B' with importer (ScriptedImporter : UnityEditor.QuickSearchModule:UnityEditor.Search:ASIAI0B)
Imported 'GUID: e68462a09b6ba104abce11d2d157d0b2' -> (Import Result ID: 'b0b8c5cba3ccf3c7097a947517930456') in 0.002 seconds [static and dynamic dependencies]. Details - ImportResultOutputID=295238e0e0946ad32c4a7684ce4f73d1 DependenciesID=bb64316b568c96a808e882bb46cbed21 StaticDependenciesID=fe82552149d001efb73514844fc46d54 
Number of updated asset objects reloaded before import = 0
Number of asset objects unloaded after import = 0
========================================================================
Received Import Request.
  Time of request: 2026-10-01T08:15:25.4287712Z
  Time since last request: 0.0003514 seconds.
  importAddress: GUID: fcffff3de13f4304a98bb50b1222399a - Path: Packages/com.unity.inputsystem/InputSystem/Editor/UITKAssetEditor/SerializedInputAction.cs - Importer: ScriptedImporter/UnityEditor.QuickSearchModule:UnityEditor.Search:ASIAI0B
Importing 'GUID: fcffff3de13f4304a98bb50b1222399a - Path: Packages/com.unity.inputsystem/InputSystem/Editor/UITKAssetEditor/SerializedInputAction.cs - Importer: ScriptedImporter/UnityEditor.QuickSearchModule:UnityEditor.Search:ASIAI0B' with importer (ScriptedImporter : UnityEditor.QuickSearchModule:UnityEditor.Search:ASIAI0B)
Imported 'GUID: fcffff3de13f4304a98bb50b1222399a' -> (Import Result ID: '14f450c9dce60bbde7a62a826e571f46') in 0.002 seconds [static and dynamic dependencies]. Details - ImportResultOutputID=237badfd2a876672053cf48d2c583b12 DependenciesID=73f59ba6fe8ebc340ba1eab4d9357add StaticDependenciesID=9db50eaa9b7e7bc493305ce8c58ef71e 
Number of updated asset objects reloaded before import = 0
Number of asset objects unloaded after import = 0
========================================================================
Received Import Request.
  Time of request: 2026-10-01T08:15:25.4404369Z
  Time since last request: 0.0005484 seconds.
  importAddress: GUID: 3b8e35f20292579409c899395e30948f - Path: Packages/com.unity.inputsystem/InputSystem/Editor/UITKAssetEditor/InputActionsEditorWindowUtils.cs - Importer: ScriptedImporter/UnityEditor.QuickSearchModule:UnityEditor.Search:ASIAI0B
Importing 'GUID: 3b8e35f20292579409c899395e30948f - Path: Packages/com.unity.inputsystem/InputSystem/Editor/UITKAssetEditor/InputActionsEditorWindowUtils.cs - Importer: ScriptedImporter/UnityEditor.QuickSearchModule:UnityEditor.Search:ASIAI0B' with importer (ScriptedImporter : UnityEditor.QuickSearchModule:UnityEditor.Search:ASIAI0B)
Imported 'GUID: 3b8e35f20292579409c899395e30948f' -> (Import Result ID: 'f17280b89f09da5b2272f0ee0e84f90c') in 0.002 seconds [static and dynamic dependencies]. Details - ImportResultOutputID=d02b8234d89881757dff91d2125d1f9e DependenciesID=9333695cc623ed21e32d4e4243e2ed3e StaticDependenciesID=38fd19b9680389efe5e96ab57f334590 
Number of updated asset objects reloaded before import = 0
Number of asset objects unloaded after import = 0
========================================================================
Received Import Request.
  Time of request: 2026-10-01T08:15:25.4504328Z
  Time since last request: 0.0003579 seconds.
  importAddress: GUID: 40a986dbf9066476b8a3b360e74e99de - Path: Packages/com.unity.inputsystem/InputSystem/Runtime/Actions/DeferBindingResolutionContext.cs - Importer: ScriptedImporter/UnityEditor.QuickSearchModule:UnityEditor.Search:ASIAI0B
Importing 'GUID: 40a986dbf9066476b8a3b360e74e99de - Path: Packages/com.unity.inputsystem/InputSystem/Runtime/Actions/DeferBindingResolutionContext.cs - Importer: ScriptedImporter/UnityEditor.QuickSearchModule:UnityEditor.Search:ASIAI0B' with importer (ScriptedImporter : UnityEditor.QuickSearchModule:UnityEditor.Search:ASIAI0B)
Imported 'GUID: 40a986dbf9066476b8a3b360e74e99de' -> (Import Result ID: 'c099dc7cc180acf23e68f4e900c905f7') in 0.002 seconds [static and dynamic dependencies]. Details - ImportResultOutputID=089ea6114ba71b73b68efcdea7007078 DependenciesID=bdbbbe93f76adbf4e59239f0f3707377 StaticDependenciesID=de6d9fd2610bdaeb3dc0d5ad39e41e94 
Number of updated asset objects reloaded before import = 0
Number of asset objects unloaded after import = 0
========================================================================
Received Import Request.
  Time of request: 2026-10-01T08:15:25.4642791Z
  Time since last request: 0.0045368 seconds.
  importAddress: GUID: 6e687839a3c5f7a4ea700f2967051b3d - Path: Packages/com.unity.inputsystem/InputSystem/Runtime/Utilities/Comparers.cs - Importer: ScriptedImporter/UnityEditor.QuickSearchModule:UnityEditor.Search:ASIAI0B
Importing 'GUID: 6e687839a3c5f7a4ea700f2967051b3d - Path: Packages/com.unity.inputsystem/InputSystem/Runtime/Utilities/Comparers.cs - Importer: ScriptedImporter/UnityEditor.QuickSearchModule:UnityEditor.Search:ASIAI0B' with importer (ScriptedImporter : UnityEditor.QuickSearchModule:UnityEditor.Search:ASIAI0B)
Imported 'GUID: 6e687839a3c5f7a4ea700f2967051b3d' -> (Import Result ID: '1924a49b7b97edede04fde5da8a4c65a') in 0.002 seconds [static and dynamic dependencies]. Details - ImportResultOutputID=5b9fd8d80b3d6cf266e1512ebf79bb31 DependenciesID=0955f64398220aef90c7a8f6a369dc0c StaticDependenciesID=187f607c10b9cf3ddf28bb71b7540373 
Number of updated asset objects reloaded before import = 0
Number of asset objects unloaded after import = 0
========================================================================
Received Import Request.
  Time of request: 2026-10-01T08:15:25.4753519Z
  Time since last request: 0.0003849 seconds.
  importAddress: GUID: cf29acc15e9bb2246965162123659116 - Path: Packages/com.unity.inputsystem/InputSystem/Runtime/Utilities/SpriteUtilities.cs - Importer: ScriptedImporter/UnityEditor.QuickSearchModule:UnityEditor.Search:ASIAI0B
Importing 'GUID: cf29acc15e9bb2246965162123659116 - Path: Packages/com.unity.inputsystem/InputSystem/Runtime/Utilities/SpriteUtilities.cs - Importer: ScriptedImporter/UnityEditor.QuickSearchModule:UnityEditor.Search:ASIAI0B' with importer (ScriptedImporter : UnityEditor.QuickSearchModule:UnityEditor.Search:ASIAI0B)
Imported 'GUID: cf29acc15e9bb2246965162123659116' -> (Import Result ID: '5b51ac4decd6d3f80a93020925d4a3f7') in 0.002 seconds [static and dynamic dependencies]. Details - ImportResultOutputID=a9e2b3e549d777d9d32a02577771c6fc DependenciesID=e75b0f93dad6f28bdcac5135d9a0d8cd StaticDependenciesID=534947fa4fab759abedc339834423b4a 
Number of updated asset objects reloaded before import = 0
Number of asset objects unloaded after import = 0
========================================================================
Received Import Request.
  Time of request: 2026-10-01T08:15:25.4883938Z
  Time since last request: 0.0003606 seconds.
  importAddress: GUID: d717b0e790ee146dd93d1be641984b6a - Path: Packages/com.unity.inputsystem/InputSystem/Runtime/Utilities/ExceptionHelpers.cs - Importer: ScriptedImporter/UnityEditor.QuickSearchModule:UnityEditor.Search:ASIAI0B
Importing 'GUID: d717b0e790ee146dd93d1be641984b6a - Path: Packages/com.unity.inputsystem/InputSystem/Runtime/Utilities/ExceptionHelpers.cs - Importer: ScriptedImporter/UnityEditor.QuickSearchModule:UnityEditor.Search:ASIAI0B' with importer (ScriptedImporter : UnityEditor.QuickSearchModule:UnityEditor.Search:ASIAI0B)
Imported 'GUID: d717b0e790ee146dd93d1be641984b6a' -> (Import Result ID: 'b4a48a1e3d623eb057e9df4d422cc96b') in 0.002 seconds [static and dynamic dependencies]. Details - ImportResultOutputID=a9d9c6c48c9fba1cc835c2fa8de46c50 DependenciesID=8c2d70dbc2510a44731e64aa9ce8d8a1 StaticDependenciesID=0abebe42a2fabbbaeb21d579df2151bc 
Number of updated asset objects reloaded before import = 0
Number of asset objects unloaded after import = 0
========================================================================
Received Import Request.
  Time of request: 2026-10-01T08:15:25.499408Z
  Time since last request: 0.0004037 seconds.
  importAddress: GUID: 78260363757e4b02b9c6cc9949b4091a - Path: Packages/com.unity.inputsystem/InputSystem/Runtime/Events/InputEvent.cs - Importer: ScriptedImporter/UnityEditor.QuickSearchModule:UnityEditor.Search:ASIAI0B
Importing 'GUID: 78260363757e4b02b9c6cc9949b4091a - Path: Packages/com.unity.inputsystem/InputSystem/Runtime/Events/InputEvent.cs - Importer: ScriptedImporter/UnityEditor.QuickSearchModule:UnityEditor.Search:ASIAI0B' with importer (ScriptedImporter : UnityEditor.QuickSearchModule:UnityEditor.Search:ASIAI0B)
Imported 'GUID: 78260363757e4b02b9c6cc9949b4091a' -> (Import Result ID: '3adc2be33fed0eaea119d09e743792aa') in 0.002 seconds [static and dynamic dependencies]. Details - ImportResultOutputID=ad4b268c0ba0e59d6072313468931838 DependenciesID=a976dacdf9b09d71e723f7a571f440f9 StaticDependenciesID=e9bfa4adc1c3dac362d7bde110632d99 
Number of updated asset objects reloaded before import = 0
Number of asset objects unloaded after import = 0
========================================================================
Received Import Request.
  Time of request: 2026-10-01T08:15:25.5096365Z
  Time since last request: 0.000434 seconds.
  importAddress: GUID: a8d605b1e92964b5b94668b1511799ed - Path: Packages/com.unity.inputsystem/InputSystem/Runtime/State/InputState.cs - Importer: ScriptedImporter/UnityEditor.QuickSearchModule:UnityEditor.Search:ASIAI0B
Importing 'GUID: a8d605b1e92964b5b94668b1511799ed - Path: Packages/com.unity.inputsystem/InputSystem/Runtime/State/InputState.cs - Importer: ScriptedImporter/UnityEditor.QuickSearchModule:UnityEditor.Search:ASIAI0B' with importer (ScriptedImporter : UnityEditor.QuickSearchModule:UnityEditor.Search:ASIAI0B)
Imported 'GUID: a8d605b1e92964b5b94668b1511799ed' -> (Import Result ID: '4a2ba3b650885cb9fd9d8e8058efb471') in 0.002 seconds [static and dynamic dependencies]. Details - ImportResultOutputID=97837beac17261ea8821f7b675b56a0d DependenciesID=c0ff6dba43baa015321324cc88827095 StaticDependenciesID=29fddb29cd0f711ce1768aabae565b98 
Number of updated asset objects reloaded before import = 0
Number of asset objects unloaded after import = 0
========================================================================
Received Import Request.
  Time of request: 2026-10-01T08:15:25.5197803Z
  Time since last request: 0.0002671 seconds.
  importAddress: GUID: 864a08de8a08473ebf82029d80696449 - Path: Packages/com.unity.inputsystem/InputSystem/Runtime/Devices/Keyboard.cs - Importer: ScriptedImporter/UnityEditor.QuickSearchModule:UnityEditor.Search:ASIAI0B
Importing 'GUID: 864a08de8a08473ebf82029d80696449 - Path: Packages/com.unity.inputsystem/InputSystem/Runtime/Devices/Keyboard.cs - Importer: ScriptedImporter/UnityEditor.QuickSearchModule:UnityEditor.Search:ASIAI0B' with importer (ScriptedImporter : UnityEditor.QuickSearchModule:UnityEditor.Search:ASIAI0B)
Imported 'GUID: 864a08de8a08473ebf82029d80696449' -> (Import Result ID: '34749b54edb7322a8f58786ea354e61c') in 0.003 seconds [static and dynamic dependencies]. Details - ImportResultOutputID=3344a625af05e2fb4343cecaca6fa49a DependenciesID=5d4a7a9cf9561a9b114f8d75f1452c01 StaticDependenciesID=dcac0615f9cd4f7bd5077f21876930b0 
Number of updated asset objects reloaded before import = 0
Number of asset objects unloaded after import = 0
========================================================================
Received Import Request.
  Time of request: 2026-10-01T08:15:25.5315441Z
  Time since last request: 0.0004335 seconds.
  importAddress: GUID: 7eca76cf669745feb0c71655dbad352f - Path: Packages/com.unity.inputsystem/InputSystem/Runtime/Utilities/TypeHelpers.cs - Importer: ScriptedImporter/UnityEditor.QuickSearchModule:UnityEditor.Search:ASIAI0B
Importing 'GUID: 7eca76cf669745feb0c71655dbad352f - Path: Packages/com.unity.inputsystem/InputSystem/Runtime/Utilities/TypeHelpers.cs - Importer: ScriptedImporter/UnityEditor.QuickSearchModule:UnityEditor.Search:ASIAI0B' with importer (ScriptedImporter : UnityEditor.QuickSearchModule:UnityEditor.Search:ASIAI0B)
Imported 'GUID: 7eca76cf669745feb0c71655dbad352f' -> (Import Result ID: 'ee38072638b172620ad9adc5170e41b7') in 0.002 seconds [static and dynamic dependencies]. Details - ImportResultOutputID=5d091a8fcba0555418a2c929b69a1cb9 DependenciesID=c1461c9d369fc1a637a88c979ebfe1fe StaticDependenciesID=7f0268a2ea03d3d0703baa2479e21ec2 
Number of updated asset objects reloaded before import = 0
Number of asset objects unloaded after import = 0
========================================================================
Received Import Request.
  Time of request: 2026-10-01T08:15:25.5528922Z
  Time since last request: 0.0118962 seconds.
  importAddress: GUID: 33f32142c2c2d4662be5f5274db27158 - Path: Packages/com.unity.inputsystem/InputSystem/Editor/AssetEditor/PackageResources/blue.png - Importer: ScriptedImporter/UnityEditor.QuickSearchModule:UnityEditor.Search:ASIAI0B
Importing 'GUID: 33f32142c2c2d4662be5f5274db27158 - Path: Packages/com.unity.inputsystem/InputSystem/Editor/AssetEditor/PackageResources/blue.png - Importer: ScriptedImporter/UnityEditor.QuickSearchModule:UnityEditor.Search:ASIAI0B' with importer (ScriptedImporter : UnityEditor.QuickSearchModule:UnityEditor.Search:ASIAI0B)
Imported 'GUID: 33f32142c2c2d4662be5f5274db27158' -> (Import Result ID: '0d6065b1848e411ab5f157a26a8c0f76') in 0.004 seconds [static and dynamic dependencies]. Details - ImportResultOutputID=9e8815859966121c28ecab0a69ccfb93 DependenciesID=03118f715fbf67baf5512fc98d7b9cb5 StaticDependenciesID=26a93d65773e6e1882d3e79531d78e9a 
Number of updated asset objects reloaded before import = 0
Number of asset objects unloaded after import = 1
========================================================================
Received Import Request.
  Time of request: 2026-10-01T08:15:25.5887335Z
  Time since last request: 0.0227891 seconds.
  importAddress: GUID: 0226840818c8be84a9d8774a2529fe86 - Path: Packages/com.unity.inputsystem/InputSystem/Editor/UITKAssetEditor/Views/ActionMapsView.cs - Importer: ScriptedImporter/UnityEditor.QuickSearchModule:UnityEditor.Search:ASIAI0B
Importing 'GUID: 0226840818c8be84a9d8774a2529fe86 - Path: Packages/com.unity.inputsystem/InputSystem/Editor/UITKAssetEditor/Views/ActionMapsView.cs - Importer: ScriptedImporter/UnityEditor.QuickSearchModule:UnityEditor.Search:ASIAI0B' with importer (ScriptedImporter : UnityEditor.QuickSearchModule:UnityEditor.Search:ASIAI0B)
Imported 'GUID: 0226840818c8be84a9d8774a2529fe86' -> (Import Result ID: 'cdeaa1175155344dce975a11e5726adf') in 0.002 seconds [static and dynamic dependencies]. Details - ImportResultOutputID=558adfc511f6460506d5a7d7b6b50b12 DependenciesID=c575312a09673c01ce40a1707601ce88 StaticDependenciesID=286aef80f27b67aee930f4ee213d8e11 
Number of updated asset objects reloaded before import = 0
Number of asset objects unloaded after import = 0
========================================================================
Received Import Request.
  Time of request: 2026-10-01T08:15:25.5999657Z
  Time since last request: 0.000557 seconds.
  importAddress: GUID: 3fa44185ed614414ebab354dfe5a06b6 - Path: Packages/com.unity.inputsystem/InputSystem/Editor/UITKAssetEditor/PackageResources/InputActionMapsTreeViewItem.uxml - Importer: ScriptedImporter/UnityEditor.QuickSearchModule:UnityEditor.Search:ASIAI0B
Importing 'GUID: 3fa44185ed614414ebab354dfe5a06b6 - Path: Packages/com.unity.inputsystem/InputSystem/Editor/UITKAssetEditor/PackageResources/InputActionMapsTreeViewItem.uxml - Importer: ScriptedImporter/UnityEditor.QuickSearchModule:UnityEditor.Search:ASIAI0B' with importer (ScriptedImporter : UnityEditor.QuickSearchModule:UnityEditor.Search:ASIAI0B)
Imported 'GUID: 3fa44185ed614414ebab354dfe5a06b6' -> (Import Result ID: '30e9183877d8a5529a4812592ddc0a4e') in 0.065 seconds [static and dynamic dependencies]. Details - ImportResultOutputID=c093fe9110f9766c0d91fb34f9afe37d DependenciesID=d17bba95bec9f569c057fc923b8f5036 StaticDependenciesID=f2987d5eb7e0a6991bf0663ce72648bd 
Number of updated asset objects reloaded before import = 0
Number of asset objects unloaded after import = 3
========================================================================
Received Import Request.
  Time of request: 2026-10-01T08:15:25.6729901Z
  Time since last request: 0.0003343 seconds.
  importAddress: GUID: 536defedfe4153e4cabde208f78a818d - Path: Packages/com.unity.inputsystem/InputSystem/Editor/Plugins/iOS/iOSPostProcessBuild.cs - Importer: ScriptedImporter/UnityEditor.QuickSearchModule:UnityEditor.Search:ASIAI0B
Importing 'GUID: 536defedfe4153e4cabde208f78a818d - Path: Packages/com.unity.inputsystem/InputSystem/Editor/Plugins/iOS/iOSPostProcessBuild.cs - Importer: ScriptedImporter/UnityEditor.QuickSearchModule:UnityEditor.Search:ASIAI0B' with importer (ScriptedImporter : UnityEditor.QuickSearchModule:UnityEditor.Search:ASIAI0B)
Imported 'GUID: 536defedfe4153e4cabde208f78a818d' -> (Import Result ID: '6870b7bc07255e050b8b5ec9805db11d') in 0.002 seconds [static and dynamic dependencies]. Details - ImportResultOutputID=7f5e147ebfcf9f4c8ab8faf4543c2e09 DependenciesID=23be69e86b76657916a70ef7ec5e7d51 StaticDependenciesID=b5610f525c5be9a701c2e063a2271146 
Number of updated asset objects reloaded before import = 0
Number of asset objects unloaded after import = 0
========================================================================
Received Import Request.
  Time of request: 2026-10-01T08:15:25.6845379Z
  Time since last request: 0.0004835 seconds.
  importAddress: GUID: 6e6208eb562aa4ce7be0e1760d82a313 - Path: Packages/com.unity.inputsystem/InputSystem/Editor/Plugins/iOS/InputSettingsiOSProvider.cs - Importer: ScriptedImporter/UnityEditor.QuickSearchModule:UnityEditor.Search:ASIAI0B
Importing 'GUID: 6e6208eb562aa4ce7be0e1760d82a313 - Path: Packages/com.unity.inputsystem/InputSystem/Editor/Plugins/iOS/InputSettingsiOSProvider.cs - Importer: ScriptedImporter/UnityEditor.QuickSearchModule:UnityEditor.Search:ASIAI0B' with importer (ScriptedImporter : UnityEditor.QuickSearchModule:UnityEditor.Search:ASIAI0B)
Imported 'GUID: 6e6208eb562aa4ce7be0e1760d82a313' -> (Import Result ID: '4d9433e2e0c87e2ea427cab9eebdf1e3') in 0.002 seconds [static and dynamic dependencies]. Details - ImportResultOutputID=8d151a552da7defc13337660f0470323 DependenciesID=2d28c1bed41a11620629cad24d199f1e StaticDependenciesID=b6d28b1d50b52b9de79bf06ac346db32 
Number of updated asset objects reloaded before import = 0
Number of asset objects unloaded after import = 0
========================================================================
Received Import Request.
  Time of request: 2026-10-01T08:15:25.7277509Z
  Time since last request: 0.0320706 seconds.
  importAddress: GUID: 6873ac51fc9d6dc4dbb6d9dc77a5eb49 - Path: Packages/com.unity.inputsystem/InputSystem/Runtime/Devices/Commands/SetIMECursorPositionCommand.cs - Importer: ScriptedImporter/UnityEditor.QuickSearchModule:UnityEditor.Search:ASIAI0B
Importing 'GUID: 6873ac51fc9d6dc4dbb6d9dc77a5eb49 - Path: Packages/com.unity.inputsystem/InputSystem/Runtime/Devices/Commands/SetIMECursorPositionCommand.cs - Importer: ScriptedImporter/UnityEditor.QuickSearchModule:UnityEditor.Search:ASIAI0B' with importer (ScriptedImporter : UnityEditor.QuickSearchModule:UnityEditor.Search:ASIAI0B)
Imported 'GUID: 6873ac51fc9d6dc4dbb6d9dc77a5eb49' -> (Import Result ID: 'b2130c96176a6dcda6c322640e723fb9') in 0.002 seconds [static and dynamic dependencies]. Details - ImportResultOutputID=1e9f452ab1746f364bf20091eed7126b DependenciesID=1237ec7e88a6192679f42288635fa270 StaticDependenciesID=61431ca409ca2439ad773828e5b7438a 
Number of updated asset objects reloaded before import = 0
Number of asset objects unloaded after import = 0
========================================================================
Received Import Request.
  Time of request: 2026-10-01T08:15:25.7379029Z
  Time since last request: 0.0004606 seconds.
  importAddress: GUID: 40cf321da8ee4fc428f65b23423528d2 - Path: Packages/com.unity.inputsystem/InputSystem/Runtime/Devices/Precompiled/FastKeyboard.cs - Importer: ScriptedImporter/UnityEditor.QuickSearchModule:UnityEditor.Search:ASIAI0B
Importing 'GUID: 40cf321da8ee4fc428f65b23423528d2 - Path: Packages/com.unity.inputsystem/InputSystem/Runtime/Devices/Precompiled/FastKeyboard.cs - Importer: ScriptedImporter/UnityEditor.QuickSearchModule:UnityEditor.Search:ASIAI0B' with importer (ScriptedImporter : UnityEditor.QuickSearchModule:UnityEditor.Search:ASIAI0B)
Imported 'GUID: 40cf321da8ee4fc428f65b23423528d2' -> (Import Result ID: '16d83ef5a19fcf4752cf5db1f286fd78') in 0.002 seconds [static and dynamic dependencies]. Details - ImportResultOutputID=faa90266b2496dc3f273dfb3408e5c9a DependenciesID=b3de4b21428c5ea48533a5ba01bda00c StaticDependenciesID=b878852ba7a2b45da5e43ad0440e3fb5 
Number of updated asset objects reloaded before import = 0
Number of asset objects unloaded after import = 0
========================================================================
Received Import Request.
  Time of request: 2026-10-01T08:15:25.7517806Z
  Time since last request: 0.0003562 seconds.
  importAddress: GUID: 5c6284fecb53e48ee832bc14c64be6fb - Path: Packages/com.unity.inputsystem/InputSystem/Runtime/Devices/Commands/QueryPairedUserAccountCommand.cs - Importer: ScriptedImporter/UnityEditor.QuickSearchModule:UnityEditor.Search:ASIAI0B
Importing 'GUID: 5c6284fecb53e48ee832bc14c64be6fb - Path: Packages/com.unity.inputsystem/InputSystem/Runtime/Devices/Commands/QueryPairedUserAccountCommand.cs - Importer: ScriptedImporter/UnityEditor.QuickSearchModule:UnityEditor.Search:ASIAI0B' with importer (ScriptedImporter : UnityEditor.QuickSearchModule:UnityEditor.Search:ASIAI0B)
Imported 'GUID: 5c6284fecb53e48ee832bc14c64be6fb' -> (Import Result ID: '083c20398be1341baae04d7cca072965') in 0.002 seconds [static and dynamic dependencies]. Details - ImportResultOutputID=a18539230b43125bb09e5a67ef2cb5b5 DependenciesID=cbcc72373475130c595d79bb841bd2e9 StaticDependenciesID=79e0064ab03cc04709aa47f8e5383561 
Number of updated asset objects reloaded before import = 0
Number of asset objects unloaded after import = 0
========================================================================
Received Import Request.
  Time of request: 2026-10-01T08:15:25.7631206Z
  Time since last request: 0.0004286 seconds.
  importAddress: GUID: 153c0ac2dec541bc824175008b97615d - Path: Packages/com.unity.inputsystem/InputSystem/Runtime/Devices/Remote/RemoteInputPlayerConnection.cs - Importer: ScriptedImporter/UnityEditor.QuickSearchModule:UnityEditor.Search:ASIAI0B
Importing 'GUID: 153c0ac2dec541bc824175008b97615d - Path: Packages/com.unity.inputsystem/InputSystem/Runtime/Devices/Remote/RemoteInputPlayerConnection.cs - Importer: ScriptedImporter/UnityEditor.QuickSearchModule:UnityEditor.Search:ASIAI0B' with importer (ScriptedImporter : UnityEditor.QuickSearchModule:UnityEditor.Search:ASIAI0B)
Imported 'GUID: 153c0ac2dec541bc824175008b97615d' -> (Import Result ID: 'b2264503391c4e2adfc4acb99f299f55') in 0.002 seconds [static and dynamic dependencies]. Details - ImportResultOutputID=15a20441b1fac6e3cb3824d22b60a291 DependenciesID=bba45bfcdb4d4139a0feaca371014fa1 StaticDependenciesID=5668d84b366c0b51a41c303d1a8b8075 
Number of updated asset objects reloaded before import = 0
Number of asset objects unloaded after import = 0
========================================================================
Received Import Request.
  Time of request: 2026-10-01T08:15:25.7751715Z
  Time since last request: 0.0003678 seconds.
  importAddress: GUID: b0c637405fa4842cc92e389df8729bc8 - Path: Packages/com.unity.inputsystem/InputSystem/Runtime/Devices/Commands/RequestSyncCommand.cs - Importer: ScriptedImporter/UnityEditor.QuickSearchModule:UnityEditor.Search:ASIAI0B
Importing 'GUID: b0c637405fa4842cc92e389df8729bc8 - Path: Packages/com.unity.inputsystem/InputSystem/Runtime/Devices/Commands/RequestSyncCommand.cs - Importer: ScriptedImporter/UnityEditor.QuickSearchModule:UnityEditor.Search:ASIAI0B' with importer (ScriptedImporter : UnityEditor.QuickSearchModule:UnityEditor.Search:ASIAI0B)
Imported 'GUID: b0c637405fa4842cc92e389df8729bc8' -> (Import Result ID: '7520434876c4f8ebafb16698aa2a8db8') in 0.002 seconds [static and dynamic dependencies]. Details - ImportResultOutputID=48fb2db64a2c590c9b625da7401bb1c6 DependenciesID=824d4cd9244892b6031706873c5a30d8 StaticDependenciesID=e53b1a50fb31fd88a181de405da1ce46 
Number of updated asset objects reloaded before import = 0
Number of asset objects unloaded after import = 0
========================================================================
Received Import Request.
  Time of request: 2026-10-01T08:15:25.7878449Z
  Time since last request: 0.0002629 seconds.
  importAddress: GUID: 7938861606c2845d19cf2e8a683ddba3 - Path: Packages/com.unity.inputsystem/InputSystem/Runtime/Controls/Processors/InvertVector3Processor.cs - Importer: ScriptedImporter/UnityEditor.QuickSearchModule:UnityEditor.Search:ASIAI0B
Importing 'GUID: 7938861606c2845d19cf2e8a683ddba3 - Path: Packages/com.unity.inputsystem/InputSystem/Runtime/Controls/Processors/InvertVector3Processor.cs - Importer: ScriptedImporter/UnityEditor.QuickSearchModule:UnityEditor.Search:ASIAI0B' with importer (ScriptedImporter : UnityEditor.QuickSearchModule:UnityEditor.Search:ASIAI0B)
Imported 'GUID: 7938861606c2845d19cf2e8a683ddba3' -> (Import Result ID: '44c635dbc351c6c385b1525bc31088f1') in 0.002 seconds [static and dynamic dependencies]. Details - ImportResultOutputID=8bca03571a31f7141968bc0283960f12 DependenciesID=9b8ff2361765a01e76bc29a519e1fa92 StaticDependenciesID=3d250335184a98ce08287274fa083944 
Number of updated asset objects reloaded before import = 0
Number of asset objects unloaded after import = 0
========================================================================
Received Import Request.
  Time of request: 2026-10-01T08:15:25.8129795Z
  Time since last request: 0.0137774 seconds.
  importAddress: GUID: ce1664b057efc40759e0da41d54e3e4e - Path: Packages/com.unity.inputsystem/InputSystem/Runtime/Plugins/Users/InputUserChange.cs - Importer: ScriptedImporter/UnityEditor.QuickSearchModule:UnityEditor.Search:ASIAI0B
Importing 'GUID: ce1664b057efc40759e0da41d54e3e4e - Path: Packages/com.unity.inputsystem/InputSystem/Runtime/Plugins/Users/InputUserChange.cs - Importer: ScriptedImporter/UnityEditor.QuickSearchModule:UnityEditor.Search:ASIAI0B' with importer (ScriptedImporter : UnityEditor.QuickSearchModule:UnityEditor.Search:ASIAI0B)
Imported 'GUID: ce1664b057efc40759e0da41d54e3e4e' -> (Import Result ID: 'c428a12433644cfa817496989913cd8c') in 0.002 seconds [static and dynamic dependencies]. Details - ImportResultOutputID=91025e99e87e9167bffd6a7d8a4731c4 DependenciesID=65f879122d1ffdb1598868fb10d8c0fa StaticDependenciesID=9a578f469c51a60721a1e431727245d3 
Number of updated asset objects reloaded before import = 0
Number of asset objects unloaded after import = 0
========================================================================
Received Import Request.
  Time of request: 2026-10-01T08:15:25.8232484Z
  Time since last request: 0.0003544 seconds.
  importAddress: GUID: 0e235e01f7e6408f87e899ac373c85d1 - Path: Packages/com.unity.inputsystem/InputSystem/Runtime/Plugins/DualShock/IDualShockHaptics.cs - Importer: ScriptedImporter/UnityEditor.QuickSearchModule:UnityEditor.Search:ASIAI0B
Importing 'GUID: 0e235e01f7e6408f87e899ac373c85d1 - Path: Packages/com.unity.inputsystem/InputSystem/Runtime/Plugins/DualShock/IDualShockHaptics.cs - Importer: ScriptedImporter/UnityEditor.QuickSearchModule:UnityEditor.Search:ASIAI0B' with importer (ScriptedImporter : UnityEditor.QuickSearchModule:UnityEditor.Search:ASIAI0B)
Imported 'GUID: 0e235e01f7e6408f87e899ac373c85d1' -> (Import Result ID: 'd0eca18f497a9cfbb0038f1c94f5b596') in 0.002 seconds [static and dynamic dependencies]. Details - ImportResultOutputID=0d4c043a2c1930136b92de3a2841a38b DependenciesID=de7280f1a04dffaba0f9c1c975532537 StaticDependenciesID=4e833863f889fac64c3b30aa5316a73f 
Number of updated asset objects reloaded before import = 0
Number of asset objects unloaded after import = 0
========================================================================
Received Import Request.
  Time of request: 2026-10-01T08:15:25.8346231Z
  Time since last request: 0.0005011 seconds.
  importAddress: GUID: f720cfe5a69dc41b28e4c0a6ac2054c5 - Path: Packages/com.unity.inputsystem/InputSystem/Runtime/Plugins/Users/InputUserSettings.cs - Importer: ScriptedImporter/UnityEditor.QuickSearchModule:UnityEditor.Search:ASIAI0B
Importing 'GUID: f720cfe5a69dc41b28e4c0a6ac2054c5 - Path: Packages/com.unity.inputsystem/InputSystem/Runtime/Plugins/Users/InputUserSettings.cs - Importer: ScriptedImporter/UnityEditor.QuickSearchModule:UnityEditor.Search:ASIAI0B' with importer (ScriptedImporter : UnityEditor.QuickSearchModule:UnityEditor.Search:ASIAI0B)
Imported 'GUID: f720cfe5a69dc41b28e4c0a6ac2054c5' -> (Import Result ID: 'a6b8e5ad7536f8dfe0eef2f49c83f2d8') in 0.002 seconds [static and dynamic dependencies]. Details - ImportResultOutputID=655c7785da3f39c79f3480b549fe89e9 DependenciesID=9108c6c2881202132d9cc4f76b69b6cf StaticDependenciesID=8d38d8e37826302a929bf526bf2f9c86 
Number of updated asset objects reloaded before import = 0
Number of asset objects unloaded after import = 0
========================================================================
Received Import Request.
  Time of request: 2026-10-01T08:15:25.8442345Z
  Time since last request: 0.0003623 seconds.
  importAddress: GUID: b7430542eee4694469709e804d36cbbb - Path: Packages/com.unity.inputsystem/InputSystem/Runtime/Plugins/UI/ExtendedSubmitCancelEventData.cs - Importer: ScriptedImporter/UnityEditor.QuickSearchModule:UnityEditor.Search:ASIAI0B
Importing 'GUID: b7430542eee4694469709e804d36cbbb - Path: Packages/com.unity.inputsystem/InputSystem/Runtime/Plugins/UI/ExtendedSubmitCancelEventData.cs - Importer: ScriptedImporter/UnityEditor.QuickSearchModule:UnityEditor.Search:ASIAI0B' with importer (ScriptedImporter : UnityEditor.QuickSearchModule:UnityEditor.Search:ASIAI0B)
Imported 'GUID: b7430542eee4694469709e804d36cbbb' -> (Import Result ID: '4b44e124240f30d3caaf927b4a4f8783') in 0.002 seconds [static and dynamic dependencies]. Details - ImportResultOutputID=949a7ce768d632a9b66cde992dfc2610 DependenciesID=5c6ab37f643c871cfc8e317257968924 StaticDependenciesID=da6b57a3731b08a051f7ec4f6afda3c3 
Number of updated asset objects reloaded before import = 0
Number of asset objects unloaded after import = 0
========================================================================
Received Import Request.
  Time of request: 2026-10-01T08:15:25.8553548Z
  Time since last request: 0.000297 seconds.
  importAddress: GUID: e04d6d4984c7d164096e271f20932849 - Path: Packages/com.unity.inputsystem/InputSystem/Runtime/Plugins/UI/PointerModel.cs - Importer: ScriptedImporter/UnityEditor.QuickSearchModule:UnityEditor.Search:ASIAI0B
Importing 'GUID: e04d6d4984c7d164096e271f20932849 - Path: Packages/com.unity.inputsystem/InputSystem/Runtime/Plugins/UI/PointerModel.cs - Importer: ScriptedImporter/UnityEditor.QuickSearchModule:UnityEditor.Search:ASIAI0B' with importer (ScriptedImporter : UnityEditor.QuickSearchModule:UnityEditor.Search:ASIAI0B)
Imported 'GUID: e04d6d4984c7d164096e271f20932849' -> (Import Result ID: 'ae6cc6603aa81fe3bc77a3812c2abaa7') in 0.003 seconds [static and dynamic dependencies]. Details - ImportResultOutputID=50137cb2f4a6875fd8b577808a634be6 DependenciesID=918a5bfcf6b38557e1d99d73be5b7fbe StaticDependenciesID=b010758cd75d00de28bcaa21cf06c4ad 
Number of updated asset objects reloaded before import = 0
Number of asset objects unloaded after import = 0
========================================================================
Received Import Request.
  Time of request: 2026-10-01T08:15:25.8667949Z
  Time since last request: 0.0003447 seconds.
  importAddress: GUID: 3da49be2d645b418c8ee308bb1a011c7 - Path: Packages/com.unity.inputsystem/InputSystem/Runtime/Plugins/Linux/LinuxSupport.cs - Importer: ScriptedImporter/UnityEditor.QuickSearchModule:UnityEditor.Search:ASIAI0B
Importing 'GUID: 3da49be2d645b418c8ee308bb1a011c7 - Path: Packages/com.unity.inputsystem/InputSystem/Runtime/Plugins/Linux/LinuxSupport.cs - Importer: ScriptedImporter/UnityEditor.QuickSearchModule:UnityEditor.Search:ASIAI0B' with importer (ScriptedImporter : UnityEditor.QuickSearchModule:UnityEditor.Search:ASIAI0B)
Imported 'GUID: 3da49be2d645b418c8ee308bb1a011c7' -> (Import Result ID: 'eaaa9c6bd104f6e9594986e4e2629587') in 0.002 seconds [static and dynamic dependencies]. Details - ImportResultOutputID=fd90f96e0b3198bb6215e3bad1e02f4a DependenciesID=b6f30b41c34c38734a25ba70c0e79afe StaticDependenciesID=88567fc8e0a82388028db0739bd5bb88 
Number of updated asset objects reloaded before import = 0
Number of asset objects unloaded after import = 0
========================================================================
Received Import Request.
  Time of request: 2026-10-01T08:15:25.876757Z
  Time since last request: 0.0003538 seconds.
  importAddress: GUID: e31057ef324a04478bb4f7d469b3cdc0 - Path: Packages/com.unity.inputsystem/InputSystem/Runtime/Plugins/EnhancedTouch/TouchSimulation.cs - Importer: ScriptedImporter/UnityEditor.QuickSearchModule:UnityEditor.Search:ASIAI0B
Importing 'GUID: e31057ef324a04478bb4f7d469b3cdc0 - Path: Packages/com.unity.inputsystem/InputSystem/Runtime/Plugins/EnhancedTouch/TouchSimulation.cs - Importer: ScriptedImporter/UnityEditor.QuickSearchModule:UnityEditor.Search:ASIAI0B' with importer (ScriptedImporter : UnityEditor.QuickSearchModule:UnityEditor.Search:ASIAI0B)
Imported 'GUID: e31057ef324a04478bb4f7d469b3cdc0' -> (Import Result ID: '7bfcd342fe2a553e1f74082d65dd407a') in 0.002 seconds [static and dynamic dependencies]. Details - ImportResultOutputID=7675772f9b938f90330eb6f5e343d387 DependenciesID=807b1b716ed858400070c541c5e6a951 StaticDependenciesID=21648aea718697414462984d727e2547 
Number of updated asset objects reloaded before import = 0
Number of asset objects unloaded after import = 0
========================================================================
Received Import Request.
  Time of request: 2026-10-01T08:15:25.887774Z
  Time since last request: 0.000296 seconds.
  importAddress: GUID: 424b6720ff5999446843ba414e58a907 - Path: Packages/com.unity.inputsystem/InputSystem/Runtime/Plugins/UI/VirtualMouseInput.cs - Importer: ScriptedImporter/UnityEditor.QuickSearchModule:UnityEditor.Search:ASIAI0B
Importing 'GUID: 424b6720ff5999446843ba414e58a907 - Path: Packages/com.unity.inputsystem/InputSystem/Runtime/Plugins/UI/VirtualMouseInput.cs - Importer: ScriptedImporter/UnityEditor.QuickSearchModule:UnityEditor.Search:ASIAI0B' with importer (ScriptedImporter : UnityEditor.QuickSearchModule:UnityEditor.Search:ASIAI0B)
Imported 'GUID: 424b6720ff5999446843ba414e58a907' -> (Import Result ID: 'b8f6cefbc90861f036b9a0c7f5b35fe1') in 0.002 seconds [static and dynamic dependencies]. Details - ImportResultOutputID=c89fe870ffafb4e36070de436cf8e2f7 DependenciesID=61e4e1ba1c09f7ca07fcb97b2e906994 StaticDependenciesID=67b39912dffedbc16614813c379f2238 
Number of updated asset objects reloaded before import = 0
Number of asset objects unloaded after import = 0
========================================================================
Received Import Request.
  Time of request: 2026-10-01T08:15:25.9173743Z
  Time since last request: 0.0182479 seconds.
  importAddress: GUID: 29a78370a46c4b59875764266185b105 - Path: Packages/com.unity.inputsystem/InputSystem/Runtime/Utilities/Observables/SelectObservable.cs - Importer: ScriptedImporter/UnityEditor.QuickSearchModule:UnityEditor.Search:ASIAI0B
Importing 'GUID: 29a78370a46c4b59875764266185b105 - Path: Packages/com.unity.inputsystem/InputSystem/Runtime/Utilities/Observables/SelectObservable.cs - Importer: ScriptedImporter/UnityEditor.QuickSearchModule:UnityEditor.Search:ASIAI0B' with importer (ScriptedImporter : UnityEditor.QuickSearchModule:UnityEditor.Search:ASIAI0B)
Imported 'GUID: 29a78370a46c4b59875764266185b105' -> (Import Result ID: '405d7c06bf05996474c6de4b20c70339') in 0.002 seconds [static and dynamic dependencies]. Details - ImportResultOutputID=fb87bbd7967def871e1a394e66f3e078 DependenciesID=61316fd481f0f7ed34d4e2f3fcf16192 StaticDependenciesID=a0685a5bc54fd27d571e41e62b1124e6 
Number of updated asset objects reloaded before import = 0
Number of asset objects unloaded after import = 0
========================================================================
Received Import Request.
  Time of request: 2026-10-01T08:15:25.927597Z
  Time since last request: 0.0004352 seconds.
  importAddress: GUID: e99e627aecef48147afe455970fc03f6 - Path: Packages/com.unity.visualscripting/Graphics/EnumItem_16x.ai - Importer: ScriptedImporter/UnityEditor.QuickSearchModule:UnityEditor.Search:ASIAI0B
Importing 'GUID: e99e627aecef48147afe455970fc03f6 - Path: Packages/com.unity.visualscripting/Graphics/EnumItem_16x.ai - Importer: ScriptedImporter/UnityEditor.QuickSearchModule:UnityEditor.Search:ASIAI0B' with importer (ScriptedImporter : UnityEditor.QuickSearchModule:UnityEditor.Search:ASIAI0B)
Imported 'GUID: e99e627aecef48147afe455970fc03f6' -> (Import Result ID: '223f44d5ee8004bdf610f91b859ca5d2') in 0.003 seconds [static and dynamic dependencies]. Details - ImportResultOutputID=019a70bfb5531f40862d02dcf35d239f DependenciesID=0397d000a20209b9386ab40083e0a52a StaticDependenciesID=72e8979431fe2a8a3f463317f728cf31 
Number of updated asset objects reloaded before import = 0
Number of asset objects unloaded after import = 1
========================================================================
Received Import Request.
  Time of request: 2026-10-01T08:15:25.9385101Z
  Time since last request: 0.0002633 seconds.
  importAddress: GUID: fb8aec2313da2234687b591ff0c0e622 - Path: Packages/com.unity.visualscripting/Graphics/FlowPorts_24x.psd - Importer: ScriptedImporter/UnityEditor.QuickSearchModule:UnityEditor.Search:ASIAI0B
Importing 'GUID: fb8aec2313da2234687b591ff0c0e622 - Path: Packages/com.unity.visualscripting/Graphics/FlowPorts_24x.psd - Importer: ScriptedImporter/UnityEditor.QuickSearchModule:UnityEditor.Search:ASIAI0B' with importer (ScriptedImporter : UnityEditor.QuickSearchModule:UnityEditor.Search:ASIAI0B)
Imported 'GUID: fb8aec2313da2234687b591ff0c0e622' -> (Import Result ID: '67291c23c1c446a79e8578d691a3ce6b') in 0.004 seconds [static and dynamic dependencies]. Details - ImportResultOutputID=59586e03745a30c151cb1686b051e9ad DependenciesID=bd05ce6968310a48d25077fa28cdf5ef StaticDependenciesID=824a85c77fab597a086885a19250600b 
Number of updated asset objects reloaded before import = 0
Number of asset objects unloaded after import = 1
========================================================================
Received Import Request.
  Time of request: 2026-10-01T08:15:25.9510901Z
  Time since last request: 0.0003343 seconds.
  importAddress: GUID: 8242c97e8771412fb5f5637b7278e18f - Path: Packages/com.unity.inputsystem/InputSystem/Runtime/Utilities/Observables/ForDeviceEventObservable.cs - Importer: ScriptedImporter/UnityEditor.QuickSearchModule:UnityEditor.Search:ASIAI0B
Importing 'GUID: 8242c97e8771412fb5f5637b7278e18f - Path: Packages/com.unity.inputsystem/InputSystem/Runtime/Utilities/Observables/ForDeviceEventObservable.cs - Importer: ScriptedImporter/UnityEditor.QuickSearchModule:UnityEditor.Search:ASIAI0B' with importer (ScriptedImporter : UnityEditor.QuickSearchModule:UnityEditor.Search:ASIAI0B)
Imported 'GUID: 8242c97e8771412fb5f5637b7278e18f' -> (Import Result ID: 'e288d3eab908d6f289b4d29afa8287db') in 0.002 seconds [static and dynamic dependencies]. Details - ImportResultOutputID=905202930be3174d03c4e2d8c88005cd DependenciesID=7b2941f21b73f42ba74d2d6f05e4a853 StaticDependenciesID=a09df05646fccd06eb6b7ce763e2b1e2 
Number of updated asset objects reloaded before import = 0
Number of asset objects unloaded after import = 0
========================================================================
Received Import Request.
  Time of request: 2026-10-01T08:15:25.9640489Z
  Time since last request: 0.000295 seconds.
  importAddress: GUID: 66f2f0bd24913304386d572f96263953 - Path: Packages/com.unity.visualscripting/Graphics/Icons_16x_72dpi.afphoto - Importer: ScriptedImporter/UnityEditor.QuickSearchModule:UnityEditor.Search:ASIAI0B
Importing 'GUID: 66f2f0bd24913304386d572f96263953 - Path: Packages/com.unity.visualscripting/Graphics/Icons_16x_72dpi.afphoto - Importer: ScriptedImporter/UnityEditor.QuickSearchModule:UnityEditor.Search:ASIAI0B' with importer (ScriptedImporter : UnityEditor.QuickSearchModule:UnityEditor.Search:ASIAI0B)
Imported 'GUID: 66f2f0bd24913304386d572f96263953' -> (Import Result ID: '7242a732ae94942ed0b0c9bf50953c1b') in 0.001 seconds [static and dynamic dependencies]. Details - ImportResultOutputID=62f15d62572939595e14138840bb8db0 DependenciesID=121167ca8a6c344c876d7c0d5772f68b StaticDependenciesID=c684fb815510bd709c14f4610b8c2224 
Number of updated asset objects reloaded before import = 0
Number of asset objects unloaded after import = 1
========================================================================
Received Import Request.
  Time of request: 2026-10-01T08:15:25.9749778Z
  Time since last request: 0.0008154 seconds.
  importAddress: GUID: 3490969118efdfd4da95e61cc38d408f - Path: Packages/com.unity.visualscripting/Graphics/Structure_16x.ai - Importer: ScriptedImporter/UnityEditor.QuickSearchModule:UnityEditor.Search:ASIAI0B
Importing 'GUID: 3490969118efdfd4da95e61cc38d408f - Path: Packages/com.unity.visualscripting/Graphics/Structure_16x.ai - Importer: ScriptedImporter/UnityEditor.QuickSearchModule:UnityEditor.Search:ASIAI0B' with importer (ScriptedImporter : UnityEditor.QuickSearchModule:UnityEditor.Search:ASIAI0B)
Imported 'GUID: 3490969118efdfd4da95e61cc38d408f' -> (Import Result ID: '2ae151d365f89905284d6d75b6b02b8e') in 0.002 seconds [static and dynamic dependencies]. Details - ImportResultOutputID=f19a295c828a82bbd75bf3041ddea3c4 DependenciesID=a20072a94be5184b0ad03a07a34bda36 StaticDependenciesID=61edcd908764ca6b9c35828d4af1cb8b 
Number of updated asset objects reloaded before import = 0
Number of asset objects unloaded after import = 1
========================================================================
Received Import Request.
  Time of request: 2026-10-01T08:15:25.9866224Z
  Time since last request: 0.0006732 seconds.
  importAddress: GUID: 70b768f311ee24d93b61dbdf4169a93f - Path: Packages/com.unity.visualscripting/README.md - Importer: ScriptedImporter/UnityEditor.QuickSearchModule:UnityEditor.Search:ASIAI0B
Importing 'GUID: 70b768f311ee24d93b61dbdf4169a93f - Path: Packages/com.unity.visualscripting/README.md - Importer: ScriptedImporter/UnityEditor.QuickSearchModule:UnityEditor.Search:ASIAI0B' with importer (ScriptedImporter : UnityEditor.QuickSearchModule:UnityEditor.Search:ASIAI0B)
Imported 'GUID: 70b768f311ee24d93b61dbdf4169a93f' -> (Import Result ID: '6e1b8dcbfa9eb71a2d93518850f7b7de') in 0.002 seconds [static and dynamic dependencies]. Details - ImportResultOutputID=334357776cc60be2114e4e4ece5cdcd5 DependenciesID=33e50a9557bcb23253509ad3009a061c StaticDependenciesID=80f28ce52faec9087bc3ac255fc4cdb6 
Number of updated asset objects reloaded before import = 0
Number of asset objects unloaded after import = 1
========================================================================
Received Import Request.
  Time of request: 2026-10-01T08:15:25.9966558Z
  Time since last request: 0.0005217 seconds.
  importAddress: GUID: ba9c71f100044b3a9dca49c8f9e489cb - Path: Packages/com.unity.visualscripting/Editor/SettingsProvider/EditorPreferencesProvider.cs - Importer: ScriptedImporter/UnityEditor.QuickSearchModule:UnityEditor.Search:ASIAI0B
Importing 'GUID: ba9c71f100044b3a9dca49c8f9e489cb - Path: Packages/com.unity.visualscripting/Editor/SettingsProvider/EditorPreferencesProvider.cs - Importer: ScriptedImporter/UnityEditor.QuickSearchModule:UnityEditor.Search:ASIAI0B' with importer (ScriptedImporter : UnityEditor.QuickSearchModule:UnityEditor.Search:ASIAI0B)
Imported 'GUID: ba9c71f100044b3a9dca49c8f9e489cb' -> (Import Result ID: '2c6997384c582b603b4df1fe8dc60ec2') in 0.002 seconds [static and dynamic dependencies]. Details - ImportResultOutputID=7b27f83f19720d3be5c250132f3d8385 DependenciesID=d606147fef84191a92cfb4fc95597186 StaticDependenciesID=0c4bc412bf860170e9105208906a2e6d 
Number of updated asset objects reloaded before import = 0
Number of asset objects unloaded after import = 0
========================================================================
Received Import Request.
  Time of request: 2026-10-01T08:15:26.0094511Z
  Time since last request: 0.0002116 seconds.
  importAddress: GUID: 58cddc0883dde5740a5da5c1395c30e7 - Path: Packages/com.unity.visualscripting/Graphics/Constant_16x.ai - Importer: ScriptedImporter/UnityEditor.QuickSearchModule:UnityEditor.Search:ASIAI0B
Importing 'GUID: 58cddc0883dde5740a5da5c1395c30e7 - Path: Packages/com.unity.visualscripting/Graphics/Constant_16x.ai - Importer: ScriptedImporter/UnityEditor.QuickSearchModule:UnityEditor.Search:ASIAI0B' with importer (ScriptedImporter : UnityEditor.QuickSearchModule:UnityEditor.Search:ASIAI0B)
Imported 'GUID: 58cddc0883dde5740a5da5c1395c30e7' -> (Import Result ID: '36542f54b90f19ca6bcab8eccb19ff05') in 0.002 seconds [static and dynamic dependencies]. Details - ImportResultOutputID=8148fae4549e0c0f52cc5e2d0554839a DependenciesID=8dffb44f164de1a4bf0d24940b02e47f StaticDependenciesID=9eea63b851cff56cd2f4b6abfc1b8a09 
Number of updated asset objects reloaded before import = 0
Number of asset objects unloaded after import = 1
========================================================================
Received Import Request.
  Time of request: 2026-10-01T08:15:26.0237842Z
  Time since last request: 0.0042292 seconds.
  importAddress: GUID: 4714da3615e2d49bfb32bc923847bcc1 - Path: Packages/com.unity.visualscripting/Runtime/VisualScripting.Flow/MultiInputUnit.cs - Importer: ScriptedImporter/UnityEditor.QuickSearchModule:UnityEditor.Search:ASIAI0B
Importing 'GUID: 4714da3615e2d49bfb32bc923847bcc1 - Path: Packages/com.unity.visualscripting/Runtime/VisualScripting.Flow/MultiInputUnit.cs - Importer: ScriptedImporter/UnityEditor.QuickSearchModule:UnityEditor.Search:ASIAI0B' with importer (ScriptedImporter : UnityEditor.QuickSearchModule:UnityEditor.Search:ASIAI0B)
Imported 'GUID: 4714da3615e2d49bfb32bc923847bcc1' -> (Import Result ID: '6c1e347c57527b8fca28d2a3ca53af74') in 0.002 seconds [static and dynamic dependencies]. Details - ImportResultOutputID=c55e5caa596059df3990ada0e16cec1f DependenciesID=964aaa9fbc87d12e9d52b94bfa7efc5e StaticDependenciesID=6651b5cf8771428487404de125e4c5f2 
Number of updated asset objects reloaded before import = 0
Number of asset objects unloaded after import = 0
========================================================================
Received Import Request.
  Time of request: 2026-10-01T08:15:26.0375693Z
  Time since last request: 0.00049 seconds.
  importAddress: GUID: 54cb1906aeb4e4264bc1d2aa3818a43f - Path: Packages/com.unity.visualscripting/Editor/VisualScripting.Core/Unity.VisualScripting.Core.Editor.asmdef - Importer: ScriptedImporter/UnityEditor.QuickSearchModule:UnityEditor.Search:ASIAI0B
Importing 'GUID: 54cb1906aeb4e4264bc1d2aa3818a43f - Path: Packages/com.unity.visualscripting/Editor/VisualScripting.Core/Unity.VisualScripting.Core.Editor.asmdef - Importer: ScriptedImporter/UnityEditor.QuickSearchModule:UnityEditor.Search:ASIAI0B' with importer (ScriptedImporter : UnityEditor.QuickSearchModule:UnityEditor.Search:ASIAI0B)
Imported 'GUID: 54cb1906aeb4e4264bc1d2aa3818a43f' -> (Import Result ID: 'f88be3c1f4b64bcd33681cbd212efd54') in 0.002 seconds [static and dynamic dependencies]. Details - ImportResultOutputID=201bdbb3b5427fc62d54aaeb8acd3bb2 DependenciesID=1e765d3f68a0eaff789b894f6da71e2d StaticDependenciesID=0ed657ede8164fb375a5a1401eec4846 
Number of updated asset objects reloaded before import = 0
Number of asset objects unloaded after import = 1
========================================================================
Received Import Request.
  Time of request: 2026-10-01T08:15:26.0482546Z
  Time since last request: 0.0001991 seconds.
  importAddress: GUID: b1b39c71b073f4269acc255452659ff3 - Path: Packages/com.unity.visualscripting/Editor/VisualScripting.Flow/FlowGraphUnitUISample.cs - Importer: ScriptedImporter/UnityEditor.QuickSearchModule:UnityEditor.Search:ASIAI0B
Importing 'GUID: b1b39c71b073f4269acc255452659ff3 - Path: Packages/com.unity.visualscripting/Editor/VisualScripting.Flow/FlowGraphUnitUISample.cs - Importer: ScriptedImporter/UnityEditor.QuickSearchModule:UnityEditor.Search:ASIAI0B' with importer (ScriptedImporter : UnityEditor.QuickSearchModule:UnityEditor.Search:ASIAI0B)
Imported 'GUID: b1b39c71b073f4269acc255452659ff3' -> (Import Result ID: '9b111d05a827ba589f6d7f50b4082cee') in 0.002 seconds [static and dynamic dependencies]. Details - ImportResultOutputID=65ba98b7024d2af124690e5f4120ca89 DependenciesID=b79036f8f2af9d39f60dbadffd53d906 StaticDependenciesID=5f769a0e2dc6fe96b21476a9676945f2 
Number of updated asset objects reloaded before import = 0
Number of asset objects unloaded after import = 0
========================================================================
Received Import Request.
  Time of request: 2026-10-01T08:15:26.0586709Z
  Time since last request: 0.0002084 seconds.
  importAddress: GUID: 8a0959959a3a749c2aceb5082a6cf1c7 - Path: Packages/com.unity.visualscripting/Editor/VisualScripting.Flow/FlowCanvas.cs - Importer: ScriptedImporter/UnityEditor.QuickSearchModule:UnityEditor.Search:ASIAI0B
Importing 'GUID: 8a0959959a3a749c2aceb5082a6cf1c7 - Path: Packages/com.unity.visualscripting/Editor/VisualScripting.Flow/FlowCanvas.cs - Importer: ScriptedImporter/UnityEditor.QuickSearchModule:UnityEditor.Search:ASIAI0B' with importer (ScriptedImporter : UnityEditor.QuickSearchModule:UnityEditor.Search:ASIAI0B)
Imported 'GUID: 8a0959959a3a749c2aceb5082a6cf1c7' -> (Import Result ID: '336779864817ed4a6cb1e8dac0a38993') in 0.002 seconds [static and dynamic dependencies]. Details - ImportResultOutputID=310f4f61154469323b8dda10b7d16c0f DependenciesID=57702bd547af138bb48d711d97a072ed StaticDependenciesID=9eb37bc2a918400e2036a2e895b264e7 
Number of updated asset objects reloaded before import = 0
Number of asset objects unloaded after import = 0
========================================================================
Received Import Request.
  Time of request: 2026-10-01T08:15:26.0697057Z
  Time since last request: 0.0003258 seconds.
  importAddress: GUID: d2078ea3a801441c3ae02ea594151478 - Path: Packages/com.unity.visualscripting/Editor/VisualScripting.Core/SemanticVersion.cs - Importer: ScriptedImporter/UnityEditor.QuickSearchModule:UnityEditor.Search:ASIAI0B
Importing 'GUID: d2078ea3a801441c3ae02ea594151478 - Path: Packages/com.unity.visualscripting/Editor/VisualScripting.Core/SemanticVersion.cs - Importer: ScriptedImporter/UnityEditor.QuickSearchModule:UnityEditor.Search:ASIAI0B' with importer (ScriptedImporter : UnityEditor.QuickSearchModule:UnityEditor.Search:ASIAI0B)
Imported 'GUID: d2078ea3a801441c3ae02ea594151478' -> (Import Result ID: '73395bcd8dc1d55bc33c6d1004c13f5b') in 0.002 seconds [static and dynamic dependencies]. Details - ImportResultOutputID=39759eb0a232387997594a91334e077f DependenciesID=8c42b8d6ef885eec168d986901253b37 StaticDependenciesID=fe110a4997cafda8c3a3fc346b0b2299 
Number of updated asset objects reloaded before import = 0
Number of asset objects unloaded after import = 0
========================================================================
Received Import Request.
  Time of request: 2026-10-01T08:15:26.0803451Z
  Time since last request: 0.0002839 seconds.
  importAddress: GUID: 96720bb3a1ee0448b8de15584f45ad51 - Path: Packages/com.unity.visualscripting/Runtime/VisualScripting.State/IStateDebugData.cs - Importer: ScriptedImporter/UnityEditor.QuickSearchModule:UnityEditor.Search:ASIAI0B
Importing 'GUID: 96720bb3a1ee0448b8de15584f45ad51 - Path: Packages/com.unity.visualscripting/Runtime/VisualScripting.State/IStateDebugData.cs - Importer: ScriptedImporter/UnityEditor.QuickSearchModule:UnityEditor.Search:ASIAI0B' with importer (ScriptedImporter : UnityEditor.QuickSearchModule:UnityEditor.Search:ASIAI0B)
Imported 'GUID: 96720bb3a1ee0448b8de15584f45ad51' -> (Import Result ID: '9db36c37693f276304eb0eccfcaf6e89') in 0.002 seconds [static and dynamic dependencies]. Details - ImportResultOutputID=a44f6196e8cd685d750a61ee42e075c1 DependenciesID=6be2adaf4c89dd42dd7834d5be24e9de StaticDependenciesID=f321c281b9558b820e81bb538af451cf 
Number of updated asset objects reloaded before import = 0
Number of asset objects unloaded after import = 0
========================================================================
Received Import Request.
  Time of request: 2026-10-01T08:15:26.0901681Z
  Time since last request: 0.0002779 seconds.
  importAddress: GUID: 0b88d70c1d7d94d5ba520b604479fb04 - Path: Packages/com.unity.visualscripting/Runtime/VisualScripting.Core/MiscUtil.defines - Importer: ScriptedImporter/UnityEditor.QuickSearchModule:UnityEditor.Search:ASIAI0B
Importing 'GUID: 0b88d70c1d7d94d5ba520b604479fb04 - Path: Packages/com.unity.visualscripting/Runtime/VisualScripting.Core/MiscUtil.defines - Importer: ScriptedImporter/UnityEditor.QuickSearchModule:UnityEditor.Search:ASIAI0B' with importer (ScriptedImporter : UnityEditor.QuickSearchModule:UnityEditor.Search:ASIAI0B)
Imported 'GUID: 0b88d70c1d7d94d5ba520b604479fb04' -> (Import Result ID: 'a119dfaacc723ecab5fef519962cc689') in 0.002 seconds [static and dynamic dependencies]. Details - ImportResultOutputID=8db8935bf71cd82fee4fb619ddaaacfe DependenciesID=5ed85675f2a3a3664eac184cf9a93c0c StaticDependenciesID=d976ac0c93a6cddd2e7eb1cac97f8568 
Number of updated asset objects reloaded before import = 0
Number of asset objects unloaded after import = 1
========================================================================
Received Import Request.
  Time of request: 2026-10-01T08:15:26.1141917Z
  Time since last request: 0.013262 seconds.
  importAddress: GUID: d20b55e1b62454c3cb8261290858b417 - Path: Packages/com.unity.visualscripting/Runtime/VisualScripting.State/StateGraph.cs - Importer: ScriptedImporter/UnityEditor.QuickSearchModule:UnityEditor.Search:ASIAI0B
Importing 'GUID: d20b55e1b62454c3cb8261290858b417 - Path: Packages/com.unity.visualscripting/Runtime/VisualScripting.State/StateGraph.cs - Importer: ScriptedImporter/UnityEditor.QuickSearchModule:UnityEditor.Search:ASIAI0B' with importer (ScriptedImporter : UnityEditor.QuickSearchModule:UnityEditor.Search:ASIAI0B)
Imported 'GUID: d20b55e1b62454c3cb8261290858b417' -> (Import Result ID: '3b3ac5b2d27a2dea4029f34099192f8b') in 0.002 seconds [static and dynamic dependencies]. Details - ImportResultOutputID=fcd5ac9afc77835b1946d555da1a867b DependenciesID=2df8943942c571a0e82d03bb302f4531 StaticDependenciesID=6c834cba7ca9657607f7d7abeeae0474 
Number of updated asset objects reloaded before import = 0
Number of asset objects unloaded after import = 0
========================================================================
Received Import Request.
  Time of request: 2026-10-01T08:15:26.1260511Z
  Time since last request: 0.0003705 seconds.
  importAddress: GUID: 075261282385d497b8b191d4e752d49b - Path: Packages/com.unity.visualscripting/Editor/VisualScripting.Core/Context/GraphContextExtension.cs - Importer: ScriptedImporter/UnityEditor.QuickSearchModule:UnityEditor.Search:ASIAI0B
Importing 'GUID: 075261282385d497b8b191d4e752d49b - Path: Packages/com.unity.visualscripting/Editor/VisualScripting.Core/Context/GraphContextExtension.cs - Importer: ScriptedImporter/UnityEditor.QuickSearchModule:UnityEditor.Search:ASIAI0B' with importer (ScriptedImporter : UnityEditor.QuickSearchModule:UnityEditor.Search:ASIAI0B)
Imported 'GUID: 075261282385d497b8b191d4e752d49b' -> (Import Result ID: 'ff71a79ee13d01225b4b270bb0f0387d') in 0.002 seconds [static and dynamic dependencies]. Details - ImportResultOutputID=3c2f5f93ba42962094560b2b31848af6 DependenciesID=ffd482f6ec81ec3091b07ea34dbcf9b6 StaticDependenciesID=81fc32c5a654ec1e3dfb77cf37fade2b 
Number of updated asset objects reloaded before import = 0
Number of asset objects unloaded after import = 0
========================================================================
Received Import Request.
  Time of request: 2026-10-01T08:15:26.1382411Z
  Time since last request: 0.0004192 seconds.
  importAddress: GUID: efe58df89b5b74a97a123b5ed2b70422 - Path: Packages/com.unity.visualscripting/Runtime/VisualScripting.State/StateMachine.cs - Importer: ScriptedImporter/UnityEditor.QuickSearchModule:UnityEditor.Search:ASIAI0B
Importing 'GUID: efe58df89b5b74a97a123b5ed2b70422 - Path: Packages/com.unity.visualscripting/Runtime/VisualScripting.State/StateMachine.cs - Importer: ScriptedImporter/UnityEditor.QuickSearchModule:UnityEditor.Search:ASIAI0B' with importer (ScriptedImporter : UnityEditor.QuickSearchModule:UnityEditor.Search:ASIAI0B)
Imported 'GUID: efe58df89b5b74a97a123b5ed2b70422' -> (Import Result ID: 'd9ce91200a13a280950b37ac038c648e') in 0.002 seconds [static and dynamic dependencies]. Details - ImportResultOutputID=12a6590e03f31c82103f620c4da7a6a6 DependenciesID=d5c2d8cee693a07697fd5c4d4469fba5 StaticDependenciesID=2df4ea48fdb152642663f505722e44cf 
Number of updated asset objects reloaded before import = 0
Number of asset objects unloaded after import = 1
========================================================================
Received Import Request.
  Time of request: 2026-10-01T08:15:26.1487756Z
  Time since last request: 0.0003009 seconds.
  importAddress: GUID: c1fabba6ac68944be828b41a0b09b932 - Path: Packages/com.unity.visualscripting/Editor/VisualScripting.Core/Assignment/IAssigner.cs - Importer: ScriptedImporter/UnityEditor.QuickSearchModule:UnityEditor.Search:ASIAI0B
Importing 'GUID: c1fabba6ac68944be828b41a0b09b932 - Path: Packages/com.unity.visualscripting/Editor/VisualScripting.Core/Assignment/IAssigner.cs - Importer: ScriptedImporter/UnityEditor.QuickSearchModule:UnityEditor.Search:ASIAI0B' with importer (ScriptedImporter : UnityEditor.QuickSearchModule:UnityEditor.Search:ASIAI0B)
Imported 'GUID: c1fabba6ac68944be828b41a0b09b932' -> (Import Result ID: '9635b252ccd7c0f805854e18085c2ad8') in 0.002 seconds [static and dynamic dependencies]. Details - ImportResultOutputID=81563a87c1a798dfff9933f268529ee2 DependenciesID=dec9c11c9c9f76ed90d70c327b8ba27e StaticDependenciesID=357b489152b224ca7f371c334fdff62e 
Number of updated asset objects reloaded before import = 0
Number of asset objects unloaded after import = 0
========================================================================
Received Import Request.
  Time of request: 2026-10-01T08:15:26.1595898Z
  Time since last request: 0.0004435 seconds.
  importAddress: GUID: 2353beb7f92634ac5b080bc12887c8c6 - Path: Packages/com.unity.visualscripting/Editor/VisualScripting.Core/Context/GraphContextExtensionAttribute.cs - Importer: ScriptedImporter/UnityEditor.QuickSearchModule:UnityEditor.Search:ASIAI0B
Importing 'GUID: 2353beb7f92634ac5b080bc12887c8c6 - Path: Packages/com.unity.visualscripting/Editor/VisualScripting.Core/Context/GraphContextExtensionAttribute.cs - Importer: ScriptedImporter/UnityEditor.QuickSearchModule:UnityEditor.Search:ASIAI0B' with importer (ScriptedImporter : UnityEditor.QuickSearchModule:UnityEditor.Search:ASIAI0B)
Imported 'GUID: 2353beb7f92634ac5b080bc12887c8c6' -> (Import Result ID: 'c3cdec98d6cb4a32fea66bf5e2da9f37') in 0.002 seconds [static and dynamic dependencies]. Details - ImportResultOutputID=7954cc179b12a810facec758a3af7448 DependenciesID=02e133a51f3d5a1059b7522538a57102 StaticDependenciesID=143849262622ed23eea3f74eb138f318 
Number of updated asset objects reloaded before import = 0
Number of asset objects unloaded after import = 0
========================================================================
Received Import Request.
  Time of request: 2026-10-01T08:15:26.1703122Z
  Time since last request: 0.0006344 seconds.
  importAddress: GUID: b9937e27525304cf483c1c226a66aace - Path: Packages/com.unity.visualscripting/Runtime/VisualScripting.State/StateExitReason.cs - Importer: ScriptedImporter/UnityEditor.QuickSearchModule:UnityEditor.Search:ASIAI0B
Importing 'GUID: b9937e27525304cf483c1c226a66aace - Path: Packages/com.unity.visualscripting/Runtime/VisualScripting.State/StateExitReason.cs - Importer: ScriptedImporter/UnityEditor.QuickSearchModule:UnityEditor.Search:ASIAI0B' with importer (ScriptedImporter : UnityEditor.QuickSearchModule:UnityEditor.Search:ASIAI0B)
Imported 'GUID: b9937e27525304cf483c1c226a66aace' -> (Import Result ID: 'a167fc5cc63bd12c5fa91cd42c482d33') in 0.002 seconds [static and dynamic dependencies]. Details - ImportResultOutputID=2bce3d518001fdefa7f02b53e85dc2f5 DependenciesID=73e80399dc1f717ccf8b49a05587aba2 StaticDependenciesID=b2e00bd78647a71b45c63269470b1f32 
Number of updated asset objects reloaded before import = 0
Number of asset objects unloaded after import = 0
========================================================================
Received Import Request.
  Time of request: 2026-10-01T08:15:26.180355Z
  Time since last request: 0.00034 seconds.
  importAddress: GUID: 69bdd2cb2fe1e4971b4013934b9098d6 - Path: Packages/com.unity.visualscripting/Editor/VisualScripting.Core/Context/IGraphContext.cs - Importer: ScriptedImporter/UnityEditor.QuickSearchModule:UnityEditor.Search:ASIAI0B
Importing 'GUID: 69bdd2cb2fe1e4971b4013934b9098d6 - Path: Packages/com.unity.visualscripting/Editor/VisualScripting.Core/Context/IGraphContext.cs - Importer: ScriptedImporter/UnityEditor.QuickSearchModule:UnityEditor.Search:ASIAI0B' with importer (ScriptedImporter : UnityEditor.QuickSearchModule:UnityEditor.Search:ASIAI0B)
Imported 'GUID: 69bdd2cb2fe1e4971b4013934b9098d6' -> (Import Result ID: '2c16650e191b410085bc473f3c0c7fc3') in 0.002 seconds [static and dynamic dependencies]. Details - ImportResultOutputID=7aa2231a6f201390636c3bb133184965 DependenciesID=072e140257cea9ce25e8fd01366cc4ad StaticDependenciesID=02cb9f305951e57d146bfcc55f516f0a 
Number of updated asset objects reloaded before import = 0
Number of asset objects unloaded after import = 0
========================================================================
Received Import Request.
  Time of request: 2026-10-01T08:15:26.2018155Z
  Time since last request: 0.0103628 seconds.
  importAddress: GUID: c588f7acb736b6940bac7b559c8f59dd - Path: Packages/com.unity.visualscripting/Editor/VisualScripting.Core/IconMap/GlobalMessageListener@32x.png - Importer: ScriptedImporter/UnityEditor.QuickSearchModule:UnityEditor.Search:ASIAI0B
Importing 'GUID: c588f7acb736b6940bac7b559c8f59dd - Path: Packages/com.unity.visualscripting/Editor/VisualScripting.Core/IconMap/GlobalMessageListener@32x.png - Importer: ScriptedImporter/UnityEditor.QuickSearchModule:UnityEditor.Search:ASIAI0B' with importer (ScriptedImporter : UnityEditor.QuickSearchModule:UnityEditor.Search:ASIAI0B)
Imported 'GUID: c588f7acb736b6940bac7b559c8f59dd' -> (Import Result ID: 'b4c21dd2e8021d706e7f8aa357a75c53') in 0.005 seconds [static and dynamic dependencies]. Details - ImportResultOutputID=e32a1221a7b57803320f378ede48891a DependenciesID=2260dc7e2fdf971dc37a39bef2104c57 StaticDependenciesID=ce3e48043bf07e296e2d4c4dc7444a13 
Number of updated asset objects reloaded before import = 0
Number of asset objects unloaded after import = 1
========================================================================
Received Import Request.
  Time of request: 2026-10-01T08:15:26.2153739Z
  Time since last request: 0.0002482 seconds.
  importAddress: GUID: 33746e34008784c2685dd4bb7b3039a7 - Path: Packages/com.unity.visualscripting/Editor/VisualScripting.Core/Description/MacroDescriptor.cs - Importer: ScriptedImporter/UnityEditor.QuickSearchModule:UnityEditor.Search:ASIAI0B
Importing 'GUID: 33746e34008784c2685dd4bb7b3039a7 - Path: Packages/com.unity.visualscripting/Editor/VisualScripting.Core/Description/MacroDescriptor.cs - Importer: ScriptedImporter/UnityEditor.QuickSearchModule:UnityEditor.Search:ASIAI0B' with importer (ScriptedImporter : UnityEditor.QuickSearchModule:UnityEditor.Search:ASIAI0B)
Imported 'GUID: 33746e34008784c2685dd4bb7b3039a7' -> (Import Result ID: '1e91244975fcecadf5263d2452452c1c') in 0.002 seconds [static and dynamic dependencies]. Details - ImportResultOutputID=fcb9cda88a364e67238010df021e7e2a DependenciesID=b87b39f091398e2a01e906f203014e06 StaticDependenciesID=513416de1e8633b5b78cf66092d98ffc 
Number of updated asset objects reloaded before import = 0
Number of asset objects unloaded after import = 0
========================================================================
Received Import Request.
  Time of request: 2026-10-01T08:15:26.2256473Z
  Time since last request: 0.0003987 seconds.
  importAddress: GUID: 716433aa1715045cdb948343a5d21a89 - Path: Packages/com.unity.visualscripting/Editor/VisualScripting.Core/Interface/ListOption.cs - Importer: ScriptedImporter/UnityEditor.QuickSearchModule:UnityEditor.Search:ASIAI0B
Importing 'GUID: 716433aa1715045cdb948343a5d21a89 - Path: Packages/com.unity.visualscripting/Editor/VisualScripting.Core/Interface/ListOption.cs - Importer: ScriptedImporter/UnityEditor.QuickSearchModule:UnityEditor.Search:ASIAI0B' with importer (ScriptedImporter : UnityEditor.QuickSearchModule:UnityEditor.Search:ASIAI0B)
Imported 'GUID: 716433aa1715045cdb948343a5d21a89' -> (Import Result ID: '83552fa147cdf4d04aaa28733d4ad7a0') in 0.002 seconds [static and dynamic dependencies]. Details - ImportResultOutputID=7a870d3a3cb2848f062dc282663dd2b9 DependenciesID=ac1908439289448c1e1a4b65de4671fe StaticDependenciesID=1a85f6da67d821c3d7e8a60e1c2040ed 
Number of updated asset objects reloaded before import = 0
Number of asset objects unloaded after import = 0
========================================================================
Received Import Request.
  Time of request: 2026-10-01T08:15:26.2374826Z
  Time since last request: 0.0004358 seconds.
  importAddress: GUID: 2931c4fc2c20647cf9362b2b7df46eba - Path: Packages/com.unity.visualscripting/Editor/VisualScripting.Core/Descriptors/IDescription.cs - Importer: ScriptedImporter/UnityEditor.QuickSearchModule:UnityEditor.Search:ASIAI0B
Importing 'GUID: 2931c4fc2c20647cf9362b2b7df46eba - Path: Packages/com.unity.visualscripting/Editor/VisualScripting.Core/Descriptors/IDescription.cs - Importer: ScriptedImporter/UnityEditor.QuickSearchModule:UnityEditor.Search:ASIAI0B' with importer (ScriptedImporter : UnityEditor.QuickSearchModule:UnityEditor.Search:ASIAI0B)
Imported 'GUID: 2931c4fc2c20647cf9362b2b7df46eba' -> (Import Result ID: '851476fb58887824ee02ee293cacda7b') in 0.002 seconds [static and dynamic dependencies]. Details - ImportResultOutputID=215345d5f348dff22b530239ad9f9167 DependenciesID=ad5262f300f9d4aae5485a16d4cd07ff StaticDependenciesID=a0c893a178c3247f9bff2320a597d04f 
Number of updated asset objects reloaded before import = 0
Number of asset objects unloaded after import = 0
========================================================================
Received Import Request.
  Time of request: 2026-10-01T08:15:26.2490765Z
  Time since last request: 0.0004799 seconds.
  importAddress: GUID: 7bbf6ab5dccde4ade9426b70c913a419 - Path: Packages/com.unity.visualscripting/Editor/VisualScripting.Core/Inspection/GraphElementEditor.cs - Importer: ScriptedImporter/UnityEditor.QuickSearchModule:UnityEditor.Search:ASIAI0B
Importing 'GUID: 7bbf6ab5dccde4ade9426b70c913a419 - Path: Packages/com.unity.visualscripting/Editor/VisualScripting.Core/Inspection/GraphElementEditor.cs - Importer: ScriptedImporter/UnityEditor.QuickSearchModule:UnityEditor.Search:ASIAI0B' with importer (ScriptedImporter : UnityEditor.QuickSearchModule:UnityEditor.Search:ASIAI0B)
Imported 'GUID: 7bbf6ab5dccde4ade9426b70c913a419' -> (Import Result ID: '870e3dbf0ccd98c591671556c2724072') in 0.002 seconds [static and dynamic dependencies]. Details - ImportResultOutputID=2ae86046406d2766ec736527320bb356 DependenciesID=f4c6809b21dbef387af7bb6d22fe2aa5 StaticDependenciesID=75c5f9410df722fbd5a7f94508c3fa17 
Number of updated asset objects reloaded before import = 0
Number of asset objects unloaded after import = 0
========================================================================
Received Import Request.
  Time of request: 2026-10-01T08:15:26.2593616Z
  Time since last request: 0.0002756 seconds.
  importAddress: GUID: cc92a96815c944318b7a08ee7c32ab7d - Path: Packages/com.unity.visualscripting/Editor/VisualScripting.Core/Inspection/InspectorBlock.cs - Importer: ScriptedImporter/UnityEditor.QuickSearchModule:UnityEditor.Search:ASIAI0B
Importing 'GUID: cc92a96815c944318b7a08ee7c32ab7d - Path: Packages/com.unity.visualscripting/Editor/VisualScripting.Core/Inspection/InspectorBlock.cs - Importer: ScriptedImporter/UnityEditor.QuickSearchModule:UnityEditor.Search:ASIAI0B' with importer (ScriptedImporter : UnityEditor.QuickSearchModule:UnityEditor.Search:ASIAI0B)
Imported 'GUID: cc92a96815c944318b7a08ee7c32ab7d' -> (Import Result ID: '9507485b8684aab175942d739829646d') in 0.002 seconds [static and dynamic dependencies]. Details - ImportResultOutputID=80c69c528761188dae9e3bc35729d9b9 DependenciesID=c3136aee21abe0752ea0a91c7c62ddfc StaticDependenciesID=c9d24ac18fb379a726fd838e36309490 
Number of updated asset objects reloaded before import = 0
Number of asset objects unloaded after import = 0
========================================================================
Received Import Request.
  Time of request: 2026-10-01T08:15:26.2726218Z
  Time since last request: 0.0002792 seconds.
  importAddress: GUID: 9703b2a1f468b49afbd7ae7eed61f300 - Path: Packages/com.unity.visualscripting/Editor/VisualScripting.Core/Descriptors/Description.cs - Importer: ScriptedImporter/UnityEditor.QuickSearchModule:UnityEditor.Search:ASIAI0B
Importing 'GUID: 9703b2a1f468b49afbd7ae7eed61f300 - Path: Packages/com.unity.visualscripting/Editor/VisualScripting.Core/Descriptors/Description.cs - Importer: ScriptedImporter/UnityEditor.QuickSearchModule:UnityEditor.Search:ASIAI0B' with importer (ScriptedImporter : UnityEditor.QuickSearchModule:UnityEditor.Search:ASIAI0B)
Imported 'GUID: 9703b2a1f468b49afbd7ae7eed61f300' -> (Import Result ID: '39381df73fe48059c5df232fd2037119') in 0.002 seconds [static and dynamic dependencies]. Details - ImportResultOutputID=984518b0f383aece3d03d5ffdb7ca6f5 DependenciesID=85f173c41a43f03d091339e1101a1748 StaticDependenciesID=e0da97d77957d35bfb2e15d25cdc1da7 
Number of updated asset objects reloaded before import = 0
Number of asset objects unloaded after import = 0
========================================================================
Received Import Request.
  Time of request: 2026-10-01T08:15:26.2830817Z
  Time since last request: 0.0004464 seconds.
  importAddress: GUID: dcbece4f25a4343eebda49447d5846fe - Path: Packages/com.unity.visualscripting/Editor/VisualScripting.Core/Inspection/IndividualEditor.cs - Importer: ScriptedImporter/UnityEditor.QuickSearchModule:UnityEditor.Search:ASIAI0B
Importing 'GUID: dcbece4f25a4343eebda49447d5846fe - Path: Packages/com.unity.visualscripting/Editor/VisualScripting.Core/Inspection/IndividualEditor.cs - Importer: ScriptedImporter/UnityEditor.QuickSearchModule:UnityEditor.Search:ASIAI0B' with importer (ScriptedImporter : UnityEditor.QuickSearchModule:UnityEditor.Search:ASIAI0B)
Imported 'GUID: dcbece4f25a4343eebda49447d5846fe' -> (Import Result ID: '3f120a641af0ec82cddc015531a7307d') in 0.002 seconds [static and dynamic dependencies]. Details - ImportResultOutputID=cf3aa937850a2b6ffcd0f7fcb23f062f DependenciesID=e3a1511f9b47b8dd2b25a5d640206300 StaticDependenciesID=a5d465b0db2cfdd8baec2c9b8ab5f71c 
Number of updated asset objects reloaded before import = 0
Number of asset objects unloaded after import = 0
========================================================================
Received Import Request.
  Time of request: 2026-10-01T08:15:26.3063152Z
  Time since last request: 0.0131801 seconds.
  importAddress: GUID: fa7c7cf84ce4a417fb95022b697c0909 - Path: Packages/com.unity.visualscripting/Editor/VisualScripting.Core/Product/LudiqProduct.cs - Importer: ScriptedImporter/UnityEditor.QuickSearchModule:UnityEditor.Search:ASIAI0B
Importing 'GUID: fa7c7cf84ce4a417fb95022b697c0909 - Path: Packages/com.unity.visualscripting/Editor/VisualScripting.Core/Product/LudiqProduct.cs - Importer: ScriptedImporter/UnityEditor.QuickSearchModule:UnityEditor.Search:ASIAI0B' with importer (ScriptedImporter : UnityEditor.QuickSearchModule:UnityEditor.Search:ASIAI0B)
Imported 'GUID: fa7c7cf84ce4a417fb95022b697c0909' -> (Import Result ID: '8164a3341af066a5d1338715dbeb5526') in 0.002 seconds [static and dynamic dependencies]. Details - ImportResultOutputID=52134b40e12144a5d5b4d766c252da04 DependenciesID=edcad95e2441ee621dcec48c029d3bdc StaticDependenciesID=8ba76af73d5688d9348e33b4161fbe9f 
Number of updated asset objects reloaded before import = 0
Number of asset objects unloaded after import = 0
========================================================================
Received Import Request.
  Time of request: 2026-10-01T08:15:26.316594Z
  Time since last request: 0.0001775 seconds.
  importAddress: GUID: 1446d29be66a04026a1afc723b0c35b0 - Path: Packages/com.unity.visualscripting/Editor/VisualScripting.Core/Platforms/AccessorInfoStubWriter.cs - Importer: ScriptedImporter/UnityEditor.QuickSearchModule:UnityEditor.Search:ASIAI0B
Importing 'GUID: 1446d29be66a04026a1afc723b0c35b0 - Path: Packages/com.unity.visualscripting/Editor/VisualScripting.Core/Platforms/AccessorInfoStubWriter.cs - Importer: ScriptedImporter/UnityEditor.QuickSearchModule:UnityEditor.Search:ASIAI0B' with importer (ScriptedImporter : UnityEditor.QuickSearchModule:UnityEditor.Search:ASIAI0B)
Imported 'GUID: 1446d29be66a04026a1afc723b0c35b0' -> (Import Result ID: '3bfba896ecf6cb440554dbb8ca677180') in 0.002 seconds [static and dynamic dependencies]. Details - ImportResultOutputID=4dc810870f090cfc3d20b9ac650456f3 DependenciesID=6ea122e3e0ad7e35b5406800787a357b StaticDependenciesID=8f81d20ac9cbe4a6bcddc38690a54e5c 
Number of updated asset objects reloaded before import = 0
Number of asset objects unloaded after import = 0
========================================================================
Received Import Request.
  Time of request: 2026-10-01T08:15:26.3282091Z
  Time since last request: 0.00031 seconds.
  importAddress: GUID: 9636c8b8c08604fe5984ea01f19d1a14 - Path: Packages/com.unity.visualscripting/Editor/VisualScripting.Core/Plugins/PluginConfigurationItemAttribute.cs - Importer: ScriptedImporter/UnityEditor.QuickSearchModule:UnityEditor.Search:ASIAI0B
Importing 'GUID: 9636c8b8c08604fe5984ea01f19d1a14 - Path: Packages/com.unity.visualscripting/Editor/VisualScripting.Core/Plugins/PluginConfigurationItemAttribute.cs - Importer: ScriptedImporter/UnityEditor.QuickSearchModule:UnityEditor.Search:ASIAI0B' with importer (ScriptedImporter : UnityEditor.QuickSearchModule:UnityEditor.Search:ASIAI0B)
Imported 'GUID: 9636c8b8c08604fe5984ea01f19d1a14' -> (Import Result ID: 'da4e352d7d6700f4237d5cc2c309b404') in 0.002 seconds [static and dynamic dependencies]. Details - ImportResultOutputID=208b5183ad782e65ed3afa30aee0c886 DependenciesID=a10010e918b919e7bceec391393b7d59 StaticDependenciesID=f71e1513254e649cbe5cb84f0d2b4b86 
Number of updated asset objects reloaded before import = 0
Number of asset objects unloaded after import = 0
========================================================================
Received Import Request.
  Time of request: 2026-10-01T08:15:26.3396103Z
  Time since last request: 0.0002973 seconds.
  importAddress: GUID: 8fd5d18e4d9564fa0b4245ad7af2cb42 - Path: Packages/com.unity.visualscripting/Editor/VisualScripting.Core/Meta/MemberMetadata.cs - Importer: ScriptedImporter/UnityEditor.QuickSearchModule:UnityEditor.Search:ASIAI0B
Importing 'GUID: 8fd5d18e4d9564fa0b4245ad7af2cb42 - Path: Packages/com.unity.visualscripting/Editor/VisualScripting.Core/Meta/MemberMetadata.cs - Importer: ScriptedImporter/UnityEditor.QuickSearchModule:UnityEditor.Search:ASIAI0B' with importer (ScriptedImporter : UnityEditor.QuickSearchModule:UnityEditor.Search:ASIAI0B)
Imported 'GUID: 8fd5d18e4d9564fa0b4245ad7af2cb42' -> (Import Result ID: 'ba42b016a374acc36fd2cff1339409cd') in 0.002 seconds [static and dynamic dependencies]. Details - ImportResultOutputID=6d4282fae563f771ad48c53ae9e81cb6 DependenciesID=42faa7e3848122ed115daaea31e183c5 StaticDependenciesID=b9f003586f2d8ca9012a1e88a8a861ce 
Number of updated asset objects reloaded before import = 0
Number of asset objects unloaded after import = 0
========================================================================
Received Import Request.
  Time of request: 2026-10-01T08:15:26.3505928Z
  Time since last request: 0.0004089 seconds.
  importAddress: GUID: 5e499c939c7014ae3823e14a33ccc871 - Path: Packages/com.unity.visualscripting/Editor/VisualScripting.Core/Meta/DictionaryValueAtIndexMetadata.cs - Importer: ScriptedImporter/UnityEditor.QuickSearchModule:UnityEditor.Search:ASIAI0B
Importing 'GUID: 5e499c939c7014ae3823e14a33ccc871 - Path: Packages/com.unity.visualscripting/Editor/VisualScripting.Core/Meta/DictionaryValueAtIndexMetadata.cs - Importer: ScriptedImporter/UnityEditor.QuickSearchModule:UnityEditor.Search:ASIAI0B' with importer (ScriptedImporter : UnityEditor.QuickSearchModule:UnityEditor.Search:ASIAI0B)
Imported 'GUID: 5e499c939c7014ae3823e14a33ccc871' -> (Import Result ID: '655df33d49917a33f8fb22d73f2ae2bb') in 0.002 seconds [static and dynamic dependencies]. Details - ImportResultOutputID=50109f3ab95b2ba19e940d9dcfbc971f DependenciesID=144e3fab6d9501aadb8466e797cf9f29 StaticDependenciesID=ee64f77652a2f30016f3549f86be85ff 
Number of updated asset objects reloaded before import = 0
Number of asset objects unloaded after import = 0
========================================================================
Received Import Request.
  Time of request: 2026-10-01T08:15:26.3607493Z
  Time since last request: 0.0005072 seconds.
  importAddress: GUID: ce1ab0cf92c284610adb327d1a63810e - Path: Packages/com.unity.visualscripting/Editor/VisualScripting.Core/Plugins/PluginUtility.cs - Importer: ScriptedImporter/UnityEditor.QuickSearchModule:UnityEditor.Search:ASIAI0B
Importing 'GUID: ce1ab0cf92c284610adb327d1a63810e - Path: Packages/com.unity.visualscripting/Editor/VisualScripting.Core/Plugins/PluginUtility.cs - Importer: ScriptedImporter/UnityEditor.QuickSearchModule:UnityEditor.Search:ASIAI0B' with importer (ScriptedImporter : UnityEditor.QuickSearchModule:UnityEditor.Search:ASIAI0B)
Imported 'GUID: ce1ab0cf92c284610adb327d1a63810e' -> (Import Result ID: '4e2e35914c77d35fc8fc9a6bff571b74') in 0.002 seconds [static and dynamic dependencies]. Details - ImportResultOutputID=53a094713c25a2577e8185f25ea3e965 DependenciesID=25075bbb680ea98dae03812c40591ba0 StaticDependenciesID=9723001d6d5570e8344ba11794a0f118 
Number of updated asset objects reloaded before import = 0
Number of asset objects unloaded after import = 0
========================================================================
Received Import Request.
  Time of request: 2026-10-01T08:15:26.3707666Z
  Time since last request: 0.0002569 seconds.
  importAddress: GUID: b3fbf7a50bc9d47619c3d9860db44f5b - Path: Packages/com.unity.visualscripting/Editor/VisualScripting.Core/Platforms/AotStubWriter.cs - Importer: ScriptedImporter/UnityEditor.QuickSearchModule:UnityEditor.Search:ASIAI0B
Importing 'GUID: b3fbf7a50bc9d47619c3d9860db44f5b - Path: Packages/com.unity.visualscripting/Editor/VisualScripting.Core/Platforms/AotStubWriter.cs - Importer: ScriptedImporter/UnityEditor.QuickSearchModule:UnityEditor.Search:ASIAI0B' with importer (ScriptedImporter : UnityEditor.QuickSearchModule:UnityEditor.Search:ASIAI0B)
Imported 'GUID: b3fbf7a50bc9d47619c3d9860db44f5b' -> (Import Result ID: '733ba70829e3b271cb652944c2317000') in 0.002 seconds [static and dynamic dependencies]. Details - ImportResultOutputID=d42ae644e8bbf3adf1d801039bbdc932 DependenciesID=dc578abffcac2c863294667768f5b312 StaticDependenciesID=9cdea58e0393f198a7e9bd281e5e96b2 
Number of updated asset objects reloaded before import = 0
Number of asset objects unloaded after import = 0
========================================================================
Received Import Request.
  Time of request: 2026-10-01T08:15:26.3946165Z
  Time since last request: 0.0121487 seconds.
  importAddress: GUID: 8e472e8aeb72049908188015fb6c58bf - Path: Packages/com.unity.visualscripting/Editor/VisualScripting.Core/Utilities/ScriptReferenceReplacement.cs - Importer: ScriptedImporter/UnityEditor.QuickSearchModule:UnityEditor.Search:ASIAI0B
Importing 'GUID: 8e472e8aeb72049908188015fb6c58bf - Path: Packages/com.unity.visualscripting/Editor/VisualScripting.Core/Utilities/ScriptReferenceReplacement.cs - Importer: ScriptedImporter/UnityEditor.QuickSearchModule:UnityEditor.Search:ASIAI0B' with importer (ScriptedImporter : UnityEditor.QuickSearchModule:UnityEditor.Search:ASIAI0B)
Imported 'GUID: 8e472e8aeb72049908188015fb6c58bf' -> (Import Result ID: 'c7e1a1205735e70a2b745511b30e8efd') in 0.002 seconds [static and dynamic dependencies]. Details - ImportResultOutputID=e0a63a550aa3fa1f3638e8471c44836f DependenciesID=0e4cf675b8801bf42950fc713b657e58 StaticDependenciesID=62db9ea5c8bf2c27bb3aae799d6160da 
Number of updated asset objects reloaded before import = 0
Number of asset objects unloaded after import = 0
========================================================================
Received Import Request.
  Time of request: 2026-10-01T08:15:26.4048683Z
  Time since last request: 0.0003958 seconds.
  importAddress: GUID: 5086aa8e9eb964c0e884bb4e030160c4 - Path: Packages/com.unity.visualscripting/Editor/VisualScripting.Core/Utilities/EditorTimeUtility.cs - Importer: ScriptedImporter/UnityEditor.QuickSearchModule:UnityEditor.Search:ASIAI0B
Importing 'GUID: 5086aa8e9eb964c0e884bb4e030160c4 - Path: Packages/com.unity.visualscripting/Editor/VisualScripting.Core/Utilities/EditorTimeUtility.cs - Importer: ScriptedImporter/UnityEditor.QuickSearchModule:UnityEditor.Search:ASIAI0B' with importer (ScriptedImporter : UnityEditor.QuickSearchModule:UnityEditor.Search:ASIAI0B)
Imported 'GUID: 5086aa8e9eb964c0e884bb4e030160c4' -> (Import Result ID: 'ec96fa6132442ab09fffc3cbcc90a9f8') in 0.002 seconds [static and dynamic dependencies]. Details - ImportResultOutputID=c0096d4a2e0ede006af46df9c35014d2 DependenciesID=c754c2883fee6e307ca46be32be8c190 StaticDependenciesID=9162c630fee88747bc395cda199b94fb 
Number of updated asset objects reloaded before import = 0
Number of asset objects unloaded after import = 0
========================================================================
Received Import Request.
  Time of request: 2026-10-01T08:15:26.4160622Z
  Time since last request: 0.0002564 seconds.
  importAddress: GUID: c8b90e9e55e8043a1b5a6cd19daa8e98 - Path: Packages/com.unity.visualscripting/Editor/VisualScripting.Core/Utilities/AssetBundleUtility.cs - Importer: ScriptedImporter/UnityEditor.QuickSearchModule:UnityEditor.Search:ASIAI0B
Importing 'GUID: c8b90e9e55e8043a1b5a6cd19daa8e98 - Path: Packages/com.unity.visualscripting/Editor/VisualScripting.Core/Utilities/AssetBundleUtility.cs - Importer: ScriptedImporter/UnityEditor.QuickSearchModule:UnityEditor.Search:ASIAI0B' with importer (ScriptedImporter : UnityEditor.QuickSearchModule:UnityEditor.Search:ASIAI0B)
Imported 'GUID: c8b90e9e55e8043a1b5a6cd19daa8e98' -> (Import Result ID: '1fb0f3dacb729a08752b18c3be9c432e') in 0.002 seconds [static and dynamic dependencies]. Details - ImportResultOutputID=e90a1da0c4d62c77c67d69c8f786d773 DependenciesID=8edf42c0b3ad0c697a75515f88098d3b StaticDependenciesID=737923225fa1777ce077a6ff2b24d5e9 
Number of updated asset objects reloaded before import = 0
Number of asset objects unloaded after import = 0
========================================================================
Received Import Request.
  Time of request: 2026-10-01T08:15:26.4259666Z
  Time since last request: 0.0003044 seconds.
  importAddress: GUID: 204ae457552a144888b6e60ba60efa3d - Path: Packages/com.unity.visualscripting/Editor/VisualScripting.Core/Utilities/SearchResult.cs - Importer: ScriptedImporter/UnityEditor.QuickSearchModule:UnityEditor.Search:ASIAI0B
Importing 'GUID: 204ae457552a144888b6e60ba60efa3d - Path: Packages/com.unity.visualscripting/Editor/VisualScripting.Core/Utilities/SearchResult.cs - Importer: ScriptedImporter/UnityEditor.QuickSearchModule:UnityEditor.Search:ASIAI0B' with importer (ScriptedImporter : UnityEditor.QuickSearchModule:UnityEditor.Search:ASIAI0B)
Imported 'GUID: 204ae457552a144888b6e60ba60efa3d' -> (Import Result ID: '7c80374bdd1347bbdd8902d4270ce66f') in 0.002 seconds [static and dynamic dependencies]. Details - ImportResultOutputID=d64998a539b83f3354c8aec9d8492729 DependenciesID=7f5386526283f137693c8a9708f95dae StaticDependenciesID=c55e2def37e756c1dc9093f1c174e4e7 
Number of updated asset objects reloaded before import = 0
Number of asset objects unloaded after import = 0
========================================================================
Received Import Request.
  Time of request: 2026-10-01T08:15:26.4364017Z
  Time since last request: 0.0004207 seconds.
  importAddress: GUID: 7bc59e867a8484d9392256b02bfbeb35 - Path: Packages/com.unity.visualscripting/Editor/VisualScripting.Core/ResourceProviders/EmbeddedResourceProvider.cs - Importer: ScriptedImporter/UnityEditor.QuickSearchModule:UnityEditor.Search:ASIAI0B
Importing 'GUID: 7bc59e867a8484d9392256b02bfbeb35 - Path: Packages/com.unity.visualscripting/Editor/VisualScripting.Core/ResourceProviders/EmbeddedResourceProvider.cs - Importer: ScriptedImporter/UnityEditor.QuickSearchModule:UnityEditor.Search:ASIAI0B' with importer (ScriptedImporter : UnityEditor.QuickSearchModule:UnityEditor.Search:ASIAI0B)
Imported 'GUID: 7bc59e867a8484d9392256b02bfbeb35' -> (Import Result ID: '73a4350f729ac9f86e678eaf5178adbf') in 0.002 seconds [static and dynamic dependencies]. Details - ImportResultOutputID=a30fa1405d8be695d4522b8fbf8cf954 DependenciesID=5bec7b04c8c11510be7987a11525856d StaticDependenciesID=cfec4d3cc401e67470890e16e6bab15e 
Number of updated asset objects reloaded before import = 0
Number of asset objects unloaded after import = 0
========================================================================
Received Import Request.
  Time of request: 2026-10-01T08:15:26.4462045Z
  Time since last request: 0.0006252 seconds.
  importAddress: GUID: 2990b49fcb084b638368e29921da7dd7 - Path: Packages/com.unity.visualscripting/Editor/VisualScripting.Core/Serialization/MovedFromAttributeExtensions.cs - Importer: ScriptedImporter/UnityEditor.QuickSearchModule:UnityEditor.Search:ASIAI0B
Importing 'GUID: 2990b49fcb084b638368e29921da7dd7 - Path: Packages/com.unity.visualscripting/Editor/VisualScripting.Core/Serialization/MovedFromAttributeExtensions.cs - Importer: ScriptedImporter/UnityEditor.QuickSearchModule:UnityEditor.Search:ASIAI0B' with importer (ScriptedImporter : UnityEditor.QuickSearchModule:UnityEditor.Search:ASIAI0B)
Imported 'GUID: 2990b49fcb084b638368e29921da7dd7' -> (Import Result ID: '31e9fdac6d1492a13f0706cd594a7653') in 0.002 seconds [static and dynamic dependencies]. Details - ImportResultOutputID=211b438823009c18c4be9ad88e67cfc3 DependenciesID=81d493e1021dda56f696a49f7b62e9c2 StaticDependenciesID=12c2a142c7fcdf2de69e500fef75032b 
Number of updated asset objects reloaded before import = 0
Number of asset objects unloaded after import = 0
========================================================================
Received Import Request.
  Time of request: 2026-10-01T08:15:26.4580084Z
  Time since last request: 0.0003136 seconds.
  importAddress: GUID: 4450df258c9194ab384abed0b7e64d23 - Path: Packages/com.unity.visualscripting/Editor/VisualScripting.Core/Utilities/UnityAPI.cs - Importer: ScriptedImporter/UnityEditor.QuickSearchModule:UnityEditor.Search:ASIAI0B
Importing 'GUID: 4450df258c9194ab384abed0b7e64d23 - Path: Packages/com.unity.visualscripting/Editor/VisualScripting.Core/Utilities/UnityAPI.cs - Importer: ScriptedImporter/UnityEditor.QuickSearchModule:UnityEditor.Search:ASIAI0B' with importer (ScriptedImporter : UnityEditor.QuickSearchModule:UnityEditor.Search:ASIAI0B)
Imported 'GUID: 4450df258c9194ab384abed0b7e64d23' -> (Import Result ID: '6e9d50bb78c3c79e1d35d90222a9d20a') in 0.002 seconds [static and dynamic dependencies]. Details - ImportResultOutputID=6cbea412ad34f0b307085b4a4f280fab DependenciesID=19c5cda557d8129ffd4a401984d78204 StaticDependenciesID=052a768777453a587191720fdd8675bc 
Number of updated asset objects reloaded before import = 0
Number of asset objects unloaded after import = 0
========================================================================
Received Import Request.
  Time of request: 2026-10-01T08:15:26.467621Z
  Time since last request: 0.000265 seconds.
  importAddress: GUID: f985966dd0b9243ad8a285f709cfa520 - Path: Packages/com.unity.visualscripting/Editor/VisualScripting.Core/Utilities/SearchUtility.cs - Importer: ScriptedImporter/UnityEditor.QuickSearchModule:UnityEditor.Search:ASIAI0B
Importing 'GUID: f985966dd0b9243ad8a285f709cfa520 - Path: Packages/com.unity.visualscripting/Editor/VisualScripting.Core/Utilities/SearchUtility.cs - Importer: ScriptedImporter/UnityEditor.QuickSearchModule:UnityEditor.Search:ASIAI0B' with importer (ScriptedImporter : UnityEditor.QuickSearchModule:UnityEditor.Search:ASIAI0B)
Imported 'GUID: f985966dd0b9243ad8a285f709cfa520' -> (Import Result ID: 'f0d43e16c549f2cc5cf8a028d800739b') in 0.002 seconds [static and dynamic dependencies]. Details - ImportResultOutputID=a2eca8b8cfbb8512dab6aa5f2e8eb9f0 DependenciesID=9b9a3cbd0dcb54f26a6ed310cb71b620 StaticDependenciesID=d366760310fc8c7ef810a5ded769258c 
Number of updated asset objects reloaded before import = 0
Number of asset objects unloaded after import = 0
========================================================================
Received Import Request.
  Time of request: 2026-10-01T08:15:26.4825516Z
  Time since last request: 0.0054526 seconds.
  importAddress: GUID: 19496281535914fd8a7a96092a40fa01 - Path: Packages/com.unity.visualscripting/Editor/VisualScripting.Flow/Events/EventUnitDescriptor.cs - Importer: ScriptedImporter/UnityEditor.QuickSearchModule:UnityEditor.Search:ASIAI0B
Importing 'GUID: 19496281535914fd8a7a96092a40fa01 - Path: Packages/com.unity.visualscripting/Editor/VisualScripting.Flow/Events/EventUnitDescriptor.cs - Importer: ScriptedImporter/UnityEditor.QuickSearchModule:UnityEditor.Search:ASIAI0B' with importer (ScriptedImporter : UnityEditor.QuickSearchModule:UnityEditor.Search:ASIAI0B)
Imported 'GUID: 19496281535914fd8a7a96092a40fa01' -> (Import Result ID: '2fd0fc4d13cc60107070870f6bd4a71d') in 0.002 seconds [static and dynamic dependencies]. Details - ImportResultOutputID=eac8bdabaf8df4965a25e41c1b8e77be DependenciesID=6f7e98501764b9509fc10ac7a28d2882 StaticDependenciesID=1081168b0e5af9847f71b41e98abd43c 
Number of updated asset objects reloaded before import = 0
Number of asset objects unloaded after import = 0
========================================================================
Received Import Request.
  Time of request: 2026-10-01T08:15:26.4934209Z
  Time since last request: 0.0008293 seconds.
  importAddress: GUID: 23070ced5c01f495eb6b3dcc75ab6fc1 - Path: Packages/com.unity.visualscripting/Editor/VisualScripting.Flow/Description/FlowMacroDescriptor.cs - Importer: ScriptedImporter/UnityEditor.QuickSearchModule:UnityEditor.Search:ASIAI0B
Importing 'GUID: 23070ced5c01f495eb6b3dcc75ab6fc1 - Path: Packages/com.unity.visualscripting/Editor/VisualScripting.Flow/Description/FlowMacroDescriptor.cs - Importer: ScriptedImporter/UnityEditor.QuickSearchModule:UnityEditor.Search:ASIAI0B' with importer (ScriptedImporter : UnityEditor.QuickSearchModule:UnityEditor.Search:ASIAI0B)
Imported 'GUID: 23070ced5c01f495eb6b3dcc75ab6fc1' -> (Import Result ID: '7e3bd7a4a56af02210142dc8844bbdbe') in 0.002 seconds [static and dynamic dependencies]. Details - ImportResultOutputID=8b46c84ca5e0f6dded31edb51eeb01bc DependenciesID=dc98c6226ce6ebec5b135acb47e901f4 StaticDependenciesID=190336e37375ace6bc9d0a0438009a97 
Number of updated asset objects reloaded before import = 0
Number of asset objects unloaded after import = 0
========================================================================
Received Import Request.
  Time of request: 2026-10-01T08:15:26.5036312Z
  Time since last request: 0.0002691 seconds.
  importAddress: GUID: 296da993c3b284e749be7bc6001c9d99 - Path: Packages/com.unity.visualscripting/Editor/VisualScripting.Core/Windows/ListPage.cs - Importer: ScriptedImporter/UnityEditor.QuickSearchModule:UnityEditor.Search:ASIAI0B
Importing 'GUID: 296da993c3b284e749be7bc6001c9d99 - Path: Packages/com.unity.visualscripting/Editor/VisualScripting.Core/Windows/ListPage.cs - Importer: ScriptedImporter/UnityEditor.QuickSearchModule:UnityEditor.Search:ASIAI0B' with importer (ScriptedImporter : UnityEditor.QuickSearchModule:UnityEditor.Search:ASIAI0B)
Imported 'GUID: 296da993c3b284e749be7bc6001c9d99' -> (Import Result ID: 'a6cb4cd79759e31e133779c74c88c221') in 0.002 seconds [static and dynamic dependencies]. Details - ImportResultOutputID=312e29d5a3c68bded3bc0a14600cf9f5 DependenciesID=7ac731b74000647a75545817055e6358 StaticDependenciesID=2fa979766677f5e9b3d58244ea263885 
Number of updated asset objects reloaded before import = 0
Number of asset objects unloaded after import = 0
========================================================================
Received Import Request.
  Time of request: 2026-10-01T08:15:26.5145724Z
  Time since last request: 0.0003059 seconds.
  importAddress: GUID: 22ae4545187cc47f0a7f67b42fb1b9ef - Path: Packages/com.unity.visualscripting/Editor/VisualScripting.Flow/Framework/MultiInputUnitNumericDescriptor.cs - Importer: ScriptedImporter/UnityEditor.QuickSearchModule:UnityEditor.Search:ASIAI0B
Importing 'GUID: 22ae4545187cc47f0a7f67b42fb1b9ef - Path: Packages/com.unity.visualscripting/Editor/VisualScripting.Flow/Framework/MultiInputUnitNumericDescriptor.cs - Importer: ScriptedImporter/UnityEditor.QuickSearchModule:UnityEditor.Search:ASIAI0B' with importer (ScriptedImporter : UnityEditor.QuickSearchModule:UnityEditor.Search:ASIAI0B)
Imported 'GUID: 22ae4545187cc47f0a7f67b42fb1b9ef' -> (Import Result ID: 'b917540d58761fb9a3f0ef1247a59a05') in 0.002 seconds [static and dynamic dependencies]. Details - ImportResultOutputID=30f3343f5fff454efc6d50127962e9ab DependenciesID=1ee40f72a7f3a7a9ef29e6ba891b02be StaticDependenciesID=3005768eabe568add259dea0f665003a 
Number of updated asset objects reloaded before import = 0
Number of asset objects unloaded after import = 0
========================================================================
Received Import Request.
  Time of request: 2026-10-01T08:15:26.5248065Z
  Time since last request: 0.0003458 seconds.
  importAddress: GUID: 92d593d2901254b83b2030d1560c9350 - Path: Packages/com.unity.visualscripting/Editor/VisualScripting.Core/Variables/EditorVariablesUtility.cs - Importer: ScriptedImporter/UnityEditor.QuickSearchModule:UnityEditor.Search:ASIAI0B
Importing 'GUID: 92d593d2901254b83b2030d1560c9350 - Path: Packages/com.unity.visualscripting/Editor/VisualScripting.Core/Variables/EditorVariablesUtility.cs - Importer: ScriptedImporter/UnityEditor.QuickSearchModule:UnityEditor.Search:ASIAI0B' with importer (ScriptedImporter : UnityEditor.QuickSearchModule:UnityEditor.Search:ASIAI0B)
Imported 'GUID: 92d593d2901254b83b2030d1560c9350' -> (Import Result ID: '6638d71073d2375f451ac4360c5c724f') in 0.001 seconds [static and dynamic dependencies]. Details - ImportResultOutputID=ff73886a51c10be34473b1f00cc4ef54 DependenciesID=5fb9fe7a9754e107c4712be036e1383e StaticDependenciesID=97917cac4494244ea3d7748a33a69e92 
Number of updated asset objects reloaded before import = 0
Number of asset objects unloaded after import = 0
========================================================================
Received Import Request.
  Time of request: 2026-10-01T08:15:26.5351742Z
  Time since last request: 0.0003183 seconds.
  importAddress: GUID: 54bd5c4a9de7845ab9aaea996b90656d - Path: Packages/com.unity.visualscripting/Editor/VisualScripting.Flow/Connections/InvalidConnectionWidget.cs - Importer: ScriptedImporter/UnityEditor.QuickSearchModule:UnityEditor.Search:ASIAI0B
Importing 'GUID: 54bd5c4a9de7845ab9aaea996b90656d - Path: Packages/com.unity.visualscripting/Editor/VisualScripting.Flow/Connections/InvalidConnectionWidget.cs - Importer: ScriptedImporter/UnityEditor.QuickSearchModule:UnityEditor.Search:ASIAI0B' with importer (ScriptedImporter : UnityEditor.QuickSearchModule:UnityEditor.Search:ASIAI0B)
Imported 'GUID: 54bd5c4a9de7845ab9aaea996b90656d' -> (Import Result ID: '109c391b28293a0c1d654096ea7ee8bd') in 0.002 seconds [static and dynamic dependencies]. Details - ImportResultOutputID=39b81eea7e0ea67bbc16d794e5eac92c DependenciesID=95237cb84ac52a31e30d8deaeef619c9 StaticDependenciesID=71d4bc8e3316e1a8bdbd3c54bc81a220 
Number of updated asset objects reloaded before import = 0
Number of asset objects unloaded after import = 0
========================================================================
Received Import Request.
  Time of request: 2026-10-01T08:15:26.5447867Z
  Time since last request: 0.0002991 seconds.
  importAddress: GUID: b1568bb10360a435d9c58e96f304fa98 - Path: Packages/com.unity.visualscripting/Editor/VisualScripting.Flow/Connections/ValueConnectionWidget.cs - Importer: ScriptedImporter/UnityEditor.QuickSearchModule:UnityEditor.Search:ASIAI0B
Importing 'GUID: b1568bb10360a435d9c58e96f304fa98 - Path: Packages/com.unity.visualscripting/Editor/VisualScripting.Flow/Connections/ValueConnectionWidget.cs - Importer: ScriptedImporter/UnityEditor.QuickSearchModule:UnityEditor.Search:ASIAI0B' with importer (ScriptedImporter : UnityEditor.QuickSearchModule:UnityEditor.Search:ASIAI0B)
Imported 'GUID: b1568bb10360a435d9c58e96f304fa98' -> (Import Result ID: '3b7d622d83cf6706ec3584df1da17e3d') in 0.002 seconds [static and dynamic dependencies]. Details - ImportResultOutputID=06d658f08af23523fbcded01b6002101 DependenciesID=4c6b75804b45dc659ae1e703337c0e88 StaticDependenciesID=0e1edda74ceab8cd896d970b177601ad 
Number of updated asset objects reloaded before import = 0
Number of asset objects unloaded after import = 0
========================================================================
Received Import Request.
  Time of request: 2026-10-01T08:15:26.5554881Z
  Time since last request: 0.0003472 seconds.
  importAddress: GUID: d86368fa2dad24d53acbed4e9df50329 - Path: Packages/com.unity.visualscripting/Editor/VisualScripting.Flow/Events/CustomEventDescriptor.cs - Importer: ScriptedImporter/UnityEditor.QuickSearchModule:UnityEditor.Search:ASIAI0B
Importing 'GUID: d86368fa2dad24d53acbed4e9df50329 - Path: Packages/com.unity.visualscripting/Editor/VisualScripting.Flow/Events/CustomEventDescriptor.cs - Importer: ScriptedImporter/UnityEditor.QuickSearchModule:UnityEditor.Search:ASIAI0B' with importer (ScriptedImporter : UnityEditor.QuickSearchModule:UnityEditor.Search:ASIAI0B)
Imported 'GUID: d86368fa2dad24d53acbed4e9df50329' -> (Import Result ID: 'b41b28a51a86272d2b0444a8a85e7395') in 0.003 seconds [static and dynamic dependencies]. Details - ImportResultOutputID=c57e61f24a6ac708241550bd00401d73 DependenciesID=4a0403be966752f29203fc0cc950e424 StaticDependenciesID=991fd0f24f839d0903ea75e40c979bc4 
Number of updated asset objects reloaded before import = 0
Number of asset objects unloaded after import = 0
========================================================================
Received Import Request.
  Time of request: 2026-10-01T08:15:26.5709109Z
  Time since last request: 0.0048897 seconds.
  importAddress: GUID: e7f4def392c07401096915e803a01ebf - Path: Packages/com.unity.visualscripting/Editor/VisualScripting.State/States/AnyStateWidget.cs - Importer: ScriptedImporter/UnityEditor.QuickSearchModule:UnityEditor.Search:ASIAI0B
Importing 'GUID: e7f4def392c07401096915e803a01ebf - Path: Packages/com.unity.visualscripting/Editor/VisualScripting.State/States/AnyStateWidget.cs - Importer: ScriptedImporter/UnityEditor.QuickSearchModule:UnityEditor.Search:ASIAI0B' with importer (ScriptedImporter : UnityEditor.QuickSearchModule:UnityEditor.Search:ASIAI0B)
Imported 'GUID: e7f4def392c07401096915e803a01ebf' -> (Import Result ID: '974e424123b3feb9448c435f57ca4ac2') in 0.002 seconds [static and dynamic dependencies]. Details - ImportResultOutputID=927f61eed292009ba459fbe54579ce9c DependenciesID=6feddb9ebee842052acd2ad3e7aa7944 StaticDependenciesID=98e7bbf52b592fd113df9d7654030c5c 
Number of updated asset objects reloaded before import = 0
Number of asset objects unloaded after import = 0
========================================================================
Received Import Request.
  Time of request: 2026-10-01T08:15:26.5816904Z
  Time since last request: 0.0003191 seconds.
  importAddress: GUID: bfbd8ae9f1465463e947470757c476e3 - Path: Packages/com.unity.visualscripting/Editor/VisualScripting.Flow/Ports/InvalidInputWidget.cs - Importer: ScriptedImporter/UnityEditor.QuickSearchModule:UnityEditor.Search:ASIAI0B
Importing 'GUID: bfbd8ae9f1465463e947470757c476e3 - Path: Packages/com.unity.visualscripting/Editor/VisualScripting.Flow/Ports/InvalidInputWidget.cs - Importer: ScriptedImporter/UnityEditor.QuickSearchModule:UnityEditor.Search:ASIAI0B' with importer (ScriptedImporter : UnityEditor.QuickSearchModule:UnityEditor.Search:ASIAI0B)
Imported 'GUID: bfbd8ae9f1465463e947470757c476e3' -> (Import Result ID: 'df73d1b050d12aef8c397342e2a4f162') in 0.002 seconds [static and dynamic dependencies]. Details - ImportResultOutputID=a6aff3f0a7f6493400d1a1b6f8097688 DependenciesID=ed0b873da83f1fb3b4c88319df7bc032 StaticDependenciesID=5685db49e2d27272e9eacd5441fba77b 
Number of updated asset objects reloaded before import = 0
Number of asset objects unloaded after import = 0
========================================================================
Received Import Request.
  Time of request: 2026-10-01T08:15:26.5923254Z
  Time since last request: 0.000331 seconds.
  importAddress: GUID: f66f8803a57c44b2eb4880f870823740 - Path: Packages/com.unity.visualscripting/Editor/VisualScripting.State/States/FlowStateDescriptor.cs - Importer: ScriptedImporter/UnityEditor.QuickSearchModule:UnityEditor.Search:ASIAI0B
Importing 'GUID: f66f8803a57c44b2eb4880f870823740 - Path: Packages/com.unity.visualscripting/Editor/VisualScripting.State/States/FlowStateDescriptor.cs - Importer: ScriptedImporter/UnityEditor.QuickSearchModule:UnityEditor.Search:ASIAI0B' with importer (ScriptedImporter : UnityEditor.QuickSearchModule:UnityEditor.Search:ASIAI0B)
Imported 'GUID: f66f8803a57c44b2eb4880f870823740' -> (Import Result ID: 'e97add2dbab7275c01c3e32d8950fd4d') in 0.002 seconds [static and dynamic dependencies]. Details - ImportResultOutputID=fc24c218089ee4801b493318c4d9ff7b DependenciesID=3671e19149ac48a5182aba724d17eb2d StaticDependenciesID=9b66e483fd43bca5db1712ea72463dbb 
Number of updated asset objects reloaded before import = 0
Number of asset objects unloaded after import = 0
========================================================================
Received Import Request.
  Time of request: 2026-10-01T08:15:26.6032241Z
  Time since last request: 0.0005911 seconds.
  importAddress: GUID: 23c864f32645c4df8a6fedf99addeb77 - Path: Packages/com.unity.visualscripting/Editor/VisualScripting.Flow/Ports/UnitPortWidget.cs - Importer: ScriptedImporter/UnityEditor.QuickSearchModule:UnityEditor.Search:ASIAI0B
Importing 'GUID: 23c864f32645c4df8a6fedf99addeb77 - Path: Packages/com.unity.visualscripting/Editor/VisualScripting.Flow/Ports/UnitPortWidget.cs - Importer: ScriptedImporter/UnityEditor.QuickSearchModule:UnityEditor.Search:ASIAI0B' with importer (ScriptedImporter : UnityEditor.QuickSearchModule:UnityEditor.Search:ASIAI0B)
Imported 'GUID: 23c864f32645c4df8a6fedf99addeb77' -> (Import Result ID: '922ab059adb4d9a505ab17149d2e49bc') in 0.002 seconds [static and dynamic dependencies]. Details - ImportResultOutputID=ecb5e74d514773d4472b6ac340ce0a99 DependenciesID=6324dab62c8cc01af32e15f6a2571463 StaticDependenciesID=21485e92b789554da9979b2171ac6593 
Number of updated asset objects reloaded before import = 0
Number of asset objects unloaded after import = 0
========================================================================
Received Import Request.
  Time of request: 2026-10-01T08:15:26.6140929Z
  Time since last request: 0.0003558 seconds.
  importAddress: GUID: 6392d6c3118b84772bac990889aaa190 - Path: Packages/com.unity.visualscripting/Editor/VisualScripting.Flow/Ports/ValueOutputWidget.cs - Importer: ScriptedImporter/UnityEditor.QuickSearchModule:UnityEditor.Search:ASIAI0B
Importing 'GUID: 6392d6c3118b84772bac990889aaa190 - Path: Packages/com.unity.visualscripting/Editor/VisualScripting.Flow/Ports/ValueOutputWidget.cs - Importer: ScriptedImporter/UnityEditor.QuickSearchModule:UnityEditor.Search:ASIAI0B' with importer (ScriptedImporter : UnityEditor.QuickSearchModule:UnityEditor.Search:ASIAI0B)
Imported 'GUID: 6392d6c3118b84772bac990889aaa190' -> (Import Result ID: '1560343fa45fbf4c19e3000ae5ad20c6') in 0.002 seconds [static and dynamic dependencies]. Details - ImportResultOutputID=74904affb819a1f94c496a581fd68957 DependenciesID=b62ae4ce551efb34f7f3c4a5fdd8fc3e StaticDependenciesID=02254a1b1343d4b234946ec44254b540 
Number of updated asset objects reloaded before import = 0
Number of asset objects unloaded after import = 0
========================================================================
Received Import Request.
  Time of request: 2026-10-01T08:15:26.624717Z
  Time since last request: 0.0005202 seconds.
  importAddress: GUID: 7230668878e5541ab9b6daede3579120 - Path: Packages/com.unity.visualscripting/Editor/VisualScripting.Flow/Plugin/BoltFlowManifest.cs - Importer: ScriptedImporter/UnityEditor.QuickSearchModule:UnityEditor.Search:ASIAI0B
Importing 'GUID: 7230668878e5541ab9b6daede3579120 - Path: Packages/com.unity.visualscripting/Editor/VisualScripting.Flow/Plugin/BoltFlowManifest.cs - Importer: ScriptedImporter/UnityEditor.QuickSearchModule:UnityEditor.Search:ASIAI0B' with importer (ScriptedImporter : UnityEditor.QuickSearchModule:UnityEditor.Search:ASIAI0B)
Imported 'GUID: 7230668878e5541ab9b6daede3579120' -> (Import Result ID: '1cddacb1dd400dc64bacc2f408e2a63c') in 0.002 seconds [static and dynamic dependencies]. Details - ImportResultOutputID=634ae5273af4d6e69d0db55ac4478c26 DependenciesID=629c3b955c4650ffa8e8e223cc2e3fc0 StaticDependenciesID=09e631e550748613465ad900a3a29883 
Number of updated asset objects reloaded before import = 0
Number of asset objects unloaded after import = 0
========================================================================
Received Import Request.
  Time of request: 2026-10-01T08:15:26.6361725Z
  Time since last request: 0.0005532 seconds.
  importAddress: GUID: f920ee4f22d664b36925352e3b321895 - Path: Packages/com.unity.visualscripting/Editor/VisualScripting.State/Plugin/BoltState.cs - Importer: ScriptedImporter/UnityEditor.QuickSearchModule:UnityEditor.Search:ASIAI0B
Importing 'GUID: f920ee4f22d664b36925352e3b321895 - Path: Packages/com.unity.visualscripting/Editor/VisualScripting.State/Plugin/BoltState.cs - Importer: ScriptedImporter/UnityEditor.QuickSearchModule:UnityEditor.Search:ASIAI0B' with importer (ScriptedImporter : UnityEditor.QuickSearchModule:UnityEditor.Search:ASIAI0B)
Imported 'GUID: f920ee4f22d664b36925352e3b321895' -> (Import Result ID: '571dff6533c3d1257619a59a8433867d') in 0.001 seconds [static and dynamic dependencies]. Details - ImportResultOutputID=9041aed886d88bf20bd7d27b2a8568c3 DependenciesID=b23563311f80576c16e909963f3f25dd StaticDependenciesID=f28e61785416be0fc72693e198d351c3 
Number of updated asset objects reloaded before import = 0
Number of asset objects unloaded after import = 0
========================================================================
Received Import Request.
  Time of request: 2026-10-01T08:15:26.6742023Z
  Time since last request: 0.0275888 seconds.
  importAddress: GUID: 593ec8fc39a2242ccbf2e3e2715d6083 - Path: Packages/com.unity.visualscripting/Runtime/VisualScripting.Core/EditorBinding/EditorTimeBinding.cs - Importer: ScriptedImporter/UnityEditor.QuickSearchModule:UnityEditor.Search:ASIAI0B
Importing 'GUID: 593ec8fc39a2242ccbf2e3e2715d6083 - Path: Packages/com.unity.visualscripting/Runtime/VisualScripting.Core/EditorBinding/EditorTimeBinding.cs - Importer: ScriptedImporter/UnityEditor.QuickSearchModule:UnityEditor.Search:ASIAI0B' with importer (ScriptedImporter : UnityEditor.QuickSearchModule:UnityEditor.Search:ASIAI0B)
Imported 'GUID: 593ec8fc39a2242ccbf2e3e2715d6083' -> (Import Result ID: 'e8314594332aca77a1b8fb31e8bb7941') in 0.002 seconds [static and dynamic dependencies]. Details - ImportResultOutputID=40d8288a55fb87d6399b2a995644a384 DependenciesID=22ea8531665c9106f356ad91a973858f StaticDependenciesID=05fd7dd7256dd91047b269a163744b4a 
Number of updated asset objects reloaded before import = 0
Number of asset objects unloaded after import = 0
========================================================================
Received Import Request.
  Time of request: 2026-10-01T08:15:26.686802Z
  Time since last request: 0.0004649 seconds.
  importAddress: GUID: d87db61d4949f45af99577f40b0ea695 - Path: Packages/com.unity.visualscripting/Runtime/VisualScripting.Core/Collections/NonNullableHashSet.cs - Importer: ScriptedImporter/UnityEditor.QuickSearchModule:UnityEditor.Search:ASIAI0B
Importing 'GUID: d87db61d4949f45af99577f40b0ea695 - Path: Packages/com.unity.visualscripting/Runtime/VisualScripting.Core/Collections/NonNullableHashSet.cs - Importer: ScriptedImporter/UnityEditor.QuickSearchModule:UnityEditor.Search:ASIAI0B' with importer (ScriptedImporter : UnityEditor.QuickSearchModule:UnityEditor.Search:ASIAI0B)
Imported 'GUID: d87db61d4949f45af99577f40b0ea695' -> (Import Result ID: 'aaf63967afb38ef9ed11b9f416e11fdd') in 0.002 seconds [static and dynamic dependencies]. Details - ImportResultOutputID=e0cb86e05cb59149ecdba98f498e51cb DependenciesID=e2cc8ed95191506e8d0a1cf9368dc7f9 StaticDependenciesID=383fa2a307bda1d0aea3008a8f43bb8a 
Number of updated asset objects reloaded before import = 0
Number of asset objects unloaded after import = 0
========================================================================
Received Import Request.
  Time of request: 2026-10-01T08:15:26.6980616Z
  Time since last request: 0.000446 seconds.
  importAddress: GUID: 99e3f3703a7fd4b78928d46762518767 - Path: Packages/com.unity.visualscripting/Editor/VisualScripting.State/States/SuperStateWidget.cs - Importer: ScriptedImporter/UnityEditor.QuickSearchModule:UnityEditor.Search:ASIAI0B
Importing 'GUID: 99e3f3703a7fd4b78928d46762518767 - Path: Packages/com.unity.visualscripting/Editor/VisualScripting.State/States/SuperStateWidget.cs - Importer: ScriptedImporter/UnityEditor.QuickSearchModule:UnityEditor.Search:ASIAI0B' with importer (ScriptedImporter : UnityEditor.QuickSearchModule:UnityEditor.Search:ASIAI0B)
Imported 'GUID: 99e3f3703a7fd4b78928d46762518767' -> (Import Result ID: '860bfc170ff96cec9968543a643c399e') in 0.002 seconds [static and dynamic dependencies]. Details - ImportResultOutputID=516cd986ffd207c34b4dd25928a962ef DependenciesID=cef355c2a33d1c2178f43e7a6b5a0a3b StaticDependenciesID=5d8a2f3fe4cfd31ed9aa08b16df545f5 
Number of updated asset objects reloaded before import = 0
Number of asset objects unloaded after import = 0
========================================================================
Received Import Request.
  Time of request: 2026-10-01T08:15:26.7104951Z
  Time since last request: 0.0004236 seconds.
  importAddress: GUID: 13defabd061af4a5b823040e401f9c58 - Path: Packages/com.unity.visualscripting/Runtime/VisualScripting.Core/EditorBinding/AllowsNullAttribute.cs - Importer: ScriptedImporter/UnityEditor.QuickSearchModule:UnityEditor.Search:ASIAI0B
Importing 'GUID: 13defabd061af4a5b823040e401f9c58 - Path: Packages/com.unity.visualscripting/Runtime/VisualScripting.Core/EditorBinding/AllowsNullAttribute.cs - Importer: ScriptedImporter/UnityEditor.QuickSearchModule:UnityEditor.Search:ASIAI0B' with importer (ScriptedImporter : UnityEditor.QuickSearchModule:UnityEditor.Search:ASIAI0B)
Imported 'GUID: 13defabd061af4a5b823040e401f9c58' -> (Import Result ID: '7e2abb94a2db59ea19150011628352bf') in 0.002 seconds [static and dynamic dependencies]. Details - ImportResultOutputID=5f28d6505137a4cb5731e90955142574 DependenciesID=b03a9e2db21f1884d08d01a6d5171597 StaticDependenciesID=1869cdaa0a012f38a7fc69f54ba0022f 
Number of updated asset objects reloaded before import = 0
Number of asset objects unloaded after import = 0
========================================================================
Received Import Request.
  Time of request: 2026-10-01T08:15:26.7207646Z
  Time since last request: 0.0002688 seconds.
  importAddress: GUID: a8adccab0e6b44bfa9204ceaad999770 - Path: Packages/com.unity.visualscripting/Runtime/VisualScripting.Core/Collections/AotList.cs - Importer: ScriptedImporter/UnityEditor.QuickSearchModule:UnityEditor.Search:ASIAI0B
Importing 'GUID: a8adccab0e6b44bfa9204ceaad999770 - Path: Packages/com.unity.visualscripting/Runtime/VisualScripting.Core/Collections/AotList.cs - Importer: ScriptedImporter/UnityEditor.QuickSearchModule:UnityEditor.Search:ASIAI0B' with importer (ScriptedImporter : UnityEditor.QuickSearchModule:UnityEditor.Search:ASIAI0B)
Imported 'GUID: a8adccab0e6b44bfa9204ceaad999770' -> (Import Result ID: '5d8f5af406aafd6ec42b6162b5b25102') in 0.002 seconds [static and dynamic dependencies]. Details - ImportResultOutputID=50a96d1737b23e706a73247026423c58 DependenciesID=994c8f42b8d9f54f091c058ce6319486 StaticDependenciesID=d1a7ce28e5dea2d00a18cebf0688c953 
Number of updated asset objects reloaded before import = 0
Number of asset objects unloaded after import = 0
========================================================================
Received Import Request.
  Time of request: 2026-10-01T08:15:26.732743Z
  Time since last request: 0.0004051 seconds.
  importAddress: GUID: 1275e89e45fac4c26b82fda27d2d9647 - Path: Packages/com.unity.visualscripting/Editor/VisualScripting.State/Transitions/FlowStateTransitionAnalyser.cs - Importer: ScriptedImporter/UnityEditor.QuickSearchModule:UnityEditor.Search:ASIAI0B
Importing 'GUID: 1275e89e45fac4c26b82fda27d2d9647 - Path: Packages/com.unity.visualscripting/Editor/VisualScripting.State/Transitions/FlowStateTransitionAnalyser.cs - Importer: ScriptedImporter/UnityEditor.QuickSearchModule:UnityEditor.Search:ASIAI0B' with importer (ScriptedImporter : UnityEditor.QuickSearchModule:UnityEditor.Search:ASIAI0B)
Imported 'GUID: 1275e89e45fac4c26b82fda27d2d9647' -> (Import Result ID: '895de368da3e484f4185863c6b2f06db') in 0.002 seconds [static and dynamic dependencies]. Details - ImportResultOutputID=63073a5972be046eea1d884136015c4c DependenciesID=f73e3d0f9b1ca146828bc4d0a3f11ab1 StaticDependenciesID=00dee64fad9296547cf81ffae7e87da4 
Number of updated asset objects reloaded before import = 0
Number of asset objects unloaded after import = 0
========================================================================
Received Import Request.
  Time of request: 2026-10-01T08:15:26.7447351Z
  Time since last request: 0.0003525 seconds.
  importAddress: GUID: b9ef61ff81bd641b98e376b72a35e6d9 - Path: Packages/com.unity.visualscripting/Runtime/VisualScripting.Core/Connections/IConnection.cs - Importer: ScriptedImporter/UnityEditor.QuickSearchModule:UnityEditor.Search:ASIAI0B
Importing 'GUID: b9ef61ff81bd641b98e376b72a35e6d9 - Path: Packages/com.unity.visualscripting/Runtime/VisualScripting.Core/Connections/IConnection.cs - Importer: ScriptedImporter/UnityEditor.QuickSearchModule:UnityEditor.Search:ASIAI0B' with importer (ScriptedImporter : UnityEditor.QuickSearchModule:UnityEditor.Search:ASIAI0B)
Imported 'GUID: b9ef61ff81bd641b98e376b72a35e6d9' -> (Import Result ID: '92fc4268a3f838f481bf37a403b5e09f') in 0.002 seconds [static and dynamic dependencies]. Details - ImportResultOutputID=e417dfeb913016cd98bef3d318dd7428 DependenciesID=17423763066ffc18076b2c736dae55a4 StaticDependenciesID=fee78a31168c179bf05411ac7367b61b 
Number of updated asset objects reloaded before import = 0
Number of asset objects unloaded after import = 0
========================================================================
Received Import Request.
  Time of request: 2026-10-01T08:15:26.7785201Z
  Time since last request: 0.0232579 seconds.
  importAddress: GUID: 6f18ff0c8545b43ed92a04d10757c3e2 - Path: Packages/com.unity.visualscripting/Runtime/VisualScripting.Core/EditorBinding/IncludeInSettingsAttribute.cs - Importer: ScriptedImporter/UnityEditor.QuickSearchModule:UnityEditor.Search:ASIAI0B
Importing 'GUID: 6f18ff0c8545b43ed92a04d10757c3e2 - Path: Packages/com.unity.visualscripting/Runtime/VisualScripting.Core/EditorBinding/IncludeInSettingsAttribute.cs - Importer: ScriptedImporter/UnityEditor.QuickSearchModule:UnityEditor.Search:ASIAI0B' with importer (ScriptedImporter : UnityEditor.QuickSearchModule:UnityEditor.Search:ASIAI0B)
Imported 'GUID: 6f18ff0c8545b43ed92a04d10757c3e2' -> (Import Result ID: 'c2590f241ab9e90b416255e320502633') in 0.002 seconds [static and dynamic dependencies]. Details - ImportResultOutputID=66fba2160b82a4c951c88a54174a4804 DependenciesID=a1eb026cdef825e46e718ec0590b7a85 StaticDependenciesID=078cd82a222e1e28d3527f94ea444827 
Number of updated asset objects reloaded before import = 0
Number of asset objects unloaded after import = 0
========================================================================
Received Import Request.
  Time of request: 2026-10-01T08:15:26.7896321Z
  Time since last request: 0.0002777 seconds.
  importAddress: GUID: 8e1b7860a93164eeb84e96c8d6544df5 - Path: Packages/com.unity.visualscripting/Runtime/VisualScripting.Core/Graphs/IGraphData.cs - Importer: ScriptedImporter/UnityEditor.QuickSearchModule:UnityEditor.Search:ASIAI0B
Importing 'GUID: 8e1b7860a93164eeb84e96c8d6544df5 - Path: Packages/com.unity.visualscripting/Runtime/VisualScripting.Core/Graphs/IGraphData.cs - Importer: ScriptedImporter/UnityEditor.QuickSearchModule:UnityEditor.Search:ASIAI0B' with importer (ScriptedImporter : UnityEditor.QuickSearchModule:UnityEditor.Search:ASIAI0B)
Imported 'GUID: 8e1b7860a93164eeb84e96c8d6544df5' -> (Import Result ID: 'bc0f47dd9d705e79948f6a569c16b8d9') in 0.002 seconds [static and dynamic dependencies]. Details - ImportResultOutputID=05593ac02d73ee10a382024039bab159 DependenciesID=384062697a4ab93aee9e0611ff2fc8a4 StaticDependenciesID=7a3bc9d0d9605a84d1e4ae790c81d490 
Number of updated asset objects reloaded before import = 0
Number of asset objects unloaded after import = 0
========================================================================
Received Import Request.
  Time of request: 2026-10-01T08:15:26.7995885Z
  Time since last request: 0.0006997 seconds.
  importAddress: GUID: 5650c38d413b64c5a92ae21029db53da - Path: Packages/com.unity.visualscripting/Runtime/VisualScripting.Core/Ensure/EnsureThat.Collections.cs - Importer: ScriptedImporter/UnityEditor.QuickSearchModule:UnityEditor.Search:ASIAI0B
Importing 'GUID: 5650c38d413b64c5a92ae21029db53da - Path: Packages/com.unity.visualscripting/Runtime/VisualScripting.Core/Ensure/EnsureThat.Collections.cs - Importer: ScriptedImporter/UnityEditor.QuickSearchModule:UnityEditor.Search:ASIAI0B' with importer (ScriptedImporter : UnityEditor.QuickSearchModule:UnityEditor.Search:ASIAI0B)
Imported 'GUID: 5650c38d413b64c5a92ae21029db53da' -> (Import Result ID: 'e29828514f45fa2d39637ce0df7ba265') in 0.002 seconds [static and dynamic dependencies]. Details - ImportResultOutputID=cb82f42e5ce8d9f053aab6d3e895d5a3 DependenciesID=0083f35e19cd90e12faaca2979ebd9d0 StaticDependenciesID=0d060ab7a1bf734a75374b2af9d6459b 
Number of updated asset objects reloaded before import = 0
Number of asset objects unloaded after import = 0
========================================================================
Received Import Request.
  Time of request: 2026-10-01T08:15:26.8101113Z
  Time since last request: 0.0003856 seconds.
  importAddress: GUID: 54b30d9ccafa84c9b804674810fe0244 - Path: Packages/com.unity.visualscripting/Runtime/VisualScripting.Core/Events/IGraphEventHandler.cs - Importer: ScriptedImporter/UnityEditor.QuickSearchModule:UnityEditor.Search:ASIAI0B
Importing 'GUID: 54b30d9ccafa84c9b804674810fe0244 - Path: Packages/com.unity.visualscripting/Runtime/VisualScripting.Core/Events/IGraphEventHandler.cs - Importer: ScriptedImporter/UnityEditor.QuickSearchModule:UnityEditor.Search:ASIAI0B' with importer (ScriptedImporter : UnityEditor.QuickSearchModule:UnityEditor.Search:ASIAI0B)
Imported 'GUID: 54b30d9ccafa84c9b804674810fe0244' -> (Import Result ID: 'dcd082971e2f085ff62f61027bb2cbd9') in 0.002 seconds [static and dynamic dependencies]. Details - ImportResultOutputID=dc178e3c799f1b8fb5ebbb929216c351 DependenciesID=6f672c7e2837494c7f9b984796b6f24d StaticDependenciesID=3d24c869299c06b3a86a9eb43cc16416 
Number of updated asset objects reloaded before import = 0
Number of asset objects unloaded after import = 0
========================================================================
Received Import Request.
  Time of request: 2026-10-01T08:15:26.8202578Z
  Time since last request: 0.0001674 seconds.
  importAddress: GUID: fb46e167769fd4b5e8f7c2ca3e0d431e - Path: Packages/com.unity.visualscripting/Runtime/VisualScripting.Core/Graphs/GraphPointer.cs - Importer: ScriptedImporter/UnityEditor.QuickSearchModule:UnityEditor.Search:ASIAI0B
Importing 'GUID: fb46e167769fd4b5e8f7c2ca3e0d431e - Path: Packages/com.unity.visualscripting/Runtime/VisualScripting.Core/Graphs/GraphPointer.cs - Importer: ScriptedImporter/UnityEditor.QuickSearchModule:UnityEditor.Search:ASIAI0B' with importer (ScriptedImporter : UnityEditor.QuickSearchModule:UnityEditor.Search:ASIAI0B)
Imported 'GUID: fb46e167769fd4b5e8f7c2ca3e0d431e' -> (Import Result ID: '5699922f41ebb3295bb4a00cdd39ae3e') in 0.002 seconds [static and dynamic dependencies]. Details - ImportResultOutputID=532fab905f72747f37b546a5e9978678 DependenciesID=07a693de391c047b9bc9f04f1d34a713 StaticDependenciesID=52ba64a3437a8c07854368e5fa3ce36b 
Number of updated asset objects reloaded before import = 0
Number of asset objects unloaded after import = 0
========================================================================
Received Import Request.
  Time of request: 2026-10-01T08:15:26.8297648Z
  Time since last request: 0.000319 seconds.
  importAddress: GUID: 4dff94c93e9204acda46c024902f8949 - Path: Packages/com.unity.visualscripting/Runtime/VisualScripting.Core/Graphs/IGraphElementDebugData.cs - Importer: ScriptedImporter/UnityEditor.QuickSearchModule:UnityEditor.Search:ASIAI0B
Importing 'GUID: 4dff94c93e9204acda46c024902f8949 - Path: Packages/com.unity.visualscripting/Runtime/VisualScripting.Core/Graphs/IGraphElementDebugData.cs - Importer: ScriptedImporter/UnityEditor.QuickSearchModule:UnityEditor.Search:ASIAI0B' with importer (ScriptedImporter : UnityEditor.QuickSearchModule:UnityEditor.Search:ASIAI0B)
Imported 'GUID: 4dff94c93e9204acda46c024902f8949' -> (Import Result ID: '9e70bc7898b5977c61a838defe311579') in 0.002 seconds [static and dynamic dependencies]. Details - ImportResultOutputID=9772fd5bd7eb2475b84b877dc80c11a5 DependenciesID=ab9a2d54e2c5dde59664e2b9015e50bd StaticDependenciesID=7459d56d8f24151ba9de2577b72ed0e7 
Number of updated asset objects reloaded before import = 0
Number of asset objects unloaded after import = 0
========================================================================
Received Import Request.
  Time of request: 2026-10-01T08:15:26.8394933Z
  Time since last request: 0.0001944 seconds.
  importAddress: GUID: 918e58f37ca08498c8d16db046eaf343 - Path: Packages/com.unity.visualscripting/Runtime/VisualScripting.Core/Graphs/IGraphElementWithDebugData.cs - Importer: ScriptedImporter/UnityEditor.QuickSearchModule:UnityEditor.Search:ASIAI0B
Importing 'GUID: 918e58f37ca08498c8d16db046eaf343 - Path: Packages/com.unity.visualscripting/Runtime/VisualScripting.Core/Graphs/IGraphElementWithDebugData.cs - Importer: ScriptedImporter/UnityEditor.QuickSearchModule:UnityEditor.Search:ASIAI0B' with importer (ScriptedImporter : UnityEditor.QuickSearchModule:UnityEditor.Search:ASIAI0B)
Imported 'GUID: 918e58f37ca08498c8d16db046eaf343' -> (Import Result ID: '00f140da5b3e3a8054b116b416cfad5a') in 0.002 seconds [static and dynamic dependencies]. Details - ImportResultOutputID=c1b7e673618a6cc6910e34b0729bebbd DependenciesID=93b336d1379696a7d4879d5d2d30908f StaticDependenciesID=415e23c78ce586ff5ca04141b10cf8d8 
Number of updated asset objects reloaded before import = 0
Number of asset objects unloaded after import = 0
========================================================================
Received Import Request.
  Time of request: 2026-10-01T08:15:26.8490341Z
  Time since last request: 0.000349 seconds.
  importAddress: GUID: 6d3eb5476e2f942a3b1c91279e874020 - Path: Packages/com.unity.visualscripting/Runtime/VisualScripting.Core/Ensure/EnsureThat.Reflection.cs - Importer: ScriptedImporter/UnityEditor.QuickSearchModule:UnityEditor.Search:ASIAI0B
Importing 'GUID: 6d3eb5476e2f942a3b1c91279e874020 - Path: Packages/com.unity.visualscripting/Runtime/VisualScripting.Core/Ensure/EnsureThat.Reflection.cs - Importer: ScriptedImporter/UnityEditor.QuickSearchModule:UnityEditor.Search:ASIAI0B' with importer (ScriptedImporter : UnityEditor.QuickSearchModule:UnityEditor.Search:ASIAI0B)
Imported 'GUID: 6d3eb5476e2f942a3b1c91279e874020' -> (Import Result ID: '9695d85dd393225e7a9e94c9592f3ffc') in 0.002 seconds [static and dynamic dependencies]. Details - ImportResultOutputID=c3dde0aa2b7f5f7798e233bd3bfec9b2 DependenciesID=a0ec30996cdcd7906f15103c629b5522 StaticDependenciesID=5dc2da6d5ef69b308052e2d627a9ba85 
Number of updated asset objects reloaded before import = 0
Number of asset objects unloaded after import = 0
========================================================================
Received Import Request.
  Time of request: 2026-10-01T08:15:26.8642233Z
  Time since last request: 0.0039972 seconds.
  importAddress: GUID: b2c3a553ebf314f6d9f657be31dfffcb - Path: Packages/com.unity.visualscripting/Runtime/VisualScripting.Core/Pooling/DictionaryPool.cs - Importer: ScriptedImporter/UnityEditor.QuickSearchModule:UnityEditor.Search:ASIAI0B
Importing 'GUID: b2c3a553ebf314f6d9f657be31dfffcb - Path: Packages/com.unity.visualscripting/Runtime/VisualScripting.Core/Pooling/DictionaryPool.cs - Importer: ScriptedImporter/UnityEditor.QuickSearchModule:UnityEditor.Search:ASIAI0B' with importer (ScriptedImporter : UnityEditor.QuickSearchModule:UnityEditor.Search:ASIAI0B)
Imported 'GUID: b2c3a553ebf314f6d9f657be31dfffcb' -> (Import Result ID: 'cf8e92a4ce9736cf47753865de9dbb85') in 0.002 seconds [static and dynamic dependencies]. Details - ImportResultOutputID=e59c7b0ae77685f47b79236bb39326e1 DependenciesID=6e3b7b00255f04aa93b7f0e364bdd6cb StaticDependenciesID=bd50a8ea73e17271898d6b9592e25981 
Number of updated asset objects reloaded before import = 0
Number of asset objects unloaded after import = 0
========================================================================
Received Import Request.
  Time of request: 2026-10-01T08:15:26.8746506Z
  Time since last request: 0.0006936 seconds.
  importAddress: GUID: 28f68b4d087241c5b91fe67f0dd234f9 - Path: Packages/com.unity.visualscripting/Runtime/VisualScripting.Core/Serialization/SerializableType.cs - Importer: ScriptedImporter/UnityEditor.QuickSearchModule:UnityEditor.Search:ASIAI0B
Importing 'GUID: 28f68b4d087241c5b91fe67f0dd234f9 - Path: Packages/com.unity.visualscripting/Runtime/VisualScripting.Core/Serialization/SerializableType.cs - Importer: ScriptedImporter/UnityEditor.QuickSearchModule:UnityEditor.Search:ASIAI0B' with importer (ScriptedImporter : UnityEditor.QuickSearchModule:UnityEditor.Search:ASIAI0B)
Imported 'GUID: 28f68b4d087241c5b91fe67f0dd234f9' -> (Import Result ID: 'a4a88174e48ead108aaf09e03cd797e6') in 0.002 seconds [static and dynamic dependencies]. Details - ImportResultOutputID=1260b5b97e9ccd773b82140bd92e6bde DependenciesID=40208d20303283889fdcc1332e8da8da StaticDependenciesID=755887a247c9acf496638d12400a22d2 
Number of updated asset objects reloaded before import = 0
Number of asset objects unloaded after import = 0
========================================================================
Received Import Request.
  Time of request: 2026-10-01T08:15:26.8858929Z
  Time since last request: 0.0004773 seconds.
  importAddress: GUID: 87438d372474e4790b98890ce73891c0 - Path: Packages/com.unity.visualscripting/Runtime/VisualScripting.Core/Groups/GraphGroup.cs - Importer: ScriptedImporter/UnityEditor.QuickSearchModule:UnityEditor.Search:ASIAI0B
Importing 'GUID: 87438d372474e4790b98890ce73891c0 - Path: Packages/com.unity.visualscripting/Runtime/VisualScripting.Core/Groups/GraphGroup.cs - Importer: ScriptedImporter/UnityEditor.QuickSearchModule:UnityEditor.Search:ASIAI0B' with importer (ScriptedImporter : UnityEditor.QuickSearchModule:UnityEditor.Search:ASIAI0B)
Imported 'GUID: 87438d372474e4790b98890ce73891c0' -> (Import Result ID: '45e580e7ebe78c0f099ef75fb3d0ed53') in 0.002 seconds [static and dynamic dependencies]. Details - ImportResultOutputID=75779400aff5808424a47db362559b10 DependenciesID=3bce9cdc15599fa01ed28a7be47971b6 StaticDependenciesID=40511a866e356277d351d2e47e0f1832 
Number of updated asset objects reloaded before import = 0
Number of asset objects unloaded after import = 0
========================================================================
Received Import Request.
  Time of request: 2026-10-01T08:15:26.8963767Z
  Time since last request: 0.0001913 seconds.
  importAddress: GUID: 5faf689298912435b9ba1070bfec8484 - Path: Packages/com.unity.visualscripting/Runtime/VisualScripting.Core/Listeners/UnityMessageListener.cs - Importer: ScriptedImporter/UnityEditor.QuickSearchModule:UnityEditor.Search:ASIAI0B
Importing 'GUID: 5faf689298912435b9ba1070bfec8484 - Path: Packages/com.unity.visualscripting/Runtime/VisualScripting.Core/Listeners/UnityMessageListener.cs - Importer: ScriptedImporter/UnityEditor.QuickSearchModule:UnityEditor.Search:ASIAI0B' with importer (ScriptedImporter : UnityEditor.QuickSearchModule:UnityEditor.Search:ASIAI0B)
Imported 'GUID: 5faf689298912435b9ba1070bfec8484' -> (Import Result ID: '48e4f9b8923aac5b0a3571f22b8092c1') in 0.003 seconds [static and dynamic dependencies]. Details - ImportResultOutputID=e42c00f3403145a58b8d594f28136c9e DependenciesID=a1e0b38dfc3e77ecfe35397fd1b16197 StaticDependenciesID=cff4c743b16c46f9da446dc06795f83c 
Number of updated asset objects reloaded before import = 0
Number of asset objects unloaded after import = 1
========================================================================
Received Import Request.
  Time of request: 2026-10-01T08:15:26.9115132Z
  Time since last request: 0.0003053 seconds.
  importAddress: GUID: 6096ca814afb241ae99e9042d996fd27 - Path: Packages/com.unity.visualscripting/Runtime/VisualScripting.Core/Reflection/MemberInfoComparer.cs - Importer: ScriptedImporter/UnityEditor.QuickSearchModule:UnityEditor.Search:ASIAI0B
Importing 'GUID: 6096ca814afb241ae99e9042d996fd27 - Path: Packages/com.unity.visualscripting/Runtime/VisualScripting.Core/Reflection/MemberInfoComparer.cs - Importer: ScriptedImporter/UnityEditor.QuickSearchModule:UnityEditor.Search:ASIAI0B' with importer (ScriptedImporter : UnityEditor.QuickSearchModule:UnityEditor.Search:ASIAI0B)
Imported 'GUID: 6096ca814afb241ae99e9042d996fd27' -> (Import Result ID: '5d7c6abd5e36808fa078405594df27b1') in 0.002 seconds [static and dynamic dependencies]. Details - ImportResultOutputID=e28031ff3e9f25cad9b84175da4a5d4b DependenciesID=cea9067c765ccaf2ee5eed3c60ed388d StaticDependenciesID=b22b0c1d37fa735fb7f5a9377c1274f4 
Number of updated asset objects reloaded before import = 0
Number of asset objects unloaded after import = 0
========================================================================
Received Import Request.
  Time of request: 2026-10-01T08:15:26.9250398Z
  Time since last request: 0.0003549 seconds.
  importAddress: GUID: 35e9f44c540fa4c21ae094155fec787e - Path: Packages/com.unity.visualscripting/Runtime/VisualScripting.Core/Listeners/IGraphEventListenerData.cs - Importer: ScriptedImporter/UnityEditor.QuickSearchModule:UnityEditor.Search:ASIAI0B
Importing 'GUID: 35e9f44c540fa4c21ae094155fec787e - Path: Packages/com.unity.visualscripting/Runtime/VisualScripting.Core/Listeners/IGraphEventListenerData.cs - Importer: ScriptedImporter/UnityEditor.QuickSearchModule:UnityEditor.Search:ASIAI0B' with importer (ScriptedImporter : UnityEditor.QuickSearchModule:UnityEditor.Search:ASIAI0B)
Imported 'GUID: 35e9f44c540fa4c21ae094155fec787e' -> (Import Result ID: 'b9bae4a610d4dc413273f47c94f5a9ca') in 0.002 seconds [static and dynamic dependencies]. Details - ImportResultOutputID=553a4509075aac92e394ea217b9afc6d DependenciesID=092487cb4c603c5418c4a455fb90808a StaticDependenciesID=b60b73014a30582af72972678994229f 
Number of updated asset objects reloaded before import = 0
Number of asset objects unloaded after import = 0
========================================================================
Received Import Request.
  Time of request: 2026-10-01T08:15:26.9365279Z
  Time since last request: 0.0005115 seconds.
  importAddress: GUID: df194c6a0ebd14f2b9e5debcd26784ee - Path: Packages/com.unity.visualscripting/Runtime/VisualScripting.Core/Machines/IMachine.cs - Importer: ScriptedImporter/UnityEditor.QuickSearchModule:UnityEditor.Search:ASIAI0B
Importing 'GUID: df194c6a0ebd14f2b9e5debcd26784ee - Path: Packages/com.unity.visualscripting/Runtime/VisualScripting.Core/Machines/IMachine.cs - Importer: ScriptedImporter/UnityEditor.QuickSearchModule:UnityEditor.Search:ASIAI0B' with importer (ScriptedImporter : UnityEditor.QuickSearchModule:UnityEditor.Search:ASIAI0B)
Imported 'GUID: df194c6a0ebd14f2b9e5debcd26784ee' -> (Import Result ID: '6012db59b38361eb91ef77ee5ba0b825') in 0.002 seconds [static and dynamic dependencies]. Details - ImportResultOutputID=41a5da32f36b8056c3b96475f7d9170c DependenciesID=0fa03c9689221bc15cc638363c47f4f4 StaticDependenciesID=b47fa50a83793e446372be70dd20407d 
Number of updated asset objects reloaded before import = 0
Number of asset objects unloaded after import = 0
========================================================================
Received Import Request.
  Time of request: 2026-10-01T08:15:26.9586908Z
  Time since last request: 0.0092872 seconds.
  importAddress: GUID: 75ea31011c3384cc1b2a331c903c71e8 - Path: Packages/com.unity.visualscripting/Runtime/VisualScripting.Core/Variables/VariableKindAttribute.cs - Importer: ScriptedImporter/UnityEditor.QuickSearchModule:UnityEditor.Search:ASIAI0B
Importing 'GUID: 75ea31011c3384cc1b2a331c903c71e8 - Path: Packages/com.unity.visualscripting/Runtime/VisualScripting.Core/Variables/VariableKindAttribute.cs - Importer: ScriptedImporter/UnityEditor.QuickSearchModule:UnityEditor.Search:ASIAI0B' with importer (ScriptedImporter : UnityEditor.QuickSearchModule:UnityEditor.Search:ASIAI0B)
Imported 'GUID: 75ea31011c3384cc1b2a331c903c71e8' -> (Import Result ID: '0180e1c819e345c843e1ae6181a493ba') in 0.002 seconds [static and dynamic dependencies]. Details - ImportResultOutputID=a9ecad7702bcfaf1646fe55bd79c2405 DependenciesID=ceb811a16cba52c729298b4128bfffd6 StaticDependenciesID=a2c99ea798e954f6da8fecf167885ca5 
Number of updated asset objects reloaded before import = 0
Number of asset objects unloaded after import = 0
========================================================================
Received Import Request.
  Time of request: 2026-10-01T08:15:26.9688035Z
  Time since last request: 0.0004417 seconds.
  importAddress: GUID: 6641aaf2964f14d2ca96abe794c52929 - Path: Packages/com.unity.visualscripting/Runtime/VisualScripting.Core/Utilities/ReferenceCollector.cs - Importer: ScriptedImporter/UnityEditor.QuickSearchModule:UnityEditor.Search:ASIAI0B
Importing 'GUID: 6641aaf2964f14d2ca96abe794c52929 - Path: Packages/com.unity.visualscripting/Runtime/VisualScripting.Core/Utilities/ReferenceCollector.cs - Importer: ScriptedImporter/UnityEditor.QuickSearchModule:UnityEditor.Search:ASIAI0B' with importer (ScriptedImporter : UnityEditor.QuickSearchModule:UnityEditor.Search:ASIAI0B)
Imported 'GUID: 6641aaf2964f14d2ca96abe794c52929' -> (Import Result ID: 'd6cca3c488a2f7b3feb387332712747f') in 0.002 seconds [static and dynamic dependencies]. Details - ImportResultOutputID=b21295f17b7a4344428cd288ead378fe DependenciesID=abc0753be4ecb808bfe4c39c127da1ab StaticDependenciesID=eaa2bbc7ba6f70e3be2a327c79184a82 
Number of updated asset objects reloaded before import = 0
Number of asset objects unloaded after import = 0
========================================================================
Received Import Request.
  Time of request: 2026-10-01T08:15:26.9787018Z
  Time since last request: 0.0003575 seconds.
  importAddress: GUID: dc809ec21d2bf44b983265840a5ed2f4 - Path: Packages/com.unity.visualscripting/Runtime/VisualScripting.Flow/Connections/IUnitConnection.cs - Importer: ScriptedImporter/UnityEditor.QuickSearchModule:UnityEditor.Search:ASIAI0B
Importing 'GUID: dc809ec21d2bf44b983265840a5ed2f4 - Path: Packages/com.unity.visualscripting/Runtime/VisualScripting.Flow/Connections/IUnitConnection.cs - Importer: ScriptedImporter/UnityEditor.QuickSearchModule:UnityEditor.Search:ASIAI0B' with importer (ScriptedImporter : UnityEditor.QuickSearchModule:UnityEditor.Search:ASIAI0B)
Imported 'GUID: dc809ec21d2bf44b983265840a5ed2f4' -> (Import Result ID: '4b0092c595456f209c1ffd77817afef4') in 0.002 seconds [static and dynamic dependencies]. Details - ImportResultOutputID=19a35c8ae9ecea35d34438b01d6fc090 DependenciesID=db0c86beb298b89c8dd7bfc015b7d28e StaticDependenciesID=a15ef84ea4fbbfc2a7fbbca7c0c27c66 
Number of updated asset objects reloaded before import = 0
Number of asset objects unloaded after import = 0
========================================================================
Received Import Request.
  Time of request: 2026-10-01T08:15:26.9897537Z
  Time since last request: 0.0002647 seconds.
  importAddress: GUID: e741851cba3ad425c91ecf922cc6b379 - Path: Packages/com.unity.visualscripting/Runtime/VisualScripting.Core/Variables/Variables.cs - Importer: ScriptedImporter/UnityEditor.QuickSearchModule:UnityEditor.Search:ASIAI0B
Importing 'GUID: e741851cba3ad425c91ecf922cc6b379 - Path: Packages/com.unity.visualscripting/Runtime/VisualScripting.Core/Variables/Variables.cs - Importer: ScriptedImporter/UnityEditor.QuickSearchModule:UnityEditor.Search:ASIAI0B' with importer (ScriptedImporter : UnityEditor.QuickSearchModule:UnityEditor.Search:ASIAI0B)
Imported 'GUID: e741851cba3ad425c91ecf922cc6b379' -> (Import Result ID: '7c6f57c0b745c130301942886e76c22c') in 0.003 seconds [static and dynamic dependencies]. Details - ImportResultOutputID=44e1a6a02aaf6a5d487a2a4047887656 DependenciesID=4051bc9d680032c88722cf45eaf486e5 StaticDependenciesID=c7c317038424903e2d8e2b649e1cb647 
Number of updated asset objects reloaded before import = 0
Number of asset objects unloaded after import = 1
========================================================================
Received Import Request.
  Time of request: 2026-10-01T08:15:27.0020265Z
  Time since last request: 0.0003557 seconds.
  importAddress: GUID: e5031b55827d74367b8d19a739ae45e3 - Path: Packages/com.unity.visualscripting/Runtime/VisualScripting.Core/Utilities/ComponentHolderProtocol.cs - Importer: ScriptedImporter/UnityEditor.QuickSearchModule:UnityEditor.Search:ASIAI0B
Importing 'GUID: e5031b55827d74367b8d19a739ae45e3 - Path: Packages/com.unity.visualscripting/Runtime/VisualScripting.Core/Utilities/ComponentHolderProtocol.cs - Importer: ScriptedImporter/UnityEditor.QuickSearchModule:UnityEditor.Search:ASIAI0B' with importer (ScriptedImporter : UnityEditor.QuickSearchModule:UnityEditor.Search:ASIAI0B)
Imported 'GUID: e5031b55827d74367b8d19a739ae45e3' -> (Import Result ID: 'e663c8e196acae5a82a220329d119601') in 0.002 seconds [static and dynamic dependencies]. Details - ImportResultOutputID=a1794d7453008cd54927a12db9a49ab1 DependenciesID=bd9a59da3a138bc1646228e0d9e64794 StaticDependenciesID=d43a672703e391b05a3a029c549e2b2c 
Number of updated asset objects reloaded before import = 0
Number of asset objects unloaded after import = 0
========================================================================
Received Import Request.
  Time of request: 2026-10-01T08:15:27.0130005Z
  Time since last request: 0.0002072 seconds.
  importAddress: GUID: 473eee99af81e4e85b5a2048b267f9f0 - Path: Packages/com.unity.visualscripting/Runtime/VisualScripting.Core/Utilities/ReferenceEqualityComparer.cs - Importer: ScriptedImporter/UnityEditor.QuickSearchModule:UnityEditor.Search:ASIAI0B
Importing 'GUID: 473eee99af81e4e85b5a2048b267f9f0 - Path: Packages/com.unity.visualscripting/Runtime/VisualScripting.Core/Utilities/ReferenceEqualityComparer.cs - Importer: ScriptedImporter/UnityEditor.QuickSearchModule:UnityEditor.Search:ASIAI0B' with importer (ScriptedImporter : UnityEditor.QuickSearchModule:UnityEditor.Search:ASIAI0B)
Imported 'GUID: 473eee99af81e4e85b5a2048b267f9f0' -> (Import Result ID: '4de0525eec69257c33974b47e9ee320c') in 0.002 seconds [static and dynamic dependencies]. Details - ImportResultOutputID=9e4ccfac22e321e6f8c11cf300f870f9 DependenciesID=6c8b9393b29d68aa49a469549e9f6f0a StaticDependenciesID=1d4d244532394ae7993f6e6d7a7aa7b9 
Number of updated asset objects reloaded before import = 0
Number of asset objects unloaded after import = 0
========================================================================
Received Import Request.
  Time of request: 2026-10-01T08:15:27.0231156Z
  Time since last request: 0.0002388 seconds.
  importAddress: GUID: 648b9d6f371f74db398aa1e83ea0f383 - Path: Packages/com.unity.visualscripting/Runtime/VisualScripting.Core/Utilities/OverrideStack.cs - Importer: ScriptedImporter/UnityEditor.QuickSearchModule:UnityEditor.Search:ASIAI0B
Importing 'GUID: 648b9d6f371f74db398aa1e83ea0f383 - Path: Packages/com.unity.visualscripting/Runtime/VisualScripting.Core/Utilities/OverrideStack.cs - Importer: ScriptedImporter/UnityEditor.QuickSearchModule:UnityEditor.Search:ASIAI0B' with importer (ScriptedImporter : UnityEditor.QuickSearchModule:UnityEditor.Search:ASIAI0B)
Imported 'GUID: 648b9d6f371f74db398aa1e83ea0f383' -> (Import Result ID: 'f3f5f20f38e9cb8d716b6d26688691be') in 0.002 seconds [static and dynamic dependencies]. Details - ImportResultOutputID=4e31bbbad4b9488d48ede99b7563768d DependenciesID=18a5599ccf437145255c260d090dc0ae StaticDependenciesID=99a6219b20cb8d246c67ca3dd1da23ce 
Number of updated asset objects reloaded before import = 0
Number of asset objects unloaded after import = 0
========================================================================
Received Import Request.
  Time of request: 2026-10-01T08:15:27.0457187Z
  Time since last request: 0.0123727 seconds.
  importAddress: GUID: 1f628f4576ec649af80ef422a312141f - Path: Packages/com.unity.visualscripting/Runtime/VisualScripting.Flow/Framework/Literal.cs - Importer: ScriptedImporter/UnityEditor.QuickSearchModule:UnityEditor.Search:ASIAI0B
Importing 'GUID: 1f628f4576ec649af80ef422a312141f - Path: Packages/com.unity.visualscripting/Runtime/VisualScripting.Flow/Framework/Literal.cs - Importer: ScriptedImporter/UnityEditor.QuickSearchModule:UnityEditor.Search:ASIAI0B' with importer (ScriptedImporter : UnityEditor.QuickSearchModule:UnityEditor.Search:ASIAI0B)
Imported 'GUID: 1f628f4576ec649af80ef422a312141f' -> (Import Result ID: '0b0602c07c3f93712a23df9957279893') in 0.002 seconds [static and dynamic dependencies]. Details - ImportResultOutputID=7b95a605414e6fabaa7e936fd726ca39 DependenciesID=1a350629164b655470e5ce9d8c8d034d StaticDependenciesID=3cd5041ce44943baf706e6931df9c261 
Number of updated asset objects reloaded before import = 0
Number of asset objects unloaded after import = 0
========================================================================
Received Import Request.
  Time of request: 2026-10-01T08:15:27.0563428Z
  Time since last request: 0.0005429 seconds.
  importAddress: GUID: 583f8d62eb8224fe1a46dcf200162006 - Path: Packages/com.unity.visualscripting/Editor/VisualScripting.Core/Dependencies/ReorderableList/GenericListAdaptor.cs - Importer: ScriptedImporter/UnityEditor.QuickSearchModule:UnityEditor.Search:ASIAI0B
Importing 'GUID: 583f8d62eb8224fe1a46dcf200162006 - Path: Packages/com.unity.visualscripting/Editor/VisualScripting.Core/Dependencies/ReorderableList/GenericListAdaptor.cs - Importer: ScriptedImporter/UnityEditor.QuickSearchModule:UnityEditor.Search:ASIAI0B' with importer (ScriptedImporter : UnityEditor.QuickSearchModule:UnityEditor.Search:ASIAI0B)
Imported 'GUID: 583f8d62eb8224fe1a46dcf200162006' -> (Import Result ID: '54ece73cb3667219b2bf72717edf08a9') in 0.002 seconds [static and dynamic dependencies]. Details - ImportResultOutputID=b3fcbf7c829e15cb5c637f6f7eeae614 DependenciesID=b09f9f696d6edf6123a57c64e95aaa86 StaticDependenciesID=eed43e103c4f1be04794169e17f7aab1 
Number of updated asset objects reloaded before import = 0
Number of asset objects unloaded after import = 0
========================================================================
Received Import Request.
  Time of request: 2026-10-01T08:15:27.0671199Z
  Time since last request: 0.0005412 seconds.
  importAddress: GUID: 80f1beca4f65e4c2f8ca6030e735149a - Path: Packages/com.unity.visualscripting/Runtime/VisualScripting.Flow/Ports/IUnitControlPortDefinition.cs - Importer: ScriptedImporter/UnityEditor.QuickSearchModule:UnityEditor.Search:ASIAI0B
Importing 'GUID: 80f1beca4f65e4c2f8ca6030e735149a - Path: Packages/com.unity.visualscripting/Runtime/VisualScripting.Flow/Ports/IUnitControlPortDefinition.cs - Importer: ScriptedImporter/UnityEditor.QuickSearchModule:UnityEditor.Search:ASIAI0B' with importer (ScriptedImporter : UnityEditor.QuickSearchModule:UnityEditor.Search:ASIAI0B)
Imported 'GUID: 80f1beca4f65e4c2f8ca6030e735149a' -> (Import Result ID: '91b7215848de858593ef5e905b561cbf') in 0.002 seconds [static and dynamic dependencies]. Details - ImportResultOutputID=be71840e392496df9321a03af0f0a00d DependenciesID=13f687b7f0d68bc900861b6ded9966d0 StaticDependenciesID=7577a12133d8de697bc5ff898110a3fd 
Number of updated asset objects reloaded before import = 0
Number of asset objects unloaded after import = 0
========================================================================
Received Import Request.
  Time of request: 2026-10-01T08:15:27.0772647Z
  Time since last request: 0.0004422 seconds.
  importAddress: GUID: 72e2048684c0c45b5875f26f9ccb4f21 - Path: Packages/com.unity.visualscripting/Editor/VisualScripting.Core/Dependencies/YamlDotNet/Unity.VisualScripting.YamlDotNet.xml - Importer: ScriptedImporter/UnityEditor.QuickSearchModule:UnityEditor.Search:ASIAI0B
Importing 'GUID: 72e2048684c0c45b5875f26f9ccb4f21 - Path: Packages/com.unity.visualscripting/Editor/VisualScripting.Core/Dependencies/YamlDotNet/Unity.VisualScripting.YamlDotNet.xml - Importer: ScriptedImporter/UnityEditor.QuickSearchModule:UnityEditor.Search:ASIAI0B' with importer (ScriptedImporter : UnityEditor.QuickSearchModule:UnityEditor.Search:ASIAI0B)
Imported 'GUID: 72e2048684c0c45b5875f26f9ccb4f21' -> (Import Result ID: '887e818bb61673b3e680e1a72e0a1247') in 0.002 seconds [static and dynamic dependencies]. Details - ImportResultOutputID=819dd68dbc555805419d9d2781fd009e DependenciesID=5e6da69558af6fb768e2aacad47d58b9 StaticDependenciesID=03fe5241edba5c0621f54a252ead541f 
Number of updated asset objects reloaded before import = 0
Number of asset objects unloaded after import = 1
========================================================================
Received Import Request.
  Time of request: 2026-10-01T08:15:27.0878359Z
  Time since last request: 0.0003789 seconds.
  importAddress: GUID: 885cfbf5600174e6dadfddfb7ff337c4 - Path: Packages/com.unity.visualscripting/Editor/VisualScripting.Core/Inspection/Other/SemanticVersionInspector.cs - Importer: ScriptedImporter/UnityEditor.QuickSearchModule:UnityEditor.Search:ASIAI0B
Importing 'GUID: 885cfbf5600174e6dadfddfb7ff337c4 - Path: Packages/com.unity.visualscripting/Editor/VisualScripting.Core/Inspection/Other/SemanticVersionInspector.cs - Importer: ScriptedImporter/UnityEditor.QuickSearchModule:UnityEditor.Search:ASIAI0B' with importer (ScriptedImporter : UnityEditor.QuickSearchModule:UnityEditor.Search:ASIAI0B)
Imported 'GUID: 885cfbf5600174e6dadfddfb7ff337c4' -> (Import Result ID: 'cda3131ba9c217b7c686114044131aa9') in 0.002 seconds [static and dynamic dependencies]. Details - ImportResultOutputID=66bec13341953e05c1e15ed7e811c8c1 DependenciesID=09e9245748bd16df289aa34a119b1b69 StaticDependenciesID=8e0e4367b9f739b59d0a0f0fa31f8607 
Number of updated asset objects reloaded before import = 0
Number of asset objects unloaded after import = 0
========================================================================
Received Import Request.
  Time of request: 2026-10-01T08:15:27.0994653Z
  Time since last request: 0.000329 seconds.
  importAddress: GUID: 097695fc8e05f4136bf370b44dc9aeee - Path: Packages/com.unity.visualscripting/Editor/VisualScripting.Core/Dependencies/ReorderableList/ReorderableListEvents.cs - Importer: ScriptedImporter/UnityEditor.QuickSearchModule:UnityEditor.Search:ASIAI0B
Importing 'GUID: 097695fc8e05f4136bf370b44dc9aeee - Path: Packages/com.unity.visualscripting/Editor/VisualScripting.Core/Dependencies/ReorderableList/ReorderableListEvents.cs - Importer: ScriptedImporter/UnityEditor.QuickSearchModule:UnityEditor.Search:ASIAI0B' with importer (ScriptedImporter : UnityEditor.QuickSearchModule:UnityEditor.Search:ASIAI0B)
Imported 'GUID: 097695fc8e05f4136bf370b44dc9aeee' -> (Import Result ID: '3c07c7974cf8a120ffed98b72fc9aecb') in 0.002 seconds [static and dynamic dependencies]. Details - ImportResultOutputID=a311425f2b3908f398e8ed9650c7e102 DependenciesID=3b5df1108bd2a712f765a45f5200db11 StaticDependenciesID=ee9c780409512a12da4f69a840de7f84 
Number of updated asset objects reloaded before import = 0
Number of asset objects unloaded after import = 0
========================================================================
Received Import Request.
  Time of request: 2026-10-01T08:15:27.1100903Z
  Time since last request: 0.00031 seconds.
  importAddress: GUID: 2730d662254047048aa9f746e34a579f - Path: Packages/com.unity.visualscripting/Editor/VisualScripting.Core/Dependencies/DotNetZip/Unity.VisualScripting.IonicZip.dll - Importer: ScriptedImporter/UnityEditor.QuickSearchModule:UnityEditor.Search:ASIAI0B
Importing 'GUID: 2730d662254047048aa9f746e34a579f - Path: Packages/com.unity.visualscripting/Editor/VisualScripting.Core/Dependencies/DotNetZip/Unity.VisualScripting.IonicZip.dll - Importer: ScriptedImporter/UnityEditor.QuickSearchModule:UnityEditor.Search:ASIAI0B' with importer (ScriptedImporter : UnityEditor.QuickSearchModule:UnityEditor.Search:ASIAI0B)
Imported 'GUID: 2730d662254047048aa9f746e34a579f' -> (Import Result ID: 'db883e38f1b472be96bdfb92971f07ad') in 0.003 seconds [static and dynamic dependencies]. Details - ImportResultOutputID=f69dc468919fdacf0ff4a3f038952ebd DependenciesID=6814c60dfd43d9320ca1d6a0db2fb87a StaticDependenciesID=ce3bd36d15afd063da596a0bb7e6d9ce 
Number of updated asset objects reloaded before import = 0
Number of asset objects unloaded after import = 0
========================================================================
Received Import Request.
  Time of request: 2026-10-01T08:15:27.1364838Z
  Time since last request: 0.0148745 seconds.
  importAddress: GUID: bb2c26586b3714c07be672d4c63e568e - Path: Packages/com.unity.visualscripting/Editor/VisualScripting.Core/Inspection/Special/UnknownInspector.cs - Importer: ScriptedImporter/UnityEditor.QuickSearchModule:UnityEditor.Search:ASIAI0B
Importing 'GUID: bb2c26586b3714c07be672d4c63e568e - Path: Packages/com.unity.visualscripting/Editor/VisualScripting.Core/Inspection/Special/UnknownInspector.cs - Importer: ScriptedImporter/UnityEditor.QuickSearchModule:UnityEditor.Search:ASIAI0B' with importer (ScriptedImporter : UnityEditor.QuickSearchModule:UnityEditor.Search:ASIAI0B)
Imported 'GUID: bb2c26586b3714c07be672d4c63e568e' -> (Import Result ID: '40101288007e044a5772c578a8436bbc') in 0.002 seconds [static and dynamic dependencies]. Details - ImportResultOutputID=f5f0f08301037005b9810996c9a7716c DependenciesID=7efc780ec74752c7b6dca385cbf3b6ad StaticDependenciesID=ab0983fe6d3640f2a43617d338efab4d 
Number of updated asset objects reloaded before import = 0
Number of asset objects unloaded after import = 0
========================================================================
Received Import Request.
  Time of request: 2026-10-01T08:15:27.1477735Z
  Time since last request: 0.0006993 seconds.
  importAddress: GUID: 0e1f82045b2644ac48cf04e03d05cb97 - Path: Packages/com.unity.visualscripting/Editor/VisualScripting.Core/Inspection/Primitives/DiscreteNumberInspector.cs - Importer: ScriptedImporter/UnityEditor.QuickSearchModule:UnityEditor.Search:ASIAI0B
Importing 'GUID: 0e1f82045b2644ac48cf04e03d05cb97 - Path: Packages/com.unity.visualscripting/Editor/VisualScripting.Core/Inspection/Primitives/DiscreteNumberInspector.cs - Importer: ScriptedImporter/UnityEditor.QuickSearchModule:UnityEditor.Search:ASIAI0B' with importer (ScriptedImporter : UnityEditor.QuickSearchModule:UnityEditor.Search:ASIAI0B)
Imported 'GUID: 0e1f82045b2644ac48cf04e03d05cb97' -> (Import Result ID: 'f195cf8d8c9a53fa0e76e5bff41bd6fc') in 0.002 seconds [static and dynamic dependencies]. Details - ImportResultOutputID=578a82536206d375e90d84c8d0a736a4 DependenciesID=4fb818ae9e603fa04450d7a0abcf4e7f StaticDependenciesID=6a2bc2487e1ee7b450755509e76e7ee4 
Number of updated asset objects reloaded before import = 0
Number of asset objects unloaded after import = 0
========================================================================
Received Import Request.
  Time of request: 2026-10-01T08:15:27.15961Z
  Time since last request: 0.0002533 seconds.
  importAddress: GUID: ffbbdd502563b4455a0d6b25a0300e23 - Path: Packages/com.unity.visualscripting/Editor/VisualScripting.Core/Inspection/Primitives/DecimalInspector.cs - Importer: ScriptedImporter/UnityEditor.QuickSearchModule:UnityEditor.Search:ASIAI0B
Importing 'GUID: ffbbdd502563b4455a0d6b25a0300e23 - Path: Packages/com.unity.visualscripting/Editor/VisualScripting.Core/Inspection/Primitives/DecimalInspector.cs - Importer: ScriptedImporter/UnityEditor.QuickSearchModule:UnityEditor.Search:ASIAI0B' with importer (ScriptedImporter : UnityEditor.QuickSearchModule:UnityEditor.Search:ASIAI0B)
Imported 'GUID: ffbbdd502563b4455a0d6b25a0300e23' -> (Import Result ID: '6ab8c259b8ec641e7321b8b8704ca231') in 0.002 seconds [static and dynamic dependencies]. Details - ImportResultOutputID=8caea31a4c0eb4357a2dc25eec1f6349 DependenciesID=2acd9ce9e1fcc46dadce2abd7f5ee6de StaticDependenciesID=89642857d663b9b3a8360f72dfc60c5e 
Number of updated asset objects reloaded before import = 0
Number of asset objects unloaded after import = 0
========================================================================
Received Import Request.
  Time of request: 2026-10-01T08:15:27.1699742Z
  Time since last request: 0.0001992 seconds.
  importAddress: GUID: 429fcc6056466493b99c9143b13106c5 - Path: Packages/com.unity.visualscripting/Editor/VisualScripting.Core/Inspection/Special/DictionaryInspector.cs - Importer: ScriptedImporter/UnityEditor.QuickSearchModule:UnityEditor.Search:ASIAI0B
Importing 'GUID: 429fcc6056466493b99c9143b13106c5 - Path: Packages/com.unity.visualscripting/Editor/VisualScripting.Core/Inspection/Special/DictionaryInspector.cs - Importer: ScriptedImporter/UnityEditor.QuickSearchModule:UnityEditor.Search:ASIAI0B' with importer (ScriptedImporter : UnityEditor.QuickSearchModule:UnityEditor.Search:ASIAI0B)
Imported 'GUID: 429fcc6056466493b99c9143b13106c5' -> (Import Result ID: '84dedb25f03a024e0a7e8374ad2a5641') in 0.002 seconds [static and dynamic dependencies]. Details - ImportResultOutputID=c58723d9b00a560e10dfebd74ddc0aed DependenciesID=352b30760aad609e7b6616e298bc1acc StaticDependenciesID=ca99ddc99efff18eaae363a845b711b1 
Number of updated asset objects reloaded before import = 0
Number of asset objects unloaded after import = 0
========================================================================
Received Import Request.
  Time of request: 2026-10-01T08:15:27.1807156Z
  Time since last request: 0.000346 seconds.
  importAddress: GUID: 84e29af8edc904b6cadc870d2fb37b45 - Path: Packages/com.unity.visualscripting/Editor/VisualScripting.Core/Interface/Dropdowns/DropdownSeparator.cs - Importer: ScriptedImporter/UnityEditor.QuickSearchModule:UnityEditor.Search:ASIAI0B
Importing 'GUID: 84e29af8edc904b6cadc870d2fb37b45 - Path: Packages/com.unity.visualscripting/Editor/VisualScripting.Core/Interface/Dropdowns/DropdownSeparator.cs - Importer: ScriptedImporter/UnityEditor.QuickSearchModule:UnityEditor.Search:ASIAI0B' with importer (ScriptedImporter : UnityEditor.QuickSearchModule:UnityEditor.Search:ASIAI0B)
Imported 'GUID: 84e29af8edc904b6cadc870d2fb37b45' -> (Import Result ID: '3858b6511ca31ae3d67283c1ddfcbd3d') in 0.002 seconds [static and dynamic dependencies]. Details - ImportResultOutputID=c616ed485028245334ffd79ae8cfa882 DependenciesID=648df2439e9d514383a95c073712a21a StaticDependenciesID=abfef5425f16a05032aee110fbd81931 
Number of updated asset objects reloaded before import = 0
Number of asset objects unloaded after import = 0
========================================================================
Received Import Request.
  Time of request: 2026-10-01T08:15:27.19077Z
  Time since last request: 0.0002896 seconds.
  importAddress: GUID: b68375bac6f5348a0ae791cda5291b6d - Path: Packages/com.unity.visualscripting/Editor/VisualScripting.Core/Inspection/Primitives/DoubleInspector.cs - Importer: ScriptedImporter/UnityEditor.QuickSearchModule:UnityEditor.Search:ASIAI0B
Importing 'GUID: b68375bac6f5348a0ae791cda5291b6d - Path: Packages/com.unity.visualscripting/Editor/VisualScripting.Core/Inspection/Primitives/DoubleInspector.cs - Importer: ScriptedImporter/UnityEditor.QuickSearchModule:UnityEditor.Search:ASIAI0B' with importer (ScriptedImporter : UnityEditor.QuickSearchModule:UnityEditor.Search:ASIAI0B)
Imported 'GUID: b68375bac6f5348a0ae791cda5291b6d' -> (Import Result ID: '585d9c55803f261c4ce7b5cd57e2c164') in 0.002 seconds [static and dynamic dependencies]. Details - ImportResultOutputID=0f76c5777c49c948fe8053aff8d41723 DependenciesID=ccccf8db0a899a7c03cbe2d6a5f79ab3 StaticDependenciesID=e01fc6f1dcf2e8d9af8913cf39757b4f 
Number of updated asset objects reloaded before import = 0
Number of asset objects unloaded after import = 0
========================================================================
Received Import Request.
  Time of request: 2026-10-01T08:15:27.2007419Z
  Time since last request: 0.0003704 seconds.
  importAddress: GUID: 843867a482103421696f714526129771 - Path: Packages/com.unity.visualscripting/Editor/VisualScripting.Core/Interface/Colors/ColorPalette.cs - Importer: ScriptedImporter/UnityEditor.QuickSearchModule:UnityEditor.Search:ASIAI0B
Importing 'GUID: 843867a482103421696f714526129771 - Path: Packages/com.unity.visualscripting/Editor/VisualScripting.Core/Interface/Colors/ColorPalette.cs - Importer: ScriptedImporter/UnityEditor.QuickSearchModule:UnityEditor.Search:ASIAI0B' with importer (ScriptedImporter : UnityEditor.QuickSearchModule:UnityEditor.Search:ASIAI0B)
Imported 'GUID: 843867a482103421696f714526129771' -> (Import Result ID: '890fadd2e55665203591b6f1e7b3ace7') in 0.002 seconds [static and dynamic dependencies]. Details - ImportResultOutputID=d98176e0c8ad5e61acaee8c0f56d81aa DependenciesID=c7ab8848d8a1cbf54b0e5ad32f858ced StaticDependenciesID=626351e2c158d7a5b65130cb14ee58aa 
Number of updated asset objects reloaded before import = 0
Number of asset objects unloaded after import = 0
========================================================================
Received Import Request.
  Time of request: 2026-10-01T08:15:27.2255853Z
  Time since last request: 0.0153902 seconds.
  importAddress: GUID: 1fd96f5c0ddfe43f5b6e386a7d963d37 - Path: Packages/com.unity.visualscripting/Editor/VisualScripting.Core/Interface/Fuzzy/FuzzyOptionTreeExtensionAttribute.cs - Importer: ScriptedImporter/UnityEditor.QuickSearchModule:UnityEditor.Search:ASIAI0B
Importing 'GUID: 1fd96f5c0ddfe43f5b6e386a7d963d37 - Path: Packages/com.unity.visualscripting/Editor/VisualScripting.Core/Interface/Fuzzy/FuzzyOptionTreeExtensionAttribute.cs - Importer: ScriptedImporter/UnityEditor.QuickSearchModule:UnityEditor.Search:ASIAI0B' with importer (ScriptedImporter : UnityEditor.QuickSearchModule:UnityEditor.Search:ASIAI0B)
Imported 'GUID: 1fd96f5c0ddfe43f5b6e386a7d963d37' -> (Import Result ID: 'edafe4bc4329cfa9403a8aa9edc0a442') in 0.002 seconds [static and dynamic dependencies]. Details - ImportResultOutputID=8ae9ecd9fca078184fd19ad24433e630 DependenciesID=de0a8b3d9ca7c457aa1bd9d740dcc767 StaticDependenciesID=bca255c058f8d5cd5f93fd531a1ccba8 
Number of updated asset objects reloaded before import = 0
Number of asset objects unloaded after import = 0
========================================================================
Received Import Request.
  Time of request: 2026-10-01T08:15:27.2378004Z
  Time since last request: 0.0002267 seconds.
  importAddress: GUID: 2ed16725e340b4df2b34729d800f140c - Path: Packages/com.unity.visualscripting/Editor/VisualScripting.Core/Plugin/Migrations/Migration_1_4_5_to_1_4_6.cs - Importer: ScriptedImporter/UnityEditor.QuickSearchModule:UnityEditor.Search:ASIAI0B
Importing 'GUID: 2ed16725e340b4df2b34729d800f140c - Path: Packages/com.unity.visualscripting/Editor/VisualScripting.Core/Plugin/Migrations/Migration_1_4_5_to_1_4_6.cs - Importer: ScriptedImporter/UnityEditor.QuickSearchModule:UnityEditor.Search:ASIAI0B' with importer (ScriptedImporter : UnityEditor.QuickSearchModule:UnityEditor.Search:ASIAI0B)
Imported 'GUID: 2ed16725e340b4df2b34729d800f140c' -> (Import Result ID: 'a4b1de8db27714add97bf100ac7a4f8e') in 0.002 seconds [static and dynamic dependencies]. Details - ImportResultOutputID=1d5b0557169af331a2268b629fb94fbf DependenciesID=404d658440ce38005694729a5e6434d3 StaticDependenciesID=0789db36668897f19aab1b64cb035800 
Number of updated asset objects reloaded before import = 0
Number of asset objects unloaded after import = 0
========================================================================
Received Import Request.
  Time of request: 2026-10-01T08:15:27.2492691Z
  Time since last request: 0.0003939 seconds.
  importAddress: GUID: 4b84d693444bb4e9ca4f8c9fbd111021 - Path: Packages/com.unity.visualscripting/Editor/VisualScripting.Core/Plugin/Migrations/Migration_1_2_2_to_1_2_3.cs - Importer: ScriptedImporter/UnityEditor.QuickSearchModule:UnityEditor.Search:ASIAI0B
Importing 'GUID: 4b84d693444bb4e9ca4f8c9fbd111021 - Path: Packages/com.unity.visualscripting/Editor/VisualScripting.Core/Plugin/Migrations/Migration_1_2_2_to_1_2_3.cs - Importer: ScriptedImporter/UnityEditor.QuickSearchModule:UnityEditor.Search:ASIAI0B' with importer (ScriptedImporter : UnityEditor.QuickSearchModule:UnityEditor.Search:ASIAI0B)
Imported 'GUID: 4b84d693444bb4e9ca4f8c9fbd111021' -> (Import Result ID: '6f8f1436a1c3ef85aed1a6d61bbd14a1') in 0.002 seconds [static and dynamic dependencies]. Details - ImportResultOutputID=d943079c6aee324b042a13fd46d335f4 DependenciesID=f8ec8e637952b9a34345efdcdf82b92e StaticDependenciesID=7a46939ea0fb8d6b90ca638d3e021fc8 
Number of updated asset objects reloaded before import = 0
Number of asset objects unloaded after import = 0
========================================================================
Received Import Request.
  Time of request: 2026-10-01T08:15:27.2599129Z
  Time since last request: 0.0005764 seconds.
  importAddress: GUID: 413fd83b3801f0544a144089f595fb44 - Path: Packages/com.unity.visualscripting/Editor/VisualScripting.Core/Plugin/Migrations/Migration_Asset_to_Package.cs - Importer: ScriptedImporter/UnityEditor.QuickSearchModule:UnityEditor.Search:ASIAI0B
Importing 'GUID: 413fd83b3801f0544a144089f595fb44 - Path: Packages/com.unity.visualscripting/Editor/VisualScripting.Core/Plugin/Migrations/Migration_Asset_to_Package.cs - Importer: ScriptedImporter/UnityEditor.QuickSearchModule:UnityEditor.Search:ASIAI0B' with importer (ScriptedImporter : UnityEditor.QuickSearchModule:UnityEditor.Search:ASIAI0B)
Imported 'GUID: 413fd83b3801f0544a144089f595fb44' -> (Import Result ID: '1ec09015ae8ec8bf6e4badcc71f29c70') in 0.002 seconds [static and dynamic dependencies]. Details - ImportResultOutputID=5598a0f9b98ffc5a72d22aa406c6bd28 DependenciesID=57b97068a4e0bff23c4152219eaee730 StaticDependenciesID=f2416052ddf2e30f3f552cec6f8dfbc4 
Number of updated asset objects reloaded before import = 0
Number of asset objects unloaded after import = 0
========================================================================
Received Import Request.
  Time of request: 2026-10-01T08:15:27.2709424Z
  Time since last request: 0.0002913 seconds.
  importAddress: GUID: 312a07416da8b4c2480dcb2a68e1d628 - Path: Packages/com.unity.visualscripting/Editor/VisualScripting.Core/Plugin/Changelogs/Changelog_1_4_5.cs - Importer: ScriptedImporter/UnityEditor.QuickSearchModule:UnityEditor.Search:ASIAI0B
Importing 'GUID: 312a07416da8b4c2480dcb2a68e1d628 - Path: Packages/com.unity.visualscripting/Editor/VisualScripting.Core/Plugin/Changelogs/Changelog_1_4_5.cs - Importer: ScriptedImporter/UnityEditor.QuickSearchModule:UnityEditor.Search:ASIAI0B' with importer (ScriptedImporter : UnityEditor.QuickSearchModule:UnityEditor.Search:ASIAI0B)
Imported 'GUID: 312a07416da8b4c2480dcb2a68e1d628' -> (Import Result ID: '9b9fa6d9bec841d9d5755e73ef947bed') in 0.002 seconds [static and dynamic dependencies]. Details - ImportResultOutputID=b15443dc853a59ca546a72e20f5c999a DependenciesID=1a77116c825a41487a517c349a7fc419 StaticDependenciesID=9182ac0e6a2ef545937f9cdd6d6af3f4 
Number of updated asset objects reloaded before import = 0
Number of asset objects unloaded after import = 0
========================================================================
Received Import Request.
  Time of request: 2026-10-01T08:15:27.2815016Z
  Time since last request: 0.0002589 seconds.
  importAddress: GUID: 8ea491376021a4ec7b74a97c22e6ba82 - Path: Packages/com.unity.visualscripting/Editor/VisualScripting.Core/Interface/Licenses/License.Iconmonstr.cs - Importer: ScriptedImporter/UnityEditor.QuickSearchModule:UnityEditor.Search:ASIAI0B
Importing 'GUID: 8ea491376021a4ec7b74a97c22e6ba82 - Path: Packages/com.unity.visualscripting/Editor/VisualScripting.Core/Interface/Licenses/License.Iconmonstr.cs - Importer: ScriptedImporter/UnityEditor.QuickSearchModule:UnityEditor.Search:ASIAI0B' with importer (ScriptedImporter : UnityEditor.QuickSearchModule:UnityEditor.Search:ASIAI0B)
Imported 'GUID: 8ea491376021a4ec7b74a97c22e6ba82' -> (Import Result ID: '63ab7e2e8ad7cb6e9e3b50f4509d68b4') in 0.002 seconds [static and dynamic dependencies]. Details - ImportResultOutputID=55a83fb80f6904bed02b142d0439ba79 DependenciesID=b1ac151ed6a3950e41e2cecc918a33b2 StaticDependenciesID=fd1eb4189e8fb543cea7bdfdb812aad7 
Number of updated asset objects reloaded before import = 0
Number of asset objects unloaded after import = 0
========================================================================
Received Import Request.
  Time of request: 2026-10-01T08:15:27.2927069Z
  Time since last request: 0.0003587 seconds.
  importAddress: GUID: 209e93e288ea84609abf77605cd8474a - Path: Packages/com.unity.visualscripting/Editor/VisualScripting.Core/Widgets/Groups/GraphGroupEditor.cs - Importer: ScriptedImporter/UnityEditor.QuickSearchModule:UnityEditor.Search:ASIAI0B
Importing 'GUID: 209e93e288ea84609abf77605cd8474a - Path: Packages/com.unity.visualscripting/Editor/VisualScripting.Core/Widgets/Groups/GraphGroupEditor.cs - Importer: ScriptedImporter/UnityEditor.QuickSearchModule:UnityEditor.Search:ASIAI0B' with importer (ScriptedImporter : UnityEditor.QuickSearchModule:UnityEditor.Search:ASIAI0B)
Imported 'GUID: 209e93e288ea84609abf77605cd8474a' -> (Import Result ID: 'afa1f064bda5e1c3b31601a4861f710a') in 0.002 seconds [static and dynamic dependencies]. Details - ImportResultOutputID=01da688e1497266d7e839a1f94dabb01 DependenciesID=5ed7ada2427d61ada58b6ad83548d97a StaticDependenciesID=03d4608c83854e4787807b0d484cf5f2 
Number of updated asset objects reloaded before import = 0
Number of asset objects unloaded after import = 0
========================================================================
Received Import Request.
  Time of request: 2026-10-01T08:15:27.314631Z
  Time since last request: 0.0099286 seconds.
  importAddress: GUID: be41f1ddb0e95454fa0e4bb3e51018d5 - Path: Packages/com.unity.visualscripting/Editor/VisualScripting.Flow/Framework/Codebase/InvokeMemberOption.cs - Importer: ScriptedImporter/UnityEditor.QuickSearchModule:UnityEditor.Search:ASIAI0B
Importing 'GUID: be41f1ddb0e95454fa0e4bb3e51018d5 - Path: Packages/com.unity.visualscripting/Editor/VisualScripting.Flow/Framework/Codebase/InvokeMemberOption.cs - Importer: ScriptedImporter/UnityEditor.QuickSearchModule:UnityEditor.Search:ASIAI0B' with importer (ScriptedImporter : UnityEditor.QuickSearchModule:UnityEditor.Search:ASIAI0B)
Imported 'GUID: be41f1ddb0e95454fa0e4bb3e51018d5' -> (Import Result ID: 'a6948f8b103590ef88cce1420adb2e2b') in 0.002 seconds [static and dynamic dependencies]. Details - ImportResultOutputID=c6957eccc0f129d9a41e00af3c07e65c DependenciesID=6ed5b67c665b18606399c5d6932cc511 StaticDependenciesID=3d489b436ec3f3aed63ac584bf472b97 
Number of updated asset objects reloaded before import = 0
Number of asset objects unloaded after import = 0
========================================================================
Received Import Request.
  Time of request: 2026-10-01T08:15:27.3248819Z
  Time since last request: 0.0003008 seconds.
  importAddress: GUID: 61b4830f444214043a3097b099a3bfaf - Path: Packages/com.unity.visualscripting/Editor/VisualScripting.Flow/Framework/Codebase/ExposeDescriptor.cs - Importer: ScriptedImporter/UnityEditor.QuickSearchModule:UnityEditor.Search:ASIAI0B
Importing 'GUID: 61b4830f444214043a3097b099a3bfaf - Path: Packages/com.unity.visualscripting/Editor/VisualScripting.Flow/Framework/Codebase/ExposeDescriptor.cs - Importer: ScriptedImporter/UnityEditor.QuickSearchModule:UnityEditor.Search:ASIAI0B' with importer (ScriptedImporter : UnityEditor.QuickSearchModule:UnityEditor.Search:ASIAI0B)
Imported 'GUID: 61b4830f444214043a3097b099a3bfaf' -> (Import Result ID: '2ace4caff6ef65a7762943094d0e2f50') in 0.002 seconds [static and dynamic dependencies]. Details - ImportResultOutputID=a43f1143dc7a09a97faa15e849a5222a DependenciesID=f2c048578e5d8bd9dc9779e7ce33f6c4 StaticDependenciesID=c9419034fd10ead4ca1e23f7522dfed7 
Number of updated asset objects reloaded before import = 0
Number of asset objects unloaded after import = 0
========================================================================
Received Import Request.
  Time of request: 2026-10-01T08:15:27.3350919Z
  Time since last request: 0.0003042 seconds.
  importAddress: GUID: 219311327f63045b68b424f66c8738e5 - Path: Packages/com.unity.visualscripting/Editor/VisualScripting.Flow/Framework/Control/SelectOnIntegerDescriptor.cs - Importer: ScriptedImporter/UnityEditor.QuickSearchModule:UnityEditor.Search:ASIAI0B
Importing 'GUID: 219311327f63045b68b424f66c8738e5 - Path: Packages/com.unity.visualscripting/Editor/VisualScripting.Flow/Framework/Control/SelectOnIntegerDescriptor.cs - Importer: ScriptedImporter/UnityEditor.QuickSearchModule:UnityEditor.Search:ASIAI0B' with importer (ScriptedImporter : UnityEditor.QuickSearchModule:UnityEditor.Search:ASIAI0B)
Imported 'GUID: 219311327f63045b68b424f66c8738e5' -> (Import Result ID: 'd763ead57b5acb03ebd5e1062cef61e0') in 0.002 seconds [static and dynamic dependencies]. Details - ImportResultOutputID=1d69ffd4bf26e86975a327f77c73ba27 DependenciesID=95407911ca1585658a6242414536d1ff StaticDependenciesID=3591075b2c9cb1a6ae9013e98871f26c 
Number of updated asset objects reloaded before import = 0
Number of asset objects unloaded after import = 0
========================================================================
Received Import Request.
  Time of request: 2026-10-01T08:15:27.3461538Z
  Time since last request: 0.0003586 seconds.
  importAddress: GUID: 03ffbe4749f4844648417d734d61d520 - Path: Packages/com.unity.visualscripting/Editor/VisualScripting.Flow/Framework/Nesting/NesterUnitOption.cs - Importer: ScriptedImporter/UnityEditor.QuickSearchModule:UnityEditor.Search:ASIAI0B
Importing 'GUID: 03ffbe4749f4844648417d734d61d520 - Path: Packages/com.unity.visualscripting/Editor/VisualScripting.Flow/Framework/Nesting/NesterUnitOption.cs - Importer: ScriptedImporter/UnityEditor.QuickSearchModule:UnityEditor.Search:ASIAI0B' with importer (ScriptedImporter : UnityEditor.QuickSearchModule:UnityEditor.Search:ASIAI0B)
Imported 'GUID: 03ffbe4749f4844648417d734d61d520' -> (Import Result ID: 'c78dbc30932adce6aada0bfef5503677') in 0.003 seconds [static and dynamic dependencies]. Details - ImportResultOutputID=2494886d4f62a4fb02e4741bd13ef707 DependenciesID=5fc9eca6bd9b72bae8ccb8bd7817840b StaticDependenciesID=3e38ec66b43fc1ff508b8678c103a47d 
Number of updated asset objects reloaded before import = 0
Number of asset objects unloaded after import = 0
========================================================================
Received Import Request.
  Time of request: 2026-10-01T08:15:27.3584807Z
  Time since last request: 0.0003288 seconds.
  importAddress: GUID: 0de8b1e3472c14ae99456cce529e933c - Path: Packages/com.unity.visualscripting/Editor/VisualScripting.Flow/Framework/Codebase/LiteralInspector.cs - Importer: ScriptedImporter/UnityEditor.QuickSearchModule:UnityEditor.Search:ASIAI0B
Importing 'GUID: 0de8b1e3472c14ae99456cce529e933c - Path: Packages/com.unity.visualscripting/Editor/VisualScripting.Flow/Framework/Codebase/LiteralInspector.cs - Importer: ScriptedImporter/UnityEditor.QuickSearchModule:UnityEditor.Search:ASIAI0B' with importer (ScriptedImporter : UnityEditor.QuickSearchModule:UnityEditor.Search:ASIAI0B)
Imported 'GUID: 0de8b1e3472c14ae99456cce529e933c' -> (Import Result ID: 'b6dd8d5460b874f5f1ca65b206e8bf01') in 0.002 seconds [static and dynamic dependencies]. Details - ImportResultOutputID=5ef1e642ce848e3c6d81dd12de9731c3 DependenciesID=6ff6804752b5343ea3c1929e6d566f44 StaticDependenciesID=672461286a8ff83c5175ccf1809a0be3 
Number of updated asset objects reloaded before import = 0
Number of asset objects unloaded after import = 0
========================================================================
Received Import Request.
  Time of request: 2026-10-01T08:15:27.368856Z
  Time since last request: 0.0003247 seconds.
  importAddress: GUID: 1b3cccc8cd40a4a1f8d96eace91116a2 - Path: Packages/com.unity.visualscripting/Editor/VisualScripting.Flow/Framework/Codebase/SetMemberDescriptor.cs - Importer: ScriptedImporter/UnityEditor.QuickSearchModule:UnityEditor.Search:ASIAI0B
Importing 'GUID: 1b3cccc8cd40a4a1f8d96eace91116a2 - Path: Packages/com.unity.visualscripting/Editor/VisualScripting.Flow/Framework/Codebase/SetMemberDescriptor.cs - Importer: ScriptedImporter/UnityEditor.QuickSearchModule:UnityEditor.Search:ASIAI0B' with importer (ScriptedImporter : UnityEditor.QuickSearchModule:UnityEditor.Search:ASIAI0B)
Imported 'GUID: 1b3cccc8cd40a4a1f8d96eace91116a2' -> (Import Result ID: '4a1dcedfd802a1d078454feaa84a2c15') in 0.002 seconds [static and dynamic dependencies]. Details - ImportResultOutputID=f386ee03288ad5f7df0025c4cd2b117a DependenciesID=a6f2ecfda07c94f658e349cc6590a04b StaticDependenciesID=efb71a703ca11c1079de0d0593201f51 
Number of updated asset objects reloaded before import = 0
Number of asset objects unloaded after import = 0
========================================================================
Received Import Request.
  Time of request: 2026-10-01T08:15:27.3798996Z
  Time since last request: 0.000478 seconds.
  importAddress: GUID: 9727fece7d044b6181ce06541a835205 - Path: Packages/com.unity.visualscripting/Editor/VisualScripting.Flow/Framework/Codebase/OnInputSystemEventAnalyser.cs - Importer: ScriptedImporter/UnityEditor.QuickSearchModule:UnityEditor.Search:ASIAI0B
Importing 'GUID: 9727fece7d044b6181ce06541a835205 - Path: Packages/com.unity.visualscripting/Editor/VisualScripting.Flow/Framework/Codebase/OnInputSystemEventAnalyser.cs - Importer: ScriptedImporter/UnityEditor.QuickSearchModule:UnityEditor.Search:ASIAI0B' with importer (ScriptedImporter : UnityEditor.QuickSearchModule:UnityEditor.Search:ASIAI0B)
Imported 'GUID: 9727fece7d044b6181ce06541a835205' -> (Import Result ID: '582fe825929d8794c0dba6e8552238c3') in 0.002 seconds [static and dynamic dependencies]. Details - ImportResultOutputID=63a0441fab179bc60c530ffe9d2bf678 DependenciesID=631c2b8b467715aa85b6c3ac2270012e StaticDependenciesID=d8bb48985c6476fc637f23876361ba8b 
Number of updated asset objects reloaded before import = 0
Number of asset objects unloaded after import = 0
========================================================================
Received Import Request.
  Time of request: 2026-10-01T08:15:27.3902155Z
  Time since last request: 0.0003205 seconds.
  importAddress: GUID: 6d9477929446742bab29a3a8f6faff45 - Path: Packages/com.unity.visualscripting/Editor/VisualScripting.Flow/Framework/Nesting/UnitPortDefinitionUtility.cs - Importer: ScriptedImporter/UnityEditor.QuickSearchModule:UnityEditor.Search:ASIAI0B
Importing 'GUID: 6d9477929446742bab29a3a8f6faff45 - Path: Packages/com.unity.visualscripting/Editor/VisualScripting.Flow/Framework/Nesting/UnitPortDefinitionUtility.cs - Importer: ScriptedImporter/UnityEditor.QuickSearchModule:UnityEditor.Search:ASIAI0B' with importer (ScriptedImporter : UnityEditor.QuickSearchModule:UnityEditor.Search:ASIAI0B)
Imported 'GUID: 6d9477929446742bab29a3a8f6faff45' -> (Import Result ID: '9fe6f5a7d8d6d6357bf6eb65ff9ca73b') in 0.002 seconds [static and dynamic dependencies]. Details - ImportResultOutputID=9830a66fcfe20e10bd7e3154bf37ea4e DependenciesID=85b3881d4e9e43704e84868a202e4338 StaticDependenciesID=fe8b36223f495872d8714d074606ec16 
Number of updated asset objects reloaded before import = 0
Number of asset objects unloaded after import = 0
========================================================================
Received Import Request.
  Time of request: 2026-10-01T08:15:27.4200823Z
  Time since last request: 0.0195902 seconds.
  importAddress: GUID: 60fc7941912584779820b794c8661bca - Path: Packages/com.unity.visualscripting/Editor/VisualScripting.Flow/Plugin/Changelogs/Changelog_1_2_0.cs - Importer: ScriptedImporter/UnityEditor.QuickSearchModule:UnityEditor.Search:ASIAI0B
Importing 'GUID: 60fc7941912584779820b794c8661bca - Path: Packages/com.unity.visualscripting/Editor/VisualScripting.Flow/Plugin/Changelogs/Changelog_1_2_0.cs - Importer: ScriptedImporter/UnityEditor.QuickSearchModule:UnityEditor.Search:ASIAI0B' with importer (ScriptedImporter : UnityEditor.QuickSearchModule:UnityEditor.Search:ASIAI0B)
Imported 'GUID: 60fc7941912584779820b794c8661bca' -> (Import Result ID: 'd4af18096a7a9c641d6c0edb54feac0f') in 0.002 seconds [static and dynamic dependencies]. Details - ImportResultOutputID=998248f27eacc5396aab9dbb1e73a057 DependenciesID=1419844146355d6112f2a68b211dfe43 StaticDependenciesID=e2123409a7fd0f0d3f410e7cbade4988 
Number of updated asset objects reloaded before import = 0
Number of asset objects unloaded after import = 0
========================================================================
Received Import Request.
  Time of request: 2026-10-01T08:15:27.4331168Z
  Time since last request: 0.0025413 seconds.
  importAddress: GUID: 689f9551b93de4e62acca93bee8b6df5 - Path: Packages/com.unity.visualscripting/Editor/VisualScripting.Flow/Plugin/Migrations/Migration_1_1_3_to_1_2_0.cs - Importer: ScriptedImporter/UnityEditor.QuickSearchModule:UnityEditor.Search:ASIAI0B
Importing 'GUID: 689f9551b93de4e62acca93bee8b6df5 - Path: Packages/com.unity.visualscripting/Editor/VisualScripting.Flow/Plugin/Migrations/Migration_1_1_3_to_1_2_0.cs - Importer: ScriptedImporter/UnityEditor.QuickSearchModule:UnityEditor.Search:ASIAI0B' with importer (ScriptedImporter : UnityEditor.QuickSearchModule:UnityEditor.Search:ASIAI0B)
Imported 'GUID: 689f9551b93de4e62acca93bee8b6df5' -> (Import Result ID: '5fced667c3bdf3d5d14590fbee618001') in 0.002 seconds [static and dynamic dependencies]. Details - ImportResultOutputID=ed6def3e78f9eefc76aada9bc6676c26 DependenciesID=5478d59da45fc7d30de703ef900ce0c0 StaticDependenciesID=01723586e6fd64f3582f13dec9b38754 
Number of updated asset objects reloaded before import = 0
Number of asset objects unloaded after import = 0
========================================================================
Received Import Request.
  Time of request: 2026-10-01T08:15:27.4448281Z
  Time since last request: 0.0014936 seconds.
  importAddress: GUID: 914df55d3136f4521b58ca1e68ba06e2 - Path: Packages/com.unity.visualscripting/Editor/VisualScripting.Flow/Plugin/Changelogs/Changelog_1_2_4.cs - Importer: ScriptedImporter/UnityEditor.QuickSearchModule:UnityEditor.Search:ASIAI0B
Importing 'GUID: 914df55d3136f4521b58ca1e68ba06e2 - Path: Packages/com.unity.visualscripting/Editor/VisualScripting.Flow/Plugin/Changelogs/Changelog_1_2_4.cs - Importer: ScriptedImporter/UnityEditor.QuickSearchModule:UnityEditor.Search:ASIAI0B' with importer (ScriptedImporter : UnityEditor.QuickSearchModule:UnityEditor.Search:ASIAI0B)
Imported 'GUID: 914df55d3136f4521b58ca1e68ba06e2' -> (Import Result ID: '2dca5b5ff141a38ccf6adabf1d0d98b4') in 0.002 seconds [static and dynamic dependencies]. Details - ImportResultOutputID=c926d0598789c091920fe6b30589d1a3 DependenciesID=75bebee8a1b9227380a55d82a11a89bf StaticDependenciesID=6f3445c6f672acce18f123668630c39b 
Number of updated asset objects reloaded before import = 0
Number of asset objects unloaded after import = 0
========================================================================
Received Import Request.
  Time of request: 2026-10-01T08:15:27.4549183Z
  Time since last request: 0.0005209 seconds.
  importAddress: GUID: bab36f7f19dbd40b8869e04ae3e8f9e1 - Path: Packages/com.unity.visualscripting/Editor/VisualScripting.Flow/Plugin/Changelogs/Changelog_1_0_4.cs - Importer: ScriptedImporter/UnityEditor.QuickSearchModule:UnityEditor.Search:ASIAI0B
Importing 'GUID: bab36f7f19dbd40b8869e04ae3e8f9e1 - Path: Packages/com.unity.visualscripting/Editor/VisualScripting.Flow/Plugin/Changelogs/Changelog_1_0_4.cs - Importer: ScriptedImporter/UnityEditor.QuickSearchModule:UnityEditor.Search:ASIAI0B' with importer (ScriptedImporter : UnityEditor.QuickSearchModule:UnityEditor.Search:ASIAI0B)
Imported 'GUID: bab36f7f19dbd40b8869e04ae3e8f9e1' -> (Import Result ID: '14417387d13437b3d3c11576361d1fa0') in 0.002 seconds [static and dynamic dependencies]. Details - ImportResultOutputID=b0886094d8326d2c40996a6209674c80 DependenciesID=bc60c17dc557ffbe799f39ae62a3b44c StaticDependenciesID=9e9b35c3f8aaf151537848e3cbdf60b4 
Number of updated asset objects reloaded before import = 0
Number of asset objects unloaded after import = 0
========================================================================
Received Import Request.
  Time of request: 2026-10-01T08:15:27.4672252Z
  Time since last request: 0.0002582 seconds.
  importAddress: GUID: 2b77970be97c9406697a53cdb575f692 - Path: Packages/com.unity.visualscripting/Editor/VisualScripting.Flow/Plugin/Changelogs/Changelog_1_4_2.cs - Importer: ScriptedImporter/UnityEditor.QuickSearchModule:UnityEditor.Search:ASIAI0B
Importing 'GUID: 2b77970be97c9406697a53cdb575f692 - Path: Packages/com.unity.visualscripting/Editor/VisualScripting.Flow/Plugin/Changelogs/Changelog_1_4_2.cs - Importer: ScriptedImporter/UnityEditor.QuickSearchModule:UnityEditor.Search:ASIAI0B' with importer (ScriptedImporter : UnityEditor.QuickSearchModule:UnityEditor.Search:ASIAI0B)
Imported 'GUID: 2b77970be97c9406697a53cdb575f692' -> (Import Result ID: '59f60ead3a091ae06ffc8244ca7cb8c0') in 0.002 seconds [static and dynamic dependencies]. Details - ImportResultOutputID=08c18228e4b24815329469702159cbc0 DependenciesID=6c77d5dee91b65d176611bc1f9882dfc StaticDependenciesID=22a1c0dfec5d3cd09b4d8e70b6755aa1 
Number of updated asset objects reloaded before import = 0
Number of asset objects unloaded after import = 0
========================================================================
Received Import Request.
  Time of request: 2026-10-01T08:15:27.4784751Z
  Time since last request: 0.0004029 seconds.
  importAddress: GUID: 8e8cdb556e8ed4b8e919d6d39e165125 - Path: Packages/com.unity.visualscripting/Editor/VisualScripting.State/Plugin/Changelogs/Changelog_1_4_1.cs - Importer: ScriptedImporter/UnityEditor.QuickSearchModule:UnityEditor.Search:ASIAI0B
Importing 'GUID: 8e8cdb556e8ed4b8e919d6d39e165125 - Path: Packages/com.unity.visualscripting/Editor/VisualScripting.State/Plugin/Changelogs/Changelog_1_4_1.cs - Importer: ScriptedImporter/UnityEditor.QuickSearchModule:UnityEditor.Search:ASIAI0B' with importer (ScriptedImporter : UnityEditor.QuickSearchModule:UnityEditor.Search:ASIAI0B)
Imported 'GUID: 8e8cdb556e8ed4b8e919d6d39e165125' -> (Import Result ID: 'aa0f5d6175ad44316168504acee9c546') in 0.002 seconds [static and dynamic dependencies]. Details - ImportResultOutputID=a23cbd9cd167fd20710e1dd4ca4536a7 DependenciesID=c7b72b929c3481e2c1217c1fea281df5 StaticDependenciesID=b1b188bea5c508229d5c0689b9e052bb 
Number of updated asset objects reloaded before import = 0
Number of asset objects unloaded after import = 0
========================================================================
Received Import Request.
  Time of request: 2026-10-01T08:15:27.5088681Z
  Time since last request: 0.0184505 seconds.
  importAddress: GUID: d48a617890e147f390db9556ab4b381f - Path: Packages/com.unity.visualscripting/Runtime/VisualScripting.Core/Listeners/UIInterfaces/UnityOnDragMessageListener.cs - Importer: ScriptedImporter/UnityEditor.QuickSearchModule:UnityEditor.Search:ASIAI0B
Importing 'GUID: d48a617890e147f390db9556ab4b381f - Path: Packages/com.unity.visualscripting/Runtime/VisualScripting.Core/Listeners/UIInterfaces/UnityOnDragMessageListener.cs - Importer: ScriptedImporter/UnityEditor.QuickSearchModule:UnityEditor.Search:ASIAI0B' with importer (ScriptedImporter : UnityEditor.QuickSearchModule:UnityEditor.Search:ASIAI0B)
Imported 'GUID: d48a617890e147f390db9556ab4b381f' -> (Import Result ID: '44a4b864f1dedc63bd215dda457d547b') in 0.003 seconds [static and dynamic dependencies]. Details - ImportResultOutputID=17a5d5981633b8e35660d826b82cedb4 DependenciesID=de0c562451c48ca83a6d1be25d178181 StaticDependenciesID=393543b3e99d115d2f437dc7c85f977c 
Number of updated asset objects reloaded before import = 0
Number of asset objects unloaded after import = 0
========================================================================
Received Import Request.
  Time of request: 2026-10-01T08:15:27.5200149Z
  Time since last request: 0.0004163 seconds.
  importAddress: GUID: 421f953bce2c4b5b85a56bf401a9fba5 - Path: Packages/com.unity.visualscripting/Runtime/VisualScripting.Core/Listeners/UIInterfaces/UnityOnBeginDragMessageListener.cs - Importer: ScriptedImporter/UnityEditor.QuickSearchModule:UnityEditor.Search:ASIAI0B
Importing 'GUID: 421f953bce2c4b5b85a56bf401a9fba5 - Path: Packages/com.unity.visualscripting/Runtime/VisualScripting.Core/Listeners/UIInterfaces/UnityOnBeginDragMessageListener.cs - Importer: ScriptedImporter/UnityEditor.QuickSearchModule:UnityEditor.Search:ASIAI0B' with importer (ScriptedImporter : UnityEditor.QuickSearchModule:UnityEditor.Search:ASIAI0B)
Imported 'GUID: 421f953bce2c4b5b85a56bf401a9fba5' -> (Import Result ID: 'd66e70f8d561c2acfbe5b06cfa1ed8e1') in 0.002 seconds [static and dynamic dependencies]. Details - ImportResultOutputID=8a495b03e0c4d325db7e3f4688ee319f DependenciesID=c8634e36cf2e7cf98b24ebc75f08e2d4 StaticDependenciesID=9e5ed2f14cd748c67c458896d8ac0dc0 
Number of updated asset objects reloaded before import = 0
Number of asset objects unloaded after import = 0
========================================================================
Received Import Request.
  Time of request: 2026-10-01T08:15:27.5313895Z
  Time since last request: 0.0006071 seconds.
  importAddress: GUID: 55edd124aa014fc2a4d8ef1794dcd775 - Path: Packages/com.unity.visualscripting/Runtime/VisualScripting.Core/Listeners/MonoBehaviour/UnityOnTriggerEnterMessageListener.cs - Importer: ScriptedImporter/UnityEditor.QuickSearchModule:UnityEditor.Search:ASIAI0B
Importing 'GUID: 55edd124aa014fc2a4d8ef1794dcd775 - Path: Packages/com.unity.visualscripting/Runtime/VisualScripting.Core/Listeners/MonoBehaviour/UnityOnTriggerEnterMessageListener.cs - Importer: ScriptedImporter/UnityEditor.QuickSearchModule:UnityEditor.Search:ASIAI0B' with importer (ScriptedImporter : UnityEditor.QuickSearchModule:UnityEditor.Search:ASIAI0B)
Imported 'GUID: 55edd124aa014fc2a4d8ef1794dcd775' -> (Import Result ID: 'd89a7c8fd5c69a4839f7bad2d6eba2f3') in 0.002 seconds [static and dynamic dependencies]. Details - ImportResultOutputID=206e87ba5956a393e261704266ca6dc1 DependenciesID=5c3451a69b1f2e428728463376c99aff StaticDependenciesID=4892588f3d734bdb8886db14561f6544 
Number of updated asset objects reloaded before import = 0
Number of asset objects unloaded after import = 0
========================================================================
Received Import Request.
  Time of request: 2026-10-01T08:15:27.5430566Z
  Time since last request: 0.0003395 seconds.
  importAddress: GUID: 85deb0e4c2af4e88a4488bb67783d8d6 - Path: Packages/com.unity.visualscripting/Runtime/VisualScripting.Core/Listeners/MonoBehaviour/UnityOnTriggerStay2DMListener.cs - Importer: ScriptedImporter/UnityEditor.QuickSearchModule:UnityEditor.Search:ASIAI0B
Importing 'GUID: 85deb0e4c2af4e88a4488bb67783d8d6 - Path: Packages/com.unity.visualscripting/Runtime/VisualScripting.Core/Listeners/MonoBehaviour/UnityOnTriggerStay2DMListener.cs - Importer: ScriptedImporter/UnityEditor.QuickSearchModule:UnityEditor.Search:ASIAI0B' with importer (ScriptedImporter : UnityEditor.QuickSearchModule:UnityEditor.Search:ASIAI0B)
Imported 'GUID: 85deb0e4c2af4e88a4488bb67783d8d6' -> (Import Result ID: '0caafe65835cd06d1409331bb0533a1d') in 0.002 seconds [static and dynamic dependencies]. Details - ImportResultOutputID=144e7863d3d62a81a2a73af7c4bef154 DependenciesID=85b44ba66bf250b9483671cbb55ebd37 StaticDependenciesID=17826a874814242fd3b81fbf123adab3 
Number of updated asset objects reloaded before import = 0
Number of asset objects unloaded after import = 0
========================================================================
Received Import Request.
  Time of request: 2026-10-01T08:15:27.5542202Z
  Time since last request: 0.0003813 seconds.
  importAddress: GUID: 515c7425ebc8472799a73080610d89c7 - Path: Packages/com.unity.visualscripting/Runtime/VisualScripting.Core/Listeners/MonoBehaviour/UnityOnMouseExitMessageListener.cs - Importer: ScriptedImporter/UnityEditor.QuickSearchModule:UnityEditor.Search:ASIAI0B
Importing 'GUID: 515c7425ebc8472799a73080610d89c7 - Path: Packages/com.unity.visualscripting/Runtime/VisualScripting.Core/Listeners/MonoBehaviour/UnityOnMouseExitMessageListener.cs - Importer: ScriptedImporter/UnityEditor.QuickSearchModule:UnityEditor.Search:ASIAI0B' with importer (ScriptedImporter : UnityEditor.QuickSearchModule:UnityEditor.Search:ASIAI0B)
Imported 'GUID: 515c7425ebc8472799a73080610d89c7' -> (Import Result ID: 'adfd2c1b88000152115efc522200686c') in 0.002 seconds [static and dynamic dependencies]. Details - ImportResultOutputID=11c5812e019899641ded61551003edda DependenciesID=103bf40bb50c08c4d1f1aa0500ce2acd StaticDependenciesID=c2c3490bde450e85942848624219f03e 
Number of updated asset objects reloaded before import = 0
Number of asset objects unloaded after import = 0
========================================================================
Received Import Request.
  Time of request: 2026-10-01T08:15:27.5639314Z
  Time since last request: 0.0005564 seconds.
  importAddress: GUID: 01ac5a8a1a8d436cb525954035efd21b - Path: Packages/com.unity.visualscripting/Runtime/VisualScripting.Core/Listeners/MonoBehaviour/UnityOnBecameVisibleMessageListener.cs - Importer: ScriptedImporter/UnityEditor.QuickSearchModule:UnityEditor.Search:ASIAI0B
Importing 'GUID: 01ac5a8a1a8d436cb525954035efd21b - Path: Packages/com.unity.visualscripting/Runtime/VisualScripting.Core/Listeners/MonoBehaviour/UnityOnBecameVisibleMessageListener.cs - Importer: ScriptedImporter/UnityEditor.QuickSearchModule:UnityEditor.Search:ASIAI0B' with importer (ScriptedImporter : UnityEditor.QuickSearchModule:UnityEditor.Search:ASIAI0B)
Imported 'GUID: 01ac5a8a1a8d436cb525954035efd21b' -> (Import Result ID: 'bcc5d1934e8a885532dcec80c3d6ffb4') in 0.002 seconds [static and dynamic dependencies]. Details - ImportResultOutputID=41b9e349f6957f2014525d333ffb11fa DependenciesID=3e928f49d365fa116aaae06ef0cf0cc3 StaticDependenciesID=f01e8596b55bd008acb43121ff166cc0 
Number of updated asset objects reloaded before import = 0
Number of asset objects unloaded after import = 0
========================================================================
Received Import Request.
  Time of request: 2026-10-01T08:15:27.5949457Z
  Time since last request: 0.0214733 seconds.
  importAddress: GUID: ee39a37a542bf463cad5e5cf6be0e3fd - Path: Packages/com.unity.visualscripting/Runtime/VisualScripting.Core/Reflection/Optimization/OptimizedReflection.cs - Importer: ScriptedImporter/UnityEditor.QuickSearchModule:UnityEditor.Search:ASIAI0B
Importing 'GUID: ee39a37a542bf463cad5e5cf6be0e3fd - Path: Packages/com.unity.visualscripting/Runtime/VisualScripting.Core/Reflection/Optimization/OptimizedReflection.cs - Importer: ScriptedImporter/UnityEditor.QuickSearchModule:UnityEditor.Search:ASIAI0B' with importer (ScriptedImporter : UnityEditor.QuickSearchModule:UnityEditor.Search:ASIAI0B)
Imported 'GUID: ee39a37a542bf463cad5e5cf6be0e3fd' -> (Import Result ID: 'f5e4ca14feee834f405d9dc80cb2ee44') in 0.002 seconds [static and dynamic dependencies]. Details - ImportResultOutputID=6345f3cc5fff1eb996dc50d59900af44 DependenciesID=12ab0f13417ad6b7aff0eac3cf4c7e9d StaticDependenciesID=80974345a3112c7465b3a3645629cba1 
Number of updated asset objects reloaded before import = 0
Number of asset objects unloaded after import = 0
========================================================================
Received Import Request.
  Time of request: 2026-10-01T08:15:27.6063136Z
  Time since last request: 0.0003381 seconds.
  importAddress: GUID: 6e1f47c24d3c4f3b9250e1466951cff9 - Path: Packages/com.unity.visualscripting/Runtime/VisualScripting.Core/Listeners/UIInterfaces/UnityOnPointerEnterMessageListener.cs - Importer: ScriptedImporter/UnityEditor.QuickSearchModule:UnityEditor.Search:ASIAI0B
Importing 'GUID: 6e1f47c24d3c4f3b9250e1466951cff9 - Path: Packages/com.unity.visualscripting/Runtime/VisualScripting.Core/Listeners/UIInterfaces/UnityOnPointerEnterMessageListener.cs - Importer: ScriptedImporter/UnityEditor.QuickSearchModule:UnityEditor.Search:ASIAI0B' with importer (ScriptedImporter : UnityEditor.QuickSearchModule:UnityEditor.Search:ASIAI0B)
Imported 'GUID: 6e1f47c24d3c4f3b9250e1466951cff9' -> (Import Result ID: 'd4f97ae0c264b317d43c9e3ae2fe9169') in 0.002 seconds [static and dynamic dependencies]. Details - ImportResultOutputID=7b480329c62fd59e176c087cf42a47e9 DependenciesID=87d4c46e9c55c11f391875048edf1fd0 StaticDependenciesID=cc0741985eff420e5ddb7f4899536ab7 
Number of updated asset objects reloaded before import = 0
Number of asset objects unloaded after import = 0
========================================================================
Received Import Request.
  Time of request: 2026-10-01T08:15:27.6163212Z
  Time since last request: 0.0002294 seconds.
  importAddress: GUID: 43c48baefc484ce080c9eac92934e309 - Path: Packages/com.unity.visualscripting/Runtime/VisualScripting.Core/Listeners/UIInterfaces/UnityOnPointerExitMessageListener.cs - Importer: ScriptedImporter/UnityEditor.QuickSearchModule:UnityEditor.Search:ASIAI0B
Importing 'GUID: 43c48baefc484ce080c9eac92934e309 - Path: Packages/com.unity.visualscripting/Runtime/VisualScripting.Core/Listeners/UIInterfaces/UnityOnPointerExitMessageListener.cs - Importer: ScriptedImporter/UnityEditor.QuickSearchModule:UnityEditor.Search:ASIAI0B' with importer (ScriptedImporter : UnityEditor.QuickSearchModule:UnityEditor.Search:ASIAI0B)
Imported 'GUID: 43c48baefc484ce080c9eac92934e309' -> (Import Result ID: '61592fe22b7ccc5d10af5c53a8657012') in 0.002 seconds [static and dynamic dependencies]. Details - ImportResultOutputID=ad4808c527bb53495da32fa4626f2891 DependenciesID=ece4b7c6d2b87bd4a1d15058b2564f55 StaticDependenciesID=1bdea2ff1590fabdf253f4c14da0aa37 
Number of updated asset objects reloaded before import = 0
Number of asset objects unloaded after import = 0
========================================================================
Received Import Request.
  Time of request: 2026-10-01T08:15:27.6258275Z
  Time since last request: 0.000217 seconds.
  importAddress: GUID: a7c789f20584c492cb1c844dbb459bba - Path: Packages/com.unity.visualscripting/Runtime/VisualScripting.Core/Reflection/Optimization/InvokerBase.cs - Importer: ScriptedImporter/UnityEditor.QuickSearchModule:UnityEditor.Search:ASIAI0B
Importing 'GUID: a7c789f20584c492cb1c844dbb459bba - Path: Packages/com.unity.visualscripting/Runtime/VisualScripting.Core/Reflection/Optimization/InvokerBase.cs - Importer: ScriptedImporter/UnityEditor.QuickSearchModule:UnityEditor.Search:ASIAI0B' with importer (ScriptedImporter : UnityEditor.QuickSearchModule:UnityEditor.Search:ASIAI0B)
Imported 'GUID: a7c789f20584c492cb1c844dbb459bba' -> (Import Result ID: '71f0805b2c04a79265ac5b4629994607') in 0.002 seconds [static and dynamic dependencies]. Details - ImportResultOutputID=f7379a332214600590db1adb71379d0b DependenciesID=d6549be5063682b1cd4dca450d6f1027 StaticDependenciesID=e8752df005425b23c87d5110d2536497 
Number of updated asset objects reloaded before import = 0
Number of asset objects unloaded after import = 0
========================================================================
Received Import Request.
  Time of request: 2026-10-01T08:15:27.6362642Z
  Time since last request: 0.0003932 seconds.
  importAddress: GUID: 4f50553705f24a9dbd72c9c6d45f61c1 - Path: Packages/com.unity.visualscripting/Runtime/VisualScripting.Core/Listeners/UIInterfaces/UnityOnSubmitMessageListener.cs - Importer: ScriptedImporter/UnityEditor.QuickSearchModule:UnityEditor.Search:ASIAI0B
Importing 'GUID: 4f50553705f24a9dbd72c9c6d45f61c1 - Path: Packages/com.unity.visualscripting/Runtime/VisualScripting.Core/Listeners/UIInterfaces/UnityOnSubmitMessageListener.cs - Importer: ScriptedImporter/UnityEditor.QuickSearchModule:UnityEditor.Search:ASIAI0B' with importer (ScriptedImporter : UnityEditor.QuickSearchModule:UnityEditor.Search:ASIAI0B)
Imported 'GUID: 4f50553705f24a9dbd72c9c6d45f61c1' -> (Import Result ID: '2488c938e43be85341ea929a8683b97b') in 0.002 seconds [static and dynamic dependencies]. Details - ImportResultOutputID=cc30826a6903f942d289813d4db956b5 DependenciesID=ae4526d8560abf6893d30007f690f968 StaticDependenciesID=93e25162df2a9a94855d9b0e413d8ceb 
Number of updated asset objects reloaded before import = 0
Number of asset objects unloaded after import = 0
========================================================================
Received Import Request.
  Time of request: 2026-10-01T08:15:27.6474711Z
  Time since last request: 0.0003222 seconds.
  importAddress: GUID: b7e750bab85614562acb6c17af1874fa - Path: Packages/com.unity.visualscripting/Runtime/VisualScripting.Core/Reflection/Operators/MultiplicationHandler.cs - Importer: ScriptedImporter/UnityEditor.QuickSearchModule:UnityEditor.Search:ASIAI0B
Importing 'GUID: b7e750bab85614562acb6c17af1874fa - Path: Packages/com.unity.visualscripting/Runtime/VisualScripting.Core/Reflection/Operators/MultiplicationHandler.cs - Importer: ScriptedImporter/UnityEditor.QuickSearchModule:UnityEditor.Search:ASIAI0B' with importer (ScriptedImporter : UnityEditor.QuickSearchModule:UnityEditor.Search:ASIAI0B)
Imported 'GUID: b7e750bab85614562acb6c17af1874fa' -> (Import Result ID: '4a649f0291468509ab9db3407630f971') in 0.002 seconds [static and dynamic dependencies]. Details - ImportResultOutputID=b6b4fe9835e092e11b06a84a2c723527 DependenciesID=a331cad40464f19c1d4265e23b6ee260 StaticDependenciesID=cac0ee470f3efd401e34dc93fa5b3a2e 
Number of updated asset objects reloaded before import = 0
Number of asset objects unloaded after import = 0
========================================================================
Received Import Request.
  Time of request: 2026-10-01T08:15:27.6589391Z
  Time since last request: 0.0003241 seconds.
  importAddress: GUID: f7eff71d2342343c3985596ad46e6480 - Path: Packages/com.unity.visualscripting/Runtime/VisualScripting.Core/Reflection/Operators/AndHandler.cs - Importer: ScriptedImporter/UnityEditor.QuickSearchModule:UnityEditor.Search:ASIAI0B
Importing 'GUID: f7eff71d2342343c3985596ad46e6480 - Path: Packages/com.unity.visualscripting/Runtime/VisualScripting.Core/Reflection/Operators/AndHandler.cs - Importer: ScriptedImporter/UnityEditor.QuickSearchModule:UnityEditor.Search:ASIAI0B' with importer (ScriptedImporter : UnityEditor.QuickSearchModule:UnityEditor.Search:ASIAI0B)
Imported 'GUID: f7eff71d2342343c3985596ad46e6480' -> (Import Result ID: 'f3ebca06eb8de52f0a60d689d0f65288') in 0.002 seconds [static and dynamic dependencies]. Details - ImportResultOutputID=32e8e75f1470d83dfe7bf81b2586afa6 DependenciesID=c0819f419fff5f03466e17f506fdf39a StaticDependenciesID=4a368d3863bdd01ea52deae831d5579a 
Number of updated asset objects reloaded before import = 0
Number of asset objects unloaded after import = 0
========================================================================
Received Import Request.
  Time of request: 2026-10-01T08:15:27.6829634Z
  Time since last request: 0.0144837 seconds.
  importAddress: GUID: 7f67023a80a5b4f2b9fc4ab3f44105d3 - Path: Packages/com.unity.visualscripting/Runtime/VisualScripting.Flow/Framework/Codebase/GetMember.cs - Importer: ScriptedImporter/UnityEditor.QuickSearchModule:UnityEditor.Search:ASIAI0B
Importing 'GUID: 7f67023a80a5b4f2b9fc4ab3f44105d3 - Path: Packages/com.unity.visualscripting/Runtime/VisualScripting.Flow/Framework/Codebase/GetMember.cs - Importer: ScriptedImporter/UnityEditor.QuickSearchModule:UnityEditor.Search:ASIAI0B' with importer (ScriptedImporter : UnityEditor.QuickSearchModule:UnityEditor.Search:ASIAI0B)
Imported 'GUID: 7f67023a80a5b4f2b9fc4ab3f44105d3' -> (Import Result ID: '1e9acbc5a17f6a27be79e684c0f9549d') in 0.002 seconds [static and dynamic dependencies]. Details - ImportResultOutputID=86fc011139bae4925cb43ffc70492f5e DependenciesID=6a7be9bdadfce88b7587a7bf677ca76d StaticDependenciesID=a9b1c463a038e163bd83403f429dd12f 
Number of updated asset objects reloaded before import = 0
Number of asset objects unloaded after import = 0
========================================================================
Received Import Request.
  Time of request: 2026-10-01T08:15:27.6936729Z
  Time since last request: 0.000321 seconds.
  importAddress: GUID: adbde1bbd3b564927972074085a24f86 - Path: Packages/com.unity.visualscripting/Runtime/VisualScripting.Core/Reflection/Optimization/StaticFunctionInvoker_5.cs - Importer: ScriptedImporter/UnityEditor.QuickSearchModule:UnityEditor.Search:ASIAI0B
Importing 'GUID: adbde1bbd3b564927972074085a24f86 - Path: Packages/com.unity.visualscripting/Runtime/VisualScripting.Core/Reflection/Optimization/StaticFunctionInvoker_5.cs - Importer: ScriptedImporter/UnityEditor.QuickSearchModule:UnityEditor.Search:ASIAI0B' with importer (ScriptedImporter : UnityEditor.QuickSearchModule:UnityEditor.Search:ASIAI0B)
Imported 'GUID: adbde1bbd3b564927972074085a24f86' -> (Import Result ID: '0d20a10400cc06070171736460f60a1d') in 0.002 seconds [static and dynamic dependencies]. Details - ImportResultOutputID=3272750b9816ae152ef9e0f51a2b5584 DependenciesID=1f6739d3d7d30f70ca2c1d4d753d3c47 StaticDependenciesID=19fcad9781b978a0a8bb4fe668e9ab73 
Number of updated asset objects reloaded before import = 0
Number of asset objects unloaded after import = 0
========================================================================
Received Import Request.
  Time of request: 2026-10-01T08:15:27.7031487Z
  Time since last request: 0.0001803 seconds.
  importAddress: GUID: 6bc3b7ece49c6442d84ab192cce83e3b - Path: Packages/com.unity.visualscripting/Runtime/VisualScripting.Core/Serialization/Converters/LooseAssemblyNameConverter.cs - Importer: ScriptedImporter/UnityEditor.QuickSearchModule:UnityEditor.Search:ASIAI0B
Importing 'GUID: 6bc3b7ece49c6442d84ab192cce83e3b - Path: Packages/com.unity.visualscripting/Runtime/VisualScripting.Core/Serialization/Converters/LooseAssemblyNameConverter.cs - Importer: ScriptedImporter/UnityEditor.QuickSearchModule:UnityEditor.Search:ASIAI0B' with importer (ScriptedImporter : UnityEditor.QuickSearchModule:UnityEditor.Search:ASIAI0B)
Imported 'GUID: 6bc3b7ece49c6442d84ab192cce83e3b' -> (Import Result ID: '4c631e0ce1603f0641616edfa11b08b0') in 0.002 seconds [static and dynamic dependencies]. Details - ImportResultOutputID=cbbf2b17f61f0e6039227a41c95a9c0a DependenciesID=e18918c332bb740b5562b186dd6d9415 StaticDependenciesID=826a956e129c34bc065b03e969cdb62e 
Number of updated asset objects reloaded before import = 0
Number of asset objects unloaded after import = 0
========================================================================
Received Import Request.
  Time of request: 2026-10-01T08:15:27.7139214Z
  Time since last request: 0.0002727 seconds.
  importAddress: GUID: 6199aa1c124454b9ab004ddedcce5610 - Path: Packages/com.unity.visualscripting/Runtime/VisualScripting.Core/Reflection/Optimization/StaticFunctionInvoker_4.cs - Importer: ScriptedImporter/UnityEditor.QuickSearchModule:UnityEditor.Search:ASIAI0B
Importing 'GUID: 6199aa1c124454b9ab004ddedcce5610 - Path: Packages/com.unity.visualscripting/Runtime/VisualScripting.Core/Reflection/Optimization/StaticFunctionInvoker_4.cs - Importer: ScriptedImporter/UnityEditor.QuickSearchModule:UnityEditor.Search:ASIAI0B' with importer (ScriptedImporter : UnityEditor.QuickSearchModule:UnityEditor.Search:ASIAI0B)
Imported 'GUID: 6199aa1c124454b9ab004ddedcce5610' -> (Import Result ID: '86579034858d6838bf09197b3c046935') in 0.002 seconds [static and dynamic dependencies]. Details - ImportResultOutputID=dcddfd5cd54a29e9971cfef96cd32f19 DependenciesID=0931639b8ace7f8e7cb72cc487d28c22 StaticDependenciesID=9608629b6b2bbb5b6df3c482f5ae3dc3 
Number of updated asset objects reloaded before import = 0
Number of asset objects unloaded after import = 0
========================================================================
Received Import Request.
  Time of request: 2026-10-01T08:15:27.7249592Z
  Time since last request: 0.0003588 seconds.
  importAddress: GUID: f8b54261ed2a8497ebdd20f7ddbe1e6f - Path: Packages/com.unity.visualscripting/Runtime/VisualScripting.Flow/Dependencies/NCalc/EvaluateFunctionHandler.cs - Importer: ScriptedImporter/UnityEditor.QuickSearchModule:UnityEditor.Search:ASIAI0B
Importing 'GUID: f8b54261ed2a8497ebdd20f7ddbe1e6f - Path: Packages/com.unity.visualscripting/Runtime/VisualScripting.Flow/Dependencies/NCalc/EvaluateFunctionHandler.cs - Importer: ScriptedImporter/UnityEditor.QuickSearchModule:UnityEditor.Search:ASIAI0B' with importer (ScriptedImporter : UnityEditor.QuickSearchModule:UnityEditor.Search:ASIAI0B)
Imported 'GUID: f8b54261ed2a8497ebdd20f7ddbe1e6f' -> (Import Result ID: 'cce10811434ee542d22233204858be92') in 0.002 seconds [static and dynamic dependencies]. Details - ImportResultOutputID=be490a51dc90caa0ad3532dbb9fd9ffc DependenciesID=25b403513a9e313dbe0505a8829b2886 StaticDependenciesID=d7dde1e1630471f736ab9ba8ed4d78a1 
Number of updated asset objects reloaded before import = 0
Number of asset objects unloaded after import = 0
========================================================================
Received Import Request.
  Time of request: 2026-10-01T08:15:27.7350187Z
  Time since last request: 0.000399 seconds.
  importAddress: GUID: 6180c9bbe40b44d45980f2b1a0325e58 - Path: Packages/com.unity.visualscripting/Runtime/VisualScripting.Flow/Dependencies/NCalc/EvaluateParameterHandler.cs - Importer: ScriptedImporter/UnityEditor.QuickSearchModule:UnityEditor.Search:ASIAI0B
Importing 'GUID: 6180c9bbe40b44d45980f2b1a0325e58 - Path: Packages/com.unity.visualscripting/Runtime/VisualScripting.Flow/Dependencies/NCalc/EvaluateParameterHandler.cs - Importer: ScriptedImporter/UnityEditor.QuickSearchModule:UnityEditor.Search:ASIAI0B' with importer (ScriptedImporter : UnityEditor.QuickSearchModule:UnityEditor.Search:ASIAI0B)
Imported 'GUID: 6180c9bbe40b44d45980f2b1a0325e58' -> (Import Result ID: 'ed0e86e716cb84368c6febc85420e1fe') in 0.003 seconds [static and dynamic dependencies]. Details - ImportResultOutputID=5cd36268fc594599d3bbd03604b9e930 DependenciesID=2816358699ce7798b1500649a7d115af StaticDependenciesID=b6049d838375c6f92c1596078a580288 
Number of updated asset objects reloaded before import = 0
Number of asset objects unloaded after import = 0
========================================================================
Received Import Request.
  Time of request: 2026-10-01T08:15:27.7464288Z
  Time since last request: 0.0004341 seconds.
  importAddress: GUID: 2c2871eb7ba4a40e8b067d1ea0cc7fb9 - Path: Packages/com.unity.visualscripting/Runtime/VisualScripting.Core/Reflection/Optimization/ReflectionInvoker.cs - Importer: ScriptedImporter/UnityEditor.QuickSearchModule:UnityEditor.Search:ASIAI0B
Importing 'GUID: 2c2871eb7ba4a40e8b067d1ea0cc7fb9 - Path: Packages/com.unity.visualscripting/Runtime/VisualScripting.Core/Reflection/Optimization/ReflectionInvoker.cs - Importer: ScriptedImporter/UnityEditor.QuickSearchModule:UnityEditor.Search:ASIAI0B' with importer (ScriptedImporter : UnityEditor.QuickSearchModule:UnityEditor.Search:ASIAI0B)
Imported 'GUID: 2c2871eb7ba4a40e8b067d1ea0cc7fb9' -> (Import Result ID: 'b57b60356ded4a28948bfd289bfe9540') in 0.002 seconds [static and dynamic dependencies]. Details - ImportResultOutputID=718fd207fd52a52a3818ad36b471ba19 DependenciesID=c2d28d43a6283fac5306000dd3587902 StaticDependenciesID=1611e864cc323a9fbb711806dc0740fb 
Number of updated asset objects reloaded before import = 0
Number of asset objects unloaded after import = 0
========================================================================
Received Import Request.
  Time of request: 2026-10-01T08:15:27.7730485Z
  Time since last request: 0.0169464 seconds.
  importAddress: GUID: f8e5de80638a4adfa1d2630c14b86f4b - Path: Packages/com.unity.visualscripting/Runtime/VisualScripting.Flow/Framework/Graph/SetGraph.cs - Importer: ScriptedImporter/UnityEditor.QuickSearchModule:UnityEditor.Search:ASIAI0B
Importing 'GUID: f8e5de80638a4adfa1d2630c14b86f4b - Path: Packages/com.unity.visualscripting/Runtime/VisualScripting.Flow/Framework/Graph/SetGraph.cs - Importer: ScriptedImporter/UnityEditor.QuickSearchModule:UnityEditor.Search:ASIAI0B' with importer (ScriptedImporter : UnityEditor.QuickSearchModule:UnityEditor.Search:ASIAI0B)
Imported 'GUID: f8e5de80638a4adfa1d2630c14b86f4b' -> (Import Result ID: '47c1823ff5e4b5a7b12e33eb2be16d4a') in 0.001 seconds [static and dynamic dependencies]. Details - ImportResultOutputID=8760accc787df5a3ec386e7b68372129 DependenciesID=47048876ef138e8a8dda08c28b8ad5e3 StaticDependenciesID=0fec3f162bdf85c0788ac7b7d2549a30 
Number of updated asset objects reloaded before import = 0
Number of asset objects unloaded after import = 0
========================================================================
Received Import Request.
  Time of request: 2026-10-01T08:15:27.7851638Z
  Time since last request: 0.0004221 seconds.
  importAddress: GUID: b821313717eb047e5a54728b020594af - Path: Packages/com.unity.visualscripting/Runtime/VisualScripting.Flow/Framework/Math/MoveTowards.cs - Importer: ScriptedImporter/UnityEditor.QuickSearchModule:UnityEditor.Search:ASIAI0B
Importing 'GUID: b821313717eb047e5a54728b020594af - Path: Packages/com.unity.visualscripting/Runtime/VisualScripting.Flow/Framework/Math/MoveTowards.cs - Importer: ScriptedImporter/UnityEditor.QuickSearchModule:UnityEditor.Search:ASIAI0B' with importer (ScriptedImporter : UnityEditor.QuickSearchModule:UnityEditor.Search:ASIAI0B)
Imported 'GUID: b821313717eb047e5a54728b020594af' -> (Import Result ID: '5beeffa98a2a8a6d656833f37b8dcd14') in 0.002 seconds [static and dynamic dependencies]. Details - ImportResultOutputID=eebe89e7aed96bef2e6585669c9b463a DependenciesID=6af62c33fc60c6bb0ba160162c2bb333 StaticDependenciesID=01699c1d93dbd331a30da0abd53e0e3f 
Number of updated asset objects reloaded before import = 0
Number of asset objects unloaded after import = 0
========================================================================
Received Import Request.
  Time of request: 2026-10-01T08:15:27.796356Z
  Time since last request: 0.000596 seconds.
  importAddress: GUID: 29c380f94a7fa4c689552cdcb68ba45e - Path: Packages/com.unity.visualscripting/Runtime/VisualScripting.Flow/Framework/Events/IEventUnit.cs - Importer: ScriptedImporter/UnityEditor.QuickSearchModule:UnityEditor.Search:ASIAI0B
Importing 'GUID: 29c380f94a7fa4c689552cdcb68ba45e - Path: Packages/com.unity.visualscripting/Runtime/VisualScripting.Flow/Framework/Events/IEventUnit.cs - Importer: ScriptedImporter/UnityEditor.QuickSearchModule:UnityEditor.Search:ASIAI0B' with importer (ScriptedImporter : UnityEditor.QuickSearchModule:UnityEditor.Search:ASIAI0B)
Imported 'GUID: 29c380f94a7fa4c689552cdcb68ba45e' -> (Import Result ID: 'c4b6cd43171768a0a191d4644e7ef0c3') in 0.002 seconds [static and dynamic dependencies]. Details - ImportResultOutputID=16314fdfd4e3cdcf1667f29a38716494 DependenciesID=6868f71a8b622ceb6979fd82b634d0dc StaticDependenciesID=26c13ac6e4a35594384594708e6ad8e2 
Number of updated asset objects reloaded before import = 0
Number of asset objects unloaded after import = 0
========================================================================
Received Import Request.
  Time of request: 2026-10-01T08:15:27.8081974Z
  Time since last request: 0.0000499 seconds.
  importAddress: GUID: b5658b09198d84f91ae7360864557308 - Path: Packages/com.unity.visualscripting/Runtime/VisualScripting.Flow/Framework/Logic/NotApproximatelyEqual.cs - Importer: ScriptedImporter/UnityEditor.QuickSearchModule:UnityEditor.Search:ASIAI0B
Importing 'GUID: b5658b09198d84f91ae7360864557308 - Path: Packages/com.unity.visualscripting/Runtime/VisualScripting.Flow/Framework/Logic/NotApproximatelyEqual.cs - Importer: ScriptedImporter/UnityEditor.QuickSearchModule:UnityEditor.Search:ASIAI0B' with importer (ScriptedImporter : UnityEditor.QuickSearchModule:UnityEditor.Search:ASIAI0B)
Imported 'GUID: b5658b09198d84f91ae7360864557308' -> (Import Result ID: 'f404460aef46c67c65abefdf48125e0c') in 0.002 seconds [static and dynamic dependencies]. Details - ImportResultOutputID=1347ee370a7e2d9f33973aff95f4d4f7 DependenciesID=91eefc60e8115cf582830df9a330233f StaticDependenciesID=ccfe864d9880a2688a757e47ec7c9a41 
Number of updated asset objects reloaded before import = 0
Number of asset objects unloaded after import = 0
========================================================================
Received Import Request.
  Time of request: 2026-10-01T08:15:27.8198661Z
  Time since last request: 0.0001964 seconds.
  importAddress: GUID: c2f0650f5067e4d28b03e37eee8066b6 - Path: Packages/com.unity.visualscripting/Runtime/VisualScripting.Flow/Framework/Events/MachineEventUnit.cs - Importer: ScriptedImporter/UnityEditor.QuickSearchModule:UnityEditor.Search:ASIAI0B
Importing 'GUID: c2f0650f5067e4d28b03e37eee8066b6 - Path: Packages/com.unity.visualscripting/Runtime/VisualScripting.Flow/Framework/Events/MachineEventUnit.cs - Importer: ScriptedImporter/UnityEditor.QuickSearchModule:UnityEditor.Search:ASIAI0B' with importer (ScriptedImporter : UnityEditor.QuickSearchModule:UnityEditor.Search:ASIAI0B)
Imported 'GUID: c2f0650f5067e4d28b03e37eee8066b6' -> (Import Result ID: '74437eaa60897912ab67fa6dce8f0b80') in 0.002 seconds [static and dynamic dependencies]. Details - ImportResultOutputID=2c5cc8d45581c483b3acf9d54559f79a DependenciesID=34d5b917e32097872cbf8f745b141aae StaticDependenciesID=953d5eca32c51f2d3cb0491d2b5ef321 
Number of updated asset objects reloaded before import = 0
Number of asset objects unloaded after import = 0
========================================================================
Received Import Request.
  Time of request: 2026-10-01T08:15:27.8293916Z
  Time since last request: 0.0002883 seconds.
  importAddress: GUID: 20232477594504d2ebc0ad8288de4d5d - Path: Packages/com.unity.visualscripting/Runtime/VisualScripting.Flow/Framework/Math/Modulo.cs - Importer: ScriptedImporter/UnityEditor.QuickSearchModule:UnityEditor.Search:ASIAI0B
Importing 'GUID: 20232477594504d2ebc0ad8288de4d5d - Path: Packages/com.unity.visualscripting/Runtime/VisualScripting.Flow/Framework/Math/Modulo.cs - Importer: ScriptedImporter/UnityEditor.QuickSearchModule:UnityEditor.Search:ASIAI0B' with importer (ScriptedImporter : UnityEditor.QuickSearchModule:UnityEditor.Search:ASIAI0B)
Imported 'GUID: 20232477594504d2ebc0ad8288de4d5d' -> (Import Result ID: '1f744c89d846c94de08e9f563ae459c6') in 0.002 seconds [static and dynamic dependencies]. Details - ImportResultOutputID=992ac1b26156adf74f673dc2ae4d66ed DependenciesID=b88d73de8944f73dbfa1d8d5d4eb816d StaticDependenciesID=0c8247c0b04314f6f25c0dc4baddbf47 
Number of updated asset objects reloaded before import = 0
Number of asset objects unloaded after import = 0
========================================================================
Received Import Request.
  Time of request: 2026-10-01T08:15:27.8598053Z
  Time since last request: 0.0206253 seconds.
  importAddress: GUID: f55d126cc6c2f47c59e44b0f810c9e55 - Path: Packages/com.unity.visualscripting/Runtime/VisualScripting.Flow/Framework/Variables/SetVariable.cs - Importer: ScriptedImporter/UnityEditor.QuickSearchModule:UnityEditor.Search:ASIAI0B
Importing 'GUID: f55d126cc6c2f47c59e44b0f810c9e55 - Path: Packages/com.unity.visualscripting/Runtime/VisualScripting.Flow/Framework/Variables/SetVariable.cs - Importer: ScriptedImporter/UnityEditor.QuickSearchModule:UnityEditor.Search:ASIAI0B' with importer (ScriptedImporter : UnityEditor.QuickSearchModule:UnityEditor.Search:ASIAI0B)
Imported 'GUID: f55d126cc6c2f47c59e44b0f810c9e55' -> (Import Result ID: 'ba1b1844f3134d205a028d405ae86866') in 0.002 seconds [static and dynamic dependencies]. Details - ImportResultOutputID=556f2511cea1ba4922a05bc2682ba952 DependenciesID=bbf66e2802c255baf4a0c1328ca318ec StaticDependenciesID=981a86b5b150661cf9e4273e947771f6 
Number of updated asset objects reloaded before import = 0
Number of asset objects unloaded after import = 0
========================================================================
Received Import Request.
  Time of request: 2026-10-01T08:15:27.8704958Z
  Time since last request: 0.0003442 seconds.
  importAddress: GUID: cd81366cc0bef48868ac1297ef8d00f6 - Path: Packages/com.unity.visualscripting/Runtime/VisualScripting.Flow/Framework/Variables/IUnifiedVariableUnit.cs - Importer: ScriptedImporter/UnityEditor.QuickSearchModule:UnityEditor.Search:ASIAI0B
Importing 'GUID: cd81366cc0bef48868ac1297ef8d00f6 - Path: Packages/com.unity.visualscripting/Runtime/VisualScripting.Flow/Framework/Variables/IUnifiedVariableUnit.cs - Importer: ScriptedImporter/UnityEditor.QuickSearchModule:UnityEditor.Search:ASIAI0B' with importer (ScriptedImporter : UnityEditor.QuickSearchModule:UnityEditor.Search:ASIAI0B)
Imported 'GUID: cd81366cc0bef48868ac1297ef8d00f6' -> (Import Result ID: '25d9118d56362a13ecbbb0862f2b6bf4') in 0.002 seconds [static and dynamic dependencies]. Details - ImportResultOutputID=aa352b55a535450c5aef5af2e2a8b3c2 DependenciesID=56a4bd9737f19dc569b4434df673490e StaticDependenciesID=9f4a3608646769ad3eb836858fe24cae 
Number of updated asset objects reloaded before import = 0
Number of asset objects unloaded after import = 0
========================================================================
Received Import Request.
  Time of request: 2026-10-01T08:15:27.8807505Z
  Time since last request: 0.0002086 seconds.
  importAddress: GUID: 8d35773964af148639b8eadf97586c79 - Path: Packages/com.unity.visualscripting/Editor/VisualScripting.Core/Plugin/Changelogs/LegacyLudiqCore/Changelog_1_0_5.cs - Importer: ScriptedImporter/UnityEditor.QuickSearchModule:UnityEditor.Search:ASIAI0B
Importing 'GUID: 8d35773964af148639b8eadf97586c79 - Path: Packages/com.unity.visualscripting/Editor/VisualScripting.Core/Plugin/Changelogs/LegacyLudiqCore/Changelog_1_0_5.cs - Importer: ScriptedImporter/UnityEditor.QuickSearchModule:UnityEditor.Search:ASIAI0B' with importer (ScriptedImporter : UnityEditor.QuickSearchModule:UnityEditor.Search:ASIAI0B)
Imported 'GUID: 8d35773964af148639b8eadf97586c79' -> (Import Result ID: 'b7a567fe4382329147103e7432369964') in 0.002 seconds [static and dynamic dependencies]. Details - ImportResultOutputID=5a3ecc611aef8dcf1ee8ac5380467a71 DependenciesID=4e0ef5d9a1e9946b6b961277e204ad27 StaticDependenciesID=e8cd6c258489389f77080ec9664a09ae 
Number of updated asset objects reloaded before import = 0
Number of asset objects unloaded after import = 0
========================================================================
Received Import Request.
  Time of request: 2026-10-01T08:15:27.8926649Z
  Time since last request: 0.000491 seconds.
  importAddress: GUID: ba7b5d9cf997049849f07ae938ee8b78 - Path: Packages/com.unity.visualscripting/Editor/VisualScripting.Core/Plugin/Changelogs/LegacyLudiqCore/Changelog_1_2_2.cs - Importer: ScriptedImporter/UnityEditor.QuickSearchModule:UnityEditor.Search:ASIAI0B
Importing 'GUID: ba7b5d9cf997049849f07ae938ee8b78 - Path: Packages/com.unity.visualscripting/Editor/VisualScripting.Core/Plugin/Changelogs/LegacyLudiqCore/Changelog_1_2_2.cs - Importer: ScriptedImporter/UnityEditor.QuickSearchModule:UnityEditor.Search:ASIAI0B' with importer (ScriptedImporter : UnityEditor.QuickSearchModule:UnityEditor.Search:ASIAI0B)
Imported 'GUID: ba7b5d9cf997049849f07ae938ee8b78' -> (Import Result ID: 'c23f4f75ead15ac7a1ee2b23e14cf4d7') in 0.002 seconds [static and dynamic dependencies]. Details - ImportResultOutputID=97bc4da159e7c614c7b7bddbddf44cf5 DependenciesID=83c49d0b2dcf004443304dced4275be2 StaticDependenciesID=fad0221cacc5c6b4d7db4155869f0b31 
Number of updated asset objects reloaded before import = 0
Number of asset objects unloaded after import = 0
========================================================================
Received Import Request.
  Time of request: 2026-10-01T08:15:27.9052012Z
  Time since last request: 0.0002201 seconds.
  importAddress: GUID: dcda1bf74c64043898a59ab65a374391 - Path: Packages/com.unity.visualscripting/Editor/VisualScripting.Core/Plugin/Changelogs/LegacyLudiqCore/Changelog_1_4_11.cs - Importer: ScriptedImporter/UnityEditor.QuickSearchModule:UnityEditor.Search:ASIAI0B
Importing 'GUID: dcda1bf74c64043898a59ab65a374391 - Path: Packages/com.unity.visualscripting/Editor/VisualScripting.Core/Plugin/Changelogs/LegacyLudiqCore/Changelog_1_4_11.cs - Importer: ScriptedImporter/UnityEditor.QuickSearchModule:UnityEditor.Search:ASIAI0B' with importer (ScriptedImporter : UnityEditor.QuickSearchModule:UnityEditor.Search:ASIAI0B)
Imported 'GUID: dcda1bf74c64043898a59ab65a374391' -> (Import Result ID: 'b24dbabb502e65e5b2060e75286bb091') in 0.002 seconds [static and dynamic dependencies]. Details - ImportResultOutputID=d5dd07df5adc342f8fc32628d386ecf4 DependenciesID=b1f04c190a2ac029f5d2d282b281e125 StaticDependenciesID=1bcec396aab60f31e65be4a384293061 
Number of updated asset objects reloaded before import = 0
Number of asset objects unloaded after import = 0
========================================================================
Received Import Request.
  Time of request: 2026-10-01T08:15:27.9155757Z
  Time since last request: 0.0002988 seconds.
  importAddress: GUID: 36959c1c145e243148cb214c7ada2bdd - Path: Packages/com.unity.visualscripting/Editor/VisualScripting.Core/Plugin/Changelogs/LegacyLudiqCore/Changelog_1_4_12.cs - Importer: ScriptedImporter/UnityEditor.QuickSearchModule:UnityEditor.Search:ASIAI0B
Importing 'GUID: 36959c1c145e243148cb214c7ada2bdd - Path: Packages/com.unity.visualscripting/Editor/VisualScripting.Core/Plugin/Changelogs/LegacyLudiqCore/Changelog_1_4_12.cs - Importer: ScriptedImporter/UnityEditor.QuickSearchModule:UnityEditor.Search:ASIAI0B' with importer (ScriptedImporter : UnityEditor.QuickSearchModule:UnityEditor.Search:ASIAI0B)
Imported 'GUID: 36959c1c145e243148cb214c7ada2bdd' -> (Import Result ID: '93f2e2d65a6aa0dc01d35ff965b161b2') in 0.002 seconds [static and dynamic dependencies]. Details - ImportResultOutputID=363e47038e41a1bd6a10fc25d02ceb13 DependenciesID=8e0f8818a02f008f8848a6a0490b01e1 StaticDependenciesID=49e7bde1dcdf4c7a37a24f69e115b1ac 
Number of updated asset objects reloaded before import = 0
Number of asset objects unloaded after import = 0
========================================================================
Received Import Request.
  Time of request: 2026-10-01T08:15:27.9261954Z
  Time since last request: 0.0004413 seconds.
  importAddress: GUID: c6db431be018c40a6b21af88b6d9438f - Path: Packages/com.unity.visualscripting/Editor/VisualScripting.Core/Dependencies/ReorderableList/ElementAdderMenu/IElementAdderMenu.cs - Importer: ScriptedImporter/UnityEditor.QuickSearchModule:UnityEditor.Search:ASIAI0B
Importing 'GUID: c6db431be018c40a6b21af88b6d9438f - Path: Packages/com.unity.visualscripting/Editor/VisualScripting.Core/Dependencies/ReorderableList/ElementAdderMenu/IElementAdderMenu.cs - Importer: ScriptedImporter/UnityEditor.QuickSearchModule:UnityEditor.Search:ASIAI0B' with importer (ScriptedImporter : UnityEditor.QuickSearchModule:UnityEditor.Search:ASIAI0B)
Imported 'GUID: c6db431be018c40a6b21af88b6d9438f' -> (Import Result ID: '76574f9b71374ca17e87b643c184eba7') in 0.002 seconds [static and dynamic dependencies]. Details - ImportResultOutputID=0400b0d92ebf7f822370cab44bea668d DependenciesID=0e7e3b3b957cbd58b8880d313e8c9661 StaticDependenciesID=9b44810ff22b39ebd5d3f31d2b8429fc 
Number of updated asset objects reloaded before import = 0
Number of asset objects unloaded after import = 0
========================================================================
Received Import Request.
  Time of request: 2026-10-01T08:15:27.9470588Z
  Time since last request: 0.0115063 seconds.
  importAddress: GUID: f21f00f209cdd41b7a2b2f6c805ef05e - Path: Packages/com.unity.visualscripting/Editor/VisualScripting.Core/Plugin/Changelogs/LegacyLudiqGraphs/Changelog_1_2_3.cs - Importer: ScriptedImporter/UnityEditor.QuickSearchModule:UnityEditor.Search:ASIAI0B
Importing 'GUID: f21f00f209cdd41b7a2b2f6c805ef05e - Path: Packages/com.unity.visualscripting/Editor/VisualScripting.Core/Plugin/Changelogs/LegacyLudiqGraphs/Changelog_1_2_3.cs - Importer: ScriptedImporter/UnityEditor.QuickSearchModule:UnityEditor.Search:ASIAI0B' with importer (ScriptedImporter : UnityEditor.QuickSearchModule:UnityEditor.Search:ASIAI0B)
Imported 'GUID: f21f00f209cdd41b7a2b2f6c805ef05e' -> (Import Result ID: '207152d4ed21ca9c4c06ff4af25f9c8d') in 0.002 seconds [static and dynamic dependencies]. Details - ImportResultOutputID=46d030e07ea420473798ad511e23234e DependenciesID=ec891851ebd1c00a07d661c3964dcae4 StaticDependenciesID=20ccb83d4d75165c3a3f2b1c27cbec3e 
Number of updated asset objects reloaded before import = 0
Number of asset objects unloaded after import = 0
========================================================================
Received Import Request.
  Time of request: 2026-10-01T08:15:27.9586921Z
  Time since last request: 0.0002564 seconds.
  importAddress: GUID: 61be118634d734d7298484c1415d484f - Path: Packages/com.unity.visualscripting/Editor/VisualScripting.Flow/Framework/Variables/Obsolete/SetVariableUnitOption.cs - Importer: ScriptedImporter/UnityEditor.QuickSearchModule:UnityEditor.Search:ASIAI0B
Importing 'GUID: 61be118634d734d7298484c1415d484f - Path: Packages/com.unity.visualscripting/Editor/VisualScripting.Flow/Framework/Variables/Obsolete/SetVariableUnitOption.cs - Importer: ScriptedImporter/UnityEditor.QuickSearchModule:UnityEditor.Search:ASIAI0B' with importer (ScriptedImporter : UnityEditor.QuickSearchModule:UnityEditor.Search:ASIAI0B)
Imported 'GUID: 61be118634d734d7298484c1415d484f' -> (Import Result ID: 'f4aa19503e03061b30eb4026bc57ff29') in 0.002 seconds [static and dynamic dependencies]. Details - ImportResultOutputID=86b2404fc4d732ac3366169a61d2a75f DependenciesID=5dbe0c80f5cd9ab9b6f19fa85f90886f StaticDependenciesID=29eebdbcf150b68183572cf0dbc09470 
Number of updated asset objects reloaded before import = 0
Number of asset objects unloaded after import = 0
========================================================================
Received Import Request.
  Time of request: 2026-10-01T08:15:27.9683047Z
  Time since last request: 0.0002885 seconds.
  importAddress: GUID: 1123f413d661e499bbfa9bba565a52cf - Path: Packages/com.unity.visualscripting/Editor/VisualScripting.Core/Plugin/Changelogs/LegacyLudiqGraphs/Changelog_1_1_2.cs - Importer: ScriptedImporter/UnityEditor.QuickSearchModule:UnityEditor.Search:ASIAI0B
Importing 'GUID: 1123f413d661e499bbfa9bba565a52cf - Path: Packages/com.unity.visualscripting/Editor/VisualScripting.Core/Plugin/Changelogs/LegacyLudiqGraphs/Changelog_1_1_2.cs - Importer: ScriptedImporter/UnityEditor.QuickSearchModule:UnityEditor.Search:ASIAI0B' with importer (ScriptedImporter : UnityEditor.QuickSearchModule:UnityEditor.Search:ASIAI0B)
Imported 'GUID: 1123f413d661e499bbfa9bba565a52cf' -> (Import Result ID: '24bbe5ac0c1261ceead9f6fe894d6dd0') in 0.002 seconds [static and dynamic dependencies]. Details - ImportResultOutputID=70dd112b7c9422c11916fce6ba0534fa DependenciesID=099c931c14f688505ccfb1ae0ca2e896 StaticDependenciesID=943b82a60ba64fc1868e93bf52631bfa 
Number of updated asset objects reloaded before import = 0
Number of asset objects unloaded after import = 0
========================================================================
Received Import Request.
  Time of request: 2026-10-01T08:15:27.9785349Z
  Time since last request: 0.0002543 seconds.
  importAddress: GUID: 0a8e3e47147a543cfbfa969532386942 - Path: Packages/com.unity.visualscripting/Runtime/VisualScripting.Flow/Framework/Collections/Dictionaries/GetDictionaryItem.cs - Importer: ScriptedImporter/UnityEditor.QuickSearchModule:UnityEditor.Search:ASIAI0B
Importing 'GUID: 0a8e3e47147a543cfbfa969532386942 - Path: Packages/com.unity.visualscripting/Runtime/VisualScripting.Flow/Framework/Collections/Dictionaries/GetDictionaryItem.cs - Importer: ScriptedImporter/UnityEditor.QuickSearchModule:UnityEditor.Search:ASIAI0B' with importer (ScriptedImporter : UnityEditor.QuickSearchModule:UnityEditor.Search:ASIAI0B)
Imported 'GUID: 0a8e3e47147a543cfbfa969532386942' -> (Import Result ID: '94bf04fe1534570682473a69128c5b6b') in 0.002 seconds [static and dynamic dependencies]. Details - ImportResultOutputID=380d9899627ac71ae473412785fbe716 DependenciesID=65e70c868694e8f9b0993127120f404c StaticDependenciesID=c31a7d7f58d358890152f760111239d7 
Number of updated asset objects reloaded before import = 0
Number of asset objects unloaded after import = 0
========================================================================
Received Import Request.
  Time of request: 2026-10-01T08:15:27.9884107Z
  Time since last request: 0.0004311 seconds.
  importAddress: GUID: 83ff07ed5d5f746a18cff1d9fd010e93 - Path: Packages/com.unity.visualscripting/Runtime/VisualScripting.Core/Dependencies/FullSerializer/Converters/fsIEnumerableConverter.cs - Importer: ScriptedImporter/UnityEditor.QuickSearchModule:UnityEditor.Search:ASIAI0B
Importing 'GUID: 83ff07ed5d5f746a18cff1d9fd010e93 - Path: Packages/com.unity.visualscripting/Runtime/VisualScripting.Core/Dependencies/FullSerializer/Converters/fsIEnumerableConverter.cs - Importer: ScriptedImporter/UnityEditor.QuickSearchModule:UnityEditor.Search:ASIAI0B' with importer (ScriptedImporter : UnityEditor.QuickSearchModule:UnityEditor.Search:ASIAI0B)
Imported 'GUID: 83ff07ed5d5f746a18cff1d9fd010e93' -> (Import Result ID: 'a7834cac012940a53490385c02f1917f') in 0.002 seconds [static and dynamic dependencies]. Details - ImportResultOutputID=9307774dca9da3a4ba92157c8c931de5 DependenciesID=df6242518e6489b4746553a10e5e212c StaticDependenciesID=9eb1046464e26cc85bcd1b759f969d4f 
Number of updated asset objects reloaded before import = 0
Number of asset objects unloaded after import = 0
========================================================================
Received Import Request.
  Time of request: 2026-10-01T08:15:27.998468Z
  Time since last request: 0.0003484 seconds.
  importAddress: GUID: 8cacd6b711f9c44b2bcaeee005d77210 - Path: Packages/com.unity.visualscripting/Runtime/VisualScripting.Core/Dependencies/FullSerializer/Reflection/fsMetaType.cs - Importer: ScriptedImporter/UnityEditor.QuickSearchModule:UnityEditor.Search:ASIAI0B
Importing 'GUID: 8cacd6b711f9c44b2bcaeee005d77210 - Path: Packages/com.unity.visualscripting/Runtime/VisualScripting.Core/Dependencies/FullSerializer/Reflection/fsMetaType.cs - Importer: ScriptedImporter/UnityEditor.QuickSearchModule:UnityEditor.Search:ASIAI0B' with importer (ScriptedImporter : UnityEditor.QuickSearchModule:UnityEditor.Search:ASIAI0B)
Imported 'GUID: 8cacd6b711f9c44b2bcaeee005d77210' -> (Import Result ID: '319e4b714c514fe61de06599e490641c') in 0.002 seconds [static and dynamic dependencies]. Details - ImportResultOutputID=176998e77ff8999eeff4698fb201d584 DependenciesID=cd06bfd226f84569f5d0e9f17ead4def StaticDependenciesID=052839c8b47b99a0de82f99b95a84bbe 
Number of updated asset objects reloaded before import = 0
Number of asset objects unloaded after import = 0
========================================================================
Received Import Request.
  Time of request: 2026-10-01T08:15:28.008749Z
  Time since last request: 0.0003875 seconds.
  importAddress: GUID: 80b0458e2e0c948e08931dba22226490 - Path: Packages/com.unity.visualscripting/Editor/VisualScripting.Core/Plugin/Changelogs/LegacyLudiqGraphs/Changelog_1_0_3.cs - Importer: ScriptedImporter/UnityEditor.QuickSearchModule:UnityEditor.Search:ASIAI0B
Importing 'GUID: 80b0458e2e0c948e08931dba22226490 - Path: Packages/com.unity.visualscripting/Editor/VisualScripting.Core/Plugin/Changelogs/LegacyLudiqGraphs/Changelog_1_0_3.cs - Importer: ScriptedImporter/UnityEditor.QuickSearchModule:UnityEditor.Search:ASIAI0B' with importer (ScriptedImporter : UnityEditor.QuickSearchModule:UnityEditor.Search:ASIAI0B)
Imported 'GUID: 80b0458e2e0c948e08931dba22226490' -> (Import Result ID: 'd8b86c188ac7a4b5bcf4ce54362af5d9') in 0.002 seconds [static and dynamic dependencies]. Details - ImportResultOutputID=392318ce3bec36807531db7ce5c4c93a DependenciesID=1fa5b84b96da2d2e3c6a84c30b4f911f StaticDependenciesID=0857b1fae08fb349cab0582b02ca398a 
Number of updated asset objects reloaded before import = 0
Number of asset objects unloaded after import = 0
========================================================================
Received Import Request.
  Time of request: 2026-10-01T08:15:28.0376413Z
  Time since last request: 0.0192532 seconds.
  importAddress: GUID: 37c4fa51049d34219bcc2cc1ec7bea50 - Path: Packages/com.unity.visualscripting/Runtime/VisualScripting.Flow/Framework/Events/GUI/OnDrag.cs - Importer: ScriptedImporter/UnityEditor.QuickSearchModule:UnityEditor.Search:ASIAI0B
Importing 'GUID: 37c4fa51049d34219bcc2cc1ec7bea50 - Path: Packages/com.unity.visualscripting/Runtime/VisualScripting.Flow/Framework/Events/GUI/OnDrag.cs - Importer: ScriptedImporter/UnityEditor.QuickSearchModule:UnityEditor.Search:ASIAI0B' with importer (ScriptedImporter : UnityEditor.QuickSearchModule:UnityEditor.Search:ASIAI0B)
Imported 'GUID: 37c4fa51049d34219bcc2cc1ec7bea50' -> (Import Result ID: 'f1f0b2f1ad40f2710b1762738ed7949e') in 0.002 seconds [static and dynamic dependencies]. Details - ImportResultOutputID=f4d385d40088b00881c0a56cd2dfc5f0 DependenciesID=c06e90e656942fec56f45dd9950f68ae StaticDependenciesID=787434cc71e49e75e08f356adcef49ee 
Number of updated asset objects reloaded before import = 0
Number of asset objects unloaded after import = 0
========================================================================
Received Import Request.
  Time of request: 2026-10-01T08:15:28.0491377Z
  Time since last request: 0.0004245 seconds.
  importAddress: GUID: 9e09778b917d645b09bbd1aa93fb2ee0 - Path: Packages/com.unity.visualscripting/Runtime/VisualScripting.Flow/Framework/Events/GUI/OnBeginDrag.cs - Importer: ScriptedImporter/UnityEditor.QuickSearchModule:UnityEditor.Search:ASIAI0B
Importing 'GUID: 9e09778b917d645b09bbd1aa93fb2ee0 - Path: Packages/com.unity.visualscripting/Runtime/VisualScripting.Flow/Framework/Events/GUI/OnBeginDrag.cs - Importer: ScriptedImporter/UnityEditor.QuickSearchModule:UnityEditor.Search:ASIAI0B' with importer (ScriptedImporter : UnityEditor.QuickSearchModule:UnityEditor.Search:ASIAI0B)
Imported 'GUID: 9e09778b917d645b09bbd1aa93fb2ee0' -> (Import Result ID: '43e98449aec39b50ae5558ea7c2b202e') in 0.002 seconds [static and dynamic dependencies]. Details - ImportResultOutputID=f9fbfe86d3c20b45a7e7ab759ffa196e DependenciesID=74a08db69c318cc14de11018353802aa StaticDependenciesID=41a1fdd3b496a6194042a660287953c9 
Number of updated asset objects reloaded before import = 0
Number of asset objects unloaded after import = 0
========================================================================
Received Import Request.
  Time of request: 2026-10-01T08:15:28.0623962Z
  Time since last request: 0.000601 seconds.
  importAddress: GUID: 962e1af06fc3e44f49a53caa13aff21e - Path: Packages/com.unity.visualscripting/Runtime/VisualScripting.Flow/Framework/Events/GUI/OnScroll.cs - Importer: ScriptedImporter/UnityEditor.QuickSearchModule:UnityEditor.Search:ASIAI0B
Importing 'GUID: 962e1af06fc3e44f49a53caa13aff21e - Path: Packages/com.unity.visualscripting/Runtime/VisualScripting.Flow/Framework/Events/GUI/OnScroll.cs - Importer: ScriptedImporter/UnityEditor.QuickSearchModule:UnityEditor.Search:ASIAI0B' with importer (ScriptedImporter : UnityEditor.QuickSearchModule:UnityEditor.Search:ASIAI0B)
Imported 'GUID: 962e1af06fc3e44f49a53caa13aff21e' -> (Import Result ID: '235efd4c27ffafa5009a5f547915b7bc') in 0.002 seconds [static and dynamic dependencies]. Details - ImportResultOutputID=070964d56264f6d3c40557edd148f63d DependenciesID=3570f4bca63bd516fbe9bbfe5f03dde2 StaticDependenciesID=f6a1c88a970a55b4bdfd0281ea63eeaf 
Number of updated asset objects reloaded before import = 0
Number of asset objects unloaded after import = 0
========================================================================
Received Import Request.
  Time of request: 2026-10-01T08:15:28.0733036Z
  Time since last request: 0.0004747 seconds.
  importAddress: GUID: 4fb1cea9670ed404b8b39e9753cb227d - Path: Packages/com.unity.visualscripting/Runtime/VisualScripting.Flow/Framework/Events/GUI/OnPointerDown.cs - Importer: ScriptedImporter/UnityEditor.QuickSearchModule:UnityEditor.Search:ASIAI0B
Importing 'GUID: 4fb1cea9670ed404b8b39e9753cb227d - Path: Packages/com.unity.visualscripting/Runtime/VisualScripting.Flow/Framework/Events/GUI/OnPointerDown.cs - Importer: ScriptedImporter/UnityEditor.QuickSearchModule:UnityEditor.Search:ASIAI0B' with importer (ScriptedImporter : UnityEditor.QuickSearchModule:UnityEditor.Search:ASIAI0B)
Imported 'GUID: 4fb1cea9670ed404b8b39e9753cb227d' -> (Import Result ID: '3016510e0885da1a175c1eb246e5b86c') in 0.004 seconds [static and dynamic dependencies]. Details - ImportResultOutputID=e9c652737e9846c470ee4f335cdf2fb5 DependenciesID=db6404898f81129a51e0ef422cad0f4f StaticDependenciesID=938f4d53f6983115b65da5f7c31f69a7 
Number of updated asset objects reloaded before import = 0
Number of asset objects unloaded after import = 0
========================================================================
Received Import Request.
  Time of request: 2026-10-01T08:15:28.0862865Z
  Time since last request: 0.0005374 seconds.
  importAddress: GUID: a13da87eb3ffd4da1abc9b68445b4905 - Path: Packages/com.unity.visualscripting/Runtime/VisualScripting.Flow/Framework/Events/Application/OnApplicationResume.cs - Importer: ScriptedImporter/UnityEditor.QuickSearchModule:UnityEditor.Search:ASIAI0B
Importing 'GUID: a13da87eb3ffd4da1abc9b68445b4905 - Path: Packages/com.unity.visualscripting/Runtime/VisualScripting.Flow/Framework/Events/Application/OnApplicationResume.cs - Importer: ScriptedImporter/UnityEditor.QuickSearchModule:UnityEditor.Search:ASIAI0B' with importer (ScriptedImporter : UnityEditor.QuickSearchModule:UnityEditor.Search:ASIAI0B)
Imported 'GUID: a13da87eb3ffd4da1abc9b68445b4905' -> (Import Result ID: '6161527c90f8d9a7078afeebbcf83605') in 0.002 seconds [static and dynamic dependencies]. Details - ImportResultOutputID=9146872bebea48e03fe48ecc8bfe1a79 DependenciesID=7982f7ef0855195447ff463eaaecb18d StaticDependenciesID=c6101d7e01ad7892e60c2692c587dbd1 
Number of updated asset objects reloaded before import = 0
Number of asset objects unloaded after import = 0
========================================================================
Received Import Request.
  Time of request: 2026-10-01T08:15:28.0972458Z
  Time since last request: 0.000395 seconds.
  importAddress: GUID: 66c7e0517c5f640cc9b62e077ca8dcbc - Path: Packages/com.unity.visualscripting/Runtime/VisualScripting.Flow/Framework/Events/GUI/OnCancel.cs - Importer: ScriptedImporter/UnityEditor.QuickSearchModule:UnityEditor.Search:ASIAI0B
Importing 'GUID: 66c7e0517c5f640cc9b62e077ca8dcbc - Path: Packages/com.unity.visualscripting/Runtime/VisualScripting.Flow/Framework/Events/GUI/OnCancel.cs - Importer: ScriptedImporter/UnityEditor.QuickSearchModule:UnityEditor.Search:ASIAI0B' with importer (ScriptedImporter : UnityEditor.QuickSearchModule:UnityEditor.Search:ASIAI0B)
Imported 'GUID: 66c7e0517c5f640cc9b62e077ca8dcbc' -> (Import Result ID: '2fce1c181f37d439ab2b8d2833a9d4ea') in 0.002 seconds [static and dynamic dependencies]. Details - ImportResultOutputID=ee50aa09fe8ec2cd4379419bb62dbb3b DependenciesID=8c5ace8351aabca007b8b5af5bb9e926 StaticDependenciesID=6c54acd72e7d9b42e8b1619d1c5625d5 
Number of updated asset objects reloaded before import = 0
Number of asset objects unloaded after import = 0
========================================================================
Received Import Request.
  Time of request: 2026-10-01T08:15:28.1257865Z
  Time since last request: 0.0173119 seconds.
  importAddress: GUID: da5a945fd348d41bd8c8889bd2c9a959 - Path: Packages/com.unity.visualscripting/Runtime/VisualScripting.Flow/Framework/Events/Physics/TriggerEventUnit.cs - Importer: ScriptedImporter/UnityEditor.QuickSearchModule:UnityEditor.Search:ASIAI0B
Importing 'GUID: da5a945fd348d41bd8c8889bd2c9a959 - Path: Packages/com.unity.visualscripting/Runtime/VisualScripting.Flow/Framework/Events/Physics/TriggerEventUnit.cs - Importer: ScriptedImporter/UnityEditor.QuickSearchModule:UnityEditor.Search:ASIAI0B' with importer (ScriptedImporter : UnityEditor.QuickSearchModule:UnityEditor.Search:ASIAI0B)
Imported 'GUID: da5a945fd348d41bd8c8889bd2c9a959' -> (Import Result ID: '1d74479dc33f29f9cb637c394af94a3b') in 0.002 seconds [static and dynamic dependencies]. Details - ImportResultOutputID=db99c9d4d6ccc6c6faa99545b0a18474 DependenciesID=880de618c20c5f20a5609e62a1cf747c StaticDependenciesID=713bf15b91963768e5574fa6315fb82d 
Number of updated asset objects reloaded before import = 0
Number of asset objects unloaded after import = 0
========================================================================
Received Import Request.
  Time of request: 2026-10-01T08:15:28.1363038Z
  Time since last request: 0.0006781 seconds.
  importAddress: GUID: e0c6067d02e96482bb3220423798537c - Path: Packages/com.unity.visualscripting/Runtime/VisualScripting.Flow/Framework/Math/Generic/GenericModulo.cs - Importer: ScriptedImporter/UnityEditor.QuickSearchModule:UnityEditor.Search:ASIAI0B
Importing 'GUID: e0c6067d02e96482bb3220423798537c - Path: Packages/com.unity.visualscripting/Runtime/VisualScripting.Flow/Framework/Math/Generic/GenericModulo.cs - Importer: ScriptedImporter/UnityEditor.QuickSearchModule:UnityEditor.Search:ASIAI0B' with importer (ScriptedImporter : UnityEditor.QuickSearchModule:UnityEditor.Search:ASIAI0B)
Imported 'GUID: e0c6067d02e96482bb3220423798537c' -> (Import Result ID: 'd53c193d115b6d06b035efa947e83ba8') in 0.002 seconds [static and dynamic dependencies]. Details - ImportResultOutputID=7a3a59b624b2cffd1fd32cd22f44c5a0 DependenciesID=1fd4a35e88a4672d96801b755114557b StaticDependenciesID=2699e5e319602455cd98e91765ed8668 
Number of updated asset objects reloaded before import = 0
Number of asset objects unloaded after import = 0
========================================================================
Received Import Request.
  Time of request: 2026-10-01T08:15:28.1461225Z
  Time since last request: 0.0005645 seconds.
  importAddress: GUID: 5dfc14c2e992e43ab996bc6415e0c134 - Path: Packages/com.unity.visualscripting/Runtime/VisualScripting.Flow/Framework/Math/Scalar/DeprecatedScalarAdd.cs - Importer: ScriptedImporter/UnityEditor.QuickSearchModule:UnityEditor.Search:ASIAI0B
Importing 'GUID: 5dfc14c2e992e43ab996bc6415e0c134 - Path: Packages/com.unity.visualscripting/Runtime/VisualScripting.Flow/Framework/Math/Scalar/DeprecatedScalarAdd.cs - Importer: ScriptedImporter/UnityEditor.QuickSearchModule:UnityEditor.Search:ASIAI0B' with importer (ScriptedImporter : UnityEditor.QuickSearchModule:UnityEditor.Search:ASIAI0B)
Imported 'GUID: 5dfc14c2e992e43ab996bc6415e0c134' -> (Import Result ID: '0be6bcda3803d01bbd352dabcd0231f9') in 0.002 seconds [static and dynamic dependencies]. Details - ImportResultOutputID=4594180cf8726081b42555e35c5152d9 DependenciesID=171fc1ab0f665bf8e1d8eb6bea723458 StaticDependenciesID=e582eaf6e00b22072ca0ac0e878c5ad5 
Number of updated asset objects reloaded before import = 0
Number of asset objects unloaded after import = 0
========================================================================
Received Import Request.
  Time of request: 2026-10-01T08:15:28.1575038Z
  Time since last request: 0.0005049 seconds.
  importAddress: GUID: 3d5e230c21f924802bd348a531a85633 - Path: Packages/com.unity.visualscripting/Runtime/VisualScripting.Flow/Framework/Math/Scalar/ScalarLerp.cs - Importer: ScriptedImporter/UnityEditor.QuickSearchModule:UnityEditor.Search:ASIAI0B
Importing 'GUID: 3d5e230c21f924802bd348a531a85633 - Path: Packages/com.unity.visualscripting/Runtime/VisualScripting.Flow/Framework/Math/Scalar/ScalarLerp.cs - Importer: ScriptedImporter/UnityEditor.QuickSearchModule:UnityEditor.Search:ASIAI0B' with importer (ScriptedImporter : UnityEditor.QuickSearchModule:UnityEditor.Search:ASIAI0B)
Imported 'GUID: 3d5e230c21f924802bd348a531a85633' -> (Import Result ID: '7d754d186c64075f80cd4d1ff3c4b18a') in 0.002 seconds [static and dynamic dependencies]. Details - ImportResultOutputID=5426eaee08b75372929f61524f79eb6e DependenciesID=acac427cb0d16549643e42787a1cd8da StaticDependenciesID=1d7928d5213c2db58bc88cd9709d3c71 
Number of updated asset objects reloaded before import = 0
Number of asset objects unloaded after import = 0
========================================================================
Received Import Request.
  Time of request: 2026-10-01T08:15:28.1684465Z
  Time since last request: 0.0003555 seconds.
  importAddress: GUID: a80f27bdd6a9d4843a253f1362e3c883 - Path: Packages/com.unity.visualscripting/Runtime/VisualScripting.Flow/Framework/Events/Physics2D/CollisionEvent2DUnit.cs - Importer: ScriptedImporter/UnityEditor.QuickSearchModule:UnityEditor.Search:ASIAI0B
Importing 'GUID: a80f27bdd6a9d4843a253f1362e3c883 - Path: Packages/com.unity.visualscripting/Runtime/VisualScripting.Flow/Framework/Events/Physics2D/CollisionEvent2DUnit.cs - Importer: ScriptedImporter/UnityEditor.QuickSearchModule:UnityEditor.Search:ASIAI0B' with importer (ScriptedImporter : UnityEditor.QuickSearchModule:UnityEditor.Search:ASIAI0B)
Imported 'GUID: a80f27bdd6a9d4843a253f1362e3c883' -> (Import Result ID: '1a6b4b9cf2eed2ea9e13d2cf7700a3c5') in 0.002 seconds [static and dynamic dependencies]. Details - ImportResultOutputID=db647405c4eaba56ea348d89786f764a DependenciesID=417738a882b007ee2476841eca34bece StaticDependenciesID=dcc37bd02a882038639f55b81e64a892 
Number of updated asset objects reloaded before import = 0
Number of asset objects unloaded after import = 0
========================================================================
Received Import Request.
  Time of request: 2026-10-01T08:15:28.1786417Z
  Time since last request: 0.00037 seconds.
  importAddress: GUID: 86918d705343f47b1b9d0248715e933d - Path: Packages/com.unity.visualscripting/Runtime/VisualScripting.Flow/Framework/Math/Vector2/Vector2Average.cs - Importer: ScriptedImporter/UnityEditor.QuickSearchModule:UnityEditor.Search:ASIAI0B
Importing 'GUID: 86918d705343f47b1b9d0248715e933d - Path: Packages/com.unity.visualscripting/Runtime/VisualScripting.Flow/Framework/Math/Vector2/Vector2Average.cs - Importer: ScriptedImporter/UnityEditor.QuickSearchModule:UnityEditor.Search:ASIAI0B' with importer (ScriptedImporter : UnityEditor.QuickSearchModule:UnityEditor.Search:ASIAI0B)
Imported 'GUID: 86918d705343f47b1b9d0248715e933d' -> (Import Result ID: 'bea0bc8067a1199ee2bb9fd6c073a9c4') in 0.002 seconds [static and dynamic dependencies]. Details - ImportResultOutputID=cc970b9c8c6a11fee1344ef1d3b07da7 DependenciesID=ecfdfa0814723e617e8c815b17bae28f StaticDependenciesID=70b324427a9c6ab8056bf5df4726e7fa 
Number of updated asset objects reloaded before import = 0
Number of asset objects unloaded after import = 0
========================================================================
Received Import Request.
  Time of request: 2026-10-01T08:15:28.214949Z
  Time since last request: 0.0253137 seconds.
  importAddress: GUID: e60cebb24d0ad4159a42397d8682886b - Path: Packages/com.unity.visualscripting/Runtime/VisualScripting.Flow/Framework/Math/Vector3/DeprecatedVector3Add.cs - Importer: ScriptedImporter/UnityEditor.QuickSearchModule:UnityEditor.Search:ASIAI0B
Importing 'GUID: e60cebb24d0ad4159a42397d8682886b - Path: Packages/com.unity.visualscripting/Runtime/VisualScripting.Flow/Framework/Math/Vector3/DeprecatedVector3Add.cs - Importer: ScriptedImporter/UnityEditor.QuickSearchModule:UnityEditor.Search:ASIAI0B' with importer (ScriptedImporter : UnityEditor.QuickSearchModule:UnityEditor.Search:ASIAI0B)
Imported 'GUID: e60cebb24d0ad4159a42397d8682886b' -> (Import Result ID: 'aeb393380ea810243008b1ea955ab53a') in 0.002 seconds [static and dynamic dependencies]. Details - ImportResultOutputID=310f9e7e9e84089c411ee9b6dca86fb6 DependenciesID=d30b105dec8e2d477dffdfbb157dea2f StaticDependenciesID=25bd5d994b33ec2995fb766102b726ef 
Number of updated asset objects reloaded before import = 0
Number of asset objects unloaded after import = 0
========================================================================
Received Import Request.
  Time of request: 2026-10-01T08:15:28.2250829Z
  Time since last request: 0.0003549 seconds.
  importAddress: GUID: b6dde02fad0e54044a2aae7f153924c9 - Path: Packages/com.unity.visualscripting/Runtime/VisualScripting.Flow/Framework/Math/Vector4/Vector4DotProduct.cs - Importer: ScriptedImporter/UnityEditor.QuickSearchModule:UnityEditor.Search:ASIAI0B
Importing 'GUID: b6dde02fad0e54044a2aae7f153924c9 - Path: Packages/com.unity.visualscripting/Runtime/VisualScripting.Flow/Framework/Math/Vector4/Vector4DotProduct.cs - Importer: ScriptedImporter/UnityEditor.QuickSearchModule:UnityEditor.Search:ASIAI0B' with importer (ScriptedImporter : UnityEditor.QuickSearchModule:UnityEditor.Search:ASIAI0B)
Imported 'GUID: b6dde02fad0e54044a2aae7f153924c9' -> (Import Result ID: 'f5f18a942441d3721325e59678cd9b6c') in 0.002 seconds [static and dynamic dependencies]. Details - ImportResultOutputID=33591e28fa0e6dddcfae85149312969b DependenciesID=4a8cfeca35cf077729e3633d7892c3df StaticDependenciesID=fb14fb6fd9a15c117c3ce5d97a271f1f 
Number of updated asset objects reloaded before import = 0
Number of asset objects unloaded after import = 0
========================================================================
Received Import Request.
  Time of request: 2026-10-01T08:15:28.2373099Z
  Time since last request: 0.0003494 seconds.
  importAddress: GUID: 0c8d8f4f48f594e4185f1b2855d1e771 - Path: Packages/com.unity.visualscripting/Runtime/VisualScripting.Flow/Framework/Variables/Obsolete/GetSceneVariable.cs - Importer: ScriptedImporter/UnityEditor.QuickSearchModule:UnityEditor.Search:ASIAI0B
Importing 'GUID: 0c8d8f4f48f594e4185f1b2855d1e771 - Path: Packages/com.unity.visualscripting/Runtime/VisualScripting.Flow/Framework/Variables/Obsolete/GetSceneVariable.cs - Importer: ScriptedImporter/UnityEditor.QuickSearchModule:UnityEditor.Search:ASIAI0B' with importer (ScriptedImporter : UnityEditor.QuickSearchModule:UnityEditor.Search:ASIAI0B)
Imported 'GUID: 0c8d8f4f48f594e4185f1b2855d1e771' -> (Import Result ID: 'b044ba24eb49159ef3daf68baa548561') in 0.002 seconds [static and dynamic dependencies]. Details - ImportResultOutputID=b83d5ee6a6cb367982efd061123c204d DependenciesID=df5dfb6baaa988811459864bb2c73fe2 StaticDependenciesID=c36fa8957a1689aa83f3cb1bbdfb39e3 
Number of updated asset objects reloaded before import = 0
Number of asset objects unloaded after import = 0
========================================================================
Received Import Request.
  Time of request: 2026-10-01T08:15:28.246938Z
  Time since last request: 0.000353 seconds.
  importAddress: GUID: 702e0755b397447d4a074ff887a045ba - Path: Packages/com.unity.visualscripting/Runtime/VisualScripting.Flow/Framework/Math/Vector2/Vector2Subtract.cs - Importer: ScriptedImporter/UnityEditor.QuickSearchModule:UnityEditor.Search:ASIAI0B
Importing 'GUID: 702e0755b397447d4a074ff887a045ba - Path: Packages/com.unity.visualscripting/Runtime/VisualScripting.Flow/Framework/Math/Vector2/Vector2Subtract.cs - Importer: ScriptedImporter/UnityEditor.QuickSearchModule:UnityEditor.Search:ASIAI0B' with importer (ScriptedImporter : UnityEditor.QuickSearchModule:UnityEditor.Search:ASIAI0B)
Imported 'GUID: 702e0755b397447d4a074ff887a045ba' -> (Import Result ID: '8d1f04c32508dd25357cb42831a3868e') in 0.002 seconds [static and dynamic dependencies]. Details - ImportResultOutputID=092fc423a5083c292de0693c12847868 DependenciesID=abfe2b01596e485f720873f2527bd0c2 StaticDependenciesID=1490bf261cf2442bceb6bd93be522ea4 
Number of updated asset objects reloaded before import = 0
Number of asset objects unloaded after import = 0
========================================================================
Received Import Request.
  Time of request: 2026-10-01T08:15:28.2595999Z
  Time since last request: 0.000253 seconds.
  importAddress: GUID: 48cab1cdae50344fca86c4146c0d734a - Path: Packages/com.unity.visualscripting/Runtime/VisualScripting.Flow/Framework/Variables/Obsolete/IsSceneVariableDefined.cs - Importer: ScriptedImporter/UnityEditor.QuickSearchModule:UnityEditor.Search:ASIAI0B
Importing 'GUID: 48cab1cdae50344fca86c4146c0d734a - Path: Packages/com.unity.visualscripting/Runtime/VisualScripting.Flow/Framework/Variables/Obsolete/IsSceneVariableDefined.cs - Importer: ScriptedImporter/UnityEditor.QuickSearchModule:UnityEditor.Search:ASIAI0B' with importer (ScriptedImporter : UnityEditor.QuickSearchModule:UnityEditor.Search:ASIAI0B)
Imported 'GUID: 48cab1cdae50344fca86c4146c0d734a' -> (Import Result ID: '562e57d6954b84fd70f5c60c89bc5882') in 0.002 seconds [static and dynamic dependencies]. Details - ImportResultOutputID=37941c3a942db0d173223926d4bae3cc DependenciesID=444d8808249dbde6ef57ea6d06529c2a StaticDependenciesID=342cbac9b4371fda3a7d8bdba1b0251b 
Number of updated asset objects reloaded before import = 0
Number of asset objects unloaded after import = 0
========================================================================
Received Import Request.
  Time of request: 2026-10-01T08:15:28.2705937Z
  Time since last request: 0.0003698 seconds.
  importAddress: GUID: 4951804a436f84f6cbf8a27410e76c64 - Path: Packages/com.unity.visualscripting/Runtime/VisualScripting.Flow/Framework/Math/Vector3/Vector3Subtract.cs - Importer: ScriptedImporter/UnityEditor.QuickSearchModule:UnityEditor.Search:ASIAI0B
Importing 'GUID: 4951804a436f84f6cbf8a27410e76c64 - Path: Packages/com.unity.visualscripting/Runtime/VisualScripting.Flow/Framework/Math/Vector3/Vector3Subtract.cs - Importer: ScriptedImporter/UnityEditor.QuickSearchModule:UnityEditor.Search:ASIAI0B' with importer (ScriptedImporter : UnityEditor.QuickSearchModule:UnityEditor.Search:ASIAI0B)
Imported 'GUID: 4951804a436f84f6cbf8a27410e76c64' -> (Import Result ID: '1ada58a6e29d270cecfb653c4562e530') in 0.002 seconds [static and dynamic dependencies]. Details - ImportResultOutputID=8564e2b38b5bb3204e566fe6d205818c DependenciesID=fb6d8a57de7285062dda7e1ca9d37a3c StaticDependenciesID=4d818847e252ce67e44053197e0dd4a0 
Number of updated asset objects reloaded before import = 0
Number of asset objects unloaded after import = 0
========================================================================
Received Import Request.
  Time of request: 2026-10-01T08:15:28.2803646Z
  Time since last request: 0.0001889 seconds.
  importAddress: GUID: b75d75781afcb46889036e9bb5e6f13b - Path: Packages/com.unity.visualscripting/Runtime/VisualScripting.Flow/Framework/Variables/Obsolete/SetSavedVariable.cs - Importer: ScriptedImporter/UnityEditor.QuickSearchModule:UnityEditor.Search:ASIAI0B
Importing 'GUID: b75d75781afcb46889036e9bb5e6f13b - Path: Packages/com.unity.visualscripting/Runtime/VisualScripting.Flow/Framework/Variables/Obsolete/SetSavedVariable.cs - Importer: ScriptedImporter/UnityEditor.QuickSearchModule:UnityEditor.Search:ASIAI0B' with importer (ScriptedImporter : UnityEditor.QuickSearchModule:UnityEditor.Search:ASIAI0B)
Imported 'GUID: b75d75781afcb46889036e9bb5e6f13b' -> (Import Result ID: 'f34dcafc4b9acd2500b6dc7ba2b9a4c0') in 0.002 seconds [static and dynamic dependencies]. Details - ImportResultOutputID=b38b5cd27f857c311ee658151e647fe7 DependenciesID=8dc3fde3eb553a2c469d51353a31cced StaticDependenciesID=2ffd06a0ef7ad911bca166f61064e0c1 
Number of updated asset objects reloaded before import = 0
Number of asset objects unloaded after import = 0
========================================================================
Received Import Request.
  Time of request: 2026-10-01T08:15:28.3017564Z
  Time since last request: 0.0122498 seconds.
  importAddress: GUID: f66454863bc106549a6b53849ee63b41 - Path: Packages/com.unity.timeline/README.md - Importer: ScriptedImporter/UnityEditor.QuickSearchModule:UnityEditor.Search:ASIAI0B
Importing 'GUID: f66454863bc106549a6b53849ee63b41 - Path: Packages/com.unity.timeline/README.md - Importer: ScriptedImporter/UnityEditor.QuickSearchModule:UnityEditor.Search:ASIAI0B' with importer (ScriptedImporter : UnityEditor.QuickSearchModule:UnityEditor.Search:ASIAI0B)
Imported 'GUID: f66454863bc106549a6b53849ee63b41' -> (Import Result ID: '22a861fded9402e5265e710c2f917de2') in 0.002 seconds [static and dynamic dependencies]. Details - ImportResultOutputID=8cb93d6364bb7423827aea2ae548aae8 DependenciesID=13225326ddad68abc950e5e1bc1cc6dc StaticDependenciesID=06e00bcdf3397d11624a5a2ab11cab3e 
Number of updated asset objects reloaded before import = 0
Number of asset objects unloaded after import = 1
========================================================================
Received Import Request.
  Time of request: 2026-10-01T08:15:28.3134113Z
  Time since last request: 0.0002142 seconds.
  importAddress: GUID: 5e79d50dea5c9c74d9297cce6cd6d053 - Path: Packages/com.unity.timeline/Editor/Actions/ActionContext.cs - Importer: ScriptedImporter/UnityEditor.QuickSearchModule:UnityEditor.Search:ASIAI0B
Importing 'GUID: 5e79d50dea5c9c74d9297cce6cd6d053 - Path: Packages/com.unity.timeline/Editor/Actions/ActionContext.cs - Importer: ScriptedImporter/UnityEditor.QuickSearchModule:UnityEditor.Search:ASIAI0B' with importer (ScriptedImporter : UnityEditor.QuickSearchModule:UnityEditor.Search:ASIAI0B)
Imported 'GUID: 5e79d50dea5c9c74d9297cce6cd6d053' -> (Import Result ID: '8def2276ac54cd52c3df47409acce0dc') in 0.002 seconds [static and dynamic dependencies]. Details - ImportResultOutputID=29586ae6e5723407ee97bacbe7f1c5ca DependenciesID=f7c968b344d841bc850ea8702c1fcc25 StaticDependenciesID=871a3bf034ef61853023644fe9e0d71f 
Number of updated asset objects reloaded before import = 0
Number of asset objects unloaded after import = 0
========================================================================
Received Import Request.
  Time of request: 2026-10-01T08:15:28.325485Z
  Time since last request: 0.0002113 seconds.
  importAddress: GUID: f9045505a91f4aee87d5768fffc7de5c - Path: Packages/com.unity.timeline/Editor/UnityEditorInternals.cs - Importer: ScriptedImporter/UnityEditor.QuickSearchModule:UnityEditor.Search:ASIAI0B
Importing 'GUID: f9045505a91f4aee87d5768fffc7de5c - Path: Packages/com.unity.timeline/Editor/UnityEditorInternals.cs - Importer: ScriptedImporter/UnityEditor.QuickSearchModule:UnityEditor.Search:ASIAI0B' with importer (ScriptedImporter : UnityEditor.QuickSearchModule:UnityEditor.Search:ASIAI0B)
Imported 'GUID: f9045505a91f4aee87d5768fffc7de5c' -> (Import Result ID: '4b125328263bae1f8458f92f18fdbef5') in 0.002 seconds [static and dynamic dependencies]. Details - ImportResultOutputID=9cfb0bf451f3bb64dcec1929bb5da041 DependenciesID=a80fde3ca96b31b7a8f434627ebca677 StaticDependenciesID=65feebebf7726bfbb585e8c417acdd4c 
Number of updated asset objects reloaded before import = 0
Number of asset objects unloaded after import = 0
========================================================================
Received Import Request.
  Time of request: 2026-10-01T08:15:28.3370158Z
  Time since last request: 0.0004627 seconds.
  importAddress: GUID: 02f771204943f4a40949438e873e3eff - Path: Packages/com.unity.timeline/Editor/Unity.Timeline.Editor.asmdef - Importer: ScriptedImporter/UnityEditor.QuickSearchModule:UnityEditor.Search:ASIAI0B
Importing 'GUID: 02f771204943f4a40949438e873e3eff - Path: Packages/com.unity.timeline/Editor/Unity.Timeline.Editor.asmdef - Importer: ScriptedImporter/UnityEditor.QuickSearchModule:UnityEditor.Search:ASIAI0B' with importer (ScriptedImporter : UnityEditor.QuickSearchModule:UnityEditor.Search:ASIAI0B)
Imported 'GUID: 02f771204943f4a40949438e873e3eff' -> (Import Result ID: 'ac2edbe23475644799ccf42db0dd06a2') in 0.002 seconds [static and dynamic dependencies]. Details - ImportResultOutputID=243ed16488bd6f6812c257ac82ec3c09 DependenciesID=af4150f126580d1ae1b75afb828a1f1f StaticDependenciesID=60e939ebf82b1afc712b0d9e8caea987 
Number of updated asset objects reloaded before import = 0
Number of asset objects unloaded after import = 1
========================================================================
Received Import Request.
  Time of request: 2026-10-01T08:15:28.3486529Z
  Time since last request: 0.0003477 seconds.
  importAddress: GUID: 93665e8b67658804d99c4487228cc050 - Path: Packages/com.unity.timeline/Runtime/TimelineAsset_CreateRemove.cs - Importer: ScriptedImporter/UnityEditor.QuickSearchModule:UnityEditor.Search:ASIAI0B
Importing 'GUID: 93665e8b67658804d99c4487228cc050 - Path: Packages/com.unity.timeline/Runtime/TimelineAsset_CreateRemove.cs - Importer: ScriptedImporter/UnityEditor.QuickSearchModule:UnityEditor.Search:ASIAI0B' with importer (ScriptedImporter : UnityEditor.QuickSearchModule:UnityEditor.Search:ASIAI0B)
Imported 'GUID: 93665e8b67658804d99c4487228cc050' -> (Import Result ID: '1129cca3e412a0fc63eae2386acb7457') in 0.002 seconds [static and dynamic dependencies]. Details - ImportResultOutputID=eaa31bcf1170ff3c60ff66f4126f5097 DependenciesID=8a88dfe5706af2b1b41a2a54b17d6d7f StaticDependenciesID=ad9effbdc0a430b10c439127e0d84739 
Number of updated asset objects reloaded before import = 0
Number of asset objects unloaded after import = 0
========================================================================
Received Import Request.
  Time of request: 2026-10-01T08:15:28.3704218Z
  Time since last request: 0.0116506 seconds.
  importAddress: GUID: bf22284ca28e7ef4490033b61e9b52cd - Path: Packages/com.unity.timeline/Editor/Animation/AnimationClipActions.cs - Importer: ScriptedImporter/UnityEditor.QuickSearchModule:UnityEditor.Search:ASIAI0B
Importing 'GUID: bf22284ca28e7ef4490033b61e9b52cd - Path: Packages/com.unity.timeline/Editor/Animation/AnimationClipActions.cs - Importer: ScriptedImporter/UnityEditor.QuickSearchModule:UnityEditor.Search:ASIAI0B' with importer (ScriptedImporter : UnityEditor.QuickSearchModule:UnityEditor.Search:ASIAI0B)
Imported 'GUID: bf22284ca28e7ef4490033b61e9b52cd' -> (Import Result ID: '7c172bf6ab368b5d737eda2aca5bae88') in 0.002 seconds [static and dynamic dependencies]. Details - ImportResultOutputID=68659d7badba19a1a44d40a27924997c DependenciesID=a933389bc9ee27c1fac8c39077e90f57 StaticDependenciesID=482577f6616b6a49b03774da0dabb001 
Number of updated asset objects reloaded before import = 0
Number of asset objects unloaded after import = 0
========================================================================
Received Import Request.
  Time of request: 2026-10-01T08:15:28.3833654Z
  Time since last request: 0.0003158 seconds.
  importAddress: GUID: 647e1bbd3809b30459d946b4a1ddf22b - Path: Packages/com.unity.timeline/Editor/Items/ItemsPerTrack.cs - Importer: ScriptedImporter/UnityEditor.QuickSearchModule:UnityEditor.Search:ASIAI0B
Importing 'GUID: 647e1bbd3809b30459d946b4a1ddf22b - Path: Packages/com.unity.timeline/Editor/Items/ItemsPerTrack.cs - Importer: ScriptedImporter/UnityEditor.QuickSearchModule:UnityEditor.Search:ASIAI0B' with importer (ScriptedImporter : UnityEditor.QuickSearchModule:UnityEditor.Search:ASIAI0B)
Imported 'GUID: 647e1bbd3809b30459d946b4a1ddf22b' -> (Import Result ID: 'ba22da2b4a30cbc6c8c64a5acf252bb6') in 0.002 seconds [static and dynamic dependencies]. Details - ImportResultOutputID=84238116bb083988d370e93e1319099d DependenciesID=9a8dea55a985ce4c57b4dc02407a4837 StaticDependenciesID=f69b52e46699d6fd7ca9fbd54ff56f3f 
Number of updated asset objects reloaded before import = 0
Number of asset objects unloaded after import = 0
========================================================================
Received Import Request.
  Time of request: 2026-10-01T08:15:28.3933477Z
  Time since last request: 0.0004312 seconds.
  importAddress: GUID: c50a694a8232898498c1cdd47ce9873f - Path: Packages/com.unity.timeline/Editor/Attributes/ShortcutAttribute.cs - Importer: ScriptedImporter/UnityEditor.QuickSearchModule:UnityEditor.Search:ASIAI0B
Importing 'GUID: c50a694a8232898498c1cdd47ce9873f - Path: Packages/com.unity.timeline/Editor/Attributes/ShortcutAttribute.cs - Importer: ScriptedImporter/UnityEditor.QuickSearchModule:UnityEditor.Search:ASIAI0B' with importer (ScriptedImporter : UnityEditor.QuickSearchModule:UnityEditor.Search:ASIAI0B)
Imported 'GUID: c50a694a8232898498c1cdd47ce9873f' -> (Import Result ID: 'b8c684827b1030f833fc6e480292d231') in 0.002 seconds [static and dynamic dependencies]. Details - ImportResultOutputID=4c1dd447b689d6c056f1786a3d99c855 DependenciesID=4f673270b3244fe0990daa6868a01924 StaticDependenciesID=a9cd37d8da535912b0daaa8a22212ac4 
Number of updated asset objects reloaded before import = 0
Number of asset objects unloaded after import = 0
========================================================================
Received Import Request.
  Time of request: 2026-10-01T08:15:28.4058052Z
  Time since last request: 0.0003289 seconds.
  importAddress: GUID: 38eaad816666dfb428c3f123a09413c6 - Path: Packages/com.unity.timeline/Editor/Actions/TimelineAction.cs - Importer: ScriptedImporter/UnityEditor.QuickSearchModule:UnityEditor.Search:ASIAI0B
Importing 'GUID: 38eaad816666dfb428c3f123a09413c6 - Path: Packages/com.unity.timeline/Editor/Actions/TimelineAction.cs - Importer: ScriptedImporter/UnityEditor.QuickSearchModule:UnityEditor.Search:ASIAI0B' with importer (ScriptedImporter : UnityEditor.QuickSearchModule:UnityEditor.Search:ASIAI0B)
Imported 'GUID: 38eaad816666dfb428c3f123a09413c6' -> (Import Result ID: 'c9ac3d26826032230a50340ba56e9e03') in 0.002 seconds [static and dynamic dependencies]. Details - ImportResultOutputID=b838c3e6df6be153a4fd64543126b14f DependenciesID=f3bf62a42ac0a26ff6d89cd9778dee3c StaticDependenciesID=faabf335b7069862dec76f29484a6755 
Number of updated asset objects reloaded before import = 0
Number of asset objects unloaded after import = 0
========================================================================
Received Import Request.
  Time of request: 2026-10-01T08:15:28.4182627Z
  Time since last request: 0.0003512 seconds.
  importAddress: GUID: 3b41db653d2547dca9eb5c43b6c5aeb0 - Path: Packages/com.unity.timeline/Editor/inspectors/IInspectorChangeHandler.cs - Importer: ScriptedImporter/UnityEditor.QuickSearchModule:UnityEditor.Search:ASIAI0B
Importing 'GUID: 3b41db653d2547dca9eb5c43b6c5aeb0 - Path: Packages/com.unity.timeline/Editor/inspectors/IInspectorChangeHandler.cs - Importer: ScriptedImporter/UnityEditor.QuickSearchModule:UnityEditor.Search:ASIAI0B' with importer (ScriptedImporter : UnityEditor.QuickSearchModule:UnityEditor.Search:ASIAI0B)
Imported 'GUID: 3b41db653d2547dca9eb5c43b6c5aeb0' -> (Import Result ID: '4a2b406d58e88ab6f1821dd6507d3344') in 0.002 seconds [static and dynamic dependencies]. Details - ImportResultOutputID=034643cce0fdbd90353ff7f937511b6e DependenciesID=c5d0e71612882336d59f37f9bc71aa5b StaticDependenciesID=7ee2579b9d6cd9f5e965d318580bdc54 
Number of updated asset objects reloaded before import = 0
Number of asset objects unloaded after import = 0
========================================================================
Received Import Request.
  Time of request: 2026-10-01T08:15:28.4294955Z
  Time since last request: 0.0003564 seconds.
  importAddress: GUID: 5653477a5039f674da8f856adcf47172 - Path: Packages/com.unity.timeline/Editor/Items/ItemsUtils.cs - Importer: ScriptedImporter/UnityEditor.QuickSearchModule:UnityEditor.Search:ASIAI0B
Importing 'GUID: 5653477a5039f674da8f856adcf47172 - Path: Packages/com.unity.timeline/Editor/Items/ItemsUtils.cs - Importer: ScriptedImporter/UnityEditor.QuickSearchModule:UnityEditor.Search:ASIAI0B' with importer (ScriptedImporter : UnityEditor.QuickSearchModule:UnityEditor.Search:ASIAI0B)
Imported 'GUID: 5653477a5039f674da8f856adcf47172' -> (Import Result ID: '1930b765868143a9e003cedbda0f2da6') in 0.002 seconds [static and dynamic dependencies]. Details - ImportResultOutputID=f7a232b56017ae3c9e956f22f0db9f65 DependenciesID=1335a7d797efaccb2f53c57797afeb66 StaticDependenciesID=73c1286a035893e01d23d8aa4cd82e5a 
Number of updated asset objects reloaded before import = 0
Number of asset objects unloaded after import = 0
========================================================================
Received Import Request.
  Time of request: 2026-10-01T08:15:28.4574267Z
  Time since last request: 0.0175616 seconds.
  importAddress: GUID: e1e957d39ca70834f9212a1289b6a0d5 - Path: Packages/com.unity.timeline/Editor/Utilities/CustomTrackDrawerAttribute.cs - Importer: ScriptedImporter/UnityEditor.QuickSearchModule:UnityEditor.Search:ASIAI0B
Importing 'GUID: e1e957d39ca70834f9212a1289b6a0d5 - Path: Packages/com.unity.timeline/Editor/Utilities/CustomTrackDrawerAttribute.cs - Importer: ScriptedImporter/UnityEditor.QuickSearchModule:UnityEditor.Search:ASIAI0B' with importer (ScriptedImporter : UnityEditor.QuickSearchModule:UnityEditor.Search:ASIAI0B)
Imported 'GUID: e1e957d39ca70834f9212a1289b6a0d5' -> (Import Result ID: 'ec2a658e1e682f98b46e471e1de80f26') in 0.002 seconds [static and dynamic dependencies]. Details - ImportResultOutputID=45853c1ee2bd3f0a5fe63f7415844e1d DependenciesID=d286d093815caf86bbe8641cf6da0285 StaticDependenciesID=8587a74112c6aac17425c4383933ae70 
Number of updated asset objects reloaded before import = 0
Number of asset objects unloaded after import = 0
========================================================================
Received Import Request.
  Time of request: 2026-10-01T08:15:28.4692299Z
  Time since last request: 0.0002839 seconds.
  importAddress: GUID: 6acc614d8b9423d4db1b43e745ecba5b - Path: Packages/com.unity.timeline/Editor/Samples/SampleDependencyImporter.cs - Importer: ScriptedImporter/UnityEditor.QuickSearchModule:UnityEditor.Search:ASIAI0B
Importing 'GUID: 6acc614d8b9423d4db1b43e745ecba5b - Path: Packages/com.unity.timeline/Editor/Samples/SampleDependencyImporter.cs - Importer: ScriptedImporter/UnityEditor.QuickSearchModule:UnityEditor.Search:ASIAI0B' with importer (ScriptedImporter : UnityEditor.QuickSearchModule:UnityEditor.Search:ASIAI0B)
Imported 'GUID: 6acc614d8b9423d4db1b43e745ecba5b' -> (Import Result ID: '49830c0d96503abeb2dc330b3d1629eb') in 0.002 seconds [static and dynamic dependencies]. Details - ImportResultOutputID=d64f358cbe5f0ac150434a4d83c95fd7 DependenciesID=2d589c4ff3cab7484fd8d89b902dea2c StaticDependenciesID=e65fc97d749ba45521e3c41fcc50eaa4 
Number of updated asset objects reloaded before import = 0
Number of asset objects unloaded after import = 0
========================================================================
Received Import Request.
  Time of request: 2026-10-01T08:15:28.4798132Z
  Time since last request: 0.0002837 seconds.
  importAddress: GUID: f8964ef46e1d446dc9eb17a36a3e1f14 - Path: Packages/com.unity.timeline/Editor/treeview/TrackPropertyCurvesDataSource.cs - Importer: ScriptedImporter/UnityEditor.QuickSearchModule:UnityEditor.Search:ASIAI0B
Importing 'GUID: f8964ef46e1d446dc9eb17a36a3e1f14 - Path: Packages/com.unity.timeline/Editor/treeview/TrackPropertyCurvesDataSource.cs - Importer: ScriptedImporter/UnityEditor.QuickSearchModule:UnityEditor.Search:ASIAI0B' with importer (ScriptedImporter : UnityEditor.QuickSearchModule:UnityEditor.Search:ASIAI0B)
Imported 'GUID: f8964ef46e1d446dc9eb17a36a3e1f14' -> (Import Result ID: 'a2c097f6c88b02fdd532dc09a66c64ac') in 0.002 seconds [static and dynamic dependencies]. Details - ImportResultOutputID=0e6a4c6ca5e7d79368ac1516e73a1bb9 DependenciesID=48ad04fdf77c46e8ab2796c6e570a3f7 StaticDependenciesID=d50b86d2f828a2cc46de754cc79b717c 
Number of updated asset objects reloaded before import = 0
Number of asset objects unloaded after import = 0
========================================================================
Received Import Request.
  Time of request: 2026-10-01T08:15:28.4905095Z
  Time since last request: 0.0002621 seconds.
  importAddress: GUID: ef85e74dfd3749279eff9e7fbfbaf3f8 - Path: Packages/com.unity.timeline/Editor/Undo/UndoScope.cs - Importer: ScriptedImporter/UnityEditor.QuickSearchModule:UnityEditor.Search:ASIAI0B
Importing 'GUID: ef85e74dfd3749279eff9e7fbfbaf3f8 - Path: Packages/com.unity.timeline/Editor/Undo/UndoScope.cs - Importer: ScriptedImporter/UnityEditor.QuickSearchModule:UnityEditor.Search:ASIAI0B' with importer (ScriptedImporter : UnityEditor.QuickSearchModule:UnityEditor.Search:ASIAI0B)
Imported 'GUID: ef85e74dfd3749279eff9e7fbfbaf3f8' -> (Import Result ID: 'de7c392cfbc2cfdc3f1ae15a2d617335') in 0.002 seconds [static and dynamic dependencies]. Details - ImportResultOutputID=29ab13439551ee58b9025ad9f34a3d61 DependenciesID=9fc7f3fe46a7bdfcef316e84a8113238 StaticDependenciesID=162b3bc1f83ce91f79d1065684cc94dd 
Number of updated asset objects reloaded before import = 0
Number of asset objects unloaded after import = 0
========================================================================
Received Import Request.
  Time of request: 2026-10-01T08:15:28.5011835Z
  Time since last request: 0.0002261 seconds.
  importAddress: GUID: 5151708d47edd4344ba8e7bd469d966e - Path: Packages/com.unity.timeline/Editor/treeview/ManipulationsTracks.cs - Importer: ScriptedImporter/UnityEditor.QuickSearchModule:UnityEditor.Search:ASIAI0B
Importing 'GUID: 5151708d47edd4344ba8e7bd469d966e - Path: Packages/com.unity.timeline/Editor/treeview/ManipulationsTracks.cs - Importer: ScriptedImporter/UnityEditor.QuickSearchModule:UnityEditor.Search:ASIAI0B' with importer (ScriptedImporter : UnityEditor.QuickSearchModule:UnityEditor.Search:ASIAI0B)
Imported 'GUID: 5151708d47edd4344ba8e7bd469d966e' -> (Import Result ID: '42def55fc115814bb70d555ad0d6d028') in 0.002 seconds [static and dynamic dependencies]. Details - ImportResultOutputID=3057972455b9ef785416f37d7c734d0d DependenciesID=1a9e393c8f905c75a5a4a73380c90b4f StaticDependenciesID=1d92913c13498a0f391b58805812819a 
Number of updated asset objects reloaded before import = 0
Number of asset objects unloaded after import = 0
========================================================================
Received Import Request.
  Time of request: 2026-10-01T08:15:28.5113099Z
  Time since last request: 0.0003915 seconds.
  importAddress: GUID: 452534715106564439d2240d82999d88 - Path: Packages/com.unity.timeline/Editor/Items/MarkerItem.cs - Importer: ScriptedImporter/UnityEditor.QuickSearchModule:UnityEditor.Search:ASIAI0B
Importing 'GUID: 452534715106564439d2240d82999d88 - Path: Packages/com.unity.timeline/Editor/Items/MarkerItem.cs - Importer: ScriptedImporter/UnityEditor.QuickSearchModule:UnityEditor.Search:ASIAI0B' with importer (ScriptedImporter : UnityEditor.QuickSearchModule:UnityEditor.Search:ASIAI0B)
Imported 'GUID: 452534715106564439d2240d82999d88' -> (Import Result ID: '2daef530a11d103916b20d118f91fc6a') in 0.002 seconds [static and dynamic dependencies]. Details - ImportResultOutputID=e96706f0a2930723a817fe90f301614a DependenciesID=bcc2b6feb9a6268161e0b30645ec7413 StaticDependenciesID=df3e9af95354db3ecd7acdde347dfe9d 
Number of updated asset objects reloaded before import = 0
Number of asset objects unloaded after import = 0
========================================================================
Received Import Request.
  Time of request: 2026-10-01T08:15:28.5326961Z
  Time since last request: 0.0112578 seconds.
  importAddress: GUID: 6f25fb081e85cb743b272c2f7fbc2f6b - Path: Packages/com.unity.timeline/Editor/Window/TimelineWindowTimeControl.cs - Importer: ScriptedImporter/UnityEditor.QuickSearchModule:UnityEditor.Search:ASIAI0B
Importing 'GUID: 6f25fb081e85cb743b272c2f7fbc2f6b - Path: Packages/com.unity.timeline/Editor/Window/TimelineWindowTimeControl.cs - Importer: ScriptedImporter/UnityEditor.QuickSearchModule:UnityEditor.Search:ASIAI0B' with importer (ScriptedImporter : UnityEditor.QuickSearchModule:UnityEditor.Search:ASIAI0B)
Imported 'GUID: 6f25fb081e85cb743b272c2f7fbc2f6b' -> (Import Result ID: '4469af44ee8ba1e968b2adfcea6a5f4c') in 0.002 seconds [static and dynamic dependencies]. Details - ImportResultOutputID=cb40f5dddd946f954d417c18e66e0121 DependenciesID=bb7b2204eb9b8f44831c7a6d08683538 StaticDependenciesID=8c7ec7e8db1fae5fd434c60748f0df66 
Number of updated asset objects reloaded before import = 0
Number of asset objects unloaded after import = 0
========================================================================
Received Import Request.
  Time of request: 2026-10-01T08:15:28.5425438Z
  Time since last request: 0.0002761 seconds.
  importAddress: GUID: 5f31f28cc64c91042976555c016ffd5f - Path: Packages/com.unity.timeline/Editor/Utilities/StyleManager.cs - Importer: ScriptedImporter/UnityEditor.QuickSearchModule:UnityEditor.Search:ASIAI0B
Importing 'GUID: 5f31f28cc64c91042976555c016ffd5f - Path: Packages/com.unity.timeline/Editor/Utilities/StyleManager.cs - Importer: ScriptedImporter/UnityEditor.QuickSearchModule:UnityEditor.Search:ASIAI0B' with importer (ScriptedImporter : UnityEditor.QuickSearchModule:UnityEditor.Search:ASIAI0B)
Imported 'GUID: 5f31f28cc64c91042976555c016ffd5f' -> (Import Result ID: '52faf415fab78dd96fce84b01deca8d9') in 0.002 seconds [static and dynamic dependencies]. Details - ImportResultOutputID=c497841b4757239083ef75d43b7019e2 DependenciesID=4b872b337632b1c2753a3572f2e105e3 StaticDependenciesID=a6901df0c5a213c9121ce898d6857e31 
Number of updated asset objects reloaded before import = 0
Number of asset objects unloaded after import = 0
========================================================================
Received Import Request.
  Time of request: 2026-10-01T08:15:28.5529551Z
  Time since last request: 0.0003759 seconds.
  importAddress: GUID: 08d23c0b73905c148b525c3c93fff580 - Path: Packages/com.unity.timeline/Editor/Window/TimelineWindow_TrackGui.cs - Importer: ScriptedImporter/UnityEditor.QuickSearchModule:UnityEditor.Search:ASIAI0B
Importing 'GUID: 08d23c0b73905c148b525c3c93fff580 - Path: Packages/com.unity.timeline/Editor/Window/TimelineWindow_TrackGui.cs - Importer: ScriptedImporter/UnityEditor.QuickSearchModule:UnityEditor.Search:ASIAI0B' with importer (ScriptedImporter : UnityEditor.QuickSearchModule:UnityEditor.Search:ASIAI0B)
Imported 'GUID: 08d23c0b73905c148b525c3c93fff580' -> (Import Result ID: '007b92a8bdf0aea77db06b9b4c50ff37') in 0.003 seconds [static and dynamic dependencies]. Details - ImportResultOutputID=41e8c6b2dce542767589f714ebdc2083 DependenciesID=36d269e9332ee10bc79331f0f8629b7b StaticDependenciesID=369abadc5de73919a209f1bf6754167e 
Number of updated asset objects reloaded before import = 0
Number of asset objects unloaded after import = 0
========================================================================
Received Import Request.
  Time of request: 2026-10-01T08:15:28.5645837Z
  Time since last request: 0.0003098 seconds.
  importAddress: GUID: 4722a1362908a1843ab03a055c5c3fa0 - Path: Packages/com.unity.timeline/Editor/Utilities/ObjectExtension.cs - Importer: ScriptedImporter/UnityEditor.QuickSearchModule:UnityEditor.Search:ASIAI0B
Importing 'GUID: 4722a1362908a1843ab03a055c5c3fa0 - Path: Packages/com.unity.timeline/Editor/Utilities/ObjectExtension.cs - Importer: ScriptedImporter/UnityEditor.QuickSearchModule:UnityEditor.Search:ASIAI0B' with importer (ScriptedImporter : UnityEditor.QuickSearchModule:UnityEditor.Search:ASIAI0B)
Imported 'GUID: 4722a1362908a1843ab03a055c5c3fa0' -> (Import Result ID: '65d423c5eb87ca6922af4f72ce9be145') in 0.002 seconds [static and dynamic dependencies]. Details - ImportResultOutputID=3886f83a0080fb48623ad8f3ecb59b04 DependenciesID=5ecd2d3afb9e9895339b1c454579f03c StaticDependenciesID=6504e38ebeee35fd96339ef7383b72bd 
Number of updated asset objects reloaded before import = 0
Number of asset objects unloaded after import = 0
========================================================================
Received Import Request.
  Time of request: 2026-10-01T08:15:28.5745895Z
  Time since last request: 0.0002603 seconds.
  importAddress: GUID: a48cf3df437ebff49a373111669364c0 - Path: Packages/com.unity.timeline/Editor/Utilities/EndNameEditAction.cs - Importer: ScriptedImporter/UnityEditor.QuickSearchModule:UnityEditor.Search:ASIAI0B
Importing 'GUID: a48cf3df437ebff49a373111669364c0 - Path: Packages/com.unity.timeline/Editor/Utilities/EndNameEditAction.cs - Importer: ScriptedImporter/UnityEditor.QuickSearchModule:UnityEditor.Search:ASIAI0B' with importer (ScriptedImporter : UnityEditor.QuickSearchModule:UnityEditor.Search:ASIAI0B)
Imported 'GUID: a48cf3df437ebff49a373111669364c0' -> (Import Result ID: 'f7eb32aa789112f3f1de9ccc1bcf35b1') in 0.002 seconds [static and dynamic dependencies]. Details - ImportResultOutputID=1af5ba68897393c9cd0a7b4400ebfd5f DependenciesID=05da05181d125752a3c8979873182718 StaticDependenciesID=ff9cb3d8bc472e624baa0c4c272c25fe 
Number of updated asset objects reloaded before import = 0
Number of asset objects unloaded after import = 0
========================================================================
Received Import Request.
  Time of request: 2026-10-01T08:15:28.585602Z
  Time since last request: 0.0003788 seconds.
  importAddress: GUID: 63f2caa33e79582448112b2e286d576d - Path: Packages/com.unity.timeline/Editor/Utilities/TrackResourceCache.cs - Importer: ScriptedImporter/UnityEditor.QuickSearchModule:UnityEditor.Search:ASIAI0B
Importing 'GUID: 63f2caa33e79582448112b2e286d576d - Path: Packages/com.unity.timeline/Editor/Utilities/TrackResourceCache.cs - Importer: ScriptedImporter/UnityEditor.QuickSearchModule:UnityEditor.Search:ASIAI0B' with importer (ScriptedImporter : UnityEditor.QuickSearchModule:UnityEditor.Search:ASIAI0B)
Imported 'GUID: 63f2caa33e79582448112b2e286d576d' -> (Import Result ID: '9fb9a1b4321a29371af6d1ff0920f8b9') in 0.002 seconds [static and dynamic dependencies]. Details - ImportResultOutputID=af932e27a544484d5a09de4563723845 DependenciesID=4827703bd12276734e98b3826a58f938 StaticDependenciesID=9abe17a7067aae098b0d2f8c2844db3f 
Number of updated asset objects reloaded before import = 0
Number of asset objects unloaded after import = 0
========================================================================
Received Import Request.
  Time of request: 2026-10-01T08:15:28.5967555Z
  Time since last request: 0.0002912 seconds.
  importAddress: GUID: 4c1821c1816c6fa44967b8ecb79ea7e4 - Path: Packages/com.unity.timeline/Editor/Utilities/TypeUtility.cs - Importer: ScriptedImporter/UnityEditor.QuickSearchModule:UnityEditor.Search:ASIAI0B
Importing 'GUID: 4c1821c1816c6fa44967b8ecb79ea7e4 - Path: Packages/com.unity.timeline/Editor/Utilities/TypeUtility.cs - Importer: ScriptedImporter/UnityEditor.QuickSearchModule:UnityEditor.Search:ASIAI0B' with importer (ScriptedImporter : UnityEditor.QuickSearchModule:UnityEditor.Search:ASIAI0B)
Imported 'GUID: 4c1821c1816c6fa44967b8ecb79ea7e4' -> (Import Result ID: '31ecc47997b3a4ad7f05872f821393d0') in 0.002 seconds [static and dynamic dependencies]. Details - ImportResultOutputID=541b1828584381a520a7e48bc8ec693f DependenciesID=5c2cdc09077c1f968c90644895ae1d78 StaticDependenciesID=3c0948e4c996678931a480f5faeb051b 
Number of updated asset objects reloaded before import = 0
Number of asset objects unloaded after import = 0
========================================================================
Received Import Request.
  Time of request: 2026-10-01T08:15:28.6185433Z
  Time since last request: 0.0121589 seconds.
  importAddress: GUID: d3721d5c6afa8e545995dfaada328476 - Path: Packages/com.unity.timeline/Runtime/Extensions/TrackExtensions.cs - Importer: ScriptedImporter/UnityEditor.QuickSearchModule:UnityEditor.Search:ASIAI0B
Importing 'GUID: d3721d5c6afa8e545995dfaada328476 - Path: Packages/com.unity.timeline/Runtime/Extensions/TrackExtensions.cs - Importer: ScriptedImporter/UnityEditor.QuickSearchModule:UnityEditor.Search:ASIAI0B' with importer (ScriptedImporter : UnityEditor.QuickSearchModule:UnityEditor.Search:ASIAI0B)
Imported 'GUID: d3721d5c6afa8e545995dfaada328476' -> (Import Result ID: 'af8bc0c2751f3b60d038d62c9b540aea') in 0.002 seconds [static and dynamic dependencies]. Details - ImportResultOutputID=3992363adfd291bc9ab5008a906dc1d3 DependenciesID=489969c3e3123244cdd1ca0aead4d472 StaticDependenciesID=504f96940d6360bdc8999e1a1f060908 
Number of updated asset objects reloaded before import = 0
Number of asset objects unloaded after import = 0
========================================================================
Received Import Request.
  Time of request: 2026-10-01T08:15:28.6290743Z
  Time since last request: 0.0002439 seconds.
  importAddress: GUID: 0d60a406ab64c434e9d731914e11a51e - Path: Packages/com.unity.timeline/Runtime/Audio/AudioClipProperties.cs - Importer: ScriptedImporter/UnityEditor.QuickSearchModule:UnityEditor.Search:ASIAI0B
Importing 'GUID: 0d60a406ab64c434e9d731914e11a51e - Path: Packages/com.unity.timeline/Runtime/Audio/AudioClipProperties.cs - Importer: ScriptedImporter/UnityEditor.QuickSearchModule:UnityEditor.Search:ASIAI0B' with importer (ScriptedImporter : UnityEditor.QuickSearchModule:UnityEditor.Search:ASIAI0B)
Imported 'GUID: 0d60a406ab64c434e9d731914e11a51e' -> (Import Result ID: '63352152c8f875acbd9544c53f909cdb') in 0.002 seconds [static and dynamic dependencies]. Details - ImportResultOutputID=0200390a94229e41bbe497b51b4bdb41 DependenciesID=992e0130f39f4fb5d18bae1155873637 StaticDependenciesID=000a80a93d8826322d0f73f6327b74d3 
Number of updated asset objects reloaded before import = 0
Number of asset objects unloaded after import = 0
========================================================================
Received Import Request.
  Time of request: 2026-10-01T08:15:28.6388008Z
  Time since last request: 0.0005242 seconds.
  importAddress: GUID: e7a505b341283e14696e86433a5b1ae9 - Path: Packages/com.unity.timeline/Runtime/Utilities/WeightUtility.cs - Importer: ScriptedImporter/UnityEditor.QuickSearchModule:UnityEditor.Search:ASIAI0B
Importing 'GUID: e7a505b341283e14696e86433a5b1ae9 - Path: Packages/com.unity.timeline/Runtime/Utilities/WeightUtility.cs - Importer: ScriptedImporter/UnityEditor.QuickSearchModule:UnityEditor.Search:ASIAI0B' with importer (ScriptedImporter : UnityEditor.QuickSearchModule:UnityEditor.Search:ASIAI0B)
Imported 'GUID: e7a505b341283e14696e86433a5b1ae9' -> (Import Result ID: 'f128470b1b42d19feb677b9ac07284c9') in 0.002 seconds [static and dynamic dependencies]. Details - ImportResultOutputID=c4c577b29c1480634452fca1d7fb8482 DependenciesID=e78213b7c2eeaffe7e4e3b748107e958 StaticDependenciesID=a6c5297414994a6f1185ea0379026e46 
Number of updated asset objects reloaded before import = 0
Number of asset objects unloaded after import = 0
========================================================================
Received Import Request.
  Time of request: 2026-10-01T08:15:28.6506217Z
  Time since last request: 0.0002121 seconds.
  importAddress: GUID: 9a371bcbba2084dd0a8ebc6826aa8794 - Path: Packages/com.unity.timeline/Editor/inspectors/CurvesOwner/CurvesOwnerInspectorHelper.cs - Importer: ScriptedImporter/UnityEditor.QuickSearchModule:UnityEditor.Search:ASIAI0B
Importing 'GUID: 9a371bcbba2084dd0a8ebc6826aa8794 - Path: Packages/com.unity.timeline/Editor/inspectors/CurvesOwner/CurvesOwnerInspectorHelper.cs - Importer: ScriptedImporter/UnityEditor.QuickSearchModule:UnityEditor.Search:ASIAI0B' with importer (ScriptedImporter : UnityEditor.QuickSearchModule:UnityEditor.Search:ASIAI0B)
Imported 'GUID: 9a371bcbba2084dd0a8ebc6826aa8794' -> (Import Result ID: '2d82782f35fe21e65f510290780bdf3b') in 0.002 seconds [static and dynamic dependencies]. Details - ImportResultOutputID=d0b84e17763d48fe64b0556932eb95df DependenciesID=8316d293446826729da6bdeaf03e87c8 StaticDependenciesID=dddc03a69e2186293231c3ea845b848d 
Number of updated asset objects reloaded before import = 0
Number of asset objects unloaded after import = 0
========================================================================
Received Import Request.
  Time of request: 2026-10-01T08:15:28.6624851Z
  Time since last request: 0.0002739 seconds.
  importAddress: GUID: 89b48a03f6f43e94e87cc8d2104d3d4d - Path: Packages/com.unity.timeline/Runtime/Events/Marker.cs - Importer: ScriptedImporter/UnityEditor.QuickSearchModule:UnityEditor.Search:ASIAI0B
Importing 'GUID: 89b48a03f6f43e94e87cc8d2104d3d4d - Path: Packages/com.unity.timeline/Runtime/Events/Marker.cs - Importer: ScriptedImporter/UnityEditor.QuickSearchModule:UnityEditor.Search:ASIAI0B' with importer (ScriptedImporter : UnityEditor.QuickSearchModule:UnityEditor.Search:ASIAI0B)
Imported 'GUID: 89b48a03f6f43e94e87cc8d2104d3d4d' -> (Import Result ID: '68ea17a2def84d36ca3a1c048bc7ef61') in 0.002 seconds [static and dynamic dependencies]. Details - ImportResultOutputID=256136e817dc68e95a00cc10ec0e7f1f DependenciesID=c5d70a650e5b4e5908342eef9a938109 StaticDependenciesID=11aedcf090b490e3b6f12ff348801d11 
Number of updated asset objects reloaded before import = 0
Number of asset objects unloaded after import = 0
========================================================================
Received Import Request.
  Time of request: 2026-10-01T08:15:28.6728124Z
  Time since last request: 0.0006357 seconds.
  importAddress: GUID: 70a190a1b304d1e43995af35d09231d6 - Path: Packages/com.unity.timeline/Runtime/Evaluation/RuntimeClip.cs - Importer: ScriptedImporter/UnityEditor.QuickSearchModule:UnityEditor.Search:ASIAI0B
Importing 'GUID: 70a190a1b304d1e43995af35d09231d6 - Path: Packages/com.unity.timeline/Runtime/Evaluation/RuntimeClip.cs - Importer: ScriptedImporter/UnityEditor.QuickSearchModule:UnityEditor.Search:ASIAI0B' with importer (ScriptedImporter : UnityEditor.QuickSearchModule:UnityEditor.Search:ASIAI0B)
Imported 'GUID: 70a190a1b304d1e43995af35d09231d6' -> (Import Result ID: '9a91ce52f330e9a7b82cb8790b467cf8') in 0.002 seconds [static and dynamic dependencies]. Details - ImportResultOutputID=73f28a383e2e46f9c24ab6d1f8424465 DependenciesID=86e37e908a6dc46e66465ff3b5337431 StaticDependenciesID=3f6ddb4ed3e6901b1db078d3efad38c3 
Number of updated asset objects reloaded before import = 0
Number of asset objects unloaded after import = 0
========================================================================
Received Import Request.
  Time of request: 2026-10-01T08:15:28.7079443Z
  Time since last request: 0.0246282 seconds.
  importAddress: GUID: 5ea6a8a826704f743b3b0ce3e9d3c9a9 - Path: Packages/com.unity.timeline/Editor/treeview/Drawers/InfiniteTrackDrawer.cs - Importer: ScriptedImporter/UnityEditor.QuickSearchModule:UnityEditor.Search:ASIAI0B
Importing 'GUID: 5ea6a8a826704f743b3b0ce3e9d3c9a9 - Path: Packages/com.unity.timeline/Editor/treeview/Drawers/InfiniteTrackDrawer.cs - Importer: ScriptedImporter/UnityEditor.QuickSearchModule:UnityEditor.Search:ASIAI0B' with importer (ScriptedImporter : UnityEditor.QuickSearchModule:UnityEditor.Search:ASIAI0B)
Imported 'GUID: 5ea6a8a826704f743b3b0ce3e9d3c9a9' -> (Import Result ID: 'c1b480f4bcf11226e21f027c88550e7f') in 0.002 seconds [static and dynamic dependencies]. Details - ImportResultOutputID=763aea459a1fb16da6db1aaaf3443801 DependenciesID=fd7e4388674ae61a75714b27913a96e4 StaticDependenciesID=870f6f3b3dec54997bce852439b63d12 
Number of updated asset objects reloaded before import = 0
Number of asset objects unloaded after import = 0
========================================================================
Received Import Request.
  Time of request: 2026-10-01T08:15:28.7204034Z
  Time since last request: 0.000489 seconds.
  importAddress: GUID: d59cefc45e3c31d4a90563364e7258fa - Path: Packages/com.unity.timeline/Editor/Utilities/Scopes/GUIMixedValueScope.cs - Importer: ScriptedImporter/UnityEditor.QuickSearchModule:UnityEditor.Search:ASIAI0B
Importing 'GUID: d59cefc45e3c31d4a90563364e7258fa - Path: Packages/com.unity.timeline/Editor/Utilities/Scopes/GUIMixedValueScope.cs - Importer: ScriptedImporter/UnityEditor.QuickSearchModule:UnityEditor.Search:ASIAI0B' with importer (ScriptedImporter : UnityEditor.QuickSearchModule:UnityEditor.Search:ASIAI0B)
Imported 'GUID: d59cefc45e3c31d4a90563364e7258fa' -> (Import Result ID: 'd96154592ad3808bc484cd829ad51037') in 0.002 seconds [static and dynamic dependencies]. Details - ImportResultOutputID=115c14c410f4e44a394a1e9de143d48a DependenciesID=1d88e5d11962880552ce0958bf06edff StaticDependenciesID=7b4ea1342b4478dd4cceabf700fd79da 
Number of updated asset objects reloaded before import = 0
Number of asset objects unloaded after import = 0
========================================================================
Received Import Request.
  Time of request: 2026-10-01T08:15:28.7323521Z
  Time since last request: 0.0003999 seconds.
  importAddress: GUID: 7072e9e47288bac4d8c6bdfb2cf785a4 - Path: Packages/com.unity.timeline/Editor/treeview/TrackGui/TimelineGroupGUI.cs - Importer: ScriptedImporter/UnityEditor.QuickSearchModule:UnityEditor.Search:ASIAI0B
Importing 'GUID: 7072e9e47288bac4d8c6bdfb2cf785a4 - Path: Packages/com.unity.timeline/Editor/treeview/TrackGui/TimelineGroupGUI.cs - Importer: ScriptedImporter/UnityEditor.QuickSearchModule:UnityEditor.Search:ASIAI0B' with importer (ScriptedImporter : UnityEditor.QuickSearchModule:UnityEditor.Search:ASIAI0B)
Imported 'GUID: 7072e9e47288bac4d8c6bdfb2cf785a4' -> (Import Result ID: '9e6019410ac9eec0f80c0b1e5cdeb086') in 0.002 seconds [static and dynamic dependencies]. Details - ImportResultOutputID=aa15243bb3a3458b11fe58d7fd3eba04 DependenciesID=6fc08eb3ac0336fcbbeea85cd48627c8 StaticDependenciesID=0686a4692e768c2c82a13d2c83f8b680 
Number of updated asset objects reloaded before import = 0
Number of asset objects unloaded after import = 0
========================================================================
Received Import Request.
  Time of request: 2026-10-01T08:15:28.7430378Z
  Time since last request: 0.0003237 seconds.
  importAddress: GUID: 20c8bb6b47a526c4c96ca73314fe2856 - Path: Packages/com.unity.timeline/Editor/Manipulators/Trim/TrimItemModeRipple.cs - Importer: ScriptedImporter/UnityEditor.QuickSearchModule:UnityEditor.Search:ASIAI0B
Importing 'GUID: 20c8bb6b47a526c4c96ca73314fe2856 - Path: Packages/com.unity.timeline/Editor/Manipulators/Trim/TrimItemModeRipple.cs - Importer: ScriptedImporter/UnityEditor.QuickSearchModule:UnityEditor.Search:ASIAI0B' with importer (ScriptedImporter : UnityEditor.QuickSearchModule:UnityEditor.Search:ASIAI0B)
Imported 'GUID: 20c8bb6b47a526c4c96ca73314fe2856' -> (Import Result ID: 'c9920d390be813c69c0f121f668a9271') in 0.002 seconds [static and dynamic dependencies]. Details - ImportResultOutputID=01ce733f857f5f030b892c24370392a1 DependenciesID=ef2661e3d2a137a3dd84bef8b16382da StaticDependenciesID=97b76810d4ec018e0a17e9b70bf2d863 
Number of updated asset objects reloaded before import = 0
Number of asset objects unloaded after import = 0
========================================================================
Received Import Request.
  Time of request: 2026-10-01T08:15:28.7529589Z
  Time since last request: 0.0003706 seconds.
  importAddress: GUID: 769f6f5dd7c8f2d4c9ab1caba0bd2628 - Path: Packages/com.unity.timeline/Editor/Manipulators/Trim/TrimItemModeReplace.cs - Importer: ScriptedImporter/UnityEditor.QuickSearchModule:UnityEditor.Search:ASIAI0B
Importing 'GUID: 769f6f5dd7c8f2d4c9ab1caba0bd2628 - Path: Packages/com.unity.timeline/Editor/Manipulators/Trim/TrimItemModeReplace.cs - Importer: ScriptedImporter/UnityEditor.QuickSearchModule:UnityEditor.Search:ASIAI0B' with importer (ScriptedImporter : UnityEditor.QuickSearchModule:UnityEditor.Search:ASIAI0B)
Imported 'GUID: 769f6f5dd7c8f2d4c9ab1caba0bd2628' -> (Import Result ID: '73a5fb2ed71d9d2d5a5a639f4a199acc') in 0.002 seconds [static and dynamic dependencies]. Details - ImportResultOutputID=a05707ca5eeb6de7a1acf825ebcfb56c DependenciesID=9dc86164a9cb48a38b62b5b288951ae6 StaticDependenciesID=597f04b913ebe5e462c0e2bc7ccd9287 
Number of updated asset objects reloaded before import = 0
Number of asset objects unloaded after import = 0
========================================================================
Received Import Request.
  Time of request: 2026-10-01T08:15:28.7631295Z
  Time since last request: 0.0005457 seconds.
  importAddress: GUID: af84cf39b8fa0654badd9278cbd00d77 - Path: Packages/com.unity.timeline/Editor/Utilities/Scopes/GUIViewportScope.cs - Importer: ScriptedImporter/UnityEditor.QuickSearchModule:UnityEditor.Search:ASIAI0B
Importing 'GUID: af84cf39b8fa0654badd9278cbd00d77 - Path: Packages/com.unity.timeline/Editor/Utilities/Scopes/GUIViewportScope.cs - Importer: ScriptedImporter/UnityEditor.QuickSearchModule:UnityEditor.Search:ASIAI0B' with importer (ScriptedImporter : UnityEditor.QuickSearchModule:UnityEditor.Search:ASIAI0B)
Imported 'GUID: af84cf39b8fa0654badd9278cbd00d77' -> (Import Result ID: '1b2ccfefa6ce0a5face10b6985b75aa8') in 0.001 seconds [static and dynamic dependencies]. Details - ImportResultOutputID=a1f358285c0b7255afbb9b670c860900 DependenciesID=0bb32f00a48e1fe0f43985117454e864 StaticDependenciesID=e28abfefac7101f47ebfa4ea841219cb 
Number of updated asset objects reloaded before import = 0
Number of asset objects unloaded after import = 0
========================================================================
Received Import Request.
  Time of request: 2026-10-01T08:15:28.7741584Z
  Time since last request: 0.0002447 seconds.
  importAddress: GUID: e98085123be873947970c4f10099a39a - Path: Packages/com.unity.timeline/Editor/StyleSheets/Extensions/light.uss - Importer: ScriptedImporter/UnityEditor.QuickSearchModule:UnityEditor.Search:ASIAI0B
Importing 'GUID: e98085123be873947970c4f10099a39a - Path: Packages/com.unity.timeline/Editor/StyleSheets/Extensions/light.uss - Importer: ScriptedImporter/UnityEditor.QuickSearchModule:UnityEditor.Search:ASIAI0B' with importer (ScriptedImporter : UnityEditor.QuickSearchModule:UnityEditor.Search:ASIAI0B)
Imported 'GUID: e98085123be873947970c4f10099a39a' -> (Import Result ID: '1dc2df384f2d74dba78b3db1e7b25f52') in 0.002 seconds [static and dynamic dependencies]. Details - ImportResultOutputID=bcad62c82d97154783cd0b0fe430925e DependenciesID=4c2e301469ba453eefe482f5bc6d1be4 StaticDependenciesID=49486c76162b89ecdd94b30e7cacd7c4 
Number of updated asset objects reloaded before import = 0
Number of asset objects unloaded after import = 1
========================================================================
Received Import Request.
  Time of request: 2026-10-01T08:15:28.7977772Z
  Time since last request: 0.0134617 seconds.
  importAddress: GUID: e52de21a22b6dd44c9cc19f810c65059 - Path: Packages/com.unity.timeline/Runtime/Events/Signals/SignalReceiver.cs - Importer: ScriptedImporter/UnityEditor.QuickSearchModule:UnityEditor.Search:ASIAI0B
Importing 'GUID: e52de21a22b6dd44c9cc19f810c65059 - Path: Packages/com.unity.timeline/Runtime/Events/Signals/SignalReceiver.cs - Importer: ScriptedImporter/UnityEditor.QuickSearchModule:UnityEditor.Search:ASIAI0B' with importer (ScriptedImporter : UnityEditor.QuickSearchModule:UnityEditor.Search:ASIAI0B)
Imported 'GUID: e52de21a22b6dd44c9cc19f810c65059' -> (Import Result ID: 'f341b724edc94aa623d06b25d703d347') in 0.001 seconds [static and dynamic dependencies]. Details - ImportResultOutputID=bb40364cea20b24ba617b0cd6c99622f DependenciesID=f9c3616800f520f69ec60033efabdc28 StaticDependenciesID=59bfda5dfbacae807925d62406c855a0 
Number of updated asset objects reloaded before import = 0
Number of asset objects unloaded after import = 0
========================================================================
Received Import Request.
  Time of request: 2026-10-01T08:15:28.8173811Z
  Time since last request: 0.0096842 seconds.
  importAddress: GUID: 3dd65256ca8837544b3e738c0d3ee0e2 - Path: Packages/com.unity.timeline/Editor/StyleSheets/Images/DarkSkin/TimelineMarkerItemSelected.png - Importer: ScriptedImporter/UnityEditor.QuickSearchModule:UnityEditor.Search:ASIAI0B
Importing 'GUID: 3dd65256ca8837544b3e738c0d3ee0e2 - Path: Packages/com.unity.timeline/Editor/StyleSheets/Images/DarkSkin/TimelineMarkerItemSelected.png - Importer: ScriptedImporter/UnityEditor.QuickSearchModule:UnityEditor.Search:ASIAI0B' with importer (ScriptedImporter : UnityEditor.QuickSearchModule:UnityEditor.Search:ASIAI0B)
Imported 'GUID: 3dd65256ca8837544b3e738c0d3ee0e2' -> (Import Result ID: 'ff61e987fe225f9ca6ed0a89c18d026f') in 0.006 seconds [static and dynamic dependencies]. Details - ImportResultOutputID=5647f72923ec409bc62e2ce8d135f39e DependenciesID=864059046fd03075acc204ebe6ed8855 StaticDependenciesID=64c13f1b1d5cdbd65407d440fa2bfba3 
Number of updated asset objects reloaded before import = 0
Number of asset objects unloaded after import = 1
========================================================================
Received Import Request.
  Time of request: 2026-10-01T08:15:28.8326569Z
  Time since last request: 0.0004233 seconds.
  importAddress: GUID: 183f7b7549219ab47becb461a16df882 - Path: Packages/com.unity.timeline/Editor/StyleSheets/Images/DarkSkin/TimelineAutokey_active@2x.png - Importer: ScriptedImporter/UnityEditor.QuickSearchModule:UnityEditor.Search:ASIAI0B
Importing 'GUID: 183f7b7549219ab47becb461a16df882 - Path: Packages/com.unity.timeline/Editor/StyleSheets/Images/DarkSkin/TimelineAutokey_active@2x.png - Importer: ScriptedImporter/UnityEditor.QuickSearchModule:UnityEditor.Search:ASIAI0B' with importer (ScriptedImporter : UnityEditor.QuickSearchModule:UnityEditor.Search:ASIAI0B)
Imported 'GUID: 183f7b7549219ab47becb461a16df882' -> (Import Result ID: '228e7f7f066f1f924ac7523216e520c3') in 0.004 seconds [static and dynamic dependencies]. Details - ImportResultOutputID=31e3481b47cd87fd7024baa1deefcb4f DependenciesID=276695b24ab13429a3ce414cd0cc9e5d StaticDependenciesID=7b80db81fd22f4c49e12b7b4f9863649 
Number of updated asset objects reloaded before import = 0
Number of asset objects unloaded after import = 1
========================================================================
Received Import Request.
  Time of request: 2026-10-01T08:15:28.8454667Z
  Time since last request: 0.0002044 seconds.
  importAddress: GUID: 91746a504b59769439bb2749c314d231 - Path: Packages/com.unity.timeline/Editor/StyleSheets/Images/Icons/d_TrackAvatarButtonDisabled.png - Importer: ScriptedImporter/UnityEditor.QuickSearchModule:UnityEditor.Search:ASIAI0B
Importing 'GUID: 91746a504b59769439bb2749c314d231 - Path: Packages/com.unity.timeline/Editor/StyleSheets/Images/Icons/d_TrackAvatarButtonDisabled.png - Importer: ScriptedImporter/UnityEditor.QuickSearchModule:UnityEditor.Search:ASIAI0B' with importer (ScriptedImporter : UnityEditor.QuickSearchModule:UnityEditor.Search:ASIAI0B)
Imported 'GUID: 91746a504b59769439bb2749c314d231' -> (Import Result ID: 'c9b16e46618a4a4a417061a776ba3dcc') in 0.007 seconds [static and dynamic dependencies]. Details - ImportResultOutputID=34df9b61d732fcc7048392cd5823525a DependenciesID=ce0662eae98b2e7c0d32a8db541defa8 StaticDependenciesID=47bc359dd2d5ef6f0e4a135f15c68c2a 
Number of updated asset objects reloaded before import = 0
Number of asset objects unloaded after import = 1
========================================================================
Received Import Request.
  Time of request: 2026-10-01T08:15:28.8604236Z
  Time since last request: 0.0002597 seconds.
  importAddress: GUID: 360dded8761e81d4d98c10f469d55492 - Path: Packages/com.unity.timeline/Editor/StyleSheets/Images/DarkSkin/TimelineLoop.png - Importer: ScriptedImporter/UnityEditor.QuickSearchModule:UnityEditor.Search:ASIAI0B
Importing 'GUID: 360dded8761e81d4d98c10f469d55492 - Path: Packages/com.unity.timeline/Editor/StyleSheets/Images/DarkSkin/TimelineLoop.png - Importer: ScriptedImporter/UnityEditor.QuickSearchModule:UnityEditor.Search:ASIAI0B' with importer (ScriptedImporter : UnityEditor.QuickSearchModule:UnityEditor.Search:ASIAI0B)
Imported 'GUID: 360dded8761e81d4d98c10f469d55492' -> (Import Result ID: '9cd59723e910725cd5e63e2f36af8874') in 0.006 seconds [static and dynamic dependencies]. Details - ImportResultOutputID=6fb723a12d7551f1347930bde5896fb5 DependenciesID=2eb18b2ad35a44e814f9805ae129929c StaticDependenciesID=25c359c13edbdd8e305c03bf4e90beb9 
Number of updated asset objects reloaded before import = 0
Number of asset objects unloaded after import = 1
========================================================================
Received Import Request.
  Time of request: 2026-10-01T08:15:28.87485Z
  Time since last request: 0.0004509 seconds.
  importAddress: GUID: 5060c9f9eb2f7ee4695b638a21d8fe01 - Path: Packages/com.unity.timeline/Editor/StyleSheets/Images/DarkSkin/TimelineStartPlayback.png - Importer: ScriptedImporter/UnityEditor.QuickSearchModule:UnityEditor.Search:ASIAI0B
Importing 'GUID: 5060c9f9eb2f7ee4695b638a21d8fe01 - Path: Packages/com.unity.timeline/Editor/StyleSheets/Images/DarkSkin/TimelineStartPlayback.png - Importer: ScriptedImporter/UnityEditor.QuickSearchModule:UnityEditor.Search:ASIAI0B' with importer (ScriptedImporter : UnityEditor.QuickSearchModule:UnityEditor.Search:ASIAI0B)
Imported 'GUID: 5060c9f9eb2f7ee4695b638a21d8fe01' -> (Import Result ID: '40d667ed4fe0fffa8a07c0aa04ccddee') in 0.004 seconds [static and dynamic dependencies]. Details - ImportResultOutputID=ca68c2c198c5a4a57bacd6dc86dab13e DependenciesID=168e82b08fbf3a0d2cabe2c770fb23f0 StaticDependenciesID=de3138767ce4b0a55523fcb01465390b 
Number of updated asset objects reloaded before import = 0
Number of asset objects unloaded after import = 1
========================================================================
Received Import Request.
  Time of request: 2026-10-01T08:15:28.8874548Z
  Time since last request: 0.0005058 seconds.
  importAddress: GUID: d55a54a15106e3f418a43134888f2211 - Path: Packages/com.unity.timeline/Editor/StyleSheets/Images/Icons/d_TrackCurvesButtonDisabled.png - Importer: ScriptedImporter/UnityEditor.QuickSearchModule:UnityEditor.Search:ASIAI0B
Importing 'GUID: d55a54a15106e3f418a43134888f2211 - Path: Packages/com.unity.timeline/Editor/StyleSheets/Images/Icons/d_TrackCurvesButtonDisabled.png - Importer: ScriptedImporter/UnityEditor.QuickSearchModule:UnityEditor.Search:ASIAI0B' with importer (ScriptedImporter : UnityEditor.QuickSearchModule:UnityEditor.Search:ASIAI0B)
Imported 'GUID: d55a54a15106e3f418a43134888f2211' -> (Import Result ID: '82b2add215aacd7ed0a478e7240c8918') in 0.004 seconds [static and dynamic dependencies]. Details - ImportResultOutputID=4cebaea13f1e6880fa094092a0d5b0b6 DependenciesID=9cc96d169f91321b9f29351d304c2e55 StaticDependenciesID=b07117612ec3ad1a88ee05b64198426c 
Number of updated asset objects reloaded before import = 0
Number of asset objects unloaded after import = 1
========================================================================
Received Import Request.
  Time of request: 2026-10-01T08:15:28.9051234Z
  Time since last request: 0.0029526 seconds.
  importAddress: GUID: d3b5c4f7d6b94f64085b3713bffa680e - Path: Packages/com.unity.timeline/Editor/StyleSheets/Images/DarkSkin/TimelinePingPong.png - Importer: ScriptedImporter/UnityEditor.QuickSearchModule:UnityEditor.Search:ASIAI0B
Importing 'GUID: d3b5c4f7d6b94f64085b3713bffa680e - Path: Packages/com.unity.timeline/Editor/StyleSheets/Images/DarkSkin/TimelinePingPong.png - Importer: ScriptedImporter/UnityEditor.QuickSearchModule:UnityEditor.Search:ASIAI0B' with importer (ScriptedImporter : UnityEditor.QuickSearchModule:UnityEditor.Search:ASIAI0B)
Imported 'GUID: d3b5c4f7d6b94f64085b3713bffa680e' -> (Import Result ID: 'fd5139e7aae1601a33bddcfbf2435a10') in 0.004 seconds [static and dynamic dependencies]. Details - ImportResultOutputID=b31f98d2a2100e2d2d2dfc07a8cff115 DependenciesID=bec501b16cc13961d27241d4b84bba2d StaticDependenciesID=4c75c693eb6e63ff2718cc0f4b0357d6 
Number of updated asset objects reloaded before import = 0
Number of asset objects unloaded after import = 1
========================================================================
Received Import Request.
  Time of request: 2026-10-01T08:15:28.9358119Z
  Time since last request: 0.0170077 seconds.
  importAddress: GUID: 9e541b6dcfb77d34481f69b3d62d0343 - Path: Packages/com.unity.timeline/Editor/StyleSheets/Images/Icons/TrackCurvesButtonEnabled@2x.png - Importer: ScriptedImporter/UnityEditor.QuickSearchModule:UnityEditor.Search:ASIAI0B
Importing 'GUID: 9e541b6dcfb77d34481f69b3d62d0343 - Path: Packages/com.unity.timeline/Editor/StyleSheets/Images/Icons/TrackCurvesButtonEnabled@2x.png - Importer: ScriptedImporter/UnityEditor.QuickSearchModule:UnityEditor.Search:ASIAI0B' with importer (ScriptedImporter : UnityEditor.QuickSearchModule:UnityEditor.Search:ASIAI0B)
Imported 'GUID: 9e541b6dcfb77d34481f69b3d62d0343' -> (Import Result ID: '67ab7030e343926ff484725fc58248e7') in 0.004 seconds [static and dynamic dependencies]. Details - ImportResultOutputID=e8613dbc2136e9add8a41a4e3c71f7dd DependenciesID=85b434f7a86e866ddc5557a95e4511a9 StaticDependenciesID=7a0dd7316847946df03538ffc115e287 
Number of updated asset objects reloaded before import = 0
Number of asset objects unloaded after import = 1
========================================================================
Received Import Request.
  Time of request: 2026-10-01T08:15:28.9485916Z
  Time since last request: 0.0004542 seconds.
  importAddress: GUID: 0367ce1ebbbb18940b79eed63a0315d5 - Path: Packages/com.unity.timeline/Editor/StyleSheets/Images/Icons/TimelineCollapseMarkerButtonEnabled.png - Importer: ScriptedImporter/UnityEditor.QuickSearchModule:UnityEditor.Search:ASIAI0B
Importing 'GUID: 0367ce1ebbbb18940b79eed63a0315d5 - Path: Packages/com.unity.timeline/Editor/StyleSheets/Images/Icons/TimelineCollapseMarkerButtonEnabled.png - Importer: ScriptedImporter/UnityEditor.QuickSearchModule:UnityEditor.Search:ASIAI0B' with importer (ScriptedImporter : UnityEditor.QuickSearchModule:UnityEditor.Search:ASIAI0B)
Imported 'GUID: 0367ce1ebbbb18940b79eed63a0315d5' -> (Import Result ID: 'cf9bad152d70bc710fbc06c48a8c66b6') in 0.006 seconds [static and dynamic dependencies]. Details - ImportResultOutputID=54b5d7248ed5b949a57e15d9fa376085 DependenciesID=fe3a7deb3f8c24191b492f0a88bead5a StaticDependenciesID=e507a5a5108b861a4eb84b7c75d409cb 
Number of updated asset objects reloaded before import = 0
Number of asset objects unloaded after import = 1
========================================================================
Received Import Request.
  Time of request: 2026-10-01T08:15:28.9633263Z
  Time since last request: 0.0003013 seconds.
  importAddress: GUID: b8c531b4e51e4994a81837c4e9b0d649 - Path: Packages/com.unity.timeline/Editor/StyleSheets/Images/Icons/TrackLockButtonEnabled@2x.png - Importer: ScriptedImporter/UnityEditor.QuickSearchModule:UnityEditor.Search:ASIAI0B
Importing 'GUID: b8c531b4e51e4994a81837c4e9b0d649 - Path: Packages/com.unity.timeline/Editor/StyleSheets/Images/Icons/TrackLockButtonEnabled@2x.png - Importer: ScriptedImporter/UnityEditor.QuickSearchModule:UnityEditor.Search:ASIAI0B' with importer (ScriptedImporter : UnityEditor.QuickSearchModule:UnityEditor.Search:ASIAI0B)
Imported 'GUID: b8c531b4e51e4994a81837c4e9b0d649' -> (Import Result ID: '04d57dc9349328050e0e6c14a6952e46') in 0.004 seconds [static and dynamic dependencies]. Details - ImportResultOutputID=137217e4e197faffdd5e5e3f1ff47c4e DependenciesID=a2f037e71d713035d4b95884f8b4de38 StaticDependenciesID=fc0991d48e8aa192a6f844ee8f6025b9 
Number of updated asset objects reloaded before import = 0
Number of asset objects unloaded after import = 1
========================================================================
Received Import Request.
  Time of request: 2026-10-01T08:15:28.9754723Z
  Time since last request: 0.0003435 seconds.
  importAddress: GUID: c35a22ede3f5feb488bf69587ddc36ed - Path: Packages/com.unity.timeline/Editor/StyleSheets/Images/Icons/TrackMarkerButtonEnabled@2x.png - Importer: ScriptedImporter/UnityEditor.QuickSearchModule:UnityEditor.Search:ASIAI0B
Importing 'GUID: c35a22ede3f5feb488bf69587ddc36ed - Path: Packages/com.unity.timeline/Editor/StyleSheets/Images/Icons/TrackMarkerButtonEnabled@2x.png - Importer: ScriptedImporter/UnityEditor.QuickSearchModule:UnityEditor.Search:ASIAI0B' with importer (ScriptedImporter : UnityEditor.QuickSearchModule:UnityEditor.Search:ASIAI0B)
Imported 'GUID: c35a22ede3f5feb488bf69587ddc36ed' -> (Import Result ID: '15eaef99f6268d09488b5b1404429f39') in 0.006 seconds [static and dynamic dependencies]. Details - ImportResultOutputID=211f62eee31673a396911fe94fd9a711 DependenciesID=2d8af665037f7a538af04300a626c170 StaticDependenciesID=7686cc5caedba1593ca1d76880543938 
Number of updated asset objects reloaded before import = 0
Number of asset objects unloaded after import = 1
========================================================================
Received Import Request.
  Time of request: 2026-10-01T08:15:28.9924654Z
  Time since last request: 0.0004382 seconds.
  importAddress: GUID: 6091f9516d23100479c03bca26138bc8 - Path: Packages/com.unity.timeline/Editor/StyleSheets/Images/Icons/TrackRecordButtonDisabled@2x.png - Importer: ScriptedImporter/UnityEditor.QuickSearchModule:UnityEditor.Search:ASIAI0B
Importing 'GUID: 6091f9516d23100479c03bca26138bc8 - Path: Packages/com.unity.timeline/Editor/StyleSheets/Images/Icons/TrackRecordButtonDisabled@2x.png - Importer: ScriptedImporter/UnityEditor.QuickSearchModule:UnityEditor.Search:ASIAI0B' with importer (ScriptedImporter : UnityEditor.QuickSearchModule:UnityEditor.Search:ASIAI0B)
Imported 'GUID: 6091f9516d23100479c03bca26138bc8' -> (Import Result ID: '60b55398a935c4fd41dc2dd1fa37f1c6') in 0.004 seconds [static and dynamic dependencies]. Details - ImportResultOutputID=d7eac029d49e858093635b969fe0e367 DependenciesID=33e44c0ec5988184a880f91d1b6d0f45 StaticDependenciesID=7e6393ac66a4ab8c8f9f666400acc6d6 
Number of updated asset objects reloaded before import = 0
Number of asset objects unloaded after import = 1
========================================================================
Received Import Request.
  Time of request: 2026-10-01T08:15:29.0068145Z
  Time since last request: 0.0004835 seconds.
  importAddress: GUID: 0f1c9a12872a30f45bab34f536332bb3 - Path: Packages/com.unity.timeline/Editor/StyleSheets/Images/Icons/d_TrackRecordButtonEnabled@2x.png - Importer: ScriptedImporter/UnityEditor.QuickSearchModule:UnityEditor.Search:ASIAI0B
Importing 'GUID: 0f1c9a12872a30f45bab34f536332bb3 - Path: Packages/com.unity.timeline/Editor/StyleSheets/Images/Icons/d_TrackRecordButtonEnabled@2x.png - Importer: ScriptedImporter/UnityEditor.QuickSearchModule:UnityEditor.Search:ASIAI0B' with importer (ScriptedImporter : UnityEditor.QuickSearchModule:UnityEditor.Search:ASIAI0B)
Imported 'GUID: 0f1c9a12872a30f45bab34f536332bb3' -> (Import Result ID: '52bf0c501b96dfd9210e296f4da99e67') in 0.005 seconds [static and dynamic dependencies]. Details - ImportResultOutputID=255d10df29ae34694ec17c342e9ffc98 DependenciesID=1780cc2b4845570b46618cdbc3c04940 StaticDependenciesID=d663494a12fa2c0399b4063878eaede8 
Number of updated asset objects reloaded before import = 0
Number of asset objects unloaded after import = 1
========================================================================
Received Import Request.
  Time of request: 2026-10-01T08:15:29.0202679Z
  Time since last request: 0.0003647 seconds.
  importAddress: GUID: 09ae14686a02d484ab41e76fd1efba14 - Path: Packages/com.unity.timeline/Editor/StyleSheets/Images/Icons/TimelineEditModeReplaceOFF.png - Importer: ScriptedImporter/UnityEditor.QuickSearchModule:UnityEditor.Search:ASIAI0B
Importing 'GUID: 09ae14686a02d484ab41e76fd1efba14 - Path: Packages/com.unity.timeline/Editor/StyleSheets/Images/Icons/TimelineEditModeReplaceOFF.png - Importer: ScriptedImporter/UnityEditor.QuickSearchModule:UnityEditor.Search:ASIAI0B' with importer (ScriptedImporter : UnityEditor.QuickSearchModule:UnityEditor.Search:ASIAI0B)
Imported 'GUID: 09ae14686a02d484ab41e76fd1efba14' -> (Import Result ID: '4a85c11687c1398ed0ff717c481f1a18') in 0.005 seconds [static and dynamic dependencies]. Details - ImportResultOutputID=41af576b42807188840852d0966c8f3d DependenciesID=256315b583a464a25587ab9b1b67f4b7 StaticDependenciesID=d8e19ddd38cd55a43bffe8c4f2cd47be 
Number of updated asset objects reloaded before import = 0
Number of asset objects unloaded after import = 1
========================================================================
Received Import Request.
  Time of request: 2026-10-01T08:15:29.0343926Z
  Time since last request: 0.0002582 seconds.
  importAddress: GUID: cf3fbf98d5c3f1941bd9c0256918a4c8 - Path: Packages/com.unity.timeline/Editor/StyleSheets/Images/LightSkin/TimelineAutokey@2x.png - Importer: ScriptedImporter/UnityEditor.QuickSearchModule:UnityEditor.Search:ASIAI0B
Importing 'GUID: cf3fbf98d5c3f1941bd9c0256918a4c8 - Path: Packages/com.unity.timeline/Editor/StyleSheets/Images/LightSkin/TimelineAutokey@2x.png - Importer: ScriptedImporter/UnityEditor.QuickSearchModule:UnityEditor.Search:ASIAI0B' with importer (ScriptedImporter : UnityEditor.QuickSearchModule:UnityEditor.Search:ASIAI0B)
Imported 'GUID: cf3fbf98d5c3f1941bd9c0256918a4c8' -> (Import Result ID: '730b53b8aa704e1a7e9ddd6a7a6b1235') in 0.005 seconds [static and dynamic dependencies]. Details - ImportResultOutputID=2a0ad786e3a070866038bc68924a3f3c DependenciesID=e07577b985bb9581115c123f8ca765f1 StaticDependenciesID=13c0b2d2c80defcfbf235914116739f6 
Number of updated asset objects reloaded before import = 0
Number of asset objects unloaded after import = 1
========================================================================
Received Import Request.
  Time of request: 2026-10-01T08:15:29.0755554Z
  Time since last request: 0.026412 seconds.
  importAddress: GUID: a88fa20ed164bbe4da6bf533f94a3113 - Path: Packages/com.unity.timeline/Editor/StyleSheets/Images/LightSkin/TimelineSignalCollapsed.png - Importer: ScriptedImporter/UnityEditor.QuickSearchModule:UnityEditor.Search:ASIAI0B
Importing 'GUID: a88fa20ed164bbe4da6bf533f94a3113 - Path: Packages/com.unity.timeline/Editor/StyleSheets/Images/LightSkin/TimelineSignalCollapsed.png - Importer: ScriptedImporter/UnityEditor.QuickSearchModule:UnityEditor.Search:ASIAI0B' with importer (ScriptedImporter : UnityEditor.QuickSearchModule:UnityEditor.Search:ASIAI0B)
Imported 'GUID: a88fa20ed164bbe4da6bf533f94a3113' -> (Import Result ID: '1ebfaf8ac435080db53354f7b5b179bf') in 0.004 seconds [static and dynamic dependencies]. Details - ImportResultOutputID=81f9f59f628a9fb20fb63944f5102986 DependenciesID=e701e59c1202567bc3a1da52ba680276 StaticDependenciesID=79155903fbbf395239cb79d572dda421 
Number of updated asset objects reloaded before import = 0
Number of asset objects unloaded after import = 1
========================================================================
Received Import Request.
  Time of request: 2026-10-01T08:15:29.0884171Z
  Time since last request: 0.0004636 seconds.
  importAddress: GUID: 824c4beb0ca6c934bbc7a26919302236 - Path: Packages/com.unity.timeline/Editor/StyleSheets/Images/LightSkin/TimelineStartPlayback.png - Importer: ScriptedImporter/UnityEditor.QuickSearchModule:UnityEditor.Search:ASIAI0B
Importing 'GUID: 824c4beb0ca6c934bbc7a26919302236 - Path: Packages/com.unity.timeline/Editor/StyleSheets/Images/LightSkin/TimelineStartPlayback.png - Importer: ScriptedImporter/UnityEditor.QuickSearchModule:UnityEditor.Search:ASIAI0B' with importer (ScriptedImporter : UnityEditor.QuickSearchModule:UnityEditor.Search:ASIAI0B)
Imported 'GUID: 824c4beb0ca6c934bbc7a26919302236' -> (Import Result ID: '6aa552a91c5be1416a1e5643e98e6dcb') in 0.004 seconds [static and dynamic dependencies]. Details - ImportResultOutputID=707bccd145555eaab242f41c4b1f2e72 DependenciesID=5d6bce9bdfe50cd66077d872e1917932 StaticDependenciesID=ac3184dcfb36d222b9e342fe82ac1848 
Number of updated asset objects reloaded before import = 0
Number of asset objects unloaded after import = 1
========================================================================
Received Import Request.
  Time of request: 2026-10-01T08:15:29.1103649Z
  Time since last request: 0.0088965 seconds.
  importAddress: GUID: 8c0c4a4a1781441ff8c5f9585d5a3462 - Path: Packages/com.unity.ai.navigation/Editor/ConversionSystem/EditorStyles.cs - Importer: ScriptedImporter/UnityEditor.QuickSearchModule:UnityEditor.Search:ASIAI0B
Importing 'GUID: 8c0c4a4a1781441ff8c5f9585d5a3462 - Path: Packages/com.unity.ai.navigation/Editor/ConversionSystem/EditorStyles.cs - Importer: ScriptedImporter/UnityEditor.QuickSearchModule:UnityEditor.Search:ASIAI0B' with importer (ScriptedImporter : UnityEditor.QuickSearchModule:UnityEditor.Search:ASIAI0B)
Imported 'GUID: 8c0c4a4a1781441ff8c5f9585d5a3462' -> (Import Result ID: 'b5c8d8f423002ec9da7180e448b028fa') in 0.002 seconds [static and dynamic dependencies]. Details - ImportResultOutputID=0cd18604d12d620ff9a755182bcb9cab DependenciesID=d67c42323a33371f500e3b1324ec90e4 StaticDependenciesID=dfc5ff6927eafdbb98df1358b1a6d5f5 
Number of updated asset objects reloaded before import = 0
Number of asset objects unloaded after import = 0
========================================================================
Received Import Request.
  Time of request: 2026-10-01T08:15:29.1211259Z
  Time since last request: 0.0003642 seconds.
  importAddress: GUID: 3df4f0279114423485294ff1196c6644 - Path: Packages/com.unity.ai.navigation/Runtime/AssemblyInfo.cs - Importer: ScriptedImporter/UnityEditor.QuickSearchModule:UnityEditor.Search:ASIAI0B
Importing 'GUID: 3df4f0279114423485294ff1196c6644 - Path: Packages/com.unity.ai.navigation/Runtime/AssemblyInfo.cs - Importer: ScriptedImporter/UnityEditor.QuickSearchModule:UnityEditor.Search:ASIAI0B' with importer (ScriptedImporter : UnityEditor.QuickSearchModule:UnityEditor.Search:ASIAI0B)
Imported 'GUID: 3df4f0279114423485294ff1196c6644' -> (Import Result ID: 'ef88156b66a219fba371b2d547c8f383') in 0.002 seconds [static and dynamic dependencies]. Details - ImportResultOutputID=f1435429697f6be7cab2d702a8e13cf2 DependenciesID=d3bf05f1d38b2355c9958348126cf869 StaticDependenciesID=2570ac430108dc177b643194229a9034 
Number of updated asset objects reloaded before import = 0
Number of asset objects unloaded after import = 0
========================================================================
Received Import Request.
  Time of request: 2026-10-01T08:15:29.1329965Z
  Time since last request: 0.0003167 seconds.
  importAddress: GUID: af8f9a7f066204789819c6a616afe2c0 - Path: Packages/com.unity.ai.navigation/LICENSE.md - Importer: ScriptedImporter/UnityEditor.QuickSearchModule:UnityEditor.Search:ASIAI0B
Importing 'GUID: af8f9a7f066204789819c6a616afe2c0 - Path: Packages/com.unity.ai.navigation/LICENSE.md - Importer: ScriptedImporter/UnityEditor.QuickSearchModule:UnityEditor.Search:ASIAI0B' with importer (ScriptedImporter : UnityEditor.QuickSearchModule:UnityEditor.Search:ASIAI0B)
Imported 'GUID: af8f9a7f066204789819c6a616afe2c0' -> (Import Result ID: '6662cd92a43fcd98d830a5a1aaab4ee3') in 0.001 seconds [static and dynamic dependencies]. Details - ImportResultOutputID=d2a79a593718da4b9747ac6837b25b9c DependenciesID=39a2f423c181009b6053f9ce08a0cba2 StaticDependenciesID=2e6030d15810a7b84e6cb0670df665ba 
Number of updated asset objects reloaded before import = 0
Number of asset objects unloaded after import = 1
========================================================================
Received Import Request.
  Time of request: 2026-10-01T08:15:29.1432064Z
  Time since last request: 0.0001949 seconds.
  importAddress: GUID: 6ad3f38e8fe7c4058ad4c718b8774a9e - Path: Packages/com.unity.ai.navigation/Runtime/HelpUrls.cs - Importer: ScriptedImporter/UnityEditor.QuickSearchModule:UnityEditor.Search:ASIAI0B
Importing 'GUID: 6ad3f38e8fe7c4058ad4c718b8774a9e - Path: Packages/com.unity.ai.navigation/Runtime/HelpUrls.cs - Importer: ScriptedImporter/UnityEditor.QuickSearchModule:UnityEditor.Search:ASIAI0B' with importer (ScriptedImporter : UnityEditor.QuickSearchModule:UnityEditor.Search:ASIAI0B)
Imported 'GUID: 6ad3f38e8fe7c4058ad4c718b8774a9e' -> (Import Result ID: '5cb6a3796de240e26e82fec003a258f2') in 0.001 seconds [static and dynamic dependencies]. Details - ImportResultOutputID=cc4dc34d3de57946b2316d43b765f688 DependenciesID=89f0087b5f96d90d8c7df6edc7aa842b StaticDependenciesID=45bc7041ae439d72d01c2d772467a49e 
Number of updated asset objects reloaded before import = 0
Number of asset objects unloaded after import = 0
========================================================================
Received Import Request.
  Time of request: 2026-10-01T08:15:29.1520016Z
  Time since last request: 0.0003987 seconds.
  importAddress: GUID: 1c32167dbf3314852b6006a288eb449b - Path: Packages/com.unity.ai.navigation/Editor/NavMeshSurfaceEditor.cs - Importer: ScriptedImporter/UnityEditor.QuickSearchModule:UnityEditor.Search:ASIAI0B
Importing 'GUID: 1c32167dbf3314852b6006a288eb449b - Path: Packages/com.unity.ai.navigation/Editor/NavMeshSurfaceEditor.cs - Importer: ScriptedImporter/UnityEditor.QuickSearchModule:UnityEditor.Search:ASIAI0B' with importer (ScriptedImporter : UnityEditor.QuickSearchModule:UnityEditor.Search:ASIAI0B)
Imported 'GUID: 1c32167dbf3314852b6006a288eb449b' -> (Import Result ID: 'e7fe281f4a48cab44ed5ee90335cfbe7') in 0.002 seconds [static and dynamic dependencies]. Details - ImportResultOutputID=a290a1324f5b16d104a2605417fb5f1a DependenciesID=f5e715edee458923ee23d98c7247aeee StaticDependenciesID=3e598d40033700c52d8ffc6ae17bc13f 
Number of updated asset objects reloaded before import = 0
Number of asset objects unloaded after import = 0
========================================================================
Received Import Request.
  Time of request: 2026-10-01T08:15:29.1648197Z
  Time since last request: 0.0003372 seconds.
  importAddress: GUID: 203bedb65db239c4aa5d9cf073cd3b73 - Path: Packages/com.unity.ai.navigation/ValidationExceptions.json - Importer: ScriptedImporter/UnityEditor.QuickSearchModule:UnityEditor.Search:ASIAI0B
Importing 'GUID: 203bedb65db239c4aa5d9cf073cd3b73 - Path: Packages/com.unity.ai.navigation/ValidationExceptions.json - Importer: ScriptedImporter/UnityEditor.QuickSearchModule:UnityEditor.Search:ASIAI0B' with importer (ScriptedImporter : UnityEditor.QuickSearchModule:UnityEditor.Search:ASIAI0B)
Imported 'GUID: 203bedb65db239c4aa5d9cf073cd3b73' -> (Import Result ID: 'c186d5446e00c7ac88d3cbe51a0ad063') in 0.002 seconds [static and dynamic dependencies]. Details - ImportResultOutputID=8fcd182705e4ad9823299b1414e00469 DependenciesID=aa583a9eae0f309cd9c10dd258e6c7b4 StaticDependenciesID=d359041006a48f8253cf38144a5bc6f4 
Number of updated asset objects reloaded before import = 0
Number of asset objects unloaded after import = 1
========================================================================
Received Import Request.
  Time of request: 2026-10-01T08:15:29.1858999Z
  Time since last request: 0.0115791 seconds.
  importAddress: GUID: 5b2a8a1e265e99b4fb8d77061490f397 - Path: Packages/com.unity.ai.navigation/EditorResources/Overlay/d_NavigationOverlay On@128.png - Importer: ScriptedImporter/UnityEditor.QuickSearchModule:UnityEditor.Search:ASIAI0B
Importing 'GUID: 5b2a8a1e265e99b4fb8d77061490f397 - Path: Packages/com.unity.ai.navigation/EditorResources/Overlay/d_NavigationOverlay On@128.png - Importer: ScriptedImporter/UnityEditor.QuickSearchModule:UnityEditor.Search:ASIAI0B' with importer (ScriptedImporter : UnityEditor.QuickSearchModule:UnityEditor.Search:ASIAI0B)
Imported 'GUID: 5b2a8a1e265e99b4fb8d77061490f397' -> (Import Result ID: '5c1a8809a95389620a34f8ed1ba75078') in 0.004 seconds [static and dynamic dependencies]. Details - ImportResultOutputID=6896b271fa9dfbcc78f4d0b1ff11f270 DependenciesID=39ac9875599d1026b69689b94c11f68a StaticDependenciesID=715256f2007daf30f7bd65c39e435a45 
Number of updated asset objects reloaded before import = 0
Number of asset objects unloaded after import = 1
========================================================================
Received Import Request.
  Time of request: 2026-10-01T08:15:29.1982051Z
  Time since last request: 0.0003211 seconds.
  importAddress: GUID: b3cd430fb0ffe164fa829262bb9e1d4b - Path: Packages/com.unity.ai.navigation/EditorResources/Overlay/d_NavigationOverlay On@64.png - Importer: ScriptedImporter/UnityEditor.QuickSearchModule:UnityEditor.Search:ASIAI0B
Importing 'GUID: b3cd430fb0ffe164fa829262bb9e1d4b - Path: Packages/com.unity.ai.navigation/EditorResources/Overlay/d_NavigationOverlay On@64.png - Importer: ScriptedImporter/UnityEditor.QuickSearchModule:UnityEditor.Search:ASIAI0B' with importer (ScriptedImporter : UnityEditor.QuickSearchModule:UnityEditor.Search:ASIAI0B)
Imported 'GUID: b3cd430fb0ffe164fa829262bb9e1d4b' -> (Import Result ID: '173fe65d0cd4983bf12dc237fd484dcb') in 0.005 seconds [static and dynamic dependencies]. Details - ImportResultOutputID=c8df7bc931bf257213b8b70541e38eb1 DependenciesID=ea7984d0a580148c244b13c4f8add17b StaticDependenciesID=905520eb8b1ce0c7402e7c99384a3197 
Number of updated asset objects reloaded before import = 0
Number of asset objects unloaded after import = 1
========================================================================
Received Import Request.
  Time of request: 2026-10-01T08:15:29.2117914Z
  Time since last request: 0.0003257 seconds.
  importAddress: GUID: 7d5867654fa2bf448b06f384143ceca7 - Path: Packages/com.unity.ai.navigation/EditorResources/Overlay/d_NavigationOverlay@2x.png - Importer: ScriptedImporter/UnityEditor.QuickSearchModule:UnityEditor.Search:ASIAI0B
Importing 'GUID: 7d5867654fa2bf448b06f384143ceca7 - Path: Packages/com.unity.ai.navigation/EditorResources/Overlay/d_NavigationOverlay@2x.png - Importer: ScriptedImporter/UnityEditor.QuickSearchModule:UnityEditor.Search:ASIAI0B' with importer (ScriptedImporter : UnityEditor.QuickSearchModule:UnityEditor.Search:ASIAI0B)
Imported 'GUID: 7d5867654fa2bf448b06f384143ceca7' -> (Import Result ID: '238d10ae2049384286155c5aef4aa5f0') in 0.006 seconds [static and dynamic dependencies]. Details - ImportResultOutputID=f91f7c2f267ae3df444de49bcbdee077 DependenciesID=9f0d78f781368427cff8d03c6e83438f StaticDependenciesID=0c7ff5d0815834392d02df2af0034a40 
Number of updated asset objects reloaded before import = 0
Number of asset objects unloaded after import = 1
========================================================================
Received Import Request.
  Time of request: 2026-10-01T08:15:29.2253603Z
  Time since last request: 0.0004362 seconds.
  importAddress: GUID: 8d8d1929f2279804e8a744d3da25e23b - Path: Packages/com.unity.ai.navigation/EditorResources/Overlay/d_NavigationOverlay@16.png - Importer: ScriptedImporter/UnityEditor.QuickSearchModule:UnityEditor.Search:ASIAI0B
Importing 'GUID: 8d8d1929f2279804e8a744d3da25e23b - Path: Packages/com.unity.ai.navigation/EditorResources/Overlay/d_NavigationOverlay@16.png - Importer: ScriptedImporter/UnityEditor.QuickSearchModule:UnityEditor.Search:ASIAI0B' with importer (ScriptedImporter : UnityEditor.QuickSearchModule:UnityEditor.Search:ASIAI0B)
Imported 'GUID: 8d8d1929f2279804e8a744d3da25e23b' -> (Import Result ID: '55fd6b50dae884af1d497ad8469510ab') in 0.005 seconds [static and dynamic dependencies]. Details - ImportResultOutputID=16eca49332b12e78795c8c749ccd40f3 DependenciesID=e1dda34955139cddea9ce11ffcf331e7 StaticDependenciesID=6ecdaf7069ace430a8742bceb87437a8 
Number of updated asset objects reloaded before import = 0
Number of asset objects unloaded after import = 1
========================================================================
Received Import Request.
  Time of request: 2026-10-01T08:15:29.2719531Z
  Time since last request: 0.0331433 seconds.
  importAddress: GUID: de02f9e1d18f588468e474319d09a723 - Path: Packages/com.unity.shadergraph/Editor/ShaderGraphProjectSettings.cs - Importer: ScriptedImporter/UnityEditor.QuickSearchModule:UnityEditor.Search:ASIAI0B
Importing 'GUID: de02f9e1d18f588468e474319d09a723 - Path: Packages/com.unity.shadergraph/Editor/ShaderGraphProjectSettings.cs - Importer: ScriptedImporter/UnityEditor.QuickSearchModule:UnityEditor.Search:ASIAI0B' with importer (ScriptedImporter : UnityEditor.QuickSearchModule:UnityEditor.Search:ASIAI0B)
Imported 'GUID: de02f9e1d18f588468e474319d09a723' -> (Import Result ID: 'eb75b534ea804172dfcb702464b03a78') in 0.002 seconds [static and dynamic dependencies]. Details - ImportResultOutputID=a7e17525289f9eb22c47eacc20fdffd7 DependenciesID=5c1813bece6b87c600dec4bda011cb68 StaticDependenciesID=69d6eddfe511ddf9e3da7114707b2eaa 
Number of updated asset objects reloaded before import = 0
Number of asset objects unloaded after import = 0
========================================================================
Received Import Request.
  Time of request: 2026-10-01T08:15:29.281757Z
  Time since last request: 0.0001758 seconds.
  importAddress: GUID: a65122cb60c266746acf35e0e5c8ac96 - Path: Packages/com.unity.shadergraph/ValidationConfig.json - Importer: ScriptedImporter/UnityEditor.QuickSearchModule:UnityEditor.Search:ASIAI0B
Importing 'GUID: a65122cb60c266746acf35e0e5c8ac96 - Path: Packages/com.unity.shadergraph/ValidationConfig.json - Importer: ScriptedImporter/UnityEditor.QuickSearchModule:UnityEditor.Search:ASIAI0B' with importer (ScriptedImporter : UnityEditor.QuickSearchModule:UnityEditor.Search:ASIAI0B)
Imported 'GUID: a65122cb60c266746acf35e0e5c8ac96' -> (Import Result ID: '231a9d0e860a1b015d2465a503e291f3') in 0.002 seconds [static and dynamic dependencies]. Details - ImportResultOutputID=b96b369a660f130b13042849264185d6 DependenciesID=b7bbc25b152464da55aebba89a4dadfd StaticDependenciesID=b16fae20e58fbc38e66e30baa4583b81 
Number of updated asset objects reloaded before import = 0
Number of asset objects unloaded after import = 1
========================================================================
Received Import Request.
  Time of request: 2026-10-01T08:15:29.2930421Z
  Time since last request: 0.00048 seconds.
  importAddress: GUID: 0db5a27336918594d860a43da98f2b47 - Path: Packages/com.unity.shadergraph/ShaderGraphLibrary/PreviewPass.hlsl - Importer: ScriptedImporter/UnityEditor.QuickSearchModule:UnityEditor.Search:ASIAI0B
Importing 'GUID: 0db5a27336918594d860a43da98f2b47 - Path: Packages/com.unity.shadergraph/ShaderGraphLibrary/PreviewPass.hlsl - Importer: ScriptedImporter/UnityEditor.QuickSearchModule:UnityEditor.Search:ASIAI0B' with importer (ScriptedImporter : UnityEditor.QuickSearchModule:UnityEditor.Search:ASIAI0B)
Imported 'GUID: 0db5a27336918594d860a43da98f2b47' -> (Import Result ID: 'deffbbf0d2f085c1ddd0d3e34820e2b0') in 0.002 seconds [static and dynamic dependencies]. Details - ImportResultOutputID=830ff84430dcfa469a7a223c452a1789 DependenciesID=3f9380f83bd66d4efd59a7d91155f281 StaticDependenciesID=af47a12f4b8770e96dd9efc46540af13 
Number of updated asset objects reloaded before import = 0
Number of asset objects unloaded after import = 1
========================================================================
Received Import Request.
  Time of request: 2026-10-01T08:15:29.3035829Z
  Time since last request: 0.0002333 seconds.
  importAddress: GUID: 0d85288be460c884bba7ec9ef5c6684d - Path: Packages/com.unity.shadergraph/ShaderGraphLibrary/ShaderVariablesMatrixDefsLegacyUnity.hlsl - Importer: ScriptedImporter/UnityEditor.QuickSearchModule:UnityEditor.Search:ASIAI0B
Importing 'GUID: 0d85288be460c884bba7ec9ef5c6684d - Path: Packages/com.unity.shadergraph/ShaderGraphLibrary/ShaderVariablesMatrixDefsLegacyUnity.hlsl - Importer: ScriptedImporter/UnityEditor.QuickSearchModule:UnityEditor.Search:ASIAI0B' with importer (ScriptedImporter : UnityEditor.QuickSearchModule:UnityEditor.Search:ASIAI0B)
Imported 'GUID: 0d85288be460c884bba7ec9ef5c6684d' -> (Import Result ID: 'e56d3ef9a57dae59925bde94a08ec00c') in 0.002 seconds [static and dynamic dependencies]. Details - ImportResultOutputID=f84c804f43876f385c7350c6fed3f0cc DependenciesID=e846cb7d93bf7383c5fe2c85b2294e96 StaticDependenciesID=176bf5f1be1de51dc185f42fd4dca1cb 
Number of updated asset objects reloaded before import = 0
Number of asset objects unloaded after import = 1
========================================================================
Received Import Request.
  Time of request: 2026-10-01T08:15:29.3133082Z
  Time since last request: 0.0002544 seconds.
  importAddress: GUID: 1da453bbfb3b450fa1b226dbffebffbb - Path: Packages/com.unity.shadergraph/Editor/Importers/ShaderGraphIndexerExtension.cs - Importer: ScriptedImporter/UnityEditor.QuickSearchModule:UnityEditor.Search:ASIAI0B
Importing 'GUID: 1da453bbfb3b450fa1b226dbffebffbb - Path: Packages/com.unity.shadergraph/Editor/Importers/ShaderGraphIndexerExtension.cs - Importer: ScriptedImporter/UnityEditor.QuickSearchModule:UnityEditor.Search:ASIAI0B' with importer (ScriptedImporter : UnityEditor.QuickSearchModule:UnityEditor.Search:ASIAI0B)
Imported 'GUID: 1da453bbfb3b450fa1b226dbffebffbb' -> (Import Result ID: '70c44c3af3725791fc09a6dfd64d30bf') in 0.002 seconds [static and dynamic dependencies]. Details - ImportResultOutputID=31852d76b0d23c795457a9a23ac73c95 DependenciesID=4e61188bd2b44687efac33cb88906559 StaticDependenciesID=8b264090e3434e9622cc1849466b2da8 
Number of updated asset objects reloaded before import = 0
Number of asset objects unloaded after import = 0
========================================================================
Received Import Request.
  Time of request: 2026-10-01T08:15:29.3229034Z
  Time since last request: 0.0003037 seconds.
  importAddress: GUID: 1bd60a065aae998439c6d840e84132de - Path: Packages/com.unity.shadergraph/Editor/ShaderGraphAnalytics.cs - Importer: ScriptedImporter/UnityEditor.QuickSearchModule:UnityEditor.Search:ASIAI0B
Importing 'GUID: 1bd60a065aae998439c6d840e84132de - Path: Packages/com.unity.shadergraph/Editor/ShaderGraphAnalytics.cs - Importer: ScriptedImporter/UnityEditor.QuickSearchModule:UnityEditor.Search:ASIAI0B' with importer (ScriptedImporter : UnityEditor.QuickSearchModule:UnityEditor.Search:ASIAI0B)
Imported 'GUID: 1bd60a065aae998439c6d840e84132de' -> (Import Result ID: '159972adbf14226e8c131e37c7cc1e33') in 0.002 seconds [static and dynamic dependencies]. Details - ImportResultOutputID=ad3467f19a6bbe3ed5fb475cd61aa40d DependenciesID=4893ed7d071df220d1c00f4c9be62a60 StaticDependenciesID=9077b483092880c71cf65442ea2bfb50 
Number of updated asset objects reloaded before import = 0
Number of asset objects unloaded after import = 0
========================================================================
Received Import Request.
  Time of request: 2026-10-01T08:15:29.3332972Z
  Time since last request: 0.0003083 seconds.
  importAddress: GUID: fd1cf2728832c4da89020bd408d021fc - Path: Packages/com.unity.shadergraph/Editor/Generation/IHasMetaData.cs - Importer: ScriptedImporter/UnityEditor.QuickSearchModule:UnityEditor.Search:ASIAI0B
Importing 'GUID: fd1cf2728832c4da89020bd408d021fc - Path: Packages/com.unity.shadergraph/Editor/Generation/IHasMetaData.cs - Importer: ScriptedImporter/UnityEditor.QuickSearchModule:UnityEditor.Search:ASIAI0B' with importer (ScriptedImporter : UnityEditor.QuickSearchModule:UnityEditor.Search:ASIAI0B)
Imported 'GUID: fd1cf2728832c4da89020bd408d021fc' -> (Import Result ID: '8a7c90064ad912f8730bc0c113ead41f') in 0.002 seconds [static and dynamic dependencies]. Details - ImportResultOutputID=672ec62121f00de9e1aee455e1946289 DependenciesID=021f4c82f36c9efcbfa8d1c52af60f0c StaticDependenciesID=3c8845fe8904e2ae8ccf5587a5a5cd58 
Number of updated asset objects reloaded before import = 0
Number of asset objects unloaded after import = 0
========================================================================
Received Import Request.
  Time of request: 2026-10-01T08:15:29.3774198Z
  Time since last request: 0.0320099 seconds.
  importAddress: GUID: 2a64b792c8859f74281b897c2a1d659c - Path: Packages/com.unity.shadergraph/Editor/Util/CreateSerializableGraph.cs - Importer: ScriptedImporter/UnityEditor.QuickSearchModule:UnityEditor.Search:ASIAI0B
Importing 'GUID: 2a64b792c8859f74281b897c2a1d659c - Path: Packages/com.unity.shadergraph/Editor/Util/CreateSerializableGraph.cs - Importer: ScriptedImporter/UnityEditor.QuickSearchModule:UnityEditor.Search:ASIAI0B' with importer (ScriptedImporter : UnityEditor.QuickSearchModule:UnityEditor.Search:ASIAI0B)
Imported 'GUID: 2a64b792c8859f74281b897c2a1d659c' -> (Import Result ID: '826e38b8ca52ab7c40c96a39ee6e784d') in 0.002 seconds [static and dynamic dependencies]. Details - ImportResultOutputID=f32202c3c24a39d9f21050072339bbf8 DependenciesID=32647fcafe34ecc3f9ec98c60c71d425 StaticDependenciesID=9d9eea79ffb6c6f77a68806dc960661d 
Number of updated asset objects reloaded before import = 0
Number of asset objects unloaded after import = 0
========================================================================
Received Import Request.
  Time of request: 2026-10-01T08:15:29.3874358Z
  Time since last request: 0.0003135 seconds.
  importAddress: GUID: 3536b8f2543044f72bb45c2e5dd889e9 - Path: Packages/com.unity.shadergraph/Editor/Util/MessageManager.cs - Importer: ScriptedImporter/UnityEditor.QuickSearchModule:UnityEditor.Search:ASIAI0B
Importing 'GUID: 3536b8f2543044f72bb45c2e5dd889e9 - Path: Packages/com.unity.shadergraph/Editor/Util/MessageManager.cs - Importer: ScriptedImporter/UnityEditor.QuickSearchModule:UnityEditor.Search:ASIAI0B' with importer (ScriptedImporter : UnityEditor.QuickSearchModule:UnityEditor.Search:ASIAI0B)
Imported 'GUID: 3536b8f2543044f72bb45c2e5dd889e9' -> (Import Result ID: '646f3562f4f7035ec8391206a2722682') in 0.002 seconds [static and dynamic dependencies]. Details - ImportResultOutputID=1ab14baa12051f7f69d4a418027c436d DependenciesID=6da66b77e3d2bbb521011095849a0271 StaticDependenciesID=8acf16e01aea819384628f1e8eeff73f 
Number of updated asset objects reloaded before import = 0
Number of asset objects unloaded after import = 0
========================================================================
Received Import Request.
  Time of request: 2026-10-01T08:15:29.3973314Z
  Time since last request: 0.000413 seconds.
  importAddress: GUID: 1047c74693784ac4b128290963840500 - Path: Packages/com.unity.shadergraph/Editor/Serialization/MultiJson.cs - Importer: ScriptedImporter/UnityEditor.QuickSearchModule:UnityEditor.Search:ASIAI0B
Importing 'GUID: 1047c74693784ac4b128290963840500 - Path: Packages/com.unity.shadergraph/Editor/Serialization/MultiJson.cs - Importer: ScriptedImporter/UnityEditor.QuickSearchModule:UnityEditor.Search:ASIAI0B' with importer (ScriptedImporter : UnityEditor.QuickSearchModule:UnityEditor.Search:ASIAI0B)
Imported 'GUID: 1047c74693784ac4b128290963840500' -> (Import Result ID: 'e46b47d6e9469ef3050864d738136279') in 0.002 seconds [static and dynamic dependencies]. Details - ImportResultOutputID=9e423d147aa7fd18ad8dbe8494ffa5cc DependenciesID=5904440908d64d1736b1eaff17b924d9 StaticDependenciesID=d7bb60d05909536aa2db2584b9dbbb00 
Number of updated asset objects reloaded before import = 0
Number of asset objects unloaded after import = 0
========================================================================
Received Import Request.
  Time of request: 2026-10-01T08:15:29.4087803Z
  Time since last request: 0.0003094 seconds.
  importAddress: GUID: 41c67c52dd54464fa78d8ab286eb501b - Path: Packages/com.unity.shadergraph/Editor/Util/IndexSet.cs - Importer: ScriptedImporter/UnityEditor.QuickSearchModule:UnityEditor.Search:ASIAI0B
Importing 'GUID: 41c67c52dd54464fa78d8ab286eb501b - Path: Packages/com.unity.shadergraph/Editor/Util/IndexSet.cs - Importer: ScriptedImporter/UnityEditor.QuickSearchModule:UnityEditor.Search:ASIAI0B' with importer (ScriptedImporter : UnityEditor.QuickSearchModule:UnityEditor.Search:ASIAI0B)
Imported 'GUID: 41c67c52dd54464fa78d8ab286eb501b' -> (Import Result ID: '4395fd77ac75a22438c05af0a5c12545') in 0.002 seconds [static and dynamic dependencies]. Details - ImportResultOutputID=d0573c3869f3b3fdec88dc7a8e3829d5 DependenciesID=d74d378b1cd42510ab9401969dd39ab9 StaticDependenciesID=34fff2bcc546df949407ce71cd9a11b4 
Number of updated asset objects reloaded before import = 0
Number of asset objects unloaded after import = 0
========================================================================
Received Import Request.
  Time of request: 2026-10-01T08:15:29.4201117Z
  Time since last request: 0.0003315 seconds.
  importAddress: GUID: 089885f17bac7464a80c68e81d8538a1 - Path: Packages/com.unity.shadergraph/Editor/Resources/DefaultHeatmapValues.asset - Importer: ScriptedImporter/UnityEditor.QuickSearchModule:UnityEditor.Search:ASIAI0B
Importing 'GUID: 089885f17bac7464a80c68e81d8538a1 - Path: Packages/com.unity.shadergraph/Editor/Resources/DefaultHeatmapValues.asset - Importer: ScriptedImporter/UnityEditor.QuickSearchModule:UnityEditor.Search:ASIAI0B' with importer (ScriptedImporter : UnityEditor.QuickSearchModule:UnityEditor.Search:ASIAI0B)
Imported 'GUID: 089885f17bac7464a80c68e81d8538a1' -> (Import Result ID: '51c62fb992359a069beec16b4f2c56e4') in 0.004 seconds [static and dynamic dependencies]. Details - ImportResultOutputID=ad11051ec043b1e09c511c4fe6788ee2 DependenciesID=32ae6f369a0b579c8c29b50da245ae38 StaticDependenciesID=fd614551de0e17ffe4dfe7e9e7b5ce79 
Number of updated asset objects reloaded before import = 0
Number of asset objects unloaded after import = 1
========================================================================
Received Import Request.
  Time of request: 2026-10-01T08:15:29.4343594Z
  Time since last request: 0.0003483 seconds.
  importAddress: GUID: a2407126e3372f64cacb75ed466a5621 - Path: Packages/com.unity.shadergraph/GraphTemplates/Cross Pipeline/0_Lit Basic.shadergraph - Importer: ScriptedImporter/UnityEditor.QuickSearchModule:UnityEditor.Search:ASIAI0B
Importing 'GUID: a2407126e3372f64cacb75ed466a5621 - Path: Packages/com.unity.shadergraph/GraphTemplates/Cross Pipeline/0_Lit Basic.shadergraph - Importer: ScriptedImporter/UnityEditor.QuickSearchModule:UnityEditor.Search:ASIAI0B' with importer (ScriptedImporter : UnityEditor.QuickSearchModule:UnityEditor.Search:ASIAI0B)
Imported 'GUID: a2407126e3372f64cacb75ed466a5621' -> (Import Result ID: 'fc6a8316c1ab7eb81e8c34083df4f78d') in 0.016 seconds [static and dynamic dependencies]. Details - ImportResultOutputID=24ef1351bf535486c2323242f58c99e7 DependenciesID=33cd792777eb371aaf1e3617ac27ca91 StaticDependenciesID=4ece0369532b8ed14441ccb52aad86cd 
Number of updated asset objects reloaded before import = 0
Number of asset objects unloaded after import = 6
========================================================================
Received Import Request.
  Time of request: 2026-10-01T08:15:29.4614693Z
  Time since last request: 0.0002037 seconds.
  importAddress: GUID: 67a39d09a4be41f686550822af7da95e - Path: Packages/com.unity.shadergraph/Editor/Util/AssertHelpers.cs - Importer: ScriptedImporter/UnityEditor.QuickSearchModule:UnityEditor.Search:ASIAI0B
Importing 'GUID: 67a39d09a4be41f686550822af7da95e - Path: Packages/com.unity.shadergraph/Editor/Util/AssertHelpers.cs - Importer: ScriptedImporter/UnityEditor.QuickSearchModule:UnityEditor.Search:ASIAI0B' with importer (ScriptedImporter : UnityEditor.QuickSearchModule:UnityEditor.Search:ASIAI0B)
Imported 'GUID: 67a39d09a4be41f686550822af7da95e' -> (Import Result ID: 'a935147fea35604b36d44d5046f4a2e4') in 0.002 seconds [static and dynamic dependencies]. Details - ImportResultOutputID=5a745e985e130b82847abe4c289826ee DependenciesID=2f36c064afe2f6014b489e30ce2028a8 StaticDependenciesID=6ba558cdc38624d049e5162e7bd22cb3 
Number of updated asset objects reloaded before import = 0
Number of asset objects unloaded after import = 0
========================================================================
Received Import Request.
  Time of request: 2026-10-01T08:15:29.4743795Z
  Time since last request: 0.000389 seconds.
  importAddress: GUID: 60072b568d64c40a485e0fc55012dc9f - Path: Packages/com.unity.shadergraph/Editor/Importers/ShaderSubGraphImporter.cs - Importer: ScriptedImporter/UnityEditor.QuickSearchModule:UnityEditor.Search:ASIAI0B
Importing 'GUID: 60072b568d64c40a485e0fc55012dc9f - Path: Packages/com.unity.shadergraph/Editor/Importers/ShaderSubGraphImporter.cs - Importer: ScriptedImporter/UnityEditor.QuickSearchModule:UnityEditor.Search:ASIAI0B' with importer (ScriptedImporter : UnityEditor.QuickSearchModule:UnityEditor.Search:ASIAI0B)
Imported 'GUID: 60072b568d64c40a485e0fc55012dc9f' -> (Import Result ID: '3de6081bde86e66beced0981c088ec75') in 0.002 seconds [static and dynamic dependencies]. Details - ImportResultOutputID=d18423540e50e78fd97de710b3f06aa0 DependenciesID=37d6b5ef78c91653dce4e1cf3fdad880 StaticDependenciesID=a75d88a17fd4b1cc9c0b55a06ab3be5a 
Number of updated asset objects reloaded before import = 0
Number of asset objects unloaded after import = 0
========================================================================
Received Import Request.
  Time of request: 2026-10-01T08:15:29.4845497Z
  Time since last request: 0.0003698 seconds.
  importAddress: GUID: a680d9a9f8b66514abbfd3ae1c8f77f7 - Path: Packages/com.unity.shadergraph/GraphTemplates/Cross Pipeline/2_Particle Lit.shadergraph - Importer: ScriptedImporter/UnityEditor.QuickSearchModule:UnityEditor.Search:ASIAI0B
Importing 'GUID: a680d9a9f8b66514abbfd3ae1c8f77f7 - Path: Packages/com.unity.shadergraph/GraphTemplates/Cross Pipeline/2_Particle Lit.shadergraph - Importer: ScriptedImporter/UnityEditor.QuickSearchModule:UnityEditor.Search:ASIAI0B' with importer (ScriptedImporter : UnityEditor.QuickSearchModule:UnityEditor.Search:ASIAI0B)
Imported 'GUID: a680d9a9f8b66514abbfd3ae1c8f77f7' -> (Import Result ID: 'c54aff6f5ec6bd0ce2579c1d503cd7a9') in 0.009 seconds [static and dynamic dependencies]. Details - ImportResultOutputID=adc3ef4b313f58ee10e2db53e1d1e605 DependenciesID=1685684cbc464ed3d617c07220517b75 StaticDependenciesID=01785551039218b46aa73ed788c2573d 
Number of updated asset objects reloaded before import = 0
Number of asset objects unloaded after import = 5
========================================================================
Received Import Request.
  Time of request: 2026-10-01T08:15:29.6496952Z
  Time since last request: 0.1480058 seconds.
  importAddress: GUID: 8bbfe621c0368244b80a10cdd14cd70e - Path: Packages/com.unity.shadergraph/GraphTemplates/Subgraphs/Depth Fade.shadersubgraph - Importer: ScriptedImporter/UnityEditor.QuickSearchModule:UnityEditor.Search:ASIAI0B
Importing 'GUID: 8bbfe621c0368244b80a10cdd14cd70e - Path: Packages/com.unity.shadergraph/GraphTemplates/Subgraphs/Depth Fade.shadersubgraph - Importer: ScriptedImporter/UnityEditor.QuickSearchModule:UnityEditor.Search:ASIAI0B' with importer (ScriptedImporter : UnityEditor.QuickSearchModule:UnityEditor.Search:ASIAI0B)
Imported 'GUID: 8bbfe621c0368244b80a10cdd14cd70e' -> (Import Result ID: '642ad599d3a1c3b4b47fa068dc122dac') in 0.007 seconds [static and dynamic dependencies]. Details - ImportResultOutputID=a5a860f69c9c003fda2ad550306dabce DependenciesID=e0066c279e9e755bbccb0612f6aaf107 StaticDependenciesID=611fa76151f4072ec159c1100dc862cb 
Number of updated asset objects reloaded before import = 0
Number of asset objects unloaded after import = 1
========================================================================
Received Import Request.
  Time of request: 2026-10-01T08:15:29.6657379Z
  Time since last request: 0.0003819 seconds.
  importAddress: GUID: d0f40856fc355224fab6453746e0507a - Path: Packages/com.unity.shadergraph/GraphTemplates/Subgraphs/SoftParticles.shadersubgraph - Importer: ScriptedImporter/UnityEditor.QuickSearchModule:UnityEditor.Search:ASIAI0B
Importing 'GUID: d0f40856fc355224fab6453746e0507a - Path: Packages/com.unity.shadergraph/GraphTemplates/Subgraphs/SoftParticles.shadersubgraph - Importer: ScriptedImporter/UnityEditor.QuickSearchModule:UnityEditor.Search:ASIAI0B' with importer (ScriptedImporter : UnityEditor.QuickSearchModule:UnityEditor.Search:ASIAI0B)
Imported 'GUID: d0f40856fc355224fab6453746e0507a' -> (Import Result ID: 'fd693f7288d98203c9ce1f88a6bbecab') in 0.003 seconds [static and dynamic dependencies]. Details - ImportResultOutputID=a9da4f34adb67d9f897c9d6777a64628 DependenciesID=ff76fe6fa02fca03c6bf5820454d72b2 StaticDependenciesID=124a004e7a90819be52c17c3574558a7 
Number of updated asset objects reloaded before import = 0
Number of asset objects unloaded after import = 1
========================================================================
Received Import Request.
  Time of request: 2026-10-01T08:15:29.6778608Z
  Time since last request: 0.0005301 seconds.
  importAddress: GUID: dd4e180f1d31c4c4e9d4909d27e6761c - Path: Packages/com.unity.shadergraph/GraphTemplates/Subgraphs/FlowMap Sample Texture.shadersubgraph - Importer: ScriptedImporter/UnityEditor.QuickSearchModule:UnityEditor.Search:ASIAI0B
Importing 'GUID: dd4e180f1d31c4c4e9d4909d27e6761c - Path: Packages/com.unity.shadergraph/GraphTemplates/Subgraphs/FlowMap Sample Texture.shadersubgraph - Importer: ScriptedImporter/UnityEditor.QuickSearchModule:UnityEditor.Search:ASIAI0B' with importer (ScriptedImporter : UnityEditor.QuickSearchModule:UnityEditor.Search:ASIAI0B)
Imported 'GUID: dd4e180f1d31c4c4e9d4909d27e6761c' -> (Import Result ID: '33e3e90c388e498b87dd5833f22aed49') in 0.003 seconds [static and dynamic dependencies]. Details - ImportResultOutputID=8c0d374050151358b2fbb8ee0a125907 DependenciesID=1a41db0d7f5396848b63580da4759d73 StaticDependenciesID=f15e1a6f3fee51ee549d680674088f17 
Number of updated asset objects reloaded before import = 0
Number of asset objects unloaded after import = 1
========================================================================
Received Import Request.
  Time of request: 2026-10-01T08:15:29.690854Z
  Time since last request: 0.000485 seconds.
  importAddress: GUID: 73f7a6a1a6335484ba02a0b8f80fe10c - Path: Packages/com.unity.shadergraph/GraphTemplates/Subgraphs/Particle Vertex Color.shadersubgraph - Importer: ScriptedImporter/UnityEditor.QuickSearchModule:UnityEditor.Search:ASIAI0B
Importing 'GUID: 73f7a6a1a6335484ba02a0b8f80fe10c - Path: Packages/com.unity.shadergraph/GraphTemplates/Subgraphs/Particle Vertex Color.shadersubgraph - Importer: ScriptedImporter/UnityEditor.QuickSearchModule:UnityEditor.Search:ASIAI0B' with importer (ScriptedImporter : UnityEditor.QuickSearchModule:UnityEditor.Search:ASIAI0B)
Imported 'GUID: 73f7a6a1a6335484ba02a0b8f80fe10c' -> (Import Result ID: '93ccb79ff8e4e1275c75e220d2eee694') in 0.003 seconds [static and dynamic dependencies]. Details - ImportResultOutputID=d7f2f19332f0f9490f171fb067aee410 DependenciesID=fd828dc6f580f9151d116e4518f8ff7a StaticDependenciesID=89a2781f21d43af7450182fdc6183adb 
Number of updated asset objects reloaded before import = 0
Number of asset objects unloaded after import = 1
========================================================================
Received Import Request.
  Time of request: 2026-10-01T08:15:29.7029599Z
  Time since last request: 0.0002674 seconds.
  importAddress: GUID: c76da6dceef150547b7030daa98eeda6 - Path: Packages/com.unity.shadergraph/GraphTemplates/Subgraphs/UV FlowMap.shadersubgraph - Importer: ScriptedImporter/UnityEditor.QuickSearchModule:UnityEditor.Search:ASIAI0B
Importing 'GUID: c76da6dceef150547b7030daa98eeda6 - Path: Packages/com.unity.shadergraph/GraphTemplates/Subgraphs/UV FlowMap.shadersubgraph - Importer: ScriptedImporter/UnityEditor.QuickSearchModule:UnityEditor.Search:ASIAI0B' with importer (ScriptedImporter : UnityEditor.QuickSearchModule:UnityEditor.Search:ASIAI0B)
Imported 'GUID: c76da6dceef150547b7030daa98eeda6' -> (Import Result ID: '57055d81162cd5f936088768e1b05168') in 0.003 seconds [static and dynamic dependencies]. Details - ImportResultOutputID=e755c9b9f0763e49eb76bffc240821b3 DependenciesID=4aa8f136f432f85051d721a71fa8adbe StaticDependenciesID=061f00dde29e7237124ee6e69fab46b7 
Number of updated asset objects reloaded before import = 0
Number of asset objects unloaded after import = 1
========================================================================
Received Import Request.
  Time of request: 2026-10-01T08:15:29.7212308Z
  Time since last request: 0.0056534 seconds.
  importAddress: GUID: 7d998d7fbd75b97459f63fb4931d14b5 - Path: Packages/com.unity.shadergraph/Editor/Data/Graphs/MaterialSlot.cs - Importer: ScriptedImporter/UnityEditor.QuickSearchModule:UnityEditor.Search:ASIAI0B
Importing 'GUID: 7d998d7fbd75b97459f63fb4931d14b5 - Path: Packages/com.unity.shadergraph/Editor/Data/Graphs/MaterialSlot.cs - Importer: ScriptedImporter/UnityEditor.QuickSearchModule:UnityEditor.Search:ASIAI0B' with importer (ScriptedImporter : UnityEditor.QuickSearchModule:UnityEditor.Search:ASIAI0B)
Imported 'GUID: 7d998d7fbd75b97459f63fb4931d14b5' -> (Import Result ID: '1d0b61f49f4317970b4457e88e249165') in 0.002 seconds [static and dynamic dependencies]. Details - ImportResultOutputID=5bc6ad2aed6a90754e7b2f62c2c81488 DependenciesID=334381e3f6194e7926e765da65d4ab9e StaticDependenciesID=686b6dac336379cff1617eb7d405162c 
Number of updated asset objects reloaded before import = 0
Number of asset objects unloaded after import = 0
========================================================================
Received Import Request.
  Time of request: 2026-10-01T08:15:29.7326658Z
  Time since last request: 0.0005418 seconds.
  importAddress: GUID: 58e407e9c8cef1b4d9d68b73a421984c - Path: Packages/com.unity.shadergraph/Editor/Data/Graphs/ParentGroupChange.cs - Importer: ScriptedImporter/UnityEditor.QuickSearchModule:UnityEditor.Search:ASIAI0B
Importing 'GUID: 58e407e9c8cef1b4d9d68b73a421984c - Path: Packages/com.unity.shadergraph/Editor/Data/Graphs/ParentGroupChange.cs - Importer: ScriptedImporter/UnityEditor.QuickSearchModule:UnityEditor.Search:ASIAI0B' with importer (ScriptedImporter : UnityEditor.QuickSearchModule:UnityEditor.Search:ASIAI0B)
Imported 'GUID: 58e407e9c8cef1b4d9d68b73a421984c' -> (Import Result ID: '1276d8a941226caa02a91e83353b1ac3') in 0.002 seconds [static and dynamic dependencies]. Details - ImportResultOutputID=a6a64737eacf73a430ca123027e75608 DependenciesID=88096989699bcdcb3e8af89101d5628f StaticDependenciesID=3b53307ff543f08fd2092be5aeba11a3 
Number of updated asset objects reloaded before import = 0
Number of asset objects unloaded after import = 0
========================================================================
Received Import Request.
  Time of request: 2026-10-01T08:15:29.7423681Z
  Time since last request: 0.0003084 seconds.
  importAddress: GUID: e74ce62c866dd564fb6420aabd9beacf - Path: Packages/com.unity.shadergraph/Editor/Data/Attributes/ContextFilterableAttribute.cs - Importer: ScriptedImporter/UnityEditor.QuickSearchModule:UnityEditor.Search:ASIAI0B
Importing 'GUID: e74ce62c866dd564fb6420aabd9beacf - Path: Packages/com.unity.shadergraph/Editor/Data/Attributes/ContextFilterableAttribute.cs - Importer: ScriptedImporter/UnityEditor.QuickSearchModule:UnityEditor.Search:ASIAI0B' with importer (ScriptedImporter : UnityEditor.QuickSearchModule:UnityEditor.Search:ASIAI0B)
Imported 'GUID: e74ce62c866dd564fb6420aabd9beacf' -> (Import Result ID: '8ff903e96482714172c39982a620ec9c') in 0.002 seconds [static and dynamic dependencies]. Details - ImportResultOutputID=03dac54c011b3c42d7e6431cdffb317a DependenciesID=f11ba4de9fc5546239a0b8ef13e67e31 StaticDependenciesID=9bbc5ca761989dd38c983ea635ee9a54 
Number of updated asset objects reloaded before import = 0
Number of asset objects unloaded after import = 0
========================================================================
Received Import Request.
  Time of request: 2026-10-01T08:15:29.7522446Z
  Time since last request: 0.0002738 seconds.
  importAddress: GUID: 0755d7f7a7e11cb4294563bbd0d434cc - Path: Packages/com.unity.shadergraph/Editor/Data/Graphs/Matrix2ShaderProperty.cs - Importer: ScriptedImporter/UnityEditor.QuickSearchModule:UnityEditor.Search:ASIAI0B
Importing 'GUID: 0755d7f7a7e11cb4294563bbd0d434cc - Path: Packages/com.unity.shadergraph/Editor/Data/Graphs/Matrix2ShaderProperty.cs - Importer: ScriptedImporter/UnityEditor.QuickSearchModule:UnityEditor.Search:ASIAI0B' with importer (ScriptedImporter : UnityEditor.QuickSearchModule:UnityEditor.Search:ASIAI0B)
Imported 'GUID: 0755d7f7a7e11cb4294563bbd0d434cc' -> (Import Result ID: '09bde0f7c747b4caa60d604662e9f8dd') in 0.002 seconds [static and dynamic dependencies]. Details - ImportResultOutputID=b486f9276e838eea8329b6eb4af9b925 DependenciesID=7c4efddb4ff90b039bfd8a7a0ac13f55 StaticDependenciesID=0c385b7eecc58eeeb5d471dd441ab682 
Number of updated asset objects reloaded before import = 0
Number of asset objects unloaded after import = 0
========================================================================
Received Import Request.
  Time of request: 2026-10-01T08:15:29.7622003Z
  Time since last request: 0.0003178 seconds.
  importAddress: GUID: efad93f5b8245a54fb4fee128fc0f3f6 - Path: Packages/com.unity.shadergraph/Editor/Data/Graphs/BooleanMaterialSlot.cs - Importer: ScriptedImporter/UnityEditor.QuickSearchModule:UnityEditor.Search:ASIAI0B
Importing 'GUID: efad93f5b8245a54fb4fee128fc0f3f6 - Path: Packages/com.unity.shadergraph/Editor/Data/Graphs/BooleanMaterialSlot.cs - Importer: ScriptedImporter/UnityEditor.QuickSearchModule:UnityEditor.Search:ASIAI0B' with importer (ScriptedImporter : UnityEditor.QuickSearchModule:UnityEditor.Search:ASIAI0B)
Imported 'GUID: efad93f5b8245a54fb4fee128fc0f3f6' -> (Import Result ID: '590bac243fc69733d830e64d8d40ab08') in 0.002 seconds [static and dynamic dependencies]. Details - ImportResultOutputID=289c4c0416e33d29e05b2fc2d34b7443 DependenciesID=baacfbdb1e383abd8380716b408ff83e StaticDependenciesID=02560117c2689b64e4305cff491b87b7 
Number of updated asset objects reloaded before import = 0
Number of asset objects unloaded after import = 0
========================================================================
Received Import Request.
  Time of request: 2026-10-01T08:15:29.7723489Z
  Time since last request: 0.0002677 seconds.
  importAddress: GUID: 08969711a3defe445a6803416d676b5b - Path: Packages/com.unity.shadergraph/Editor/Data/Graphs/NormalMaterialSlot.cs - Importer: ScriptedImporter/UnityEditor.QuickSearchModule:UnityEditor.Search:ASIAI0B
Importing 'GUID: 08969711a3defe445a6803416d676b5b - Path: Packages/com.unity.shadergraph/Editor/Data/Graphs/NormalMaterialSlot.cs - Importer: ScriptedImporter/UnityEditor.QuickSearchModule:UnityEditor.Search:ASIAI0B' with importer (ScriptedImporter : UnityEditor.QuickSearchModule:UnityEditor.Search:ASIAI0B)
Imported 'GUID: 08969711a3defe445a6803416d676b5b' -> (Import Result ID: 'c641acba8ce623dc2aee44cd81ca4560') in 0.002 seconds [static and dynamic dependencies]. Details - ImportResultOutputID=6435b39c9ef95199b16167dfe50e0248 DependenciesID=720b564f1d725d107065f9d81e7a5283 StaticDependenciesID=1a4427610350549198ac0be5cca4321f 
Number of updated asset objects reloaded before import = 0
Number of asset objects unloaded after import = 0
========================================================================
Received Import Request.
  Time of request: 2026-10-01T08:15:29.7834727Z
  Time since last request: 0.0004373 seconds.
  importAddress: GUID: c3e00256415a816419b39d61b3bf8451 - Path: Packages/com.unity.shadergraph/Editor/Data/Graphs/IMaterialGraphAsset.cs - Importer: ScriptedImporter/UnityEditor.QuickSearchModule:UnityEditor.Search:ASIAI0B
Importing 'GUID: c3e00256415a816419b39d61b3bf8451 - Path: Packages/com.unity.shadergraph/Editor/Data/Graphs/IMaterialGraphAsset.cs - Importer: ScriptedImporter/UnityEditor.QuickSearchModule:UnityEditor.Search:ASIAI0B' with importer (ScriptedImporter : UnityEditor.QuickSearchModule:UnityEditor.Search:ASIAI0B)
Imported 'GUID: c3e00256415a816419b39d61b3bf8451' -> (Import Result ID: '3e6aaa0f5bd0944c5ba0a8bf3a67f47d') in 0.002 seconds [static and dynamic dependencies]. Details - ImportResultOutputID=4f55188c53a4b2cd6551b5b7c02eaacf DependenciesID=c7729356feadbdf4a27846b85d4c823f StaticDependenciesID=62a4da8dcac103dd8ee5acbcd868e221 
Number of updated asset objects reloaded before import = 0
Number of asset objects unloaded after import = 0
========================================================================
Received Import Request.
  Time of request: 2026-10-01T08:15:29.8106972Z
  Time since last request: 0.0154588 seconds.
  importAddress: GUID: 01e80e004e94f5e48ad1cb83d5701300 - Path: Packages/com.unity.shadergraph/Editor/Data/Graphs/SerializableCubemap.cs - Importer: ScriptedImporter/UnityEditor.QuickSearchModule:UnityEditor.Search:ASIAI0B
Importing 'GUID: 01e80e004e94f5e48ad1cb83d5701300 - Path: Packages/com.unity.shadergraph/Editor/Data/Graphs/SerializableCubemap.cs - Importer: ScriptedImporter/UnityEditor.QuickSearchModule:UnityEditor.Search:ASIAI0B' with importer (ScriptedImporter : UnityEditor.QuickSearchModule:UnityEditor.Search:ASIAI0B)
Imported 'GUID: 01e80e004e94f5e48ad1cb83d5701300' -> (Import Result ID: '6e035a8a7e6acc489ef8d2deb42943d4') in 0.002 seconds [static and dynamic dependencies]. Details - ImportResultOutputID=a58a416914ab6a065aaf30597e866de3 DependenciesID=4ab3fd807400b08afd45ddfe490c9fb3 StaticDependenciesID=f83789862b1dea027139b45a75270919 
Number of updated asset objects reloaded before import = 0
Number of asset objects unloaded after import = 0
========================================================================
Received Import Request.
  Time of request: 2026-10-01T08:15:29.82216Z
  Time since last request: 0.0004517 seconds.
  importAddress: GUID: aad5b297ad24f804aa36b04329f70020 - Path: Packages/com.unity.shadergraph/Editor/Data/Graphs/Vector4MaterialSlot.cs - Importer: ScriptedImporter/UnityEditor.QuickSearchModule:UnityEditor.Search:ASIAI0B
Importing 'GUID: aad5b297ad24f804aa36b04329f70020 - Path: Packages/com.unity.shadergraph/Editor/Data/Graphs/Vector4MaterialSlot.cs - Importer: ScriptedImporter/UnityEditor.QuickSearchModule:UnityEditor.Search:ASIAI0B' with importer (ScriptedImporter : UnityEditor.QuickSearchModule:UnityEditor.Search:ASIAI0B)
Imported 'GUID: aad5b297ad24f804aa36b04329f70020' -> (Import Result ID: '6880c190e071fd7bc24e094472d19c13') in 0.002 seconds [static and dynamic dependencies]. Details - ImportResultOutputID=1ea1e80e4270952fca0ba33769a9e7c4 DependenciesID=70f5a07476e201077140198f4ca7d92c StaticDependenciesID=b997e67c90327409b4d7a7299788f166 
Number of updated asset objects reloaded before import = 0
Number of asset objects unloaded after import = 0
========================================================================
Received Import Request.
  Time of request: 2026-10-01T08:15:29.8319024Z
  Time since last request: 0.0002449 seconds.
  importAddress: GUID: c645ecec95c53644b9b9777b4faeb75d - Path: Packages/com.unity.shadergraph/Editor/Data/Interfaces/ICanChangeShaderGUI.cs - Importer: ScriptedImporter/UnityEditor.QuickSearchModule:UnityEditor.Search:ASIAI0B
Importing 'GUID: c645ecec95c53644b9b9777b4faeb75d - Path: Packages/com.unity.shadergraph/Editor/Data/Interfaces/ICanChangeShaderGUI.cs - Importer: ScriptedImporter/UnityEditor.QuickSearchModule:UnityEditor.Search:ASIAI0B' with importer (ScriptedImporter : UnityEditor.QuickSearchModule:UnityEditor.Search:ASIAI0B)
Imported 'GUID: c645ecec95c53644b9b9777b4faeb75d' -> (Import Result ID: 'ee172212239e79a11e62e87cd8a9eed2') in 0.002 seconds [static and dynamic dependencies]. Details - ImportResultOutputID=3c4eb627bfa0da88bf35785d510b4060 DependenciesID=5bd1ac7ea67ed3db252fdeecff2c9607 StaticDependenciesID=2be4bf0b0398176d7f715cc3ac2a128b 
Number of updated asset objects reloaded before import = 0
Number of asset objects unloaded after import = 0
========================================================================
Received Import Request.
  Time of request: 2026-10-01T08:15:29.8446748Z
  Time since last request: 0.0003503 seconds.
  importAddress: GUID: a4a4ff926ce74b059400bb049aefcba2 - Path: Packages/com.unity.shadergraph/Editor/Data/Graphs/SerializableTexture.cs - Importer: ScriptedImporter/UnityEditor.QuickSearchModule:UnityEditor.Search:ASIAI0B
Importing 'GUID: a4a4ff926ce74b059400bb049aefcba2 - Path: Packages/com.unity.shadergraph/Editor/Data/Graphs/SerializableTexture.cs - Importer: ScriptedImporter/UnityEditor.QuickSearchModule:UnityEditor.Search:ASIAI0B' with importer (ScriptedImporter : UnityEditor.QuickSearchModule:UnityEditor.Search:ASIAI0B)
Imported 'GUID: a4a4ff926ce74b059400bb049aefcba2' -> (Import Result ID: '86dc85518dbd52bba3d4ce351e4ee54b') in 0.002 seconds [static and dynamic dependencies]. Details - ImportResultOutputID=333d6733c09a1817cb8de32cc8b01fc0 DependenciesID=c40300e637c660bf440fae6abf6c8ee3 StaticDependenciesID=83cf308216b06a730003b9ed120b03c2 
Number of updated asset objects reloaded before import = 0
Number of asset objects unloaded after import = 0
========================================================================
Received Import Request.
  Time of request: 2026-10-01T08:15:29.855366Z
  Time since last request: 0.0002544 seconds.
  importAddress: GUID: af7e1a692e5050c4ca44bb5a0e4ae4ca - Path: Packages/com.unity.shadergraph/Editor/Data/Graphs/Texture2DMaterialSlot.cs - Importer: ScriptedImporter/UnityEditor.QuickSearchModule:UnityEditor.Search:ASIAI0B
Importing 'GUID: af7e1a692e5050c4ca44bb5a0e4ae4ca - Path: Packages/com.unity.shadergraph/Editor/Data/Graphs/Texture2DMaterialSlot.cs - Importer: ScriptedImporter/UnityEditor.QuickSearchModule:UnityEditor.Search:ASIAI0B' with importer (ScriptedImporter : UnityEditor.QuickSearchModule:UnityEditor.Search:ASIAI0B)
Imported 'GUID: af7e1a692e5050c4ca44bb5a0e4ae4ca' -> (Import Result ID: 'a89e3f12c8bb302b0129f0cb822c339f') in 0.002 seconds [static and dynamic dependencies]. Details - ImportResultOutputID=b0b52b97334530bb71ea6ddcf6572de1 DependenciesID=17d5427dfbbc450be29a04dfb7b4b6e6 StaticDependenciesID=24a98f5131a42d3b83af3b7a695204c4 
Number of updated asset objects reloaded before import = 0
Number of asset objects unloaded after import = 0
========================================================================
Received Import Request.
  Time of request: 2026-10-01T08:15:29.8654585Z
  Time since last request: 0.0004039 seconds.
  importAddress: GUID: 2d413641b2ef00944932ea717573480f - Path: Packages/com.unity.shadergraph/Editor/Data/Interfaces/IMayRequireBitangent.cs - Importer: ScriptedImporter/UnityEditor.QuickSearchModule:UnityEditor.Search:ASIAI0B
Importing 'GUID: 2d413641b2ef00944932ea717573480f - Path: Packages/com.unity.shadergraph/Editor/Data/Interfaces/IMayRequireBitangent.cs - Importer: ScriptedImporter/UnityEditor.QuickSearchModule:UnityEditor.Search:ASIAI0B' with importer (ScriptedImporter : UnityEditor.QuickSearchModule:UnityEditor.Search:ASIAI0B)
Imported 'GUID: 2d413641b2ef00944932ea717573480f' -> (Import Result ID: '82d5a30f6eb33641fecbf47ff274d4dd') in 0.003 seconds [static and dynamic dependencies]. Details - ImportResultOutputID=280ac72a76a46dad62abc74b09432ec5 DependenciesID=58f97d45c0971c945209a46a908a90a4 StaticDependenciesID=8d64e55a8d51636b451f23f41975fac8 
Number of updated asset objects reloaded before import = 0
Number of asset objects unloaded after import = 0
========================================================================
Received Import Request.
  Time of request: 2026-10-01T08:15:29.8843413Z
  Time since last request: 0.0069333 seconds.
  importAddress: GUID: 19fef5ded8573c34a80cf81ed0f9c56a - Path: Packages/com.unity.shadergraph/Editor/Data/Util/KeywordUtil.cs - Importer: ScriptedImporter/UnityEditor.QuickSearchModule:UnityEditor.Search:ASIAI0B
Importing 'GUID: 19fef5ded8573c34a80cf81ed0f9c56a - Path: Packages/com.unity.shadergraph/Editor/Data/Util/KeywordUtil.cs - Importer: ScriptedImporter/UnityEditor.QuickSearchModule:UnityEditor.Search:ASIAI0B' with importer (ScriptedImporter : UnityEditor.QuickSearchModule:UnityEditor.Search:ASIAI0B)
Imported 'GUID: 19fef5ded8573c34a80cf81ed0f9c56a' -> (Import Result ID: 'e183e2cbae887c9f591f5f07084d21dd') in 0.002 seconds [static and dynamic dependencies]. Details - ImportResultOutputID=d28f223328feccc64b2414f5eb0272e2 DependenciesID=2fd1e27fca7e8f2f54a8e191443bad19 StaticDependenciesID=583f7fbd22fa6f4d9cb95c57833bceeb 
Number of updated asset objects reloaded before import = 0
Number of asset objects unloaded after import = 0
========================================================================
Received Import Request.
  Time of request: 2026-10-01T08:15:29.8945246Z
  Time since last request: 0.0002558 seconds.
  importAddress: GUID: 275b56f32a48a0f4ab244ca9aa3884c9 - Path: Packages/com.unity.shadergraph/Editor/Data/Interfaces/IMayRequireTime.cs - Importer: ScriptedImporter/UnityEditor.QuickSearchModule:UnityEditor.Search:ASIAI0B
Importing 'GUID: 275b56f32a48a0f4ab244ca9aa3884c9 - Path: Packages/com.unity.shadergraph/Editor/Data/Interfaces/IMayRequireTime.cs - Importer: ScriptedImporter/UnityEditor.QuickSearchModule:UnityEditor.Search:ASIAI0B' with importer (ScriptedImporter : UnityEditor.QuickSearchModule:UnityEditor.Search:ASIAI0B)
Imported 'GUID: 275b56f32a48a0f4ab244ca9aa3884c9' -> (Import Result ID: '548df408411fd60db700a3692115ebed') in 0.002 seconds [static and dynamic dependencies]. Details - ImportResultOutputID=3940e35b1a690579c9aa0d3b1325e53b DependenciesID=823738c372e3089066317b0663272672 StaticDependenciesID=b998ea92f6e6e3c25b2c7d492e2e976e 
Number of updated asset objects reloaded before import = 0
Number of asset objects unloaded after import = 0
========================================================================
Received Import Request.
  Time of request: 2026-10-01T08:15:29.9042467Z
  Time since last request: 0.0002398 seconds.
  importAddress: GUID: 01ab4daa0c099e24e90bbb8623a4198b - Path: Packages/com.unity.shadergraph/Editor/Data/Nodes/IPropertyFromNode.cs - Importer: ScriptedImporter/UnityEditor.QuickSearchModule:UnityEditor.Search:ASIAI0B
Importing 'GUID: 01ab4daa0c099e24e90bbb8623a4198b - Path: Packages/com.unity.shadergraph/Editor/Data/Nodes/IPropertyFromNode.cs - Importer: ScriptedImporter/UnityEditor.QuickSearchModule:UnityEditor.Search:ASIAI0B' with importer (ScriptedImporter : UnityEditor.QuickSearchModule:UnityEditor.Search:ASIAI0B)
Imported 'GUID: 01ab4daa0c099e24e90bbb8623a4198b' -> (Import Result ID: '07426d1a21174442ed85bc0e7a6986d4') in 0.002 seconds [static and dynamic dependencies]. Details - ImportResultOutputID=655adb1e08c0deea622ade635d9c332e DependenciesID=a0ae7a38bc2d398a2f9cdcf0456c4bd8 StaticDependenciesID=66a1e176c583f2a353187407c57e75d2 
Number of updated asset objects reloaded before import = 0
Number of asset objects unloaded after import = 0
========================================================================
Received Import Request.
  Time of request: 2026-10-01T08:15:29.9165Z
  Time since last request: 0.0004548 seconds.
  importAddress: GUID: 4085c56d69533334f969abdbd775c7fe - Path: Packages/com.unity.shadergraph/Editor/Data/Legacy/PBRMasterNode1.cs - Importer: ScriptedImporter/UnityEditor.QuickSearchModule:UnityEditor.Search:ASIAI0B
Importing 'GUID: 4085c56d69533334f969abdbd775c7fe - Path: Packages/com.unity.shadergraph/Editor/Data/Legacy/PBRMasterNode1.cs - Importer: ScriptedImporter/UnityEditor.QuickSearchModule:UnityEditor.Search:ASIAI0B' with importer (ScriptedImporter : UnityEditor.QuickSearchModule:UnityEditor.Search:ASIAI0B)
Imported 'GUID: 4085c56d69533334f969abdbd775c7fe' -> (Import Result ID: 'f6ba78a4a50a137255a064368666eb21') in 0.002 seconds [static and dynamic dependencies]. Details - ImportResultOutputID=437a637cc77630b7cae21ed31651f7ed DependenciesID=3b67eef05f8d633801c531bc6ada9545 StaticDependenciesID=f22d266b741176239fcb3a0401c90c48 
Number of updated asset objects reloaded before import = 0
Number of asset objects unloaded after import = 0
========================================================================
Received Import Request.
  Time of request: 2026-10-01T08:15:29.9273559Z
  Time since last request: 0.0002012 seconds.
  importAddress: GUID: 34772c0f4dfcde7428f8bacfb0ce0552 - Path: Packages/com.unity.shadergraph/Editor/Data/Util/KeywordDependentCollection.cs - Importer: ScriptedImporter/UnityEditor.QuickSearchModule:UnityEditor.Search:ASIAI0B
Importing 'GUID: 34772c0f4dfcde7428f8bacfb0ce0552 - Path: Packages/com.unity.shadergraph/Editor/Data/Util/KeywordDependentCollection.cs - Importer: ScriptedImporter/UnityEditor.QuickSearchModule:UnityEditor.Search:ASIAI0B' with importer (ScriptedImporter : UnityEditor.QuickSearchModule:UnityEditor.Search:ASIAI0B)
Imported 'GUID: 34772c0f4dfcde7428f8bacfb0ce0552' -> (Import Result ID: '7c1b894b4738443b08dcd8b600a6a3d5') in 0.002 seconds [static and dynamic dependencies]. Details - ImportResultOutputID=e63e74566e6b5560dc20f9aad1b9356d DependenciesID=04e7f57d97aa9eac526d4357917e0c96 StaticDependenciesID=789827bcb5268c523fe80c4ae053fef0 
Number of updated asset objects reloaded before import = 0
Number of asset objects unloaded after import = 0
========================================================================
Received Import Request.
  Time of request: 2026-10-01T08:15:29.9383897Z
  Time since last request: 0.000513 seconds.
  importAddress: GUID: ea731ae969f51e948bdc8eb82a6542e1 - Path: Packages/com.unity.shadergraph/Editor/Data/Util/KeywordCollector.cs - Importer: ScriptedImporter/UnityEditor.QuickSearchModule:UnityEditor.Search:ASIAI0B
Importing 'GUID: ea731ae969f51e948bdc8eb82a6542e1 - Path: Packages/com.unity.shadergraph/Editor/Data/Util/KeywordCollector.cs - Importer: ScriptedImporter/UnityEditor.QuickSearchModule:UnityEditor.Search:ASIAI0B' with importer (ScriptedImporter : UnityEditor.QuickSearchModule:UnityEditor.Search:ASIAI0B)
Imported 'GUID: ea731ae969f51e948bdc8eb82a6542e1' -> (Import Result ID: '43f26f2e234a757c22a50379d438f544') in 0.002 seconds [static and dynamic dependencies]. Details - ImportResultOutputID=4b6284fa541cb3869f9e61eff4e3bdf3 DependenciesID=b6a6f0aafcc22a0e6ef46d10b63e27ca StaticDependenciesID=64b84c46ce25082b5211c3ad93919e3f 
Number of updated asset objects reloaded before import = 0
Number of asset objects unloaded after import = 0
========================================================================
Received Import Request.
  Time of request: 2026-10-01T08:15:29.9690467Z
  Time since last request: 0.0176673 seconds.
  importAddress: GUID: 7d59a0bb237356a4f8f2284efb092c15 - Path: Packages/com.unity.shadergraph/Editor/Data/Util/ShaderGraphRequirementsPerKeyword.cs - Importer: ScriptedImporter/UnityEditor.QuickSearchModule:UnityEditor.Search:ASIAI0B
Importing 'GUID: 7d59a0bb237356a4f8f2284efb092c15 - Path: Packages/com.unity.shadergraph/Editor/Data/Util/ShaderGraphRequirementsPerKeyword.cs - Importer: ScriptedImporter/UnityEditor.QuickSearchModule:UnityEditor.Search:ASIAI0B' with importer (ScriptedImporter : UnityEditor.QuickSearchModule:UnityEditor.Search:ASIAI0B)
Imported 'GUID: 7d59a0bb237356a4f8f2284efb092c15' -> (Import Result ID: 'bc006734a39886fb9a4f4ce19fa76e2d') in 0.002 seconds [static and dynamic dependencies]. Details - ImportResultOutputID=94659cfa47840a6f8de6570c18726aab DependenciesID=876c45ce4481901c33ae14ebf91f73a5 StaticDependenciesID=86d5da64f2179f65f4286373501a7902 
Number of updated asset objects reloaded before import = 0
Number of asset objects unloaded after import = 0
========================================================================
Received Import Request.
  Time of request: 2026-10-01T08:15:29.9795365Z
  Time since last request: 0.0006287 seconds.
  importAddress: GUID: 415e66e3c4ba4ffd834a7d90349db989 - Path: Packages/com.unity.shadergraph/Editor/Drawing/Controllers/BlackboardCategoryController.cs - Importer: ScriptedImporter/UnityEditor.QuickSearchModule:UnityEditor.Search:ASIAI0B
Importing 'GUID: 415e66e3c4ba4ffd834a7d90349db989 - Path: Packages/com.unity.shadergraph/Editor/Drawing/Controllers/BlackboardCategoryController.cs - Importer: ScriptedImporter/UnityEditor.QuickSearchModule:UnityEditor.Search:ASIAI0B' with importer (ScriptedImporter : UnityEditor.QuickSearchModule:UnityEditor.Search:ASIAI0B)
Imported 'GUID: 415e66e3c4ba4ffd834a7d90349db989' -> (Import Result ID: '49deb2e1d735270260d502a72c06f360') in 0.002 seconds [static and dynamic dependencies]. Details - ImportResultOutputID=3fe0881098728e285a932c301beb8f26 DependenciesID=4931ba58a90b16566d01d9beb5df8388 StaticDependenciesID=385d7066c8c1f644ef5864eded044d19 
Number of updated asset objects reloaded before import = 0
Number of asset objects unloaded after import = 0
========================================================================
Received Import Request.
  Time of request: 2026-10-01T08:15:29.9900907Z
  Time since last request: 0.0003931 seconds.
  importAddress: GUID: 5f70875ecccbc924b8f9f0d58bbb37e8 - Path: Packages/com.unity.shadergraph/Editor/Drawing/Inspector/WindowDockingLayout.cs - Importer: ScriptedImporter/UnityEditor.QuickSearchModule:UnityEditor.Search:ASIAI0B
Importing 'GUID: 5f70875ecccbc924b8f9f0d58bbb37e8 - Path: Packages/com.unity.shadergraph/Editor/Drawing/Inspector/WindowDockingLayout.cs - Importer: ScriptedImporter/UnityEditor.QuickSearchModule:UnityEditor.Search:ASIAI0B' with importer (ScriptedImporter : UnityEditor.QuickSearchModule:UnityEditor.Search:ASIAI0B)
Imported 'GUID: 5f70875ecccbc924b8f9f0d58bbb37e8' -> (Import Result ID: 'd0c0c020633febcc7033e00e9bd8d334') in 0.002 seconds [static and dynamic dependencies]. Details - ImportResultOutputID=ccab244d1b87bd1fca85b778ba8ffe00 DependenciesID=4665cfcb39da5e6eab37c3d51f6d3135 StaticDependenciesID=700a8520eeee3957d705b3b32850f352 
Number of updated asset objects reloaded before import = 0
Number of asset objects unloaded after import = 0
========================================================================
Received Import Request.
  Time of request: 2026-10-01T08:15:29.9996111Z
  Time since last request: 0.0002381 seconds.
  importAddress: GUID: bca71e015fbd848c39feff083689afca - Path: Packages/com.unity.shadergraph/Editor/Drawing/Colors/UserColors.cs - Importer: ScriptedImporter/UnityEditor.QuickSearchModule:UnityEditor.Search:ASIAI0B
Importing 'GUID: bca71e015fbd848c39feff083689afca - Path: Packages/com.unity.shadergraph/Editor/Drawing/Colors/UserColors.cs - Importer: ScriptedImporter/UnityEditor.QuickSearchModule:UnityEditor.Search:ASIAI0B' with importer (ScriptedImporter : UnityEditor.QuickSearchModule:UnityEditor.Search:ASIAI0B)
Imported 'GUID: bca71e015fbd848c39feff083689afca' -> (Import Result ID: '1c42c9a95625fa0e8816f35dd98501ba') in 0.002 seconds [static and dynamic dependencies]. Details - ImportResultOutputID=a88b7731db3ea9107ebe7e1bb5cfb731 DependenciesID=f294fb717396cd66c10567ea1a83a2bb StaticDependenciesID=e72be6392d2440dd99d1a62c1f8fae8e 
Number of updated asset objects reloaded before import = 0
Number of asset objects unloaded after import = 0
========================================================================
Received Import Request.
  Time of request: 2026-10-01T08:15:30.0101766Z
  Time since last request: 0.000368 seconds.
  importAddress: GUID: ad4cd8fec883e80418e5427585b426db - Path: Packages/com.unity.shadergraph/Editor/Drawing/Manipulators/Draggable.cs - Importer: ScriptedImporter/UnityEditor.QuickSearchModule:UnityEditor.Search:ASIAI0B
Importing 'GUID: ad4cd8fec883e80418e5427585b426db - Path: Packages/com.unity.shadergraph/Editor/Drawing/Manipulators/Draggable.cs - Importer: ScriptedImporter/UnityEditor.QuickSearchModule:UnityEditor.Search:ASIAI0B' with importer (ScriptedImporter : UnityEditor.QuickSearchModule:UnityEditor.Search:ASIAI0B)
Imported 'GUID: ad4cd8fec883e80418e5427585b426db' -> (Import Result ID: 'a3a2f7a8837b9c48ba833a2c1c115a08') in 0.002 seconds [static and dynamic dependencies]. Details - ImportResultOutputID=ffa8810512680dafcd6cddfe5bf0ae53 DependenciesID=376da24bb9a9b7210b519d7e0e79847a StaticDependenciesID=6116592ab7c0b9eb86a67906621f4c23 
Number of updated asset objects reloaded before import = 0
Number of asset objects unloaded after import = 0
========================================================================
Received Import Request.
  Time of request: 2026-10-01T08:15:30.020282Z
  Time since last request: 0.00034 seconds.
  importAddress: GUID: 74fdde12d8253bd4c874acc555be0585 - Path: Packages/com.unity.shadergraph/Editor/Drawing/Controls/ChannelEnumControl.cs - Importer: ScriptedImporter/UnityEditor.QuickSearchModule:UnityEditor.Search:ASIAI0B
Importing 'GUID: 74fdde12d8253bd4c874acc555be0585 - Path: Packages/com.unity.shadergraph/Editor/Drawing/Controls/ChannelEnumControl.cs - Importer: ScriptedImporter/UnityEditor.QuickSearchModule:UnityEditor.Search:ASIAI0B' with importer (ScriptedImporter : UnityEditor.QuickSearchModule:UnityEditor.Search:ASIAI0B)
Imported 'GUID: 74fdde12d8253bd4c874acc555be0585' -> (Import Result ID: 'af29fbaa2144de3002e4bc0c605cbf85') in 0.002 seconds [static and dynamic dependencies]. Details - ImportResultOutputID=f5c883631f9e566b481d3cf39c833e38 DependenciesID=4bd48a58f824df544007e224bf467d38 StaticDependenciesID=4318f1cec4beadd79d0fc623c95e5af5 
Number of updated asset objects reloaded before import = 0
Number of asset objects unloaded after import = 0
========================================================================
Received Import Request.
  Time of request: 2026-10-01T08:15:30.0310911Z
  Time since last request: 0.0002985 seconds.
  importAddress: GUID: a22ff676828b743cc8de233f626453ca - Path: Packages/com.unity.shadergraph/Editor/Drawing/Colors/NoColors.cs - Importer: ScriptedImporter/UnityEditor.QuickSearchModule:UnityEditor.Search:ASIAI0B
Importing 'GUID: a22ff676828b743cc8de233f626453ca - Path: Packages/com.unity.shadergraph/Editor/Drawing/Colors/NoColors.cs - Importer: ScriptedImporter/UnityEditor.QuickSearchModule:UnityEditor.Search:ASIAI0B' with importer (ScriptedImporter : UnityEditor.QuickSearchModule:UnityEditor.Search:ASIAI0B)
Imported 'GUID: a22ff676828b743cc8de233f626453ca' -> (Import Result ID: '92bbc9a3dd994ecbfb54086c12fc22ce') in 0.002 seconds [static and dynamic dependencies]. Details - ImportResultOutputID=0f16276bc0fa520bfce167343ce47fe7 DependenciesID=208189cd5e45db952e64b8353ee8842a StaticDependenciesID=71ced65a6953cee0f0ccf6796c6ed3f7 
Number of updated asset objects reloaded before import = 0
Number of asset objects unloaded after import = 0
========================================================================
Received Import Request.
  Time of request: 2026-10-01T08:15:30.0552671Z
  Time since last request: 0.0137138 seconds.
  importAddress: GUID: 443389252e1f464fb537873630611201 - Path: Packages/com.unity.shadergraph/Editor/Generation/Descriptors/AdditionalCommandDescriptor.cs - Importer: ScriptedImporter/UnityEditor.QuickSearchModule:UnityEditor.Search:ASIAI0B
Importing 'GUID: 443389252e1f464fb537873630611201 - Path: Packages/com.unity.shadergraph/Editor/Generation/Descriptors/AdditionalCommandDescriptor.cs - Importer: ScriptedImporter/UnityEditor.QuickSearchModule:UnityEditor.Search:ASIAI0B' with importer (ScriptedImporter : UnityEditor.QuickSearchModule:UnityEditor.Search:ASIAI0B)
Imported 'GUID: 443389252e1f464fb537873630611201' -> (Import Result ID: '793bcdcf1ad7fdf0dcca8bad795200ef') in 0.002 seconds [static and dynamic dependencies]. Details - ImportResultOutputID=badc497fd0e6ba7b7d509637eefa148a DependenciesID=74d6d1d67910b64b43c02e1b99124c40 StaticDependenciesID=cac90f8d2d789429c515ab391a5d0f12 
Number of updated asset objects reloaded before import = 0
Number of asset objects unloaded after import = 0
========================================================================
Received Import Request.
  Time of request: 2026-10-01T08:15:30.0650877Z
  Time since last request: 0.0004222 seconds.
  importAddress: GUID: bb1187e3c30c4233ae250a361c54f26b - Path: Packages/com.unity.shadergraph/Editor/Generation/Collections/AdditionalCommandCollection.cs - Importer: ScriptedImporter/UnityEditor.QuickSearchModule:UnityEditor.Search:ASIAI0B
Importing 'GUID: bb1187e3c30c4233ae250a361c54f26b - Path: Packages/com.unity.shadergraph/Editor/Generation/Collections/AdditionalCommandCollection.cs - Importer: ScriptedImporter/UnityEditor.QuickSearchModule:UnityEditor.Search:ASIAI0B' with importer (ScriptedImporter : UnityEditor.QuickSearchModule:UnityEditor.Search:ASIAI0B)
Imported 'GUID: bb1187e3c30c4233ae250a361c54f26b' -> (Import Result ID: 'b70f812db48a07d728e7d4ae93507f87') in 0.002 seconds [static and dynamic dependencies]. Details - ImportResultOutputID=5f9c6566c58c8f24fc36a065834f1914 DependenciesID=d09bbf7913d82836208c9c466b499e7c StaticDependenciesID=7b18929cc5f492348e3c648a6f2e6db1 
Number of updated asset objects reloaded before import = 0
Number of asset objects unloaded after import = 0
========================================================================
Received Import Request.
  Time of request: 2026-10-01T08:15:30.0746205Z
  Time since last request: 0.0003968 seconds.
  importAddress: GUID: 5b0e9f1f7df8dc34a984c30b56cf998b - Path: Packages/com.unity.shadergraph/Editor/Generation/Contexts/TargetPropertyGUIContext.cs - Importer: ScriptedImporter/UnityEditor.QuickSearchModule:UnityEditor.Search:ASIAI0B
Importing 'GUID: 5b0e9f1f7df8dc34a984c30b56cf998b - Path: Packages/com.unity.shadergraph/Editor/Generation/Contexts/TargetPropertyGUIContext.cs - Importer: ScriptedImporter/UnityEditor.QuickSearchModule:UnityEditor.Search:ASIAI0B' with importer (ScriptedImporter : UnityEditor.QuickSearchModule:UnityEditor.Search:ASIAI0B)
Imported 'GUID: 5b0e9f1f7df8dc34a984c30b56cf998b' -> (Import Result ID: '1f07bb9098522e21afea18b32df366dc') in 0.001 seconds [static and dynamic dependencies]. Details - ImportResultOutputID=adfb3bfbe3162cb420fc5cafe6cc76ee DependenciesID=853df0f0aeb21b0d378e10622491446c StaticDependenciesID=14104beeac349276a51f9f34a2dff989 
Number of updated asset objects reloaded before import = 0
Number of asset objects unloaded after import = 0
========================================================================
Received Import Request.
  Time of request: 2026-10-01T08:15:30.0859158Z
  Time since last request: 0.0003363 seconds.
  importAddress: GUID: c79d992ee243342ad90f55ece679c57c - Path: Packages/com.unity.shadergraph/Editor/Drawing/Views/ReorderableSlotListView.cs - Importer: ScriptedImporter/UnityEditor.QuickSearchModule:UnityEditor.Search:ASIAI0B
Importing 'GUID: c79d992ee243342ad90f55ece679c57c - Path: Packages/com.unity.shadergraph/Editor/Drawing/Views/ReorderableSlotListView.cs - Importer: ScriptedImporter/UnityEditor.QuickSearchModule:UnityEditor.Search:ASIAI0B' with importer (ScriptedImporter : UnityEditor.QuickSearchModule:UnityEditor.Search:ASIAI0B)
Imported 'GUID: c79d992ee243342ad90f55ece679c57c' -> (Import Result ID: '40995c8cee0e0ae57ce796460c54d5e2') in 0.002 seconds [static and dynamic dependencies]. Details - ImportResultOutputID=a78239634ba7323d62701bef26a56492 DependenciesID=de50539be5dca514eb15d9e6727c0114 StaticDependenciesID=fbeedf2e7f6d1ce365c0e14326fdf6cb 
Number of updated asset objects reloaded before import = 0
Number of asset objects unloaded after import = 0
========================================================================
Received Import Request.
  Time of request: 2026-10-01T08:15:30.095788Z
  Time since last request: 0.0002086 seconds.
  importAddress: GUID: b6fd360d8ee574e7d85d34a382a182f0 - Path: Packages/com.unity.shadergraph/Editor/Generation/Collections/PragmaCollection.cs - Importer: ScriptedImporter/UnityEditor.QuickSearchModule:UnityEditor.Search:ASIAI0B
Importing 'GUID: b6fd360d8ee574e7d85d34a382a182f0 - Path: Packages/com.unity.shadergraph/Editor/Generation/Collections/PragmaCollection.cs - Importer: ScriptedImporter/UnityEditor.QuickSearchModule:UnityEditor.Search:ASIAI0B' with importer (ScriptedImporter : UnityEditor.QuickSearchModule:UnityEditor.Search:ASIAI0B)
Imported 'GUID: b6fd360d8ee574e7d85d34a382a182f0' -> (Import Result ID: '89e5d6d0ac6005257e183d64af61bb95') in 0.002 seconds [static and dynamic dependencies]. Details - ImportResultOutputID=5be94af3652b5ff771046f2475a7c72a DependenciesID=ca100377cbf2053977d616fee24587e1 StaticDependenciesID=38bf2493f6e3bca633be25923ed8ab7b 
Number of updated asset objects reloaded before import = 0
Number of asset objects unloaded after import = 0
========================================================================
Received Import Request.
  Time of request: 2026-10-01T08:15:30.1055349Z
  Time since last request: 0.0003885 seconds.
  importAddress: GUID: 71056b51439c71e4e9ba450dda30ff20 - Path: Packages/com.unity.shadergraph/Editor/Drawing/Views/PropertyNodeView.cs - Importer: ScriptedImporter/UnityEditor.QuickSearchModule:UnityEditor.Search:ASIAI0B
Importing 'GUID: 71056b51439c71e4e9ba450dda30ff20 - Path: Packages/com.unity.shadergraph/Editor/Drawing/Views/PropertyNodeView.cs - Importer: ScriptedImporter/UnityEditor.QuickSearchModule:UnityEditor.Search:ASIAI0B' with importer (ScriptedImporter : UnityEditor.QuickSearchModule:UnityEditor.Search:ASIAI0B)
Imported 'GUID: 71056b51439c71e4e9ba450dda30ff20' -> (Import Result ID: 'efb0aeef5a5df71700e490888daeb744') in 0.002 seconds [static and dynamic dependencies]. Details - ImportResultOutputID=5231ee9d2081374dca3dc7eaf16c5e96 DependenciesID=16c6ee489eb3089469184e4cadebf1fc StaticDependenciesID=82659d6f9f7191889c2dfd37c04e0187 
Number of updated asset objects reloaded before import = 0
Number of asset objects unloaded after import = 0
========================================================================
Received Import Request.
  Time of request: 2026-10-01T08:15:30.1155624Z
  Time since last request: 0.0004298 seconds.
  importAddress: GUID: 275dd8c834214250ac83d2a4eeab3660 - Path: Packages/com.unity.shadergraph/Editor/Drawing/Views/GraphSubWindow.cs - Importer: ScriptedImporter/UnityEditor.QuickSearchModule:UnityEditor.Search:ASIAI0B
Importing 'GUID: 275dd8c834214250ac83d2a4eeab3660 - Path: Packages/com.unity.shadergraph/Editor/Drawing/Views/GraphSubWindow.cs - Importer: ScriptedImporter/UnityEditor.QuickSearchModule:UnityEditor.Search:ASIAI0B' with importer (ScriptedImporter : UnityEditor.QuickSearchModule:UnityEditor.Search:ASIAI0B)
Imported 'GUID: 275dd8c834214250ac83d2a4eeab3660' -> (Import Result ID: 'd314d8508b3bed5c6696ebda523a001b') in 0.002 seconds [static and dynamic dependencies]. Details - ImportResultOutputID=c454af49f61774bf129abf5ef2b4a007 DependenciesID=c75e1c3a340244bb71c8f94b5a1c9177 StaticDependenciesID=8c4d970b76fceaf60ce83265049c94f9 
Number of updated asset objects reloaded before import = 0
Number of asset objects unloaded after import = 0
========================================================================
Received Import Request.
  Time of request: 2026-10-01T08:15:30.1413047Z
  Time since last request: 0.0162889 seconds.
  importAddress: GUID: 954de74b6fa234cfbb474898019e0acf - Path: Packages/com.unity.shadergraph/Editor/Resources/Icons/blackboard.png - Importer: ScriptedImporter/UnityEditor.QuickSearchModule:UnityEditor.Search:ASIAI0B
Importing 'GUID: 954de74b6fa234cfbb474898019e0acf - Path: Packages/com.unity.shadergraph/Editor/Resources/Icons/blackboard.png - Importer: ScriptedImporter/UnityEditor.QuickSearchModule:UnityEditor.Search:ASIAI0B' with importer (ScriptedImporter : UnityEditor.QuickSearchModule:UnityEditor.Search:ASIAI0B)
Imported 'GUID: 954de74b6fa234cfbb474898019e0acf' -> (Import Result ID: 'fb22cbb517015e799727320a2f99fb9f') in 0.004 seconds [static and dynamic dependencies]. Details - ImportResultOutputID=dec67eaf2fab16901a3013f81987ce9b DependenciesID=4dd8138ce3e2ac989286c148ee73f0a5 StaticDependenciesID=263ac4891b968f6b11f958f58617640d 
Number of updated asset objects reloaded before import = 0
Number of asset objects unloaded after import = 1
========================================================================
Received Import Request.
  Time of request: 2026-10-01T08:15:30.1536936Z
  Time since last request: 0.0003743 seconds.
  importAddress: GUID: 4200a9cc82e224ab89a574f04d74f1d1 - Path: Packages/com.unity.shadergraph/Editor/Generation/Processors/GraphCompilationResult.cs - Importer: ScriptedImporter/UnityEditor.QuickSearchModule:UnityEditor.Search:ASIAI0B
Importing 'GUID: 4200a9cc82e224ab89a574f04d74f1d1 - Path: Packages/com.unity.shadergraph/Editor/Generation/Processors/GraphCompilationResult.cs - Importer: ScriptedImporter/UnityEditor.QuickSearchModule:UnityEditor.Search:ASIAI0B' with importer (ScriptedImporter : UnityEditor.QuickSearchModule:UnityEditor.Search:ASIAI0B)
Imported 'GUID: 4200a9cc82e224ab89a574f04d74f1d1' -> (Import Result ID: '4f9caa5f823a59f49a0bb504a8ac0153') in 0.002 seconds [static and dynamic dependencies]. Details - ImportResultOutputID=bab68084c972ff05c308cb6d0c3bfecf DependenciesID=46f6f9058bb347c8ff52323b860ccf9c StaticDependenciesID=0974a8309a3e095c0208540f1884cd0a 
Number of updated asset objects reloaded before import = 0
Number of asset objects unloaded after import = 0
========================================================================
Received Import Request.
  Time of request: 2026-10-01T08:15:30.163837Z
  Time since last request: 0.0003907 seconds.
  importAddress: GUID: 8e20269cb921cc744982d17577ad6fc4 - Path: Packages/com.unity.shadergraph/Editor/Generation/Enumerations/ZTest.cs - Importer: ScriptedImporter/UnityEditor.QuickSearchModule:UnityEditor.Search:ASIAI0B
Importing 'GUID: 8e20269cb921cc744982d17577ad6fc4 - Path: Packages/com.unity.shadergraph/Editor/Generation/Enumerations/ZTest.cs - Importer: ScriptedImporter/UnityEditor.QuickSearchModule:UnityEditor.Search:ASIAI0B' with importer (ScriptedImporter : UnityEditor.QuickSearchModule:UnityEditor.Search:ASIAI0B)
Imported 'GUID: 8e20269cb921cc744982d17577ad6fc4' -> (Import Result ID: '694f28ad0142a792b8b9cc112f411dc0') in 0.002 seconds [static and dynamic dependencies]. Details - ImportResultOutputID=fc9d64fa20e5aec13fa08b2f6f18fb94 DependenciesID=34d5e6934a10ea1c1c0f547e1b960966 StaticDependenciesID=7468561f94eee700d5ac6ff8c8a343b9 
Number of updated asset objects reloaded before import = 0
Number of asset objects unloaded after import = 0
========================================================================
Received Import Request.
  Time of request: 2026-10-01T08:15:30.1776306Z
  Time since last request: 0.0004299 seconds.
  importAddress: GUID: ca768a19c7caa844c83fceae4a411f04 - Path: Packages/com.unity.shadergraph/Editor/Generation/Processors/PropertyCollector.cs - Importer: ScriptedImporter/UnityEditor.QuickSearchModule:UnityEditor.Search:ASIAI0B
Importing 'GUID: ca768a19c7caa844c83fceae4a411f04 - Path: Packages/com.unity.shadergraph/Editor/Generation/Processors/PropertyCollector.cs - Importer: ScriptedImporter/UnityEditor.QuickSearchModule:UnityEditor.Search:ASIAI0B' with importer (ScriptedImporter : UnityEditor.QuickSearchModule:UnityEditor.Search:ASIAI0B)
Imported 'GUID: ca768a19c7caa844c83fceae4a411f04' -> (Import Result ID: '31db312f928d939c859fe4fad0ce7715') in 0.002 seconds [static and dynamic dependencies]. Details - ImportResultOutputID=f8ea775004c2fad47cf1bb00b0020ac0 DependenciesID=926a028d6a2d049c5757d34e6ad48ccf StaticDependenciesID=f4fd9e4c085b90d79d3ff82c1a51d42b 
Number of updated asset objects reloaded before import = 0
Number of asset objects unloaded after import = 0
========================================================================
Received Import Request.
  Time of request: 2026-10-01T08:15:30.1921505Z
  Time since last request: 0.0002735 seconds.
  importAddress: GUID: 46fe9e42c0090d24391ef04f22ea4514 - Path: Packages/com.unity.shadergraph/Editor/ProviderSystem/Model/ProviderNodePropertyDrawer.cs - Importer: ScriptedImporter/UnityEditor.QuickSearchModule:UnityEditor.Search:ASIAI0B
Importing 'GUID: 46fe9e42c0090d24391ef04f22ea4514 - Path: Packages/com.unity.shadergraph/Editor/ProviderSystem/Model/ProviderNodePropertyDrawer.cs - Importer: ScriptedImporter/UnityEditor.QuickSearchModule:UnityEditor.Search:ASIAI0B' with importer (ScriptedImporter : UnityEditor.QuickSearchModule:UnityEditor.Search:ASIAI0B)
Imported 'GUID: 46fe9e42c0090d24391ef04f22ea4514' -> (Import Result ID: '828c9221249d23dfdb218844712cb018') in 0.002 seconds [static and dynamic dependencies]. Details - ImportResultOutputID=f2995fa55093342f2b0fe4b361893ab4 DependenciesID=c600b14c7031222cdf7adf3dffeab11c StaticDependenciesID=b946252bb5c05b65b0cae59b2ea8f462 
Number of updated asset objects reloaded before import = 0
Number of asset objects unloaded after import = 0
========================================================================
Received Import Request.
  Time of request: 2026-10-01T08:15:30.2030532Z
  Time since last request: 0.0003786 seconds.
  importAddress: GUID: 430a733c64a5c474787ac95203c2056b - Path: Packages/com.unity.shadergraph/Editor/Generation/Templates/BuildVertexDescriptionInputs.template.hlsl - Importer: ScriptedImporter/UnityEditor.QuickSearchModule:UnityEditor.Search:ASIAI0B
Importing 'GUID: 430a733c64a5c474787ac95203c2056b - Path: Packages/com.unity.shadergraph/Editor/Generation/Templates/BuildVertexDescriptionInputs.template.hlsl - Importer: ScriptedImporter/UnityEditor.QuickSearchModule:UnityEditor.Search:ASIAI0B' with importer (ScriptedImporter : UnityEditor.QuickSearchModule:UnityEditor.Search:ASIAI0B)
Imported 'GUID: 430a733c64a5c474787ac95203c2056b' -> (Import Result ID: 'e78833e1db87a9a96d4264339b63119f') in 0.002 seconds [static and dynamic dependencies]. Details - ImportResultOutputID=fb008890182bbd1cfdc51955f6893fb6 DependenciesID=493b1c370782f4ab1e1cd548222938a1 StaticDependenciesID=e3397551d603a3243d59a724a0181926 
Number of updated asset objects reloaded before import = 0
Number of asset objects unloaded after import = 1
========================================================================
Received Import Request.
  Time of request: 2026-10-01T08:15:30.2135626Z
  Time since last request: 0.0002604 seconds.
  importAddress: GUID: e64ba38b003f49bdb6ae4a2259be61c6 - Path: Packages/com.unity.shadergraph/Editor/Generation/Processors/ShaderStringBuilder.cs - Importer: ScriptedImporter/UnityEditor.QuickSearchModule:UnityEditor.Search:ASIAI0B
Importing 'GUID: e64ba38b003f49bdb6ae4a2259be61c6 - Path: Packages/com.unity.shadergraph/Editor/Generation/Processors/ShaderStringBuilder.cs - Importer: ScriptedImporter/UnityEditor.QuickSearchModule:UnityEditor.Search:ASIAI0B' with importer (ScriptedImporter : UnityEditor.QuickSearchModule:UnityEditor.Search:ASIAI0B)
Imported 'GUID: e64ba38b003f49bdb6ae4a2259be61c6' -> (Import Result ID: '18ea590931065528b99bd0ce9dcad47d') in 0.002 seconds [static and dynamic dependencies]. Details - ImportResultOutputID=67e9c035a370af9e1737e5d51713544e DependenciesID=7919d848f388167ea96d4af3f0d13665 StaticDependenciesID=40652d872b906bef27d73670f60bf2cb 
Number of updated asset objects reloaded before import = 0
Number of asset objects unloaded after import = 0
========================================================================
Received Import Request.
  Time of request: 2026-10-01T08:15:30.2247125Z
  Time since last request: 0.0003017 seconds.
  importAddress: GUID: a856114c5ad0f47bdbac070c94eebd84 - Path: Packages/com.unity.shadergraph/Editor/Generation/Targets/VFXTarget.cs - Importer: ScriptedImporter/UnityEditor.QuickSearchModule:UnityEditor.Search:ASIAI0B
Importing 'GUID: a856114c5ad0f47bdbac070c94eebd84 - Path: Packages/com.unity.shadergraph/Editor/Generation/Targets/VFXTarget.cs - Importer: ScriptedImporter/UnityEditor.QuickSearchModule:UnityEditor.Search:ASIAI0B' with importer (ScriptedImporter : UnityEditor.QuickSearchModule:UnityEditor.Search:ASIAI0B)
Imported 'GUID: a856114c5ad0f47bdbac070c94eebd84' -> (Import Result ID: '666ebd47f54815cf3137372033384e43') in 0.002 seconds [static and dynamic dependencies]. Details - ImportResultOutputID=5e53fd99714a22a395aa12e6e4dd26a0 DependenciesID=62a1e6127b7e27f63c6786c9356755bd StaticDependenciesID=28b97d53a3f86e39bc91b11c50efe90c 
Number of updated asset objects reloaded before import = 0
Number of asset objects unloaded after import = 0
========================================================================
Received Import Request.
  Time of request: 2026-10-01T08:15:30.2487596Z
  Time since last request: 0.0146267 seconds.
  importAddress: GUID: 990a2f951c73f0449a8596028e51c11e - Path: Packages/com.unity.shadergraph/GraphTemplates/Subgraphs/Terrain/Blend Layers Alpha.shadersubgraph - Importer: ScriptedImporter/UnityEditor.QuickSearchModule:UnityEditor.Search:ASIAI0B
Importing 'GUID: 990a2f951c73f0449a8596028e51c11e - Path: Packages/com.unity.shadergraph/GraphTemplates/Subgraphs/Terrain/Blend Layers Alpha.shadersubgraph - Importer: ScriptedImporter/UnityEditor.QuickSearchModule:UnityEditor.Search:ASIAI0B' with importer (ScriptedImporter : UnityEditor.QuickSearchModule:UnityEditor.Search:ASIAI0B)
Imported 'GUID: 990a2f951c73f0449a8596028e51c11e' -> (Import Result ID: '24e949e82aa33d11b8b0839e45a2942c') in 0.005 seconds [static and dynamic dependencies]. Details - ImportResultOutputID=a5453715a116973a6c6075caaf8d7945 DependenciesID=db87e34a5ef26416688d649cbd8721b0 StaticDependenciesID=d24bbb1b1ab35814163168a82bd62368 
Number of updated asset objects reloaded before import = 0
Number of asset objects unloaded after import = 1
========================================================================
Received Import Request.
  Time of request: 2026-10-01T08:15:30.2616854Z
  Time since last request: 0.0001884 seconds.
  importAddress: GUID: d9a970c4d408c408b888ee0caa8403eb - Path: Packages/com.unity.shadergraph/Editor/Resources/Styles/ColorMode.uss - Importer: ScriptedImporter/UnityEditor.QuickSearchModule:UnityEditor.Search:ASIAI0B
Importing 'GUID: d9a970c4d408c408b888ee0caa8403eb - Path: Packages/com.unity.shadergraph/Editor/Resources/Styles/ColorMode.uss - Importer: ScriptedImporter/UnityEditor.QuickSearchModule:UnityEditor.Search:ASIAI0B' with importer (ScriptedImporter : UnityEditor.QuickSearchModule:UnityEditor.Search:ASIAI0B)
Imported 'GUID: d9a970c4d408c408b888ee0caa8403eb' -> (Import Result ID: '0cf10a60f64dbdff851415c37c203e9a') in 0.003 seconds [static and dynamic dependencies]. Details - ImportResultOutputID=7e4bf69ab726bd07cc0a14c408bcbd7f DependenciesID=a8f4ad3e734831f2e6eba54b833feb40 StaticDependenciesID=7fcf254196069c2c589ae6618b46831a 
Number of updated asset objects reloaded before import = 0
Number of asset objects unloaded after import = 1
========================================================================
Received Import Request.
  Time of request: 2026-10-01T08:15:30.2726816Z
  Time since last request: 0.0004751 seconds.
  importAddress: GUID: 50b406436c6214c49aaaa6011b71dde8 - Path: Packages/com.unity.shadergraph/Editor/Resources/Shaders/BlitNoAlpha.shader - Importer: ScriptedImporter/UnityEditor.QuickSearchModule:UnityEditor.Search:ASIAI0B
Importing 'GUID: 50b406436c6214c49aaaa6011b71dde8 - Path: Packages/com.unity.shadergraph/Editor/Resources/Shaders/BlitNoAlpha.shader - Importer: ScriptedImporter/UnityEditor.QuickSearchModule:UnityEditor.Search:ASIAI0B' with importer (ScriptedImporter : UnityEditor.QuickSearchModule:UnityEditor.Search:ASIAI0B)
Imported 'GUID: 50b406436c6214c49aaaa6011b71dde8' -> (Import Result ID: '75b58deab4c2d13ad953f4850d40e071') in 0.002 seconds [static and dynamic dependencies]. Details - ImportResultOutputID=e783c133cdd81e678c4c435fb711a265 DependenciesID=3b593060f8d74e04c41c7684e10b788a StaticDependenciesID=5ab585429d51fd9642de1de33a23f643 
Number of updated asset objects reloaded before import = 0
Number of asset objects unloaded after import = 1
========================================================================
Received Import Request.
  Time of request: 2026-10-01T08:15:30.2830555Z
  Time since last request: 0.0004555 seconds.
  importAddress: GUID: 62cd44aa2d94fa442942547943d2b24a - Path: Packages/com.unity.shadergraph/GraphTemplates/Subgraphs/Terrain/Unpack Material.shadersubgraph - Importer: ScriptedImporter/UnityEditor.QuickSearchModule:UnityEditor.Search:ASIAI0B
Importing 'GUID: 62cd44aa2d94fa442942547943d2b24a - Path: Packages/com.unity.shadergraph/GraphTemplates/Subgraphs/Terrain/Unpack Material.shadersubgraph - Importer: ScriptedImporter/UnityEditor.QuickSearchModule:UnityEditor.Search:ASIAI0B' with importer (ScriptedImporter : UnityEditor.QuickSearchModule:UnityEditor.Search:ASIAI0B)
Imported 'GUID: 62cd44aa2d94fa442942547943d2b24a' -> (Import Result ID: '6af2bafb97c363b04381714a41f51ec5') in 0.003 seconds [static and dynamic dependencies]. Details - ImportResultOutputID=d9136006a37481c3ff74450d94e83608 DependenciesID=612c734f089a851ac14e5d7093ef9bff StaticDependenciesID=9447b6a0948b3bc2b88fe211f8f23520 
Number of updated asset objects reloaded before import = 0
Number of asset objects unloaded after import = 1
========================================================================
Received Import Request.
  Time of request: 2026-10-01T08:15:30.296212Z
  Time since last request: 0.0003 seconds.
  importAddress: GUID: 61cf67e9c1f54ceab08d2bd16ffd3c53 - Path: Packages/com.unity.shadergraph/Editor/Resources/Styles/PixelCacheProfiler.uss - Importer: ScriptedImporter/UnityEditor.QuickSearchModule:UnityEditor.Search:ASIAI0B
Importing 'GUID: 61cf67e9c1f54ceab08d2bd16ffd3c53 - Path: Packages/com.unity.shadergraph/Editor/Resources/Styles/PixelCacheProfiler.uss - Importer: ScriptedImporter/UnityEditor.QuickSearchModule:UnityEditor.Search:ASIAI0B' with importer (ScriptedImporter : UnityEditor.QuickSearchModule:UnityEditor.Search:ASIAI0B)
Imported 'GUID: 61cf67e9c1f54ceab08d2bd16ffd3c53' -> (Import Result ID: '7476db43d313b79076957213e66e09a4') in 0.002 seconds [static and dynamic dependencies]. Details - ImportResultOutputID=27088f8ec603a774c80d94379ff03572 DependenciesID=16924c98b547c0a0dddf9a414eaec75b StaticDependenciesID=0f323608e808b7d42c83c35a24ba470d 
Number of updated asset objects reloaded before import = 0
Number of asset objects unloaded after import = 1
========================================================================
Received Import Request.
  Time of request: 2026-10-01T08:15:30.3065661Z
  Time since last request: 0.0004981 seconds.
  importAddress: GUID: 00d735264dc3c1849bf2ee8dec95ec39 - Path: Packages/com.unity.shadergraph/Editor/Resources/Styles/SGBlackboard.uss - Importer: ScriptedImporter/UnityEditor.QuickSearchModule:UnityEditor.Search:ASIAI0B
Importing 'GUID: 00d735264dc3c1849bf2ee8dec95ec39 - Path: Packages/com.unity.shadergraph/Editor/Resources/Styles/SGBlackboard.uss - Importer: ScriptedImporter/UnityEditor.QuickSearchModule:UnityEditor.Search:ASIAI0B' with importer (ScriptedImporter : UnityEditor.QuickSearchModule:UnityEditor.Search:ASIAI0B)
Imported 'GUID: 00d735264dc3c1849bf2ee8dec95ec39' -> (Import Result ID: 'a9fbead99995d4cc7700bac0565e77b5') in 0.003 seconds [static and dynamic dependencies]. Details - ImportResultOutputID=be616dfc62d3840eb4bb3f5052a81108 DependenciesID=856fb55846f33f53dc2b8a6c3977325f StaticDependenciesID=e5cb9efc0eaceb73bf6b899112320b5a 
Number of updated asset objects reloaded before import = 0
Number of asset objects unloaded after import = 1
========================================================================
Received Import Request.
  Time of request: 2026-10-01T08:15:30.3550803Z
  Time since last request: 0.0371378 seconds.
  importAddress: GUID: 2220be8d2a604e03a67645035574e0a6 - Path: Packages/com.unity.shadergraph/Tests/Editor/UnitTests/LiteralFloatTests.cs - Importer: ScriptedImporter/UnityEditor.QuickSearchModule:UnityEditor.Search:ASIAI0B
Importing 'GUID: 2220be8d2a604e03a67645035574e0a6 - Path: Packages/com.unity.shadergraph/Tests/Editor/UnitTests/LiteralFloatTests.cs - Importer: ScriptedImporter/UnityEditor.QuickSearchModule:UnityEditor.Search:ASIAI0B' with importer (ScriptedImporter : UnityEditor.QuickSearchModule:UnityEditor.Search:ASIAI0B)
Imported 'GUID: 2220be8d2a604e03a67645035574e0a6' -> (Import Result ID: '9f7bc0fb6584b1d4b60864d5ebf792c9') in 0.002 seconds [static and dynamic dependencies]. Details - ImportResultOutputID=874d814edd0b23012091dd49121e92ed DependenciesID=d387cdc89a6d9c8749b15def5b29bfba StaticDependenciesID=57e28e8d22b67ffacab3e7b9d7e1ba37 
Number of updated asset objects reloaded before import = 0
Number of asset objects unloaded after import = 0
========================================================================
Received Import Request.
  Time of request: 2026-10-01T08:15:30.365852Z
  Time since last request: 0.0004044 seconds.
  importAddress: GUID: 0675182a7c3e7464e977d09524877e2c - Path: Packages/com.unity.shadergraph/Tests/Editor/UnitTests/MaterialGraphTests.cs - Importer: ScriptedImporter/UnityEditor.QuickSearchModule:UnityEditor.Search:ASIAI0B
Importing 'GUID: 0675182a7c3e7464e977d09524877e2c - Path: Packages/com.unity.shadergraph/Tests/Editor/UnitTests/MaterialGraphTests.cs - Importer: ScriptedImporter/UnityEditor.QuickSearchModule:UnityEditor.Search:ASIAI0B' with importer (ScriptedImporter : UnityEditor.QuickSearchModule:UnityEditor.Search:ASIAI0B)
Imported 'GUID: 0675182a7c3e7464e977d09524877e2c' -> (Import Result ID: '8a2a579f11e1eda306006526ff0811ad') in 0.001 seconds [static and dynamic dependencies]. Details - ImportResultOutputID=935e1515da28bfc93c189164ee501a9b DependenciesID=eefec17a8b74f3908c40732c78d39099 StaticDependenciesID=8191f2109e7b38c33df456eaa6e3ba95 
Number of updated asset objects reloaded before import = 0
Number of asset objects unloaded after import = 0
========================================================================
Received Import Request.
  Time of request: 2026-10-01T08:15:30.3892475Z
  Time since last request: 0.0137758 seconds.
  importAddress: GUID: fa443691530c547418e195e22597f2af - Path: Packages/com.unity.shadergraph/Editor/Data/Nodes/Channel/FlipNode.cs - Importer: ScriptedImporter/UnityEditor.QuickSearchModule:UnityEditor.Search:ASIAI0B
Importing 'GUID: fa443691530c547418e195e22597f2af - Path: Packages/com.unity.shadergraph/Editor/Data/Nodes/Channel/FlipNode.cs - Importer: ScriptedImporter/UnityEditor.QuickSearchModule:UnityEditor.Search:ASIAI0B' with importer (ScriptedImporter : UnityEditor.QuickSearchModule:UnityEditor.Search:ASIAI0B)
Imported 'GUID: fa443691530c547418e195e22597f2af' -> (Import Result ID: '7f5fe4101177cda5f2e80601cc61cf64') in 0.002 seconds [static and dynamic dependencies]. Details - ImportResultOutputID=b5b825b97aceeaef05ca8cd2fc8f6da3 DependenciesID=2763e11e899ffb55cfe5a958aceb641d StaticDependenciesID=ee366664088062574391d9d505d36e5a 
Number of updated asset objects reloaded before import = 0
Number of asset objects unloaded after import = 0
========================================================================
Received Import Request.
  Time of request: 2026-10-01T08:15:30.3998649Z
  Time since last request: 0.0003236 seconds.
  importAddress: GUID: f9a394b3df374578ae75b90960ee4790 - Path: Packages/com.unity.shadergraph/Editor/Drawing/Inspector/PropertyDrawers/DropdownPropertyDrawer.cs - Importer: ScriptedImporter/UnityEditor.QuickSearchModule:UnityEditor.Search:ASIAI0B
Importing 'GUID: f9a394b3df374578ae75b90960ee4790 - Path: Packages/com.unity.shadergraph/Editor/Drawing/Inspector/PropertyDrawers/DropdownPropertyDrawer.cs - Importer: ScriptedImporter/UnityEditor.QuickSearchModule:UnityEditor.Search:ASIAI0B' with importer (ScriptedImporter : UnityEditor.QuickSearchModule:UnityEditor.Search:ASIAI0B)
Imported 'GUID: f9a394b3df374578ae75b90960ee4790' -> (Import Result ID: '1ee3fb996cb5a1723163046778d9db7c') in 0.002 seconds [static and dynamic dependencies]. Details - ImportResultOutputID=5955f679065a25063101c7ec51dba377 DependenciesID=82fe2a71ebcec13b59b5d0f074c81028 StaticDependenciesID=98b374dfbdcf3d776984fc62b447eb2c 
Number of updated asset objects reloaded before import = 0
Number of asset objects unloaded after import = 0
========================================================================
Received Import Request.
  Time of request: 2026-10-01T08:15:30.4101789Z
  Time since last request: 0.0005113 seconds.
  importAddress: GUID: ed722b1f9c66a7441b3893cec3e3ff4d - Path: Packages/com.unity.shadergraph/Editor/Data/Interfaces/Graph/IOnAssetEnabled.cs - Importer: ScriptedImporter/UnityEditor.QuickSearchModule:UnityEditor.Search:ASIAI0B
Importing 'GUID: ed722b1f9c66a7441b3893cec3e3ff4d - Path: Packages/com.unity.shadergraph/Editor/Data/Interfaces/Graph/IOnAssetEnabled.cs - Importer: ScriptedImporter/UnityEditor.QuickSearchModule:UnityEditor.Search:ASIAI0B' with importer (ScriptedImporter : UnityEditor.QuickSearchModule:UnityEditor.Search:ASIAI0B)
Imported 'GUID: ed722b1f9c66a7441b3893cec3e3ff4d' -> (Import Result ID: 'a723bc9002ba4c8021867d922cd70d14') in 0.002 seconds [static and dynamic dependencies]. Details - ImportResultOutputID=798927de1fb6f7616cbf2bbc4443fa3a DependenciesID=02e241f5419fe20eaca4197924865327 StaticDependenciesID=61ebb30daea7116547244bdeb57e1299 
Number of updated asset objects reloaded before import = 0
Number of asset objects unloaded after import = 0
========================================================================
Received Import Request.
  Time of request: 2026-10-01T08:15:30.4199969Z
  Time since last request: 0.0002541 seconds.
  importAddress: GUID: a7b6f306850f6cc449bc71d8d2384146 - Path: Packages/com.unity.shadergraph/Editor/Data/Interfaces/Graph/SlotReference.cs - Importer: ScriptedImporter/UnityEditor.QuickSearchModule:UnityEditor.Search:ASIAI0B
Importing 'GUID: a7b6f306850f6cc449bc71d8d2384146 - Path: Packages/com.unity.shadergraph/Editor/Data/Interfaces/Graph/SlotReference.cs - Importer: ScriptedImporter/UnityEditor.QuickSearchModule:UnityEditor.Search:ASIAI0B' with importer (ScriptedImporter : UnityEditor.QuickSearchModule:UnityEditor.Search:ASIAI0B)
Imported 'GUID: a7b6f306850f6cc449bc71d8d2384146' -> (Import Result ID: '6485ad16d34f745c2a8e4e9b847317a5') in 0.002 seconds [static and dynamic dependencies]. Details - ImportResultOutputID=4657eff26be6e6d1537788e150623e2a DependenciesID=ee1c85b9c33a2ccd66899f21f31eb69b StaticDependenciesID=d9940aa5b20cfbcea854fab46616cddd 
Number of updated asset objects reloaded before import = 0
Number of asset objects unloaded after import = 0
========================================================================
Received Import Request.
  Time of request: 2026-10-01T08:15:30.4294969Z
  Time since last request: 0.0003317 seconds.
  importAddress: GUID: 4d28f79bb9e147e0837f0411a2269513 - Path: Packages/com.unity.shadergraph/Editor/Drawing/Inspector/PropertyDrawers/GraphDataPropertyDrawer.cs - Importer: ScriptedImporter/UnityEditor.QuickSearchModule:UnityEditor.Search:ASIAI0B
Importing 'GUID: 4d28f79bb9e147e0837f0411a2269513 - Path: Packages/com.unity.shadergraph/Editor/Drawing/Inspector/PropertyDrawers/GraphDataPropertyDrawer.cs - Importer: ScriptedImporter/UnityEditor.QuickSearchModule:UnityEditor.Search:ASIAI0B' with importer (ScriptedImporter : UnityEditor.QuickSearchModule:UnityEditor.Search:ASIAI0B)
Imported 'GUID: 4d28f79bb9e147e0837f0411a2269513' -> (Import Result ID: '244dc42981321cf98f744dfeb58fdfdd') in 0.002 seconds [static and dynamic dependencies]. Details - ImportResultOutputID=5332d7679f8456e16f7afb12ebe88cbd DependenciesID=038e7f7c2ffbc2e85c8bbfc711fcbf50 StaticDependenciesID=613668634a5e38ed1d97c8e1b8b565a3 
Number of updated asset objects reloaded before import = 0
Number of asset objects unloaded after import = 0
========================================================================
Received Import Request.
  Time of request: 2026-10-01T08:15:30.4395337Z
  Time since last request: 0.0002913 seconds.
  importAddress: GUID: f2163038c8be4befb58f6aff22e6bd00 - Path: Packages/com.unity.shadergraph/Editor/Drawing/Inspector/PropertyDrawers/IntegerPropertyDrawer.cs - Importer: ScriptedImporter/UnityEditor.QuickSearchModule:UnityEditor.Search:ASIAI0B
Importing 'GUID: f2163038c8be4befb58f6aff22e6bd00 - Path: Packages/com.unity.shadergraph/Editor/Drawing/Inspector/PropertyDrawers/IntegerPropertyDrawer.cs - Importer: ScriptedImporter/UnityEditor.QuickSearchModule:UnityEditor.Search:ASIAI0B' with importer (ScriptedImporter : UnityEditor.QuickSearchModule:UnityEditor.Search:ASIAI0B)
Imported 'GUID: f2163038c8be4befb58f6aff22e6bd00' -> (Import Result ID: '8c0976ea43b85c6f264a0d24bd6268fb') in 0.002 seconds [static and dynamic dependencies]. Details - ImportResultOutputID=c1c66c947029c4d8af5e9067e2431bb4 DependenciesID=c8bdf9379053daf4b7bf4c59d9e480b4 StaticDependenciesID=20c2e6bcd01e5e2a467cbf6cb5e98cdc 
Number of updated asset objects reloaded before import = 0
Number of asset objects unloaded after import = 0
========================================================================
Received Import Request.
  Time of request: 2026-10-01T08:15:30.4499403Z
  Time since last request: 0.0003992 seconds.
  importAddress: GUID: f08c6b905c574da0b669976fa5353fa8 - Path: Packages/com.unity.shadergraph/Editor/Drawing/Inspector/PropertyDrawers/EnumPropertyDrawer.cs - Importer: ScriptedImporter/UnityEditor.QuickSearchModule:UnityEditor.Search:ASIAI0B
Importing 'GUID: f08c6b905c574da0b669976fa5353fa8 - Path: Packages/com.unity.shadergraph/Editor/Drawing/Inspector/PropertyDrawers/EnumPropertyDrawer.cs - Importer: ScriptedImporter/UnityEditor.QuickSearchModule:UnityEditor.Search:ASIAI0B' with importer (ScriptedImporter : UnityEditor.QuickSearchModule:UnityEditor.Search:ASIAI0B)
Imported 'GUID: f08c6b905c574da0b669976fa5353fa8' -> (Import Result ID: '58bf703c45b2e9d4d828cc49d6404de7') in 0.001 seconds [static and dynamic dependencies]. Details - ImportResultOutputID=43c0e586fe6450664ad14718a4b2064a DependenciesID=bbbfc52769c19bc22e0bb210e260ed28 StaticDependenciesID=794490336b50d8d247a7457fda0dae39 
Number of updated asset objects reloaded before import = 0
Number of asset objects unloaded after import = 0
========================================================================
Received Import Request.
  Time of request: 2026-10-01T08:15:30.4781397Z
  Time since last request: 0.0195296 seconds.
  importAddress: GUID: 9fe94b29e1463438e8bc28a5e7905e1d - Path: Packages/com.unity.shadergraph/Editor/ProviderSystem/Model/Header/HeaderUtils.cs - Importer: ScriptedImporter/UnityEditor.QuickSearchModule:UnityEditor.Search:ASIAI0B
Importing 'GUID: 9fe94b29e1463438e8bc28a5e7905e1d - Path: Packages/com.unity.shadergraph/Editor/ProviderSystem/Model/Header/HeaderUtils.cs - Importer: ScriptedImporter/UnityEditor.QuickSearchModule:UnityEditor.Search:ASIAI0B' with importer (ScriptedImporter : UnityEditor.QuickSearchModule:UnityEditor.Search:ASIAI0B)
Imported 'GUID: 9fe94b29e1463438e8bc28a5e7905e1d' -> (Import Result ID: 'a1616863884a4b8f074a42076efe7486') in 0.002 seconds [static and dynamic dependencies]. Details - ImportResultOutputID=0d1fd7da6c6e30874e45bf8550465618 DependenciesID=dd2006be08ac029673a97902023f843f StaticDependenciesID=b51ad8fd0a056c5dd9363c3c5568c3bf 
Number of updated asset objects reloaded before import = 0
Number of asset objects unloaded after import = 0
========================================================================
Received Import Request.
  Time of request: 2026-10-01T08:15:30.4886128Z
  Time since last request: 0.000287 seconds.
  importAddress: GUID: 7fc29d436587748dcaaefd8669c3d946 - Path: Packages/com.unity.shadergraph/Editor/Drawing/Views/Slots/BooleanSlotControlView.cs - Importer: ScriptedImporter/UnityEditor.QuickSearchModule:UnityEditor.Search:ASIAI0B
Importing 'GUID: 7fc29d436587748dcaaefd8669c3d946 - Path: Packages/com.unity.shadergraph/Editor/Drawing/Views/Slots/BooleanSlotControlView.cs - Importer: ScriptedImporter/UnityEditor.QuickSearchModule:UnityEditor.Search:ASIAI0B' with importer (ScriptedImporter : UnityEditor.QuickSearchModule:UnityEditor.Search:ASIAI0B)
Imported 'GUID: 7fc29d436587748dcaaefd8669c3d946' -> (Import Result ID: 'ed91af39404825d080c27aeb47ca9898') in 0.002 seconds [static and dynamic dependencies]. Details - ImportResultOutputID=e979c8401e381cc7d0190fba4193e64d DependenciesID=15d0a808beec9bb6ffa556a439be2eba StaticDependenciesID=d8e3d45adf8356e1d14507fbb3d333b3 
Number of updated asset objects reloaded before import = 0
Number of asset objects unloaded after import = 0
========================================================================
Received Import Request.
  Time of request: 2026-10-01T08:15:30.4986291Z
  Time since last request: 0.000302 seconds.
  importAddress: GUID: 4c07dcabd0a45844eb0889811a49b9bf - Path: Packages/com.unity.shadergraph/Editor/Resources/GraphView/Nodes/NodeChevronDown.png - Importer: ScriptedImporter/UnityEditor.QuickSearchModule:UnityEditor.Search:ASIAI0B
Importing 'GUID: 4c07dcabd0a45844eb0889811a49b9bf - Path: Packages/com.unity.shadergraph/Editor/Resources/GraphView/Nodes/NodeChevronDown.png - Importer: ScriptedImporter/UnityEditor.QuickSearchModule:UnityEditor.Search:ASIAI0B' with importer (ScriptedImporter : UnityEditor.QuickSearchModule:UnityEditor.Search:ASIAI0B)
Imported 'GUID: 4c07dcabd0a45844eb0889811a49b9bf' -> (Import Result ID: '4fe96b1f4a230094dfb8bbde2cc66fd9') in 0.004 seconds [static and dynamic dependencies]. Details - ImportResultOutputID=a23b8f95adb4069aa16d95720483d9a3 DependenciesID=4fc1368c4932447958ea41026b3c2287 StaticDependenciesID=35bd430d759759f8d42d7fa6ade58b6b 
Number of updated asset objects reloaded before import = 0
Number of asset objects unloaded after import = 1
========================================================================
Received Import Request.
  Time of request: 2026-10-01T08:15:30.5111215Z
  Time since last request: 0.0002517 seconds.
  importAddress: GUID: 2d40dca50e4f4bd2ad13b8d9b7cf0242 - Path: Packages/com.unity.shadergraph/Editor/Drawing/Inspector/PropertyDrawers/Texture2DArrayPropertyDrawer.cs - Importer: ScriptedImporter/UnityEditor.QuickSearchModule:UnityEditor.Search:ASIAI0B
Importing 'GUID: 2d40dca50e4f4bd2ad13b8d9b7cf0242 - Path: Packages/com.unity.shadergraph/Editor/Drawing/Inspector/PropertyDrawers/Texture2DArrayPropertyDrawer.cs - Importer: ScriptedImporter/UnityEditor.QuickSearchModule:UnityEditor.Search:ASIAI0B' with importer (ScriptedImporter : UnityEditor.QuickSearchModule:UnityEditor.Search:ASIAI0B)
Imported 'GUID: 2d40dca50e4f4bd2ad13b8d9b7cf0242' -> (Import Result ID: '79bd0f05c6ba94824c70e4811d4c2e76') in 0.002 seconds [static and dynamic dependencies]. Details - ImportResultOutputID=2bc8c1bd3121cc0080fde0af975bd032 DependenciesID=77e7c479ededc826006c5701badc8ff1 StaticDependenciesID=efa26fdbb6c211636880bca7f527dd52 
Number of updated asset objects reloaded before import = 0
Number of asset objects unloaded after import = 0
========================================================================
Received Import Request.
  Time of request: 2026-10-01T08:15:30.5213266Z
  Time since last request: 0.0003879 seconds.
  importAddress: GUID: 470e3787e0cd4e3f8dba9518074b91da - Path: Packages/com.unity.shadergraph/Editor/Generation/Targets/Canvas/CanvasData.cs - Importer: ScriptedImporter/UnityEditor.QuickSearchModule:UnityEditor.Search:ASIAI0B
Importing 'GUID: 470e3787e0cd4e3f8dba9518074b91da - Path: Packages/com.unity.shadergraph/Editor/Generation/Targets/Canvas/CanvasData.cs - Importer: ScriptedImporter/UnityEditor.QuickSearchModule:UnityEditor.Search:ASIAI0B' with importer (ScriptedImporter : UnityEditor.QuickSearchModule:UnityEditor.Search:ASIAI0B)
Imported 'GUID: 470e3787e0cd4e3f8dba9518074b91da' -> (Import Result ID: 'f742799621283c62a698a3bb675ea48a') in 0.002 seconds [static and dynamic dependencies]. Details - ImportResultOutputID=09a03747dff4068ffe842a2e98001e12 DependenciesID=a6d62b89cb91504ba445fc6def8d26bf StaticDependenciesID=dfa6944b35333c4c7e1c8b58b4c87e49 
Number of updated asset objects reloaded before import = 0
Number of asset objects unloaded after import = 0
========================================================================
Received Import Request.
  Time of request: 2026-10-01T08:15:30.5311455Z
  Time since last request: 0.0003159 seconds.
  importAddress: GUID: c9a458e42c243844a8725ccc1e32f53b - Path: Packages/com.unity.shadergraph/Editor/Drawing/Inspector/PropertyDrawers/SampleTexture2DArrayNodePropertyDrawer.cs - Importer: ScriptedImporter/UnityEditor.QuickSearchModule:UnityEditor.Search:ASIAI0B
Importing 'GUID: c9a458e42c243844a8725ccc1e32f53b - Path: Packages/com.unity.shadergraph/Editor/Drawing/Inspector/PropertyDrawers/SampleTexture2DArrayNodePropertyDrawer.cs - Importer: ScriptedImporter/UnityEditor.QuickSearchModule:UnityEditor.Search:ASIAI0B' with importer (ScriptedImporter : UnityEditor.QuickSearchModule:UnityEditor.Search:ASIAI0B)
Imported 'GUID: c9a458e42c243844a8725ccc1e32f53b' -> (Import Result ID: '07a1e689cbf6e77039a9a25c0fe82d0c') in 0.002 seconds [static and dynamic dependencies]. Details - ImportResultOutputID=b5a95b153e8b415c68703b1716d59725 DependenciesID=4bf9ff51baf69494e3723788f79d0a06 StaticDependenciesID=e3764e0bb59a64c8268a52db46d45792 
Number of updated asset objects reloaded before import = 0
Number of asset objects unloaded after import = 0
========================================================================
Received Import Request.
  Time of request: 2026-10-01T08:15:30.5419876Z
  Time since last request: 0.0003104 seconds.
  importAddress: GUID: b7e0bdc2deb5a43aca74fd1e84c94cfa - Path: Packages/com.unity.shadergraph/Editor/Drawing/Views/Slots/LabelSlotControlView.cs - Importer: ScriptedImporter/UnityEditor.QuickSearchModule:UnityEditor.Search:ASIAI0B
Importing 'GUID: b7e0bdc2deb5a43aca74fd1e84c94cfa - Path: Packages/com.unity.shadergraph/Editor/Drawing/Views/Slots/LabelSlotControlView.cs - Importer: ScriptedImporter/UnityEditor.QuickSearchModule:UnityEditor.Search:ASIAI0B' with importer (ScriptedImporter : UnityEditor.QuickSearchModule:UnityEditor.Search:ASIAI0B)
Imported 'GUID: b7e0bdc2deb5a43aca74fd1e84c94cfa' -> (Import Result ID: '1c87cbdf75e2e884b69bb9301292c46d') in 0.002 seconds [static and dynamic dependencies]. Details - ImportResultOutputID=546784f8c986ec6a24b79f48af466729 DependenciesID=d7595e96621b1feecbf3231dd61bbb37 StaticDependenciesID=3168bb46bc8ea8b8570de685824a9bcb 
Number of updated asset objects reloaded before import = 0
Number of asset objects unloaded after import = 0
========================================================================
Received Import Request.
  Time of request: 2026-10-01T08:15:30.5650471Z
  Time since last request: 0.0134747 seconds.
  importAddress: GUID: 7e575e166832cb7478f6d674d896b778 - Path: Packages/com.unity.shadergraph/Editor/Resources/GraphView/Nodes/NodeChevronLeft@2x.png - Importer: ScriptedImporter/UnityEditor.QuickSearchModule:UnityEditor.Search:ASIAI0B
Importing 'GUID: 7e575e166832cb7478f6d674d896b778 - Path: Packages/com.unity.shadergraph/Editor/Resources/GraphView/Nodes/NodeChevronLeft@2x.png - Importer: ScriptedImporter/UnityEditor.QuickSearchModule:UnityEditor.Search:ASIAI0B' with importer (ScriptedImporter : UnityEditor.QuickSearchModule:UnityEditor.Search:ASIAI0B)
Imported 'GUID: 7e575e166832cb7478f6d674d896b778' -> (Import Result ID: '483fda5f01232daf72f7246ce63e7ecc') in 0.007 seconds [static and dynamic dependencies]. Details - ImportResultOutputID=18b1f99c832ad396a274d7db15d402e8 DependenciesID=1e871422c40b0def1aa69e3b77040391 StaticDependenciesID=e79f34c950e701edf28651c6b48a49aa 
Number of updated asset objects reloaded before import = 0
Number of asset objects unloaded after import = 1
========================================================================
Received Import Request.
  Time of request: 2026-10-01T08:15:30.5801868Z
  Time since last request: 0.0003603 seconds.
  importAddress: GUID: 03d3df9748467354ab39a973710a3a30 - Path: Packages/com.unity.shadergraph/Editor/Resources/GraphView/Nodes/PreviewCollapse.png - Importer: ScriptedImporter/UnityEditor.QuickSearchModule:UnityEditor.Search:ASIAI0B
Importing 'GUID: 03d3df9748467354ab39a973710a3a30 - Path: Packages/com.unity.shadergraph/Editor/Resources/GraphView/Nodes/PreviewCollapse.png - Importer: ScriptedImporter/UnityEditor.QuickSearchModule:UnityEditor.Search:ASIAI0B' with importer (ScriptedImporter : UnityEditor.QuickSearchModule:UnityEditor.Search:ASIAI0B)
Imported 'GUID: 03d3df9748467354ab39a973710a3a30' -> (Import Result ID: '225480d1511156ccc0a07879fb2b3da7') in 0.005 seconds [static and dynamic dependencies]. Details - ImportResultOutputID=ab9538e532b8ae26afd591978b4f5365 DependenciesID=e503ecfd8216105f0f846fd44c13eeb1 StaticDependenciesID=44e4b4c081945c223c4e8ca7c16f014a 
Number of updated asset objects reloaded before import = 0
Number of asset objects unloaded after import = 1
========================================================================
Received Import Request.
  Time of request: 2026-10-01T08:15:30.5935234Z
  Time since last request: 0.0003248 seconds.
  importAddress: GUID: da559d27fc411114ab78e3561b55270a - Path: Packages/com.unity.shadergraph/Editor/Resources/Styles/Controls/MultiIntegerSlotControlView.uss - Importer: ScriptedImporter/UnityEditor.QuickSearchModule:UnityEditor.Search:ASIAI0B
Importing 'GUID: da559d27fc411114ab78e3561b55270a - Path: Packages/com.unity.shadergraph/Editor/Resources/Styles/Controls/MultiIntegerSlotControlView.uss - Importer: ScriptedImporter/UnityEditor.QuickSearchModule:UnityEditor.Search:ASIAI0B' with importer (ScriptedImporter : UnityEditor.QuickSearchModule:UnityEditor.Search:ASIAI0B)
Imported 'GUID: da559d27fc411114ab78e3561b55270a' -> (Import Result ID: '1f3dedf85e09e85615659ac76f05947c') in 0.003 seconds [static and dynamic dependencies]. Details - ImportResultOutputID=326dbd8273968cfe2b638d7961855551 DependenciesID=6b4704cb3b2f7df070f122e9dd43165b StaticDependenciesID=aa250843889db6e19c188f58ce1877fa 
Number of updated asset objects reloaded before import = 0
Number of asset objects unloaded after import = 1
========================================================================
Received Import Request.
  Time of request: 2026-10-01T08:15:30.6048413Z
  Time since last request: 0.0004211 seconds.
  importAddress: GUID: 223e574ec2e9a40e690b2d94380057cf - Path: Packages/com.unity.shadergraph/Editor/Resources/Styles/Controls/TextureArraySlotControlView.uss - Importer: ScriptedImporter/UnityEditor.QuickSearchModule:UnityEditor.Search:ASIAI0B
Importing 'GUID: 223e574ec2e9a40e690b2d94380057cf - Path: Packages/com.unity.shadergraph/Editor/Resources/Styles/Controls/TextureArraySlotControlView.uss - Importer: ScriptedImporter/UnityEditor.QuickSearchModule:UnityEditor.Search:ASIAI0B' with importer (ScriptedImporter : UnityEditor.QuickSearchModule:UnityEditor.Search:ASIAI0B)
Imported 'GUID: 223e574ec2e9a40e690b2d94380057cf' -> (Import Result ID: 'eee6d7023eaebabe163d42ee52510c72') in 0.002 seconds [static and dynamic dependencies]. Details - ImportResultOutputID=65669d7cb45dd90f7d8e4489a32342aa DependenciesID=9199ba061f903d9c060d6f38f48d8c4c StaticDependenciesID=13f265894bedb7443c2c76257a8bd6be 
Number of updated asset objects reloaded before import = 0
Number of asset objects unloaded after import = 1
========================================================================
Received Import Request.
  Time of request: 2026-10-01T08:15:30.6166825Z
  Time since last request: 0.0010062 seconds.
  importAddress: GUID: 96e6e59ca33b02f4e816a4693a642883 - Path: Packages/com.unity.shadergraph/Editor/Resources/Styles/Controls/EnumConversionControlView.uss - Importer: ScriptedImporter/UnityEditor.QuickSearchModule:UnityEditor.Search:ASIAI0B
Importing 'GUID: 96e6e59ca33b02f4e816a4693a642883 - Path: Packages/com.unity.shadergraph/Editor/Resources/Styles/Controls/EnumConversionControlView.uss - Importer: ScriptedImporter/UnityEditor.QuickSearchModule:UnityEditor.Search:ASIAI0B' with importer (ScriptedImporter : UnityEditor.QuickSearchModule:UnityEditor.Search:ASIAI0B)
Imported 'GUID: 96e6e59ca33b02f4e816a4693a642883' -> (Import Result ID: '02e2e56de2732a4026c328185eca96e0') in 0.002 seconds [static and dynamic dependencies]. Details - ImportResultOutputID=fbc58240479175971143c79b59eb8d70 DependenciesID=0aa45dcc4ae50eca4e9ed12208eeb319 StaticDependenciesID=b0dba8155a255a320a9e123385500bd3 
Number of updated asset objects reloaded before import = 0
Number of asset objects unloaded after import = 1
========================================================================
Received Import Request.
  Time of request: 2026-10-01T08:15:30.6287699Z
  Time since last request: 0.0002899 seconds.
  importAddress: GUID: 50cbcd05e61c4e54ea797ec88e91f1b0 - Path: Packages/com.unity.shadergraph/Editor/Resources/GraphView/Nodes/NodeChevronRight@2x.png - Importer: ScriptedImporter/UnityEditor.QuickSearchModule:UnityEditor.Search:ASIAI0B
Importing 'GUID: 50cbcd05e61c4e54ea797ec88e91f1b0 - Path: Packages/com.unity.shadergraph/Editor/Resources/GraphView/Nodes/NodeChevronRight@2x.png - Importer: ScriptedImporter/UnityEditor.QuickSearchModule:UnityEditor.Search:ASIAI0B' with importer (ScriptedImporter : UnityEditor.QuickSearchModule:UnityEditor.Search:ASIAI0B)
Imported 'GUID: 50cbcd05e61c4e54ea797ec88e91f1b0' -> (Import Result ID: '3e2c88f38e01d1c08d4a5a2f066cf158') in 0.004 seconds [static and dynamic dependencies]. Details - ImportResultOutputID=e56b34fc4967c8a1f4570b194fae9ca6 DependenciesID=3eee548ee8e0f3a6e439b513c7f8d38f StaticDependenciesID=63a3f625d74240279757662245090088 
Number of updated asset objects reloaded before import = 0
Number of asset objects unloaded after import = 1
========================================================================
Received Import Request.
  Time of request: 2026-10-01T08:15:30.6549521Z
  Time since last request: 0.0144498 seconds.
  importAddress: GUID: 1350e4a38ff5ae44a9d8627d33b48de8 - Path: Packages/com.unity.shadergraph/Editor/Data/Nodes/Input/Basic/Vector3Node.cs - Importer: ScriptedImporter/UnityEditor.QuickSearchModule:UnityEditor.Search:ASIAI0B
Importing 'GUID: 1350e4a38ff5ae44a9d8627d33b48de8 - Path: Packages/com.unity.shadergraph/Editor/Data/Nodes/Input/Basic/Vector3Node.cs - Importer: ScriptedImporter/UnityEditor.QuickSearchModule:UnityEditor.Search:ASIAI0B' with importer (ScriptedImporter : UnityEditor.QuickSearchModule:UnityEditor.Search:ASIAI0B)
Imported 'GUID: 1350e4a38ff5ae44a9d8627d33b48de8' -> (Import Result ID: '7588bbd1a99505b8cc748101f30fda50') in 0.002 seconds [static and dynamic dependencies]. Details - ImportResultOutputID=a2b16f075480b611f8af301d47cff28c DependenciesID=dc0b0ce6f97fef48488b098bc480171e StaticDependenciesID=0142f0b4369bb23f3547f981440ef7ec 
Number of updated asset objects reloaded before import = 0
Number of asset objects unloaded after import = 0
========================================================================
Received Import Request.
  Time of request: 2026-10-01T08:15:30.6652188Z
  Time since last request: 0.0006147 seconds.
  importAddress: GUID: 96dd6bbf093ac3d41a5bdaa467b58e6c - Path: Packages/com.unity.shadergraph/Editor/Data/Nodes/Artistic/Utility/ColorspaceConversion.cs - Importer: ScriptedImporter/UnityEditor.QuickSearchModule:UnityEditor.Search:ASIAI0B
Importing 'GUID: 96dd6bbf093ac3d41a5bdaa467b58e6c - Path: Packages/com.unity.shadergraph/Editor/Data/Nodes/Artistic/Utility/ColorspaceConversion.cs - Importer: ScriptedImporter/UnityEditor.QuickSearchModule:UnityEditor.Search:ASIAI0B' with importer (ScriptedImporter : UnityEditor.QuickSearchModule:UnityEditor.Search:ASIAI0B)
Imported 'GUID: 96dd6bbf093ac3d41a5bdaa467b58e6c' -> (Import Result ID: '07c6d382096207920a96f90b9b1cf58a') in 0.002 seconds [static and dynamic dependencies]. Details - ImportResultOutputID=e18300d53444068eacfcbaebe344dc92 DependenciesID=8300b2b0a197b9d4f66862a14cf1b374 StaticDependenciesID=79dbbb2c9592646ab9e4d0228ba9627a 
Number of updated asset objects reloaded before import = 0
Number of asset objects unloaded after import = 0
========================================================================
Received Import Request.
  Time of request: 2026-10-01T08:15:30.6755726Z
  Time since last request: 0.0005478 seconds.
  importAddress: GUID: 083caf0fe7ff62f438e121e934355461 - Path: Packages/com.unity.shadergraph/Editor/Data/Nodes/Artistic/Adjustment/HueNode.cs - Importer: ScriptedImporter/UnityEditor.QuickSearchModule:UnityEditor.Search:ASIAI0B
Importing 'GUID: 083caf0fe7ff62f438e121e934355461 - Path: Packages/com.unity.shadergraph/Editor/Data/Nodes/Artistic/Adjustment/HueNode.cs - Importer: ScriptedImporter/UnityEditor.QuickSearchModule:UnityEditor.Search:ASIAI0B' with importer (ScriptedImporter : UnityEditor.QuickSearchModule:UnityEditor.Search:ASIAI0B)
Imported 'GUID: 083caf0fe7ff62f438e121e934355461' -> (Import Result ID: '5a6ff0b23806789ed9e00b345f40da15') in 0.002 seconds [static and dynamic dependencies]. Details - ImportResultOutputID=634ecc6ad20224af6253fcf53e288d91 DependenciesID=ba4cdf636861d596cff69e7119b04ea2 StaticDependenciesID=ea69bfad7702508a76cbd3c2fba0a759 
Number of updated asset objects reloaded before import = 0
Number of asset objects unloaded after import = 0
========================================================================
Received Import Request.
  Time of request: 2026-10-01T08:15:30.6899756Z
  Time since last request: 0.0041243 seconds.
  importAddress: GUID: 5b34601661908b3499c4c5e2ecd61f75 - Path: Packages/com.unity.shadergraph/Editor/Data/Nodes/Input/Geometry/NormalVectorNode.cs - Importer: ScriptedImporter/UnityEditor.QuickSearchModule:UnityEditor.Search:ASIAI0B
Importing 'GUID: 5b34601661908b3499c4c5e2ecd61f75 - Path: Packages/com.unity.shadergraph/Editor/Data/Nodes/Input/Geometry/NormalVectorNode.cs - Importer: ScriptedImporter/UnityEditor.QuickSearchModule:UnityEditor.Search:ASIAI0B' with importer (ScriptedImporter : UnityEditor.QuickSearchModule:UnityEditor.Search:ASIAI0B)
Imported 'GUID: 5b34601661908b3499c4c5e2ecd61f75' -> (Import Result ID: '02049dafd61f12bb254f9832e4764573') in 0.002 seconds [static and dynamic dependencies]. Details - ImportResultOutputID=5dde6bd74ffcce2a82c9d9acb47a77a9 DependenciesID=9dc097ecc4d30dfac46f16fc4887713d StaticDependenciesID=05540958e81da65c571ed80030f21a0f 
Number of updated asset objects reloaded before import = 0
Number of asset objects unloaded after import = 0
========================================================================
Received Import Request.
  Time of request: 2026-10-01T08:15:30.7002145Z
  Time since last request: 0.000298 seconds.
  importAddress: GUID: 2caea2ece6d6b4cbebf8bd122b11258a - Path: Packages/com.unity.shadergraph/Editor/Data/Nodes/Math/Advanced/ExponentialNode.cs - Importer: ScriptedImporter/UnityEditor.QuickSearchModule:UnityEditor.Search:ASIAI0B
Importing 'GUID: 2caea2ece6d6b4cbebf8bd122b11258a - Path: Packages/com.unity.shadergraph/Editor/Data/Nodes/Math/Advanced/ExponentialNode.cs - Importer: ScriptedImporter/UnityEditor.QuickSearchModule:UnityEditor.Search:ASIAI0B' with importer (ScriptedImporter : UnityEditor.QuickSearchModule:UnityEditor.Search:ASIAI0B)
Imported 'GUID: 2caea2ece6d6b4cbebf8bd122b11258a' -> (Import Result ID: '687248fb8e192bb93c9d07540a054410') in 0.002 seconds [static and dynamic dependencies]. Details - ImportResultOutputID=a92dcb316c00f8983b7c648f5451efbd DependenciesID=301d8a9cc2730ee1174861f281ff4c79 StaticDependenciesID=6bdb9c6a952a80e3ee8878a61a2fa30f 
Number of updated asset objects reloaded before import = 0
Number of asset objects unloaded after import = 0
========================================================================
Received Import Request.
  Time of request: 2026-10-01T08:15:30.7134891Z
  Time since last request: 0.0003209 seconds.
  importAddress: GUID: e52355d9fc877154b9403531b2837081 - Path: Packages/com.unity.shadergraph/Editor/Data/Nodes/Input/Texture/GatherTexture2DNode.cs - Importer: ScriptedImporter/UnityEditor.QuickSearchModule:UnityEditor.Search:ASIAI0B
Importing 'GUID: e52355d9fc877154b9403531b2837081 - Path: Packages/com.unity.shadergraph/Editor/Data/Nodes/Input/Texture/GatherTexture2DNode.cs - Importer: ScriptedImporter/UnityEditor.QuickSearchModule:UnityEditor.Search:ASIAI0B' with importer (ScriptedImporter : UnityEditor.QuickSearchModule:UnityEditor.Search:ASIAI0B)
Imported 'GUID: e52355d9fc877154b9403531b2837081' -> (Import Result ID: 'efd99b70b2662a1235c8201e68b397c1') in 0.002 seconds [static and dynamic dependencies]. Details - ImportResultOutputID=7a6c0430e9f3509ad47523f762f9adfb DependenciesID=9b23a73f604c07e3fd379ec9dd2186d6 StaticDependenciesID=13ac835c33558a3a4487ab30308278b1 
Number of updated asset objects reloaded before import = 0
Number of asset objects unloaded after import = 0
========================================================================
Received Import Request.
  Time of request: 2026-10-01T08:15:30.7243373Z
  Time since last request: 0.0002342 seconds.
  importAddress: GUID: 5ca9d434229e11f44888abcbf66062a5 - Path: Packages/com.unity.shadergraph/Editor/Data/Nodes/Input/Texture/SampleTexture2DNode.cs - Importer: ScriptedImporter/UnityEditor.QuickSearchModule:UnityEditor.Search:ASIAI0B
Importing 'GUID: 5ca9d434229e11f44888abcbf66062a5 - Path: Packages/com.unity.shadergraph/Editor/Data/Nodes/Input/Texture/SampleTexture2DNode.cs - Importer: ScriptedImporter/UnityEditor.QuickSearchModule:UnityEditor.Search:ASIAI0B' with importer (ScriptedImporter : UnityEditor.QuickSearchModule:UnityEditor.Search:ASIAI0B)
Imported 'GUID: 5ca9d434229e11f44888abcbf66062a5' -> (Import Result ID: '6db4524379613cf466c5e415342cae1a') in 0.002 seconds [static and dynamic dependencies]. Details - ImportResultOutputID=b78e612dbafdfb36867afde6897681c1 DependenciesID=c1f0b8998db3725c035c3c3cc29f7e17 StaticDependenciesID=553bab4f781ca667c1093e150eef344d 
Number of updated asset objects reloaded before import = 0
Number of asset objects unloaded after import = 0
========================================================================
Received Import Request.
  Time of request: 2026-10-01T08:15:30.7355147Z
  Time since last request: 0.0003785 seconds.
  importAddress: GUID: fec4ad06a8bd71044af822b7d2258a69 - Path: Packages/com.unity.shadergraph/Editor/Data/Nodes/Input/Matrix/Matrix3Node.cs - Importer: ScriptedImporter/UnityEditor.QuickSearchModule:UnityEditor.Search:ASIAI0B
Importing 'GUID: fec4ad06a8bd71044af822b7d2258a69 - Path: Packages/com.unity.shadergraph/Editor/Data/Nodes/Input/Matrix/Matrix3Node.cs - Importer: ScriptedImporter/UnityEditor.QuickSearchModule:UnityEditor.Search:ASIAI0B' with importer (ScriptedImporter : UnityEditor.QuickSearchModule:UnityEditor.Search:ASIAI0B)
Imported 'GUID: fec4ad06a8bd71044af822b7d2258a69' -> (Import Result ID: '6a59c53f0c89ce867f906a8e5fc516c1') in 0.002 seconds [static and dynamic dependencies]. Details - ImportResultOutputID=31605dae7338cf56ebc6203843222263 DependenciesID=ce33fdff5b33c9f400ea48e0800ec4fc StaticDependenciesID=b93a8b162bc93b97da1a09b13d8fd14d 
Number of updated asset objects reloaded before import = 0
Number of asset objects unloaded after import = 0
========================================================================
Received Import Request.
  Time of request: 2026-10-01T08:15:30.7456788Z
  Time since last request: 0.0002555 seconds.
  importAddress: GUID: 215e6221fbd6f9a4bbd14e951c9575d6 - Path: Packages/com.unity.shadergraph/Editor/Data/Nodes/Input/Geometry/InstanceIDNode.cs - Importer: ScriptedImporter/UnityEditor.QuickSearchModule:UnityEditor.Search:ASIAI0B
Importing 'GUID: 215e6221fbd6f9a4bbd14e951c9575d6 - Path: Packages/com.unity.shadergraph/Editor/Data/Nodes/Input/Geometry/InstanceIDNode.cs - Importer: ScriptedImporter/UnityEditor.QuickSearchModule:UnityEditor.Search:ASIAI0B' with importer (ScriptedImporter : UnityEditor.QuickSearchModule:UnityEditor.Search:ASIAI0B)
Imported 'GUID: 215e6221fbd6f9a4bbd14e951c9575d6' -> (Import Result ID: 'f1cb0d909ee39d7c031d63aa61e30f2a') in 0.002 seconds [static and dynamic dependencies]. Details - ImportResultOutputID=82dfaebf21e1e36ebc1b4ee3fad5da6d DependenciesID=a8cfec6c869ef0c482ae49a697ee30cf StaticDependenciesID=bee861e467b71fae944693e61c870b3f 
Number of updated asset objects reloaded before import = 0
Number of asset objects unloaded after import = 0
========================================================================
Received Import Request.
  Time of request: 2026-10-01T08:15:30.7558272Z
  Time since last request: 0.0003282 seconds.
  importAddress: GUID: f934acb3f675022448ac439d87d84a80 - Path: Packages/com.unity.shadergraph/Editor/Data/Nodes/Input/Scene/FogNode.cs - Importer: ScriptedImporter/UnityEditor.QuickSearchModule:UnityEditor.Search:ASIAI0B
Importing 'GUID: f934acb3f675022448ac439d87d84a80 - Path: Packages/com.unity.shadergraph/Editor/Data/Nodes/Input/Scene/FogNode.cs - Importer: ScriptedImporter/UnityEditor.QuickSearchModule:UnityEditor.Search:ASIAI0B' with importer (ScriptedImporter : UnityEditor.QuickSearchModule:UnityEditor.Search:ASIAI0B)
Imported 'GUID: f934acb3f675022448ac439d87d84a80' -> (Import Result ID: '9583e6b8307319167afa5dca43444416') in 0.002 seconds [static and dynamic dependencies]. Details - ImportResultOutputID=c36dd082a4823cedb60481520ff9a8ef DependenciesID=8755755b9a6a7916b0aa6164b3dd0df3 StaticDependenciesID=72964f4ab6c651fdbf12e243c0bef062 
Number of updated asset objects reloaded before import = 0
Number of asset objects unloaded after import = 0
========================================================================
Received Import Request.
  Time of request: 2026-10-01T08:15:30.7797016Z
  Time since last request: 0.0141962 seconds.
  importAddress: GUID: 5e7048f6323341547955eab30f96151f - Path: Packages/com.unity.shadergraph/Editor/Data/Nodes/Math/Range/RandomRangeNode.cs - Importer: ScriptedImporter/UnityEditor.QuickSearchModule:UnityEditor.Search:ASIAI0B
Importing 'GUID: 5e7048f6323341547955eab30f96151f - Path: Packages/com.unity.shadergraph/Editor/Data/Nodes/Math/Range/RandomRangeNode.cs - Importer: ScriptedImporter/UnityEditor.QuickSearchModule:UnityEditor.Search:ASIAI0B' with importer (ScriptedImporter : UnityEditor.QuickSearchModule:UnityEditor.Search:ASIAI0B)
Imported 'GUID: 5e7048f6323341547955eab30f96151f' -> (Import Result ID: 'ed0c8b5ed36004f97ef604f0bdeb0b28') in 0.002 seconds [static and dynamic dependencies]. Details - ImportResultOutputID=43dc029d9a1e4f4afbb630ef113b3d8e DependenciesID=b5e0239cbeb63f9f5ae7d1f2e14c4a13 StaticDependenciesID=3d477b3e98ceb5d29162e6e82af9b98b 
Number of updated asset objects reloaded before import = 0
Number of asset objects unloaded after import = 0
========================================================================
Received Import Request.
  Time of request: 2026-10-01T08:15:30.7900645Z
  Time since last request: 0.000516 seconds.
  importAddress: GUID: 0f19d607a01d3694e84c04c8eab68f9a - Path: Packages/com.unity.shadergraph/Editor/Data/Nodes/Math/Wave/SquareWaveNode.cs - Importer: ScriptedImporter/UnityEditor.QuickSearchModule:UnityEditor.Search:ASIAI0B
Importing 'GUID: 0f19d607a01d3694e84c04c8eab68f9a - Path: Packages/com.unity.shadergraph/Editor/Data/Nodes/Math/Wave/SquareWaveNode.cs - Importer: ScriptedImporter/UnityEditor.QuickSearchModule:UnityEditor.Search:ASIAI0B' with importer (ScriptedImporter : UnityEditor.QuickSearchModule:UnityEditor.Search:ASIAI0B)
Imported 'GUID: 0f19d607a01d3694e84c04c8eab68f9a' -> (Import Result ID: '8e9def5e1f822a84d9b75d15ad3d94a8') in 0.002 seconds [static and dynamic dependencies]. Details - ImportResultOutputID=e1a081a939bde22ee66b4b832ccccab2 DependenciesID=5c08847d9366332739c0cbd6ba32a60d StaticDependenciesID=228ebba786026bc1991ed152093d1897 
Number of updated asset objects reloaded before import = 0
Number of asset objects unloaded after import = 0
========================================================================
Received Import Request.
  Time of request: 2026-10-01T08:15:30.8032924Z
  Time since last request: 0.0006349 seconds.
  importAddress: GUID: 27c8eab8410ea16418392d646ec92572 - Path: Packages/com.unity.shadergraph/Editor/Data/Nodes/Math/Trigonometry/CosineNode.cs - Importer: ScriptedImporter/UnityEditor.QuickSearchModule:UnityEditor.Search:ASIAI0B
Importing 'GUID: 27c8eab8410ea16418392d646ec92572 - Path: Packages/com.unity.shadergraph/Editor/Data/Nodes/Math/Trigonometry/CosineNode.cs - Importer: ScriptedImporter/UnityEditor.QuickSearchModule:UnityEditor.Search:ASIAI0B' with importer (ScriptedImporter : UnityEditor.QuickSearchModule:UnityEditor.Search:ASIAI0B)
Imported 'GUID: 27c8eab8410ea16418392d646ec92572' -> (Import Result ID: 'b493a3fba0f3cc32e7039e767ab72884') in 0.002 seconds [static and dynamic dependencies]. Details - ImportResultOutputID=478ffe447ba97d65a122f761d9d94e4f DependenciesID=d339ce9fdd386db57e132479d296ad1a StaticDependenciesID=db22be585b1f0274b714e85348b1ad69 
Number of updated asset objects reloaded before import = 0
Number of asset objects unloaded after import = 0
========================================================================
Received Import Request.
  Time of request: 2026-10-01T08:15:30.8143671Z
  Time since last request: 0.0002642 seconds.
  importAddress: GUID: 1d2a789d52c4340c98278ca90d8563fe - Path: Packages/com.unity.shadergraph/Editor/Data/Nodes/Math/Range/RemapNode.cs - Importer: ScriptedImporter/UnityEditor.QuickSearchModule:UnityEditor.Search:ASIAI0B
Importing 'GUID: 1d2a789d52c4340c98278ca90d8563fe - Path: Packages/com.unity.shadergraph/Editor/Data/Nodes/Math/Range/RemapNode.cs - Importer: ScriptedImporter/UnityEditor.QuickSearchModule:UnityEditor.Search:ASIAI0B' with importer (ScriptedImporter : UnityEditor.QuickSearchModule:UnityEditor.Search:ASIAI0B)
Imported 'GUID: 1d2a789d52c4340c98278ca90d8563fe' -> (Import Result ID: '39b190f39fc7c05c86a279e9debc771e') in 0.002 seconds [static and dynamic dependencies]. Details - ImportResultOutputID=f461c4e98981fb4656cc93d9b94a8e11 DependenciesID=4511fd28767a4b8f4336b7116077f8c4 StaticDependenciesID=51f55628abd24150b5c63df1e616195c 
Number of updated asset objects reloaded before import = 0
Number of asset objects unloaded after import = 0
========================================================================
Received Import Request.
  Time of request: 2026-10-01T08:15:30.8256223Z
  Time since last request: 0.0001568 seconds.
  importAddress: GUID: 9fe360949f7225e49ba3073ff7044159 - Path: Packages/com.unity.shadergraph/Editor/Data/Nodes/Procedural/Shape/RoundedPolygonNode.cs - Importer: ScriptedImporter/UnityEditor.QuickSearchModule:UnityEditor.Search:ASIAI0B
Importing 'GUID: 9fe360949f7225e49ba3073ff7044159 - Path: Packages/com.unity.shadergraph/Editor/Data/Nodes/Procedural/Shape/RoundedPolygonNode.cs - Importer: ScriptedImporter/UnityEditor.QuickSearchModule:UnityEditor.Search:ASIAI0B' with importer (ScriptedImporter : UnityEditor.QuickSearchModule:UnityEditor.Search:ASIAI0B)
Imported 'GUID: 9fe360949f7225e49ba3073ff7044159' -> (Import Result ID: 'e37cfb252ecb76ad2ba517472584a35c') in 0.002 seconds [static and dynamic dependencies]. Details - ImportResultOutputID=1145b84a4ab8eb5bd15c8e6257136f6a DependenciesID=56307eaee95fcc41b69f2f54be6ecda5 StaticDependenciesID=e266b8769d3946bb0cee9900a7ca467e 
Number of updated asset objects reloaded before import = 0
Number of asset objects unloaded after import = 0
========================================================================
Received Import Request.
  Time of request: 2026-10-01T08:15:30.8353052Z
  Time since last request: 0.0003577 seconds.
  importAddress: GUID: 455566eec6487b04e92c32110f05073a - Path: Packages/com.unity.shadergraph/Editor/Data/Nodes/Math/Trigonometry/ArccosineNode.cs - Importer: ScriptedImporter/UnityEditor.QuickSearchModule:UnityEditor.Search:ASIAI0B
Importing 'GUID: 455566eec6487b04e92c32110f05073a - Path: Packages/com.unity.shadergraph/Editor/Data/Nodes/Math/Trigonometry/ArccosineNode.cs - Importer: ScriptedImporter/UnityEditor.QuickSearchModule:UnityEditor.Search:ASIAI0B' with importer (ScriptedImporter : UnityEditor.QuickSearchModule:UnityEditor.Search:ASIAI0B)
Imported 'GUID: 455566eec6487b04e92c32110f05073a' -> (Import Result ID: '87fd9c927dd587c6293cc7fd79236152') in 0.002 seconds [static and dynamic dependencies]. Details - ImportResultOutputID=acf9ea4232368adc393622d91f4e4bc2 DependenciesID=0f6a3a1e5962422f0baf2aa062296c1f StaticDependenciesID=26afcdd2a26c52b9c3d36860d134b7cb 
Number of updated asset objects reloaded before import = 0
Number of asset objects unloaded after import = 0
========================================================================
Received Import Request.
  Time of request: 2026-10-01T08:15:30.8451092Z
  Time since last request: 0.0002246 seconds.
  importAddress: GUID: f13ae4db3be37ef4bbb46a37782ecd1a - Path: Packages/com.unity.shadergraph/Editor/Data/Nodes/Math/Derivative/DDXNode.cs - Importer: ScriptedImporter/UnityEditor.QuickSearchModule:UnityEditor.Search:ASIAI0B
Importing 'GUID: f13ae4db3be37ef4bbb46a37782ecd1a - Path: Packages/com.unity.shadergraph/Editor/Data/Nodes/Math/Derivative/DDXNode.cs - Importer: ScriptedImporter/UnityEditor.QuickSearchModule:UnityEditor.Search:ASIAI0B' with importer (ScriptedImporter : UnityEditor.QuickSearchModule:UnityEditor.Search:ASIAI0B)
Imported 'GUID: f13ae4db3be37ef4bbb46a37782ecd1a' -> (Import Result ID: '99780e28ad957019e3df68bac21618de') in 0.003 seconds [static and dynamic dependencies]. Details - ImportResultOutputID=cbaa5f93efd4505c6db7c03c952afb34 DependenciesID=8da354c1adba9a76f952712d36434493 StaticDependenciesID=663c02c5f4eae0104ebf6906b7848822 
Number of updated asset objects reloaded before import = 0
Number of asset objects unloaded after import = 0
========================================================================
Received Import Request.
  Time of request: 2026-10-01T08:15:30.8687835Z
  Time since last request: 0.0125749 seconds.
  importAddress: GUID: 1a6eb37d2c834244cbdd9d92ce6a52ed - Path: Packages/com.unity.shadergraph/Editor/Generation/Targets/BuiltIn/ShaderLibrary/Input.hlsl - Importer: ScriptedImporter/UnityEditor.QuickSearchModule:UnityEditor.Search:ASIAI0B
Importing 'GUID: 1a6eb37d2c834244cbdd9d92ce6a52ed - Path: Packages/com.unity.shadergraph/Editor/Generation/Targets/BuiltIn/ShaderLibrary/Input.hlsl - Importer: ScriptedImporter/UnityEditor.QuickSearchModule:UnityEditor.Search:ASIAI0B' with importer (ScriptedImporter : UnityEditor.QuickSearchModule:UnityEditor.Search:ASIAI0B)
Imported 'GUID: 1a6eb37d2c834244cbdd9d92ce6a52ed' -> (Import Result ID: 'aabc1577913dd10274e9bef7a9338e8e') in 0.001 seconds [static and dynamic dependencies]. Details - ImportResultOutputID=69bdd99611f5b7cd0356395e524d1a8a DependenciesID=86f2079372590bb67035099d04a2f69d StaticDependenciesID=c9cdb7dea8d8398d11d064e48d206e48 
Number of updated asset objects reloaded before import = 0
Number of asset objects unloaded after import = 1
========================================================================
Received Import Request.
  Time of request: 2026-10-01T08:15:30.8792318Z
  Time since last request: 0.0002353 seconds.
  importAddress: GUID: 8e70e91938193854da65cb4c9d09b99b - Path: Packages/com.unity.shadergraph/Editor/Generation/Targets/BuiltIn/ShaderLibrary/DeclareNormalsTexture.hlsl - Importer: ScriptedImporter/UnityEditor.QuickSearchModule:UnityEditor.Search:ASIAI0B
Importing 'GUID: 8e70e91938193854da65cb4c9d09b99b - Path: Packages/com.unity.shadergraph/Editor/Generation/Targets/BuiltIn/ShaderLibrary/DeclareNormalsTexture.hlsl - Importer: ScriptedImporter/UnityEditor.QuickSearchModule:UnityEditor.Search:ASIAI0B' with importer (ScriptedImporter : UnityEditor.QuickSearchModule:UnityEditor.Search:ASIAI0B)
Imported 'GUID: 8e70e91938193854da65cb4c9d09b99b' -> (Import Result ID: 'a2a295397abf6ef1a12d76e86beca937') in 0.002 seconds [static and dynamic dependencies]. Details - ImportResultOutputID=f2b20f2318341049e4d88ca6e937d563 DependenciesID=4e006d3578c649405d0aa93bf41fe38c StaticDependenciesID=93b3c3db57f2a323330c67d3ad8776ae 
Number of updated asset objects reloaded before import = 0
Number of asset objects unloaded after import = 1
========================================================================
Received Import Request.
  Time of request: 2026-10-01T08:15:30.8901061Z
  Time since last request: 0.0006454 seconds.
  importAddress: GUID: 01fb2e405de427a47bbd366ee75d1772 - Path: Packages/com.unity.shadergraph/Editor/Generation/Targets/BuiltIn/Editor/ShaderUtils.cs - Importer: ScriptedImporter/UnityEditor.QuickSearchModule:UnityEditor.Search:ASIAI0B
Importing 'GUID: 01fb2e405de427a47bbd366ee75d1772 - Path: Packages/com.unity.shadergraph/Editor/Generation/Targets/BuiltIn/Editor/ShaderUtils.cs - Importer: ScriptedImporter/UnityEditor.QuickSearchModule:UnityEditor.Search:ASIAI0B' with importer (ScriptedImporter : UnityEditor.QuickSearchModule:UnityEditor.Search:ASIAI0B)
Imported 'GUID: 01fb2e405de427a47bbd366ee75d1772' -> (Import Result ID: '78258207da371ecb8b76affccc8ee37d') in 0.002 seconds [static and dynamic dependencies]. Details - ImportResultOutputID=490e3e476117717db84e3c6494ba0d6f DependenciesID=cb0f395ad28f0158b55ef3e0fb6cd80e StaticDependenciesID=95ff4d8eb42fa140a94f7248f1ea15fb 
Number of updated asset objects reloaded before import = 0
Number of asset objects unloaded after import = 0
========================================================================
Received Import Request.
  Time of request: 2026-10-01T08:15:30.8997913Z
  Time since last request: 0.0003049 seconds.
  importAddress: GUID: 8ac4c7f9b9937b64885ce949fc6d6525 - Path: Packages/com.unity.shadergraph/Editor/Generation/Targets/BuiltIn/ShaderLibrary/Deprecated.hlsl - Importer: ScriptedImporter/UnityEditor.QuickSearchModule:UnityEditor.Search:ASIAI0B
Importing 'GUID: 8ac4c7f9b9937b64885ce949fc6d6525 - Path: Packages/com.unity.shadergraph/Editor/Generation/Targets/BuiltIn/ShaderLibrary/Deprecated.hlsl - Importer: ScriptedImporter/UnityEditor.QuickSearchModule:UnityEditor.Search:ASIAI0B' with importer (ScriptedImporter : UnityEditor.QuickSearchModule:UnityEditor.Search:ASIAI0B)
Imported 'GUID: 8ac4c7f9b9937b64885ce949fc6d6525' -> (Import Result ID: 'f90d76b779c2d4531be56573306f20a8') in 0.002 seconds [static and dynamic dependencies]. Details - ImportResultOutputID=4becc57979d9b8c6f9c6aae4d2c39842 DependenciesID=99d88c1d4e3426edb081fe46d62ab375 StaticDependenciesID=3645241b2973e6f61ac6c0d5c668592c 
Number of updated asset objects reloaded before import = 0
Number of asset objects unloaded after import = 1
========================================================================
Received Import Request.
  Time of request: 2026-10-01T08:15:30.9104404Z
  Time since last request: 0.000387 seconds.
  importAddress: GUID: 3b060531fe7ce41768321dd4c68d7f75 - Path: Packages/com.unity.shadergraph/Editor/Generation/Targets/UITK/Templates/PassUI.template - Importer: ScriptedImporter/UnityEditor.QuickSearchModule:UnityEditor.Search:ASIAI0B
Importing 'GUID: 3b060531fe7ce41768321dd4c68d7f75 - Path: Packages/com.unity.shadergraph/Editor/Generation/Targets/UITK/Templates/PassUI.template - Importer: ScriptedImporter/UnityEditor.QuickSearchModule:UnityEditor.Search:ASIAI0B' with importer (ScriptedImporter : UnityEditor.QuickSearchModule:UnityEditor.Search:ASIAI0B)
Imported 'GUID: 3b060531fe7ce41768321dd4c68d7f75' -> (Import Result ID: 'e08c65653658beb2b398730dd3c89808') in 0.002 seconds [static and dynamic dependencies]. Details - ImportResultOutputID=4c956fc0a5d841a4f276163ff8dc5738 DependenciesID=5f33ee4c3c15ce32ba5f83e2695cf413 StaticDependenciesID=6b9045d2ba5f2106d7d76dfbd407a337 
Number of updated asset objects reloaded before import = 0
Number of asset objects unloaded after import = 1
========================================================================
Received Import Request.
  Time of request: 2026-10-01T08:15:30.9382544Z
  Time since last request: 0.0178973 seconds.
  importAddress: GUID: 593a7d950e7c0481098971e6732237b1 - Path: Packages/com.unity.shadergraph/Editor/Generation/Targets/BuiltIn/Editor/ShaderGraph/BuiltInStructs.cs - Importer: ScriptedImporter/UnityEditor.QuickSearchModule:UnityEditor.Search:ASIAI0B
Importing 'GUID: 593a7d950e7c0481098971e6732237b1 - Path: Packages/com.unity.shadergraph/Editor/Generation/Targets/BuiltIn/Editor/ShaderGraph/BuiltInStructs.cs - Importer: ScriptedImporter/UnityEditor.QuickSearchModule:UnityEditor.Search:ASIAI0B' with importer (ScriptedImporter : UnityEditor.QuickSearchModule:UnityEditor.Search:ASIAI0B)
Imported 'GUID: 593a7d950e7c0481098971e6732237b1' -> (Import Result ID: '14b27884d8ffadb7f1c2196ed900599c') in 0.002 seconds [static and dynamic dependencies]. Details - ImportResultOutputID=3955b62e276b43f99ebfca90d5de66ea DependenciesID=61af6effa313667726cc96dd269d6dae StaticDependenciesID=74dd584786cb5bdf7828669cbcabd5d6 
Number of updated asset objects reloaded before import = 0
Number of asset objects unloaded after import = 0
========================================================================
Received Import Request.
  Time of request: 2026-10-01T08:15:30.9491836Z
  Time since last request: 0.0004299 seconds.
  importAddress: GUID: 6ef7b00e3331f8248bae14525a086473 - Path: Packages/com.unity.shadergraph/Editor/Generation/Targets/BuiltIn/Editor/ShaderGraph/AssetCallbacks/CreateUnlitShaderGraph.cs - Importer: ScriptedImporter/UnityEditor.QuickSearchModule:UnityEditor.Search:ASIAI0B
Importing 'GUID: 6ef7b00e3331f8248bae14525a086473 - Path: Packages/com.unity.shadergraph/Editor/Generation/Targets/BuiltIn/Editor/ShaderGraph/AssetCallbacks/CreateUnlitShaderGraph.cs - Importer: ScriptedImporter/UnityEditor.QuickSearchModule:UnityEditor.Search:ASIAI0B' with importer (ScriptedImporter : UnityEditor.QuickSearchModule:UnityEditor.Search:ASIAI0B)
Imported 'GUID: 6ef7b00e3331f8248bae14525a086473' -> (Import Result ID: 'c5aac441f1af3e30ae2ede41c0442166') in 0.002 seconds [static and dynamic dependencies]. Details - ImportResultOutputID=fe9acfcfe9b1a07e4798abec99d27245 DependenciesID=3efe5f94988234081f741a58ed5b6822 StaticDependenciesID=c707257d975885d9b6da99bce0dbcec3 
Number of updated asset objects reloaded before import = 0
Number of asset objects unloaded after import = 0
========================================================================
Received Import Request.
  Time of request: 2026-10-01T08:15:30.9587719Z
  Time since last request: 0.0003548 seconds.
  importAddress: GUID: f1a1da3eef3aa834d9c94eb0a5c04358 - Path: Packages/com.unity.shadergraph/Editor/Generation/Targets/BuiltIn/Editor/ShaderGraph/Includes/BuildInputData.hlsl - Importer: ScriptedImporter/UnityEditor.QuickSearchModule:UnityEditor.Search:ASIAI0B
Importing 'GUID: f1a1da3eef3aa834d9c94eb0a5c04358 - Path: Packages/com.unity.shadergraph/Editor/Generation/Targets/BuiltIn/Editor/ShaderGraph/Includes/BuildInputData.hlsl - Importer: ScriptedImporter/UnityEditor.QuickSearchModule:UnityEditor.Search:ASIAI0B' with importer (ScriptedImporter : UnityEditor.QuickSearchModule:UnityEditor.Search:ASIAI0B)
Imported 'GUID: f1a1da3eef3aa834d9c94eb0a5c04358' -> (Import Result ID: '0aa6e0bfa838fe675340e2b747aed1af') in 0.001 seconds [static and dynamic dependencies]. Details - ImportResultOutputID=d814f982969f34728b438c0936e70eae DependenciesID=fb171532b88edc0bc6763afd3f9a620a StaticDependenciesID=2a6c6c6f4bc62c897a5327e9e08f8f25 
Number of updated asset objects reloaded before import = 0
Number of asset objects unloaded after import = 1
========================================================================
Received Import Request.
  Time of request: 2026-10-01T08:15:30.9738896Z
  Time since last request: 0.0059659 seconds.
  importAddress: GUID: f079e3afd077fb94fa2bda74d6409499 - Path: Packages/com.unity.ide.rider/Rider/Editor/RiderScriptEditorData.cs - Importer: ScriptedImporter/UnityEditor.QuickSearchModule:UnityEditor.Search:ASIAI0B
Importing 'GUID: f079e3afd077fb94fa2bda74d6409499 - Path: Packages/com.unity.ide.rider/Rider/Editor/RiderScriptEditorData.cs - Importer: ScriptedImporter/UnityEditor.QuickSearchModule:UnityEditor.Search:ASIAI0B' with importer (ScriptedImporter : UnityEditor.QuickSearchModule:UnityEditor.Search:ASIAI0B)
Imported 'GUID: f079e3afd077fb94fa2bda74d6409499' -> (Import Result ID: 'f3c28e270904361e344dfa4629ace47f') in 0.002 seconds [static and dynamic dependencies]. Details - ImportResultOutputID=3c21a2d024a92ea3d723c85f65a86212 DependenciesID=e889e8ec46160bdf7ae6e399801c54fe StaticDependenciesID=3fa231174be2f4f4f09b0bff7fa6be0a 
Number of updated asset objects reloaded before import = 0
Number of asset objects unloaded after import = 0
========================================================================
Received Import Request.
  Time of request: 2026-10-01T08:15:30.9841532Z
  Time since last request: 0.0003513 seconds.
  importAddress: GUID: ea3ec41b33345cd4f9298a51abdaa198 - Path: Packages/com.unity.ide.rider/Rider/Editor/JetBrains.Rider.PathLocator.dll - Importer: ScriptedImporter/UnityEditor.QuickSearchModule:UnityEditor.Search:ASIAI0B
Importing 'GUID: ea3ec41b33345cd4f9298a51abdaa198 - Path: Packages/com.unity.ide.rider/Rider/Editor/JetBrains.Rider.PathLocator.dll - Importer: ScriptedImporter/UnityEditor.QuickSearchModule:UnityEditor.Search:ASIAI0B' with importer (ScriptedImporter : UnityEditor.QuickSearchModule:UnityEditor.Search:ASIAI0B)
Imported 'GUID: ea3ec41b33345cd4f9298a51abdaa198' -> (Import Result ID: 'be1c4280727ab0e9087039564ae116de') in 0.002 seconds [static and dynamic dependencies]. Details - ImportResultOutputID=5ef8084ba5a2e541f9005a8907b3bd27 DependenciesID=ba621af639d4bec5b3f83d38c68d88e8 StaticDependenciesID=2784beebd9619393f3f809afd474382c 
Number of updated asset objects reloaded before import = 0
Number of asset objects unloaded after import = 0
========================================================================
Received Import Request.
  Time of request: 2026-10-01T08:15:30.9947075Z
  Time since last request: 0.0003676 seconds.
  importAddress: GUID: 154ace4bd16de9f4e84052ac257786d6 - Path: Packages/com.unity.ide.rider/Rider/Editor/Util/CommandLineParser.cs - Importer: ScriptedImporter/UnityEditor.QuickSearchModule:UnityEditor.Search:ASIAI0B
Importing 'GUID: 154ace4bd16de9f4e84052ac257786d6 - Path: Packages/com.unity.ide.rider/Rider/Editor/Util/CommandLineParser.cs - Importer: ScriptedImporter/UnityEditor.QuickSearchModule:UnityEditor.Search:ASIAI0B' with importer (ScriptedImporter : UnityEditor.QuickSearchModule:UnityEditor.Search:ASIAI0B)
Imported 'GUID: 154ace4bd16de9f4e84052ac257786d6' -> (Import Result ID: '48c3cc60d5c01d9f4d9c3a96186752db') in 0.002 seconds [static and dynamic dependencies]. Details - ImportResultOutputID=ae7382eacfda4c2dc67ce95ccc46b287 DependenciesID=a237112b7420c5e28f0e1c82af7221f0 StaticDependenciesID=3b1c57d94f7b48f0234c9a8fac79d027 
Number of updated asset objects reloaded before import = 0
Number of asset objects unloaded after import = 0
========================================================================
Received Import Request.
  Time of request: 2026-10-01T08:15:31.005366Z
  Time since last request: 0.0004465 seconds.
  importAddress: GUID: d528c8c98d269ca44a06cd9624a03945 - Path: Packages/com.unity.ide.rider/Rider/Editor/com.unity.ide.rider.asmdef - Importer: ScriptedImporter/UnityEditor.QuickSearchModule:UnityEditor.Search:ASIAI0B
Importing 'GUID: d528c8c98d269ca44a06cd9624a03945 - Path: Packages/com.unity.ide.rider/Rider/Editor/com.unity.ide.rider.asmdef - Importer: ScriptedImporter/UnityEditor.QuickSearchModule:UnityEditor.Search:ASIAI0B' with importer (ScriptedImporter : UnityEditor.QuickSearchModule:UnityEditor.Search:ASIAI0B)
Imported 'GUID: d528c8c98d269ca44a06cd9624a03945' -> (Import Result ID: '5bbcb3834078b098542f941545494262') in 0.002 seconds [static and dynamic dependencies]. Details - ImportResultOutputID=5c72baee280b306ad0eb49474a2fe761 DependenciesID=c9448707e1138ab5785fb709e0977497 StaticDependenciesID=12d1da68e12b98df41d44b59a7f4681d 
Number of updated asset objects reloaded before import = 0
Number of asset objects unloaded after import = 1
========================================================================
Received Import Request.
  Time of request: 2026-10-01T08:15:31.0173806Z
  Time since last request: 0.0002403 seconds.
  importAddress: GUID: 010246a07de7cb34185a2a7b1c1fad59 - Path: Packages/com.unity.ide.rider/Rider/Editor/UnitTesting/CallbackData.cs - Importer: ScriptedImporter/UnityEditor.QuickSearchModule:UnityEditor.Search:ASIAI0B
Importing 'GUID: 010246a07de7cb34185a2a7b1c1fad59 - Path: Packages/com.unity.ide.rider/Rider/Editor/UnitTesting/CallbackData.cs - Importer: ScriptedImporter/UnityEditor.QuickSearchModule:UnityEditor.Search:ASIAI0B' with importer (ScriptedImporter : UnityEditor.QuickSearchModule:UnityEditor.Search:ASIAI0B)
Imported 'GUID: 010246a07de7cb34185a2a7b1c1fad59' -> (Import Result ID: 'a5384733aba2afb0a126e99bb931d8a6') in 0.002 seconds [static and dynamic dependencies]. Details - ImportResultOutputID=79498c7765e9c2728c2dd768072f700e DependenciesID=6cd50239807ea7b1359170fc00f9f36d StaticDependenciesID=9b5b6551646376fa7211cbe8cf01ef85 
Number of updated asset objects reloaded before import = 0
Number of asset objects unloaded after import = 0
========================================================================
Received Import Request.
  Time of request: 2026-10-01T08:15:31.0274418Z
  Time since last request: 0.0002973 seconds.
  importAddress: GUID: 12263a5b80a209c44ae6188994252ecd - Path: Packages/com.unity.shadergraph/Editor/Generation/Targets/BuiltIn/Editor/ShaderGraph/Includes/PBRDeferredPass.hlsl - Importer: ScriptedImporter/UnityEditor.QuickSearchModule:UnityEditor.Search:ASIAI0B
Importing 'GUID: 12263a5b80a209c44ae6188994252ecd - Path: Packages/com.unity.shadergraph/Editor/Generation/Targets/BuiltIn/Editor/ShaderGraph/Includes/PBRDeferredPass.hlsl - Importer: ScriptedImporter/UnityEditor.QuickSearchModule:UnityEditor.Search:ASIAI0B' with importer (ScriptedImporter : UnityEditor.QuickSearchModule:UnityEditor.Search:ASIAI0B)
Imported 'GUID: 12263a5b80a209c44ae6188994252ecd' -> (Import Result ID: '7f858c56d87f3406ea98c3264cbd2d0f') in 0.002 seconds [static and dynamic dependencies]. Details - ImportResultOutputID=50585820641cd9af4f8177719a385b2e DependenciesID=d601831c817f995b9a2f9f731493ce80 StaticDependenciesID=96d1dc6a6eb9efd9fe58b189b093f720 
Number of updated asset objects reloaded before import = 0
Number of asset objects unloaded after import = 1
========================================================================
Received Import Request.
  Time of request: 2026-10-01T08:15:31.0603615Z
  Time since last request: 0.0230248 seconds.
  importAddress: GUID: 6da1e646299b347c0895ca5f21f8c47c - Path: Packages/com.unity.render-pipelines.universal/Editor/EditorUtils.cs - Importer: ScriptedImporter/UnityEditor.QuickSearchModule:UnityEditor.Search:ASIAI0B
Importing 'GUID: 6da1e646299b347c0895ca5f21f8c47c - Path: Packages/com.unity.render-pipelines.universal/Editor/EditorUtils.cs - Importer: ScriptedImporter/UnityEditor.QuickSearchModule:UnityEditor.Search:ASIAI0B' with importer (ScriptedImporter : UnityEditor.QuickSearchModule:UnityEditor.Search:ASIAI0B)
Imported 'GUID: 6da1e646299b347c0895ca5f21f8c47c' -> (Import Result ID: 'efee2e0258dacf4fcb1bb7bcf5305557') in 0.002 seconds [static and dynamic dependencies]. Details - ImportResultOutputID=9436edbd36f8f8562e180656eb9f8103 DependenciesID=526894d86bd85ae019df215664b818c2 StaticDependenciesID=719d95a416c93495414695314fabfb64 
Number of updated asset objects reloaded before import = 0
Number of asset objects unloaded after import = 0
========================================================================
Received Import Request.
  Time of request: 2026-10-01T08:15:31.0705003Z
  Time since last request: 0.0003875 seconds.
  importAddress: GUID: b2edbde2868724290bf284ad89ced590 - Path: Packages/com.unity.render-pipelines.universal/Editor/ScriptableRendererDataEditor.cs - Importer: ScriptedImporter/UnityEditor.QuickSearchModule:UnityEditor.Search:ASIAI0B
Importing 'GUID: b2edbde2868724290bf284ad89ced590 - Path: Packages/com.unity.render-pipelines.universal/Editor/ScriptableRendererDataEditor.cs - Importer: ScriptedImporter/UnityEditor.QuickSearchModule:UnityEditor.Search:ASIAI0B' with importer (ScriptedImporter : UnityEditor.QuickSearchModule:UnityEditor.Search:ASIAI0B)
Imported 'GUID: b2edbde2868724290bf284ad89ced590' -> (Import Result ID: 'c0a3bfe515684ee0066f66033786720f') in 0.002 seconds [static and dynamic dependencies]. Details - ImportResultOutputID=79d6400d5fe4c8fcc344cf4390330d14 DependenciesID=4f3dffbd4235a119c8966f180a4b4c36 StaticDependenciesID=89eb4b45e24be58bc1ab0a43948a3949 
Number of updated asset objects reloaded before import = 0
Number of asset objects unloaded after import = 0
========================================================================
Received Import Request.
  Time of request: 2026-10-01T08:15:31.080673Z
  Time since last request: 0.0002605 seconds.
  importAddress: GUID: 46662bacf9caecb4987e43ba520cc30c - Path: Packages/com.unity.render-pipelines.universal/Runtime/Documentation.cs - Importer: ScriptedImporter/UnityEditor.QuickSearchModule:UnityEditor.Search:ASIAI0B
Importing 'GUID: 46662bacf9caecb4987e43ba520cc30c - Path: Packages/com.unity.render-pipelines.universal/Runtime/Documentation.cs - Importer: ScriptedImporter/UnityEditor.QuickSearchModule:UnityEditor.Search:ASIAI0B' with importer (ScriptedImporter : UnityEditor.QuickSearchModule:UnityEditor.Search:ASIAI0B)
Imported 'GUID: 46662bacf9caecb4987e43ba520cc30c' -> (Import Result ID: '7788272fe2d50559308aac9c168c8e60') in 0.002 seconds [static and dynamic dependencies]. Details - ImportResultOutputID=6905a05dcdc335497cb02d24ae850c66 DependenciesID=af61c8ba55cb6b5ef2c4baa648d552af StaticDependenciesID=30f08e8baebfab2e991da21bfdcfb19c 
Number of updated asset objects reloaded before import = 0
Number of asset objects unloaded after import = 0
========================================================================
Received Import Request.
  Time of request: 2026-10-01T08:15:31.0911994Z
  Time since last request: 0.0002051 seconds.
  importAddress: GUID: 49312b09b1a7723458d927fbedbd2f76 - Path: Packages/com.unity.render-pipelines.universal/Editor/ContextualMenuDispatcher.cs - Importer: ScriptedImporter/UnityEditor.QuickSearchModule:UnityEditor.Search:ASIAI0B
Importing 'GUID: 49312b09b1a7723458d927fbedbd2f76 - Path: Packages/com.unity.render-pipelines.universal/Editor/ContextualMenuDispatcher.cs - Importer: ScriptedImporter/UnityEditor.QuickSearchModule:UnityEditor.Search:ASIAI0B' with importer (ScriptedImporter : UnityEditor.QuickSearchModule:UnityEditor.Search:ASIAI0B)
Imported 'GUID: 49312b09b1a7723458d927fbedbd2f76' -> (Import Result ID: 'eccb63a0fe0a08a68a61b2f308ff2a96') in 0.002 seconds [static and dynamic dependencies]. Details - ImportResultOutputID=22b7f12871367c8dfbd6e13b3e8f2b56 DependenciesID=10c8121e52c2083466da241c414c6cf4 StaticDependenciesID=3f297cd0a2005f1ae14da26a0b9c93e6 
Number of updated asset objects reloaded before import = 0
Number of asset objects unloaded after import = 0
========================================================================
Received Import Request.
  Time of request: 2026-10-01T08:15:31.1015318Z
  Time since last request: 0.0003155 seconds.
  importAddress: GUID: a6c561a6ea5b9c7438624a404f703912 - Path: Packages/com.unity.render-pipelines.universal/Runtime/ShaderData.cs - Importer: ScriptedImporter/UnityEditor.QuickSearchModule:UnityEditor.Search:ASIAI0B
Importing 'GUID: a6c561a6ea5b9c7438624a404f703912 - Path: Packages/com.unity.render-pipelines.universal/Runtime/ShaderData.cs - Importer: ScriptedImporter/UnityEditor.QuickSearchModule:UnityEditor.Search:ASIAI0B' with importer (ScriptedImporter : UnityEditor.QuickSearchModule:UnityEditor.Search:ASIAI0B)
Imported 'GUID: a6c561a6ea5b9c7438624a404f703912' -> (Import Result ID: '8e7bd895431df06b3e9de12aa6816180') in 0.002 seconds [static and dynamic dependencies]. Details - ImportResultOutputID=4420d88a85f3ebb3e549082444030196 DependenciesID=abdd08258d6240781b5da40b0e960489 StaticDependenciesID=2512923a928b39506553b5da29fcc4d3 
Number of updated asset objects reloaded before import = 0
Number of asset objects unloaded after import = 0
========================================================================
Received Import Request.
  Time of request: 2026-10-01T08:15:31.1113788Z
  Time since last request: 0.0004791 seconds.
  importAddress: GUID: 30648b8d550465f4bb77f1e1afd0b37d - Path: Packages/com.unity.render-pipelines.universal/package.json - Importer: ScriptedImporter/UnityEditor.QuickSearchModule:UnityEditor.Search:ASIAI0B
Importing 'GUID: 30648b8d550465f4bb77f1e1afd0b37d - Path: Packages/com.unity.render-pipelines.universal/package.json - Importer: ScriptedImporter/UnityEditor.QuickSearchModule:UnityEditor.Search:ASIAI0B' with importer (ScriptedImporter : UnityEditor.QuickSearchModule:UnityEditor.Search:ASIAI0B)
Imported 'GUID: 30648b8d550465f4bb77f1e1afd0b37d' -> (Import Result ID: 'c03f757c2865394e2eb7e42a0cc32cb4') in 0.002 seconds [static and dynamic dependencies]. Details - ImportResultOutputID=ed1730730a5545a5ebeaba3fd35a35c0 DependenciesID=652ea5b0f0db39383b11cf9ac8033c6a StaticDependenciesID=6e43537fed98a17abaad93df2f3df6c5 
Number of updated asset objects reloaded before import = 0
Number of asset objects unloaded after import = 1
========================================================================
Received Import Request.
  Time of request: 2026-10-01T08:15:31.1216727Z
  Time since last request: 0.0002588 seconds.
  importAddress: GUID: 00a88cea6e93342c38794220d3168827 - Path: Packages/com.unity.render-pipelines.universal/Runtime/MotionVectors.cs - Importer: ScriptedImporter/UnityEditor.QuickSearchModule:UnityEditor.Search:ASIAI0B
Importing 'GUID: 00a88cea6e93342c38794220d3168827 - Path: Packages/com.unity.render-pipelines.universal/Runtime/MotionVectors.cs - Importer: ScriptedImporter/UnityEditor.QuickSearchModule:UnityEditor.Search:ASIAI0B' with importer (ScriptedImporter : UnityEditor.QuickSearchModule:UnityEditor.Search:ASIAI0B)
Imported 'GUID: 00a88cea6e93342c38794220d3168827' -> (Import Result ID: '6b174a7a013ebfbb92b6735d2b1a68ae') in 0.002 seconds [static and dynamic dependencies]. Details - ImportResultOutputID=030341bb18a7a5c63e0f6e77c70ec9c0 DependenciesID=357489bcaf0fca6c6c0bcf88e5e9e969 StaticDependenciesID=4925de96177322a87f744d9ed858152d 
Number of updated asset objects reloaded before import = 0
Number of asset objects unloaded after import = 0
========================================================================
Received Import Request.
  Time of request: 2026-10-01T08:15:31.1475468Z
  Time since last request: 0.0164287 seconds.
  importAddress: GUID: 143998ff65f2ada468f04434bfabf8c5 - Path: Packages/com.unity.render-pipelines.universal/Runtime/UniversalRenderer.cs - Importer: ScriptedImporter/UnityEditor.QuickSearchModule:UnityEditor.Search:ASIAI0B
Importing 'GUID: 143998ff65f2ada468f04434bfabf8c5 - Path: Packages/com.unity.render-pipelines.universal/Runtime/UniversalRenderer.cs - Importer: ScriptedImporter/UnityEditor.QuickSearchModule:UnityEditor.Search:ASIAI0B' with importer (ScriptedImporter : UnityEditor.QuickSearchModule:UnityEditor.Search:ASIAI0B)
Imported 'GUID: 143998ff65f2ada468f04434bfabf8c5' -> (Import Result ID: '37a545ad69895b4dd50d3b75e0cb13ff') in 0.002 seconds [static and dynamic dependencies]. Details - ImportResultOutputID=9ef700d49d05b7c6a3ad232f2aa95404 DependenciesID=5e42cc3671fd936a186b1d5716da81bd StaticDependenciesID=d53589eec79c644b1aae7d175327d356 
Number of updated asset objects reloaded before import = 0
Number of asset objects unloaded after import = 0
========================================================================
Received Import Request.
  Time of request: 2026-10-01T08:15:31.1578312Z
  Time since last request: 0.0005237 seconds.
  importAddress: GUID: 6a7ad6ab258a4b36a4dfd36827a8ec9d - Path: Packages/com.unity.render-pipelines.universal/Runtime/UniversalRenderPipelineRenderGraph.cs - Importer: ScriptedImporter/UnityEditor.QuickSearchModule:UnityEditor.Search:ASIAI0B
Importing 'GUID: 6a7ad6ab258a4b36a4dfd36827a8ec9d - Path: Packages/com.unity.render-pipelines.universal/Runtime/UniversalRenderPipelineRenderGraph.cs - Importer: ScriptedImporter/UnityEditor.QuickSearchModule:UnityEditor.Search:ASIAI0B' with importer (ScriptedImporter : UnityEditor.QuickSearchModule:UnityEditor.Search:ASIAI0B)
Imported 'GUID: 6a7ad6ab258a4b36a4dfd36827a8ec9d' -> (Import Result ID: 'b35772d66b1b21b174b0ca88e72eccad') in 0.002 seconds [static and dynamic dependencies]. Details - ImportResultOutputID=25d4ec1eb5e3780c94f2c049ab2a0d1e DependenciesID=6e85595cb4e1b98425dad2512928cb3d StaticDependenciesID=6db0b2f9372fb138a4e6b47672a39aaf 
Number of updated asset objects reloaded before import = 0
Number of asset objects unloaded after import = 0
========================================================================
Received Import Request.
  Time of request: 2026-10-01T08:15:31.1692501Z
  Time since last request: 0.0000985 seconds.
  importAddress: GUID: 6db8433897838284fa5c7571f3088db8 - Path: Packages/com.unity.render-pipelines.universal/ShaderLibrary/DeclareRenderingLayerTexture.hlsl - Importer: ScriptedImporter/UnityEditor.QuickSearchModule:UnityEditor.Search:ASIAI0B
Importing 'GUID: 6db8433897838284fa5c7571f3088db8 - Path: Packages/com.unity.render-pipelines.universal/ShaderLibrary/DeclareRenderingLayerTexture.hlsl - Importer: ScriptedImporter/UnityEditor.QuickSearchModule:UnityEditor.Search:ASIAI0B' with importer (ScriptedImporter : UnityEditor.QuickSearchModule:UnityEditor.Search:ASIAI0B)
Imported 'GUID: 6db8433897838284fa5c7571f3088db8' -> (Import Result ID: 'd613373b3646ff3c0954d9611b7134be') in 0.002 seconds [static and dynamic dependencies]. Details - ImportResultOutputID=efa7c19d665149d1843a16127cd63913 DependenciesID=729e09c447c7b19437943d84b38b57f3 StaticDependenciesID=b5f4e06ce7d520fc25dbb518779db181 
Number of updated asset objects reloaded before import = 0
Number of asset objects unloaded after import = 1
========================================================================
Received Import Request.
  Time of request: 2026-10-01T08:15:31.1810122Z
  Time since last request: 0.0004882 seconds.
  importAddress: GUID: e325eaafb90d419598a94581ba3335a4 - Path: Packages/com.unity.render-pipelines.universal/ShaderLibrary/BRDF.hlsl - Importer: ScriptedImporter/UnityEditor.QuickSearchModule:UnityEditor.Search:ASIAI0B
Importing 'GUID: e325eaafb90d419598a94581ba3335a4 - Path: Packages/com.unity.render-pipelines.universal/ShaderLibrary/BRDF.hlsl - Importer: ScriptedImporter/UnityEditor.QuickSearchModule:UnityEditor.Search:ASIAI0B' with importer (ScriptedImporter : UnityEditor.QuickSearchModule:UnityEditor.Search:ASIAI0B)
Imported 'GUID: e325eaafb90d419598a94581ba3335a4' -> (Import Result ID: '7447a5e929fb44b9def129f0d83e048b') in 0.001 seconds [static and dynamic dependencies]. Details - ImportResultOutputID=e8a1c75663e94aed21c5fa9f54998110 DependenciesID=8d24f0d20595ae542ce1d9db52e739ae StaticDependenciesID=b568780425fe63c60558bdf22a785505 
Number of updated asset objects reloaded before import = 0
Number of asset objects unloaded after import = 1
========================================================================
Received Import Request.
  Time of request: 2026-10-01T08:15:31.1916435Z
  Time since last request: 0.0003385 seconds.
  importAddress: GUID: 762f0a4829f44584ba01e2f0661150d9 - Path: Packages/com.unity.render-pipelines.universal/ShaderLibrary/Lighting.hlsl - Importer: ScriptedImporter/UnityEditor.QuickSearchModule:UnityEditor.Search:ASIAI0B
Importing 'GUID: 762f0a4829f44584ba01e2f0661150d9 - Path: Packages/com.unity.render-pipelines.universal/ShaderLibrary/Lighting.hlsl - Importer: ScriptedImporter/UnityEditor.QuickSearchModule:UnityEditor.Search:ASIAI0B' with importer (ScriptedImporter : UnityEditor.QuickSearchModule:UnityEditor.Search:ASIAI0B)
Imported 'GUID: 762f0a4829f44584ba01e2f0661150d9' -> (Import Result ID: 'a2e6148b1281241ce9b5683763358b1b') in 0.002 seconds [static and dynamic dependencies]. Details - ImportResultOutputID=a517fee0ece37edd6a9fcd1d2bcab4ba DependenciesID=90c0dfbbe8c63896e0657e49c3f632d5 StaticDependenciesID=68e7be23d213774a4eebc171e532ccd6 
Number of updated asset objects reloaded before import = 0
Number of asset objects unloaded after import = 1
========================================================================
Received Import Request.
  Time of request: 2026-10-01T08:15:31.2039453Z
  Time since last request: 0.0003637 seconds.
  importAddress: GUID: 5c52f3d26791c415b9e887442bfc817c - Path: Packages/com.unity.render-pipelines.universal/ShaderLibrary/Clustering.hlsl - Importer: ScriptedImporter/UnityEditor.QuickSearchModule:UnityEditor.Search:ASIAI0B
Importing 'GUID: 5c52f3d26791c415b9e887442bfc817c - Path: Packages/com.unity.render-pipelines.universal/ShaderLibrary/Clustering.hlsl - Importer: ScriptedImporter/UnityEditor.QuickSearchModule:UnityEditor.Search:ASIAI0B' with importer (ScriptedImporter : UnityEditor.QuickSearchModule:UnityEditor.Search:ASIAI0B)
Imported 'GUID: 5c52f3d26791c415b9e887442bfc817c' -> (Import Result ID: '2484ba09ce29383a64bc12a6ed41f933') in 0.001 seconds [static and dynamic dependencies]. Details - ImportResultOutputID=4eaafad4d4a61d4f7b40ae16c5b4675f DependenciesID=dc50de82b61d8934bcd78a35d3ff4080 StaticDependenciesID=88b7eff5260d5b2e93407ec825671fd5 
Number of updated asset objects reloaded before import = 0
Number of asset objects unloaded after import = 1
========================================================================
Received Import Request.
  Time of request: 2026-10-01T08:15:31.2323384Z
  Time since last request: 0.0182084 seconds.
  importAddress: GUID: 574332cc54d34b3b96cd214f5febe833 - Path: Packages/com.unity.render-pipelines.universal/Shaders/UnlitForwardPass.hlsl - Importer: ScriptedImporter/UnityEditor.QuickSearchModule:UnityEditor.Search:ASIAI0B
Importing 'GUID: 574332cc54d34b3b96cd214f5febe833 - Path: Packages/com.unity.render-pipelines.universal/Shaders/UnlitForwardPass.hlsl - Importer: ScriptedImporter/UnityEditor.QuickSearchModule:UnityEditor.Search:ASIAI0B' with importer (ScriptedImporter : UnityEditor.QuickSearchModule:UnityEditor.Search:ASIAI0B)
Imported 'GUID: 574332cc54d34b3b96cd214f5febe833' -> (Import Result ID: 'e6775502230a7b0822415546f5cd813c') in 0.002 seconds [static and dynamic dependencies]. Details - ImportResultOutputID=6ca8cabe14aa17ad66cfb2dbf0000612 DependenciesID=d1ad4ad5cd0c7f3861a69fa17f8a4978 StaticDependenciesID=9c3738cf435e0755abba46a93be141f2 
Number of updated asset objects reloaded before import = 0
Number of asset objects unloaded after import = 1
========================================================================
Received Import Request.
  Time of request: 2026-10-01T08:15:31.2439198Z
  Time since last request: 0.0005436 seconds.
  importAddress: GUID: ce8b43269e26f4263ac0da53665264b9 - Path: Packages/com.unity.render-pipelines.universal/Shaders/UnlitDepthNormalsPass.hlsl - Importer: ScriptedImporter/UnityEditor.QuickSearchModule:UnityEditor.Search:ASIAI0B
Importing 'GUID: ce8b43269e26f4263ac0da53665264b9 - Path: Packages/com.unity.render-pipelines.universal/Shaders/UnlitDepthNormalsPass.hlsl - Importer: ScriptedImporter/UnityEditor.QuickSearchModule:UnityEditor.Search:ASIAI0B' with importer (ScriptedImporter : UnityEditor.QuickSearchModule:UnityEditor.Search:ASIAI0B)
Imported 'GUID: ce8b43269e26f4263ac0da53665264b9' -> (Import Result ID: '19fe7c684245cad38efc66e099fb3716') in 0.002 seconds [static and dynamic dependencies]. Details - ImportResultOutputID=b12dfb65541c36d717e1a9acf2c0aaac DependenciesID=a30fef45fdb73fedaaf15c9f934b1b21 StaticDependenciesID=9e4c76a873b8bb66e8c7fded62b2e7cf 
Number of updated asset objects reloaded before import = 0
Number of asset objects unloaded after import = 1
========================================================================
Received Import Request.
  Time of request: 2026-10-01T08:15:31.2549204Z
  Time since last request: 0.0005847 seconds.
  importAddress: GUID: 41a9ae1971520f84c89225b0e84299ec - Path: Packages/com.unity.render-pipelines.universal/ShaderLibrary/VisualEffectVertex.hlsl - Importer: ScriptedImporter/UnityEditor.QuickSearchModule:UnityEditor.Search:ASIAI0B
Importing 'GUID: 41a9ae1971520f84c89225b0e84299ec - Path: Packages/com.unity.render-pipelines.universal/ShaderLibrary/VisualEffectVertex.hlsl - Importer: ScriptedImporter/UnityEditor.QuickSearchModule:UnityEditor.Search:ASIAI0B' with importer (ScriptedImporter : UnityEditor.QuickSearchModule:UnityEditor.Search:ASIAI0B)
Imported 'GUID: 41a9ae1971520f84c89225b0e84299ec' -> (Import Result ID: '168ce9e9dc04d56aa43e57448a61ed1c') in 0.002 seconds [static and dynamic dependencies]. Details - ImportResultOutputID=5208b1cda18b7df8762e406e14e8f658 DependenciesID=a1c880643f66737dcba840f1f7624e74 StaticDependenciesID=3240316cf51b915edfa8c157284b027f 
Number of updated asset objects reloaded before import = 0
Number of asset objects unloaded after import = 1
========================================================================
Received Import Request.
  Time of request: 2026-10-01T08:15:31.2646253Z
  Time since last request: 0.0004253 seconds.
  importAddress: GUID: 210f441e9bc1d0c4888c4369d2c0859f - Path: Packages/com.unity.render-pipelines.universal/Editor/2D/PixelPerfectCameraEditor.cs - Importer: ScriptedImporter/UnityEditor.QuickSearchModule:UnityEditor.Search:ASIAI0B
Importing 'GUID: 210f441e9bc1d0c4888c4369d2c0859f - Path: Packages/com.unity.render-pipelines.universal/Editor/2D/PixelPerfectCameraEditor.cs - Importer: ScriptedImporter/UnityEditor.QuickSearchModule:UnityEditor.Search:ASIAI0B' with importer (ScriptedImporter : UnityEditor.QuickSearchModule:UnityEditor.Search:ASIAI0B)
Imported 'GUID: 210f441e9bc1d0c4888c4369d2c0859f' -> (Import Result ID: '1a466afeda00e8633467b2fa14e3465c') in 0.002 seconds [static and dynamic dependencies]. Details - ImportResultOutputID=93b2e5deb5489e7debe99fc96aed6a85 DependenciesID=9409e71eeb81aab27743a001f868f776 StaticDependenciesID=38212ca369ef728af1e0ce01086e89c2 
Number of updated asset objects reloaded before import = 0
Number of asset objects unloaded after import = 0
========================================================================
Received Import Request.
  Time of request: 2026-10-01T08:15:31.2748322Z
  Time since last request: 0.0003234 seconds.
  importAddress: GUID: 2bf17b1d7445af843ad939d7527d8938 - Path: Packages/com.unity.render-pipelines.universal/Shaders/FullscreenInvertColorsTemplate.png - Importer: ScriptedImporter/UnityEditor.QuickSearchModule:UnityEditor.Search:ASIAI0B
Importing 'GUID: 2bf17b1d7445af843ad939d7527d8938 - Path: Packages/com.unity.render-pipelines.universal/Shaders/FullscreenInvertColorsTemplate.png - Importer: ScriptedImporter/UnityEditor.QuickSearchModule:UnityEditor.Search:ASIAI0B' with importer (ScriptedImporter : UnityEditor.QuickSearchModule:UnityEditor.Search:ASIAI0B)
Imported 'GUID: 2bf17b1d7445af843ad939d7527d8938' -> (Import Result ID: '6e5f7b6d467ab4c6cf8ee6e565dbf435') in 0.007 seconds [static and dynamic dependencies]. Details - ImportResultOutputID=2c95dd4c52ced7e1249779c82cb3ca8a DependenciesID=aa9b042a813fb48c8647ad0b08d4b966 StaticDependenciesID=24e13bb57ac384413e892022e3d5c7ec 
Number of updated asset objects reloaded before import = 0
Number of asset objects unloaded after import = 1
========================================================================
Received Import Request.
  Time of request: 2026-10-01T08:15:31.2896724Z
  Time since last request: 0.0003909 seconds.
  importAddress: GUID: 91bd1404255c4cb28a6c81f20300308f - Path: Packages/com.unity.render-pipelines.universal/ShaderLibrary/UniversalDOTSInstancing.hlsl - Importer: ScriptedImporter/UnityEditor.QuickSearchModule:UnityEditor.Search:ASIAI0B
Importing 'GUID: 91bd1404255c4cb28a6c81f20300308f - Path: Packages/com.unity.render-pipelines.universal/ShaderLibrary/UniversalDOTSInstancing.hlsl - Importer: ScriptedImporter/UnityEditor.QuickSearchModule:UnityEditor.Search:ASIAI0B' with importer (ScriptedImporter : UnityEditor.QuickSearchModule:UnityEditor.Search:ASIAI0B)
Imported 'GUID: 91bd1404255c4cb28a6c81f20300308f' -> (Import Result ID: '0808a92ee81bdb74380ce5bb56e3ebe0') in 0.002 seconds [static and dynamic dependencies]. Details - ImportResultOutputID=fe69acf3cff85e1ee3bda293f3c88551 DependenciesID=42d21f129f704fdfba117d03f86e4fa8 StaticDependenciesID=83903f3b1dfa032b2ce6ca964dabef8b 
Number of updated asset objects reloaded before import = 0
Number of asset objects unloaded after import = 1
========================================================================
Received Import Request.
  Time of request: 2026-10-01T08:15:31.2998427Z
  Time since last request: 0.0002446 seconds.
  importAddress: GUID: ee7e4c9a5f6364b688a332c67fc32cca - Path: Packages/com.unity.render-pipelines.universal/Shaders/ComplexLit.shader - Importer: ScriptedImporter/UnityEditor.QuickSearchModule:UnityEditor.Search:ASIAI0B
Importing 'GUID: ee7e4c9a5f6364b688a332c67fc32cca - Path: Packages/com.unity.render-pipelines.universal/Shaders/ComplexLit.shader - Importer: ScriptedImporter/UnityEditor.QuickSearchModule:UnityEditor.Search:ASIAI0B' with importer (ScriptedImporter : UnityEditor.QuickSearchModule:UnityEditor.Search:ASIAI0B)
Imported 'GUID: ee7e4c9a5f6364b688a332c67fc32cca' -> (Import Result ID: '4946cd8dc578c18a97b27599e3db41de') in 0.003 seconds [static and dynamic dependencies]. Details - ImportResultOutputID=11fe414f094e852487270723bca23423 DependenciesID=e3fc89c9bdf5e34d6e68694987007ab2 StaticDependenciesID=681f0f71d4a2833d4448fcd9073faf60 
Number of updated asset objects reloaded before import = 0
Number of asset objects unloaded after import = 1
========================================================================
Received Import Request.
  Time of request: 2026-10-01T08:15:31.3209067Z
  Time since last request: 0.0106644 seconds.
  importAddress: GUID: 0e89e471cecba0d41a66b54909f947cc - Path: Packages/com.unity.render-pipelines.universal/Editor/Camera/UniversalRenderPipelineCameraUI.Rendering.Skin.cs - Importer: ScriptedImporter/UnityEditor.QuickSearchModule:UnityEditor.Search:ASIAI0B
Importing 'GUID: 0e89e471cecba0d41a66b54909f947cc - Path: Packages/com.unity.render-pipelines.universal/Editor/Camera/UniversalRenderPipelineCameraUI.Rendering.Skin.cs - Importer: ScriptedImporter/UnityEditor.QuickSearchModule:UnityEditor.Search:ASIAI0B' with importer (ScriptedImporter : UnityEditor.QuickSearchModule:UnityEditor.Search:ASIAI0B)
Imported 'GUID: 0e89e471cecba0d41a66b54909f947cc' -> (Import Result ID: '02f7cfb8c5ead8433078302b4e22c396') in 0.002 seconds [static and dynamic dependencies]. Details - ImportResultOutputID=ae01ca6a866e9f7d0fa21ccdeed4c5b0 DependenciesID=1fccc2a7d79b104a99a43a6baf904fe4 StaticDependenciesID=61a1ddcc1853a12365ee13b08099ff93 
Number of updated asset objects reloaded before import = 0
Number of asset objects unloaded after import = 0
========================================================================
Received Import Request.
  Time of request: 2026-10-01T08:15:31.3307367Z
  Time since last request: 0.0005647 seconds.
  importAddress: GUID: d86ec93edbc4d5240ab4d8a8be938142 - Path: Packages/com.unity.render-pipelines.universal/Editor/Camera/UniversalRenderPipelineCameraUI.Skin.cs - Importer: ScriptedImporter/UnityEditor.QuickSearchModule:UnityEditor.Search:ASIAI0B
Importing 'GUID: d86ec93edbc4d5240ab4d8a8be938142 - Path: Packages/com.unity.render-pipelines.universal/Editor/Camera/UniversalRenderPipelineCameraUI.Skin.cs - Importer: ScriptedImporter/UnityEditor.QuickSearchModule:UnityEditor.Search:ASIAI0B' with importer (ScriptedImporter : UnityEditor.QuickSearchModule:UnityEditor.Search:ASIAI0B)
Imported 'GUID: d86ec93edbc4d5240ab4d8a8be938142' -> (Import Result ID: '0863290c564dedfe2206f6635b699e59') in 0.002 seconds [static and dynamic dependencies]. Details - ImportResultOutputID=7a343ca33050f2bab820b3a2c3ee8d36 DependenciesID=04de2753ae5450d8bad799c88e7e75ec StaticDependenciesID=1c1f157e29700ee2940a5358f50107ec 
Number of updated asset objects reloaded before import = 0
Number of asset objects unloaded after import = 0
========================================================================
Received Import Request.
  Time of request: 2026-10-01T08:15:31.3410001Z
  Time since last request: 0.000561 seconds.
  importAddress: GUID: 069b974b59070ea4ea9d39e27dcd7784 - Path: Packages/com.unity.render-pipelines.universal/Editor/Overrides/ScreenSpaceLensFlareEditor.cs - Importer: ScriptedImporter/UnityEditor.QuickSearchModule:UnityEditor.Search:ASIAI0B
Importing 'GUID: 069b974b59070ea4ea9d39e27dcd7784 - Path: Packages/com.unity.render-pipelines.universal/Editor/Overrides/ScreenSpaceLensFlareEditor.cs - Importer: ScriptedImporter/UnityEditor.QuickSearchModule:UnityEditor.Search:ASIAI0B' with importer (ScriptedImporter : UnityEditor.QuickSearchModule:UnityEditor.Search:ASIAI0B)
Imported 'GUID: 069b974b59070ea4ea9d39e27dcd7784' -> (Import Result ID: 'bf3c1212fc4ebaf9e7000a7a5e3aafcc') in 0.002 seconds [static and dynamic dependencies]. Details - ImportResultOutputID=9b220284bddcd30e23078420615b2d11 DependenciesID=39e495bec9bcb88c26ff2f2b2f7e4208 StaticDependenciesID=0a2d9e97a469ff5351d20b44cf83ff5b 
Number of updated asset objects reloaded before import = 0
Number of asset objects unloaded after import = 0
========================================================================
Received Import Request.
  Time of request: 2026-10-01T08:15:31.352153Z
  Time since last request: 0.0004727 seconds.
  importAddress: GUID: dcc213569e3849641896accd4ad61e24 - Path: Packages/com.unity.render-pipelines.universal/Editor/Camera/UniversalRenderPipelineCameraUI.Output.Skin.cs - Importer: ScriptedImporter/UnityEditor.QuickSearchModule:UnityEditor.Search:ASIAI0B
Importing 'GUID: dcc213569e3849641896accd4ad61e24 - Path: Packages/com.unity.render-pipelines.universal/Editor/Camera/UniversalRenderPipelineCameraUI.Output.Skin.cs - Importer: ScriptedImporter/UnityEditor.QuickSearchModule:UnityEditor.Search:ASIAI0B' with importer (ScriptedImporter : UnityEditor.QuickSearchModule:UnityEditor.Search:ASIAI0B)
Imported 'GUID: dcc213569e3849641896accd4ad61e24' -> (Import Result ID: 'eb1930de69c4d1e2aab3b708cd936182') in 0.002 seconds [static and dynamic dependencies]. Details - ImportResultOutputID=e4b8fd0bf19d01c5df7aed3e2f95f4be DependenciesID=7af370efcffd0c287f8e0a844cfd830b StaticDependenciesID=1bd7bb10e0dfcdf9936146c5bdc5e840 
Number of updated asset objects reloaded before import = 0
Number of asset objects unloaded after import = 0
========================================================================
Received Import Request.
  Time of request: 2026-10-01T08:15:31.3636043Z
  Time since last request: 0.0003945 seconds.
  importAddress: GUID: 14ecd35dd3ee4504c84e850f72cac9b4 - Path: Packages/com.unity.render-pipelines.universal/Editor/Camera/UniversalRenderPipelineCameraUI.PhysicalCamera.Drawers.cs - Importer: ScriptedImporter/UnityEditor.QuickSearchModule:UnityEditor.Search:ASIAI0B
Importing 'GUID: 14ecd35dd3ee4504c84e850f72cac9b4 - Path: Packages/com.unity.render-pipelines.universal/Editor/Camera/UniversalRenderPipelineCameraUI.PhysicalCamera.Drawers.cs - Importer: ScriptedImporter/UnityEditor.QuickSearchModule:UnityEditor.Search:ASIAI0B' with importer (ScriptedImporter : UnityEditor.QuickSearchModule:UnityEditor.Search:ASIAI0B)
Imported 'GUID: 14ecd35dd3ee4504c84e850f72cac9b4' -> (Import Result ID: 'f5c56ddbd12c452738eeaca43ef5b6dc') in 0.002 seconds [static and dynamic dependencies]. Details - ImportResultOutputID=920bb12a6e656dbbf932427ea882c10c DependenciesID=d394f6dd300dae400a00aaee7a9e8b62 StaticDependenciesID=a10b6be4b8f52b7d713edd4c9270c2fe 
Number of updated asset objects reloaded before import = 0
Number of asset objects unloaded after import = 0
========================================================================
Received Import Request.
  Time of request: 2026-10-01T08:15:31.3734251Z
  Time since last request: 0.0003978 seconds.
  importAddress: GUID: 8fa338645a1097d4a8fbcbb438c289ca - Path: Packages/com.unity.render-pipelines.universal/Editor/AssetPostProcessors/ShaderGraphMaterialsUpdater.cs - Importer: ScriptedImporter/UnityEditor.QuickSearchModule:UnityEditor.Search:ASIAI0B
Importing 'GUID: 8fa338645a1097d4a8fbcbb438c289ca - Path: Packages/com.unity.render-pipelines.universal/Editor/AssetPostProcessors/ShaderGraphMaterialsUpdater.cs - Importer: ScriptedImporter/UnityEditor.QuickSearchModule:UnityEditor.Search:ASIAI0B' with importer (ScriptedImporter : UnityEditor.QuickSearchModule:UnityEditor.Search:ASIAI0B)
Imported 'GUID: 8fa338645a1097d4a8fbcbb438c289ca' -> (Import Result ID: 'a45a08b324e1ffd4a39b2d7d9fc136d0') in 0.002 seconds [static and dynamic dependencies]. Details - ImportResultOutputID=070bcbef5f42123f367429e00ccd0f73 DependenciesID=f9307c10fdb1870d527867c6b911a27c StaticDependenciesID=c75362c13f20ff5970d06d4d444dd042 
Number of updated asset objects reloaded before import = 0
Number of asset objects unloaded after import = 0
========================================================================
Received Import Request.
  Time of request: 2026-10-01T08:15:31.3862623Z
  Time since last request: 0.0003179 seconds.
  importAddress: GUID: e4470a4bb8b24974a828f392bdcd4d0d - Path: Packages/com.unity.render-pipelines.universal/Editor/Decal/DecalShaderGraphGUI.cs - Importer: ScriptedImporter/UnityEditor.QuickSearchModule:UnityEditor.Search:ASIAI0B
Importing 'GUID: e4470a4bb8b24974a828f392bdcd4d0d - Path: Packages/com.unity.render-pipelines.universal/Editor/Decal/DecalShaderGraphGUI.cs - Importer: ScriptedImporter/UnityEditor.QuickSearchModule:UnityEditor.Search:ASIAI0B' with importer (ScriptedImporter : UnityEditor.QuickSearchModule:UnityEditor.Search:ASIAI0B)
Imported 'GUID: e4470a4bb8b24974a828f392bdcd4d0d' -> (Import Result ID: 'f248e426ce84349a06019a2bacb40b36') in 0.002 seconds [static and dynamic dependencies]. Details - ImportResultOutputID=0dc9d5005e09427c215df92be975a6d8 DependenciesID=871281c1f41c2a645defc31d5cf249d5 StaticDependenciesID=c0d082bf7991bc1350120319b53a37bb 
Number of updated asset objects reloaded before import = 0
Number of asset objects unloaded after import = 0
========================================================================
Received Import Request.
  Time of request: 2026-10-01T08:15:31.4111658Z
  Time since last request: 0.0151706 seconds.
  importAddress: GUID: c88f5cead0c0b2a4eb05b5900433f8d1 - Path: Packages/com.unity.render-pipelines.universal/Runtime/2D/PixelPerfectCamera.cs - Importer: ScriptedImporter/UnityEditor.QuickSearchModule:UnityEditor.Search:ASIAI0B
Importing 'GUID: c88f5cead0c0b2a4eb05b5900433f8d1 - Path: Packages/com.unity.render-pipelines.universal/Runtime/2D/PixelPerfectCamera.cs - Importer: ScriptedImporter/UnityEditor.QuickSearchModule:UnityEditor.Search:ASIAI0B' with importer (ScriptedImporter : UnityEditor.QuickSearchModule:UnityEditor.Search:ASIAI0B)
Imported 'GUID: c88f5cead0c0b2a4eb05b5900433f8d1' -> (Import Result ID: 'd796367fe47fb051777585cba6209b7a') in 0.002 seconds [static and dynamic dependencies]. Details - ImportResultOutputID=cd6a06baefadc08e9f25f7a1ce1c3386 DependenciesID=4764ee6fd7c8e65ac026872d05fa1a04 StaticDependenciesID=dda1ef56eff61ab8c84c6c4e4a2cfb2a 
Number of updated asset objects reloaded before import = 0
Number of asset objects unloaded after import = 1
========================================================================
Received Import Request.
  Time of request: 2026-10-01T08:15:31.4214892Z
  Time since last request: 0.0002833 seconds.
  importAddress: GUID: d2654ad3c17ab8a4ebb9fd0719795d21 - Path: Packages/com.unity.render-pipelines.universal/Editor/ShaderGraph/UniversalMetadata.cs - Importer: ScriptedImporter/UnityEditor.QuickSearchModule:UnityEditor.Search:ASIAI0B
Importing 'GUID: d2654ad3c17ab8a4ebb9fd0719795d21 - Path: Packages/com.unity.render-pipelines.universal/Editor/ShaderGraph/UniversalMetadata.cs - Importer: ScriptedImporter/UnityEditor.QuickSearchModule:UnityEditor.Search:ASIAI0B' with importer (ScriptedImporter : UnityEditor.QuickSearchModule:UnityEditor.Search:ASIAI0B)
Imported 'GUID: d2654ad3c17ab8a4ebb9fd0719795d21' -> (Import Result ID: '03e8a56cb6d199526d63a5306435edeb') in 0.002 seconds [static and dynamic dependencies]. Details - ImportResultOutputID=2b6bc641b7cdaabaa637ecab69d2d6bb DependenciesID=ab7507191be9129cbed101a01592e3f5 StaticDependenciesID=e1fb7b86c1747d31895dbe1ac12b9131 
Number of updated asset objects reloaded before import = 0
Number of asset objects unloaded after import = 0
========================================================================
Received Import Request.
  Time of request: 2026-10-01T08:15:31.4319175Z
  Time since last request: 0.0002525 seconds.
  importAddress: GUID: 2b54c0ca113574ce495f3b706648b6d0 - Path: Packages/com.unity.render-pipelines.universal/Editor/ShaderGUI/ParticleGUI.cs - Importer: ScriptedImporter/UnityEditor.QuickSearchModule:UnityEditor.Search:ASIAI0B
Importing 'GUID: 2b54c0ca113574ce495f3b706648b6d0 - Path: Packages/com.unity.render-pipelines.universal/Editor/ShaderGUI/ParticleGUI.cs - Importer: ScriptedImporter/UnityEditor.QuickSearchModule:UnityEditor.Search:ASIAI0B' with importer (ScriptedImporter : UnityEditor.QuickSearchModule:UnityEditor.Search:ASIAI0B)
Imported 'GUID: 2b54c0ca113574ce495f3b706648b6d0' -> (Import Result ID: 'e20e250b4a74959ed0c7d8a6b1fcbfd0') in 0.002 seconds [static and dynamic dependencies]. Details - ImportResultOutputID=69082d48d37a90f4654494f1331a405a DependenciesID=49d5182b43f8c8c06ec89011ebf52cdc StaticDependenciesID=d9073aaa2308d509ccd0c01fe11a0158 
Number of updated asset objects reloaded before import = 0
Number of asset objects unloaded after import = 0
========================================================================
Received Import Request.
  Time of request: 2026-10-01T08:15:31.4423185Z
  Time since last request: 0.0004914 seconds.
  importAddress: GUID: de03ee604e709ec44b8356ef5776a893 - Path: Packages/com.unity.render-pipelines.universal/Editor/RendererFeatures/NewPostProcessVolumeComponent.cs.txt - Importer: ScriptedImporter/UnityEditor.QuickSearchModule:UnityEditor.Search:ASIAI0B
Importing 'GUID: de03ee604e709ec44b8356ef5776a893 - Path: Packages/com.unity.render-pipelines.universal/Editor/RendererFeatures/NewPostProcessVolumeComponent.cs.txt - Importer: ScriptedImporter/UnityEditor.QuickSearchModule:UnityEditor.Search:ASIAI0B' with importer (ScriptedImporter : UnityEditor.QuickSearchModule:UnityEditor.Search:ASIAI0B)
Imported 'GUID: de03ee604e709ec44b8356ef5776a893' -> (Import Result ID: 'e19b189afd3a17622bd0cd451be2f396') in 0.002 seconds [static and dynamic dependencies]. Details - ImportResultOutputID=96a03353ee2cb818bf132106acc4de00 DependenciesID=66c665689ff7db343343e9c29c2e8f04 StaticDependenciesID=2ae3b71a6d742301d9e395f2aa018ab9 
Number of updated asset objects reloaded before import = 0
Number of asset objects unloaded after import = 1
========================================================================
Received Import Request.
  Time of request: 2026-10-01T08:15:31.4539908Z
  Time since last request: 0.000289 seconds.
  importAddress: GUID: 3f9cc3f14b0454fa7b997b33a99d539f - Path: Packages/com.unity.render-pipelines.universal/Editor/SceneTemplates/Basic.scenetemplate - Importer: ScriptedImporter/UnityEditor.QuickSearchModule:UnityEditor.Search:ASIAI0B
Importing 'GUID: 3f9cc3f14b0454fa7b997b33a99d539f - Path: Packages/com.unity.render-pipelines.universal/Editor/SceneTemplates/Basic.scenetemplate - Importer: ScriptedImporter/UnityEditor.QuickSearchModule:UnityEditor.Search:ASIAI0B' with importer (ScriptedImporter : UnityEditor.QuickSearchModule:UnityEditor.Search:ASIAI0B)
Imported 'GUID: 3f9cc3f14b0454fa7b997b33a99d539f' -> (Import Result ID: '4d1011cc40b85851fd7c175b2f0cd378') in 0.013 seconds [static and dynamic dependencies]. Details - ImportResultOutputID=98e26c6eff0cbafc81f10f22f198e010 DependenciesID=88ed9b1fe567b74411c17f4fb034de04 StaticDependenciesID=3c84d75912a0a2655db5b38993183963 
Number of updated asset objects reloaded before import = 0
Number of asset objects unloaded after import = 3
========================================================================
Received Import Request.
  Time of request: 2026-10-01T08:15:31.4783063Z
  Time since last request: 0.0003613 seconds.
  importAddress: GUID: 3b77405e9fadb4c408bbf830f615ce99 - Path: Packages/com.unity.render-pipelines.universal/Editor/Terrain/TerrainPassDefine.template.hlsl - Importer: ScriptedImporter/UnityEditor.QuickSearchModule:UnityEditor.Search:ASIAI0B
Importing 'GUID: 3b77405e9fadb4c408bbf830f615ce99 - Path: Packages/com.unity.render-pipelines.universal/Editor/Terrain/TerrainPassDefine.template.hlsl - Importer: ScriptedImporter/UnityEditor.QuickSearchModule:UnityEditor.Search:ASIAI0B' with importer (ScriptedImporter : UnityEditor.QuickSearchModule:UnityEditor.Search:ASIAI0B)
Imported 'GUID: 3b77405e9fadb4c408bbf830f615ce99' -> (Import Result ID: '0425587dc5d5f1ebfcf4528a43612744') in 0.002 seconds [static and dynamic dependencies]. Details - ImportResultOutputID=42fdec4733ee5aebcb97c5bd37d539bb DependenciesID=c4895b6cab9ed73c43ef0c17116d8b56 StaticDependenciesID=93cd60d291218617f8e897be6b160e6e 
Number of updated asset objects reloaded before import = 0
Number of asset objects unloaded after import = 1
========================================================================
Received Import Request.
  Time of request: 2026-10-01T08:15:31.5157411Z
  Time since last request: 0.0258217 seconds.
  importAddress: GUID: 7e13c1c4ebc377d4a9c45f387209add8 - Path: Packages/com.unity.render-pipelines.universal/Runtime/History/SSAOHistory.cs - Importer: ScriptedImporter/UnityEditor.QuickSearchModule:UnityEditor.Search:ASIAI0B
Importing 'GUID: 7e13c1c4ebc377d4a9c45f387209add8 - Path: Packages/com.unity.render-pipelines.universal/Runtime/History/SSAOHistory.cs - Importer: ScriptedImporter/UnityEditor.QuickSearchModule:UnityEditor.Search:ASIAI0B' with importer (ScriptedImporter : UnityEditor.QuickSearchModule:UnityEditor.Search:ASIAI0B)
Imported 'GUID: 7e13c1c4ebc377d4a9c45f387209add8' -> (Import Result ID: '9e43d1080af98db469a857a0f423f01b') in 0.002 seconds [static and dynamic dependencies]. Details - ImportResultOutputID=e11dcaaca156140a4409de2d65ee0f4c DependenciesID=9dd79d87e7e4778e8c9f2d63e2c80fa4 StaticDependenciesID=99c60517ffe98e4f4026ead194afbacc 
Number of updated asset objects reloaded before import = 0
Number of asset objects unloaded after import = 0
========================================================================
Received Import Request.
  Time of request: 2026-10-01T08:15:31.5260332Z
  Time since last request: 0.0006192 seconds.
  importAddress: GUID: 9875a245ac49007498213638a307faa1 - Path: Packages/com.unity.render-pipelines.universal/Runtime/Materials/SpatialMappingWireframe.mat - Importer: ScriptedImporter/UnityEditor.QuickSearchModule:UnityEditor.Search:ASIAI0B
Importing 'GUID: 9875a245ac49007498213638a307faa1 - Path: Packages/com.unity.render-pipelines.universal/Runtime/Materials/SpatialMappingWireframe.mat - Importer: ScriptedImporter/UnityEditor.QuickSearchModule:UnityEditor.Search:ASIAI0B' with importer (ScriptedImporter : UnityEditor.QuickSearchModule:UnityEditor.Search:ASIAI0B)
Imported 'GUID: 9875a245ac49007498213638a307faa1' -> (Import Result ID: '9de269dff9e4cc93d42499e4c83e672d') in 0.002 seconds [static and dynamic dependencies]. Details - ImportResultOutputID=ae9ba4cc73496b47b9bedadfc2af78c7 DependenciesID=ba5eae21f36f02609ed1186c552ffaee StaticDependenciesID=6f96c8ac5573ba4a6087764838731471 
Number of updated asset objects reloaded before import = 0
Number of asset objects unloaded after import = 1
========================================================================
Received Import Request.
  Time of request: 2026-10-01T08:15:31.5370748Z
  Time since last request: 0.0003744 seconds.
  importAddress: GUID: 143650d3fc00425ebbb8b7ac9e5c3f78 - Path: Packages/com.unity.render-pipelines.universal/Runtime/Memory/Fixed2.cs - Importer: ScriptedImporter/UnityEditor.QuickSearchModule:UnityEditor.Search:ASIAI0B
Importing 'GUID: 143650d3fc00425ebbb8b7ac9e5c3f78 - Path: Packages/com.unity.render-pipelines.universal/Runtime/Memory/Fixed2.cs - Importer: ScriptedImporter/UnityEditor.QuickSearchModule:UnityEditor.Search:ASIAI0B' with importer (ScriptedImporter : UnityEditor.QuickSearchModule:UnityEditor.Search:ASIAI0B)
Imported 'GUID: 143650d3fc00425ebbb8b7ac9e5c3f78' -> (Import Result ID: 'f18a9618b0efee60e84a4584688c4690') in 0.001 seconds [static and dynamic dependencies]. Details - ImportResultOutputID=9a3866fdf938e2a5b412b4bdd85a8e22 DependenciesID=777745a77ee28d972f99820d89eb62bd StaticDependenciesID=19987ccc53d4aeeb758435b3a337759e 
Number of updated asset objects reloaded before import = 0
Number of asset objects unloaded after import = 0
========================================================================
Received Import Request.
  Time of request: 2026-10-01T08:15:31.5465491Z
  Time since last request: 0.0005043 seconds.
  importAddress: GUID: 691713c8a2b6fda46a6e558da3e63dd4 - Path: Packages/com.unity.render-pipelines.universal/Runtime/History/DepthHistory.cs - Importer: ScriptedImporter/UnityEditor.QuickSearchModule:UnityEditor.Search:ASIAI0B
Importing 'GUID: 691713c8a2b6fda46a6e558da3e63dd4 - Path: Packages/com.unity.render-pipelines.universal/Runtime/History/DepthHistory.cs - Importer: ScriptedImporter/UnityEditor.QuickSearchModule:UnityEditor.Search:ASIAI0B' with importer (ScriptedImporter : UnityEditor.QuickSearchModule:UnityEditor.Search:ASIAI0B)
Imported 'GUID: 691713c8a2b6fda46a6e558da3e63dd4' -> (Import Result ID: '4b1a3880e95404a76f0abbb798550635') in 0.002 seconds [static and dynamic dependencies]. Details - ImportResultOutputID=c3d2b4c6a0436f30ad6df97b1c78ee8b DependenciesID=bbff3940306c87b9f394d4daae67fe36 StaticDependenciesID=ddb656444ac07054bb1a6cbaccae34e6 
Number of updated asset objects reloaded before import = 0
Number of asset objects unloaded after import = 0
========================================================================
Received Import Request.
  Time of request: 2026-10-01T08:15:31.5576125Z
  Time since last request: 0.0004132 seconds.
  importAddress: GUID: ba6e69114eba6af4585b7b850051b2d9 - Path: Packages/com.unity.render-pipelines.universal/Runtime/Data/UniversalRendererData.asset - Importer: ScriptedImporter/UnityEditor.QuickSearchModule:UnityEditor.Search:ASIAI0B
Importing 'GUID: ba6e69114eba6af4585b7b850051b2d9 - Path: Packages/com.unity.render-pipelines.universal/Runtime/Data/UniversalRendererData.asset - Importer: ScriptedImporter/UnityEditor.QuickSearchModule:UnityEditor.Search:ASIAI0B' with importer (ScriptedImporter : UnityEditor.QuickSearchModule:UnityEditor.Search:ASIAI0B)
Imported 'GUID: ba6e69114eba6af4585b7b850051b2d9' -> (Import Result ID: 'b0a0161e2e0317f64c4c476faf1843c6') in 0.025 seconds [static and dynamic dependencies]. Details - ImportResultOutputID=8318e134097abfa98af2248c3cc70bf4 DependenciesID=2541033b0d3f26a8fd72c2b8da9d54cf StaticDependenciesID=bf88b74ea0cae5d327c430598c2fe19b 
Number of updated asset objects reloaded before import = 0
Number of asset objects unloaded after import = 37
========================================================================
Received Import Request.
  Time of request: 2026-10-01T08:15:31.5925329Z
  Time since last request: 0.0001654 seconds.
  importAddress: GUID: 41439944d30ece34e96484bdb6645b55 - Path: Packages/com.unity.render-pipelines.universal/Runtime/Data/PostProcessData.asset - Importer: ScriptedImporter/UnityEditor.QuickSearchModule:UnityEditor.Search:ASIAI0B
Importing 'GUID: 41439944d30ece34e96484bdb6645b55 - Path: Packages/com.unity.render-pipelines.universal/Runtime/Data/PostProcessData.asset - Importer: ScriptedImporter/UnityEditor.QuickSearchModule:UnityEditor.Search:ASIAI0B' with importer (ScriptedImporter : UnityEditor.QuickSearchModule:UnityEditor.Search:ASIAI0B)
Imported 'GUID: 41439944d30ece34e96484bdb6645b55' -> (Import Result ID: 'c1caa305bbb57af1383d441b96bdfd20') in 0.007 seconds [static and dynamic dependencies]. Details - ImportResultOutputID=256679af53889bc43f8ed8158e9a720f DependenciesID=e8383b54a1f7faf9df1e6f2f8a230a9f StaticDependenciesID=4598d6548bb15fea34913ede7a4aa200 
Number of updated asset objects reloaded before import = 0
Number of asset objects unloaded after import = 35
========================================================================
Received Import Request.
  Time of request: 2026-10-01T08:15:31.619954Z
  Time since last request: 0.0121293 seconds.
  importAddress: GUID: e32e72b6a3f58a24c9033e2b9275eea0 - Path: Packages/com.unity.render-pipelines.universal/Runtime/RendererFeatures/ScreenSpaceShadows.cs - Importer: ScriptedImporter/UnityEditor.QuickSearchModule:UnityEditor.Search:ASIAI0B
Importing 'GUID: e32e72b6a3f58a24c9033e2b9275eea0 - Path: Packages/com.unity.render-pipelines.universal/Runtime/RendererFeatures/ScreenSpaceShadows.cs - Importer: ScriptedImporter/UnityEditor.QuickSearchModule:UnityEditor.Search:ASIAI0B' with importer (ScriptedImporter : UnityEditor.QuickSearchModule:UnityEditor.Search:ASIAI0B)
Imported 'GUID: e32e72b6a3f58a24c9033e2b9275eea0' -> (Import Result ID: '262b76b3c1f32e4463e3ac72001f593f') in 0.003 seconds [static and dynamic dependencies]. Details - ImportResultOutputID=4a90e39d73ad9ac51f09223853d4e3b5 DependenciesID=e70f0d0c5df879beaac33a0cd0601505 StaticDependenciesID=0295f970489888c2f52043825355ca98 
Number of updated asset objects reloaded before import = 0
Number of asset objects unloaded after import = 0
========================================================================
Received Import Request.
  Time of request: 2026-10-01T08:15:31.6315137Z
  Time since last request: 0.0003146 seconds.
  importAddress: GUID: 05024705110544e890cb779ea096d1c3 - Path: Packages/com.unity.render-pipelines.universal/Runtime/RenderPipelineResources/UniversalRenderPipelineFilmGrainResources.cs - Importer: ScriptedImporter/UnityEditor.QuickSearchModule:UnityEditor.Search:ASIAI0B
Importing 'GUID: 05024705110544e890cb779ea096d1c3 - Path: Packages/com.unity.render-pipelines.universal/Runtime/RenderPipelineResources/UniversalRenderPipelineFilmGrainResources.cs - Importer: ScriptedImporter/UnityEditor.QuickSearchModule:UnityEditor.Search:ASIAI0B' with importer (ScriptedImporter : UnityEditor.QuickSearchModule:UnityEditor.Search:ASIAI0B)
Imported 'GUID: 05024705110544e890cb779ea096d1c3' -> (Import Result ID: '9a959eb5be7c3eb624f58d97d2251fc6') in 0.002 seconds [static and dynamic dependencies]. Details - ImportResultOutputID=a7694b8ccb9179148eadc13d74d28562 DependenciesID=39ec9b5dce417c3477c02d4bf7c82a35 StaticDependenciesID=d14672a2eef8c9bad286b2a6514a03b4 
Number of updated asset objects reloaded before import = 0
Number of asset objects unloaded after import = 0
========================================================================
Received Import Request.
  Time of request: 2026-10-01T08:15:31.6413084Z
  Time since last request: 0.0004486 seconds.
  importAddress: GUID: 6b3d386ba5cd94485973aee1479b272e - Path: Packages/com.unity.render-pipelines.universal/Runtime/RendererFeatures/RenderObjects.cs - Importer: ScriptedImporter/UnityEditor.QuickSearchModule:UnityEditor.Search:ASIAI0B
Importing 'GUID: 6b3d386ba5cd94485973aee1479b272e - Path: Packages/com.unity.render-pipelines.universal/Runtime/RendererFeatures/RenderObjects.cs - Importer: ScriptedImporter/UnityEditor.QuickSearchModule:UnityEditor.Search:ASIAI0B' with importer (ScriptedImporter : UnityEditor.QuickSearchModule:UnityEditor.Search:ASIAI0B)
Imported 'GUID: 6b3d386ba5cd94485973aee1479b272e' -> (Import Result ID: '0b008b519337a6da9e73f242c7944c6b') in 0.002 seconds [static and dynamic dependencies]. Details - ImportResultOutputID=9868cb0dce888aea9224082d8f55ccea DependenciesID=144ccebc420a5979447b4b93f91acb18 StaticDependenciesID=e8296dc60a05979c6b1266bc6c24de6d 
Number of updated asset objects reloaded before import = 0
Number of asset objects unloaded after import = 0
========================================================================
Received Import Request.
  Time of request: 2026-10-01T08:15:31.6513004Z
  Time since last request: 0.0003672 seconds.
  importAddress: GUID: dae808f0fde427b45a0db45f2a9e635b - Path: Packages/com.unity.render-pipelines.universal/Runtime/RenderPipelineResources/UniversalRenderPipelineEditorAssets.cs - Importer: ScriptedImporter/UnityEditor.QuickSearchModule:UnityEditor.Search:ASIAI0B
Importing 'GUID: dae808f0fde427b45a0db45f2a9e635b - Path: Packages/com.unity.render-pipelines.universal/Runtime/RenderPipelineResources/UniversalRenderPipelineEditorAssets.cs - Importer: ScriptedImporter/UnityEditor.QuickSearchModule:UnityEditor.Search:ASIAI0B' with importer (ScriptedImporter : UnityEditor.QuickSearchModule:UnityEditor.Search:ASIAI0B)
Imported 'GUID: dae808f0fde427b45a0db45f2a9e635b' -> (Import Result ID: 'aed06ba71b792e8b45e147bbd117a646') in 0.002 seconds [static and dynamic dependencies]. Details - ImportResultOutputID=6b3fdd050d8e2fe4382b40945fa9b14b DependenciesID=4d23b6599e9f427f39c2a585535cd6d0 StaticDependenciesID=670f6b085b4a5ffcfda16773541c0e89 
Number of updated asset objects reloaded before import = 0
Number of asset objects unloaded after import = 0
========================================================================
Received Import Request.
  Time of request: 2026-10-01T08:15:31.6628208Z
  Time since last request: 0.0004186 seconds.
  importAddress: GUID: c01700fd266d6914ababb731e09af2eb - Path: Packages/com.unity.render-pipelines.universal/Runtime/Overrides/DepthOfField.cs - Importer: ScriptedImporter/UnityEditor.QuickSearchModule:UnityEditor.Search:ASIAI0B
Importing 'GUID: c01700fd266d6914ababb731e09af2eb - Path: Packages/com.unity.render-pipelines.universal/Runtime/Overrides/DepthOfField.cs - Importer: ScriptedImporter/UnityEditor.QuickSearchModule:UnityEditor.Search:ASIAI0B' with importer (ScriptedImporter : UnityEditor.QuickSearchModule:UnityEditor.Search:ASIAI0B)
Imported 'GUID: c01700fd266d6914ababb731e09af2eb' -> (Import Result ID: '5670ef1be29629507c08f75ed6f38f6b') in 0.002 seconds [static and dynamic dependencies]. Details - ImportResultOutputID=34e496b4ac675b5e55d997cb7bf0e3c5 DependenciesID=82b8e3629b284775613cf12815433081 StaticDependenciesID=af8d7928842eb06614e522a9dc2f0b2f 
Number of updated asset objects reloaded before import = 0
Number of asset objects unloaded after import = 0
========================================================================
Received Import Request.
  Time of request: 2026-10-01T08:15:31.6722041Z
  Time since last request: 0.0002232 seconds.
  importAddress: GUID: 51015cd4dddd59d4b95f01cf645067bd - Path: Packages/com.unity.render-pipelines.universal/Runtime/Passes/MainLightShadowCasterPass.cs - Importer: ScriptedImporter/UnityEditor.QuickSearchModule:UnityEditor.Search:ASIAI0B
Importing 'GUID: 51015cd4dddd59d4b95f01cf645067bd - Path: Packages/com.unity.render-pipelines.universal/Runtime/Passes/MainLightShadowCasterPass.cs - Importer: ScriptedImporter/UnityEditor.QuickSearchModule:UnityEditor.Search:ASIAI0B' with importer (ScriptedImporter : UnityEditor.QuickSearchModule:UnityEditor.Search:ASIAI0B)
Imported 'GUID: 51015cd4dddd59d4b95f01cf645067bd' -> (Import Result ID: '2cf8e66951c2fb969964d50ad477e9b3') in 0.002 seconds [static and dynamic dependencies]. Details - ImportResultOutputID=70bdeb1409ace2144a7c5001f182a623 DependenciesID=f5ed1313e3c033c8a5f63350ff6394f1 StaticDependenciesID=21e997e32a8568ead31e995bacf3cc05 
Number of updated asset objects reloaded before import = 0
Number of asset objects unloaded after import = 0
========================================================================
Received Import Request.
  Time of request: 2026-10-01T08:15:31.6828731Z
  Time since last request: 0.0003717 seconds.
  importAddress: GUID: faf05873da6e6fb489aa73a76d780c5a - Path: Packages/com.unity.render-pipelines.universal/Runtime/Passes/TransparentSettingsPass.cs - Importer: ScriptedImporter/UnityEditor.QuickSearchModule:UnityEditor.Search:ASIAI0B
Importing 'GUID: faf05873da6e6fb489aa73a76d780c5a - Path: Packages/com.unity.render-pipelines.universal/Runtime/Passes/TransparentSettingsPass.cs - Importer: ScriptedImporter/UnityEditor.QuickSearchModule:UnityEditor.Search:ASIAI0B' with importer (ScriptedImporter : UnityEditor.QuickSearchModule:UnityEditor.Search:ASIAI0B)
Imported 'GUID: faf05873da6e6fb489aa73a76d780c5a' -> (Import Result ID: '1fbc64ab7668d39ff3f137fe6ad4139b') in 0.002 seconds [static and dynamic dependencies]. Details - ImportResultOutputID=5324730268683c0c84f3914fbb9ce228 DependenciesID=8cf7ec007f5314ecf8af4f1fede2f431 StaticDependenciesID=d440209fd521f1de73f2afe300a2fbd3 
Number of updated asset objects reloaded before import = 0
Number of asset objects unloaded after import = 0
========================================================================
Received Import Request.
  Time of request: 2026-10-01T08:15:31.7085574Z
  Time since last request: 0.0157852 seconds.
  importAddress: GUID: 2f5d344954b35bc4faad3771ebd6ccd8 - Path: Packages/com.unity.render-pipelines.universal/Runtime/Settings/URPTerrainShaderSetting.cs - Importer: ScriptedImporter/UnityEditor.QuickSearchModule:UnityEditor.Search:ASIAI0B
Importing 'GUID: 2f5d344954b35bc4faad3771ebd6ccd8 - Path: Packages/com.unity.render-pipelines.universal/Runtime/Settings/URPTerrainShaderSetting.cs - Importer: ScriptedImporter/UnityEditor.QuickSearchModule:UnityEditor.Search:ASIAI0B' with importer (ScriptedImporter : UnityEditor.QuickSearchModule:UnityEditor.Search:ASIAI0B)
Imported 'GUID: 2f5d344954b35bc4faad3771ebd6ccd8' -> (Import Result ID: 'a8434ee9114580a5c50e659984cf69ec') in 0.002 seconds [static and dynamic dependencies]. Details - ImportResultOutputID=003f8b5b44f0c0920f4968c381835ef9 DependenciesID=06b617b7ee9cd7d68795d53aee4b6d72 StaticDependenciesID=5366a4c6d714955bb230c43347d96a25 
Number of updated asset objects reloaded before import = 0
Number of asset objects unloaded after import = 0
========================================================================
Received Import Request.
  Time of request: 2026-10-01T08:15:31.7183826Z
  Time since last request: 0.0004838 seconds.
  importAddress: GUID: 35922f772e2f746e0a76b49701b8c04a - Path: Packages/com.unity.render-pipelines.universal/Runtime/Settings/URPReflectionProbeSettings.cs - Importer: ScriptedImporter/UnityEditor.QuickSearchModule:UnityEditor.Search:ASIAI0B
Importing 'GUID: 35922f772e2f746e0a76b49701b8c04a - Path: Packages/com.unity.render-pipelines.universal/Runtime/Settings/URPReflectionProbeSettings.cs - Importer: ScriptedImporter/UnityEditor.QuickSearchModule:UnityEditor.Search:ASIAI0B' with importer (ScriptedImporter : UnityEditor.QuickSearchModule:UnityEditor.Search:ASIAI0B)
Imported 'GUID: 35922f772e2f746e0a76b49701b8c04a' -> (Import Result ID: '6036c78256eada240cae15ea67111d02') in 0.002 seconds [static and dynamic dependencies]. Details - ImportResultOutputID=40653683aaf3bc5869a6c879dfce9e71 DependenciesID=e27539200ed64d7beb7d0ffdf2a1f673 StaticDependenciesID=9461beea47d73deac9238294bd18639d 
Number of updated asset objects reloaded before import = 0
Number of asset objects unloaded after import = 0
========================================================================
Received Import Request.
  Time of request: 2026-10-01T08:15:31.7290105Z
  Time since last request: 0.0004541 seconds.
  importAddress: GUID: 0e9d5a909a1f7e84882a534d0d11e49f - Path: Packages/com.unity.render-pipelines.universal/Shaders/AutodeskInteractive/AutodeskInteractive.shadergraph - Importer: ScriptedImporter/UnityEditor.QuickSearchModule:UnityEditor.Search:ASIAI0B
Importing 'GUID: 0e9d5a909a1f7e84882a534d0d11e49f - Path: Packages/com.unity.render-pipelines.universal/Shaders/AutodeskInteractive/AutodeskInteractive.shadergraph - Importer: ScriptedImporter/UnityEditor.QuickSearchModule:UnityEditor.Search:ASIAI0B' with importer (ScriptedImporter : UnityEditor.QuickSearchModule:UnityEditor.Search:ASIAI0B)
Imported 'GUID: 0e9d5a909a1f7e84882a534d0d11e49f' -> (Import Result ID: '3a3a4fe3e2d5e706162ee99bb3aec7b7') in 0.007 seconds [static and dynamic dependencies]. Details - ImportResultOutputID=7df09612641327ef94bc92de4a88c37d DependenciesID=3c8c7a7689e38c9d9415b0964cfd5781 StaticDependenciesID=37ffaef3ac80fa7891ce04fd6255b014 
Number of updated asset objects reloaded before import = 0
Number of asset objects unloaded after import = 4
========================================================================
Received Import Request.
  Time of request: 2026-10-01T08:15:31.7452516Z
  Time since last request: 0.0003469 seconds.
  importAddress: GUID: 8ba36b6596e931145bbad992032afb1a - Path: Packages/com.unity.render-pipelines.universal/Shaders/Nature/SpeedTree7BillboardPasses.hlsl - Importer: ScriptedImporter/UnityEditor.QuickSearchModule:UnityEditor.Search:ASIAI0B
Importing 'GUID: 8ba36b6596e931145bbad992032afb1a - Path: Packages/com.unity.render-pipelines.universal/Shaders/Nature/SpeedTree7BillboardPasses.hlsl - Importer: ScriptedImporter/UnityEditor.QuickSearchModule:UnityEditor.Search:ASIAI0B' with importer (ScriptedImporter : UnityEditor.QuickSearchModule:UnityEditor.Search:ASIAI0B)
Imported 'GUID: 8ba36b6596e931145bbad992032afb1a' -> (Import Result ID: 'c7fcf243eb59c16ae967869b053345f8') in 0.003 seconds [static and dynamic dependencies]. Details - ImportResultOutputID=9dd0cc99ed998e28a85a20068e961e9d DependenciesID=3d20f594636b37f89b0492d27b609b10 StaticDependenciesID=215d3768a52a001f2c9382469f675421 
Number of updated asset objects reloaded before import = 0
Number of asset objects unloaded after import = 1
========================================================================
Received Import Request.
  Time of request: 2026-10-01T08:15:31.7587383Z
  Time since last request: 0.0003062 seconds.
  importAddress: GUID: 77774d9009bb81447b048c907d4c6273 - Path: Packages/com.unity.render-pipelines.universal/Shaders/2D/Shadow2D-Unshadow-Geometry.shader - Importer: ScriptedImporter/UnityEditor.QuickSearchModule:UnityEditor.Search:ASIAI0B
Importing 'GUID: 77774d9009bb81447b048c907d4c6273 - Path: Packages/com.unity.render-pipelines.universal/Shaders/2D/Shadow2D-Unshadow-Geometry.shader - Importer: ScriptedImporter/UnityEditor.QuickSearchModule:UnityEditor.Search:ASIAI0B' with importer (ScriptedImporter : UnityEditor.QuickSearchModule:UnityEditor.Search:ASIAI0B)
Imported 'GUID: 77774d9009bb81447b048c907d4c6273' -> (Import Result ID: '58f1e0c816b1258d4bbda8e3766893da') in 0.003 seconds [static and dynamic dependencies]. Details - ImportResultOutputID=cb993eb036c2f7c5d576d234b34b2151 DependenciesID=85778a5d8b1e9c8cac5e4239b160066f StaticDependenciesID=2f4fc025401a9ae66c87582869ccbe8b 
Number of updated asset objects reloaded before import = 0
Number of asset objects unloaded after import = 1
========================================================================
Received Import Request.
  Time of request: 2026-10-01T08:15:31.7716477Z
  Time since last request: 0.0003665 seconds.
  importAddress: GUID: 448811f26ae38ae4cbb2edb0d2b9186c - Path: Packages/com.unity.render-pipelines.universal/ShaderLibrary/Debug/DebugViewEnums.cs.hlsl - Importer: ScriptedImporter/UnityEditor.QuickSearchModule:UnityEditor.Search:ASIAI0B
Importing 'GUID: 448811f26ae38ae4cbb2edb0d2b9186c - Path: Packages/com.unity.render-pipelines.universal/ShaderLibrary/Debug/DebugViewEnums.cs.hlsl - Importer: ScriptedImporter/UnityEditor.QuickSearchModule:UnityEditor.Search:ASIAI0B' with importer (ScriptedImporter : UnityEditor.QuickSearchModule:UnityEditor.Search:ASIAI0B)
Imported 'GUID: 448811f26ae38ae4cbb2edb0d2b9186c' -> (Import Result ID: '242b7a0b657b40a47d502f4690e6529b') in 0.002 seconds [static and dynamic dependencies]. Details - ImportResultOutputID=2ba3787667881918cedf7ddc6a97903e DependenciesID=769a5afff49d8e008039c101d1043c28 StaticDependenciesID=a54a73a3899528c823ae8405605bb042 
Number of updated asset objects reloaded before import = 0
Number of asset objects unloaded after import = 1
========================================================================
Received Import Request.
  Time of request: 2026-10-01T08:15:31.7821242Z
  Time since last request: 0.0002993 seconds.
  importAddress: GUID: 4203f0a40f114a18a614d8fa38c29be9 - Path: Packages/com.unity.render-pipelines.universal/ShaderLibrary/Debug/DebuggingFullscreen.hlsl - Importer: ScriptedImporter/UnityEditor.QuickSearchModule:UnityEditor.Search:ASIAI0B
Importing 'GUID: 4203f0a40f114a18a614d8fa38c29be9 - Path: Packages/com.unity.render-pipelines.universal/ShaderLibrary/Debug/DebuggingFullscreen.hlsl - Importer: ScriptedImporter/UnityEditor.QuickSearchModule:UnityEditor.Search:ASIAI0B' with importer (ScriptedImporter : UnityEditor.QuickSearchModule:UnityEditor.Search:ASIAI0B)
Imported 'GUID: 4203f0a40f114a18a614d8fa38c29be9' -> (Import Result ID: '3c34ab387d408e0cf54e1a181ff6b0bf') in 0.002 seconds [static and dynamic dependencies]. Details - ImportResultOutputID=7eb9d5b501fd17274ae5b325052ce516 DependenciesID=24443f669022bee0eb9ea519bfafbdf4 StaticDependenciesID=56c710113d95ff031d3a63d27651ece1 
Number of updated asset objects reloaded before import = 0
Number of asset objects unloaded after import = 1
========================================================================
Received Import Request.
  Time of request: 2026-10-01T08:15:31.8144452Z
  Time since last request: 0.023021 seconds.
  importAddress: GUID: 1edcd131364091c46a17cbff0b1de97a - Path: Packages/com.unity.render-pipelines.universal/Shaders/PostProcessing/CameraMotionBlur.shader - Importer: ScriptedImporter/UnityEditor.QuickSearchModule:UnityEditor.Search:ASIAI0B
Importing 'GUID: 1edcd131364091c46a17cbff0b1de97a - Path: Packages/com.unity.render-pipelines.universal/Shaders/PostProcessing/CameraMotionBlur.shader - Importer: ScriptedImporter/UnityEditor.QuickSearchModule:UnityEditor.Search:ASIAI0B' with importer (ScriptedImporter : UnityEditor.QuickSearchModule:UnityEditor.Search:ASIAI0B)
Imported 'GUID: 1edcd131364091c46a17cbff0b1de97a' -> (Import Result ID: '8a1bdf15d8315a0d40ed7e8e677cdee5') in 0.002 seconds [static and dynamic dependencies]. Details - ImportResultOutputID=2a9185f6b4b8e0ed3784e4f5787f3a9e DependenciesID=4e2857dec93bef2e3f18c2c520af1e9d StaticDependenciesID=bf2f99716b8924796a22c13f9a14cc12 
Number of updated asset objects reloaded before import = 0
Number of asset objects unloaded after import = 1
========================================================================
Received Import Request.
  Time of request: 2026-10-01T08:15:31.8269808Z
  Time since last request: 0.0006151 seconds.
  importAddress: GUID: 9c70c1a35ff15f340b38ea84842358bf - Path: Packages/com.unity.render-pipelines.universal/Shaders/PostProcessing/TemporalAA.shader - Importer: ScriptedImporter/UnityEditor.QuickSearchModule:UnityEditor.Search:ASIAI0B
Importing 'GUID: 9c70c1a35ff15f340b38ea84842358bf - Path: Packages/com.unity.render-pipelines.universal/Shaders/PostProcessing/TemporalAA.shader - Importer: ScriptedImporter/UnityEditor.QuickSearchModule:UnityEditor.Search:ASIAI0B' with importer (ScriptedImporter : UnityEditor.QuickSearchModule:UnityEditor.Search:ASIAI0B)
Imported 'GUID: 9c70c1a35ff15f340b38ea84842358bf' -> (Import Result ID: '8034da0b99e6bbb9f59e7b478a885cc1') in 0.002 seconds [static and dynamic dependencies]. Details - ImportResultOutputID=cad7f0ccab7a0cdd326ecb88fd2f2fa3 DependenciesID=11a5d9eb8401eacdc38d67dd463481d4 StaticDependenciesID=cb7c73c4b5c286d90dde90008efeb24c 
Number of updated asset objects reloaded before import = 0
Number of asset objects unloaded after import = 1
========================================================================
Received Import Request.
  Time of request: 2026-10-01T08:15:31.8374709Z
  Time since last request: 0.0003877 seconds.
  importAddress: GUID: ca55f7593a02f4c1ab1bdbc03282d7af - Path: Packages/com.unity.render-pipelines.universal/Shaders/Terrain/WavingGrassInput.hlsl - Importer: ScriptedImporter/UnityEditor.QuickSearchModule:UnityEditor.Search:ASIAI0B
Importing 'GUID: ca55f7593a02f4c1ab1bdbc03282d7af - Path: Packages/com.unity.render-pipelines.universal/Shaders/Terrain/WavingGrassInput.hlsl - Importer: ScriptedImporter/UnityEditor.QuickSearchModule:UnityEditor.Search:ASIAI0B' with importer (ScriptedImporter : UnityEditor.QuickSearchModule:UnityEditor.Search:ASIAI0B)
Imported 'GUID: ca55f7593a02f4c1ab1bdbc03282d7af' -> (Import Result ID: '36511127adc6955ccbd33725b9cc994e') in 0.002 seconds [static and dynamic dependencies]. Details - ImportResultOutputID=7071df58193bad046e052ec9d677b694 DependenciesID=4ded87e0b759cd82bddb3c0f0dbc3a5c StaticDependenciesID=c443b6dd772b38fa66d48217aa4b161b 
Number of updated asset objects reloaded before import = 0
Number of asset objects unloaded after import = 1
========================================================================
Received Import Request.
  Time of request: 2026-10-01T08:15:31.8480292Z
  Time since last request: 0.0003577 seconds.
  importAddress: GUID: 21322c8b137c66e49b86085d3c8161f6 - Path: Packages/com.unity.render-pipelines.universal/Shaders/Terrain/TerrainLitBase.shader - Importer: ScriptedImporter/UnityEditor.QuickSearchModule:UnityEditor.Search:ASIAI0B
Importing 'GUID: 21322c8b137c66e49b86085d3c8161f6 - Path: Packages/com.unity.render-pipelines.universal/Shaders/Terrain/TerrainLitBase.shader - Importer: ScriptedImporter/UnityEditor.QuickSearchModule:UnityEditor.Search:ASIAI0B' with importer (ScriptedImporter : UnityEditor.QuickSearchModule:UnityEditor.Search:ASIAI0B)
Imported 'GUID: 21322c8b137c66e49b86085d3c8161f6' -> (Import Result ID: '7a230a76f3cd49ac88f28fa660ce0f07') in 0.004 seconds [static and dynamic dependencies]. Details - ImportResultOutputID=1b285faaa9ac35df4f4f2b63914c67b2 DependenciesID=c503fe146bb0ec6cf0cafdab400d3e4d StaticDependenciesID=32c851246c7783cf83b68e3be817045a 
Number of updated asset objects reloaded before import = 0
Number of asset objects unloaded after import = 2
========================================================================
Received Import Request.
  Time of request: 2026-10-01T08:15:31.8609581Z
  Time since last request: 0.0003169 seconds.
  importAddress: GUID: 222cce62363a44a380c36bf03b392608 - Path: Packages/com.unity.render-pipelines.universal/Shaders/Utils/ClusterDeferred.shader - Importer: ScriptedImporter/UnityEditor.QuickSearchModule:UnityEditor.Search:ASIAI0B
Importing 'GUID: 222cce62363a44a380c36bf03b392608 - Path: Packages/com.unity.render-pipelines.universal/Shaders/Utils/ClusterDeferred.shader - Importer: ScriptedImporter/UnityEditor.QuickSearchModule:UnityEditor.Search:ASIAI0B' with importer (ScriptedImporter : UnityEditor.QuickSearchModule:UnityEditor.Search:ASIAI0B)
Imported 'GUID: 222cce62363a44a380c36bf03b392608' -> (Import Result ID: '6743f26ae7881752ef6a32f10a8e3e8d') in 0.002 seconds [static and dynamic dependencies]. Details - ImportResultOutputID=511a3644133200bffb8f0cc6a2dfe25a DependenciesID=dd85f0affae49163a28ee9028d5bc794 StaticDependenciesID=ad735318c2371acf5e256461c17951d5 
Number of updated asset objects reloaded before import = 0
Number of asset objects unloaded after import = 1
========================================================================
Received Import Request.
  Time of request: 2026-10-01T08:15:31.8735743Z
  Time since last request: 0.0002493 seconds.
  importAddress: GUID: 8516d7a69675844a7a0b7095af7c46af - Path: Packages/com.unity.render-pipelines.universal/Shaders/Particles/ParticlesSimpleLit.shader - Importer: ScriptedImporter/UnityEditor.QuickSearchModule:UnityEditor.Search:ASIAI0B
Importing 'GUID: 8516d7a69675844a7a0b7095af7c46af - Path: Packages/com.unity.render-pipelines.universal/Shaders/Particles/ParticlesSimpleLit.shader - Importer: ScriptedImporter/UnityEditor.QuickSearchModule:UnityEditor.Search:ASIAI0B' with importer (ScriptedImporter : UnityEditor.QuickSearchModule:UnityEditor.Search:ASIAI0B)
Imported 'GUID: 8516d7a69675844a7a0b7095af7c46af' -> (Import Result ID: 'a16a2b1e5fcf06d2d5f9e00a3ecd19fd') in 0.002 seconds [static and dynamic dependencies]. Details - ImportResultOutputID=e1f882f847703dc68a41e6c3ef8e6aa1 DependenciesID=b85b72da216e04754ec01e1e9b002f2e StaticDependenciesID=0f614c52688cc807c0caa945117ea97a 
Number of updated asset objects reloaded before import = 0
Number of asset objects unloaded after import = 1
========================================================================
Received Import Request.
  Time of request: 2026-10-01T08:15:31.8839594Z
  Time since last request: 0.0002664 seconds.
  importAddress: GUID: 01fa3f8c89aa44160b9a735fc22362d0 - Path: Packages/com.unity.render-pipelines.universal/Shaders/Particles/ParticlesSimpleLitInput.hlsl - Importer: ScriptedImporter/UnityEditor.QuickSearchModule:UnityEditor.Search:ASIAI0B
Importing 'GUID: 01fa3f8c89aa44160b9a735fc22362d0 - Path: Packages/com.unity.render-pipelines.universal/Shaders/Particles/ParticlesSimpleLitInput.hlsl - Importer: ScriptedImporter/UnityEditor.QuickSearchModule:UnityEditor.Search:ASIAI0B' with importer (ScriptedImporter : UnityEditor.QuickSearchModule:UnityEditor.Search:ASIAI0B)
Imported 'GUID: 01fa3f8c89aa44160b9a735fc22362d0' -> (Import Result ID: '441e7e5e2facf7d267ee1ea0a7a6bdb3') in 0.001 seconds [static and dynamic dependencies]. Details - ImportResultOutputID=1cb6ca248faa26a19d223e164e06bfa9 DependenciesID=9f609ff53297e07fb4eb305f05827c57 StaticDependenciesID=26d44d105da564d2ded6fdbf8d452e86 
Number of updated asset objects reloaded before import = 0
Number of asset objects unloaded after import = 1
========================================================================
Received Import Request.
  Time of request: 2026-10-01T08:15:31.9179979Z
  Time since last request: 0.0216333 seconds.
  importAddress: GUID: fe1a138aa19e2e64d963c084b4006b0e - Path: Packages/com.unity.render-pipelines.universal/Tests/Editor/ShaderBuildPreprocessorTests.cs - Importer: ScriptedImporter/UnityEditor.QuickSearchModule:UnityEditor.Search:ASIAI0B
Importing 'GUID: fe1a138aa19e2e64d963c084b4006b0e - Path: Packages/com.unity.render-pipelines.universal/Tests/Editor/ShaderBuildPreprocessorTests.cs - Importer: ScriptedImporter/UnityEditor.QuickSearchModule:UnityEditor.Search:ASIAI0B' with importer (ScriptedImporter : UnityEditor.QuickSearchModule:UnityEditor.Search:ASIAI0B)
Imported 'GUID: fe1a138aa19e2e64d963c084b4006b0e' -> (Import Result ID: '1b9bc32bf77a962b2af3451aaf9c0da0') in 0.002 seconds [static and dynamic dependencies]. Details - ImportResultOutputID=31f577180f433f27bda8fb1546e0442a DependenciesID=00883febc6fd3fba34d3be082e59e592 StaticDependenciesID=ac7a449cef67a74b3da59f7eb73af31f 
Number of updated asset objects reloaded before import = 0
Number of asset objects unloaded after import = 0
========================================================================
Received Import Request.
  Time of request: 2026-10-01T08:15:31.9277164Z
  Time since last request: 0.0002977 seconds.
  importAddress: GUID: 0209e47ee7283cd42b965a3264075610 - Path: Packages/com.unity.render-pipelines.universal/Tests/Editor/NoLeaksOnEnterLeavePlaymode.cs - Importer: ScriptedImporter/UnityEditor.QuickSearchModule:UnityEditor.Search:ASIAI0B
Importing 'GUID: 0209e47ee7283cd42b965a3264075610 - Path: Packages/com.unity.render-pipelines.universal/Tests/Editor/NoLeaksOnEnterLeavePlaymode.cs - Importer: ScriptedImporter/UnityEditor.QuickSearchModule:UnityEditor.Search:ASIAI0B' with importer (ScriptedImporter : UnityEditor.QuickSearchModule:UnityEditor.Search:ASIAI0B)
Imported 'GUID: 0209e47ee7283cd42b965a3264075610' -> (Import Result ID: 'd57473c2da297acf0304219b8dcd29d6') in 0.002 seconds [static and dynamic dependencies]. Details - ImportResultOutputID=e23238dea9b61d586a329c5672908b98 DependenciesID=4f5512be3ccce4bcfcf40d473388138b StaticDependenciesID=a9012901e5711b27c29ae97e6a119498 
Number of updated asset objects reloaded before import = 0
Number of asset objects unloaded after import = 0
========================================================================
Received Import Request.
  Time of request: 2026-10-01T08:15:31.9381863Z
  Time since last request: 0.0001721 seconds.
  importAddress: GUID: 3d17dfbc1c864f5b993c279862bf9a0f - Path: Packages/com.unity.render-pipelines.universal/Shaders/Utils/SurfaceType.hlsl - Importer: ScriptedImporter/UnityEditor.QuickSearchModule:UnityEditor.Search:ASIAI0B
Importing 'GUID: 3d17dfbc1c864f5b993c279862bf9a0f - Path: Packages/com.unity.render-pipelines.universal/Shaders/Utils/SurfaceType.hlsl - Importer: ScriptedImporter/UnityEditor.QuickSearchModule:UnityEditor.Search:ASIAI0B' with importer (ScriptedImporter : UnityEditor.QuickSearchModule:UnityEditor.Search:ASIAI0B)
Imported 'GUID: 3d17dfbc1c864f5b993c279862bf9a0f' -> (Import Result ID: '27897dcc6a4bee1c00d5d39cd3ce83f6') in 0.001 seconds [static and dynamic dependencies]. Details - ImportResultOutputID=ff11f645d7eb7b08f40cebcd339d7eae DependenciesID=625f3fee81a3fa94a19585fc0513974d StaticDependenciesID=79400381f6173125ed1d7a2685976f5c 
Number of updated asset objects reloaded before import = 0
Number of asset objects unloaded after import = 1
========================================================================
Received Import Request.
  Time of request: 2026-10-01T08:15:31.9481895Z
  Time since last request: 0.0002715 seconds.
  importAddress: GUID: cc9a0e128afcfe74d965b5c34ce187a2 - Path: Packages/com.unity.render-pipelines.universal/Tests/Editor/ScriptableRendererDataEditorTests.cs - Importer: ScriptedImporter/UnityEditor.QuickSearchModule:UnityEditor.Search:ASIAI0B
Importing 'GUID: cc9a0e128afcfe74d965b5c34ce187a2 - Path: Packages/com.unity.render-pipelines.universal/Tests/Editor/ScriptableRendererDataEditorTests.cs - Importer: ScriptedImporter/UnityEditor.QuickSearchModule:UnityEditor.Search:ASIAI0B' with importer (ScriptedImporter : UnityEditor.QuickSearchModule:UnityEditor.Search:ASIAI0B)
Imported 'GUID: cc9a0e128afcfe74d965b5c34ce187a2' -> (Import Result ID: '44912154722e15a141a2288c8705d37a') in 0.002 seconds [static and dynamic dependencies]. Details - ImportResultOutputID=f6259edd17b8687015aab546cbeef5e1 DependenciesID=9334f40c76d2e6d32faba16dd11c50fd StaticDependenciesID=6454634d0a7a7b278c3f761acf003a9d 
Number of updated asset objects reloaded before import = 0
Number of asset objects unloaded after import = 0
========================================================================
Received Import Request.
  Time of request: 2026-10-01T08:15:31.9595599Z
  Time since last request: 0.0003809 seconds.
  importAddress: GUID: bd9e8c758250ef449a4b4bfaad7a2133 - Path: Packages/com.unity.render-pipelines.universal/Textures/FilmGrain/Medium04.png - Importer: ScriptedImporter/UnityEditor.QuickSearchModule:UnityEditor.Search:ASIAI0B
Importing 'GUID: bd9e8c758250ef449a4b4bfaad7a2133 - Path: Packages/com.unity.render-pipelines.universal/Textures/FilmGrain/Medium04.png - Importer: ScriptedImporter/UnityEditor.QuickSearchModule:UnityEditor.Search:ASIAI0B' with importer (ScriptedImporter : UnityEditor.QuickSearchModule:UnityEditor.Search:ASIAI0B)
Imported 'GUID: bd9e8c758250ef449a4b4bfaad7a2133' -> (Import Result ID: '6a9aa449004fb6b546c7f0b29a9da114') in 0.005 seconds [static and dynamic dependencies]. Details - ImportResultOutputID=97c1f5f1a054fe8f70576dbf6479e293 DependenciesID=1e0167b44a2dd012d05d910045d915f1 StaticDependenciesID=7876c0050391811f9a5e3850e9998224 
Number of updated asset objects reloaded before import = 0
Number of asset objects unloaded after import = 1
========================================================================
Received Import Request.
  Time of request: 2026-10-01T08:15:31.9738315Z
  Time since last request: 0.0002668 seconds.
  importAddress: GUID: 1097e90e1306e26439701489f391a6c0 - Path: Packages/com.unity.render-pipelines.universal/Textures/FilmGrain/Medium01.png - Importer: ScriptedImporter/UnityEditor.QuickSearchModule:UnityEditor.Search:ASIAI0B
Importing 'GUID: 1097e90e1306e26439701489f391a6c0 - Path: Packages/com.unity.render-pipelines.universal/Textures/FilmGrain/Medium01.png - Importer: ScriptedImporter/UnityEditor.QuickSearchModule:UnityEditor.Search:ASIAI0B' with importer (ScriptedImporter : UnityEditor.QuickSearchModule:UnityEditor.Search:ASIAI0B)
Imported 'GUID: 1097e90e1306e26439701489f391a6c0' -> (Import Result ID: 'f69af80c6aef9d0580722490d41e594b') in 0.004 seconds [static and dynamic dependencies]. Details - ImportResultOutputID=0eeb5025c28c0371c0e0b8cdbcc5bd05 DependenciesID=8b42a73e145f5a897c8e1130e6264a41 StaticDependenciesID=3afa079025c2972385051cf7945f9dfb 
Number of updated asset objects reloaded before import = 0
Number of asset objects unloaded after import = 1
========================================================================
Received Import Request.
  Time of request: 2026-10-01T08:15:31.9881268Z
  Time since last request: 0.0002589 seconds.
  importAddress: GUID: ded32ce19f1afce42a36cb8e415e3aca - Path: Packages/com.unity.render-pipelines.universal/Shaders/XR/XRVisibilityMeshHelper.hlsl - Importer: ScriptedImporter/UnityEditor.QuickSearchModule:UnityEditor.Search:ASIAI0B
Importing 'GUID: ded32ce19f1afce42a36cb8e415e3aca - Path: Packages/com.unity.render-pipelines.universal/Shaders/XR/XRVisibilityMeshHelper.hlsl - Importer: ScriptedImporter/UnityEditor.QuickSearchModule:UnityEditor.Search:ASIAI0B' with importer (ScriptedImporter : UnityEditor.QuickSearchModule:UnityEditor.Search:ASIAI0B)
Imported 'GUID: ded32ce19f1afce42a36cb8e415e3aca' -> (Import Result ID: '3a2cbb21b9346a4c36233e927000ec0a') in 0.002 seconds [static and dynamic dependencies]. Details - ImportResultOutputID=f625cec27f2ca09afb7793c86736bef5 DependenciesID=740cdf0da63dc7922f6070c609bee3e9 StaticDependenciesID=0ad0a5d094b2c2396781b7763fba35c4 
Number of updated asset objects reloaded before import = 0
Number of asset objects unloaded after import = 1
========================================================================
Received Import Request.
  Time of request: 2026-10-01T08:15:32.0003259Z
  Time since last request: 0.0005628 seconds.
  importAddress: GUID: e8d6afcb728d4974abc7ecfec3d77a6d - Path: Packages/com.unity.render-pipelines.universal/Tests/Runtime/DecalTests.cs - Importer: ScriptedImporter/UnityEditor.QuickSearchModule:UnityEditor.Search:ASIAI0B
Importing 'GUID: e8d6afcb728d4974abc7ecfec3d77a6d - Path: Packages/com.unity.render-pipelines.universal/Tests/Runtime/DecalTests.cs - Importer: ScriptedImporter/UnityEditor.QuickSearchModule:UnityEditor.Search:ASIAI0B' with importer (ScriptedImporter : UnityEditor.QuickSearchModule:UnityEditor.Search:ASIAI0B)
Imported 'GUID: e8d6afcb728d4974abc7ecfec3d77a6d' -> (Import Result ID: 'e22da8e1599bf3b767194a7ebc867c3b') in 0.002 seconds [static and dynamic dependencies]. Details - ImportResultOutputID=a42c03881ed4cea0c9626eaefb1a77f8 DependenciesID=a68149f9449bdf101ee317989085226f StaticDependenciesID=210322164633fbb48ca6d6fc1e65b50d 
Number of updated asset objects reloaded before import = 0
Number of asset objects unloaded after import = 0
========================================================================
Received Import Request.
  Time of request: 2026-10-01T08:15:32.0220983Z
  Time since last request: 0.0110799 seconds.
  importAddress: GUID: 1d36ece7a1d4eb0419c94e297e96b601 - Path: Packages/com.unity.render-pipelines.universal/Editor/2D/Shadows/ShadowCaster2DAssetPipeline.cs - Importer: ScriptedImporter/UnityEditor.QuickSearchModule:UnityEditor.Search:ASIAI0B
Importing 'GUID: 1d36ece7a1d4eb0419c94e297e96b601 - Path: Packages/com.unity.render-pipelines.universal/Editor/2D/Shadows/ShadowCaster2DAssetPipeline.cs - Importer: ScriptedImporter/UnityEditor.QuickSearchModule:UnityEditor.Search:ASIAI0B' with importer (ScriptedImporter : UnityEditor.QuickSearchModule:UnityEditor.Search:ASIAI0B)
Imported 'GUID: 1d36ece7a1d4eb0419c94e297e96b601' -> (Import Result ID: 'df630adc2a072e1c718ec400f5b823c1') in 0.002 seconds [static and dynamic dependencies]. Details - ImportResultOutputID=5ce466e165bc6dad7978edf75fe6038e DependenciesID=aad590bc5f45ccc17205c424293b998e StaticDependenciesID=4367b8f1a5d2a3f856753170c1b10886 
Number of updated asset objects reloaded before import = 0
Number of asset objects unloaded after import = 0
========================================================================
Received Import Request.
  Time of request: 2026-10-01T08:15:32.0329503Z
  Time since last request: 0.0003096 seconds.
  importAddress: GUID: 02232385c7b444348987d74db8dd7b2e - Path: Packages/com.unity.render-pipelines.universal/Editor/2D/Resources/LightCapDown.png - Importer: ScriptedImporter/UnityEditor.QuickSearchModule:UnityEditor.Search:ASIAI0B
Importing 'GUID: 02232385c7b444348987d74db8dd7b2e - Path: Packages/com.unity.render-pipelines.universal/Editor/2D/Resources/LightCapDown.png - Importer: ScriptedImporter/UnityEditor.QuickSearchModule:UnityEditor.Search:ASIAI0B' with importer (ScriptedImporter : UnityEditor.QuickSearchModule:UnityEditor.Search:ASIAI0B)
Imported 'GUID: 02232385c7b444348987d74db8dd7b2e' -> (Import Result ID: 'c119fe97516a2c374deda7ef09a286f6') in 0.004 seconds [static and dynamic dependencies]. Details - ImportResultOutputID=3f15eb9ce80709bb03a2b993e17daf64 DependenciesID=673091ffd9b1174a3587a7c3b2a13939 StaticDependenciesID=5658c7bb558950e6b804d436f3b827b9 
Number of updated asset objects reloaded before import = 0
Number of asset objects unloaded after import = 1
========================================================================
Received Import Request.
  Time of request: 2026-10-01T08:15:32.0454751Z
  Time since last request: 0.0002451 seconds.
  importAddress: GUID: 9817045c94734249994442584f0cd86c - Path: Packages/com.unity.render-pipelines.universal/Editor/BuildProcessors/GraphicsSettingsStrippers/FilmGrainResourcesStripper.cs - Importer: ScriptedImporter/UnityEditor.QuickSearchModule:UnityEditor.Search:ASIAI0B
Importing 'GUID: 9817045c94734249994442584f0cd86c - Path: Packages/com.unity.render-pipelines.universal/Editor/BuildProcessors/GraphicsSettingsStrippers/FilmGrainResourcesStripper.cs - Importer: ScriptedImporter/UnityEditor.QuickSearchModule:UnityEditor.Search:ASIAI0B' with importer (ScriptedImporter : UnityEditor.QuickSearchModule:UnityEditor.Search:ASIAI0B)
Imported 'GUID: 9817045c94734249994442584f0cd86c' -> (Import Result ID: '617465f12ba3b52c46a16fd707fc2926') in 0.003 seconds [static and dynamic dependencies]. Details - ImportResultOutputID=9d8b8f6747589ec4cb78225e66ea875b DependenciesID=ba0ab4f9aff91a31e3d6834b681e6640 StaticDependenciesID=3db15a973220fc3fc4d4b42eaeffb824 
Number of updated asset objects reloaded before import = 0
Number of asset objects unloaded after import = 0
========================================================================
Received Import Request.
  Time of request: 2026-10-01T08:15:32.0564476Z
  Time since last request: 0.0002998 seconds.
  importAddress: GUID: fb7e2c1cde476854fb7067dcca74511a - Path: Packages/com.unity.render-pipelines.universal/Editor/2D/Resources/LightCapBottomLeft.png - Importer: ScriptedImporter/UnityEditor.QuickSearchModule:UnityEditor.Search:ASIAI0B
Importing 'GUID: fb7e2c1cde476854fb7067dcca74511a - Path: Packages/com.unity.render-pipelines.universal/Editor/2D/Resources/LightCapBottomLeft.png - Importer: ScriptedImporter/UnityEditor.QuickSearchModule:UnityEditor.Search:ASIAI0B' with importer (ScriptedImporter : UnityEditor.QuickSearchModule:UnityEditor.Search:ASIAI0B)
Imported 'GUID: fb7e2c1cde476854fb7067dcca74511a' -> (Import Result ID: 'bb5e779897ed4d8bf8bf8f81ff752b75') in 0.005 seconds [static and dynamic dependencies]. Details - ImportResultOutputID=44cd78b692eb15c0485fa8b07b6aaa45 DependenciesID=e73f22177ef455a3e3318a7c1cc370b0 StaticDependenciesID=428cf216b08e8c7ad17f4d3e0d5259cb 
Number of updated asset objects reloaded before import = 0
Number of asset objects unloaded after import = 1
========================================================================
Received Import Request.
  Time of request: 2026-10-01T08:15:32.0695392Z
  Time since last request: 0.0003149 seconds.
  importAddress: GUID: 5e9976b2da5c9bf42b66c3cc55397aae - Path: Packages/com.unity.render-pipelines.universal/Editor/BuildProcessors/GraphicsSettingsStrippers/OnTilePostProcessStripper.cs - Importer: ScriptedImporter/UnityEditor.QuickSearchModule:UnityEditor.Search:ASIAI0B
Importing 'GUID: 5e9976b2da5c9bf42b66c3cc55397aae - Path: Packages/com.unity.render-pipelines.universal/Editor/BuildProcessors/GraphicsSettingsStrippers/OnTilePostProcessStripper.cs - Importer: ScriptedImporter/UnityEditor.QuickSearchModule:UnityEditor.Search:ASIAI0B' with importer (ScriptedImporter : UnityEditor.QuickSearchModule:UnityEditor.Search:ASIAI0B)
Imported 'GUID: 5e9976b2da5c9bf42b66c3cc55397aae' -> (Import Result ID: '439403a3b62ad9758597814d7ce6d475') in 0.002 seconds [static and dynamic dependencies]. Details - ImportResultOutputID=d34bb84983292598314fe9626c57fd6f DependenciesID=75f5a006f7d459c2505f5f1f5b99dcb5 StaticDependenciesID=582efbdfb76f8144bd1807397661bed6 
Number of updated asset objects reloaded before import = 0
Number of asset objects unloaded after import = 0
========================================================================
Received Import Request.
  Time of request: 2026-10-01T08:15:32.0796995Z
  Time since last request: 0.0004647 seconds.
  importAddress: GUID: f37e8c744d93e4d4e9f308b6847febef - Path: Packages/com.unity.render-pipelines.universal/Editor/Settings/PropertyDrawers/URPRuntimeTerrainShadersPropertyDrawer.cs - Importer: ScriptedImporter/UnityEditor.QuickSearchModule:UnityEditor.Search:ASIAI0B
Importing 'GUID: f37e8c744d93e4d4e9f308b6847febef - Path: Packages/com.unity.render-pipelines.universal/Editor/Settings/PropertyDrawers/URPRuntimeTerrainShadersPropertyDrawer.cs - Importer: ScriptedImporter/UnityEditor.QuickSearchModule:UnityEditor.Search:ASIAI0B' with importer (ScriptedImporter : UnityEditor.QuickSearchModule:UnityEditor.Search:ASIAI0B)
Imported 'GUID: f37e8c744d93e4d4e9f308b6847febef' -> (Import Result ID: 'ddcc3a1e029d24a2bdef5fe2a6b88d3b') in 0.002 seconds [static and dynamic dependencies]. Details - ImportResultOutputID=ed01b9a426cf197c920a1f2d3f98b1d5 DependenciesID=016e781c1d1818bd43f85960ba56f3b7 StaticDependenciesID=9d1b22069c35b0e62eeeb6ec6a85ccdd 
Number of updated asset objects reloaded before import = 0
Number of asset objects unloaded after import = 0
========================================================================
Received Import Request.
  Time of request: 2026-10-01T08:15:32.0915506Z
  Time since last request: 0.0005496 seconds.
  importAddress: GUID: bbf92febd37eec24fa8da21f59ace918 - Path: Packages/com.unity.render-pipelines.universal/Editor/SceneTemplates/Standard/LightingData.asset - Importer: ScriptedImporter/UnityEditor.QuickSearchModule:UnityEditor.Search:ASIAI0B
Importing 'GUID: bbf92febd37eec24fa8da21f59ace918 - Path: Packages/com.unity.render-pipelines.universal/Editor/SceneTemplates/Standard/LightingData.asset - Importer: ScriptedImporter/UnityEditor.QuickSearchModule:UnityEditor.Search:ASIAI0B' with importer (ScriptedImporter : UnityEditor.QuickSearchModule:UnityEditor.Search:ASIAI0B)
Imported 'GUID: bbf92febd37eec24fa8da21f59ace918' -> (Import Result ID: '34090a734cacd442ec9af3041100b78d') in 0.002 seconds [static and dynamic dependencies]. Details - ImportResultOutputID=539c81436bc21b04a38347db6f2a2697 DependenciesID=ba53994bc638289d4e24ffc5247668a3 StaticDependenciesID=fc01e80e589657f68e769ce02d1fb72a 
Number of updated asset objects reloaded before import = 0
Number of asset objects unloaded after import = 2
========================================================================
Received Import Request.
  Time of request: 2026-10-01T08:15:32.1033447Z
  Time since last request: 0.000589 seconds.
  importAddress: GUID: 695c65e91172db945bf049e595adcc66 - Path: Packages/com.unity.render-pipelines.universal/Editor/SceneTemplates/Indoors/LightingData.asset - Importer: ScriptedImporter/UnityEditor.QuickSearchModule:UnityEditor.Search:ASIAI0B
Importing 'GUID: 695c65e91172db945bf049e595adcc66 - Path: Packages/com.unity.render-pipelines.universal/Editor/SceneTemplates/Indoors/LightingData.asset - Importer: ScriptedImporter/UnityEditor.QuickSearchModule:UnityEditor.Search:ASIAI0B' with importer (ScriptedImporter : UnityEditor.QuickSearchModule:UnityEditor.Search:ASIAI0B)
Imported 'GUID: 695c65e91172db945bf049e595adcc66' -> (Import Result ID: 'b4b9e47771f00c22affac04099553c46') in 0.002 seconds [static and dynamic dependencies]. Details - ImportResultOutputID=9e9a4bb9ef4fad76868a34c889cf963a DependenciesID=6d85e753a6acfc626f5bcf8272eb1f00 StaticDependenciesID=2ee917e98c51acdd2ff14abe538dc206 
Number of updated asset objects reloaded before import = 0
Number of asset objects unloaded after import = 2
========================================================================
Received Import Request.
  Time of request: 2026-10-01T08:15:32.1270846Z
  Time since last request: 0.0107178 seconds.
  importAddress: GUID: 7645809b8de779942be231eecf635c5b - Path: Packages/com.unity.render-pipelines.universal/Editor/ShaderGUI/ShadingModels/LitDetailGUI.cs - Importer: ScriptedImporter/UnityEditor.QuickSearchModule:UnityEditor.Search:ASIAI0B
Importing 'GUID: 7645809b8de779942be231eecf635c5b - Path: Packages/com.unity.render-pipelines.universal/Editor/ShaderGUI/ShadingModels/LitDetailGUI.cs - Importer: ScriptedImporter/UnityEditor.QuickSearchModule:UnityEditor.Search:ASIAI0B' with importer (ScriptedImporter : UnityEditor.QuickSearchModule:UnityEditor.Search:ASIAI0B)
Imported 'GUID: 7645809b8de779942be231eecf635c5b' -> (Import Result ID: 'c6dc154b91fabd03b1733d9f47e2e633') in 0.002 seconds [static and dynamic dependencies]. Details - ImportResultOutputID=19ea49752f46577ea6acaae3f18a0ee8 DependenciesID=94ab26c1be9a8b30fcf05b6caaa31c33 StaticDependenciesID=ae16bd8b5e65e1d4bc6a2f944623ae67 
Number of updated asset objects reloaded before import = 0
Number of asset objects unloaded after import = 0
========================================================================
Received Import Request.
  Time of request: 2026-10-01T08:15:32.1393945Z
  Time since last request: 0.000311 seconds.
  importAddress: GUID: 6869d97760ee37741bce9a471f54c720 - Path: Packages/com.unity.render-pipelines.universal/Editor/ShaderGraph/AssetCallbacks/CreateUITKShaderGraph.cs - Importer: ScriptedImporter/UnityEditor.QuickSearchModule:UnityEditor.Search:ASIAI0B
Importing 'GUID: 6869d97760ee37741bce9a471f54c720 - Path: Packages/com.unity.render-pipelines.universal/Editor/ShaderGraph/AssetCallbacks/CreateUITKShaderGraph.cs - Importer: ScriptedImporter/UnityEditor.QuickSearchModule:UnityEditor.Search:ASIAI0B' with importer (ScriptedImporter : UnityEditor.QuickSearchModule:UnityEditor.Search:ASIAI0B)
Imported 'GUID: 6869d97760ee37741bce9a471f54c720' -> (Import Result ID: '5018c04e1c97c5834d557a5de99c8257') in 0.002 seconds [static and dynamic dependencies]. Details - ImportResultOutputID=b8f862758655f22504464dee85a15324 DependenciesID=9cc97c25ffea347594dcd6a683cbcc90 StaticDependenciesID=da4f29ae28fe848214c770a2e962b2ea 
Number of updated asset objects reloaded before import = 0
Number of asset objects unloaded after import = 0
========================================================================
Received Import Request.
  Time of request: 2026-10-01T08:15:32.1509527Z
  Time since last request: 0.0000734 seconds.
  importAddress: GUID: e0c1f3f375c6ee44da3982445ffb92a4 - Path: Packages/com.unity.render-pipelines.universal/Editor/ShaderGraph/Templates/ShaderPass.template - Importer: ScriptedImporter/UnityEditor.QuickSearchModule:UnityEditor.Search:ASIAI0B
Importing 'GUID: e0c1f3f375c6ee44da3982445ffb92a4 - Path: Packages/com.unity.render-pipelines.universal/Editor/ShaderGraph/Templates/ShaderPass.template - Importer: ScriptedImporter/UnityEditor.QuickSearchModule:UnityEditor.Search:ASIAI0B' with importer (ScriptedImporter : UnityEditor.QuickSearchModule:UnityEditor.Search:ASIAI0B)
Imported 'GUID: e0c1f3f375c6ee44da3982445ffb92a4' -> (Import Result ID: 'cd10ff5eaab36e9a9968d26d17dc7ce4') in 0.002 seconds [static and dynamic dependencies]. Details - ImportResultOutputID=416b0bf544168376717f714e9f92f7fb DependenciesID=f910d09e55f3ccd6de7c3c39b3eb448a StaticDependenciesID=c2fabb98e10b8b2c9d1865af2b1e535e 
Number of updated asset objects reloaded before import = 0
Number of asset objects unloaded after import = 1
========================================================================
Received Import Request.
  Time of request: 2026-10-01T08:15:32.1657319Z
  Time since last request: 0.0003061 seconds.
  importAddress: GUID: 45705132c6bcacc459c763f7cd71b9fa - Path: Packages/com.unity.render-pipelines.universal/Editor/ShaderGraph/Targets/UniversalTerrainLitSubTarget.Dependencies.cs - Importer: ScriptedImporter/UnityEditor.QuickSearchModule:UnityEditor.Search:ASIAI0B
Importing 'GUID: 45705132c6bcacc459c763f7cd71b9fa - Path: Packages/com.unity.render-pipelines.universal/Editor/ShaderGraph/Targets/UniversalTerrainLitSubTarget.Dependencies.cs - Importer: ScriptedImporter/UnityEditor.QuickSearchModule:UnityEditor.Search:ASIAI0B' with importer (ScriptedImporter : UnityEditor.QuickSearchModule:UnityEditor.Search:ASIAI0B)
Imported 'GUID: 45705132c6bcacc459c763f7cd71b9fa' -> (Import Result ID: 'b9986160450380b0a711436d27d98fe5') in 0.002 seconds [static and dynamic dependencies]. Details - ImportResultOutputID=8699547388e86672a5efbc36f1c8f6fa DependenciesID=b63d67cd2c84f0fc3edc2c438c5e4399 StaticDependenciesID=b0be495d0e57e2ddff64b8ac180c626b 
Number of updated asset objects reloaded before import = 0
Number of asset objects unloaded after import = 0
========================================================================
Received Import Request.
  Time of request: 2026-10-01T08:15:32.1756836Z
  Time since last request: 0.0003533 seconds.
  importAddress: GUID: aab9add076be9364aaee067b3c0e3910 - Path: Packages/com.unity.render-pipelines.universal/Editor/ShaderGraph/AssetCallbacks/CreateLitShaderGraph.cs - Importer: ScriptedImporter/UnityEditor.QuickSearchModule:UnityEditor.Search:ASIAI0B
Importing 'GUID: aab9add076be9364aaee067b3c0e3910 - Path: Packages/com.unity.render-pipelines.universal/Editor/ShaderGraph/AssetCallbacks/CreateLitShaderGraph.cs - Importer: ScriptedImporter/UnityEditor.QuickSearchModule:UnityEditor.Search:ASIAI0B' with importer (ScriptedImporter : UnityEditor.QuickSearchModule:UnityEditor.Search:ASIAI0B)
Imported 'GUID: aab9add076be9364aaee067b3c0e3910' -> (Import Result ID: '7c0d75171d8d225b2c698dd537b7827d') in 0.002 seconds [static and dynamic dependencies]. Details - ImportResultOutputID=a969eaf9ebd227f9594e8a1af3dc1612 DependenciesID=a625656a016a842f98b09e54fdc57b2b StaticDependenciesID=df0dff5d779078145584fdf94645849a 
Number of updated asset objects reloaded before import = 0
Number of asset objects unloaded after import = 0
========================================================================
Received Import Request.
  Time of request: 2026-10-01T08:15:32.185512Z
  Time since last request: 0.0002903 seconds.
  importAddress: GUID: 9410f8b043e30fe4da99295d950c470f - Path: Packages/com.unity.render-pipelines.universal/Editor/ShaderGraph/GraphTemplates/FullscreenBasicTemplateThumbnail.png - Importer: ScriptedImporter/UnityEditor.QuickSearchModule:UnityEditor.Search:ASIAI0B
Importing 'GUID: 9410f8b043e30fe4da99295d950c470f - Path: Packages/com.unity.render-pipelines.universal/Editor/ShaderGraph/GraphTemplates/FullscreenBasicTemplateThumbnail.png - Importer: ScriptedImporter/UnityEditor.QuickSearchModule:UnityEditor.Search:ASIAI0B' with importer (ScriptedImporter : UnityEditor.QuickSearchModule:UnityEditor.Search:ASIAI0B)
Imported 'GUID: 9410f8b043e30fe4da99295d950c470f' -> (Import Result ID: 'df98b336ea96278ccc0a3ccd05b1ea36') in 0.005 seconds [static and dynamic dependencies]. Details - ImportResultOutputID=fe63ccf55383efbb2ec918e177a78493 DependenciesID=fda3c332b5bffdf011514f0f541e3c25 StaticDependenciesID=2d7e5c0545fd14f0f8f338428e92eab6 
Number of updated asset objects reloaded before import = 0
Number of asset objects unloaded after import = 1
========================================================================
Received Import Request.
  Time of request: 2026-10-01T08:15:32.1987169Z
  Time since last request: 0.000366 seconds.
  importAddress: GUID: a72ab9c46e7987c40bcd48bcf9e7c0dd - Path: Packages/com.unity.render-pipelines.universal/Editor/ShaderGUI/Shaders/LitShader.cs - Importer: ScriptedImporter/UnityEditor.QuickSearchModule:UnityEditor.Search:ASIAI0B
Importing 'GUID: a72ab9c46e7987c40bcd48bcf9e7c0dd - Path: Packages/com.unity.render-pipelines.universal/Editor/ShaderGUI/Shaders/LitShader.cs - Importer: ScriptedImporter/UnityEditor.QuickSearchModule:UnityEditor.Search:ASIAI0B' with importer (ScriptedImporter : UnityEditor.QuickSearchModule:UnityEditor.Search:ASIAI0B)
Imported 'GUID: a72ab9c46e7987c40bcd48bcf9e7c0dd' -> (Import Result ID: '3ed408951a5f8604481eab528b187908') in 0.002 seconds [static and dynamic dependencies]. Details - ImportResultOutputID=2092a1f4ba45264542b4abfe14922f38 DependenciesID=22ac7efc656aa5f6b2574e85969e14a0 StaticDependenciesID=d06d000f6feeedad326f3dbf5663050c 
Number of updated asset objects reloaded before import = 0
Number of asset objects unloaded after import = 0
========================================================================
Received Import Request.
  Time of request: 2026-10-01T08:15:32.2171364Z
  Time since last request: 0.0086346 seconds.
  importAddress: GUID: 88cd98f0807c4d0ea90990b27cc42068 - Path: Packages/com.unity.render-pipelines.universal/Editor/Tools/MaterialUpgrader/UpgradeUtility.cs - Importer: ScriptedImporter/UnityEditor.QuickSearchModule:UnityEditor.Search:ASIAI0B
Importing 'GUID: 88cd98f0807c4d0ea90990b27cc42068 - Path: Packages/com.unity.render-pipelines.universal/Editor/Tools/MaterialUpgrader/UpgradeUtility.cs - Importer: ScriptedImporter/UnityEditor.QuickSearchModule:UnityEditor.Search:ASIAI0B' with importer (ScriptedImporter : UnityEditor.QuickSearchModule:UnityEditor.Search:ASIAI0B)
Imported 'GUID: 88cd98f0807c4d0ea90990b27cc42068' -> (Import Result ID: 'b0e9a292178691e12b8638563612867c') in 0.002 seconds [static and dynamic dependencies]. Details - ImportResultOutputID=f65a3e1d750886c762654235f79e8785 DependenciesID=7ef0dafe4876023da2ec7d58536416e5 StaticDependenciesID=1bf46eac6098cf2aa2c0117ac2a0e12b 
Number of updated asset objects reloaded before import = 0
Number of asset objects unloaded after import = 0
========================================================================
Received Import Request.
  Time of request: 2026-10-01T08:15:32.2282031Z
  Time since last request: 0.0004449 seconds.
  importAddress: GUID: 718db304c67a4e7692ab540c060259b2 - Path: Packages/com.unity.render-pipelines.universal/Runtime/2D/Rendergraph/DrawLight2DPass.cs - Importer: ScriptedImporter/UnityEditor.QuickSearchModule:UnityEditor.Search:ASIAI0B
Importing 'GUID: 718db304c67a4e7692ab540c060259b2 - Path: Packages/com.unity.render-pipelines.universal/Runtime/2D/Rendergraph/DrawLight2DPass.cs - Importer: ScriptedImporter/UnityEditor.QuickSearchModule:UnityEditor.Search:ASIAI0B' with importer (ScriptedImporter : UnityEditor.QuickSearchModule:UnityEditor.Search:ASIAI0B)
Imported 'GUID: 718db304c67a4e7692ab540c060259b2' -> (Import Result ID: '77b5d7df0939acb14c9e8fe33582d9b3') in 0.002 seconds [static and dynamic dependencies]. Details - ImportResultOutputID=66d46a21182d70e43543dc4e88848ac7 DependenciesID=c3e493f6bf0ff98f662d34919e3e6259 StaticDependenciesID=605bad4aac6cfe8c7b04969c92c11776 
Number of updated asset objects reloaded before import = 0
Number of asset objects unloaded after import = 0
========================================================================
Received Import Request.
  Time of request: 2026-10-01T08:15:32.2380812Z
  Time since last request: 0.0002882 seconds.
  importAddress: GUID: 50e4c5766b2736d46b3bef6188fc4d3f - Path: Packages/com.unity.render-pipelines.universal/Runtime/2D/Sources/IProvider2DCache.cs - Importer: ScriptedImporter/UnityEditor.QuickSearchModule:UnityEditor.Search:ASIAI0B
Importing 'GUID: 50e4c5766b2736d46b3bef6188fc4d3f - Path: Packages/com.unity.render-pipelines.universal/Runtime/2D/Sources/IProvider2DCache.cs - Importer: ScriptedImporter/UnityEditor.QuickSearchModule:UnityEditor.Search:ASIAI0B' with importer (ScriptedImporter : UnityEditor.QuickSearchModule:UnityEditor.Search:ASIAI0B)
Imported 'GUID: 50e4c5766b2736d46b3bef6188fc4d3f' -> (Import Result ID: 'c9f055f230c22a0d4bca6039374f1686') in 0.002 seconds [static and dynamic dependencies]. Details - ImportResultOutputID=043acdbbe51ff900809e48addb5a53f7 DependenciesID=81a11e83396d87436a6923dd602f4734 StaticDependenciesID=820480a4bc29372752aa6b2f9df33c2a 
Number of updated asset objects reloaded before import = 0
Number of asset objects unloaded after import = 0
========================================================================
Received Import Request.
  Time of request: 2026-10-01T08:15:32.2487908Z
  Time since last request: 0.0003903 seconds.
  importAddress: GUID: 381d0513472fded4ead64160058a7490 - Path: Packages/com.unity.render-pipelines.universal/Editor/Tools/Project Auditor/ProjectAuditorGraphics.cs - Importer: ScriptedImporter/UnityEditor.QuickSearchModule:UnityEditor.Search:ASIAI0B
Importing 'GUID: 381d0513472fded4ead64160058a7490 - Path: Packages/com.unity.render-pipelines.universal/Editor/Tools/Project Auditor/ProjectAuditorGraphics.cs - Importer: ScriptedImporter/UnityEditor.QuickSearchModule:UnityEditor.Search:ASIAI0B' with importer (ScriptedImporter : UnityEditor.QuickSearchModule:UnityEditor.Search:ASIAI0B)
Imported 'GUID: 381d0513472fded4ead64160058a7490' -> (Import Result ID: '85ce031d0dd073d08483efa12baaf114') in 0.002 seconds [static and dynamic dependencies]. Details - ImportResultOutputID=8b8be8e865d9d0ef616c8f67091a104b DependenciesID=d6a21b9f59e921d8955356630145067f StaticDependenciesID=b2c3c05d893fc02d60f228dd2f0f991b 
Number of updated asset objects reloaded before import = 0
Number of asset objects unloaded after import = 0
========================================================================
Received Import Request.
  Time of request: 2026-10-01T08:15:32.2590827Z
  Time since last request: 0.0004231 seconds.
  importAddress: GUID: dfd932337eaf30646ab42d63eed8f822 - Path: Packages/com.unity.render-pipelines.universal/Runtime/2D/Shadows/ShadowCasterGroup2D.cs - Importer: ScriptedImporter/UnityEditor.QuickSearchModule:UnityEditor.Search:ASIAI0B
Importing 'GUID: dfd932337eaf30646ab42d63eed8f822 - Path: Packages/com.unity.render-pipelines.universal/Runtime/2D/Shadows/ShadowCasterGroup2D.cs - Importer: ScriptedImporter/UnityEditor.QuickSearchModule:UnityEditor.Search:ASIAI0B' with importer (ScriptedImporter : UnityEditor.QuickSearchModule:UnityEditor.Search:ASIAI0B)
Imported 'GUID: dfd932337eaf30646ab42d63eed8f822' -> (Import Result ID: 'b71951a7c33ae9783ebcd009fb204052') in 0.002 seconds [static and dynamic dependencies]. Details - ImportResultOutputID=4665ec12b2467796bec412badc5f7a81 DependenciesID=8518e89b0a5bf9c56dc574a7a7ec9662 StaticDependenciesID=7d843e2db06b99a0fdb6a614993ac1a5 
Number of updated asset objects reloaded before import = 0
Number of asset objects unloaded after import = 0
========================================================================
Received Import Request.
  Time of request: 2026-10-01T08:15:32.2693933Z
  Time since last request: 0.000443 seconds.
  importAddress: GUID: 968d592865a36d64abb3a8de86ddbc91 - Path: Packages/com.unity.render-pipelines.universal/Runtime/2D/Sources/IProvider2DSources.cs - Importer: ScriptedImporter/UnityEditor.QuickSearchModule:UnityEditor.Search:ASIAI0B
Importing 'GUID: 968d592865a36d64abb3a8de86ddbc91 - Path: Packages/com.unity.render-pipelines.universal/Runtime/2D/Sources/IProvider2DSources.cs - Importer: ScriptedImporter/UnityEditor.QuickSearchModule:UnityEditor.Search:ASIAI0B' with importer (ScriptedImporter : UnityEditor.QuickSearchModule:UnityEditor.Search:ASIAI0B)
Imported 'GUID: 968d592865a36d64abb3a8de86ddbc91' -> (Import Result ID: '67d284f134518f000084ade2f71276fb') in 0.002 seconds [static and dynamic dependencies]. Details - ImportResultOutputID=ad0371f06a031cbfe1a7f3c36f7c3012 DependenciesID=af87a90db0e2523bc8408c9a78043dd8 StaticDependenciesID=e220c0ce895060ace7c443ea77264385 
Number of updated asset objects reloaded before import = 0
Number of asset objects unloaded after import = 0
========================================================================
Received Import Request.
  Time of request: 2026-10-01T08:15:32.2791892Z
  Time since last request: 0.0003756 seconds.
  importAddress: GUID: eeea0853b4ef4054ea6842de40031a6d - Path: Packages/com.unity.render-pipelines.universal/Editor/Tools/Project Auditor/HDREnabledValidation.cs - Importer: ScriptedImporter/UnityEditor.QuickSearchModule:UnityEditor.Search:ASIAI0B
Importing 'GUID: eeea0853b4ef4054ea6842de40031a6d - Path: Packages/com.unity.render-pipelines.universal/Editor/Tools/Project Auditor/HDREnabledValidation.cs - Importer: ScriptedImporter/UnityEditor.QuickSearchModule:UnityEditor.Search:ASIAI0B' with importer (ScriptedImporter : UnityEditor.QuickSearchModule:UnityEditor.Search:ASIAI0B)
Imported 'GUID: eeea0853b4ef4054ea6842de40031a6d' -> (Import Result ID: '02300ab880b5e530c9bb19fa7de00131') in 0.001 seconds [static and dynamic dependencies]. Details - ImportResultOutputID=db31a0ca46a93bfcb5ea28c5d99a5375 DependenciesID=ddfd3263ce9ae003fa6758095f4559bd StaticDependenciesID=1b3d64e49ba94c02bc2ad98597629b07 
Number of updated asset objects reloaded before import = 0
Number of asset objects unloaded after import = 0
========================================================================
Received Import Request.
  Time of request: 2026-10-01T08:15:32.3054389Z
  Time since last request: 0.0169738 seconds.
  importAddress: GUID: 46a8b2f3e1abb2145a6a4f00b699a87e - Path: Packages/com.unity.render-pipelines.universal/Runtime/Decal/Entities/DecalUpdateCulledSystem.cs - Importer: ScriptedImporter/UnityEditor.QuickSearchModule:UnityEditor.Search:ASIAI0B
Importing 'GUID: 46a8b2f3e1abb2145a6a4f00b699a87e - Path: Packages/com.unity.render-pipelines.universal/Runtime/Decal/Entities/DecalUpdateCulledSystem.cs - Importer: ScriptedImporter/UnityEditor.QuickSearchModule:UnityEditor.Search:ASIAI0B' with importer (ScriptedImporter : UnityEditor.QuickSearchModule:UnityEditor.Search:ASIAI0B)
Imported 'GUID: 46a8b2f3e1abb2145a6a4f00b699a87e' -> (Import Result ID: '15aa11cb0e64c35e2b029333bdff7d0a') in 0.002 seconds [static and dynamic dependencies]. Details - ImportResultOutputID=2fc8204b691cf679d9e5d8b8144f368a DependenciesID=5308a629bbb2e1621e2e8fa8fe36ec06 StaticDependenciesID=4de428db46c1aa4b88a682a4227a2050 
Number of updated asset objects reloaded before import = 0
Number of asset objects unloaded after import = 0
========================================================================
Received Import Request.
  Time of request: 2026-10-01T08:15:32.3151837Z
  Time since last request: 0.0004544 seconds.
  importAddress: GUID: 44245ab89240f51459a5077d7145c452 - Path: Packages/com.unity.render-pipelines.universal/Runtime/Materials/PhysicalMaterial3DsMax/PhysicalMaterial3DsMax.shadergraph - Importer: ScriptedImporter/UnityEditor.QuickSearchModule:UnityEditor.Search:ASIAI0B
Importing 'GUID: 44245ab89240f51459a5077d7145c452 - Path: Packages/com.unity.render-pipelines.universal/Runtime/Materials/PhysicalMaterial3DsMax/PhysicalMaterial3DsMax.shadergraph - Importer: ScriptedImporter/UnityEditor.QuickSearchModule:UnityEditor.Search:ASIAI0B' with importer (ScriptedImporter : UnityEditor.QuickSearchModule:UnityEditor.Search:ASIAI0B)
Imported 'GUID: 44245ab89240f51459a5077d7145c452' -> (Import Result ID: '1795897ac477c1962aed80a82ee4841b') in 0.006 seconds [static and dynamic dependencies]. Details - ImportResultOutputID=1b1be85af200a44fe6213b2927f773d1 DependenciesID=5df1e5938aea609a81f9dd0814984c5e StaticDependenciesID=d5d02a0d85236429c9a136281d24c402 
Number of updated asset objects reloaded before import = 0
Number of asset objects unloaded after import = 4
========================================================================
Received Import Request.
  Time of request: 2026-10-01T08:15:32.3296214Z
  Time since last request: 0.0003166 seconds.
  importAddress: GUID: aef66ab76b8cc4546855b92dfdddeb23 - Path: Packages/com.unity.render-pipelines.universal/Runtime/Passes/PostProcess/FinalPostProcessPass.cs - Importer: ScriptedImporter/UnityEditor.QuickSearchModule:UnityEditor.Search:ASIAI0B
Importing 'GUID: aef66ab76b8cc4546855b92dfdddeb23 - Path: Packages/com.unity.render-pipelines.universal/Runtime/Passes/PostProcess/FinalPostProcessPass.cs - Importer: ScriptedImporter/UnityEditor.QuickSearchModule:UnityEditor.Search:ASIAI0B' with importer (ScriptedImporter : UnityEditor.QuickSearchModule:UnityEditor.Search:ASIAI0B)
Imported 'GUID: aef66ab76b8cc4546855b92dfdddeb23' -> (Import Result ID: 'e5e7eaab8beeaf7389c39e04d0f520ac') in 0.002 seconds [static and dynamic dependencies]. Details - ImportResultOutputID=f1facfdeac9bffbf8ce99880718c0080 DependenciesID=4858815d15c677cb72d7c8d6608025a3 StaticDependenciesID=fa084d5d69277b0fe161233248f786d6 
Number of updated asset objects reloaded before import = 0
Number of asset objects unloaded after import = 0
========================================================================
Received Import Request.
  Time of request: 2026-10-01T08:15:32.3399006Z
  Time since last request: 0.000277 seconds.
  importAddress: GUID: 4083e05963a34a969d61631315469f1c - Path: Packages/com.unity.render-pipelines.universal/Runtime/Passes/PostProcess/UpscalerPostProcessPass.cs - Importer: ScriptedImporter/UnityEditor.QuickSearchModule:UnityEditor.Search:ASIAI0B
Importing 'GUID: 4083e05963a34a969d61631315469f1c - Path: Packages/com.unity.render-pipelines.universal/Runtime/Passes/PostProcess/UpscalerPostProcessPass.cs - Importer: ScriptedImporter/UnityEditor.QuickSearchModule:UnityEditor.Search:ASIAI0B' with importer (ScriptedImporter : UnityEditor.QuickSearchModule:UnityEditor.Search:ASIAI0B)
Imported 'GUID: 4083e05963a34a969d61631315469f1c' -> (Import Result ID: '9f5b94fb735df3aa4c3a3567e403db8e') in 0.002 seconds [static and dynamic dependencies]. Details - ImportResultOutputID=3570413e303f06bf441e8c30241c8867 DependenciesID=3b875482c24fa756aabf0ab4cd4c8594 StaticDependenciesID=73babfdb70ed88ee90b113132d6e6807 
Number of updated asset objects reloaded before import = 0
Number of asset objects unloaded after import = 0
========================================================================
Received Import Request.
  Time of request: 2026-10-01T08:15:32.3507666Z
  Time since last request: 0.0002863 seconds.
  importAddress: GUID: 4d40202dfa5473d44bcdc97e00d74703 - Path: Packages/com.unity.render-pipelines.universal/Runtime/RendererFeatures/SurfaceCacheGIRendererFeature/Debug.compute - Importer: ScriptedImporter/UnityEditor.QuickSearchModule:UnityEditor.Search:ASIAI0B
Importing 'GUID: 4d40202dfa5473d44bcdc97e00d74703 - Path: Packages/com.unity.render-pipelines.universal/Runtime/RendererFeatures/SurfaceCacheGIRendererFeature/Debug.compute - Importer: ScriptedImporter/UnityEditor.QuickSearchModule:UnityEditor.Search:ASIAI0B' with importer (ScriptedImporter : UnityEditor.QuickSearchModule:UnityEditor.Search:ASIAI0B)
Imported 'GUID: 4d40202dfa5473d44bcdc97e00d74703' -> (Import Result ID: 'b089be60b9a2f8de042663e4e4af0106') in 0.002 seconds [static and dynamic dependencies]. Details - ImportResultOutputID=c5446a3ae935411c34e3352900540ca1 DependenciesID=9c7f8ccb56d4e8fc4881d5fee1ff3896 StaticDependenciesID=e350f1e3f268338a1a87dce52c83399d 
Number of updated asset objects reloaded before import = 0
Number of asset objects unloaded after import = 1
========================================================================
Received Import Request.
  Time of request: 2026-10-01T08:15:32.3615554Z
  Time since last request: 0.0003108 seconds.
  importAddress: GUID: 7d889ceca5f694540a4607aa3c632402 - Path: Packages/com.unity.render-pipelines.universal/Runtime/RendererFeatures/ScreenSpaceReflectionRendererFeature/ScreenSpaceReflectionPersistentResources.cs - Importer: ScriptedImporter/UnityEditor.QuickSearchModule:UnityEditor.Search:ASIAI0B
Importing 'GUID: 7d889ceca5f694540a4607aa3c632402 - Path: Packages/com.unity.render-pipelines.universal/Runtime/RendererFeatures/ScreenSpaceReflectionRendererFeature/ScreenSpaceReflectionPersistentResources.cs - Importer: ScriptedImporter/UnityEditor.QuickSearchModule:UnityEditor.Search:ASIAI0B' with importer (ScriptedImporter : UnityEditor.QuickSearchModule:UnityEditor.Search:ASIAI0B)
Imported 'GUID: 7d889ceca5f694540a4607aa3c632402' -> (Import Result ID: 'da500527fd1eec9b7d01e8d6713ea915') in 0.002 seconds [static and dynamic dependencies]. Details - ImportResultOutputID=1685dbbc8328c02a8f25a0227da9b199 DependenciesID=7da7f4e61f09d2393c333f3e3e13c434 StaticDependenciesID=dd2a10c19bffa97a4ab9cbfc4e57d4a0 
Number of updated asset objects reloaded before import = 0
Number of asset objects unloaded after import = 0
========================================================================
Received Import Request.
  Time of request: 2026-10-01T08:15:32.3727608Z
  Time since last request: 0.0004572 seconds.
  importAddress: GUID: 64d01acbbe3ff8d4d9b89e2064405103 - Path: Packages/com.unity.render-pipelines.universal/Runtime/2D/Sources/Provider2DRef.cs - Importer: ScriptedImporter/UnityEditor.QuickSearchModule:UnityEditor.Search:ASIAI0B
Importing 'GUID: 64d01acbbe3ff8d4d9b89e2064405103 - Path: Packages/com.unity.render-pipelines.universal/Runtime/2D/Sources/Provider2DRef.cs - Importer: ScriptedImporter/UnityEditor.QuickSearchModule:UnityEditor.Search:ASIAI0B' with importer (ScriptedImporter : UnityEditor.QuickSearchModule:UnityEditor.Search:ASIAI0B)
Imported 'GUID: 64d01acbbe3ff8d4d9b89e2064405103' -> (Import Result ID: '1a91130ee1b50cdcff8544f7c7615d1e') in 0.002 seconds [static and dynamic dependencies]. Details - ImportResultOutputID=e55d7e1bed8120f02e30d319c5bbca8b DependenciesID=327c565850fcc54cf08bf53f865189a9 StaticDependenciesID=164d64324144e14652ef3b1dea317054 
Number of updated asset objects reloaded before import = 0
Number of asset objects unloaded after import = 0
========================================================================
Received Import Request.
  Time of request: 2026-10-01T08:15:32.3922092Z
  Time since last request: 0.0093261 seconds.
  importAddress: GUID: 4b0b97f5510f6a34681068f902b725d5 - Path: Packages/com.unity.render-pipelines.universal/Shaders/2D/Include/Lit2DCommon.hlsl - Importer: ScriptedImporter/UnityEditor.QuickSearchModule:UnityEditor.Search:ASIAI0B
Importing 'GUID: 4b0b97f5510f6a34681068f902b725d5 - Path: Packages/com.unity.render-pipelines.universal/Shaders/2D/Include/Lit2DCommon.hlsl - Importer: ScriptedImporter/UnityEditor.QuickSearchModule:UnityEditor.Search:ASIAI0B' with importer (ScriptedImporter : UnityEditor.QuickSearchModule:UnityEditor.Search:ASIAI0B)
Imported 'GUID: 4b0b97f5510f6a34681068f902b725d5' -> (Import Result ID: 'a5824dc2299fe11744db29729f2b52f3') in 0.002 seconds [static and dynamic dependencies]. Details - ImportResultOutputID=379ee23e79c6de8eed0b2c1b5cb057c7 DependenciesID=b7281914601658a1deaab4e54028d97d StaticDependenciesID=d8207fa9f3fcec0dc541a6481fd8ed7b 
Number of updated asset objects reloaded before import = 0
Number of asset objects unloaded after import = 1
========================================================================
Received Import Request.
  Time of request: 2026-10-01T08:15:32.4040106Z
  Time since last request: 0.0002648 seconds.
  importAddress: GUID: e7ee44e4db2311b428e6f789318838f8 - Path: Packages/com.unity.render-pipelines.universal/Shaders/2D/Include/CombinedShapeLightShared.hlsl - Importer: ScriptedImporter/UnityEditor.QuickSearchModule:UnityEditor.Search:ASIAI0B
Importing 'GUID: e7ee44e4db2311b428e6f789318838f8 - Path: Packages/com.unity.render-pipelines.universal/Shaders/2D/Include/CombinedShapeLightShared.hlsl - Importer: ScriptedImporter/UnityEditor.QuickSearchModule:UnityEditor.Search:ASIAI0B' with importer (ScriptedImporter : UnityEditor.QuickSearchModule:UnityEditor.Search:ASIAI0B)
Imported 'GUID: e7ee44e4db2311b428e6f789318838f8' -> (Import Result ID: '8b4ed04a6b8f4164752a745a95dfd341') in 0.002 seconds [static and dynamic dependencies]. Details - ImportResultOutputID=fe8b97fc4cb17e0eec4f290e013629d3 DependenciesID=9160e844f2f7a2508ec48c6b3d93b92f StaticDependenciesID=62f157eb80051ffd115efa5b3b197f5d 
Number of updated asset objects reloaded before import = 0
Number of asset objects unloaded after import = 1
========================================================================
Received Import Request.
  Time of request: 2026-10-01T08:15:32.4147556Z
  Time since last request: 0.0003812 seconds.
  importAddress: GUID: 15c09e9f82634f5881e6676d62f25bcb - Path: Packages/com.unity.render-pipelines.universal/Shaders/2D/Include/InputData2D.hlsl - Importer: ScriptedImporter/UnityEditor.QuickSearchModule:UnityEditor.Search:ASIAI0B
Importing 'GUID: 15c09e9f82634f5881e6676d62f25bcb - Path: Packages/com.unity.render-pipelines.universal/Shaders/2D/Include/InputData2D.hlsl - Importer: ScriptedImporter/UnityEditor.QuickSearchModule:UnityEditor.Search:ASIAI0B' with importer (ScriptedImporter : UnityEditor.QuickSearchModule:UnityEditor.Search:ASIAI0B)
Imported 'GUID: 15c09e9f82634f5881e6676d62f25bcb' -> (Import Result ID: 'f312369a4fb822e5e9f0abab56466c19') in 0.002 seconds [static and dynamic dependencies]. Details - ImportResultOutputID=6553fc078013ad56599b4e9b56fa6d50 DependenciesID=d1e68ad3b24a238e2e471617ab10803a StaticDependenciesID=ea946e9a1856090cd94cd1572916a9a7 
Number of updated asset objects reloaded before import = 0
Number of asset objects unloaded after import = 1
========================================================================
Received Import Request.
  Time of request: 2026-10-01T08:15:32.4260409Z
  Time since last request: 0.0005347 seconds.
  importAddress: GUID: 3d9fc4c0ae8e22f49a8ebefad82718d9 - Path: Packages/com.unity.render-pipelines.universal/Runtime/RendererFeatures/SurfaceCacheGIRendererFeature/PatchAllocation.compute - Importer: ScriptedImporter/UnityEditor.QuickSearchModule:UnityEditor.Search:ASIAI0B
Importing 'GUID: 3d9fc4c0ae8e22f49a8ebefad82718d9 - Path: Packages/com.unity.render-pipelines.universal/Runtime/RendererFeatures/SurfaceCacheGIRendererFeature/PatchAllocation.compute - Importer: ScriptedImporter/UnityEditor.QuickSearchModule:UnityEditor.Search:ASIAI0B' with importer (ScriptedImporter : UnityEditor.QuickSearchModule:UnityEditor.Search:ASIAI0B)
Imported 'GUID: 3d9fc4c0ae8e22f49a8ebefad82718d9' -> (Import Result ID: '8773856105e21d94726cd29f45ed9e84') in 0.002 seconds [static and dynamic dependencies]. Details - ImportResultOutputID=d13e9d7f3b8f2344b6532628b2e36724 DependenciesID=de7f83ded8cb76504fa3c21840324ca7 StaticDependenciesID=82c19177dfc32938f23013097cbba4de 
Number of updated asset objects reloaded before import = 0
Number of asset objects unloaded after import = 1
========================================================================
Received Import Request.
  Time of request: 2026-10-01T08:15:32.4602825Z
  Time since last request: 0.0226066 seconds.
  importAddress: GUID: d18a24d7b4ed50f4387993566d9d3ae2 - Path: Packages/com.unity.render-pipelines.universal/Textures/BlueNoise16/L/LDR_LLL1_26.png - Importer: ScriptedImporter/UnityEditor.QuickSearchModule:UnityEditor.Search:ASIAI0B
Importing 'GUID: d18a24d7b4ed50f4387993566d9d3ae2 - Path: Packages/com.unity.render-pipelines.universal/Textures/BlueNoise16/L/LDR_LLL1_26.png - Importer: ScriptedImporter/UnityEditor.QuickSearchModule:UnityEditor.Search:ASIAI0B' with importer (ScriptedImporter : UnityEditor.QuickSearchModule:UnityEditor.Search:ASIAI0B)
Imported 'GUID: d18a24d7b4ed50f4387993566d9d3ae2' -> (Import Result ID: 'f9f2af4885c9f58e22a298a62ed48edf') in 0.004 seconds [static and dynamic dependencies]. Details - ImportResultOutputID=08d632d28f1ae2cf04ad2dbdd1d0f059 DependenciesID=b996b1b83d57b6b4056df4543e5f73ff StaticDependenciesID=649367e7861c37fab96d91983456125d 
Number of updated asset objects reloaded before import = 0
Number of asset objects unloaded after import = 1
========================================================================
Received Import Request.
  Time of request: 2026-10-01T08:15:32.4724941Z
  Time since last request: 0.0007062 seconds.
  importAddress: GUID: ff47e5a0f105eb34883b973e51f4db62 - Path: Packages/com.unity.render-pipelines.universal/Textures/BlueNoise16/L/LDR_LLL1_28.png - Importer: ScriptedImporter/UnityEditor.QuickSearchModule:UnityEditor.Search:ASIAI0B
Importing 'GUID: ff47e5a0f105eb34883b973e51f4db62 - Path: Packages/com.unity.render-pipelines.universal/Textures/BlueNoise16/L/LDR_LLL1_28.png - Importer: ScriptedImporter/UnityEditor.QuickSearchModule:UnityEditor.Search:ASIAI0B' with importer (ScriptedImporter : UnityEditor.QuickSearchModule:UnityEditor.Search:ASIAI0B)
Imported 'GUID: ff47e5a0f105eb34883b973e51f4db62' -> (Import Result ID: '7cde748be22a064b4cd06c76c8d20912') in 0.004 seconds [static and dynamic dependencies]. Details - ImportResultOutputID=19b9052d424fb89c3a7eb03f865ddd5a DependenciesID=875ee55e130e045956b22a90420542a8 StaticDependenciesID=787d72acba0d5e3522a1e03412796703 
Number of updated asset objects reloaded before import = 0
Number of asset objects unloaded after import = 1
========================================================================
Received Import Request.
  Time of request: 2026-10-01T08:15:32.4857231Z
  Time since last request: 0.0002926 seconds.
  importAddress: GUID: d36f0fe53425e08499a2333cf423634c - Path: Packages/com.unity.render-pipelines.universal/Textures/BlueNoise16/L/LDR_LLL1_18.png - Importer: ScriptedImporter/UnityEditor.QuickSearchModule:UnityEditor.Search:ASIAI0B
Importing 'GUID: d36f0fe53425e08499a2333cf423634c - Path: Packages/com.unity.render-pipelines.universal/Textures/BlueNoise16/L/LDR_LLL1_18.png - Importer: ScriptedImporter/UnityEditor.QuickSearchModule:UnityEditor.Search:ASIAI0B' with importer (ScriptedImporter : UnityEditor.QuickSearchModule:UnityEditor.Search:ASIAI0B)
Imported 'GUID: d36f0fe53425e08499a2333cf423634c' -> (Import Result ID: 'afc0997975e2cec657ef0bd4c46ad261') in 0.005 seconds [static and dynamic dependencies]. Details - ImportResultOutputID=e5c0d49b638050f0ce249b58af44978c DependenciesID=6e2f393b4bf602ab3208a6b7b09a27b7 StaticDependenciesID=a317794569b3f2ad90f5302318f96871 
Number of updated asset objects reloaded before import = 0
Number of asset objects unloaded after import = 1
========================================================================
Received Import Request.
  Time of request: 2026-10-01T08:15:32.5000302Z
  Time since last request: 0.0001878 seconds.
  importAddress: GUID: b55998dc844885c4395f481843fecc19 - Path: Packages/com.unity.render-pipelines.universal/Editor/2D/ShaderGraph/Includes/RenderingLayerMaskPass.hlsl - Importer: ScriptedImporter/UnityEditor.QuickSearchModule:UnityEditor.Search:ASIAI0B
Importing 'GUID: b55998dc844885c4395f481843fecc19 - Path: Packages/com.unity.render-pipelines.universal/Editor/2D/ShaderGraph/Includes/RenderingLayerMaskPass.hlsl - Importer: ScriptedImporter/UnityEditor.QuickSearchModule:UnityEditor.Search:ASIAI0B' with importer (ScriptedImporter : UnityEditor.QuickSearchModule:UnityEditor.Search:ASIAI0B)
Imported 'GUID: b55998dc844885c4395f481843fecc19' -> (Import Result ID: 'f297651e44df8cddc4c4f8ac9739c1ab') in 0.002 seconds [static and dynamic dependencies]. Details - ImportResultOutputID=faa9a6bd003a81b7145001fe7cd66018 DependenciesID=86101ddfcbd5cd5d136981b09151ec5d StaticDependenciesID=d66edf5e88ca2044f99f78ad2513e534 
Number of updated asset objects reloaded before import = 0
Number of asset objects unloaded after import = 1
========================================================================
Received Import Request.
  Time of request: 2026-10-01T08:15:32.5109623Z
  Time since last request: 0.0004079 seconds.
  importAddress: GUID: dc7283e53c0339a40adca7609d7985d7 - Path: Packages/com.unity.render-pipelines.universal/Editor/2D/ShaderGraph/AssetCallbacks/CreateSpriteLitShaderGraph.cs - Importer: ScriptedImporter/UnityEditor.QuickSearchModule:UnityEditor.Search:ASIAI0B
Importing 'GUID: dc7283e53c0339a40adca7609d7985d7 - Path: Packages/com.unity.render-pipelines.universal/Editor/2D/ShaderGraph/AssetCallbacks/CreateSpriteLitShaderGraph.cs - Importer: ScriptedImporter/UnityEditor.QuickSearchModule:UnityEditor.Search:ASIAI0B' with importer (ScriptedImporter : UnityEditor.QuickSearchModule:UnityEditor.Search:ASIAI0B)
Imported 'GUID: dc7283e53c0339a40adca7609d7985d7' -> (Import Result ID: 'dbb71761f68ccd6327ed508b03e1dda9') in 0.002 seconds [static and dynamic dependencies]. Details - ImportResultOutputID=fec1dd0d971f37a4c896a2ca806d164b DependenciesID=8176cf912cc18ea61a79f49919f40f6e StaticDependenciesID=fe61a216d7fa5a87b42580a78d62620e 
Number of updated asset objects reloaded before import = 0
Number of asset objects unloaded after import = 0
========================================================================
Received Import Request.
  Time of request: 2026-10-01T08:15:32.5222179Z
  Time since last request: 0.0005337 seconds.
  importAddress: GUID: 19a7eabf161c29846b42f73a2965d39b - Path: Packages/com.unity.render-pipelines.universal/Editor/2D/ShaderGraph/Includes/Mesh2DLitPass.hlsl - Importer: ScriptedImporter/UnityEditor.QuickSearchModule:UnityEditor.Search:ASIAI0B
Importing 'GUID: 19a7eabf161c29846b42f73a2965d39b - Path: Packages/com.unity.render-pipelines.universal/Editor/2D/ShaderGraph/Includes/Mesh2DLitPass.hlsl - Importer: ScriptedImporter/UnityEditor.QuickSearchModule:UnityEditor.Search:ASIAI0B' with importer (ScriptedImporter : UnityEditor.QuickSearchModule:UnityEditor.Search:ASIAI0B)
Imported 'GUID: 19a7eabf161c29846b42f73a2965d39b' -> (Import Result ID: '0803c1fc2dadab254dfb001933a0b3da') in 0.002 seconds [static and dynamic dependencies]. Details - ImportResultOutputID=587e2460bdabb87c8965fc215ae691cf DependenciesID=b6aeeb2cfab5af1c737e0627f355a8f4 StaticDependenciesID=434c33f52d07d17081d1aadcaf409dc6 
Number of updated asset objects reloaded before import = 0
Number of asset objects unloaded after import = 1
========================================================================
Received Import Request.
  Time of request: 2026-10-01T08:15:32.5334314Z
  Time since last request: 0.0003523 seconds.
  importAddress: GUID: 61631c3cacd694ef292c329dcb729bef - Path: Packages/com.unity.render-pipelines.universal/Editor/2D/PackageResources/ProfilerIcon/d_2D_Graphics@128.png - Importer: ScriptedImporter/UnityEditor.QuickSearchModule:UnityEditor.Search:ASIAI0B
Importing 'GUID: 61631c3cacd694ef292c329dcb729bef - Path: Packages/com.unity.render-pipelines.universal/Editor/2D/PackageResources/ProfilerIcon/d_2D_Graphics@128.png - Importer: ScriptedImporter/UnityEditor.QuickSearchModule:UnityEditor.Search:ASIAI0B' with importer (ScriptedImporter : UnityEditor.QuickSearchModule:UnityEditor.Search:ASIAI0B)
Imported 'GUID: 61631c3cacd694ef292c329dcb729bef' -> (Import Result ID: 'd01c410193d41c293f2c8d0e8f2744d8') in 0.015 seconds [static and dynamic dependencies]. Details - ImportResultOutputID=6b80e6279af57b1bb2532f7c6edbcc5e DependenciesID=a437323ce044cf6d698eae0661ab00fc StaticDependenciesID=e00d9d09c29dd08f82d38d2c3396f4a1 
Number of updated asset objects reloaded before import = 0
Number of asset objects unloaded after import = 3
========================================================================
Received Import Request.
  Time of request: 2026-10-01T08:15:32.5589696Z
  Time since last request: 0.0002183 seconds.
  importAddress: GUID: 5c293b913d2404a959cc5a69e0b04c95 - Path: Packages/com.unity.render-pipelines.universal/Editor/2D/PackageResources/ProfilerIcon/d_2D_Graphics@32.png - Importer: ScriptedImporter/UnityEditor.QuickSearchModule:UnityEditor.Search:ASIAI0B
Importing 'GUID: 5c293b913d2404a959cc5a69e0b04c95 - Path: Packages/com.unity.render-pipelines.universal/Editor/2D/PackageResources/ProfilerIcon/d_2D_Graphics@32.png - Importer: ScriptedImporter/UnityEditor.QuickSearchModule:UnityEditor.Search:ASIAI0B' with importer (ScriptedImporter : UnityEditor.QuickSearchModule:UnityEditor.Search:ASIAI0B)
Imported 'GUID: 5c293b913d2404a959cc5a69e0b04c95' -> (Import Result ID: '10e026d1f6e96d70afca177ee6c60a90') in 0.005 seconds [static and dynamic dependencies]. Details - ImportResultOutputID=d5e492e76e17569d2488352a8b164a41 DependenciesID=e221501eadaa05399a9617eceab1e335 StaticDependenciesID=646c608f0d5efa22197b58f00d3a19e7 
Number of updated asset objects reloaded before import = 0
Number of asset objects unloaded after import = 3
========================================================================
Received Import Request.
  Time of request: 2026-10-01T08:15:32.5849783Z
  Time since last request: 0.0134778 seconds.
  importAddress: GUID: ed7c0aacec26e9646b45c96fb318e5a3 - Path: Packages/com.unity.render-pipelines.universal/Editor/2D/ShaderGraph/Targets/UniversalSpriteUnlitSubTarget.cs - Importer: ScriptedImporter/UnityEditor.QuickSearchModule:UnityEditor.Search:ASIAI0B
Importing 'GUID: ed7c0aacec26e9646b45c96fb318e5a3 - Path: Packages/com.unity.render-pipelines.universal/Editor/2D/ShaderGraph/Targets/UniversalSpriteUnlitSubTarget.cs - Importer: ScriptedImporter/UnityEditor.QuickSearchModule:UnityEditor.Search:ASIAI0B' with importer (ScriptedImporter : UnityEditor.QuickSearchModule:UnityEditor.Search:ASIAI0B)
Imported 'GUID: ed7c0aacec26e9646b45c96fb318e5a3' -> (Import Result ID: 'ebdc47314e51f1cf33b3eaed571bfb70') in 0.002 seconds [static and dynamic dependencies]. Details - ImportResultOutputID=f621983f34d04e879d0fad3a59977848 DependenciesID=031b66ba7488cebe7361c4054e54f153 StaticDependenciesID=24f91406e78b6b3f000cfc17ed6eb024 
Number of updated asset objects reloaded before import = 0
Number of asset objects unloaded after import = 0
========================================================================
Received Import Request.
  Time of request: 2026-10-01T08:15:32.5981709Z
  Time since last request: 0.0004442 seconds.
  importAddress: GUID: ed5876db37f0e544c8ef9b9802eff934 - Path: Packages/com.unity.render-pipelines.universal/Runtime/2D/Shadows/Shadow Provider Utility/ShadowUtility.cs - Importer: ScriptedImporter/UnityEditor.QuickSearchModule:UnityEditor.Search:ASIAI0B
Importing 'GUID: ed5876db37f0e544c8ef9b9802eff934 - Path: Packages/com.unity.render-pipelines.universal/Runtime/2D/Shadows/Shadow Provider Utility/ShadowUtility.cs - Importer: ScriptedImporter/UnityEditor.QuickSearchModule:UnityEditor.Search:ASIAI0B' with importer (ScriptedImporter : UnityEditor.QuickSearchModule:UnityEditor.Search:ASIAI0B)
Imported 'GUID: ed5876db37f0e544c8ef9b9802eff934' -> (Import Result ID: 'afb282afa02131ff5a9407ea8f6d47bc') in 0.002 seconds [static and dynamic dependencies]. Details - ImportResultOutputID=1faa975dbc96530bfd971eda8b6cb66b DependenciesID=9d5bd8f6ced966c30d8ca636d87a87e0 StaticDependenciesID=c99d438e081a8c08461f2434ecf79500 
Number of updated asset objects reloaded before import = 0
Number of asset objects unloaded after import = 0
========================================================================
Received Import Request.
  Time of request: 2026-10-01T08:15:32.6089962Z
  Time since last request: 0.0003348 seconds.
  importAddress: GUID: 713d6952dfc661f44b856f1bfc9a4880 - Path: Packages/com.unity.render-pipelines.universal/Editor/ShaderGraph/Includes/Terrain/PBRForwardPass.hlsl - Importer: ScriptedImporter/UnityEditor.QuickSearchModule:UnityEditor.Search:ASIAI0B
Importing 'GUID: 713d6952dfc661f44b856f1bfc9a4880 - Path: Packages/com.unity.render-pipelines.universal/Editor/ShaderGraph/Includes/Terrain/PBRForwardPass.hlsl - Importer: ScriptedImporter/UnityEditor.QuickSearchModule:UnityEditor.Search:ASIAI0B' with importer (ScriptedImporter : UnityEditor.QuickSearchModule:UnityEditor.Search:ASIAI0B)
Imported 'GUID: 713d6952dfc661f44b856f1bfc9a4880' -> (Import Result ID: '1887facc2299eb365ae179b138cb7489') in 0.002 seconds [static and dynamic dependencies]. Details - ImportResultOutputID=f03c409bc8d9a3d7f2af93211f423760 DependenciesID=15ae66dfd60f96ccaa9baeb6d017feab StaticDependenciesID=f7e8019e49a3a026b53e7e892c2774e5 
Number of updated asset objects reloaded before import = 0
Number of asset objects unloaded after import = 1
========================================================================
Received Import Request.
  Time of request: 2026-10-01T08:15:32.620577Z
  Time since last request: 0.0003653 seconds.
  importAddress: GUID: 1f1277c79080f894d826683283a48ecf - Path: Packages/com.unity.render-pipelines.universal/Editor/Tools/Converters/AnimationClipConverter/AnimationClipConverter.cs - Importer: ScriptedImporter/UnityEditor.QuickSearchModule:UnityEditor.Search:ASIAI0B
Importing 'GUID: 1f1277c79080f894d826683283a48ecf - Path: Packages/com.unity.render-pipelines.universal/Editor/Tools/Converters/AnimationClipConverter/AnimationClipConverter.cs - Importer: ScriptedImporter/UnityEditor.QuickSearchModule:UnityEditor.Search:ASIAI0B' with importer (ScriptedImporter : UnityEditor.QuickSearchModule:UnityEditor.Search:ASIAI0B)
Imported 'GUID: 1f1277c79080f894d826683283a48ecf' -> (Import Result ID: 'a70831742296b1900a90d2954509328e') in 0.002 seconds [static and dynamic dependencies]. Details - ImportResultOutputID=c3c80c8d2282090fd55d118f863f4c59 DependenciesID=d0ef7489147c7acdda8bfae00fc6cb23 StaticDependenciesID=d61003f0f7ad74a6b66aed8b0862ce8b 
Number of updated asset objects reloaded before import = 0
Number of asset objects unloaded after import = 0
========================================================================
Received Import Request.
  Time of request: 2026-10-01T08:15:32.6314428Z
  Time since last request: 0.000367 seconds.
  importAddress: GUID: 3a737aafdc720423fac5e90590a0f05f - Path: Packages/com.unity.render-pipelines.universal/Editor/ShaderGraph/Includes/Terrain/TerrainVert.hlsl - Importer: ScriptedImporter/UnityEditor.QuickSearchModule:UnityEditor.Search:ASIAI0B
Importing 'GUID: 3a737aafdc720423fac5e90590a0f05f - Path: Packages/com.unity.render-pipelines.universal/Editor/ShaderGraph/Includes/Terrain/TerrainVert.hlsl - Importer: ScriptedImporter/UnityEditor.QuickSearchModule:UnityEditor.Search:ASIAI0B' with importer (ScriptedImporter : UnityEditor.QuickSearchModule:UnityEditor.Search:ASIAI0B)
Imported 'GUID: 3a737aafdc720423fac5e90590a0f05f' -> (Import Result ID: '8c6de11b4eb5b7a4fb51144fba573f67') in 0.002 seconds [static and dynamic dependencies]. Details - ImportResultOutputID=606baa56b601f42b82c816d6f9eb21c2 DependenciesID=b6b031174aa28d1945650965233d1b9b StaticDependenciesID=7f7a00ca7d653724ed5e5c547b8438ba 
Number of updated asset objects reloaded before import = 0
Number of asset objects unloaded after import = 1
========================================================================
Received Import Request.
  Time of request: 2026-10-01T08:15:32.641056Z
  Time since last request: 0.00032 seconds.
  importAddress: GUID: 49ad1c60b87587d439cb3bf92a9867d6 - Path: Packages/com.unity.render-pipelines.universal/Runtime/2D/Shadows/Shadow Provider Utility/IEdgeStore.cs - Importer: ScriptedImporter/UnityEditor.QuickSearchModule:UnityEditor.Search:ASIAI0B
Importing 'GUID: 49ad1c60b87587d439cb3bf92a9867d6 - Path: Packages/com.unity.render-pipelines.universal/Runtime/2D/Shadows/Shadow Provider Utility/IEdgeStore.cs - Importer: ScriptedImporter/UnityEditor.QuickSearchModule:UnityEditor.Search:ASIAI0B' with importer (ScriptedImporter : UnityEditor.QuickSearchModule:UnityEditor.Search:ASIAI0B)
Imported 'GUID: 49ad1c60b87587d439cb3bf92a9867d6' -> (Import Result ID: '417fe1f04b2b624d660f036c199ef966') in 0.002 seconds [static and dynamic dependencies]. Details - ImportResultOutputID=53dd35abc05e676fa2777744deb24b27 DependenciesID=7a0711b5a11e85618c7fff211a4bf443 StaticDependenciesID=dd5a2fd392f2b0406e68ceed31185381 
Number of updated asset objects reloaded before import = 0
Number of asset objects unloaded after import = 0
========================================================================
Received Import Request.
  Time of request: 2026-10-01T08:15:32.6510756Z
  Time since last request: 0.000412 seconds.
  importAddress: GUID: de06e51a002915c43a237aa558ee66e7 - Path: Packages/com.unity.render-pipelines.universal/Editor/2D/ShaderGraph/Targets/UniversalMeshUnlitInfo.cs - Importer: ScriptedImporter/UnityEditor.QuickSearchModule:UnityEditor.Search:ASIAI0B
Importing 'GUID: de06e51a002915c43a237aa558ee66e7 - Path: Packages/com.unity.render-pipelines.universal/Editor/2D/ShaderGraph/Targets/UniversalMeshUnlitInfo.cs - Importer: ScriptedImporter/UnityEditor.QuickSearchModule:UnityEditor.Search:ASIAI0B' with importer (ScriptedImporter : UnityEditor.QuickSearchModule:UnityEditor.Search:ASIAI0B)
Imported 'GUID: de06e51a002915c43a237aa558ee66e7' -> (Import Result ID: '5eb8f67ad0697570a7e15f2ba2a751d0') in 0.002 seconds [static and dynamic dependencies]. Details - ImportResultOutputID=4018f2cb18ecd734742605ba9bfa74a1 DependenciesID=826ef7fd7979648eb20aa1d4e9c64345 StaticDependenciesID=d2918d9693efd9b8cb57e3bb11f4fcb9 
Number of updated asset objects reloaded before import = 0
Number of asset objects unloaded after import = 0
========================================================================
Received Import Request.
  Time of request: 2026-10-01T08:15:32.6768025Z
  Time since last request: 0.0160301 seconds.
  importAddress: GUID: 63521e524f5ad0e4c96e22187d781a46 - Path: Packages/com.unity.render-pipelines.universal/Tests/Editor/Tools/Converters/RenderSettingsConverterTests.cs - Importer: ScriptedImporter/UnityEditor.QuickSearchModule:UnityEditor.Search:ASIAI0B
Importing 'GUID: 63521e524f5ad0e4c96e22187d781a46 - Path: Packages/com.unity.render-pipelines.universal/Tests/Editor/Tools/Converters/RenderSettingsConverterTests.cs - Importer: ScriptedImporter/UnityEditor.QuickSearchModule:UnityEditor.Search:ASIAI0B' with importer (ScriptedImporter : UnityEditor.QuickSearchModule:UnityEditor.Search:ASIAI0B)
Imported 'GUID: 63521e524f5ad0e4c96e22187d781a46' -> (Import Result ID: '411b1a056e5489d60d041bdf327ec8ad') in 0.002 seconds [static and dynamic dependencies]. Details - ImportResultOutputID=9e2f0686c9170cf12fb66c06711d88dd DependenciesID=c358c0d0cbff4ed2a62d19403772b07b StaticDependenciesID=f91b9a66dac7cb986ba4ae2859d2e056 
Number of updated asset objects reloaded before import = 0
Number of asset objects unloaded after import = 0
========================================================================
Received Import Request.
  Time of request: 2026-10-01T08:15:32.711704Z
  Time since last request: 0.0257807 seconds.
  importAddress: GUID: 4b313a234ad620945b078e06349d46f5 - Path: Packages/com.unity.render-pipelines.universal/Editor/VFXGraph/Shaders/Templates/ParticleMeshesLit/PassVelocity.template - Importer: ScriptedImporter/UnityEditor.QuickSearchModule:UnityEditor.Search:ASIAI0B
Importing 'GUID: 4b313a234ad620945b078e06349d46f5 - Path: Packages/com.unity.render-pipelines.universal/Editor/VFXGraph/Shaders/Templates/ParticleMeshesLit/PassVelocity.template - Importer: ScriptedImporter/UnityEditor.QuickSearchModule:UnityEditor.Search:ASIAI0B' with importer (ScriptedImporter : UnityEditor.QuickSearchModule:UnityEditor.Search:ASIAI0B)
Imported 'GUID: 4b313a234ad620945b078e06349d46f5' -> (Import Result ID: 'b4307062e6e3c8e4b6170689ad0a143b') in 0.002 seconds [static and dynamic dependencies]. Details - ImportResultOutputID=e7f5b87b3a5ec399e94db186a153bbe1 DependenciesID=420c99c613cbd753a1aca1e339beeff2 StaticDependenciesID=dd099af09d91243c30558ba430639766 
Number of updated asset objects reloaded before import = 0
Number of asset objects unloaded after import = 1
========================================================================
Received Import Request.
  Time of request: 2026-10-01T08:15:32.7217773Z
  Time since last request: 0.0004101 seconds.
  importAddress: GUID: f3ec7f3c24cdbba49986aa6478b5867f - Path: Packages/com.unity.render-pipelines.universal/Editor/VFXGraph/Shaders/Templates/ParticleLines/PassForward2D.template - Importer: ScriptedImporter/UnityEditor.QuickSearchModule:UnityEditor.Search:ASIAI0B
Importing 'GUID: f3ec7f3c24cdbba49986aa6478b5867f - Path: Packages/com.unity.render-pipelines.universal/Editor/VFXGraph/Shaders/Templates/ParticleLines/PassForward2D.template - Importer: ScriptedImporter/UnityEditor.QuickSearchModule:UnityEditor.Search:ASIAI0B' with importer (ScriptedImporter : UnityEditor.QuickSearchModule:UnityEditor.Search:ASIAI0B)
Imported 'GUID: f3ec7f3c24cdbba49986aa6478b5867f' -> (Import Result ID: '2fe8ae572d33461e3af80a6a493145a6') in 0.002 seconds [static and dynamic dependencies]. Details - ImportResultOutputID=88e6be839a71809ad3765460d47b66c1 DependenciesID=2af35256efa8fdadf0589ea805666bba StaticDependenciesID=3f1bde4289e274c14d5bcb70dfeec30e 
Number of updated asset objects reloaded before import = 0
Number of asset objects unloaded after import = 1
========================================================================
Received Import Request.
  Time of request: 2026-10-01T08:15:32.7324058Z
  Time since last request: 0.0003387 seconds.
  importAddress: GUID: 23f922a362522a540b38b85bb2a5353f - Path: Packages/com.unity.render-pipelines.universal/Editor/VFXGraph/Shaders/Templates/ParticleMeshesLit/PassDepth.template - Importer: ScriptedImporter/UnityEditor.QuickSearchModule:UnityEditor.Search:ASIAI0B
Importing 'GUID: 23f922a362522a540b38b85bb2a5353f - Path: Packages/com.unity.render-pipelines.universal/Editor/VFXGraph/Shaders/Templates/ParticleMeshesLit/PassDepth.template - Importer: ScriptedImporter/UnityEditor.QuickSearchModule:UnityEditor.Search:ASIAI0B' with importer (ScriptedImporter : UnityEditor.QuickSearchModule:UnityEditor.Search:ASIAI0B)
Imported 'GUID: 23f922a362522a540b38b85bb2a5353f' -> (Import Result ID: '68190e30c917cb2979f94207b02d2749') in 0.002 seconds [static and dynamic dependencies]. Details - ImportResultOutputID=9868640d3e31f5237a64ec4627c15f44 DependenciesID=ac5590b89ccc33b5f41073e1fab19fd4 StaticDependenciesID=7ba55634b950a5a64214bb5374d5b115 
Number of updated asset objects reloaded before import = 0
Number of asset objects unloaded after import = 1
========================================================================
Received Import Request.
  Time of request: 2026-10-01T08:15:32.7439474Z
  Time since last request: 0.000326 seconds.
  importAddress: GUID: 268a144f637cfd343e3952cf770998d5 - Path: Packages/com.unity.render-pipelines.universal/Editor/VFXGraph/Shaders/Templates/ParticleMeshesLit/PassGBuffer.template - Importer: ScriptedImporter/UnityEditor.QuickSearchModule:UnityEditor.Search:ASIAI0B
Importing 'GUID: 268a144f637cfd343e3952cf770998d5 - Path: Packages/com.unity.render-pipelines.universal/Editor/VFXGraph/Shaders/Templates/ParticleMeshesLit/PassGBuffer.template - Importer: ScriptedImporter/UnityEditor.QuickSearchModule:UnityEditor.Search:ASIAI0B' with importer (ScriptedImporter : UnityEditor.QuickSearchModule:UnityEditor.Search:ASIAI0B)
Imported 'GUID: 268a144f637cfd343e3952cf770998d5' -> (Import Result ID: '59c25e65014912c6bf8d4fb9a99f7e6a') in 0.002 seconds [static and dynamic dependencies]. Details - ImportResultOutputID=3b68b01275f202fe9456b7dcb015e8c2 DependenciesID=8d7335256793ca6525207ed046274d08 StaticDependenciesID=8b4deaac012c534db74c028a540a4222 
Number of updated asset objects reloaded before import = 0
Number of asset objects unloaded after import = 1
========================================================================
Received Import Request.
  Time of request: 2026-10-01T08:15:32.7669193Z
  Time since last request: 0.0128773 seconds.
  importAddress: GUID: 05e93de33ef62d64ab09aff3cc9f5d1c - Path: Packages/com.unity.graph-authoring/Editor/ProviderSystem/StrongHeader.cs - Importer: ScriptedImporter/UnityEditor.QuickSearchModule:UnityEditor.Search:ASIAI0B
Importing 'GUID: 05e93de33ef62d64ab09aff3cc9f5d1c - Path: Packages/com.unity.graph-authoring/Editor/ProviderSystem/StrongHeader.cs - Importer: ScriptedImporter/UnityEditor.QuickSearchModule:UnityEditor.Search:ASIAI0B' with importer (ScriptedImporter : UnityEditor.QuickSearchModule:UnityEditor.Search:ASIAI0B)
Imported 'GUID: 05e93de33ef62d64ab09aff3cc9f5d1c' -> (Import Result ID: 'bf67a9e79cb0fbef6506919aad5e6cda') in 0.002 seconds [static and dynamic dependencies]. Details - ImportResultOutputID=47cbb919f9b33c4d7425adea5e885cce DependenciesID=75220e94c6dbf6ba7ad0bde77e4eb766 StaticDependenciesID=f50ab9ce3d524d3d9b482742c46d9e1a 
Number of updated asset objects reloaded before import = 0
Number of asset objects unloaded after import = 0
========================================================================
Received Import Request.
  Time of request: 2026-10-01T08:15:32.7796754Z
  Time since last request: 0.0006445 seconds.
  importAddress: GUID: 2b11bfddec26147629f596445bf1a077 - Path: Packages/com.unity.render-pipelines.universal/Tests/Editor/Tools/Converters/MaterialUpgrader/SpeedTree7MaterialUpgraderTest.cs - Importer: ScriptedImporter/UnityEditor.QuickSearchModule:UnityEditor.Search:ASIAI0B
Importing 'GUID: 2b11bfddec26147629f596445bf1a077 - Path: Packages/com.unity.render-pipelines.universal/Tests/Editor/Tools/Converters/MaterialUpgrader/SpeedTree7MaterialUpgraderTest.cs - Importer: ScriptedImporter/UnityEditor.QuickSearchModule:UnityEditor.Search:ASIAI0B' with importer (ScriptedImporter : UnityEditor.QuickSearchModule:UnityEditor.Search:ASIAI0B)
Imported 'GUID: 2b11bfddec26147629f596445bf1a077' -> (Import Result ID: '1d13e6e4ce58554033334e2a78548585') in 0.002 seconds [static and dynamic dependencies]. Details - ImportResultOutputID=f6d3016d80ba1806adaedfa6167e329f DependenciesID=8d400e4fea1a6b82acbcf4c7e9572996 StaticDependenciesID=02d20baa01e84dc5bbcf29d9a8ce1b77 
Number of updated asset objects reloaded before import = 0
Number of asset objects unloaded after import = 0
========================================================================
Received Import Request.
  Time of request: 2026-10-01T08:15:32.7908115Z
  Time since last request: 0.0003406 seconds.
  importAddress: GUID: 11e54bd74ece90448b4934d1426aa761 - Path: Packages/com.unity.graph-authoring/Tests/Editor/Unity.GraphAuthoring.Editor.Tests.asmdef - Importer: ScriptedImporter/UnityEditor.QuickSearchModule:UnityEditor.Search:ASIAI0B
Importing 'GUID: 11e54bd74ece90448b4934d1426aa761 - Path: Packages/com.unity.graph-authoring/Tests/Editor/Unity.GraphAuthoring.Editor.Tests.asmdef - Importer: ScriptedImporter/UnityEditor.QuickSearchModule:UnityEditor.Search:ASIAI0B' with importer (ScriptedImporter : UnityEditor.QuickSearchModule:UnityEditor.Search:ASIAI0B)
Imported 'GUID: 11e54bd74ece90448b4934d1426aa761' -> (Import Result ID: 'f03859b3fd2022256f29a82919690ed0') in 0.002 seconds [static and dynamic dependencies]. Details - ImportResultOutputID=548a3044d1f3da850ed0df3ef184d42b DependenciesID=94072a64bb24518a769b2fb507f5c24e StaticDependenciesID=187038005d23493a5d8762ab78200484 
Number of updated asset objects reloaded before import = 0
Number of asset objects unloaded after import = 1
========================================================================
Received Import Request.
  Time of request: 2026-10-01T08:15:32.8013749Z
  Time since last request: 0.0005245 seconds.
  importAddress: GUID: 28cb5284b30f27f43acfde7190ececc6 - Path: Packages/com.unity.render-pipelines.universal-config/Tests/Editor/ConfigurationTest.cs - Importer: ScriptedImporter/UnityEditor.QuickSearchModule:UnityEditor.Search:ASIAI0B
Importing 'GUID: 28cb5284b30f27f43acfde7190ececc6 - Path: Packages/com.unity.render-pipelines.universal-config/Tests/Editor/ConfigurationTest.cs - Importer: ScriptedImporter/UnityEditor.QuickSearchModule:UnityEditor.Search:ASIAI0B' with importer (ScriptedImporter : UnityEditor.QuickSearchModule:UnityEditor.Search:ASIAI0B)
Imported 'GUID: 28cb5284b30f27f43acfde7190ececc6' -> (Import Result ID: 'f7692f9ebd81805e144c28f1784a63a8') in 0.001 seconds [static and dynamic dependencies]. Details - ImportResultOutputID=2cb6115f29660c6d71da9a827c73667b DependenciesID=c6362aa02400376b1d545bbb1d67cd7e StaticDependenciesID=73165745c83fbc98074b6d1c3ed037c1 
Number of updated asset objects reloaded before import = 0
Number of asset objects unloaded after import = 0
========================================================================
Received Import Request.
  Time of request: 2026-10-01T08:15:32.8229717Z
  Time since last request: 0.0120842 seconds.
  importAddress: GUID: 9f843d4b38153f04b9cee0502d568525 - Path: Packages/com.unity.test-framework.performance/Editor/Unity.PerformanceTesting.Editor.asmdef - Importer: ScriptedImporter/UnityEditor.QuickSearchModule:UnityEditor.Search:ASIAI0B
Importing 'GUID: 9f843d4b38153f04b9cee0502d568525 - Path: Packages/com.unity.test-framework.performance/Editor/Unity.PerformanceTesting.Editor.asmdef - Importer: ScriptedImporter/UnityEditor.QuickSearchModule:UnityEditor.Search:ASIAI0B' with importer (ScriptedImporter : UnityEditor.QuickSearchModule:UnityEditor.Search:ASIAI0B)
Imported 'GUID: 9f843d4b38153f04b9cee0502d568525' -> (Import Result ID: 'daaba8ca0d6a6c5350b3c9208e8c393f') in 0.002 seconds [static and dynamic dependencies]. Details - ImportResultOutputID=9e668ce354654482a4cc7d089f48bda3 DependenciesID=c0228eb1e94057d5b560949d465d24a2 StaticDependenciesID=376009824340935bcf90c856a5f1d896 
Number of updated asset objects reloaded before import = 0
Number of asset objects unloaded after import = 1
========================================================================
Received Import Request.
  Time of request: 2026-10-01T08:15:32.8346758Z
  Time since last request: 0.0004016 seconds.
  importAddress: GUID: f660b03f07d34d62990e579338856f5f - Path: Packages/com.unity.test-framework.performance/Editor/UIElements/ToolbarWithSearch.cs - Importer: ScriptedImporter/UnityEditor.QuickSearchModule:UnityEditor.Search:ASIAI0B
Importing 'GUID: f660b03f07d34d62990e579338856f5f - Path: Packages/com.unity.test-framework.performance/Editor/UIElements/ToolbarWithSearch.cs - Importer: ScriptedImporter/UnityEditor.QuickSearchModule:UnityEditor.Search:ASIAI0B' with importer (ScriptedImporter : UnityEditor.QuickSearchModule:UnityEditor.Search:ASIAI0B)
Imported 'GUID: f660b03f07d34d62990e579338856f5f' -> (Import Result ID: '12fdf7780b11c3f46d53496897fdb027') in 0.002 seconds [static and dynamic dependencies]. Details - ImportResultOutputID=b30753496c437effc83d0bd310cc2845 DependenciesID=daef69c8951381429510f97dca2b95dc StaticDependenciesID=17861acb370e575613fc65ea261c9cea 
Number of updated asset objects reloaded before import = 0
Number of asset objects unloaded after import = 0
========================================================================
Received Import Request.
  Time of request: 2026-10-01T08:15:32.8451714Z
  Time since last request: 0.0003705 seconds.
  importAddress: GUID: 0d9f444a464203c478024791eff61732 - Path: Packages/com.unity.test-framework.performance/Runtime/Attributes/RequiredMemberAttribute.cs - Importer: ScriptedImporter/UnityEditor.QuickSearchModule:UnityEditor.Search:ASIAI0B
Importing 'GUID: 0d9f444a464203c478024791eff61732 - Path: Packages/com.unity.test-framework.performance/Runtime/Attributes/RequiredMemberAttribute.cs - Importer: ScriptedImporter/UnityEditor.QuickSearchModule:UnityEditor.Search:ASIAI0B' with importer (ScriptedImporter : UnityEditor.QuickSearchModule:UnityEditor.Search:ASIAI0B)
Imported 'GUID: 0d9f444a464203c478024791eff61732' -> (Import Result ID: '14e4300ed055521f7ea10f6637ef5786') in 0.004 seconds [static and dynamic dependencies]. Details - ImportResultOutputID=503506d443ca94e186cac83a89d0ca9a DependenciesID=f6b2e02333dbe2f2673d0f395f4b80e4 StaticDependenciesID=fd90368a68bdea12a8ff422d0a784c47 
Number of updated asset objects reloaded before import = 0
Number of asset objects unloaded after import = 0
========================================================================
Received Import Request.
  Time of request: 2026-10-01T08:15:32.8570628Z
  Time since last request: 0.0003193 seconds.
  importAddress: GUID: c9c6fc292cac43d7a2bc05803fd5f49f - Path: Packages/com.unity.test-framework.performance/Runtime/Meters/IStopWatch.cs - Importer: ScriptedImporter/UnityEditor.QuickSearchModule:UnityEditor.Search:ASIAI0B
Importing 'GUID: c9c6fc292cac43d7a2bc05803fd5f49f - Path: Packages/com.unity.test-framework.performance/Runtime/Meters/IStopWatch.cs - Importer: ScriptedImporter/UnityEditor.QuickSearchModule:UnityEditor.Search:ASIAI0B' with importer (ScriptedImporter : UnityEditor.QuickSearchModule:UnityEditor.Search:ASIAI0B)
Imported 'GUID: c9c6fc292cac43d7a2bc05803fd5f49f' -> (Import Result ID: '54b77a32db029f17486115ca7d25b6e3') in 0.002 seconds [static and dynamic dependencies]. Details - ImportResultOutputID=21e53ec7dc16141acbd1b0d99e630bc0 DependenciesID=63e6a19e4747f6cb145df1cb27649bf7 StaticDependenciesID=56f982d76e2d946543584cdc6d75784a 
Number of updated asset objects reloaded before import = 0
Number of asset objects unloaded after import = 0
========================================================================
Received Import Request.
  Time of request: 2026-10-01T08:15:32.8695938Z
  Time since last request: 0.0003661 seconds.
  importAddress: GUID: efe6c69ae14849341a7ea16ccb2f88ae - Path: Packages/com.unity.graph-authoring/Editor/ShaderImplementation/ShaderObjects/ShaderObjectDefinitions.cs - Importer: ScriptedImporter/UnityEditor.QuickSearchModule:UnityEditor.Search:ASIAI0B
Importing 'GUID: efe6c69ae14849341a7ea16ccb2f88ae - Path: Packages/com.unity.graph-authoring/Editor/ShaderImplementation/ShaderObjects/ShaderObjectDefinitions.cs - Importer: ScriptedImporter/UnityEditor.QuickSearchModule:UnityEditor.Search:ASIAI0B' with importer (ScriptedImporter : UnityEditor.QuickSearchModule:UnityEditor.Search:ASIAI0B)
Imported 'GUID: efe6c69ae14849341a7ea16ccb2f88ae' -> (Import Result ID: 'fa31d3ad60ac9c9d96816accf8e6cdab') in 0.002 seconds [static and dynamic dependencies]. Details - ImportResultOutputID=56d7414e60573441b2b38e9accc809b7 DependenciesID=7f04bafadd117b67af1c062153a0c2bc StaticDependenciesID=008acdc2857838351f943a41736d93f6 
Number of updated asset objects reloaded before import = 0
Number of asset objects unloaded after import = 0
========================================================================
Received Import Request.
  Time of request: 2026-10-01T08:15:32.882038Z
  Time since last request: 0.0005231 seconds.
  importAddress: GUID: 60f3b660212a40e7afb5bf15edcd64f2 - Path: Packages/com.unity.test-framework.performance/Runtime/Data/RunSettings.cs - Importer: ScriptedImporter/UnityEditor.QuickSearchModule:UnityEditor.Search:ASIAI0B
Importing 'GUID: 60f3b660212a40e7afb5bf15edcd64f2 - Path: Packages/com.unity.test-framework.performance/Runtime/Data/RunSettings.cs - Importer: ScriptedImporter/UnityEditor.QuickSearchModule:UnityEditor.Search:ASIAI0B' with importer (ScriptedImporter : UnityEditor.QuickSearchModule:UnityEditor.Search:ASIAI0B)
Imported 'GUID: 60f3b660212a40e7afb5bf15edcd64f2' -> (Import Result ID: '418f0e49c10c70d37dfe7868286a0088') in 0.002 seconds [static and dynamic dependencies]. Details - ImportResultOutputID=e8f11154c0738931e8f568055415a9aa DependenciesID=d3cfaa611775fac247f9585acdae47d3 StaticDependenciesID=fa7d490ad5bf02f8f126032fb2cb1148 
Number of updated asset objects reloaded before import = 0
Number of asset objects unloaded after import = 0
========================================================================
Received Import Request.
  Time of request: 2026-10-01T08:15:32.9095313Z
  Time since last request: 0.0175793 seconds.
  importAddress: GUID: 00438930dbe34b76b23c0046d05948b1 - Path: Packages/com.unity.test-framework.performance/Runtime/Statistics/ConfidenceLevel.cs - Importer: ScriptedImporter/UnityEditor.QuickSearchModule:UnityEditor.Search:ASIAI0B
Importing 'GUID: 00438930dbe34b76b23c0046d05948b1 - Path: Packages/com.unity.test-framework.performance/Runtime/Statistics/ConfidenceLevel.cs - Importer: ScriptedImporter/UnityEditor.QuickSearchModule:UnityEditor.Search:ASIAI0B' with importer (ScriptedImporter : UnityEditor.QuickSearchModule:UnityEditor.Search:ASIAI0B)
Imported 'GUID: 00438930dbe34b76b23c0046d05948b1' -> (Import Result ID: '80834d6e83ecff76de33d7f0b088ab7f') in 0.002 seconds [static and dynamic dependencies]. Details - ImportResultOutputID=7ef4a722fe01e541149a3061212139bf DependenciesID=13d7d69ce7dd723f5dec6be542a725f4 StaticDependenciesID=1556356f3a9bd59585cb4c55202487f2 
Number of updated asset objects reloaded before import = 0
Number of asset objects unloaded after import = 0
Editor requested this worker to shutdown with reason: Scaling down because of idle timeout
AcceleratorClientConnectionCallback - disconnected - :0
AssetImportWorker is now disconnected from the server
Process exiting
[ExitDontLaunchBugReporter] Exiting without the bug reporter. Application will exit with return code 0
