[UnityConnectServicesConfig] Local config successfully read: "/usr/share/unity3d/config/services-config.json"
[UnityConnectServicesConfig] Service configuration:
    "servicesConfigBaseUrl": "",
    "disableServicesWindow": false,
    "disableUserLogin": false,
    "entitlementCacheTimeoutInSeconds": 60,
    "clientConnectTimeoutSec": 60,
    "clientHandshakeTimeoutSec": 30,
    "clientResolveEntitlementsTimeoutSec": 30,
    "clientUpdateLicenseTimeoutSec": 30,
    "licensingServiceBaseUrl": "",
    "enableProxyAutoconfig": "false"

Unity Editor version:    6000.6.3f1 (45d8eee7de74)
Branch:                  6000.6/staging
Build type:              Release
Batch mode:              YES
System name:             Linux
Distro version:          #1 SMP PREEMPT_DYNAMIC Sat, 26 Sep 2026 19:43:45 +0000
Kernel version:          7.2.8-1-cachyos
Architecture:            x86_64
Window Protocol:         Wayland (XWayland)
Available memory:        64047 MB
Date:                    2026-10-02T14:24:08Z
[Licensing::Module] Trying to connect to existing licensing client channel...
[Licensing::IpcConnector] Successfully connected to: "LicenseClient-mage" at "2026-10-02T14:24:08.345893Z"
[SignatureVerifier] Application signature verification not supported on this platform.
[Licensing::Client] Error: HandshakeResponse reported an error:
	ResponseCode: 505
	ResponseStatus: Unsupported protocol version '1.18.3'.
[Licensing::Module] Error: Failed to handshake to channel: "LicenseClient-mage"
[Licensing::IpcConnector] LicenseClient-mage channel disconnected successfully.
[Licensing::IpcConnector] Successfully connected to: "LicenseClient-mage-6000.6.3" at "2026-10-02T14:24:08.346645Z"
[SignatureVerifier] Application signature verification not supported on this platform.
[Licensing::Client] Handshaking with LicensingClient:
  Version:                 1.18.3+d7ffd15
  Session Id:              aba68bb111be4619aa0eb10fed1b5067
  Correlation Id:          738925bd1715f1e5c61aca61178681ec
  External correlation Id: 4613981561545929482
  Machine Id:              ff0yPQTja/m1oU2eAGX0rdG7sdg=
[Licensing::Module] Successfully connected to LicensingClient on channel: "LicenseClient-mage-6000.6.3" (connect: 0.00s, validation: 0.00s, handshake: 0.00s)
[Licensing::IpcConnector] Successfully connected to: "LicenseClient-mage-6000.6.3-notifications" at "2026-10-02T14:24:08.348472Z"
[Licensing::Module] Licensing Background thread has ended after 0.00s
Selected window backend: (null) 
Desktop is 2560 x 1600 @ 60 Hz
Initialize udev device monitor.

COMMAND LINE ARGUMENTS:
unityhub-unity-editor-6000.6.3f1
-adb2
-batchMode
-noUpm
-name
AssetImportWorkerHW0
-projectPath
/home/mage/opd-lab-2
-logFile
Logs/AssetImportWorkerHW0.log
-srvPort
46107
-parentPid
408409
-analyticsCloudUserId
anonymous
-analyticsCloudProjectId
a1edac4b-f7b7-494b-b609-a49f1cf416c8
-analyticsLocalProjectId
5c24d23f4249402418947dabd5687b1a
-editorAnalyticsEnabled
1
-cbmEditorLicense
b9fcd3483e2b5814f66e14825423dd23f41161ba
-cbmMachineId
ff0yPQTja/m1oU2eAGX0rdG7sdg=
-licensingIpc
LicenseClient-mage
-noDiagnosticSwitchPersistentStore
-job-worker-count
15
-background-job-worker-count
8
-asset-garbage-collectors
1
-force-vulkan
Successfully changed project path to: /home/mage/opd-lab-2
/home/mage/opd-lab-2
[UnityMemory] Configuration Parameters - Can be set up in boot.config
    "memorysetup-temp-allocator-size-gi-baking-worker=262144"
    "memorysetup-temp-allocator-size-gi-baking-worker=262144"
    "memorysetup-temp-allocator-size-gi-baking-worker=262144"
    "memorysetup-temp-allocator-size-gi-baking-worker=262144"
    "memorysetup-temp-allocator-size-gi-baking-worker=262144"
    "memorysetup-temp-allocator-size-nav-mesh-worker=65536"
    "memorysetup-temp-allocator-size-audio-worker=65536"
    "memorysetup-temp-allocator-size-cloud-worker=32768"
    "memorysetup-temp-allocator-size-preload-manager=33554432"
    "memorysetup-remapper-allocator-initial-capacity=32768"
    "memorysetup-temp-allocator-size-gfx=262144"
    "memorysetup-allocator-temp-initial-block-size-main=262144"
    "memorysetup-allocator-temp-initial-block-size-worker=262144"
    "memorysetup-temp-allocator-size-background-worker=32768"
    "memorysetup-temp-allocator-size-job-worker=262144"
    "memorysetup-bucket-allocator-granularity=16"
    "memorysetup-bucket-allocator-bucket-count=8"
    "memorysetup-bucket-allocator-block-size=33554432"
    "memorysetup-bucket-allocator-block-count=8"
    "memorysetup-main-allocator-block-size=16777216"
    "memorysetup-thread-allocator-block-size=16777216"
    "memorysetup-main-allocator-mimalloc-enabled=1"
    "memorysetup-gfx-main-allocator-block-size=16777216"
    "memorysetup-gfx-thread-allocator-block-size=16777216"
    "memorysetup-cache-allocator-block-size=4194304"
    "memorysetup-typetree-allocator-block-size=2097152"
    "memorysetup-profiler-bucket-allocator-granularity=16"
    "memorysetup-profiler-bucket-allocator-bucket-count=8"
    "memorysetup-profiler-bucket-allocator-block-size=33554432"
    "memorysetup-profiler-bucket-allocator-block-count=8"
    "memorysetup-profiler-allocator-block-size=16777216"
    "memorysetup-profiler-editor-allocator-block-size=1048576"
    "memorysetup-temp-allocator-size-main=16777216"
    "memorysetup-job-temp-allocator-block-size=2097152"
    "memorysetup-job-temp-allocator-block-size-background=1048576"
    "memorysetup-job-temp-allocator-reduction-small-platforms=262144"
Player connection [139941182851840]  Target information:

Player connection [139941182851840]  * "[IP] 100.117.44.127 [Port] 0 [Flags] 2 [Guid] 2139266715 [EditorId] 2139266715 [Version] 1048832 [Id] LinuxEditor(16,10.8.1.77) [Debug] 1 [PackageName] LinuxEditor [ProjectName] Editor" 

Player connection [139941182851840]  * "[IP] 10.8.1.77 [Port] 0 [Flags] 2 [Guid] 2139266715 [EditorId] 2139266715 [Version] 1048832 [Id] LinuxEditor(16,10.8.1.77) [Debug] 1 [PackageName] LinuxEditor [ProjectName] Editor" 

Player connection [139941182851840] Host joined multi-casting on [225.0.0.222:54997]...
Player connection [139941182851840] Host joined alternative multi-casting on [225.0.0.222:34997]...
JobSystem: Creating JobQueue using job-worker-count value 15
Input System module state changed to: Initialized.
[Physics::Module] Initialized fallback backend.
[Physics::Module] Id: 0xdecafbad
Library Redirect Path: Library/
Initialising UDS system complete:
  - System type: Client
  - Resource namespace: ebf5b63daa3dd5fb9bc7c1f7fbbc222f
  - Shared memory size: 1073741824
  - Command buffer id: 1052624
  - Command buffer size: 8192
  - Hashmap size: 4194304
  - Service connected: true
  - Service working directory: Library/DataStore/
[Physics::Module] Selected backend (deferred post-plugins).
[Physics::Module] Name: PhysX
[Physics::Module] Id: 0xf2b8ea05
[Physics::Module] SDK Version: 4.1.2
[Physics::Module] Integration Version: 1.0.0
[Physics::Module] Threading Mode: Multi-Threaded
Initialize engine version: 6000.6.3f1 (45d8eee7de74)
[EntityIdStore] init: VM path (explicit commit), pageSize=4096, blockCount=1048576, entitiesPerBlock=256, slots reserved=4294967296 bytes
[Subsystems] Discovering subsystems at path /home/mage/Unity/Hub/Editor/6000.6.3f1/Editor/Data/Resources/UnitySubsystems
[Subsystems] Discovering subsystems at path /home/mage/opd-lab-2/Assets
Forcing GfxDevice: Vulkan
GfxDevice: creating device client; kGfxThreadingModeThreaded
[vulkan] LoadVulkanLibrary libvulkan.so.1[vulkan] Loaded instance function vkGetInstanceProcAddr
[vulkan] Loaded instance function vkGetInstanceProcAddr
[vulkan] Loaded instance function vkCreateInstance
[vulkan] Loaded instance function vkEnumerateInstanceExtensionProperties
[vulkan] Loaded instance function vkEnumerateInstanceLayerProperties
[vulkan] Loaded instance function vkEnumerateInstanceVersion
[Vulkan init] extensions: count=27
[Vulkan init] extensions: name=VK_EXT_acquire_drm_display [enabled=0, external=0]
[Vulkan init] extensions: name=VK_EXT_acquire_xlib_display [enabled=0, external=0]
[Vulkan init] extensions: name=VK_EXT_debug_report [enabled=0, external=0]
[Vulkan init] extensions: name=VK_EXT_debug_utils [enabled=1, external=0]
[Vulkan init] extensions: name=VK_EXT_direct_mode_display [enabled=0, external=0]
[Vulkan init] extensions: name=VK_EXT_display_surface_counter [enabled=0, external=0]
[Vulkan init] extensions: name=VK_EXT_headless_surface [enabled=0, external=0]
[Vulkan init] extensions: name=VK_EXT_layer_settings [enabled=0, external=0]
[Vulkan init] extensions: name=VK_EXT_surface_maintenance1 [enabled=0, external=0]
[Vulkan init] extensions: name=VK_EXT_swapchain_colorspace [enabled=1, external=0]
[Vulkan init] extensions: name=VK_KHR_device_group_creation [enabled=0, external=0]
[Vulkan init] extensions: name=VK_KHR_display [enabled=1, external=0]
[Vulkan init] extensions: name=VK_KHR_external_fence_capabilities [enabled=1, external=0]
[Vulkan init] extensions: name=VK_KHR_external_memory_capabilities [enabled=1, external=0]
[Vulkan init] extensions: name=VK_KHR_external_semaphore_capabilities [enabled=1, external=0]
[Vulkan init] extensions: name=VK_KHR_get_display_properties2 [enabled=0, external=0]
[Vulkan init] extensions: name=VK_KHR_get_physical_device_properties2 [enabled=1, external=0]
[Vulkan init] extensions: name=VK_KHR_get_surface_capabilities2 [enabled=0, external=0]
[Vulkan init] extensions: name=VK_KHR_portability_enumeration [enabled=0, external=0]
[Vulkan init] extensions: name=VK_KHR_surface [enabled=1, external=0]
[Vulkan init] extensions: name=VK_KHR_surface_maintenance1 [enabled=0, external=0]
[Vulkan init] extensions: name=VK_KHR_surface_protected_capabilities [enabled=0, external=0]
[Vulkan init] extensions: name=VK_KHR_wayland_surface [enabled=1, external=0]
[Vulkan init] extensions: name=VK_KHR_xcb_surface [enabled=0, external=0]
[Vulkan init] extensions: name=VK_KHR_xlib_surface [enabled=1, external=0]
[Vulkan init] extensions: name=VK_LUNARG_direct_driver_loading [enabled=0, external=0]
[Vulkan init] extensions: name=VK_NV_display_stereo [enabled=0, external=0]
[vulkan] Loaded instance function vkDestroyInstance
[vulkan] Loaded instance function vkGetPhysicalDeviceProperties
[vulkan] Loaded instance function vkEnumeratePhysicalDevices
[Vulkan init] SelectPhysicalDevice requestedDeviceIndex=-1 xrDevice=(nil)
[Vulkan init] Physical Device 0x56364091aef0 [0]: "NVIDIA GeForce RTX 4080 Laptop GPU" deviceType=2 vendorID=10de deviceID=27e0
Vulkan detection: 2
[Vulkan init] extensions: count=27
[Vulkan init] extensions: name=VK_EXT_acquire_drm_display [enabled=0, external=0]
[Vulkan init] extensions: name=VK_EXT_acquire_xlib_display [enabled=0, external=0]
[Vulkan init] extensions: name=VK_EXT_debug_report [enabled=0, external=0]
[Vulkan init] extensions: name=VK_EXT_debug_utils [enabled=1, external=0]
[Vulkan init] extensions: name=VK_EXT_direct_mode_display [enabled=0, external=0]
[Vulkan init] extensions: name=VK_EXT_display_surface_counter [enabled=0, external=0]
[Vulkan init] extensions: name=VK_EXT_headless_surface [enabled=0, external=0]
[Vulkan init] extensions: name=VK_EXT_layer_settings [enabled=0, external=0]
[Vulkan init] extensions: name=VK_EXT_surface_maintenance1 [enabled=0, external=0]
[Vulkan init] extensions: name=VK_EXT_swapchain_colorspace [enabled=1, external=0]
[Vulkan init] extensions: name=VK_KHR_device_group_creation [enabled=0, external=0]
[Vulkan init] extensions: name=VK_KHR_display [enabled=1, external=0]
[Vulkan init] extensions: name=VK_KHR_external_fence_capabilities [enabled=1, external=0]
[Vulkan init] extensions: name=VK_KHR_external_memory_capabilities [enabled=1, external=0]
[Vulkan init] extensions: name=VK_KHR_external_semaphore_capabilities [enabled=1, external=0]
[Vulkan init] extensions: name=VK_KHR_get_display_properties2 [enabled=0, external=0]
[Vulkan init] extensions: name=VK_KHR_get_physical_device_properties2 [enabled=1, external=0]
[Vulkan init] extensions: name=VK_KHR_get_surface_capabilities2 [enabled=0, external=0]
[Vulkan init] extensions: name=VK_KHR_portability_enumeration [enabled=0, external=0]
[Vulkan init] extensions: name=VK_KHR_surface [enabled=1, external=0]
[Vulkan init] extensions: name=VK_KHR_surface_maintenance1 [enabled=0, external=0]
[Vulkan init] extensions: name=VK_KHR_surface_protected_capabilities [enabled=0, external=0]
[Vulkan init] extensions: name=VK_KHR_wayland_surface [enabled=1, external=0]
[Vulkan init] extensions: name=VK_KHR_xcb_surface [enabled=0, external=0]
[Vulkan init] extensions: name=VK_KHR_xlib_surface [enabled=1, external=0]
[Vulkan init] extensions: name=VK_LUNARG_direct_driver_loading [enabled=0, external=0]
[Vulkan init] extensions: name=VK_NV_display_stereo [enabled=0, external=0]
[vulkan] Loaded instance function vkDestroyInstance
[vulkan] Loaded instance function vkGetPhysicalDeviceProperties
[vulkan] Loaded instance function vkEnumeratePhysicalDevices
[vulkan] Loaded instance function vkGetDeviceProcAddr
[vulkan] Loaded instance function vkGetPhysicalDeviceFeatures
[vulkan] Loaded instance function vkGetPhysicalDeviceFormatProperties
[vulkan] Loaded instance function vkGetPhysicalDeviceImageFormatProperties
[vulkan] Loaded instance function vkGetPhysicalDeviceQueueFamilyProperties
[vulkan] Loaded instance function vkGetPhysicalDeviceMemoryProperties
[vulkan] Loaded instance function vkCreateDevice
[vulkan] Loaded instance function vkEnumerateDeviceExtensionProperties
[vulkan] Loaded instance function vkEnumerateDeviceLayerProperties
[vulkan] Loaded instance function vkGetPhysicalDeviceSparseImageFormatProperties
[vulkan] Loaded instance function vkDestroySurfaceKHR
[vulkan] Loaded instance function vkGetPhysicalDeviceSurfaceSupportKHR
[vulkan] Loaded instance function vkGetPhysicalDeviceSurfaceCapabilitiesKHR
[vulkan] Loaded instance function vkGetPhysicalDeviceSurfaceFormatsKHR
[vulkan] Loaded instance function vkGetPhysicalDeviceSurfacePresentModesKHR
[vulkan] Loaded instance function vkCreateSwapchainKHR
[vulkan] Loaded instance function vkDestroySwapchainKHR
[vulkan] Loaded instance function vkGetSwapchainImagesKHR
[vulkan] Loaded instance function vkAcquireNextImageKHR
[vulkan] Loaded instance function vkQueuePresentKHR
[vulkan] Loaded instance function vkGetPhysicalDeviceDisplayPropertiesKHR
[vulkan] Loaded instance function vkGetPhysicalDeviceDisplayPlanePropertiesKHR
[vulkan] Loaded instance function vkGetDisplayPlaneSupportedDisplaysKHR
[vulkan] Loaded instance function vkGetDisplayModePropertiesKHR
[vulkan] Loaded instance function vkCreateDisplayModeKHR
[vulkan] Loaded instance function vkGetDisplayPlaneCapabilitiesKHR
[vulkan] Loaded instance function vkCreateDisplayPlaneSurfaceKHR
[vulkan] Loaded instance function vkCreateSharedSwapchainsKHR
[vulkan] Loaded instance function vkCreateXlibSurfaceKHR
[vulkan] Loaded instance function vkGetPhysicalDeviceXlibPresentationSupportKHR
[vulkan] Loaded instance function vkSetHdrMetadataEXT
[vulkan] Loaded instance function vkGetPhysicalDeviceFeatures2KHR
[vulkan] Loaded instance function vkGetPhysicalDeviceProperties2KHR
[vulkan] Loaded instance function vkGetPhysicalDeviceFormatProperties2KHR
[vulkan] Loaded instance function vkGetPhysicalDeviceImageFormatProperties2KHR
[vulkan] Loaded instance function vkGetPhysicalDeviceQueueFamilyProperties2KHR
[vulkan] Loaded instance function vkGetPhysicalDeviceMemoryProperties2KHR
[vulkan] Loaded instance function vkGetPhysicalDeviceSparseImageFormatProperties2KHR
[vulkan] Loaded instance function vkGetSemaphoreFdKHR
[vulkan] Loaded instance function vkImportSemaphoreFdKHR
[vulkan] Loaded instance function vkGetFenceFdKHR
[vulkan] Loaded instance function vkImportFenceFdKHR
[vulkan] Loaded instance function vkCreateSamplerYcbcrConversionKHR
[vulkan] Loaded instance function vkDestroySamplerYcbcrConversionKHR
[vulkan] Loaded instance function vkBindBufferMemory2KHR
[vulkan] Loaded instance function vkBindImageMemory2KHR
[vulkan] Loaded instance function vkWaitForPresentKHR
[vulkan] Loaded instance function vkGetPhysicalDeviceExternalSemaphorePropertiesKHR
[vulkan] Loaded instance function vkGetPhysicalDeviceExternalFencePropertiesKHR
[vulkan] Loaded instance function vkGetPhysicalDeviceFragmentShadingRatesKHR
[vulkan] Loaded instance function vkSetDebugUtilsObjectNameEXT
[vulkan] Loaded instance function vkSetDebugUtilsObjectTagEXT
[vulkan] Loaded instance function vkQueueBeginDebugUtilsLabelEXT
[vulkan] Loaded instance function vkQueueEndDebugUtilsLabelEXT
[vulkan] Loaded instance function vkQueueInsertDebugUtilsLabelEXT
[vulkan] Loaded instance function vkCmdBeginDebugUtilsLabelEXT
[vulkan] Loaded instance function vkCmdEndDebugUtilsLabelEXT
[vulkan] Loaded instance function vkCmdInsertDebugUtilsLabelEXT
[Vulkan init] SelectPhysicalDevice requestedDeviceIndex=-1 xrDevice=(nil)
[Vulkan init] Physical Device 0x5636409153f0 [0]: "NVIDIA GeForce RTX 4080 Laptop GPU" deviceType=2 vendorID=10de deviceID=27e0
[Vulkan init] Selected physical device 0x5636409153f0
[Vulkan init] Graphics queue count=1
[Vulkan init] extensions: count=290
[Vulkan init] extensions: name=VK_AMD_buffer_marker [enabled=0, external=0]
[Vulkan init] extensions: name=VK_EXT_4444_formats [enabled=1, external=0]
[Vulkan init] extensions: name=VK_EXT_attachment_feedback_loop_dynamic_state [enabled=0, external=0]
[Vulkan init] extensions: name=VK_EXT_attachment_feedback_loop_layout [enabled=0, external=0]
[Vulkan init] extensions: name=VK_EXT_blend_operation_advanced [enabled=0, external=0]
[Vulkan init] extensions: name=VK_EXT_border_color_swizzle [enabled=0, external=0]
[Vulkan init] extensions: name=VK_EXT_buffer_device_address [enabled=0, external=0]
[Vulkan init] extensions: name=VK_EXT_calibrated_timestamps [enabled=0, external=0]
[Vulkan init] extensions: name=VK_EXT_color_write_enable [enabled=0, external=0]
[Vulkan init] extensions: name=VK_EXT_conditional_rendering [enabled=0, external=0]
[Vulkan init] extensions: name=VK_EXT_conservative_rasterization [enabled=1, external=0]
[Vulkan init] extensions: name=VK_EXT_custom_border_color [enabled=0, external=0]
[Vulkan init] extensions: name=VK_EXT_custom_resolve [enabled=0, external=0]
[Vulkan init] extensions: name=VK_EXT_depth_bias_control [enabled=0, external=0]
[Vulkan init] extensions: name=VK_EXT_depth_clamp_control [enabled=0, external=0]
[Vulkan init] extensions: name=VK_EXT_depth_clamp_zero_one [enabled=0, external=0]
[Vulkan init] extensions: name=VK_EXT_depth_clip_control [enabled=0, external=0]
[Vulkan init] extensions: name=VK_EXT_depth_clip_enable [enabled=0, external=0]
[Vulkan init] extensions: name=VK_EXT_depth_range_unrestricted [enabled=0, external=0]
[Vulkan init] extensions: name=VK_EXT_descriptor_buffer [enabled=0, external=0]
[Vulkan init] extensions: name=VK_EXT_descriptor_heap [enabled=0, external=0]
[Vulkan init] extensions: name=VK_EXT_descriptor_indexing [enabled=0, external=0]
[Vulkan init] extensions: name=VK_EXT_device_address_binding_report [enabled=0, external=0]
[Vulkan init] extensions: name=VK_EXT_device_fault [enabled=0, external=0]
[Vulkan init] extensions: name=VK_EXT_device_generated_commands [enabled=0, external=0]
[Vulkan init] extensions: name=VK_EXT_device_memory_report [enabled=0, external=0]
[Vulkan init] extensions: name=VK_EXT_discard_rectangles [enabled=0, external=0]
[Vulkan init] extensions: name=VK_EXT_display_control [enabled=0, external=0]
[Vulkan init] extensions: name=VK_EXT_dynamic_rendering_unused_attachments [enabled=0, external=0]
[Vulkan init] extensions: name=VK_EXT_extended_dynamic_state [enabled=0, external=0]
[Vulkan init] extensions: name=VK_EXT_extended_dynamic_state2 [enabled=0, external=0]
[Vulkan init] extensions: name=VK_EXT_extended_dynamic_state3 [enabled=0, external=0]
[Vulkan init] extensions: name=VK_EXT_external_memory_dma_buf [enabled=0, external=0]
[Vulkan init] extensions: name=VK_EXT_external_memory_host [enabled=1, external=0]
[Vulkan init] extensions: name=VK_EXT_fragment_shader_interlock [enabled=0, external=0]
[Vulkan init] extensions: name=VK_EXT_global_priority [enabled=0, external=0]
[Vulkan init] extensions: name=VK_EXT_global_priority_query [enabled=0, external=0]
[Vulkan init] extensions: name=VK_EXT_graphics_pipeline_library [enabled=0, external=0]
[Vulkan init] extensions: name=VK_EXT_hdr_metadata [enabled=1, external=0]
[Vulkan init] extensions: name=VK_EXT_host_image_copy [enabled=0, external=0]
[Vulkan init] extensions: name=VK_EXT_host_query_reset [enabled=0, external=0]
[Vulkan init] extensions: name=VK_EXT_image_2d_view_of_3d [enabled=0, external=0]
[Vulkan init] extensions: name=VK_EXT_image_drm_format_modifier [enabled=0, external=0]
[Vulkan init] extensions: name=VK_EXT_image_robustness [enabled=0, external=0]
[Vulkan init] extensions: name=VK_EXT_image_sliced_view_of_3d [enabled=0, external=0]
[Vulkan init] extensions: name=VK_EXT_image_view_min_lod [enabled=0, external=0]
[Vulkan init] extensions: name=VK_EXT_index_type_uint8 [enabled=0, external=0]
[Vulkan init] extensions: name=VK_EXT_inline_uniform_block [enabled=0, external=0]
[Vulkan init] extensions: name=VK_EXT_legacy_vertex_attributes [enabled=0, external=0]
[Vulkan init] extensions: name=VK_EXT_line_rasterization [enabled=0, external=0]
[Vulkan init] extensions: name=VK_EXT_load_store_op_none [enabled=1, external=0]
[Vulkan init] extensions: name=VK_EXT_map_memory_placed [enabled=0, external=0]
[Vulkan init] extensions: name=VK_EXT_memory_budget [enabled=1, external=0]
[Vulkan init] extensions: name=VK_EXT_memory_decompression [enabled=0, external=0]
[Vulkan init] extensions: name=VK_EXT_memory_priority [enabled=1, external=0]
[Vulkan init] extensions: name=VK_EXT_mesh_shader [enabled=0, external=0]
[Vulkan init] extensions: name=VK_EXT_multi_draw [enabled=0, external=0]
[Vulkan init] extensions: name=VK_EXT_mutable_descriptor_type [enabled=0, external=0]
[Vulkan init] extensions: name=VK_EXT_nested_command_buffer [enabled=0, external=0]
[Vulkan init] extensions: name=VK_EXT_non_seamless_cube_map [enabled=0, external=0]
[Vulkan init] extensions: name=VK_EXT_opacity_micromap [enabled=0, external=0]
[Vulkan init] extensions: name=VK_EXT_pageable_device_local_memory [enabled=0, external=0]
[Vulkan init] extensions: name=VK_EXT_pci_bus_info [enabled=0, external=0]
[Vulkan init] extensions: name=VK_EXT_physical_device_drm [enabled=0, external=0]
[Vulkan init] extensions: name=VK_EXT_pipeline_creation_cache_control [enabled=0, external=0]
[Vulkan init] extensions: name=VK_EXT_pipeline_creation_feedback [enabled=0, external=0]
[Vulkan init] extensions: name=VK_EXT_pipeline_library_group_handles [enabled=0, external=0]
[Vulkan init] extensions: name=VK_EXT_pipeline_robustness [enabled=0, external=0]
[Vulkan init] extensions: name=VK_EXT_post_depth_coverage [enabled=0, external=0]
[Vulkan init] extensions: name=VK_EXT_present_mode_fifo_latest_ready [enabled=0, external=0]
[Vulkan init] extensions: name=VK_EXT_present_timing [enabled=0, external=0]
[Vulkan init] extensions: name=VK_EXT_primitive_restart_index [enabled=0, external=0]
[Vulkan init] extensions: name=VK_EXT_primitive_topology_list_restart [enabled=0, external=0]
[Vulkan init] extensions: name=VK_EXT_primitives_generated_query [enabled=0, external=0]
[Vulkan init] extensions: name=VK_EXT_private_data [enabled=0, external=0]
[Vulkan init] extensions: name=VK_EXT_provoking_vertex [enabled=0, external=0]
[Vulkan init] extensions: name=VK_EXT_queue_family_foreign [enabled=1, external=0]
[Vulkan init] extensions: name=VK_EXT_ray_tracing_invocation_reorder [enabled=0, external=0]
[Vulkan init] extensions: name=VK_EXT_robustness2 [enabled=0, external=0]
[Vulkan init] extensions: name=VK_EXT_sample_locations [enabled=0, external=0]
[Vulkan init] extensions: name=VK_EXT_sampler_filter_minmax [enabled=0, external=0]
[Vulkan init] extensions: name=VK_EXT_scalar_block_layout [enabled=1, external=0]
[Vulkan init] extensions: name=VK_EXT_separate_stencil_usage [enabled=0, external=0]
[Vulkan init] extensions: name=VK_EXT_shader_64bit_indexing [enabled=0, external=0]
[Vulkan init] extensions: name=VK_EXT_shader_atomic_float [enabled=0, external=0]
[Vulkan init] extensions: name=VK_EXT_shader_demote_to_helper_invocation [enabled=1, external=0]
[Vulkan init] extensions: name=VK_EXT_shader_float8 [enabled=0, external=0]
[Vulkan init] extensions: name=VK_EXT_shader_image_atomic_int64 [enabled=0, external=0]
[Vulkan init] extensions: name=VK_EXT_shader_long_vector [enabled=0, external=0]
[Vulkan init] extensions: name=VK_EXT_shader_module_identifier [enabled=0, external=0]
[Vulkan init] extensions: name=VK_EXT_shader_object [enabled=0, external=0]
[Vulkan init] extensions: name=VK_EXT_shader_replicated_composites [enabled=0, external=0]
[Vulkan init] extensions: name=VK_EXT_shader_split_barrier [enabled=0, external=0]
[Vulkan init] extensions: name=VK_EXT_shader_subgroup_ballot [enabled=0, external=0]
[Vulkan init] extensions: name=VK_EXT_shader_subgroup_partitioned [enabled=0, external=0]
[Vulkan init] extensions: name=VK_EXT_shader_subgroup_vote [enabled=0, external=0]
[Vulkan init] extensions: name=VK_EXT_shader_uniform_buffer_unsized_array [enabled=0, external=0]
[Vulkan init] extensions: name=VK_EXT_shader_viewport_index_layer [enabled=1, external=0]
[Vulkan init] extensions: name=VK_EXT_subgroup_size_control [enabled=0, external=0]
[Vulkan init] extensions: name=VK_EXT_swapchain_maintenance1 [enabled=0, external=0]
[Vulkan init] extensions: name=VK_EXT_texel_buffer_alignment [enabled=0, external=0]
[Vulkan init] extensions: name=VK_EXT_tooling_info [enabled=0, external=0]
[Vulkan init] extensions: name=VK_EXT_transform_feedback [enabled=0, external=0]
[Vulkan init] extensions: name=VK_EXT_vertex_attribute_divisor [enabled=0, external=0]
[Vulkan init] extensions: name=VK_EXT_vertex_attribute_robustness [enabled=0, external=0]
[Vulkan init] extensions: name=VK_EXT_vertex_input_dynamic_state [enabled=1, external=0]
[Vulkan init] extensions: name=VK_EXT_ycbcr_2plane_444_formats [enabled=0, external=0]
[Vulkan init] extensions: name=VK_EXT_ycbcr_image_arrays [enabled=0, external=0]
[Vulkan init] extensions: name=VK_EXT_zero_initialize_device_memory [enabled=0, external=0]
[Vulkan init] extensions: name=VK_GOOGLE_hlsl_functionality1 [enabled=0, external=0]
[Vulkan init] extensions: name=VK_GOOGLE_user_type [enabled=0, external=0]
[Vulkan init] extensions: name=VK_KHR_16bit_storage [enabled=1, external=0]
[Vulkan init] extensions: name=VK_KHR_8bit_storage [enabled=0, external=0]
[Vulkan init] extensions: name=VK_KHR_acceleration_structure [enabled=0, external=0]
[Vulkan init] extensions: name=VK_KHR_bind_memory2 [enabled=1, external=0]
[Vulkan init] extensions: name=VK_KHR_buffer_device_address [enabled=0, external=0]
[Vulkan init] extensions: name=VK_KHR_calibrated_timestamps [enabled=0, external=0]
[Vulkan init] extensions: name=VK_KHR_compute_shader_derivatives [enabled=0, external=0]
[Vulkan init] extensions: name=VK_KHR_cooperative_matrix [enabled=0, external=0]
[Vulkan init] extensions: name=VK_KHR_copy_commands2 [enabled=0, external=0]
[Vulkan init] extensions: name=VK_KHR_copy_memory_indirect [enabled=0, external=0]
[Vulkan init] extensions: name=VK_KHR_create_renderpass2 [enabled=1, external=0]
[Vulkan init] extensions: name=VK_KHR_dedicated_allocation [enabled=1, external=0]
[Vulkan init] extensions: name=VK_KHR_deferred_host_operations [enabled=0, external=0]
[Vulkan init] extensions: name=VK_KHR_depth_clamp_zero_one [enabled=0, external=0]
[Vulkan init] extensions: name=VK_KHR_depth_stencil_resolve [enabled=1, external=0]
[Vulkan init] extensions: name=VK_KHR_descriptor_update_template [enabled=1, external=0]
[Vulkan init] extensions: name=VK_KHR_device_address_commands [enabled=0, external=0]
[Vulkan init] extensions: name=VK_KHR_device_fault [enabled=0, external=0]
[Vulkan init] extensions: name=VK_KHR_device_group [enabled=0, external=0]
[Vulkan init] extensions: name=VK_KHR_draw_indirect_count [enabled=0, external=0]
[Vulkan init] extensions: name=VK_KHR_driver_properties [enabled=1, external=0]
[Vulkan init] extensions: name=VK_KHR_dynamic_rendering [enabled=0, external=0]
[Vulkan init] extensions: name=VK_KHR_dynamic_rendering_local_read [enabled=0, external=0]
[Vulkan init] extensions: name=VK_KHR_external_fence [enabled=1, external=0]
[Vulkan init] extensions: name=VK_KHR_external_fence_fd [enabled=1, external=0]
[Vulkan init] extensions: name=VK_KHR_external_memory [enabled=1, external=0]
[Vulkan init] extensions: name=VK_KHR_external_memory_fd [enabled=1, external=0]
[Vulkan init] extensions: name=VK_KHR_external_semaphore [enabled=1, external=0]
[Vulkan init] extensions: name=VK_KHR_external_semaphore_fd [enabled=1, external=0]
[Vulkan init] extensions: name=VK_KHR_format_feature_flags2 [enabled=0, external=0]
[Vulkan init] extensions: name=VK_KHR_fragment_shader_barycentric [enabled=0, external=0]
[Vulkan init] extensions: name=VK_KHR_fragment_shading_rate [enabled=1, external=0]
[Vulkan init] extensions: name=VK_KHR_get_memory_requirements2 [enabled=1, external=0]
[Vulkan init] extensions: name=VK_KHR_global_priority [enabled=0, external=0]
[Vulkan init] extensions: name=VK_KHR_image_format_list [enabled=1, external=0]
[Vulkan init] extensions: name=VK_KHR_imageless_framebuffer [enabled=0, external=0]
[Vulkan init] extensions: name=VK_KHR_incremental_present [enabled=0, external=0]
[Vulkan init] extensions: name=VK_KHR_index_type_uint8 [enabled=0, external=0]
[Vulkan init] extensions: name=VK_KHR_internally_synchronized_queues [enabled=0, external=0]
[Vulkan init] extensions: name=VK_KHR_line_rasterization [enabled=0, external=0]
[Vulkan init] extensions: name=VK_KHR_load_store_op_none [enabled=0, external=0]
[Vulkan init] extensions: name=VK_KHR_maintenance1 [enabled=1, external=0]
[Vulkan init] extensions: name=VK_KHR_maintenance10 [enabled=0, external=0]
[Vulkan init] extensions: name=VK_KHR_maintenance11 [enabled=0, external=0]
[Vulkan init] extensions: name=VK_KHR_maintenance2 [enabled=1, external=0]
[Vulkan init] extensions: name=VK_KHR_maintenance3 [enabled=0, external=0]
[Vulkan init] extensions: name=VK_KHR_maintenance4 [enabled=0, external=0]
[Vulkan init] extensions: name=VK_KHR_maintenance5 [enabled=0, external=0]
[Vulkan init] extensions: name=VK_KHR_maintenance6 [enabled=0, external=0]
[Vulkan init] extensions: name=VK_KHR_maintenance7 [enabled=0, external=0]
[Vulkan init] extensions: name=VK_KHR_maintenance8 [enabled=0, external=0]
[Vulkan init] extensions: name=VK_KHR_maintenance9 [enabled=0, external=0]
[Vulkan init] extensions: name=VK_KHR_map_memory2 [enabled=0, external=0]
[Vulkan init] extensions: name=VK_KHR_multiview [enabled=1, external=0]
[Vulkan init] extensions: name=VK_KHR_opacity_micromap [enabled=0, external=0]
[Vulkan init] extensions: name=VK_KHR_pipeline_binary [enabled=0, external=0]
[Vulkan init] extensions: name=VK_KHR_pipeline_executable_properties [enabled=0, external=0]
[Vulkan init] extensions: name=VK_KHR_pipeline_library [enabled=0, external=0]
[Vulkan init] extensions: name=VK_KHR_present_id [enabled=1, external=0]
[Vulkan init] extensions: name=VK_KHR_present_id2 [enabled=0, external=0]
[Vulkan init] extensions: name=VK_KHR_present_mode_fifo_latest_ready [enabled=0, external=0]
[Vulkan init] extensions: name=VK_KHR_present_wait [enabled=1, external=0]
[Vulkan init] extensions: name=VK_KHR_present_wait2 [enabled=0, external=0]
[Vulkan init] extensions: name=VK_KHR_push_descriptor [enabled=0, external=0]
[Vulkan init] extensions: name=VK_KHR_ray_query [enabled=0, external=0]
[Vulkan init] extensions: name=VK_KHR_ray_tracing_maintenance1 [enabled=0, external=0]
[Vulkan init] extensions: name=VK_KHR_ray_tracing_pipeline [enabled=0, external=0]
[Vulkan init] extensions: name=VK_KHR_ray_tracing_position_fetch [enabled=0, external=0]
[Vulkan init] extensions: name=VK_KHR_relaxed_block_layout [enabled=0, external=0]
[Vulkan init] extensions: name=VK_KHR_robustness2 [enabled=0, external=0]
[Vulkan init] extensions: name=VK_KHR_sampler_mirror_clamp_to_edge [enabled=1, external=0]
[Vulkan init] extensions: name=VK_KHR_sampler_ycbcr_conversion [enabled=1, external=0]
[Vulkan init] extensions: name=VK_KHR_separate_depth_stencil_layouts [enabled=0, external=0]
[Vulkan init] extensions: name=VK_KHR_shader_abort [enabled=0, external=0]
[Vulkan init] extensions: name=VK_KHR_shader_atomic_int64 [enabled=1, external=0]
[Vulkan init] extensions: name=VK_KHR_shader_bfloat16 [enabled=0, external=0]
[Vulkan init] extensions: name=VK_KHR_shader_clock [enabled=0, external=0]
[Vulkan init] extensions: name=VK_KHR_shader_constant_data [enabled=0, external=0]
[Vulkan init] extensions: name=VK_KHR_shader_draw_parameters [enabled=0, external=0]
[Vulkan init] extensions: name=VK_KHR_shader_expect_assume [enabled=0, external=0]
[Vulkan init] extensions: name=VK_KHR_shader_float16_int8 [enabled=1, external=0]
[Vulkan init] extensions: name=VK_KHR_shader_float_controls [enabled=0, external=0]
[Vulkan init] extensions: name=VK_KHR_shader_float_controls2 [enabled=0, external=0]
[Vulkan init] extensions: name=VK_KHR_shader_fma [enabled=0, external=0]
[Vulkan init] extensions: name=VK_KHR_shader_integer_dot_product [enabled=0, external=0]
[Vulkan init] extensions: name=VK_KHR_shader_maximal_reconvergence [enabled=0, external=0]
[Vulkan init] extensions: name=VK_KHR_shader_non_semantic_info [enabled=1, external=0]
[Vulkan init] extensions: name=VK_KHR_shader_quad_control [enabled=0, external=0]
[Vulkan init] extensions: name=VK_KHR_shader_relaxed_extended_instruction [enabled=0, external=0]
[Vulkan init] extensions: name=VK_KHR_shader_subgroup_extended_types [enabled=0, external=0]
[Vulkan init] extensions: name=VK_KHR_shader_subgroup_rotate [enabled=0, external=0]
[Vulkan init] extensions: name=VK_KHR_shader_subgroup_uniform_control_flow [enabled=0, external=0]
[Vulkan init] extensions: name=VK_KHR_shader_terminate_invocation [enabled=0, external=0]
[Vulkan init] extensions: name=VK_KHR_shader_untyped_pointers [enabled=0, external=0]
[Vulkan init] extensions: name=VK_KHR_shared_presentable_image [enabled=0, external=0]
[Vulkan init] extensions: name=VK_KHR_spirv_1_4 [enabled=0, external=0]
[Vulkan init] extensions: name=VK_KHR_storage_buffer_storage_class [enabled=1, external=0]
[Vulkan init] extensions: name=VK_KHR_swapchain [enabled=1, external=0]
[Vulkan init] extensions: name=VK_KHR_swapchain_maintenance1 [enabled=0, external=0]
[Vulkan init] extensions: name=VK_KHR_swapchain_mutable_format [enabled=1, external=0]
[Vulkan init] extensions: name=VK_KHR_synchronization2 [enabled=0, external=0]
[Vulkan init] extensions: name=VK_KHR_timeline_semaphore [enabled=0, external=0]
[Vulkan init] extensions: name=VK_KHR_unified_image_layouts [enabled=0, external=0]
[Vulkan init] extensions: name=VK_KHR_uniform_buffer_standard_layout [enabled=0, external=0]
[Vulkan init] extensions: name=VK_KHR_variable_pointers [enabled=0, external=0]
[Vulkan init] extensions: name=VK_KHR_vertex_attribute_divisor [enabled=0, external=0]
[Vulkan init] extensions: name=VK_KHR_video_decode_av1 [enabled=0, external=0]
[Vulkan init] extensions: name=VK_KHR_video_decode_h264 [enabled=0, external=0]
[Vulkan init] extensions: name=VK_KHR_video_decode_h265 [enabled=0, external=0]
[Vulkan init] extensions: name=VK_KHR_video_decode_queue [enabled=0, external=0]
[Vulkan init] extensions: name=VK_KHR_video_decode_vp9 [enabled=0, external=0]
[Vulkan init] extensions: name=VK_KHR_video_encode_av1 [enabled=0, external=0]
[Vulkan init] extensions: name=VK_KHR_video_encode_h264 [enabled=0, external=0]
[Vulkan init] extensions: name=VK_KHR_video_encode_h265 [enabled=0, external=0]
[Vulkan init] extensions: name=VK_KHR_video_encode_intra_refresh [enabled=0, external=0]
[Vulkan init] extensions: name=VK_KHR_video_encode_quantization_map [enabled=0, external=0]
[Vulkan init] extensions: name=VK_KHR_video_encode_queue [enabled=0, external=0]
[Vulkan init] extensions: name=VK_KHR_video_maintenance1 [enabled=0, external=0]
[Vulkan init] extensions: name=VK_KHR_video_maintenance2 [enabled=0, external=0]
[Vulkan init] extensions: name=VK_KHR_video_queue [enabled=0, external=0]
[Vulkan init] extensions: name=VK_KHR_vulkan_memory_model [enabled=0, external=0]
[Vulkan init] extensions: name=VK_KHR_workgroup_memory_explicit_layout [enabled=0, external=0]
[Vulkan init] extensions: name=VK_KHR_zero_initialize_workgroup_memory [enabled=0, external=0]
[Vulkan init] extensions: name=VK_NVX_binary_import [enabled=0, external=0]
[Vulkan init] extensions: name=VK_NVX_image_view_handle [enabled=0, external=0]
[Vulkan init] extensions: name=VK_NVX_multiview_per_view_attributes [enabled=0, external=0]
[Vulkan init] extensions: name=VK_NV_clip_space_w_scaling [enabled=0, external=0]
[Vulkan init] extensions: name=VK_NV_cluster_acceleration_structure [enabled=0, external=0]
[Vulkan init] extensions: name=VK_NV_compute_occupancy_priority [enabled=0, external=0]
[Vulkan init] extensions: name=VK_NV_compute_shader_derivatives [enabled=0, external=0]
[Vulkan init] extensions: name=VK_NV_cooperative_matrix [enabled=0, external=0]
[Vulkan init] extensions: name=VK_NV_cooperative_matrix2 [enabled=0, external=0]
[Vulkan init] extensions: name=VK_NV_cooperative_matrix_decode_vector [enabled=0, external=0]
[Vulkan init] extensions: name=VK_NV_cooperative_vector [enabled=0, external=0]
[Vulkan init] extensions: name=VK_NV_copy_memory_indirect [enabled=0, external=0]
[Vulkan init] extensions: name=VK_NV_corner_sampled_image [enabled=0, external=0]
[Vulkan init] extensions: name=VK_NV_coverage_reduction_mode [enabled=0, external=0]
[Vulkan init] extensions: name=VK_NV_cuda_kernel_launch [enabled=0, external=0]
[Vulkan init] extensions: name=VK_NV_dedicated_allocation [enabled=0, external=0]
[Vulkan init] extensions: name=VK_NV_dedicated_allocation_image_aliasing [enabled=0, external=0]
[Vulkan init] extensions: name=VK_NV_descriptor_pool_overallocation [enabled=0, external=0]
[Vulkan init] extensions: name=VK_NV_device_diagnostic_checkpoints [enabled=0, external=0]
[Vulkan init] extensions: name=VK_NV_device_diagnostics_config [enabled=0, external=0]
[Vulkan init] extensions: name=VK_NV_device_generated_commands [enabled=0, external=0]
[Vulkan init] extensions: name=VK_NV_device_generated_commands_compute [enabled=0, external=0]
[Vulkan init] extensions: name=VK_NV_disk_cache_utils [enabled=0, external=0]
[Vulkan init] extensions: name=VK_NV_extended_sparse_address_space [enabled=0, external=0]
[Vulkan init] extensions: name=VK_NV_fill_rectangle [enabled=0, external=0]
[Vulkan init] extensions: name=VK_NV_fragment_coverage_to_color [enabled=0, external=0]
[Vulkan init] extensions: name=VK_NV_fragment_shader_barycentric [enabled=0, external=0]
[Vulkan init] extensions: name=VK_NV_fragment_shading_rate_enums [enabled=0, external=0]
[Vulkan init] extensions: name=VK_NV_framebuffer_mixed_samples [enabled=0, external=0]
[Vulkan init] extensions: name=VK_NV_geometry_shader_passthrough [enabled=0, external=0]
[Vulkan init] extensions: name=VK_NV_inherited_viewport_scissor [enabled=0, external=0]
[Vulkan init] extensions: name=VK_NV_internal_handle [enabled=0, external=0]
[Vulkan init] extensions: name=VK_NV_internal_nvpresent [enabled=0, external=0]
[Vulkan init] extensions: name=VK_NV_linear_color_attachment [enabled=0, external=0]
[Vulkan init] extensions: name=VK_NV_low_latency [enabled=0, external=0]
[Vulkan init] extensions: name=VK_NV_low_latency2 [enabled=0, external=0]
[Vulkan init] extensions: name=VK_NV_memory_decompression [enabled=0, external=0]
[Vulkan init] extensions: name=VK_NV_mesh_shader [enabled=0, external=0]
[Vulkan init] extensions: name=VK_NV_optical_flow [enabled=0, external=0]
[Vulkan init] extensions: name=VK_NV_partitioned_acceleration_structure [enabled=0, external=0]
[Vulkan init] extensions: name=VK_NV_present_metering [enabled=0, external=0]
[Vulkan init] extensions: name=VK_NV_push_constant_bank [enabled=0, external=0]
[Vulkan init] extensions: name=VK_NV_raw_access_chains [enabled=0, external=0]
[Vulkan init] extensions: name=VK_NV_ray_tracing [enabled=0, external=0]
[Vulkan init] extensions: name=VK_NV_ray_tracing_invocation_reorder [enabled=0, external=0]
[Vulkan init] extensions: name=VK_NV_ray_tracing_motion_blur [enabled=0, external=0]
[Vulkan init] extensions: name=VK_NV_representative_fragment_test [enabled=0, external=0]
[Vulkan init] extensions: name=VK_NV_sample_mask_override_coverage [enabled=0, external=0]
[Vulkan init] extensions: name=VK_NV_scissor_exclusive [enabled=0, external=0]
[Vulkan init] extensions: name=VK_NV_shader_atomic_float16_vector [enabled=0, external=0]
[Vulkan init] extensions: name=VK_NV_shader_image_footprint [enabled=0, external=0]
[Vulkan init] extensions: name=VK_NV_shader_sm_builtins [enabled=0, external=0]
[Vulkan init] extensions: name=VK_NV_shader_subgroup_partitioned [enabled=0, external=0]
[Vulkan init] extensions: name=VK_NV_shading_rate_image [enabled=0, external=0]
[Vulkan init] extensions: name=VK_NV_viewport_array2 [enabled=0, external=0]
[Vulkan init] extensions: name=VK_NV_viewport_swizzle [enabled=0, external=0]
[vulkan] Loaded device function vkDestroyDevice
[vulkan] Loaded device function vkGetDeviceQueue
[vulkan] Loaded device function vkQueueSubmit
[vulkan] Loaded device function vkQueueWaitIdle
[vulkan] Loaded device function vkDeviceWaitIdle
[vulkan] Loaded device function vkAllocateMemory
[vulkan] Loaded device function vkFreeMemory
[vulkan] Loaded device function vkMapMemory
[vulkan] Loaded device function vkUnmapMemory
[vulkan] Loaded device function vkFlushMappedMemoryRanges
[vulkan] Loaded device function vkInvalidateMappedMemoryRanges
[vulkan] Loaded device function vkGetDeviceMemoryCommitment
[vulkan] Loaded device function vkBindBufferMemory
[vulkan] Loaded device function vkBindImageMemory
[vulkan] Loaded device function vkGetBufferMemoryRequirements
[vulkan] Loaded device function vkGetImageMemoryRequirements
[vulkan] Loaded device function vkGetImageSparseMemoryRequirements
[vulkan] Loaded device function vkQueueBindSparse
[vulkan] Loaded device function vkCreateFence
[vulkan] Loaded device function vkDestroyFence
[vulkan] Loaded device function vkResetFences
[vulkan] Loaded device function vkGetFenceStatus
[vulkan] Loaded device function vkWaitForFences
[vulkan] Loaded device function vkCreateSemaphore
[vulkan] Loaded device function vkDestroySemaphore
[vulkan] Loaded device function vkCreateEvent
[vulkan] Loaded device function vkDestroyEvent
[vulkan] Loaded device function vkGetEventStatus
[vulkan] Loaded device function vkSetEvent
[vulkan] Loaded device function vkResetEvent
[vulkan] Loaded device function vkCreateQueryPool
[vulkan] Loaded device function vkDestroyQueryPool
[vulkan] Loaded device function vkGetQueryPoolResults
[vulkan] Loaded device function vkCreateBuffer
[vulkan] Loaded device function vkDestroyBuffer
[vulkan] Loaded device function vkCreateBufferView
[vulkan] Loaded device function vkDestroyBufferView
[vulkan] Loaded device function vkCreateImage
[vulkan] Loaded device function vkDestroyImage
[vulkan] Loaded device function vkGetImageSubresourceLayout
[vulkan] Loaded device function vkCreateImageView
[vulkan] Loaded device function vkDestroyImageView
[vulkan] Loaded device function vkCreateShaderModule
[vulkan] Loaded device function vkDestroyShaderModule
[vulkan] Loaded device function vkCreatePipelineCache
[vulkan] Loaded device function vkDestroyPipelineCache
[vulkan] Loaded device function vkGetPipelineCacheData
[vulkan] Loaded device function vkMergePipelineCaches
[vulkan] Loaded device function vkCreateGraphicsPipelines
[vulkan] Loaded device function vkCreateComputePipelines
[vulkan] Loaded device function vkDestroyPipeline
[vulkan] Loaded device function vkCreatePipelineLayout
[vulkan] Loaded device function vkDestroyPipelineLayout
[vulkan] Loaded device function vkCreateSampler
[vulkan] Loaded device function vkDestroySampler
[vulkan] Loaded device function vkCreateDescriptorSetLayout
[vulkan] Loaded device function vkDestroyDescriptorSetLayout
[vulkan] Loaded device function vkCreateDescriptorPool
[vulkan] Loaded device function vkDestroyDescriptorPool
[vulkan] Loaded device function vkResetDescriptorPool
[vulkan] Loaded device function vkAllocateDescriptorSets
[vulkan] Loaded device function vkFreeDescriptorSets
[vulkan] Loaded device function vkUpdateDescriptorSets
[vulkan] Loaded device function vkCreateFramebuffer
[vulkan] Loaded device function vkDestroyFramebuffer
[vulkan] Loaded device function vkCreateRenderPass
[vulkan] Loaded device function vkDestroyRenderPass
[vulkan] Loaded device function vkGetRenderAreaGranularity
[vulkan] Loaded device function vkCreateCommandPool
[vulkan] Loaded device function vkDestroyCommandPool
[vulkan] Loaded device function vkResetCommandPool
[vulkan] Loaded device function vkAllocateCommandBuffers
[vulkan] Loaded device function vkFreeCommandBuffers
[vulkan] Loaded device function vkBeginCommandBuffer
[vulkan] Loaded device function vkEndCommandBuffer
[vulkan] Loaded device function vkResetCommandBuffer
[vulkan] Loaded device function vkCmdBindPipeline
[vulkan] Loaded device function vkCmdSetViewport
[vulkan] Loaded device function vkCmdSetScissor
[vulkan] Loaded device function vkCmdSetLineWidth
[vulkan] Loaded device function vkCmdSetDepthBias
[vulkan] Loaded device function vkCmdSetBlendConstants
[vulkan] Loaded device function vkCmdSetDepthBounds
[vulkan] Loaded device function vkCmdSetStencilCompareMask
[vulkan] Loaded device function vkCmdSetStencilWriteMask
[vulkan] Loaded device function vkCmdSetStencilReference
[vulkan] Loaded device function vkCmdBindDescriptorSets
[vulkan] Loaded device function vkCmdBindIndexBuffer
[vulkan] Loaded device function vkCmdBindVertexBuffers
[vulkan] Loaded device function vkCmdDraw
[vulkan] Loaded device function vkCmdDrawIndexed
[vulkan] Loaded device function vkCmdDrawIndirect
[vulkan] Loaded device function vkCmdDrawIndexedIndirect
[vulkan] Loaded device function vkCmdDispatch
[vulkan] Loaded device function vkCmdDispatchIndirect
[vulkan] Loaded device function vkCmdCopyBuffer
[vulkan] Loaded device function vkCmdCopyImage
[vulkan] Loaded device function vkCmdBlitImage
[vulkan] Loaded device function vkCmdCopyBufferToImage
[vulkan] Loaded device function vkCmdCopyImageToBuffer
[vulkan] Loaded device function vkCmdUpdateBuffer
[vulkan] Loaded device function vkCmdFillBuffer
[vulkan] Loaded device function vkCmdClearColorImage
[vulkan] Loaded device function vkCmdClearDepthStencilImage
[vulkan] Loaded device function vkCmdClearAttachments
[vulkan] Loaded device function vkCmdResolveImage
[vulkan] Loaded device function vkCmdSetEvent
[vulkan] Loaded device function vkCmdResetEvent
[vulkan] Loaded device function vkCmdWaitEvents
[vulkan] Loaded device function vkCmdPipelineBarrier
[vulkan] Loaded device function vkCmdBeginQuery
[vulkan] Loaded device function vkCmdEndQuery
[vulkan] Loaded device function vkCmdResetQueryPool
[vulkan] Loaded device function vkCmdWriteTimestamp
[vulkan] Loaded device function vkCmdCopyQueryPoolResults
[vulkan] Loaded device function vkCmdPushConstants
[vulkan] Loaded device function vkCmdBeginRenderPass
[vulkan] Loaded device function vkCmdNextSubpass
[vulkan] Loaded device function vkCmdEndRenderPass
[vulkan] Loaded device function vkCmdExecuteCommands
[vulkan] Loaded device function vkGetImageMemoryRequirements2KHR
[vulkan] Loaded device function vkGetBufferMemoryRequirements2KHR
[vulkan] Loaded device function vkGetImageSparseMemoryRequirements2KHR
[vulkan] Loaded device function vkCreateDescriptorUpdateTemplateKHR
[vulkan] Loaded device function vkDestroyDescriptorUpdateTemplateKHR
[vulkan] Loaded device function vkUpdateDescriptorSetWithTemplateKHR
[vulkan] Loaded device function vkCmdBeginRenderPass2KHR
[vulkan] Loaded device function vkCmdEndRenderPass2KHR
[vulkan] Loaded device function vkCmdNextSubpass2KHR
[vulkan] Loaded device function vkCreateRenderPass2KHR
[vulkan] Loaded device function vkCmdSetVertexInputEXT
[vulkan] Loaded device function vkCmdSetFragmentShadingRateKHR
[vulkan] Failed to load device function vkGetFramebufferTilePropertiesQCOM
[vulkan] Loaded instance function vkGetFramebufferTilePropertiesQCOM
[vulkan] Failed to load device function vkDebugMarkerSetObjectTagEXT
[vulkan] Loaded instance function vkDebugMarkerSetObjectTagEXT
[vulkan] Failed to load device function vkDebugMarkerSetObjectNameEXT
[vulkan] Loaded instance function vkDebugMarkerSetObjectNameEXT
[vulkan] Failed to load device function vkCmdDebugMarkerBeginEXT
[vulkan] Loaded instance function vkCmdDebugMarkerBeginEXT
[vulkan] Failed to load device function vkCmdDebugMarkerEndEXT
[vulkan] Loaded instance function vkCmdDebugMarkerEndEXT
[vulkan] Failed to load device function vkCmdDebugMarkerInsertEXT
[vulkan] Loaded instance function vkCmdDebugMarkerInsertEXT
Vulkan API version 1.1.0 (1.4.351 supported by driver, 1.1.0 requested)
Vulkan vendor=[NVIDIA] id=[10de]
Vulkan renderer=[NVIDIA GeForce RTX 4080 Laptop GPU] id=[27e0]
Vulkan device type 2
Vulkan driverversion=[615.284.576 (0x99d1c240)] uint=[-1714306496]
Vulkan driverLibraryString=[NVIDIA (4), 615.71.09]
Vulkan PSO: Cache data successfully loaded [size=36,path=/tmp/DefaultCompany/OPD_laba_2/vulkan_pso_cache.bin]
Initialize mono
Mono path[0] = '/home/mage/Unity/Hub/Editor/6000.6.3f1/Editor/Data/Managed'
Mono path[1] = '/home/mage/Unity/Hub/Editor/6000.6.3f1/Editor/Data/BCLExtensions/runtime/netstandard2.1'
Mono path[2] = '/home/mage/Unity/Hub/Editor/6000.6.3f1/Editor/Data/MonoBleedingEdge/lib/mono/unityjit-linux'
Mono config path = '/home/mage/Unity/Hub/Editor/6000.6.3f1/Editor/Data/MonoBleedingEdge/etc'
Using monoOptions --debugger-agent=transport=dt_socket,embedding=1,server=y,suspend=n,address=127.0.0.1:56441
CodeReloadManager initialized
Begin MonoManager ReloadAssembly
Registering precompiled unity dll's ...
Register platform support module: /home/mage/Unity/Hub/Editor/6000.6.3f1/Editor/Data/PlaybackEngines/WebGLSupport/UnityEditor.WebGL.Extensions.dll
Register platform support module: /home/mage/Unity/Hub/Editor/6000.6.3f1/Editor/Data/PlaybackEngines/LinuxStandaloneSupport/UnityEditor.LinuxStandalone.Extensions.dll
Registered in 0.001274 seconds.
Native extension for LinuxStandalone target not found
Native extension for WebGL target not found
Package Manager log level set to [2]
[Package Manager] Failed to launch server process. Reason: Unity was launched with the -noUpm command-line argument
[Package Manager] Unable to send message (not connected to server process).
[Package Manager] Cannot connect to Unity Package Manager local server
[Package Manager] Failed to launch server process. Reason: Unity was launched with the -noUpm command-line argument
[Package Manager] Unable to send message (not connected to server process).
[Package Manager] Cannot connect to Unity Package Manager local server
ScheduleIndexationOnStartup MainProcess:False IndexOnStartup:True
Scripting: successfully reloaded assembly
- Finished resetting the current domain, in  0.325 seconds
Domain Reload Profiling: 678ms
	BeginReloadAssembly (48ms)
	RebuildCommonClasses (3ms)
	RebuildNativeTypeToScriptingClass (7ms)
	initialDomainReloadingComplete (56ms)
	LoadAllAssembliesAndSetupDomain (238ms)
		LoadAssemblies (48ms)
		TypeCache.Refresh (167ms)
			TypeCache.ScanAssembly (157ms)
		AnalyzeDomain (0ms)
	FinalizeReload (326ms)
		SetupLoadedEditorAssemblies (0ms)
			BeforeProcessingInitializeOnLoad (69ms)
			ProcessInitializeOnLoadAttributes (60ms)
			ProcessInitializeOnLoadMethodAttributes (127ms)
Initializing Unity extensions:
[Licensing::Client] Successfully resolved entitlement details
[Licensing::Module] License group:
  Id: 10171631020690-UnityPersXXXX
  Product: Unity Personal
  Type: Assigned
  Expiration: Unlimited
========================================================================
Worker process is ready to serve import requests
Import Worker Mode flag is 0x00
Begin MonoManager ReloadAssembly
'Packages/com.unity.render-pipelines.core/Editor/Deprecated.cs' contains partial class of Unity.Object, exactly 1 of the partial classes needs to be in a file with the same filename. This is to know the one that can be referenced from ie. GameObjects
'Packages/com.unity.render-pipelines.core/Editor/Deprecated.cs' contains partial class of Unity.Object, exactly 1 of the partial classes needs to be in a file with the same filename. This is to know the one that can be referenced from ie. GameObjects
Native extension for LinuxStandalone target not found
Native extension for WebGL target not found
[Package Manager] Failed to launch server process. Reason: Unity was launched with the -noUpm command-line argument
[Package Manager] Unable to send message (not connected to server process).
[Package Manager] Cannot connect to Unity Package Manager local server
[Package Manager] Failed to launch server process. Reason: Unity was launched with the -noUpm command-line argument
[Package Manager] Unable to send message (not connected to server process).
[Package Manager] Cannot connect to Unity Package Manager local server
ScheduleIndexationOnStartup MainProcess:False IndexOnStartup:True
Scripting: successfully reloaded assembly
- Finished resetting the current domain, in  0.481 seconds
Domain Reload Profiling: 1004ms
	BeginReloadAssembly (109ms)
		DisableScriptedObjects (4ms)
		CreateAndSetChildDomain (20ms)
	RebuildCommonClasses (5ms)
	RebuildNativeTypeToScriptingClass (7ms)
	initialDomainReloadingComplete (26ms)
	LoadAllAssembliesAndSetupDomain (374ms)
		LoadAssemblies (164ms)
		TypeCache.Refresh (112ms)
			TypeCache.ScanAssembly (100ms)
		AnalyzeDomain (41ms)
			BuildScriptInfoCaches (37ms)
			ResolveRequiredComponents (3ms)
	FinalizeReload (482ms)
		SetupLoadedEditorAssemblies (0ms)
			BeforeProcessingInitializeOnLoad (92ms)
			ProcessInitializeOnLoadAttributes (202ms)
			ProcessInitializeOnLoadMethodAttributes (44ms)
		AwakeInstancesAfterBackupRestoration (5ms)
AcceleratorClientConnectionCallback - disconnected - :0
WARNING: Shader Unsupported: 'Hidden/Universal Render Pipeline/Terrain/Lit (Base Pass)' - All subshaders removed
WARNING: Shader Did you use #pragma only_renderers and omit this platform?
WARNING: Shader If subshaders removal was intentional, you may have forgotten turning Fallback off?
WARNING: Shader Unsupported: 'Universal Render Pipeline/Terrain/Lit' - All subshaders removed
WARNING: Shader Did you use #pragma only_renderers and omit this platform?
WARNING: Shader If subshaders removal was intentional, you may have forgotten turning Fallback off?
AutoLocale: current locale expects 'C' but got 'en_US.UTF-8'Launched and connected shader compiler UnityShaderCompiler after 0.01 seconds
Unloading 60 Unused Serialized files (Serialized files now loaded: 0)
Unloading 6756 unused Assets / (10.9 MB). Loaded Objects now: 7541.
Memory consumption went from 228.5 MB to 217.5 MB.
Total: 13.536650 ms (FindLiveObjects: 0.775279 ms CreateObjectMapping: 0.358441 ms MarkObjects: 8.246577 ms  DeleteObjects: 3.815884 ms)

========================================================================
Received Prepare
AcceleratorClientConnectionCallback - disconnected - :0
WARNING: Shader Unsupported: 'Hidden/Universal Render Pipeline/Terrain/Lit (Base Pass)' - All subshaders removed
WARNING: Shader Did you use #pragma only_renderers and omit this platform?
WARNING: Shader If subshaders removal was intentional, you may have forgotten turning Fallback off?
WARNING: Shader Unsupported: 'Universal Render Pipeline/Terrain/Lit' - All subshaders removed
WARNING: Shader Did you use #pragma only_renderers and omit this platform?
WARNING: Shader If subshaders removal was intentional, you may have forgotten turning Fallback off?
Unloading 59 Unused Serialized files (Serialized files now loaded: 0)
Unloading 59 unused Assets / (4.8 MB). Loaded Objects now: 7541.
Memory consumption went from 222.8 MB to 218.0 MB.
Total: 7.320575 ms (FindLiveObjects: 0.422161 ms CreateObjectMapping: 0.127942 ms MarkObjects: 5.471238 ms  DeleteObjects: 0.975725 ms)

Prepare: number of updated asset objects reloaded= 0
========================================================================
Received Import Request.
  Time of request: 2026-10-02T14:24:17.945719Z
  Time since last request: 6381.29719988699981 seconds.
  importAddress: GUID: 238833eb2176e7d429d5020dc9232155 - Path: Packages/com.unity.2d.tilemap/Editor/Icons/d_Grid.FlipX.png - Importer: ScriptedImporter/UnityEditor.QuickSearchModule:UnityEditor.Search:ASIAI0B
Importing 'GUID: 238833eb2176e7d429d5020dc9232155 - Path: Packages/com.unity.2d.tilemap/Editor/Icons/d_Grid.FlipX.png - Importer: ScriptedImporter/UnityEditor.QuickSearchModule:UnityEditor.Search:ASIAI0B' with importer (ScriptedImporter : UnityEditor.QuickSearchModule:UnityEditor.Search:ASIAI0B)
Imported 'GUID: 238833eb2176e7d429d5020dc9232155' -> (Import Result ID: 'e952a15bf876ac0c5fd48aec11f3e8e8') in 0.082 seconds [static and dynamic dependencies]. Details - ImportResultOutputID=036fa97534c1104e0b60626a7a7204b5 DependenciesID=7f441e1fa735ee21303e52a635f5991d StaticDependenciesID=6456f2fe5b774c5cb8ca148ce0cfc267 
Number of updated asset objects reloaded before import = 0
Number of asset objects unloaded after import = 3
========================================================================
Received Import Request.
  Time of request: 2026-10-02T14:24:18.078661Z
  Time since last request: 0.040722122 seconds.
  importAddress: GUID: ce7c098d3ea5489fa6ab87ebfef6bbd4 - Path: Packages/com.unity.2d.tilemap/Editor/UI/External/GridView.cs - Importer: ScriptedImporter/UnityEditor.QuickSearchModule:UnityEditor.Search:ASIAI0B
Importing 'GUID: ce7c098d3ea5489fa6ab87ebfef6bbd4 - Path: Packages/com.unity.2d.tilemap/Editor/UI/External/GridView.cs - Importer: ScriptedImporter/UnityEditor.QuickSearchModule:UnityEditor.Search:ASIAI0B' with importer (ScriptedImporter : UnityEditor.QuickSearchModule:UnityEditor.Search:ASIAI0B)
Imported 'GUID: ce7c098d3ea5489fa6ab87ebfef6bbd4' -> (Import Result ID: '5450335231e454c0625db6ee588fede3') in 0.002 seconds [static and dynamic dependencies]. Details - ImportResultOutputID=f593534b8cd5ab273ea408de39508fb1 DependenciesID=f76eb950d2d74ce58d22e70b855acdca StaticDependenciesID=65c11ff86be00de36610af8ec9fd39e6 
Number of updated asset objects reloaded before import = 0
Number of asset objects unloaded after import = 0
========================================================================
Received Import Request.
  Time of request: 2026-10-02T14:24:18.08754Z
  Time since last request: 0.000372131 seconds.
  importAddress: GUID: cf94b5ae9bca88f4a97ce96847235ba3 - Path: Packages/com.unity.2d.tilemap/Editor/Icons/EditorUI.Target.png - Importer: ScriptedImporter/UnityEditor.QuickSearchModule:UnityEditor.Search:ASIAI0B
Importing 'GUID: cf94b5ae9bca88f4a97ce96847235ba3 - Path: Packages/com.unity.2d.tilemap/Editor/Icons/EditorUI.Target.png - Importer: ScriptedImporter/UnityEditor.QuickSearchModule:UnityEditor.Search:ASIAI0B' with importer (ScriptedImporter : UnityEditor.QuickSearchModule:UnityEditor.Search:ASIAI0B)
Imported 'GUID: cf94b5ae9bca88f4a97ce96847235ba3' -> (Import Result ID: 'b4c45ae16d9d10d9f258a208fcb2e2c8') in 0.005 seconds [static and dynamic dependencies]. Details - ImportResultOutputID=8e196591365003ac432a6a691302ec3f DependenciesID=fafe2645bdb9baa240c2ed5263ded683 StaticDependenciesID=00be179faa5037af885f4f19444c6b5d 
Number of updated asset objects reloaded before import = 0
Number of asset objects unloaded after import = 3
========================================================================
Received Import Request.
  Time of request: 2026-10-02T14:24:18.09903Z
  Time since last request: 0.000546968 seconds.
  importAddress: GUID: 3b0299838696e2c4f9e31bdc0c8757f9 - Path: Packages/com.unity.2d.tilemap/Editor/TileDragAndDrop.cs - Importer: ScriptedImporter/UnityEditor.QuickSearchModule:UnityEditor.Search:ASIAI0B
Importing 'GUID: 3b0299838696e2c4f9e31bdc0c8757f9 - Path: Packages/com.unity.2d.tilemap/Editor/TileDragAndDrop.cs - Importer: ScriptedImporter/UnityEditor.QuickSearchModule:UnityEditor.Search:ASIAI0B' with importer (ScriptedImporter : UnityEditor.QuickSearchModule:UnityEditor.Search:ASIAI0B)
Imported 'GUID: 3b0299838696e2c4f9e31bdc0c8757f9' -> (Import Result ID: '5f0542a2886cb1dd4cfa1a232dc88c9f') in 0.001 seconds [static and dynamic dependencies]. Details - ImportResultOutputID=3edb757f5bbcf66226c01d60b75f3abb DependenciesID=5c48f1badf4a8f5a837cb6a2753dba76 StaticDependenciesID=5f6de7a2c1f2019f6e80db5a02b68022 
Number of updated asset objects reloaded before import = 0
Number of asset objects unloaded after import = 0
========================================================================
Received Import Request.
  Time of request: 2026-10-02T14:24:18.106954Z
  Time since last request: 0.000343225 seconds.
  importAddress: GUID: fdc8bace2b7ef504d91d22cca2a5d905 - Path: Packages/com.unity.2d.tilemap/Editor/Icons/EditorUI.TargetHover.png - Importer: ScriptedImporter/UnityEditor.QuickSearchModule:UnityEditor.Search:ASIAI0B
Importing 'GUID: fdc8bace2b7ef504d91d22cca2a5d905 - Path: Packages/com.unity.2d.tilemap/Editor/Icons/EditorUI.TargetHover.png - Importer: ScriptedImporter/UnityEditor.QuickSearchModule:UnityEditor.Search:ASIAI0B' with importer (ScriptedImporter : UnityEditor.QuickSearchModule:UnityEditor.Search:ASIAI0B)
Imported 'GUID: fdc8bace2b7ef504d91d22cca2a5d905' -> (Import Result ID: 'ed14fb37a70ccb0225e1dca6c5f03e12') in 0.003 seconds [static and dynamic dependencies]. Details - ImportResultOutputID=4ce4c318bb619a58dd1139963cd8fe24 DependenciesID=a26081bfd72fe334c1560461bd4db528 StaticDependenciesID=5fd2d4520c4ac43ce5763f0face5208b 
Number of updated asset objects reloaded before import = 0
Number of asset objects unloaded after import = 3
========================================================================
Received Import Request.
  Time of request: 2026-10-02T14:24:18.116728Z
  Time since last request: 0.000305791 seconds.
  importAddress: GUID: 949e98ac1c07e424685f43f530864a7c - Path: Packages/com.unity.2d.tilemap/Editor/Icons/GridSelection@2x.png - Importer: ScriptedImporter/UnityEditor.QuickSearchModule:UnityEditor.Search:ASIAI0B
Importing 'GUID: 949e98ac1c07e424685f43f530864a7c - Path: Packages/com.unity.2d.tilemap/Editor/Icons/GridSelection@2x.png - Importer: ScriptedImporter/UnityEditor.QuickSearchModule:UnityEditor.Search:ASIAI0B' with importer (ScriptedImporter : UnityEditor.QuickSearchModule:UnityEditor.Search:ASIAI0B)
Imported 'GUID: 949e98ac1c07e424685f43f530864a7c' -> (Import Result ID: '4344c2f1d0615bf0a8e03572ec93df4f') in 0.003 seconds [static and dynamic dependencies]. Details - ImportResultOutputID=94d758261d4f454d7e2f111fd1864e5d DependenciesID=2bbda5e36689a8f97e0869b8c6545519 StaticDependenciesID=90b49c5ba3dd680a48c5feab51267976 
Number of updated asset objects reloaded before import = 0
Number of asset objects unloaded after import = 1
========================================================================
Received Import Request.
  Time of request: 2026-10-02T14:24:18.126133Z
  Time since last request: 0.000177107 seconds.
  importAddress: GUID: 0c19e7bd28bccf048b5791c40449c452 - Path: Packages/com.unity.2d.tilemap/Editor/Icons - Importer: ScriptedImporter/UnityEditor.QuickSearchModule:UnityEditor.Search:ASIAI0B
Importing 'GUID: 0c19e7bd28bccf048b5791c40449c452 - Path: Packages/com.unity.2d.tilemap/Editor/Icons - Importer: ScriptedImporter/UnityEditor.QuickSearchModule:UnityEditor.Search:ASIAI0B' with importer (ScriptedImporter : UnityEditor.QuickSearchModule:UnityEditor.Search:ASIAI0B)
Imported 'GUID: 0c19e7bd28bccf048b5791c40449c452' -> (Import Result ID: '19f8c69987bfdd12f989c38e79fe5aa2') in 0.001 seconds [static and dynamic dependencies]. Details - ImportResultOutputID=218c221cce22786267496bad28b1ba6b DependenciesID=d77d1d22f9095d2043b855ebaab7f960 StaticDependenciesID=b3e89e06239aec112db689be80c1e534 
Number of updated asset objects reloaded before import = 0
Number of asset objects unloaded after import = 1
========================================================================
Received Import Request.
  Time of request: 2026-10-02T14:24:18.133675Z
  Time since last request: 0.00027588 seconds.
  importAddress: GUID: 3342bc6878604f839b28843c3e8cd81b - Path: Packages/com.unity.2d.tilemap/Editor/GridPaletteEditor.cs - Importer: ScriptedImporter/UnityEditor.QuickSearchModule:UnityEditor.Search:ASIAI0B
Importing 'GUID: 3342bc6878604f839b28843c3e8cd81b - Path: Packages/com.unity.2d.tilemap/Editor/GridPaletteEditor.cs - Importer: ScriptedImporter/UnityEditor.QuickSearchModule:UnityEditor.Search:ASIAI0B' with importer (ScriptedImporter : UnityEditor.QuickSearchModule:UnityEditor.Search:ASIAI0B)
Imported 'GUID: 3342bc6878604f839b28843c3e8cd81b' -> (Import Result ID: 'aeabc55e7f8835a70e2021c02088cd68') in 0.001 seconds [static and dynamic dependencies]. Details - ImportResultOutputID=0d3970604a64867d0dbb9b420c31c613 DependenciesID=ae312b3852217bf79a1f185ce20abb7a StaticDependenciesID=c77b6c35d7d86e08470220f27e0bb4d0 
Number of updated asset objects reloaded before import = 0
Number of asset objects unloaded after import = 0
========================================================================
Received Import Request.
  Time of request: 2026-10-02T14:24:18.140971Z
  Time since last request: 0.000229516 seconds.
  importAddress: GUID: 9182e08d6d8be424a98050562de5b053 - Path: Packages/com.unity.2d.tilemap/Editor/Icons/Tilemap.DefaultBrush@2x.png - Importer: ScriptedImporter/UnityEditor.QuickSearchModule:UnityEditor.Search:ASIAI0B
Importing 'GUID: 9182e08d6d8be424a98050562de5b053 - Path: Packages/com.unity.2d.tilemap/Editor/Icons/Tilemap.DefaultBrush@2x.png - Importer: ScriptedImporter/UnityEditor.QuickSearchModule:UnityEditor.Search:ASIAI0B' with importer (ScriptedImporter : UnityEditor.QuickSearchModule:UnityEditor.Search:ASIAI0B)
Imported 'GUID: 9182e08d6d8be424a98050562de5b053' -> (Import Result ID: 'a5fe62d0faa9ab9a855cd7f740a23956') in 0.003 seconds [static and dynamic dependencies]. Details - ImportResultOutputID=330bafa6d55aa3cb54af56404e1bb63c DependenciesID=308e2290f286f4ed1bb1bbe18ddfd9bf StaticDependenciesID=128bc26959dbf60189176f683bd07500 
Number of updated asset objects reloaded before import = 0
Number of asset objects unloaded after import = 3
========================================================================
Received Import Request.
  Time of request: 2026-10-02T14:24:18.15065Z
  Time since last request: 0.000301476 seconds.
  importAddress: GUID: 579a0b120b7d2401b87c032fa708f3db - Path: Packages/com.unity.2d.tilemap/Editor/Icons/Tilemap.CustomBrush.png - Importer: ScriptedImporter/UnityEditor.QuickSearchModule:UnityEditor.Search:ASIAI0B
Importing 'GUID: 579a0b120b7d2401b87c032fa708f3db - Path: Packages/com.unity.2d.tilemap/Editor/Icons/Tilemap.CustomBrush.png - Importer: ScriptedImporter/UnityEditor.QuickSearchModule:UnityEditor.Search:ASIAI0B' with importer (ScriptedImporter : UnityEditor.QuickSearchModule:UnityEditor.Search:ASIAI0B)
Imported 'GUID: 579a0b120b7d2401b87c032fa708f3db' -> (Import Result ID: 'e1102d7a12ecbb21f17109dbab7078dd') in 0.004 seconds [static and dynamic dependencies]. Details - ImportResultOutputID=d3c1d31272d6070e812fe532024f78ed DependenciesID=823c9feca27c7cab14e5efeeeb17fa22 StaticDependenciesID=1f955da70afa667a053fd5e23c12ac7c 
Number of updated asset objects reloaded before import = 0
Number of asset objects unloaded after import = 3
========================================================================
Received Import Request.
  Time of request: 2026-10-02T14:24:18.161774Z
  Time since last request: 0.000209225 seconds.
  importAddress: GUID: a9a5b304877d58a47859e53d2b2d9fe3 - Path: Packages/com.unity.2d.tilemap/Editor/Icons/d_Tilemap.FocusTilemap.png - Importer: ScriptedImporter/UnityEditor.QuickSearchModule:UnityEditor.Search:ASIAI0B
Importing 'GUID: a9a5b304877d58a47859e53d2b2d9fe3 - Path: Packages/com.unity.2d.tilemap/Editor/Icons/d_Tilemap.FocusTilemap.png - Importer: ScriptedImporter/UnityEditor.QuickSearchModule:UnityEditor.Search:ASIAI0B' with importer (ScriptedImporter : UnityEditor.QuickSearchModule:UnityEditor.Search:ASIAI0B)
Imported 'GUID: a9a5b304877d58a47859e53d2b2d9fe3' -> (Import Result ID: '6e3febd06b5d8a3fcedee358ab44d70c') in 0.004 seconds [static and dynamic dependencies]. Details - ImportResultOutputID=e9636d8b1c84c1f729d28b1d5bf7e124 DependenciesID=94673d57bac3603bdb28aed57aa5e935 StaticDependenciesID=e95f93919b0e9f4de978d32e083c51fc 
Number of updated asset objects reloaded before import = 0
Number of asset objects unloaded after import = 3
========================================================================
Received Import Request.
  Time of request: 2026-10-02T14:24:18.172299Z
  Time since last request: 0.000167341 seconds.
  importAddress: GUID: 2af7a09b750644968bf66758786d99d9 - Path: Packages/com.unity.2d.tilemap/Editor/UI/GridPaintPaletteWindowDark.uss - Importer: ScriptedImporter/UnityEditor.QuickSearchModule:UnityEditor.Search:ASIAI0B
Importing 'GUID: 2af7a09b750644968bf66758786d99d9 - Path: Packages/com.unity.2d.tilemap/Editor/UI/GridPaintPaletteWindowDark.uss - Importer: ScriptedImporter/UnityEditor.QuickSearchModule:UnityEditor.Search:ASIAI0B' with importer (ScriptedImporter : UnityEditor.QuickSearchModule:UnityEditor.Search:ASIAI0B)
Imported 'GUID: 2af7a09b750644968bf66758786d99d9' -> (Import Result ID: 'd86182d7b027f07474affb0eb5519b2c') in 0.022 seconds [static and dynamic dependencies]. Details - ImportResultOutputID=be5e55911b0a6776ae5468074d438489 DependenciesID=fe51fa12a120b521614922a33efa7daa StaticDependenciesID=c6b676dd11d724ec6012cc0464e7b923 
Number of updated asset objects reloaded before import = 0
Number of asset objects unloaded after import = 1
========================================================================
Received Import Request.
  Time of request: 2026-10-02T14:24:18.200728Z
  Time since last request: 0.000318254 seconds.
  importAddress: GUID: c3d98d7d00da4fcc9ee2300bf0bd2749 - Path: Packages/com.unity.2d.tilemap/Editor/UI/External - Importer: ScriptedImporter/UnityEditor.QuickSearchModule:UnityEditor.Search:ASIAI0B
Importing 'GUID: c3d98d7d00da4fcc9ee2300bf0bd2749 - Path: Packages/com.unity.2d.tilemap/Editor/UI/External - Importer: ScriptedImporter/UnityEditor.QuickSearchModule:UnityEditor.Search:ASIAI0B' with importer (ScriptedImporter : UnityEditor.QuickSearchModule:UnityEditor.Search:ASIAI0B)
Imported 'GUID: c3d98d7d00da4fcc9ee2300bf0bd2749' -> (Import Result ID: '781ec4ff8daa8ef68a11bff2573ef55a') in 0.001 seconds [static and dynamic dependencies]. Details - ImportResultOutputID=5a117faff4d945d8960bb85dc03ebcf9 DependenciesID=2ee308ea2c99eabe2a2a8f233cd48fb0 StaticDependenciesID=745bfaba5ccabe62e2bf7568bb38358d 
Number of updated asset objects reloaded before import = 0
Number of asset objects unloaded after import = 1
========================================================================
Received Import Request.
  Time of request: 2026-10-02T14:24:18.207614Z
  Time since last request: 0.000288776 seconds.
  importAddress: GUID: 29bbda0803e75b34a9ebd8c1f2c99c80 - Path: Packages/com.unity.2d.tilemap/Editor/GridPaintPaletteWindowPreferences.cs - Importer: ScriptedImporter/UnityEditor.QuickSearchModule:UnityEditor.Search:ASIAI0B
Importing 'GUID: 29bbda0803e75b34a9ebd8c1f2c99c80 - Path: Packages/com.unity.2d.tilemap/Editor/GridPaintPaletteWindowPreferences.cs - Importer: ScriptedImporter/UnityEditor.QuickSearchModule:UnityEditor.Search:ASIAI0B' with importer (ScriptedImporter : UnityEditor.QuickSearchModule:UnityEditor.Search:ASIAI0B)
Imported 'GUID: 29bbda0803e75b34a9ebd8c1f2c99c80' -> (Import Result ID: '04865573f30ee2a9abe24daceac98fdb') in 0.001 seconds [static and dynamic dependencies]. Details - ImportResultOutputID=80be641c5f6ae716c416649009afeb6a DependenciesID=22a9a650283901da2c47e7d36e4287c5 StaticDependenciesID=40593a94ea994d4168781275ff978052 
Number of updated asset objects reloaded before import = 0
Number of asset objects unloaded after import = 0
========================================================================
Received Import Request.
  Time of request: 2026-10-02T14:24:18.214659Z
  Time since last request: 0.000291695 seconds.
  importAddress: GUID: 93344cd78b3de491bbc8a90604acb175 - Path: Packages/com.unity.2d.tilemap/Editor/ObjectCreationMenu/GameObjectCreation.cs - Importer: ScriptedImporter/UnityEditor.QuickSearchModule:UnityEditor.Search:ASIAI0B
Importing 'GUID: 93344cd78b3de491bbc8a90604acb175 - Path: Packages/com.unity.2d.tilemap/Editor/ObjectCreationMenu/GameObjectCreation.cs - Importer: ScriptedImporter/UnityEditor.QuickSearchModule:UnityEditor.Search:ASIAI0B' with importer (ScriptedImporter : UnityEditor.QuickSearchModule:UnityEditor.Search:ASIAI0B)
Imported 'GUID: 93344cd78b3de491bbc8a90604acb175' -> (Import Result ID: 'e4f0adcb77b18ed7a54173bdc466ddcd') in 0.001 seconds [static and dynamic dependencies]. Details - ImportResultOutputID=aaaff4baf60125cd709457b45104a5c2 DependenciesID=de9597df86e8ae00334ce2df46baa4cd StaticDependenciesID=f6cd915fb5b1ea9160981f97e45d8462 
Number of updated asset objects reloaded before import = 0
Number of asset objects unloaded after import = 0
========================================================================
Received Import Request.
  Time of request: 2026-10-02T14:24:18.221384Z
  Time since last request: 0.000387404 seconds.
  importAddress: GUID: 7a52ed59aa46c7047a68558357752bb5 - Path: Packages/com.unity.2d.tilemap/Editor/UI/TilePaletteDragHandler.cs - Importer: ScriptedImporter/UnityEditor.QuickSearchModule:UnityEditor.Search:ASIAI0B
Importing 'GUID: 7a52ed59aa46c7047a68558357752bb5 - Path: Packages/com.unity.2d.tilemap/Editor/UI/TilePaletteDragHandler.cs - Importer: ScriptedImporter/UnityEditor.QuickSearchModule:UnityEditor.Search:ASIAI0B' with importer (ScriptedImporter : UnityEditor.QuickSearchModule:UnityEditor.Search:ASIAI0B)
Imported 'GUID: 7a52ed59aa46c7047a68558357752bb5' -> (Import Result ID: '76ac8972d131919279d77402c9770989') in 0.001 seconds [static and dynamic dependencies]. Details - ImportResultOutputID=b894e2856311298cb64031e66e6d1ac5 DependenciesID=4a7cba8e87f8e246e263e34bafebac0a StaticDependenciesID=d3a17e8c4b9b70d8f7b03706596eb2dd 
Number of updated asset objects reloaded before import = 0
Number of asset objects unloaded after import = 0
========================================================================
Received Import Request.
  Time of request: 2026-10-02T14:24:18.228235Z
  Time since last request: 0.000478476 seconds.
  importAddress: GUID: 01394ea37325e53408caf8359facb36f - Path: Packages/com.unity.2d.tilemap/Editor/UI/SceneViewTilemapFocusOverlay.cs - Importer: ScriptedImporter/UnityEditor.QuickSearchModule:UnityEditor.Search:ASIAI0B
Importing 'GUID: 01394ea37325e53408caf8359facb36f - Path: Packages/com.unity.2d.tilemap/Editor/UI/SceneViewTilemapFocusOverlay.cs - Importer: ScriptedImporter/UnityEditor.QuickSearchModule:UnityEditor.Search:ASIAI0B' with importer (ScriptedImporter : UnityEditor.QuickSearchModule:UnityEditor.Search:ASIAI0B)
Imported 'GUID: 01394ea37325e53408caf8359facb36f' -> (Import Result ID: '7b092408c84aeecde88dc7093f70e8c9') in 0.001 seconds [static and dynamic dependencies]. Details - ImportResultOutputID=af7ae2deb4ae3930a3ef0ef6470eafc8 DependenciesID=772909a07af625100746766fd73e3bfa StaticDependenciesID=d05dc30bf5f3a61ea7dfdfa9a28d7119 
Number of updated asset objects reloaded before import = 0
Number of asset objects unloaded after import = 0
========================================================================
Received Import Request.
  Time of request: 2026-10-02T14:24:18.235289Z
  Time since last request: 0.000266449 seconds.
  importAddress: GUID: 857187d2d610c234587c8a50803e4307 - Path: Packages/com.unity.2d.tilemap/Editor/Icons/d_EditorUI.TargetHover@2x.png - Importer: ScriptedImporter/UnityEditor.QuickSearchModule:UnityEditor.Search:ASIAI0B
Importing 'GUID: 857187d2d610c234587c8a50803e4307 - Path: Packages/com.unity.2d.tilemap/Editor/Icons/d_EditorUI.TargetHover@2x.png - Importer: ScriptedImporter/UnityEditor.QuickSearchModule:UnityEditor.Search:ASIAI0B' with importer (ScriptedImporter : UnityEditor.QuickSearchModule:UnityEditor.Search:ASIAI0B)
Imported 'GUID: 857187d2d610c234587c8a50803e4307' -> (Import Result ID: '2aa133637e46c0073c0e3e54991a355d') in 0.003 seconds [static and dynamic dependencies]. Details - ImportResultOutputID=ed73fbeb2cf869e2c9dbffa1ce4ee2c4 DependenciesID=a984864528a30bd2e7bae745f39f01a5 StaticDependenciesID=faba1721438547b99301b57cc656f984 
Number of updated asset objects reloaded before import = 0
Number of asset objects unloaded after import = 3
========================================================================
Received Import Request.
  Time of request: 2026-10-02T14:24:18.245022Z
  Time since last request: 0.000510833 seconds.
  importAddress: GUID: b46d3a07716bc8b4296166d5ac10e492 - Path: Packages/com.unity.2d.tilemap/Editor/Icons/d_Tilemap.FocusGrid.png - Importer: ScriptedImporter/UnityEditor.QuickSearchModule:UnityEditor.Search:ASIAI0B
Importing 'GUID: b46d3a07716bc8b4296166d5ac10e492 - Path: Packages/com.unity.2d.tilemap/Editor/Icons/d_Tilemap.FocusGrid.png - Importer: ScriptedImporter/UnityEditor.QuickSearchModule:UnityEditor.Search:ASIAI0B' with importer (ScriptedImporter : UnityEditor.QuickSearchModule:UnityEditor.Search:ASIAI0B)
Imported 'GUID: b46d3a07716bc8b4296166d5ac10e492' -> (Import Result ID: '95b6d43ef24942de0a348862298ee0de') in 0.003 seconds [static and dynamic dependencies]. Details - ImportResultOutputID=69b7fe09580208fd91e2d753914c704e DependenciesID=31e5f46840dc815775f829575bd94cb5 StaticDependenciesID=8d7a450d36545b8dc3784baf6767ee2c 
Number of updated asset objects reloaded before import = 0
Number of asset objects unloaded after import = 3
========================================================================
Received Import Request.
  Time of request: 2026-10-02T14:24:18.257264Z
  Time since last request: 0.000582955 seconds.
  importAddress: GUID: 9cdb1d83bdac1554287041973d268c1d - Path: Packages/com.unity.2d.tilemap/Editor/Icons/EditorUI.TargetHover@4x.png - Importer: ScriptedImporter/UnityEditor.QuickSearchModule:UnityEditor.Search:ASIAI0B
Importing 'GUID: 9cdb1d83bdac1554287041973d268c1d - Path: Packages/com.unity.2d.tilemap/Editor/Icons/EditorUI.TargetHover@4x.png - Importer: ScriptedImporter/UnityEditor.QuickSearchModule:UnityEditor.Search:ASIAI0B' with importer (ScriptedImporter : UnityEditor.QuickSearchModule:UnityEditor.Search:ASIAI0B)
Imported 'GUID: 9cdb1d83bdac1554287041973d268c1d' -> (Import Result ID: '06cae9f7123cd23b39d16ac12f6e4ad8') in 0.004 seconds [static and dynamic dependencies]. Details - ImportResultOutputID=70df531fc86c03fc8e5d2218608794ec DependenciesID=80675a0b0b9cb682408781b36f350901 StaticDependenciesID=69af5ee6e6936bdae27e487956f6e208 
Number of updated asset objects reloaded before import = 0
Number of asset objects unloaded after import = 3
========================================================================
Received Import Request.
  Time of request: 2026-10-02T14:24:18.267539Z
  Time since last request: 0.000528248 seconds.
  importAddress: GUID: 4d9abe6587844ad5a26d63cc0b42a191 - Path: Packages/com.unity.2d.tilemap/Editor/GridPaintCreateTargetsDropdown.cs - Importer: ScriptedImporter/UnityEditor.QuickSearchModule:UnityEditor.Search:ASIAI0B
Importing 'GUID: 4d9abe6587844ad5a26d63cc0b42a191 - Path: Packages/com.unity.2d.tilemap/Editor/GridPaintCreateTargetsDropdown.cs - Importer: ScriptedImporter/UnityEditor.QuickSearchModule:UnityEditor.Search:ASIAI0B' with importer (ScriptedImporter : UnityEditor.QuickSearchModule:UnityEditor.Search:ASIAI0B)
Imported 'GUID: 4d9abe6587844ad5a26d63cc0b42a191' -> (Import Result ID: '23adc5f21d4c6d61075e6a42b186cb76') in 0.001 seconds [static and dynamic dependencies]. Details - ImportResultOutputID=dccd02fa8c75c4ed9f96ed043002c9ad DependenciesID=881eb66544109c36ff2a3ae0cedc45a0 StaticDependenciesID=22d95b804d57ea43344f420118ede7db 
Number of updated asset objects reloaded before import = 0
Number of asset objects unloaded after import = 0
========================================================================
Received Import Request.
  Time of request: 2026-10-02T14:24:18.2747Z
  Time since last request: 0.000547677 seconds.
  importAddress: GUID: 9919eddc8d3d4729926ac96ef2b1e244 - Path: Packages/com.unity.2d.tilemap/Editor/UI/TilePaletteClipboardFirstUserElement.cs - Importer: ScriptedImporter/UnityEditor.QuickSearchModule:UnityEditor.Search:ASIAI0B
Importing 'GUID: 9919eddc8d3d4729926ac96ef2b1e244 - Path: Packages/com.unity.2d.tilemap/Editor/UI/TilePaletteClipboardFirstUserElement.cs - Importer: ScriptedImporter/UnityEditor.QuickSearchModule:UnityEditor.Search:ASIAI0B' with importer (ScriptedImporter : UnityEditor.QuickSearchModule:UnityEditor.Search:ASIAI0B)
Imported 'GUID: 9919eddc8d3d4729926ac96ef2b1e244' -> (Import Result ID: '44375da12339de577244836b222bb01a') in 0.001 seconds [static and dynamic dependencies]. Details - ImportResultOutputID=9ac663b173b798466c93b0c1a89c9f27 DependenciesID=6c84a0be97f0671754c86fcacb492a89 StaticDependenciesID=944c859eb4c260bf599b8552eba0d480 
Number of updated asset objects reloaded before import = 0
Number of asset objects unloaded after import = 0
========================================================================
Received Import Request.
  Time of request: 2026-10-02T14:24:18.281315Z
  Time since last request: 0.000449094 seconds.
  importAddress: GUID: 9806777faa990e24fb0a14a60ef2dbb1 - Path: Packages/com.unity.2d.tilemap/Editor/UI/TilePaletteBrushInspectorElement.cs - Importer: ScriptedImporter/UnityEditor.QuickSearchModule:UnityEditor.Search:ASIAI0B
Importing 'GUID: 9806777faa990e24fb0a14a60ef2dbb1 - Path: Packages/com.unity.2d.tilemap/Editor/UI/TilePaletteBrushInspectorElement.cs - Importer: ScriptedImporter/UnityEditor.QuickSearchModule:UnityEditor.Search:ASIAI0B' with importer (ScriptedImporter : UnityEditor.QuickSearchModule:UnityEditor.Search:ASIAI0B)
Imported 'GUID: 9806777faa990e24fb0a14a60ef2dbb1' -> (Import Result ID: '8f159aad2675d97952e7d16283c36bf5') in 0.001 seconds [static and dynamic dependencies]. Details - ImportResultOutputID=33465e1f9f59e2c740aa2a495be601d3 DependenciesID=6d2de8d47b6d9aa8e82f076ec2508ea1 StaticDependenciesID=f5cdd88f08e3d26ec60f2044e21a5978 
Number of updated asset objects reloaded before import = 0
Number of asset objects unloaded after import = 0
========================================================================
Received Import Request.
  Time of request: 2026-10-02T14:24:18.287549Z
  Time since last request: 0.000439078 seconds.
  importAddress: GUID: da729b8a61b9b17479b11396776d7651 - Path: Packages/com.unity.2d.tilemap/Editor/UI/GridPaintPaletteWindowSplitView.cs - Importer: ScriptedImporter/UnityEditor.QuickSearchModule:UnityEditor.Search:ASIAI0B
Importing 'GUID: da729b8a61b9b17479b11396776d7651 - Path: Packages/com.unity.2d.tilemap/Editor/UI/GridPaintPaletteWindowSplitView.cs - Importer: ScriptedImporter/UnityEditor.QuickSearchModule:UnityEditor.Search:ASIAI0B' with importer (ScriptedImporter : UnityEditor.QuickSearchModule:UnityEditor.Search:ASIAI0B)
Imported 'GUID: da729b8a61b9b17479b11396776d7651' -> (Import Result ID: '780bb6a60fcdfa3fa97f7febacbf32ee') in 0.001 seconds [static and dynamic dependencies]. Details - ImportResultOutputID=b48e1dd04205e090c9f488c4591cd260 DependenciesID=02046ad2eafb62473026713022d57645 StaticDependenciesID=ddcb8bc486616de0d3effc6ff9ea44f0 
Number of updated asset objects reloaded before import = 0
Number of asset objects unloaded after import = 0
========================================================================
Received Import Request.
  Time of request: 2026-10-02T14:24:18.294007Z
  Time since last request: 0.000462734 seconds.
  importAddress: GUID: 8e2a754470eca3549bf5b80afcf34aa7 - Path: Packages/com.unity.2d.tilemap/README.md - Importer: ScriptedImporter/UnityEditor.QuickSearchModule:UnityEditor.Search:ASIAI0B
Importing 'GUID: 8e2a754470eca3549bf5b80afcf34aa7 - Path: Packages/com.unity.2d.tilemap/README.md - Importer: ScriptedImporter/UnityEditor.QuickSearchModule:UnityEditor.Search:ASIAI0B' with importer (ScriptedImporter : UnityEditor.QuickSearchModule:UnityEditor.Search:ASIAI0B)
Imported 'GUID: 8e2a754470eca3549bf5b80afcf34aa7' -> (Import Result ID: 'df444bddadd7912c29676a27b1ac1ac0') in 0.001 seconds [static and dynamic dependencies]. Details - ImportResultOutputID=61e880073bd4ff6cfb50c9f9aeb43194 DependenciesID=dd03e90cdc22882c9e93a94a3d12dd1b StaticDependenciesID=03df4ce98d72f357b52d42c0feaf1afd 
Number of updated asset objects reloaded before import = 0
Number of asset objects unloaded after import = 1
========================================================================
Received Import Request.
  Time of request: 2026-10-02T14:24:18.301113Z
  Time since last request: 0.000497595 seconds.
  importAddress: GUID: 84cd96391d8e912479adff56b3500191 - Path: Packages/com.unity.2d.tilemap/Editor/Icons/d_Tilemap.EditPalette.png - Importer: ScriptedImporter/UnityEditor.QuickSearchModule:UnityEditor.Search:ASIAI0B
Importing 'GUID: 84cd96391d8e912479adff56b3500191 - Path: Packages/com.unity.2d.tilemap/Editor/Icons/d_Tilemap.EditPalette.png - Importer: ScriptedImporter/UnityEditor.QuickSearchModule:UnityEditor.Search:ASIAI0B' with importer (ScriptedImporter : UnityEditor.QuickSearchModule:UnityEditor.Search:ASIAI0B)
Imported 'GUID: 84cd96391d8e912479adff56b3500191' -> (Import Result ID: 'b4a7749cd3406d89dae6677cfaea28d4') in 0.003 seconds [static and dynamic dependencies]. Details - ImportResultOutputID=78dcab70d5c109dd83087644b1179396 DependenciesID=c44db004329117c37819b4e44e1716c1 StaticDependenciesID=323fc8592ec500b3f2372391b5f3fefc 
Number of updated asset objects reloaded before import = 0
Number of asset objects unloaded after import = 3
========================================================================
Received Import Request.
  Time of request: 2026-10-02T14:24:18.309613Z
  Time since last request: 0.000259131 seconds.
  importAddress: GUID: 53da314bfe3845741ad14976e09ee6cf - Path: Packages/com.unity.2d.tilemap/Editor/Icons/d_Grid.RotateACW.png - Importer: ScriptedImporter/UnityEditor.QuickSearchModule:UnityEditor.Search:ASIAI0B
Importing 'GUID: 53da314bfe3845741ad14976e09ee6cf - Path: Packages/com.unity.2d.tilemap/Editor/Icons/d_Grid.RotateACW.png - Importer: ScriptedImporter/UnityEditor.QuickSearchModule:UnityEditor.Search:ASIAI0B' with importer (ScriptedImporter : UnityEditor.QuickSearchModule:UnityEditor.Search:ASIAI0B)
Imported 'GUID: 53da314bfe3845741ad14976e09ee6cf' -> (Import Result ID: '569562770ff38c57c2e2c06a7aa21f7e') in 0.003 seconds [static and dynamic dependencies]. Details - ImportResultOutputID=b96cb8370473fb7517d6c2c9f6fd8203 DependenciesID=5c8537b93b2c1629d1bee43f18d61451 StaticDependenciesID=062fb636a73266009aee7dff6626b0ad 
Number of updated asset objects reloaded before import = 0
Number of asset objects unloaded after import = 3
========================================================================
Received Import Request.
  Time of request: 2026-10-02T14:24:18.318071Z
  Time since last request: 0.000221856 seconds.
  importAddress: GUID: cb5418bb8817a8c4096007d67d6fd8ba - Path: Packages/com.unity.2d.tilemap/Editor/GridPaletteBrushes.cs - Importer: ScriptedImporter/UnityEditor.QuickSearchModule:UnityEditor.Search:ASIAI0B
Importing 'GUID: cb5418bb8817a8c4096007d67d6fd8ba - Path: Packages/com.unity.2d.tilemap/Editor/GridPaletteBrushes.cs - Importer: ScriptedImporter/UnityEditor.QuickSearchModule:UnityEditor.Search:ASIAI0B' with importer (ScriptedImporter : UnityEditor.QuickSearchModule:UnityEditor.Search:ASIAI0B)
Imported 'GUID: cb5418bb8817a8c4096007d67d6fd8ba' -> (Import Result ID: '4649589db0fd1ca65d71ec63e1c1ebb3') in 0.001 seconds [static and dynamic dependencies]. Details - ImportResultOutputID=d5689ea2c25718c38da2d14dd9349a89 DependenciesID=918417ad14a141b8ec5dfecea57356c1 StaticDependenciesID=ee5789903ab86329d2e51d8739064a15 
Number of updated asset objects reloaded before import = 0
Number of asset objects unloaded after import = 0
========================================================================
Received Import Request.
  Time of request: 2026-10-02T14:24:18.325559Z
  Time since last request: 0.000250735 seconds.
  importAddress: GUID: 08b339ace3191aa409290fbb8bfe30b9 - Path: Packages/com.unity.2d.tilemap/Editor/EditorTools/SelectTool.cs - Importer: ScriptedImporter/UnityEditor.QuickSearchModule:UnityEditor.Search:ASIAI0B
Importing 'GUID: 08b339ace3191aa409290fbb8bfe30b9 - Path: Packages/com.unity.2d.tilemap/Editor/EditorTools/SelectTool.cs - Importer: ScriptedImporter/UnityEditor.QuickSearchModule:UnityEditor.Search:ASIAI0B' with importer (ScriptedImporter : UnityEditor.QuickSearchModule:UnityEditor.Search:ASIAI0B)
Imported 'GUID: 08b339ace3191aa409290fbb8bfe30b9' -> (Import Result ID: '93aa369be28ad0abc7de792f8bee862b') in 0.001 seconds [static and dynamic dependencies]. Details - ImportResultOutputID=8fc8ffb9b9cf5e3b6ca589bd4e1fc592 DependenciesID=8ba169aa7364232f7a1d4c00aa44bdcd StaticDependenciesID=e82feb43beb312daf2b6ed1020bb06e3 
Number of updated asset objects reloaded before import = 0
Number of asset objects unloaded after import = 0
========================================================================
Received Import Request.
  Time of request: 2026-10-02T14:24:18.331995Z
  Time since last request: 0.000160503 seconds.
  importAddress: GUID: 4e560db51173b924aa59f1e95d7ed195 - Path: Packages/com.unity.2d.tilemap/Editor/UI/BoolFieldOverlayPopupWindow.cs - Importer: ScriptedImporter/UnityEditor.QuickSearchModule:UnityEditor.Search:ASIAI0B
Importing 'GUID: 4e560db51173b924aa59f1e95d7ed195 - Path: Packages/com.unity.2d.tilemap/Editor/UI/BoolFieldOverlayPopupWindow.cs - Importer: ScriptedImporter/UnityEditor.QuickSearchModule:UnityEditor.Search:ASIAI0B' with importer (ScriptedImporter : UnityEditor.QuickSearchModule:UnityEditor.Search:ASIAI0B)
Imported 'GUID: 4e560db51173b924aa59f1e95d7ed195' -> (Import Result ID: 'aeebca610ee6d5acd69053ca1d3cc2e1') in 0.001 seconds [static and dynamic dependencies]. Details - ImportResultOutputID=828cef3df97a6b923d3e8cf1a5933325 DependenciesID=37dac1f2c3880428556cfb6c4f778c15 StaticDependenciesID=77626ab924b3a9d39a7a86491504e279 
Number of updated asset objects reloaded before import = 0
Number of asset objects unloaded after import = 0
========================================================================
Received Import Request.
  Time of request: 2026-10-02T14:24:18.341999Z
  Time since last request: 0.000496968 seconds.
  importAddress: GUID: 7f77f51970704961b70275d21c760418 - Path: Packages/com.unity.2d.tilemap/Editor/TilePaletteWhiteboxSamplesUtility.cs - Importer: ScriptedImporter/UnityEditor.QuickSearchModule:UnityEditor.Search:ASIAI0B
Importing 'GUID: 7f77f51970704961b70275d21c760418 - Path: Packages/com.unity.2d.tilemap/Editor/TilePaletteWhiteboxSamplesUtility.cs - Importer: ScriptedImporter/UnityEditor.QuickSearchModule:UnityEditor.Search:ASIAI0B' with importer (ScriptedImporter : UnityEditor.QuickSearchModule:UnityEditor.Search:ASIAI0B)
Imported 'GUID: 7f77f51970704961b70275d21c760418' -> (Import Result ID: '9ebca1efc6324d325ae98c42254edd23') in 0.001 seconds [static and dynamic dependencies]. Details - ImportResultOutputID=bd6345b0a592c4826d2dc69ab62da451 DependenciesID=9124a5e0c293116094f76ec6fbd69e2e StaticDependenciesID=6e7f3b449c6aa955bdc2c8867881a855 
Number of updated asset objects reloaded before import = 0
Number of asset objects unloaded after import = 0
========================================================================
Received Import Request.
  Time of request: 2026-10-02T14:24:18.348197Z
  Time since last request: 0.000234355 seconds.
  importAddress: GUID: e7c9025e8b1fd7f4ba7de0f72eb6f773 - Path: Packages/com.unity.2d.tilemap/Editor/EditorTools/GridSelection/GridSelectionMoveTool.cs - Importer: ScriptedImporter/UnityEditor.QuickSearchModule:UnityEditor.Search:ASIAI0B
Importing 'GUID: e7c9025e8b1fd7f4ba7de0f72eb6f773 - Path: Packages/com.unity.2d.tilemap/Editor/EditorTools/GridSelection/GridSelectionMoveTool.cs - Importer: ScriptedImporter/UnityEditor.QuickSearchModule:UnityEditor.Search:ASIAI0B' with importer (ScriptedImporter : UnityEditor.QuickSearchModule:UnityEditor.Search:ASIAI0B)
Imported 'GUID: e7c9025e8b1fd7f4ba7de0f72eb6f773' -> (Import Result ID: 'be3c16bd954795236730d9bcbc3463ce') in 0.001 seconds [static and dynamic dependencies]. Details - ImportResultOutputID=c71761fbe5097917a0ac4b46de7b42bb DependenciesID=85ce37981c49e671f98fb682f6bc16f7 StaticDependenciesID=f377ad3071a199a2a16874a679f2706e 
Number of updated asset objects reloaded before import = 0
Number of asset objects unloaded after import = 0
========================================================================
Received Import Request.
  Time of request: 2026-10-02T14:24:18.354241Z
  Time since last request: 0.000299091 seconds.
  importAddress: GUID: 147520b21ddedfe4fbce3cd5a934af90 - Path: Packages/com.unity.2d.tilemap/Editor/UI/TilePaletteBrushesButton.cs - Importer: ScriptedImporter/UnityEditor.QuickSearchModule:UnityEditor.Search:ASIAI0B
Importing 'GUID: 147520b21ddedfe4fbce3cd5a934af90 - Path: Packages/com.unity.2d.tilemap/Editor/UI/TilePaletteBrushesButton.cs - Importer: ScriptedImporter/UnityEditor.QuickSearchModule:UnityEditor.Search:ASIAI0B' with importer (ScriptedImporter : UnityEditor.QuickSearchModule:UnityEditor.Search:ASIAI0B)
Imported 'GUID: 147520b21ddedfe4fbce3cd5a934af90' -> (Import Result ID: '854d09722f214d1518295a34f33467e8') in 0.001 seconds [static and dynamic dependencies]. Details - ImportResultOutputID=5355c744b75ccd3d178e7a96829b1f3e DependenciesID=ab751388bf46df30f11ad5ae4f8147e5 StaticDependenciesID=f0522d2888ea3cffb3327184cda4d9af 
Number of updated asset objects reloaded before import = 0
Number of asset objects unloaded after import = 0
========================================================================
Received Import Request.
  Time of request: 2026-10-02T14:24:18.361394Z
  Time since last request: 0.000380761 seconds.
  importAddress: GUID: 63a012608de367444a8cfb3b43e4da64 - Path: Packages/com.unity.2d.tilemap/Editor/Icons/d_GridSelection@2x.png - Importer: ScriptedImporter/UnityEditor.QuickSearchModule:UnityEditor.Search:ASIAI0B
Importing 'GUID: 63a012608de367444a8cfb3b43e4da64 - Path: Packages/com.unity.2d.tilemap/Editor/Icons/d_GridSelection@2x.png - Importer: ScriptedImporter/UnityEditor.QuickSearchModule:UnityEditor.Search:ASIAI0B' with importer (ScriptedImporter : UnityEditor.QuickSearchModule:UnityEditor.Search:ASIAI0B)
Imported 'GUID: 63a012608de367444a8cfb3b43e4da64' -> (Import Result ID: '728eb24da0d927abcfb03db5ab6d25c6') in 0.002 seconds [static and dynamic dependencies]. Details - ImportResultOutputID=5a5713d9d572cc97a2c0b35466d055a4 DependenciesID=a1e3045d791a8b71002e4a9717f57242 StaticDependenciesID=271b840525055bb18220e6488b78677c 
Number of updated asset objects reloaded before import = 0
Number of asset objects unloaded after import = 1
========================================================================
Received Import Request.
  Time of request: 2026-10-02T14:24:18.369562Z
  Time since last request: 0.000207829 seconds.
  importAddress: GUID: bd87ef44d388dfd45b295d03e963f0d9 - Path: Packages/com.unity.2d.tilemap/Editor/UI/TilePaletteOverlayUtility.cs - Importer: ScriptedImporter/UnityEditor.QuickSearchModule:UnityEditor.Search:ASIAI0B
Importing 'GUID: bd87ef44d388dfd45b295d03e963f0d9 - Path: Packages/com.unity.2d.tilemap/Editor/UI/TilePaletteOverlayUtility.cs - Importer: ScriptedImporter/UnityEditor.QuickSearchModule:UnityEditor.Search:ASIAI0B' with importer (ScriptedImporter : UnityEditor.QuickSearchModule:UnityEditor.Search:ASIAI0B)
Imported 'GUID: bd87ef44d388dfd45b295d03e963f0d9' -> (Import Result ID: '6439f9b450ef5f797da0e2f3a44c49bc') in 0.002 seconds [static and dynamic dependencies]. Details - ImportResultOutputID=cb66b489d0942fc176f57ec6fa4bb643 DependenciesID=dcf955265b564cca39449701c84ac89a StaticDependenciesID=18d862e69c668d20a70b68cf4c7dda6c 
Number of updated asset objects reloaded before import = 0
Number of asset objects unloaded after import = 0
========================================================================
Received Import Request.
  Time of request: 2026-10-02T14:24:18.377568Z
  Time since last request: 0.000383733 seconds.
  importAddress: GUID: 4e62fa74d1eac074cac268c2997a658c - Path: Packages/com.unity.2d.tilemap/Editor/Icons/d_Tilemap.GridPaint@4x.png - Importer: ScriptedImporter/UnityEditor.QuickSearchModule:UnityEditor.Search:ASIAI0B
Importing 'GUID: 4e62fa74d1eac074cac268c2997a658c - Path: Packages/com.unity.2d.tilemap/Editor/Icons/d_Tilemap.GridPaint@4x.png - Importer: ScriptedImporter/UnityEditor.QuickSearchModule:UnityEditor.Search:ASIAI0B' with importer (ScriptedImporter : UnityEditor.QuickSearchModule:UnityEditor.Search:ASIAI0B)
Imported 'GUID: 4e62fa74d1eac074cac268c2997a658c' -> (Import Result ID: '1756a829338792aca2f6ada6e600be72') in 0.004 seconds [static and dynamic dependencies]. Details - ImportResultOutputID=f23ddd639464de7a5f2b2e695571ba0a DependenciesID=c5967540b4e657ce3123aa24ea5e0ca6 StaticDependenciesID=271d625d8995d455a44b6d0e356f4fa7 
Number of updated asset objects reloaded before import = 0
Number of asset objects unloaded after import = 3
========================================================================
Received Import Request.
  Time of request: 2026-10-02T14:24:18.39069Z
  Time since last request: 0.000405236 seconds.
  importAddress: GUID: 9f1e0a9724743a74794256ebe791fd41 - Path: Packages/com.unity.2d.tilemap/Editor/PaintableSceneViewGrid.cs - Importer: ScriptedImporter/UnityEditor.QuickSearchModule:UnityEditor.Search:ASIAI0B
Importing 'GUID: 9f1e0a9724743a74794256ebe791fd41 - Path: Packages/com.unity.2d.tilemap/Editor/PaintableSceneViewGrid.cs - Importer: ScriptedImporter/UnityEditor.QuickSearchModule:UnityEditor.Search:ASIAI0B' with importer (ScriptedImporter : UnityEditor.QuickSearchModule:UnityEditor.Search:ASIAI0B)
Imported 'GUID: 9f1e0a9724743a74794256ebe791fd41' -> (Import Result ID: '79782f1a8fc3e8bb87ce29e4d157c19e') in 0.002 seconds [static and dynamic dependencies]. Details - ImportResultOutputID=89521a4af394b549492c5a12ad6e887d DependenciesID=d636f71d03d02b3743cd1f8d111d697e StaticDependenciesID=bac86cf547edce5d7dfe47cb893e7503 
Number of updated asset objects reloaded before import = 0
Number of asset objects unloaded after import = 0
========================================================================
Received Import Request.
  Time of request: 2026-10-02T14:24:18.400662Z
  Time since last request: 0.00025614 seconds.
  importAddress: GUID: 8b5e0f8599da083488da675fc79c5c66 - Path: Packages/com.unity.2d.tilemap/Editor/GridPaletteUtility.cs - Importer: ScriptedImporter/UnityEditor.QuickSearchModule:UnityEditor.Search:ASIAI0B
Importing 'GUID: 8b5e0f8599da083488da675fc79c5c66 - Path: Packages/com.unity.2d.tilemap/Editor/GridPaletteUtility.cs - Importer: ScriptedImporter/UnityEditor.QuickSearchModule:UnityEditor.Search:ASIAI0B' with importer (ScriptedImporter : UnityEditor.QuickSearchModule:UnityEditor.Search:ASIAI0B)
Imported 'GUID: 8b5e0f8599da083488da675fc79c5c66' -> (Import Result ID: '79d9f38825d897c88cad27a1f2999d7a') in 0.001 seconds [static and dynamic dependencies]. Details - ImportResultOutputID=2560fe43fb3db7a5cdf2d318721f3949 DependenciesID=02313810879e08f1c6bbda910fc838e2 StaticDependenciesID=025a18ac4db9b3ea1c7fbe6bd781800d 
Number of updated asset objects reloaded before import = 0
Number of asset objects unloaded after import = 0
========================================================================
Received Import Request.
  Time of request: 2026-10-02T14:24:18.408143Z
  Time since last request: 0.000369529 seconds.
  importAddress: GUID: d5952b29970e2144780a7cd7b621f821 - Path: Packages/com.unity.2d.tilemap/Editor/EditorTools/FillTool.cs - Importer: ScriptedImporter/UnityEditor.QuickSearchModule:UnityEditor.Search:ASIAI0B
Importing 'GUID: d5952b29970e2144780a7cd7b621f821 - Path: Packages/com.unity.2d.tilemap/Editor/EditorTools/FillTool.cs - Importer: ScriptedImporter/UnityEditor.QuickSearchModule:UnityEditor.Search:ASIAI0B' with importer (ScriptedImporter : UnityEditor.QuickSearchModule:UnityEditor.Search:ASIAI0B)
Imported 'GUID: d5952b29970e2144780a7cd7b621f821' -> (Import Result ID: 'a7dee89777845c7b749e049f54d03137') in 0.001 seconds [static and dynamic dependencies]. Details - ImportResultOutputID=d4f95efa0b9ce1179ef0b176521b8db9 DependenciesID=8746b1bbae551b3354af51aa77f4dc05 StaticDependenciesID=b71c324322bfce335fb197ae25dd80cd 
Number of updated asset objects reloaded before import = 0
Number of asset objects unloaded after import = 0
========================================================================
Received Import Request.
  Time of request: 2026-10-02T14:24:18.416747Z
  Time since last request: 0.000312833 seconds.
  importAddress: GUID: 51797d68d3132bb419217a229e09fc47 - Path: Packages/com.unity.2d.tilemap/package.json - Importer: ScriptedImporter/UnityEditor.QuickSearchModule:UnityEditor.Search:ASIAI0B
Importing 'GUID: 51797d68d3132bb419217a229e09fc47 - Path: Packages/com.unity.2d.tilemap/package.json - Importer: ScriptedImporter/UnityEditor.QuickSearchModule:UnityEditor.Search:ASIAI0B' with importer (ScriptedImporter : UnityEditor.QuickSearchModule:UnityEditor.Search:ASIAI0B)
Imported 'GUID: 51797d68d3132bb419217a229e09fc47' -> (Import Result ID: '0ae77d055e5013452755a7ed5120cda5') in 0.001 seconds [static and dynamic dependencies]. Details - ImportResultOutputID=32ab498f16e6afcc3ff407d261e57447 DependenciesID=7e25b133bec9044a01722fe213bb82af StaticDependenciesID=fd6f6d3ee4a34224fcb4a197bf131e96 
Number of updated asset objects reloaded before import = 0
Number of asset objects unloaded after import = 1
========================================================================
Received Import Request.
  Time of request: 2026-10-02T14:24:18.423163Z
  Time since last request: 0.000373821 seconds.
  importAddress: GUID: c54623997d885f6499655af6031a3bf9 - Path: Packages/com.unity.2d.tilemap/Editor/Icons/Tilemap.GridPaint@4x.png - Importer: ScriptedImporter/UnityEditor.QuickSearchModule:UnityEditor.Search:ASIAI0B
Importing 'GUID: c54623997d885f6499655af6031a3bf9 - Path: Packages/com.unity.2d.tilemap/Editor/Icons/Tilemap.GridPaint@4x.png - Importer: ScriptedImporter/UnityEditor.QuickSearchModule:UnityEditor.Search:ASIAI0B' with importer (ScriptedImporter : UnityEditor.QuickSearchModule:UnityEditor.Search:ASIAI0B)
Imported 'GUID: c54623997d885f6499655af6031a3bf9' -> (Import Result ID: 'ee9e98d772c24e414301d4c6072e0d34') in 0.003 seconds [static and dynamic dependencies]. Details - ImportResultOutputID=ba7d59fb37bc5ac683d434b956121543 DependenciesID=78df6fa80cec7f4f8aa66a99a3f67582 StaticDependenciesID=7a73fd9a66fc597f474d0db9e737d7b1 
Number of updated asset objects reloaded before import = 0
Number of asset objects unloaded after import = 3
========================================================================
Received Import Request.
  Time of request: 2026-10-02T14:24:18.431247Z
  Time since last request: 0.000275869 seconds.
  importAddress: GUID: 0de3343905095ab4c9d52addc012a937 - Path: Packages/com.unity.2d.tilemap/Editor/EditorTools/EraseTool.cs - Importer: ScriptedImporter/UnityEditor.QuickSearchModule:UnityEditor.Search:ASIAI0B
Importing 'GUID: 0de3343905095ab4c9d52addc012a937 - Path: Packages/com.unity.2d.tilemap/Editor/EditorTools/EraseTool.cs - Importer: ScriptedImporter/UnityEditor.QuickSearchModule:UnityEditor.Search:ASIAI0B' with importer (ScriptedImporter : UnityEditor.QuickSearchModule:UnityEditor.Search:ASIAI0B)
Imported 'GUID: 0de3343905095ab4c9d52addc012a937' -> (Import Result ID: '9576c8525aacb7a6c2acdedc04cf6af8') in 0.001 seconds [static and dynamic dependencies]. Details - ImportResultOutputID=5c999bf1b4ef1c86cf22514a33da93f2 DependenciesID=03bf6e8628fe5418c3956f3abd04c301 StaticDependenciesID=ec395d3ee1e43d85c75e8b8fbda53f94 
Number of updated asset objects reloaded before import = 0
Number of asset objects unloaded after import = 0
========================================================================
Received Import Request.
  Time of request: 2026-10-02T14:24:18.438274Z
  Time since last request: 0.000259806 seconds.
  importAddress: GUID: 7df3ec98f7c6bd740a979da7da668275 - Path: Packages/com.unity.2d.tilemap/Tests/Editor/TilemapPackageTests.cs - Importer: ScriptedImporter/UnityEditor.QuickSearchModule:UnityEditor.Search:ASIAI0B
Importing 'GUID: 7df3ec98f7c6bd740a979da7da668275 - Path: Packages/com.unity.2d.tilemap/Tests/Editor/TilemapPackageTests.cs - Importer: ScriptedImporter/UnityEditor.QuickSearchModule:UnityEditor.Search:ASIAI0B' with importer (ScriptedImporter : UnityEditor.QuickSearchModule:UnityEditor.Search:ASIAI0B)
Imported 'GUID: 7df3ec98f7c6bd740a979da7da668275' -> (Import Result ID: '5619a6f76db2f416115c5516794c73f8') in 0.001 seconds [static and dynamic dependencies]. Details - ImportResultOutputID=ff9c465d59850a0177556df3d2e229aa DependenciesID=1e972727b1bc84f01444f867af810d7b StaticDependenciesID=1d839a223724e4a8181b8e494e5ffba7 
Number of updated asset objects reloaded before import = 0
Number of asset objects unloaded after import = 0
========================================================================
Received Import Request.
  Time of request: 2026-10-02T14:24:18.445063Z
  Time since last request: 0.00031118 seconds.
  importAddress: GUID: c899067ddf12498abd0cafa97b560107 - Path: Packages/com.unity.2d.tilemap/Editor/UI/TilePaletteBrushPickOverlay.cs - Importer: ScriptedImporter/UnityEditor.QuickSearchModule:UnityEditor.Search:ASIAI0B
Importing 'GUID: c899067ddf12498abd0cafa97b560107 - Path: Packages/com.unity.2d.tilemap/Editor/UI/TilePaletteBrushPickOverlay.cs - Importer: ScriptedImporter/UnityEditor.QuickSearchModule:UnityEditor.Search:ASIAI0B' with importer (ScriptedImporter : UnityEditor.QuickSearchModule:UnityEditor.Search:ASIAI0B)
Imported 'GUID: c899067ddf12498abd0cafa97b560107' -> (Import Result ID: 'ac8deed823bda07e3425f1f7a46873ad') in 0.001 seconds [static and dynamic dependencies]. Details - ImportResultOutputID=12d95efcf22456c659166a08f00f2504 DependenciesID=b9c25b1f2b34c48d40f470f315d0f959 StaticDependenciesID=0bdb8025b73acc2263e6dadd7cdb7a45 
Number of updated asset objects reloaded before import = 0
Number of asset objects unloaded after import = 0
========================================================================
Received Import Request.
  Time of request: 2026-10-02T14:24:18.451949Z
  Time since last request: 0.000340019 seconds.
  importAddress: GUID: b2a7503b9cc7144c1bfe6d3693632d47 - Path: Packages/com.unity.2d.tilemap/Editor/Icons/d_Tilemap.CustomBrush.png - Importer: ScriptedImporter/UnityEditor.QuickSearchModule:UnityEditor.Search:ASIAI0B
Importing 'GUID: b2a7503b9cc7144c1bfe6d3693632d47 - Path: Packages/com.unity.2d.tilemap/Editor/Icons/d_Tilemap.CustomBrush.png - Importer: ScriptedImporter/UnityEditor.QuickSearchModule:UnityEditor.Search:ASIAI0B' with importer (ScriptedImporter : UnityEditor.QuickSearchModule:UnityEditor.Search:ASIAI0B)
Imported 'GUID: b2a7503b9cc7144c1bfe6d3693632d47' -> (Import Result ID: 'd76627ec4168ae570ea34a77938d1230') in 0.003 seconds [static and dynamic dependencies]. Details - ImportResultOutputID=ab7f9eef29b865d508ba310ccbfcffb9 DependenciesID=ee7a5d2604f8acb10d19c13ccec44d1e StaticDependenciesID=771f0df55d7876a22d8ae02d4ed3b9dd 
Number of updated asset objects reloaded before import = 0
Number of asset objects unloaded after import = 3
========================================================================
Received Import Request.
  Time of request: 2026-10-02T14:24:18.460581Z
  Time since last request: 0.000283282 seconds.
  importAddress: GUID: e883969672bd261498f38ec9e9fc393f - Path: Packages/com.unity.2d.tilemap/Editor/Icons/Grid.FlipX.png - Importer: ScriptedImporter/UnityEditor.QuickSearchModule:UnityEditor.Search:ASIAI0B
Importing 'GUID: e883969672bd261498f38ec9e9fc393f - Path: Packages/com.unity.2d.tilemap/Editor/Icons/Grid.FlipX.png - Importer: ScriptedImporter/UnityEditor.QuickSearchModule:UnityEditor.Search:ASIAI0B' with importer (ScriptedImporter : UnityEditor.QuickSearchModule:UnityEditor.Search:ASIAI0B)
Imported 'GUID: e883969672bd261498f38ec9e9fc393f' -> (Import Result ID: 'ef36a8a0552fe2ca8b59c262e5579ee3') in 0.003 seconds [static and dynamic dependencies]. Details - ImportResultOutputID=7af9b41c49bde62fa02640d6f7a78a47 DependenciesID=2a4953fefd47cda6cbf299d2787945c8 StaticDependenciesID=9983344e91f35d8c6360f5df88992f29 
Number of updated asset objects reloaded before import = 0
Number of asset objects unloaded after import = 3
========================================================================
Received Import Request.
  Time of request: 2026-10-02T14:24:18.469152Z
  Time since last request: 0.000261822 seconds.
  importAddress: GUID: 8f42b5a9ceac4020ab7f132059f79cb1 - Path: Packages/com.unity.2d.tilemap/Editor/UI/TilePaletteClipboardViewElement.cs - Importer: ScriptedImporter/UnityEditor.QuickSearchModule:UnityEditor.Search:ASIAI0B
Importing 'GUID: 8f42b5a9ceac4020ab7f132059f79cb1 - Path: Packages/com.unity.2d.tilemap/Editor/UI/TilePaletteClipboardViewElement.cs - Importer: ScriptedImporter/UnityEditor.QuickSearchModule:UnityEditor.Search:ASIAI0B' with importer (ScriptedImporter : UnityEditor.QuickSearchModule:UnityEditor.Search:ASIAI0B)
Imported 'GUID: 8f42b5a9ceac4020ab7f132059f79cb1' -> (Import Result ID: 'f160b1b55b637d95331ac3565ad16526') in 0.003 seconds [static and dynamic dependencies]. Details - ImportResultOutputID=e92b9a4897d0572f41f52296ca6264c9 DependenciesID=3d362d7c7a3b34298a81f3e693893975 StaticDependenciesID=a59b75ca1dfbb9ddd8a99baf9f764a08 
Number of updated asset objects reloaded before import = 0
Number of asset objects unloaded after import = 0
========================================================================
Received Import Request.
  Time of request: 2026-10-02T14:24:18.477652Z
  Time since last request: 0.000227282 seconds.
  importAddress: GUID: b65aa392762f2014299ba8fbc21b938a - Path: Packages/com.unity.2d.tilemap/Editor/GridPaintingState.cs - Importer: ScriptedImporter/UnityEditor.QuickSearchModule:UnityEditor.Search:ASIAI0B
Importing 'GUID: b65aa392762f2014299ba8fbc21b938a - Path: Packages/com.unity.2d.tilemap/Editor/GridPaintingState.cs - Importer: ScriptedImporter/UnityEditor.QuickSearchModule:UnityEditor.Search:ASIAI0B' with importer (ScriptedImporter : UnityEditor.QuickSearchModule:UnityEditor.Search:ASIAI0B)
Imported 'GUID: b65aa392762f2014299ba8fbc21b938a' -> (Import Result ID: 'd33ad1f1dfc3dca5ed74ed1b4cd50c2f') in 0.001 seconds [static and dynamic dependencies]. Details - ImportResultOutputID=2f479211270b01341f93fc8925452f14 DependenciesID=bbee4a4464f5c4426217a6bef44f1eac StaticDependenciesID=d26ed58a552014566ec8202d9a6575fd 
Number of updated asset objects reloaded before import = 0
Number of asset objects unloaded after import = 0
========================================================================
Received Import Request.
  Time of request: 2026-10-02T14:24:18.484747Z
  Time since last request: 0.000212128 seconds.
  importAddress: GUID: 9bcdd57132ec4d83828b3d2c0ed2c8d8 - Path: Packages/com.unity.2d.tilemap/Editor/EditorTools/TilemapEditorToolPreferencesAsset.cs - Importer: ScriptedImporter/UnityEditor.QuickSearchModule:UnityEditor.Search:ASIAI0B
Importing 'GUID: 9bcdd57132ec4d83828b3d2c0ed2c8d8 - Path: Packages/com.unity.2d.tilemap/Editor/EditorTools/TilemapEditorToolPreferencesAsset.cs - Importer: ScriptedImporter/UnityEditor.QuickSearchModule:UnityEditor.Search:ASIAI0B' with importer (ScriptedImporter : UnityEditor.QuickSearchModule:UnityEditor.Search:ASIAI0B)
Imported 'GUID: 9bcdd57132ec4d83828b3d2c0ed2c8d8' -> (Import Result ID: '6b12308621a0c9a87ee248db1f6467fe') in 0.001 seconds [static and dynamic dependencies]. Details - ImportResultOutputID=e0f5912202cd1c999facbe1c2263c8d3 DependenciesID=b369d4460dee0a78c27ce92b5f52cb4a StaticDependenciesID=12a721b9dc66a05821bbebf96411d98d 
Number of updated asset objects reloaded before import = 0
Number of asset objects unloaded after import = 0
========================================================================
Received Import Request.
  Time of request: 2026-10-02T14:24:18.491414Z
  Time since last request: 0.000235076 seconds.
  importAddress: GUID: 401e910567b72dd4abf58be9f7e0518b - Path: Packages/com.unity.2d.tilemap/Editor/Icons/Tilemap.ShowTilePalette@4x.png - Importer: ScriptedImporter/UnityEditor.QuickSearchModule:UnityEditor.Search:ASIAI0B
Importing 'GUID: 401e910567b72dd4abf58be9f7e0518b - Path: Packages/com.unity.2d.tilemap/Editor/Icons/Tilemap.ShowTilePalette@4x.png - Importer: ScriptedImporter/UnityEditor.QuickSearchModule:UnityEditor.Search:ASIAI0B' with importer (ScriptedImporter : UnityEditor.QuickSearchModule:UnityEditor.Search:ASIAI0B)
Imported 'GUID: 401e910567b72dd4abf58be9f7e0518b' -> (Import Result ID: '2f86a27d5cf218bcc82e6efdbd2d81f3') in 0.003 seconds [static and dynamic dependencies]. Details - ImportResultOutputID=bd3bddc44a6e583a3b0a98802f0a66eb DependenciesID=2ebb4f2bfc8687936daccc2c3dd54b7c StaticDependenciesID=89a94890726849f6287cc41558e6935d 
Number of updated asset objects reloaded before import = 0
Number of asset objects unloaded after import = 3
========================================================================
Received Import Request.
  Time of request: 2026-10-02T14:24:18.499704Z
  Time since last request: 0.000273819 seconds.
  importAddress: GUID: db14f501917d4d5084510f472f505a7e - Path: Packages/com.unity.2d.tilemap/Editor/EditorTools/FlipTool.cs - Importer: ScriptedImporter/UnityEditor.QuickSearchModule:UnityEditor.Search:ASIAI0B
Importing 'GUID: db14f501917d4d5084510f472f505a7e - Path: Packages/com.unity.2d.tilemap/Editor/EditorTools/FlipTool.cs - Importer: ScriptedImporter/UnityEditor.QuickSearchModule:UnityEditor.Search:ASIAI0B' with importer (ScriptedImporter : UnityEditor.QuickSearchModule:UnityEditor.Search:ASIAI0B)
Imported 'GUID: db14f501917d4d5084510f472f505a7e' -> (Import Result ID: '93ca5380e0fa7d4174347313a855b06c') in 0.001 seconds [static and dynamic dependencies]. Details - ImportResultOutputID=7b60bd1b26f73cb15fdd1c3b3d6999fb DependenciesID=b98e9f2cb777f51a5bc23ebe665de07b StaticDependenciesID=2de57eaae4cbbbe4befe1c42998a544f 
Number of updated asset objects reloaded before import = 0
Number of asset objects unloaded after import = 0
========================================================================
Received Import Request.
  Time of request: 2026-10-02T14:24:18.506688Z
  Time since last request: 0.000207609 seconds.
  importAddress: GUID: 0c10d1eefabef044aa513fa1cff210a8 - Path: Packages/com.unity.2d.tilemap/Editor/UI/TilePaletteBrushInspector.cs - Importer: ScriptedImporter/UnityEditor.QuickSearchModule:UnityEditor.Search:ASIAI0B
Importing 'GUID: 0c10d1eefabef044aa513fa1cff210a8 - Path: Packages/com.unity.2d.tilemap/Editor/UI/TilePaletteBrushInspector.cs - Importer: ScriptedImporter/UnityEditor.QuickSearchModule:UnityEditor.Search:ASIAI0B' with importer (ScriptedImporter : UnityEditor.QuickSearchModule:UnityEditor.Search:ASIAI0B)
Imported 'GUID: 0c10d1eefabef044aa513fa1cff210a8' -> (Import Result ID: 'be5fc05782fc93b484809347da809b52') in 0.001 seconds [static and dynamic dependencies]. Details - ImportResultOutputID=eea2f959c06afd62f7f1f2957a69919f DependenciesID=ee488076bd833492687f5fd637ef3d29 StaticDependenciesID=b919543fd3aa4e4dae8c2531106420cb 
Number of updated asset objects reloaded before import = 0
Number of asset objects unloaded after import = 0
========================================================================
Received Import Request.
  Time of request: 2026-10-02T14:24:18.513499Z
  Time since last request: 0.000415107 seconds.
  importAddress: GUID: 070c631c5a8d05e41baf0a64b742067d - Path: Packages/com.unity.2d.tilemap/Editor/Icons/Tilemap.FocusNone@4x.png - Importer: ScriptedImporter/UnityEditor.QuickSearchModule:UnityEditor.Search:ASIAI0B
Importing 'GUID: 070c631c5a8d05e41baf0a64b742067d - Path: Packages/com.unity.2d.tilemap/Editor/Icons/Tilemap.FocusNone@4x.png - Importer: ScriptedImporter/UnityEditor.QuickSearchModule:UnityEditor.Search:ASIAI0B' with importer (ScriptedImporter : UnityEditor.QuickSearchModule:UnityEditor.Search:ASIAI0B)
Imported 'GUID: 070c631c5a8d05e41baf0a64b742067d' -> (Import Result ID: 'e9f6dab97524752bc9a784e323a83e0f') in 0.003 seconds [static and dynamic dependencies]. Details - ImportResultOutputID=2e5b7f182108277e03ad5016105e1097 DependenciesID=26ffa2cd7e6e65124147d0397a5a24cb StaticDependenciesID=011c5a220623d49ba05532d771626e3f 
Number of updated asset objects reloaded before import = 0
Number of asset objects unloaded after import = 3
========================================================================
Received Import Request.
  Time of request: 2026-10-02T14:24:18.521645Z
  Time since last request: 0.000238791 seconds.
  importAddress: GUID: 1915f55bbb9484044b7829d1df0b4abf - Path: Packages/com.unity.2d.tilemap/Editor/Icons/Tilemap.GridPaint.png - Importer: ScriptedImporter/UnityEditor.QuickSearchModule:UnityEditor.Search:ASIAI0B
Importing 'GUID: 1915f55bbb9484044b7829d1df0b4abf - Path: Packages/com.unity.2d.tilemap/Editor/Icons/Tilemap.GridPaint.png - Importer: ScriptedImporter/UnityEditor.QuickSearchModule:UnityEditor.Search:ASIAI0B' with importer (ScriptedImporter : UnityEditor.QuickSearchModule:UnityEditor.Search:ASIAI0B)
Imported 'GUID: 1915f55bbb9484044b7829d1df0b4abf' -> (Import Result ID: '23891c9103621813af972142749b4328') in 0.004 seconds [static and dynamic dependencies]. Details - ImportResultOutputID=c285da5596ed4bf40c71566e6f1413f9 DependenciesID=6c13701dfcbac60b9f68c1d43ec159e6 StaticDependenciesID=fe679ebb2a2b4a5398ef456c04f1e9ec 
Number of updated asset objects reloaded before import = 0
Number of asset objects unloaded after import = 3
========================================================================
Received Import Request.
  Time of request: 2026-10-02T14:24:18.531707Z
  Time since last request: 0.00027625 seconds.
  importAddress: GUID: f1d766c90aeb37d4fb8c7d1ed3ba1378 - Path: Packages/com.unity.2d.tilemap/Editor/Icons/d_Tilemap.FocusNone@4x.png - Importer: ScriptedImporter/UnityEditor.QuickSearchModule:UnityEditor.Search:ASIAI0B
Importing 'GUID: f1d766c90aeb37d4fb8c7d1ed3ba1378 - Path: Packages/com.unity.2d.tilemap/Editor/Icons/d_Tilemap.FocusNone@4x.png - Importer: ScriptedImporter/UnityEditor.QuickSearchModule:UnityEditor.Search:ASIAI0B' with importer (ScriptedImporter : UnityEditor.QuickSearchModule:UnityEditor.Search:ASIAI0B)
Imported 'GUID: f1d766c90aeb37d4fb8c7d1ed3ba1378' -> (Import Result ID: '6edeb34ac79b0688686b2633b2812b17') in 0.003 seconds [static and dynamic dependencies]. Details - ImportResultOutputID=ca4f7a4f0b6cd2d640afdd9fbcaf0cd0 DependenciesID=26623e62718d65a21a2b90df273f2583 StaticDependenciesID=494553bfe5d609155579e9aa0bfa4ecf 
Number of updated asset objects reloaded before import = 0
Number of asset objects unloaded after import = 3
========================================================================
Received Import Request.
  Time of request: 2026-10-02T14:24:18.540908Z
  Time since last request: 0.000317973 seconds.
  importAddress: GUID: 534112f711642464e8a5b9b5ea20e941 - Path: Packages/com.unity.2d.tilemap/Editor/Icons/Tilemap.FocusTilemap.png - Importer: ScriptedImporter/UnityEditor.QuickSearchModule:UnityEditor.Search:ASIAI0B
Importing 'GUID: 534112f711642464e8a5b9b5ea20e941 - Path: Packages/com.unity.2d.tilemap/Editor/Icons/Tilemap.FocusTilemap.png - Importer: ScriptedImporter/UnityEditor.QuickSearchModule:UnityEditor.Search:ASIAI0B' with importer (ScriptedImporter : UnityEditor.QuickSearchModule:UnityEditor.Search:ASIAI0B)
Imported 'GUID: 534112f711642464e8a5b9b5ea20e941' -> (Import Result ID: 'ea17f29dff3bd080538f0df389b36a55') in 0.005 seconds [static and dynamic dependencies]. Details - ImportResultOutputID=3afa7c114562ce6dabc31b94844167b1 DependenciesID=f343cc2f7d185cac5390c7fecdd4be37 StaticDependenciesID=a07192929ba2c917123c84bfc95adc96 
Number of updated asset objects reloaded before import = 0
Number of asset objects unloaded after import = 3
========================================================================
Received Import Request.
  Time of request: 2026-10-02T14:24:18.552032Z
  Time since last request: 0.000273042 seconds.
  importAddress: GUID: b33cda1f9ac0ad7419bbe04d9cc4c8a5 - Path: Packages/com.unity.2d.tilemap/Editor/GridPaintSortingAttribute.cs - Importer: ScriptedImporter/UnityEditor.QuickSearchModule:UnityEditor.Search:ASIAI0B
Importing 'GUID: b33cda1f9ac0ad7419bbe04d9cc4c8a5 - Path: Packages/com.unity.2d.tilemap/Editor/GridPaintSortingAttribute.cs - Importer: ScriptedImporter/UnityEditor.QuickSearchModule:UnityEditor.Search:ASIAI0B' with importer (ScriptedImporter : UnityEditor.QuickSearchModule:UnityEditor.Search:ASIAI0B)
Imported 'GUID: b33cda1f9ac0ad7419bbe04d9cc4c8a5' -> (Import Result ID: '9a3629bc83b8da6f9dffb0ba0c66316a') in 0.001 seconds [static and dynamic dependencies]. Details - ImportResultOutputID=b844131e3548380401af1fdb69b5c064 DependenciesID=f399880c43cd0de845cf4bb72d71e710 StaticDependenciesID=29db30bfdeb0b9e1d31dcadfef607b8e 
Number of updated asset objects reloaded before import = 0
Number of asset objects unloaded after import = 0
========================================================================
Received Import Request.
  Time of request: 2026-10-02T14:24:18.56039Z
  Time since last request: 0.00035236 seconds.
  importAddress: GUID: 3451731abc835d44993075b3bc0935bd - Path: Packages/com.unity.2d.tilemap/Editor/Icons/d_Tilemap.GridPaint@2x.png - Importer: ScriptedImporter/UnityEditor.QuickSearchModule:UnityEditor.Search:ASIAI0B
Importing 'GUID: 3451731abc835d44993075b3bc0935bd - Path: Packages/com.unity.2d.tilemap/Editor/Icons/d_Tilemap.GridPaint@2x.png - Importer: ScriptedImporter/UnityEditor.QuickSearchModule:UnityEditor.Search:ASIAI0B' with importer (ScriptedImporter : UnityEditor.QuickSearchModule:UnityEditor.Search:ASIAI0B)
Imported 'GUID: 3451731abc835d44993075b3bc0935bd' -> (Import Result ID: 'f2c1d19ec1f973523427ce8c5fa62e29') in 0.003 seconds [static and dynamic dependencies]. Details - ImportResultOutputID=1a190ef622a48796f68a72c1bab5d8de DependenciesID=21f9898ed996ab532612696ea74456b9 StaticDependenciesID=1fb99f2e807dd9a131990a161921ecb4 
Number of updated asset objects reloaded before import = 0
Number of asset objects unloaded after import = 3
========================================================================
Received Import Request.
  Time of request: 2026-10-02T14:24:18.569577Z
  Time since last request: 0.000286904 seconds.
  importAddress: GUID: 51b8cbcbf34a36243a954f42c5d344fc - Path: Packages/com.unity.2d.tilemap/Editor/Icons/Grid.RotateACW@2x.png - Importer: ScriptedImporter/UnityEditor.QuickSearchModule:UnityEditor.Search:ASIAI0B
Importing 'GUID: 51b8cbcbf34a36243a954f42c5d344fc - Path: Packages/com.unity.2d.tilemap/Editor/Icons/Grid.RotateACW@2x.png - Importer: ScriptedImporter/UnityEditor.QuickSearchModule:UnityEditor.Search:ASIAI0B' with importer (ScriptedImporter : UnityEditor.QuickSearchModule:UnityEditor.Search:ASIAI0B)
Imported 'GUID: 51b8cbcbf34a36243a954f42c5d344fc' -> (Import Result ID: '93f0fca4d975f71f0968f47cd2343ecb') in 0.003 seconds [static and dynamic dependencies]. Details - ImportResultOutputID=985cfd25147ba069512b6e5e2d7f5a33 DependenciesID=a75dbd2f5b0076f70d32db7a53d2b1e0 StaticDependenciesID=2699abd476003d44bb3671182b9554c5 
Number of updated asset objects reloaded before import = 0
Number of asset objects unloaded after import = 3
========================================================================
Received Import Request.
  Time of request: 2026-10-02T14:24:18.578449Z
  Time since last request: 0.000385265 seconds.
  importAddress: GUID: 73653b679fcd4ba6941afb0cda629d09 - Path: Packages/com.unity.2d.tilemap/Editor/UI/GridPaintPaletteWindowLight.uss - Importer: ScriptedImporter/UnityEditor.QuickSearchModule:UnityEditor.Search:ASIAI0B
Importing 'GUID: 73653b679fcd4ba6941afb0cda629d09 - Path: Packages/com.unity.2d.tilemap/Editor/UI/GridPaintPaletteWindowLight.uss - Importer: ScriptedImporter/UnityEditor.QuickSearchModule:UnityEditor.Search:ASIAI0B' with importer (ScriptedImporter : UnityEditor.QuickSearchModule:UnityEditor.Search:ASIAI0B)
Imported 'GUID: 73653b679fcd4ba6941afb0cda629d09' -> (Import Result ID: '046480fec4a0c1193e05c63227fda89b') in 0.002 seconds [static and dynamic dependencies]. Details - ImportResultOutputID=028304c274cdceb57dcf0dac10693d2f DependenciesID=ebc8906da52542c214d06b945ac1760b StaticDependenciesID=8559208a6333fb16dab77fef24edd585 
Number of updated asset objects reloaded before import = 0
Number of asset objects unloaded after import = 1
========================================================================
Received Import Request.
  Time of request: 2026-10-02T14:24:18.586646Z
  Time since last request: 0.000493474 seconds.
  importAddress: GUID: 95b2d1ff151dd2f479bf1f6321b44179 - Path: Packages/com.unity.2d.tilemap/Editor/Icons/d_Tilemap.ShowTilePalette.png - Importer: ScriptedImporter/UnityEditor.QuickSearchModule:UnityEditor.Search:ASIAI0B
Importing 'GUID: 95b2d1ff151dd2f479bf1f6321b44179 - Path: Packages/com.unity.2d.tilemap/Editor/Icons/d_Tilemap.ShowTilePalette.png - Importer: ScriptedImporter/UnityEditor.QuickSearchModule:UnityEditor.Search:ASIAI0B' with importer (ScriptedImporter : UnityEditor.QuickSearchModule:UnityEditor.Search:ASIAI0B)
Imported 'GUID: 95b2d1ff151dd2f479bf1f6321b44179' -> (Import Result ID: 'beb95ff003fe4b3c7e5f94e5f040d3a5') in 0.003 seconds [static and dynamic dependencies]. Details - ImportResultOutputID=e2522c3ed13245c364db6f8bca4f64ac DependenciesID=80dd214e77fc58b18bee0c5f545d6f74 StaticDependenciesID=d6d05ee32fef9400701e0bcd2a918d53 
Number of updated asset objects reloaded before import = 0
Number of asset objects unloaded after import = 3
========================================================================
Received Import Request.
  Time of request: 2026-10-02T14:24:18.595616Z
  Time since last request: 0.000322125 seconds.
  importAddress: GUID: 943f98e6f10ab4d4883cdc5198a68118 - Path: Packages/com.unity.2d.tilemap/Editor/Icons/EditorUI.Filter@2x.png - Importer: ScriptedImporter/UnityEditor.QuickSearchModule:UnityEditor.Search:ASIAI0B
Importing 'GUID: 943f98e6f10ab4d4883cdc5198a68118 - Path: Packages/com.unity.2d.tilemap/Editor/Icons/EditorUI.Filter@2x.png - Importer: ScriptedImporter/UnityEditor.QuickSearchModule:UnityEditor.Search:ASIAI0B' with importer (ScriptedImporter : UnityEditor.QuickSearchModule:UnityEditor.Search:ASIAI0B)
Imported 'GUID: 943f98e6f10ab4d4883cdc5198a68118' -> (Import Result ID: '665d05fb1eba9c224d44307a3afa09ec') in 0.003 seconds [static and dynamic dependencies]. Details - ImportResultOutputID=5bd25ed97e98e1e0f4bacc80ccbcae73 DependenciesID=85ac5a2935251db7ae76ecbffe5abbf5 StaticDependenciesID=4de4d051846908fcd0dbd10f41bb6ee4 
Number of updated asset objects reloaded before import = 0
Number of asset objects unloaded after import = 3
========================================================================
Received Import Request.
  Time of request: 2026-10-02T14:24:18.604554Z
  Time since last request: 0.000304872 seconds.
  importAddress: GUID: 4f15e4da25f5407188ceb3ad49176db9 - Path: Packages/com.unity.2d.tilemap/Editor/UI/External/RenameableLabel.cs - Importer: ScriptedImporter/UnityEditor.QuickSearchModule:UnityEditor.Search:ASIAI0B
Importing 'GUID: 4f15e4da25f5407188ceb3ad49176db9 - Path: Packages/com.unity.2d.tilemap/Editor/UI/External/RenameableLabel.cs - Importer: ScriptedImporter/UnityEditor.QuickSearchModule:UnityEditor.Search:ASIAI0B' with importer (ScriptedImporter : UnityEditor.QuickSearchModule:UnityEditor.Search:ASIAI0B)
Imported 'GUID: 4f15e4da25f5407188ceb3ad49176db9' -> (Import Result ID: '0ad4d626678b9e7642661da7bbb35a4e') in 0.001 seconds [static and dynamic dependencies]. Details - ImportResultOutputID=7ac68e66605500b57c21caaba7f126b7 DependenciesID=648d435c8c1edeb4dada0eef6c21ddfd StaticDependenciesID=97e4ed8d3bb0ff02b010c7e81f42b809 
Number of updated asset objects reloaded before import = 0
Number of asset objects unloaded after import = 0
========================================================================
Received Import Request.
  Time of request: 2026-10-02T14:24:18.611974Z
  Time since last request: 0.000568845 seconds.
  importAddress: GUID: 6fdcfff56bbd49c4bb9843e21b6b386a - Path: Packages/com.unity.2d.tilemap/Editor/UI/TilePaletteClipboardButton.cs - Importer: ScriptedImporter/UnityEditor.QuickSearchModule:UnityEditor.Search:ASIAI0B
Importing 'GUID: 6fdcfff56bbd49c4bb9843e21b6b386a - Path: Packages/com.unity.2d.tilemap/Editor/UI/TilePaletteClipboardButton.cs - Importer: ScriptedImporter/UnityEditor.QuickSearchModule:UnityEditor.Search:ASIAI0B' with importer (ScriptedImporter : UnityEditor.QuickSearchModule:UnityEditor.Search:ASIAI0B)
Imported 'GUID: 6fdcfff56bbd49c4bb9843e21b6b386a' -> (Import Result ID: '759772943075c4afe1ab3b6622f8658d') in 0.001 seconds [static and dynamic dependencies]. Details - ImportResultOutputID=ffd80cf32f3b8bc41681bb84326810c1 DependenciesID=acca47ca71025363db872f09c8df2585 StaticDependenciesID=17242e979420d460ebf601e71c04b20f 
Number of updated asset objects reloaded before import = 0
Number of asset objects unloaded after import = 0
========================================================================
Received Import Request.
  Time of request: 2026-10-02T14:24:18.621431Z
  Time since last request: 0.002444633 seconds.
  importAddress: GUID: 3f683d99f24875748a6656966ca9cea0 - Path: Packages/com.unity.2d.tilemap/Editor/GridPaintPaletteWindow.cs - Importer: ScriptedImporter/UnityEditor.QuickSearchModule:UnityEditor.Search:ASIAI0B
Importing 'GUID: 3f683d99f24875748a6656966ca9cea0 - Path: Packages/com.unity.2d.tilemap/Editor/GridPaintPaletteWindow.cs - Importer: ScriptedImporter/UnityEditor.QuickSearchModule:UnityEditor.Search:ASIAI0B' with importer (ScriptedImporter : UnityEditor.QuickSearchModule:UnityEditor.Search:ASIAI0B)
Imported 'GUID: 3f683d99f24875748a6656966ca9cea0' -> (Import Result ID: 'ee0410068fe4b2b432c07de93c006782') in 0.001 seconds [static and dynamic dependencies]. Details - ImportResultOutputID=48dfca6fb5363c9f91099299b574e268 DependenciesID=be21366295a29ee2bd152ca01068593c StaticDependenciesID=8de9c0c3ce9469c6482ded6cf7a42b4e 
Number of updated asset objects reloaded before import = 0
Number of asset objects unloaded after import = 0
========================================================================
Received Import Request.
  Time of request: 2026-10-02T14:24:18.628898Z
  Time since last request: 0.000496512 seconds.
  importAddress: GUID: 2d35623559ffd044682af7e09affdcc8 - Path: Packages/com.unity.2d.tilemap/Editor/Icons/d_Tilemap.ShowGrid@4x.png - Importer: ScriptedImporter/UnityEditor.QuickSearchModule:UnityEditor.Search:ASIAI0B
Importing 'GUID: 2d35623559ffd044682af7e09affdcc8 - Path: Packages/com.unity.2d.tilemap/Editor/Icons/d_Tilemap.ShowGrid@4x.png - Importer: ScriptedImporter/UnityEditor.QuickSearchModule:UnityEditor.Search:ASIAI0B' with importer (ScriptedImporter : UnityEditor.QuickSearchModule:UnityEditor.Search:ASIAI0B)
Imported 'GUID: 2d35623559ffd044682af7e09affdcc8' -> (Import Result ID: '9deec34c485b79f6697034f09cff299d') in 0.004 seconds [static and dynamic dependencies]. Details - ImportResultOutputID=f55f9fefcccb35d778f68fd7f337f382 DependenciesID=5a50238c1f9afd13fd4814fdf4166f4d StaticDependenciesID=58838398ef98f340fecc49dd0774d38c 
Number of updated asset objects reloaded before import = 0
Number of asset objects unloaded after import = 3
========================================================================
Received Import Request.
  Time of request: 2026-10-02T14:24:18.638974Z
  Time since last request: 0.000205282 seconds.
  importAddress: GUID: 694abd7b442533d4d906a9f452776a2e - Path: Packages/com.unity.2d.tilemap/Editor/UI/SceneViewOpenTilePaletteOverlay.cs - Importer: ScriptedImporter/UnityEditor.QuickSearchModule:UnityEditor.Search:ASIAI0B
Importing 'GUID: 694abd7b442533d4d906a9f452776a2e - Path: Packages/com.unity.2d.tilemap/Editor/UI/SceneViewOpenTilePaletteOverlay.cs - Importer: ScriptedImporter/UnityEditor.QuickSearchModule:UnityEditor.Search:ASIAI0B' with importer (ScriptedImporter : UnityEditor.QuickSearchModule:UnityEditor.Search:ASIAI0B)
Imported 'GUID: 694abd7b442533d4d906a9f452776a2e' -> (Import Result ID: '9242737e537f03559246f92c450d8390') in 0.001 seconds [static and dynamic dependencies]. Details - ImportResultOutputID=8f5e027f5ea76ef2bf6c9aa865df22e0 DependenciesID=c5aa3b04278bcb5735202611a455c7f3 StaticDependenciesID=c8d12745c3fabb8dacb2b3e8e977579b 
Number of updated asset objects reloaded before import = 0
Number of asset objects unloaded after import = 0
========================================================================
Received Import Request.
  Time of request: 2026-10-02T14:24:18.646362Z
  Time since last request: 0.000531831 seconds.
  importAddress: GUID: 97de1f11b5a5dbf41baa1b0bc8ab989e - Path: Packages/com.unity.2d.tilemap/Editor/GridBrushEditorBase.cs - Importer: ScriptedImporter/UnityEditor.QuickSearchModule:UnityEditor.Search:ASIAI0B
Importing 'GUID: 97de1f11b5a5dbf41baa1b0bc8ab989e - Path: Packages/com.unity.2d.tilemap/Editor/GridBrushEditorBase.cs - Importer: ScriptedImporter/UnityEditor.QuickSearchModule:UnityEditor.Search:ASIAI0B' with importer (ScriptedImporter : UnityEditor.QuickSearchModule:UnityEditor.Search:ASIAI0B)
Imported 'GUID: 97de1f11b5a5dbf41baa1b0bc8ab989e' -> (Import Result ID: '81f9932e1aeb5221327623173ed22b1c') in 0.001 seconds [static and dynamic dependencies]. Details - ImportResultOutputID=2941d7bd63045400fdd44b52da85b388 DependenciesID=cc0eac64f4e7a2e5b06cf9b20646c0e1 StaticDependenciesID=17246d66b416a46f0edb71f5efab68dd 
Number of updated asset objects reloaded before import = 0
Number of asset objects unloaded after import = 0
========================================================================
Received Import Request.
  Time of request: 2026-10-02T14:24:18.653627Z
  Time since last request: 0.000464521 seconds.
  importAddress: GUID: d88e25b75a7927f4683afb6c74b05a08 - Path: Packages/com.unity.2d.tilemap/Editor/Icons/Tilemap.ShowTilePalette@2x.png - Importer: ScriptedImporter/UnityEditor.QuickSearchModule:UnityEditor.Search:ASIAI0B
Importing 'GUID: d88e25b75a7927f4683afb6c74b05a08 - Path: Packages/com.unity.2d.tilemap/Editor/Icons/Tilemap.ShowTilePalette@2x.png - Importer: ScriptedImporter/UnityEditor.QuickSearchModule:UnityEditor.Search:ASIAI0B' with importer (ScriptedImporter : UnityEditor.QuickSearchModule:UnityEditor.Search:ASIAI0B)
Imported 'GUID: d88e25b75a7927f4683afb6c74b05a08' -> (Import Result ID: '78d982de80977c49acaf7868eeeb5698') in 0.003 seconds [static and dynamic dependencies]. Details - ImportResultOutputID=f1893645739d1d73dd0c04e56b7cf7b8 DependenciesID=b51ec3af6d06eb3151f236d462e7c5f0 StaticDependenciesID=04139a0689526c19fd6de666593bf6fb 
Number of updated asset objects reloaded before import = 0
Number of asset objects unloaded after import = 3
========================================================================
Received Import Request.
  Time of request: 2026-10-02T14:24:18.662629Z
  Time since last request: 0.00049556 seconds.
  importAddress: GUID: d294f67c39974e25877326f1a68aeb99 - Path: Packages/com.unity.2d.tilemap/Editor/GridPaletteWhiteboxPalettesDropdown.cs - Importer: ScriptedImporter/UnityEditor.QuickSearchModule:UnityEditor.Search:ASIAI0B
Importing 'GUID: d294f67c39974e25877326f1a68aeb99 - Path: Packages/com.unity.2d.tilemap/Editor/GridPaletteWhiteboxPalettesDropdown.cs - Importer: ScriptedImporter/UnityEditor.QuickSearchModule:UnityEditor.Search:ASIAI0B' with importer (ScriptedImporter : UnityEditor.QuickSearchModule:UnityEditor.Search:ASIAI0B)
Imported 'GUID: d294f67c39974e25877326f1a68aeb99' -> (Import Result ID: 'b22703b5518404d602f1004eae12f13d') in 0.001 seconds [static and dynamic dependencies]. Details - ImportResultOutputID=f2b74cd7cf6e01fcabc8e32ec07b231f DependenciesID=a577b7e5a71b4708ab1015fba507581c StaticDependenciesID=54b36d719d02318fd7ea5f926793444d 
Number of updated asset objects reloaded before import = 0
Number of asset objects unloaded after import = 0
========================================================================
Received Import Request.
  Time of request: 2026-10-02T14:24:18.66988Z
  Time since last request: 0.000508715 seconds.
  importAddress: GUID: 2d0a76a0816f23441bbec5761e509609 - Path: Packages/com.unity.2d.tilemap/Editor/UI/TilemapEditorToolButton.cs - Importer: ScriptedImporter/UnityEditor.QuickSearchModule:UnityEditor.Search:ASIAI0B
Importing 'GUID: 2d0a76a0816f23441bbec5761e509609 - Path: Packages/com.unity.2d.tilemap/Editor/UI/TilemapEditorToolButton.cs - Importer: ScriptedImporter/UnityEditor.QuickSearchModule:UnityEditor.Search:ASIAI0B' with importer (ScriptedImporter : UnityEditor.QuickSearchModule:UnityEditor.Search:ASIAI0B)
Imported 'GUID: 2d0a76a0816f23441bbec5761e509609' -> (Import Result ID: '325f424c4fa9bb142c3c57d69f54fef9') in 0.001 seconds [static and dynamic dependencies]. Details - ImportResultOutputID=8a0b4ad15dbd78e310621b292d2511e2 DependenciesID=6916e0360edc8a1e90781ce03f9474e9 StaticDependenciesID=09a6978c209cfd2159161854bb0ce1f8 
Number of updated asset objects reloaded before import = 0
Number of asset objects unloaded after import = 0
========================================================================
Received Import Request.
  Time of request: 2026-10-02T14:24:18.677252Z
  Time since last request: 0.000452066 seconds.
  importAddress: GUID: 1798f66d9f8a40a9bce3f200517613c0 - Path: Packages/com.unity.2d.tilemap/Editor/UI - Importer: ScriptedImporter/UnityEditor.QuickSearchModule:UnityEditor.Search:ASIAI0B
Importing 'GUID: 1798f66d9f8a40a9bce3f200517613c0 - Path: Packages/com.unity.2d.tilemap/Editor/UI - Importer: ScriptedImporter/UnityEditor.QuickSearchModule:UnityEditor.Search:ASIAI0B' with importer (ScriptedImporter : UnityEditor.QuickSearchModule:UnityEditor.Search:ASIAI0B)
Imported 'GUID: 1798f66d9f8a40a9bce3f200517613c0' -> (Import Result ID: 'fabcdc84a9ae51cacfc078239025279e') in 0.001 seconds [static and dynamic dependencies]. Details - ImportResultOutputID=0199de79803edcbee7a1e27b476848d3 DependenciesID=2ca92b7faa7335af94c2c3ade4f85420 StaticDependenciesID=d1dd193e3196bc8502a8bced99ce0a50 
Number of updated asset objects reloaded before import = 0
Number of asset objects unloaded after import = 1
========================================================================
Received Import Request.
  Time of request: 2026-10-02T14:24:18.68469Z
  Time since last request: 0.000307755 seconds.
  importAddress: GUID: 42fb19d14e266e4409770bbcdbc6a1e5 - Path: Packages/com.unity.2d.tilemap/Editor/Icons/Tilemap.GridPaint@2x.png - Importer: ScriptedImporter/UnityEditor.QuickSearchModule:UnityEditor.Search:ASIAI0B
Importing 'GUID: 42fb19d14e266e4409770bbcdbc6a1e5 - Path: Packages/com.unity.2d.tilemap/Editor/Icons/Tilemap.GridPaint@2x.png - Importer: ScriptedImporter/UnityEditor.QuickSearchModule:UnityEditor.Search:ASIAI0B' with importer (ScriptedImporter : UnityEditor.QuickSearchModule:UnityEditor.Search:ASIAI0B)
Imported 'GUID: 42fb19d14e266e4409770bbcdbc6a1e5' -> (Import Result ID: 'ba9285a090bebeda29c2061c8dc61871') in 0.003 seconds [static and dynamic dependencies]. Details - ImportResultOutputID=51f509ed5c2df071e547cd0146dd6883 DependenciesID=2cd9b636a31214dece3246964c29de5e StaticDependenciesID=d888fb513528fe0b99d132d2e9fb5744 
Number of updated asset objects reloaded before import = 0
Number of asset objects unloaded after import = 3
========================================================================
Received Import Request.
  Time of request: 2026-10-02T14:24:18.693613Z
  Time since last request: 0.000356532 seconds.
  importAddress: GUID: 2a807ac042c28e546b9d90048ebbc33f - Path: Packages/com.unity.2d.tilemap/Editor/Icons/Grid.FlipY.png - Importer: ScriptedImporter/UnityEditor.QuickSearchModule:UnityEditor.Search:ASIAI0B
Importing 'GUID: 2a807ac042c28e546b9d90048ebbc33f - Path: Packages/com.unity.2d.tilemap/Editor/Icons/Grid.FlipY.png - Importer: ScriptedImporter/UnityEditor.QuickSearchModule:UnityEditor.Search:ASIAI0B' with importer (ScriptedImporter : UnityEditor.QuickSearchModule:UnityEditor.Search:ASIAI0B)
Imported 'GUID: 2a807ac042c28e546b9d90048ebbc33f' -> (Import Result ID: 'c5505d635519f35af2a8d6936054424b') in 0.003 seconds [static and dynamic dependencies]. Details - ImportResultOutputID=303a5162323a5f1fd7b530f07462a49b DependenciesID=10b946647b3132d1cffa8c2fb6a90925 StaticDependenciesID=cf159b8da0ad2bfada3e4ae73dbaf335 
Number of updated asset objects reloaded before import = 0
Number of asset objects unloaded after import = 3
========================================================================
Received Import Request.
  Time of request: 2026-10-02T14:24:18.702902Z
  Time since last request: 0.000330875 seconds.
  importAddress: GUID: 6c05763976bcac64ebefb1f097e6ef84 - Path: Packages/com.unity.2d.tilemap/Editor/Icons/d_Tilemap.FocusGrid@2x.png - Importer: ScriptedImporter/UnityEditor.QuickSearchModule:UnityEditor.Search:ASIAI0B
Importing 'GUID: 6c05763976bcac64ebefb1f097e6ef84 - Path: Packages/com.unity.2d.tilemap/Editor/Icons/d_Tilemap.FocusGrid@2x.png - Importer: ScriptedImporter/UnityEditor.QuickSearchModule:UnityEditor.Search:ASIAI0B' with importer (ScriptedImporter : UnityEditor.QuickSearchModule:UnityEditor.Search:ASIAI0B)
Imported 'GUID: 6c05763976bcac64ebefb1f097e6ef84' -> (Import Result ID: 'dcb5f4937f1118a59cdf633403978e4e') in 0.005 seconds [static and dynamic dependencies]. Details - ImportResultOutputID=6fbeaeb826038be844a84af4234c6b41 DependenciesID=994f2f5a66c1d157ff765b413b684dc6 StaticDependenciesID=39a240fa6ba857be2063155d9ae3c706 
Number of updated asset objects reloaded before import = 0
Number of asset objects unloaded after import = 3
========================================================================
Received Import Request.
  Time of request: 2026-10-02T14:24:18.713817Z
  Time since last request: 0.000343251 seconds.
  importAddress: GUID: a1bd3db90f5f7314e822ba2e38f901c6 - Path: Packages/com.unity.2d.tilemap/Editor/Icons/Tilemap.FocusGrid@4x.png - Importer: ScriptedImporter/UnityEditor.QuickSearchModule:UnityEditor.Search:ASIAI0B
Importing 'GUID: a1bd3db90f5f7314e822ba2e38f901c6 - Path: Packages/com.unity.2d.tilemap/Editor/Icons/Tilemap.FocusGrid@4x.png - Importer: ScriptedImporter/UnityEditor.QuickSearchModule:UnityEditor.Search:ASIAI0B' with importer (ScriptedImporter : UnityEditor.QuickSearchModule:UnityEditor.Search:ASIAI0B)
Imported 'GUID: a1bd3db90f5f7314e822ba2e38f901c6' -> (Import Result ID: '07b1b74eb09e65d07f97d1f4d47ebad0') in 0.003 seconds [static and dynamic dependencies]. Details - ImportResultOutputID=cee10b131f8f7f80367d07b60b66df29 DependenciesID=2cfcc8ba4be731b1f864d88636f80f80 StaticDependenciesID=50aa90d66ec03045ab6bc96b64057f6b 
Number of updated asset objects reloaded before import = 0
Number of asset objects unloaded after import = 3
========================================================================
Received Import Request.
  Time of request: 2026-10-02T14:24:18.722482Z
  Time since last request: 0.000297052 seconds.
  importAddress: GUID: ee02d9ccf56046b698982b9d83315ff0 - Path: Packages/com.unity.2d.tilemap/Editor/TilePalettePrefabUtility.cs - Importer: ScriptedImporter/UnityEditor.QuickSearchModule:UnityEditor.Search:ASIAI0B
Importing 'GUID: ee02d9ccf56046b698982b9d83315ff0 - Path: Packages/com.unity.2d.tilemap/Editor/TilePalettePrefabUtility.cs - Importer: ScriptedImporter/UnityEditor.QuickSearchModule:UnityEditor.Search:ASIAI0B' with importer (ScriptedImporter : UnityEditor.QuickSearchModule:UnityEditor.Search:ASIAI0B)
Imported 'GUID: ee02d9ccf56046b698982b9d83315ff0' -> (Import Result ID: '10556a02fc5c36ca3a7ba9aa69fd5c34') in 0.001 seconds [static and dynamic dependencies]. Details - ImportResultOutputID=1ae0c3f1e815e839fffd858ed0a2fdbf DependenciesID=cde96f284720073aaa6763f64c9b06b6 StaticDependenciesID=b44f2c95a08ae94839537bec23d237d1 
Number of updated asset objects reloaded before import = 0
Number of asset objects unloaded after import = 0
========================================================================
Received Import Request.
  Time of request: 2026-10-02T14:24:18.729242Z
  Time since last request: 0.000333667 seconds.
  importAddress: GUID: 62324ebe9a53d9a43b04f4b0e9b961a0 - Path: Packages/com.unity.2d.tilemap/Tests/Editor - Importer: ScriptedImporter/UnityEditor.QuickSearchModule:UnityEditor.Search:ASIAI0B
Importing 'GUID: 62324ebe9a53d9a43b04f4b0e9b961a0 - Path: Packages/com.unity.2d.tilemap/Tests/Editor - Importer: ScriptedImporter/UnityEditor.QuickSearchModule:UnityEditor.Search:ASIAI0B' with importer (ScriptedImporter : UnityEditor.QuickSearchModule:UnityEditor.Search:ASIAI0B)
Imported 'GUID: 62324ebe9a53d9a43b04f4b0e9b961a0' -> (Import Result ID: '75d8544bb378d23abce17059ce68995a') in 0.001 seconds [static and dynamic dependencies]. Details - ImportResultOutputID=9cdbcff907ad09680479cff388673908 DependenciesID=e92d2e57aae911ae1c37c90c60144e03 StaticDependenciesID=36241fd597b8a5f6817a8fd5b9b6abc3 
Number of updated asset objects reloaded before import = 0
Number of asset objects unloaded after import = 1
========================================================================
Received Import Request.
  Time of request: 2026-10-02T14:24:18.736125Z
  Time since last request: 0.000310749 seconds.
  importAddress: GUID: e25f34c849d45714e86b14d3afbb763e - Path: Packages/com.unity.2d.tilemap/Editor/Icons/Grid.RotateCW.png - Importer: ScriptedImporter/UnityEditor.QuickSearchModule:UnityEditor.Search:ASIAI0B
Importing 'GUID: e25f34c849d45714e86b14d3afbb763e - Path: Packages/com.unity.2d.tilemap/Editor/Icons/Grid.RotateCW.png - Importer: ScriptedImporter/UnityEditor.QuickSearchModule:UnityEditor.Search:ASIAI0B' with importer (ScriptedImporter : UnityEditor.QuickSearchModule:UnityEditor.Search:ASIAI0B)
Imported 'GUID: e25f34c849d45714e86b14d3afbb763e' -> (Import Result ID: '60fa52701df2ce51df62ca70f5501c1e') in 0.003 seconds [static and dynamic dependencies]. Details - ImportResultOutputID=7f1cafbf7cae9268d862a607c8f9e490 DependenciesID=669569e804c3aa17672ef5e7f4218cf7 StaticDependenciesID=dd5a6c76978e9727aaec8055120acd0b 
Number of updated asset objects reloaded before import = 0
Number of asset objects unloaded after import = 3
========================================================================
Received Import Request.
  Time of request: 2026-10-02T14:24:18.744814Z
  Time since last request: 0.000194901 seconds.
  importAddress: GUID: 4565c53baa224eabaca8f7e4378bce8a - Path: Packages/com.unity.2d.tilemap/Editor/TileSet/PositionTileTemplate.cs - Importer: ScriptedImporter/UnityEditor.QuickSearchModule:UnityEditor.Search:ASIAI0B
Importing 'GUID: 4565c53baa224eabaca8f7e4378bce8a - Path: Packages/com.unity.2d.tilemap/Editor/TileSet/PositionTileTemplate.cs - Importer: ScriptedImporter/UnityEditor.QuickSearchModule:UnityEditor.Search:ASIAI0B' with importer (ScriptedImporter : UnityEditor.QuickSearchModule:UnityEditor.Search:ASIAI0B)
Imported 'GUID: 4565c53baa224eabaca8f7e4378bce8a' -> (Import Result ID: '30ace99e4227606f916bd8536ff9be2e') in 0.001 seconds [static and dynamic dependencies]. Details - ImportResultOutputID=0f51d608597f4f41c192ee1d7fd80316 DependenciesID=efd9dc2adaef00639867be149db654d9 StaticDependenciesID=61afb42cfad0587269e6b42ddfd0be21 
Number of updated asset objects reloaded before import = 0
Number of asset objects unloaded after import = 0
========================================================================
Received Import Request.
  Time of request: 2026-10-02T14:24:18.751531Z
  Time since last request: 0.000198278 seconds.
  importAddress: GUID: 86408806ba4819c4494d51cb88d34da4 - Path: Packages/com.unity.2d.tilemap/Editor/Icons/d_Tilemap.TilePalette@4x.png - Importer: ScriptedImporter/UnityEditor.QuickSearchModule:UnityEditor.Search:ASIAI0B
Importing 'GUID: 86408806ba4819c4494d51cb88d34da4 - Path: Packages/com.unity.2d.tilemap/Editor/Icons/d_Tilemap.TilePalette@4x.png - Importer: ScriptedImporter/UnityEditor.QuickSearchModule:UnityEditor.Search:ASIAI0B' with importer (ScriptedImporter : UnityEditor.QuickSearchModule:UnityEditor.Search:ASIAI0B)
Imported 'GUID: 86408806ba4819c4494d51cb88d34da4' -> (Import Result ID: 'ca8147bc08904765e6467a24fa504504') in 0.003 seconds [static and dynamic dependencies]. Details - ImportResultOutputID=09778105013ae6a537332274fb18f9ba DependenciesID=294bdfb80c98acf4a3e6740d8baa0882 StaticDependenciesID=ce18ada1b105231f1e8e3eb529074a2f 
Number of updated asset objects reloaded before import = 0
Number of asset objects unloaded after import = 3
========================================================================
Received Import Request.
  Time of request: 2026-10-02T14:24:18.760306Z
  Time since last request: 0.00035709 seconds.
  importAddress: GUID: c7e47ae35297a95488555fe429032567 - Path: Packages/com.unity.2d.tilemap/Editor/TileUtility.cs - Importer: ScriptedImporter/UnityEditor.QuickSearchModule:UnityEditor.Search:ASIAI0B
Importing 'GUID: c7e47ae35297a95488555fe429032567 - Path: Packages/com.unity.2d.tilemap/Editor/TileUtility.cs - Importer: ScriptedImporter/UnityEditor.QuickSearchModule:UnityEditor.Search:ASIAI0B' with importer (ScriptedImporter : UnityEditor.QuickSearchModule:UnityEditor.Search:ASIAI0B)
Imported 'GUID: c7e47ae35297a95488555fe429032567' -> (Import Result ID: '128363f4026e4d16683c1e655253e799') in 0.001 seconds [static and dynamic dependencies]. Details - ImportResultOutputID=4c2456b9d2bda7ba40bc754394652b0a DependenciesID=c6e188a0c324d561670d757b040e4f54 StaticDependenciesID=a59f725499a120687bb8609d7512ddb1 
Number of updated asset objects reloaded before import = 0
Number of asset objects unloaded after import = 0
========================================================================
Received Import Request.
  Time of request: 2026-10-02T14:24:18.767508Z
  Time since last request: 0.000348415 seconds.
  importAddress: GUID: 4858e04232af5e340922812cd3697086 - Path: Packages/com.unity.2d.tilemap/Editor/Icons/Tilemap.EditPalette.png - Importer: ScriptedImporter/UnityEditor.QuickSearchModule:UnityEditor.Search:ASIAI0B
Importing 'GUID: 4858e04232af5e340922812cd3697086 - Path: Packages/com.unity.2d.tilemap/Editor/Icons/Tilemap.EditPalette.png - Importer: ScriptedImporter/UnityEditor.QuickSearchModule:UnityEditor.Search:ASIAI0B' with importer (ScriptedImporter : UnityEditor.QuickSearchModule:UnityEditor.Search:ASIAI0B)
Imported 'GUID: 4858e04232af5e340922812cd3697086' -> (Import Result ID: '61ae43688673810aa769b095840fe8f9') in 0.003 seconds [static and dynamic dependencies]. Details - ImportResultOutputID=d423f9e7b561411bd13949790ccb620b DependenciesID=ba939b5dfeaa5397151eb73a6ac03ebc StaticDependenciesID=548c3bade33a8577a68b704c1841a05e 
Number of updated asset objects reloaded before import = 0
Number of asset objects unloaded after import = 3
========================================================================
Received Import Request.
  Time of request: 2026-10-02T14:24:18.776604Z
  Time since last request: 0.000480886 seconds.
  importAddress: GUID: c7d31ce121f6d6841b01dbcf3d909854 - Path: Packages/com.unity.2d.tilemap/Editor/Icons/d_EditorUI.Target@4x.png - Importer: ScriptedImporter/UnityEditor.QuickSearchModule:UnityEditor.Search:ASIAI0B
Importing 'GUID: c7d31ce121f6d6841b01dbcf3d909854 - Path: Packages/com.unity.2d.tilemap/Editor/Icons/d_EditorUI.Target@4x.png - Importer: ScriptedImporter/UnityEditor.QuickSearchModule:UnityEditor.Search:ASIAI0B' with importer (ScriptedImporter : UnityEditor.QuickSearchModule:UnityEditor.Search:ASIAI0B)
Imported 'GUID: c7d31ce121f6d6841b01dbcf3d909854' -> (Import Result ID: '66f4c20882461b96cd1bfe1f984910bb') in 0.005 seconds [static and dynamic dependencies]. Details - ImportResultOutputID=be6bc8af9941b4d118c2b55100d9462f DependenciesID=e338270ac08ee1265786aa34a80360ac StaticDependenciesID=9d0576d25b5c0cfe34e429cfce2ba05a 
Number of updated asset objects reloaded before import = 0
Number of asset objects unloaded after import = 3
========================================================================
Received Import Request.
  Time of request: 2026-10-02T14:24:18.788053Z
  Time since last request: 0.000326918 seconds.
  importAddress: GUID: 47500a6fba22d6849a3f9335aa198ba5 - Path: Packages/com.unity.2d.tilemap/Editor/Icons/Tilemap.BrushSettings@2x.png - Importer: ScriptedImporter/UnityEditor.QuickSearchModule:UnityEditor.Search:ASIAI0B
Importing 'GUID: 47500a6fba22d6849a3f9335aa198ba5 - Path: Packages/com.unity.2d.tilemap/Editor/Icons/Tilemap.BrushSettings@2x.png - Importer: ScriptedImporter/UnityEditor.QuickSearchModule:UnityEditor.Search:ASIAI0B' with importer (ScriptedImporter : UnityEditor.QuickSearchModule:UnityEditor.Search:ASIAI0B)
Imported 'GUID: 47500a6fba22d6849a3f9335aa198ba5' -> (Import Result ID: '41b71d65e8f9d72e3a93ce7f1e7c4fff') in 0.003 seconds [static and dynamic dependencies]. Details - ImportResultOutputID=7cd62a41c7f254085f1ae1c47276e9d5 DependenciesID=9a239e6ef9d0580684407a92f16d8c4d StaticDependenciesID=2c882959828947d95edd558797ce12d8 
Number of updated asset objects reloaded before import = 0
Number of asset objects unloaded after import = 3
========================================================================
Received Import Request.
  Time of request: 2026-10-02T14:24:18.796729Z
  Time since last request: 0.000274673 seconds.
  importAddress: GUID: 2383e22400d14d4ba5996366cac987ca - Path: Packages/com.unity.2d.tilemap/Editor/GridBrushPickStore.cs - Importer: ScriptedImporter/UnityEditor.QuickSearchModule:UnityEditor.Search:ASIAI0B
Importing 'GUID: 2383e22400d14d4ba5996366cac987ca - Path: Packages/com.unity.2d.tilemap/Editor/GridBrushPickStore.cs - Importer: ScriptedImporter/UnityEditor.QuickSearchModule:UnityEditor.Search:ASIAI0B' with importer (ScriptedImporter : UnityEditor.QuickSearchModule:UnityEditor.Search:ASIAI0B)
Imported 'GUID: 2383e22400d14d4ba5996366cac987ca' -> (Import Result ID: 'a292188f1ac76454f70aa441513e45e3') in 0.001 seconds [static and dynamic dependencies]. Details - ImportResultOutputID=310c8b08a7f157433371efb7d43d02d6 DependenciesID=74d53c5c3dc0c8cd70fab5618cc69741 StaticDependenciesID=eb295d1572d6b1568e66667dbfd26c15 
Number of updated asset objects reloaded before import = 0
Number of asset objects unloaded after import = 0
========================================================================
Received Import Request.
  Time of request: 2026-10-02T14:24:18.80418Z
  Time since last request: 0.00054289 seconds.
  importAddress: GUID: 4576408ff459c3a48a69ad3c7d941581 - Path: Packages/com.unity.2d.tilemap/Editor/Icons/d_Tilemap.ShowGrid@2x.png - Importer: ScriptedImporter/UnityEditor.QuickSearchModule:UnityEditor.Search:ASIAI0B
Importing 'GUID: 4576408ff459c3a48a69ad3c7d941581 - Path: Packages/com.unity.2d.tilemap/Editor/Icons/d_Tilemap.ShowGrid@2x.png - Importer: ScriptedImporter/UnityEditor.QuickSearchModule:UnityEditor.Search:ASIAI0B' with importer (ScriptedImporter : UnityEditor.QuickSearchModule:UnityEditor.Search:ASIAI0B)
Imported 'GUID: 4576408ff459c3a48a69ad3c7d941581' -> (Import Result ID: '3af1d8b3754dad8945b6f3f12d1e2aad') in 0.003 seconds [static and dynamic dependencies]. Details - ImportResultOutputID=91a1e9e7f1356548c907f039cf791872 DependenciesID=8db1c06e30da7eedb74e4a42b0a7c63f StaticDependenciesID=d611c7afefd7fa5481c8016436df1e47 
Number of updated asset objects reloaded before import = 0
Number of asset objects unloaded after import = 3
========================================================================
Received Import Request.
  Time of request: 2026-10-02T14:24:18.812937Z
  Time since last request: 0.000232079 seconds.
  importAddress: GUID: 46b9a1f80f56fdd4d93e4e24e4826cc8 - Path: Packages/com.unity.2d.tilemap/Editor/UI/TilemapEditorToolbarStrip.cs - Importer: ScriptedImporter/UnityEditor.QuickSearchModule:UnityEditor.Search:ASIAI0B
Importing 'GUID: 46b9a1f80f56fdd4d93e4e24e4826cc8 - Path: Packages/com.unity.2d.tilemap/Editor/UI/TilemapEditorToolbarStrip.cs - Importer: ScriptedImporter/UnityEditor.QuickSearchModule:UnityEditor.Search:ASIAI0B' with importer (ScriptedImporter : UnityEditor.QuickSearchModule:UnityEditor.Search:ASIAI0B)
Imported 'GUID: 46b9a1f80f56fdd4d93e4e24e4826cc8' -> (Import Result ID: 'f1f557713b23f0711db8031c9da1520c') in 0.001 seconds [static and dynamic dependencies]. Details - ImportResultOutputID=a454fd8f11e4881db9299b856e4b1a5e DependenciesID=61a687f79304829503fe0844621d2188 StaticDependenciesID=58cead493747a64db57684595a9043c5 
Number of updated asset objects reloaded before import = 0
Number of asset objects unloaded after import = 0
========================================================================
Received Import Request.
  Time of request: 2026-10-02T14:24:18.820415Z
  Time since last request: 0.000459743 seconds.
  importAddress: GUID: 5bd6b2f1d49f437419a2242293d1fe9b - Path: Packages/com.unity.2d.tilemap/Editor/UI/TilePaletteClipboardOverlay.cs - Importer: ScriptedImporter/UnityEditor.QuickSearchModule:UnityEditor.Search:ASIAI0B
Importing 'GUID: 5bd6b2f1d49f437419a2242293d1fe9b - Path: Packages/com.unity.2d.tilemap/Editor/UI/TilePaletteClipboardOverlay.cs - Importer: ScriptedImporter/UnityEditor.QuickSearchModule:UnityEditor.Search:ASIAI0B' with importer (ScriptedImporter : UnityEditor.QuickSearchModule:UnityEditor.Search:ASIAI0B)
Imported 'GUID: 5bd6b2f1d49f437419a2242293d1fe9b' -> (Import Result ID: '91543995a0d36b6a95684aa27cc2c9f8') in 0.001 seconds [static and dynamic dependencies]. Details - ImportResultOutputID=f12e68f2435faab926d31c640ceadbf0 DependenciesID=dc391697d8c25a8b1cb51101d987dbcd StaticDependenciesID=8e6bea17283ce613a36e24e482269497 
Number of updated asset objects reloaded before import = 0
Number of asset objects unloaded after import = 0
========================================================================
Received Import Request.
  Time of request: 2026-10-02T14:24:18.827607Z
  Time since last request: 0.000415372 seconds.
  importAddress: GUID: c06100d8ae6a60d44ab25f318a154ce3 - Path: Packages/com.unity.2d.tilemap/Editor/Icons/d_Tilemap.DefaultBrush@2x.png - Importer: ScriptedImporter/UnityEditor.QuickSearchModule:UnityEditor.Search:ASIAI0B
Importing 'GUID: c06100d8ae6a60d44ab25f318a154ce3 - Path: Packages/com.unity.2d.tilemap/Editor/Icons/d_Tilemap.DefaultBrush@2x.png - Importer: ScriptedImporter/UnityEditor.QuickSearchModule:UnityEditor.Search:ASIAI0B' with importer (ScriptedImporter : UnityEditor.QuickSearchModule:UnityEditor.Search:ASIAI0B)
Imported 'GUID: c06100d8ae6a60d44ab25f318a154ce3' -> (Import Result ID: '61aa5b32e0ee9adc2eaa4f507972afb2') in 0.003 seconds [static and dynamic dependencies]. Details - ImportResultOutputID=848e6ed69ec7387ec6224dbecfea7aa4 DependenciesID=e2101f445e86371a33b1b3f6f320a426 StaticDependenciesID=a13174a979fd38b05d0b4399a4e92b39 
Number of updated asset objects reloaded before import = 0
Number of asset objects unloaded after import = 3
========================================================================
Received Import Request.
  Time of request: 2026-10-02T14:24:18.836547Z
  Time since last request: 0.000278037 seconds.
  importAddress: GUID: 8cbab190b527bd44e8bf5afbc79095e8 - Path: Packages/com.unity.2d.tilemap/Editor/Icons/d_Tilemap.EditPalette@2x.png - Importer: ScriptedImporter/UnityEditor.QuickSearchModule:UnityEditor.Search:ASIAI0B
Importing 'GUID: 8cbab190b527bd44e8bf5afbc79095e8 - Path: Packages/com.unity.2d.tilemap/Editor/Icons/d_Tilemap.EditPalette@2x.png - Importer: ScriptedImporter/UnityEditor.QuickSearchModule:UnityEditor.Search:ASIAI0B' with importer (ScriptedImporter : UnityEditor.QuickSearchModule:UnityEditor.Search:ASIAI0B)
Imported 'GUID: 8cbab190b527bd44e8bf5afbc79095e8' -> (Import Result ID: 'ffe6407c3a2aff0eb52cd0046eb48bc5') in 0.003 seconds [static and dynamic dependencies]. Details - ImportResultOutputID=2b1c395fa9326ed3c4dd68066a3428d6 DependenciesID=e96643a5087e3a0462e589fc40abc3c8 StaticDependenciesID=f6ce8da16d500cf1cfac0c8c24a9516e 
Number of updated asset objects reloaded before import = 0
Number of asset objects unloaded after import = 3
========================================================================
Received Import Request.
  Time of request: 2026-10-02T14:24:18.845395Z
  Time since last request: 0.000431671 seconds.
  importAddress: GUID: e3dfa6de9ba76974d864f021fdb7d162 - Path: Packages/com.unity.2d.tilemap/Editor/EditorTools/GridSelection/GridSelectionTool.cs - Importer: ScriptedImporter/UnityEditor.QuickSearchModule:UnityEditor.Search:ASIAI0B
Importing 'GUID: e3dfa6de9ba76974d864f021fdb7d162 - Path: Packages/com.unity.2d.tilemap/Editor/EditorTools/GridSelection/GridSelectionTool.cs - Importer: ScriptedImporter/UnityEditor.QuickSearchModule:UnityEditor.Search:ASIAI0B' with importer (ScriptedImporter : UnityEditor.QuickSearchModule:UnityEditor.Search:ASIAI0B)
Imported 'GUID: e3dfa6de9ba76974d864f021fdb7d162' -> (Import Result ID: '7253ade6416ad63dcede1d0bdcb4dccf') in 0.001 seconds [static and dynamic dependencies]. Details - ImportResultOutputID=7117f2a58ab6e9931c855aece898499c DependenciesID=97ac13dfa6de5511f745c3b6b24e182d StaticDependenciesID=da929f71d8e67c3ed8e39fbc92f65d07 
Number of updated asset objects reloaded before import = 0
Number of asset objects unloaded after import = 0
========================================================================
Received Import Request.
  Time of request: 2026-10-02T14:24:18.852524Z
  Time since last request: 0.00057207 seconds.
  importAddress: GUID: f8eef1ebd82d467428620ec2c02bc50a - Path: Packages/com.unity.2d.tilemap/Editor/Icons/EditorUI.Target@2x.png - Importer: ScriptedImporter/UnityEditor.QuickSearchModule:UnityEditor.Search:ASIAI0B
Importing 'GUID: f8eef1ebd82d467428620ec2c02bc50a - Path: Packages/com.unity.2d.tilemap/Editor/Icons/EditorUI.Target@2x.png - Importer: ScriptedImporter/UnityEditor.QuickSearchModule:UnityEditor.Search:ASIAI0B' with importer (ScriptedImporter : UnityEditor.QuickSearchModule:UnityEditor.Search:ASIAI0B)
Imported 'GUID: f8eef1ebd82d467428620ec2c02bc50a' -> (Import Result ID: '2a2f4e7ef5d59c98ddbcb856af64f67b') in 0.005 seconds [static and dynamic dependencies]. Details - ImportResultOutputID=b1586d3f75a234cca8e1ab8dd50f3130 DependenciesID=90df53e172a859c9ec029c12d83687aa StaticDependenciesID=73550bc2214cbea8ec5c0a6c8a89303d 
Number of updated asset objects reloaded before import = 0
Number of asset objects unloaded after import = 3
========================================================================
Received Import Request.
  Time of request: 2026-10-02T14:24:18.863856Z
  Time since last request: 0.000454684 seconds.
  importAddress: GUID: 513a9a771ecb4df18a851a7a3cbe4d89 - Path: Packages/com.unity.2d.tilemap/Editor/TileSet/TileSet.cs - Importer: ScriptedImporter/UnityEditor.QuickSearchModule:UnityEditor.Search:ASIAI0B
Importing 'GUID: 513a9a771ecb4df18a851a7a3cbe4d89 - Path: Packages/com.unity.2d.tilemap/Editor/TileSet/TileSet.cs - Importer: ScriptedImporter/UnityEditor.QuickSearchModule:UnityEditor.Search:ASIAI0B' with importer (ScriptedImporter : UnityEditor.QuickSearchModule:UnityEditor.Search:ASIAI0B)
Imported 'GUID: 513a9a771ecb4df18a851a7a3cbe4d89' -> (Import Result ID: '1ab7b0c1b78ca2cbc98bd01b56a26b8a') in 0.001 seconds [static and dynamic dependencies]. Details - ImportResultOutputID=d23c9d79975674f1bbc49710171ea3e2 DependenciesID=a266cca250906fd3e3fb585be62c18f3 StaticDependenciesID=955d706096c5edec4f7415c6a4b19242 
Number of updated asset objects reloaded before import = 0
Number of asset objects unloaded after import = 0
========================================================================
Received Import Request.
  Time of request: 2026-10-02T14:24:18.870809Z
  Time since last request: 0.000291777 seconds.
  importAddress: GUID: 7d4067dd1e595a64aa7286438069d37c - Path: Packages/com.unity.2d.tilemap/Editor/UI/TilePaletteOverlay.uss - Importer: ScriptedImporter/UnityEditor.QuickSearchModule:UnityEditor.Search:ASIAI0B
Importing 'GUID: 7d4067dd1e595a64aa7286438069d37c - Path: Packages/com.unity.2d.tilemap/Editor/UI/TilePaletteOverlay.uss - Importer: ScriptedImporter/UnityEditor.QuickSearchModule:UnityEditor.Search:ASIAI0B' with importer (ScriptedImporter : UnityEditor.QuickSearchModule:UnityEditor.Search:ASIAI0B)
Imported 'GUID: 7d4067dd1e595a64aa7286438069d37c' -> (Import Result ID: '4308d5ee4f94076b6cb15ffda0b88538') in 0.003 seconds [static and dynamic dependencies]. Details - ImportResultOutputID=e0607869731e6597d1a299f29abd09d3 DependenciesID=84d6b48af993b3ebfd6b0c2db00639cb StaticDependenciesID=829c1e5d4571e53982d585567a7a3a83 
Number of updated asset objects reloaded before import = 0
Number of asset objects unloaded after import = 1
========================================================================
Received Import Request.
  Time of request: 2026-10-02T14:24:18.880555Z
  Time since last request: 0.00036516 seconds.
  importAddress: GUID: a37449cb15b841deab3dda438bc0ecc9 - Path: Packages/com.unity.2d.tilemap/Editor/TilePaletteActiveTargetsProperties.cs - Importer: ScriptedImporter/UnityEditor.QuickSearchModule:UnityEditor.Search:ASIAI0B
Importing 'GUID: a37449cb15b841deab3dda438bc0ecc9 - Path: Packages/com.unity.2d.tilemap/Editor/TilePaletteActiveTargetsProperties.cs - Importer: ScriptedImporter/UnityEditor.QuickSearchModule:UnityEditor.Search:ASIAI0B' with importer (ScriptedImporter : UnityEditor.QuickSearchModule:UnityEditor.Search:ASIAI0B)
Imported 'GUID: a37449cb15b841deab3dda438bc0ecc9' -> (Import Result ID: '3b09ef33b32cb430cf0741c06dc00002') in 0.001 seconds [static and dynamic dependencies]. Details - ImportResultOutputID=68221e23aafc116fcdb619fa1ddabb23 DependenciesID=0a53dd5dc20ae4599b9e808b162f1d12 StaticDependenciesID=38eab38116e4587933d816184fe4fe5a 
Number of updated asset objects reloaded before import = 0
Number of asset objects unloaded after import = 0
========================================================================
Received Import Request.
  Time of request: 2026-10-02T14:24:18.88751Z
  Time since last request: 0.000289163 seconds.
  importAddress: GUID: 67c313dc248945dc9c62ded69fae5dee - Path: Packages/com.unity.2d.tilemap/Editor/TileSet/TileSetImporterEditor.cs - Importer: ScriptedImporter/UnityEditor.QuickSearchModule:UnityEditor.Search:ASIAI0B
Importing 'GUID: 67c313dc248945dc9c62ded69fae5dee - Path: Packages/com.unity.2d.tilemap/Editor/TileSet/TileSetImporterEditor.cs - Importer: ScriptedImporter/UnityEditor.QuickSearchModule:UnityEditor.Search:ASIAI0B' with importer (ScriptedImporter : UnityEditor.QuickSearchModule:UnityEditor.Search:ASIAI0B)
Imported 'GUID: 67c313dc248945dc9c62ded69fae5dee' -> (Import Result ID: '73e223ff7da46f8fdf5c91303fe98321') in 0.001 seconds [static and dynamic dependencies]. Details - ImportResultOutputID=c4469399f083d4fec99ab790837cff7d DependenciesID=6827b37a945a2de26780c45910c947bd StaticDependenciesID=ec71612a5e6f48975b99c5af9f7100ad 
Number of updated asset objects reloaded before import = 0
Number of asset objects unloaded after import = 0
========================================================================
Received Import Request.
  Time of request: 2026-10-02T14:24:18.894653Z
  Time since last request: 0.000447451 seconds.
  importAddress: GUID: 3fc02dcfcd4e9ed4abdcb443df9146b5 - Path: Packages/com.unity.2d.tilemap/Editor/TileDragAndDropManager.cs - Importer: ScriptedImporter/UnityEditor.QuickSearchModule:UnityEditor.Search:ASIAI0B
Importing 'GUID: 3fc02dcfcd4e9ed4abdcb443df9146b5 - Path: Packages/com.unity.2d.tilemap/Editor/TileDragAndDropManager.cs - Importer: ScriptedImporter/UnityEditor.QuickSearchModule:UnityEditor.Search:ASIAI0B' with importer (ScriptedImporter : UnityEditor.QuickSearchModule:UnityEditor.Search:ASIAI0B)
Imported 'GUID: 3fc02dcfcd4e9ed4abdcb443df9146b5' -> (Import Result ID: 'a464f10874505fce91216735aee191e1') in 0.001 seconds [static and dynamic dependencies]. Details - ImportResultOutputID=4e6b5c514caf7b453e8515a1af880172 DependenciesID=df40191f213074df63d0387f3b6ee3bd StaticDependenciesID=aff735bde0e0d00ce2abf92370f2d42f 
Number of updated asset objects reloaded before import = 0
Number of asset objects unloaded after import = 0
========================================================================
Received Import Request.
  Time of request: 2026-10-02T14:24:18.902103Z
  Time since last request: 0.000454726 seconds.
  importAddress: GUID: 85f3a978696fd26438b3df20ad1eb853 - Path: Packages/com.unity.2d.tilemap/Editor/EditorTools/PaintTool.cs - Importer: ScriptedImporter/UnityEditor.QuickSearchModule:UnityEditor.Search:ASIAI0B
Importing 'GUID: 85f3a978696fd26438b3df20ad1eb853 - Path: Packages/com.unity.2d.tilemap/Editor/EditorTools/PaintTool.cs - Importer: ScriptedImporter/UnityEditor.QuickSearchModule:UnityEditor.Search:ASIAI0B' with importer (ScriptedImporter : UnityEditor.QuickSearchModule:UnityEditor.Search:ASIAI0B)
Imported 'GUID: 85f3a978696fd26438b3df20ad1eb853' -> (Import Result ID: '4ea36b1418a7b7de4235291877291d0e') in 0.001 seconds [static and dynamic dependencies]. Details - ImportResultOutputID=1c2ae19f09820d9be69da2f210b2fa83 DependenciesID=bd14bb82dfcf19ab29415f46a1e1313f StaticDependenciesID=7a82a99d372305b442ea9bfbedfe9980 
Number of updated asset objects reloaded before import = 0
Number of asset objects unloaded after import = 0
========================================================================
Received Import Request.
  Time of request: 2026-10-02T14:24:18.909514Z
  Time since last request: 0.00042922 seconds.
  importAddress: GUID: 26f3d342b8e95b24da7ec4638d7f2322 - Path: Packages/com.unity.2d.tilemap/Editor/Icons/d_Tilemap.GridPaint.png - Importer: ScriptedImporter/UnityEditor.QuickSearchModule:UnityEditor.Search:ASIAI0B
Importing 'GUID: 26f3d342b8e95b24da7ec4638d7f2322 - Path: Packages/com.unity.2d.tilemap/Editor/Icons/d_Tilemap.GridPaint.png - Importer: ScriptedImporter/UnityEditor.QuickSearchModule:UnityEditor.Search:ASIAI0B' with importer (ScriptedImporter : UnityEditor.QuickSearchModule:UnityEditor.Search:ASIAI0B)
Imported 'GUID: 26f3d342b8e95b24da7ec4638d7f2322' -> (Import Result ID: 'd67f69a72b360bb8f603d98b11cffe99') in 0.003 seconds [static and dynamic dependencies]. Details - ImportResultOutputID=221c4f5507430d1042765a22d4ccb997 DependenciesID=a0359aa64cb797b4141eb0f607bdacbc StaticDependenciesID=5f8803c29fd0046014f213830cfabbd2 
Number of updated asset objects reloaded before import = 0
Number of asset objects unloaded after import = 3
========================================================================
Received Import Request.
  Time of request: 2026-10-02T14:24:18.918883Z
  Time since last request: 0.000328129 seconds.
  importAddress: GUID: 4b4fa89433ae80a4eb9e0230cddc80dd - Path: Packages/com.unity.2d.tilemap/Editor/UI/TilePaletteActiveTargetsPopup.cs - Importer: ScriptedImporter/UnityEditor.QuickSearchModule:UnityEditor.Search:ASIAI0B
Importing 'GUID: 4b4fa89433ae80a4eb9e0230cddc80dd - Path: Packages/com.unity.2d.tilemap/Editor/UI/TilePaletteActiveTargetsPopup.cs - Importer: ScriptedImporter/UnityEditor.QuickSearchModule:UnityEditor.Search:ASIAI0B' with importer (ScriptedImporter : UnityEditor.QuickSearchModule:UnityEditor.Search:ASIAI0B)
Imported 'GUID: 4b4fa89433ae80a4eb9e0230cddc80dd' -> (Import Result ID: 'df06ed138b42527fde4525ff0dfff0c7') in 0.001 seconds [static and dynamic dependencies]. Details - ImportResultOutputID=3760495e52891a0836e577e91f0bae08 DependenciesID=db55a2534389f476ff8e0593543e94c3 StaticDependenciesID=5d3149d855cc8c5123538da01756d7e4 
Number of updated asset objects reloaded before import = 0
Number of asset objects unloaded after import = 0
========================================================================
Received Import Request.
  Time of request: 2026-10-02T14:24:18.926094Z
  Time since last request: 0.000213928 seconds.
  importAddress: GUID: e41a6ab3ac7354642a9006c03183e95e - Path: Packages/com.unity.2d.tilemap/Editor/Icons/d_Grid.RotateCW@2x.png - Importer: ScriptedImporter/UnityEditor.QuickSearchModule:UnityEditor.Search:ASIAI0B
Importing 'GUID: e41a6ab3ac7354642a9006c03183e95e - Path: Packages/com.unity.2d.tilemap/Editor/Icons/d_Grid.RotateCW@2x.png - Importer: ScriptedImporter/UnityEditor.QuickSearchModule:UnityEditor.Search:ASIAI0B' with importer (ScriptedImporter : UnityEditor.QuickSearchModule:UnityEditor.Search:ASIAI0B)
Imported 'GUID: e41a6ab3ac7354642a9006c03183e95e' -> (Import Result ID: '89e6647bc4e5382b6da09fcf85d8d3c3') in 0.003 seconds [static and dynamic dependencies]. Details - ImportResultOutputID=3819973d84d8f6508bb4f4ed5655b19a DependenciesID=c3b95e45f9029af50753cc559c9cc359 StaticDependenciesID=a4b0fea67ae88e60602481d991496fa6 
Number of updated asset objects reloaded before import = 0
Number of asset objects unloaded after import = 3
========================================================================
Received Import Request.
  Time of request: 2026-10-02T14:24:18.93509Z
  Time since last request: 0.000544322 seconds.
  importAddress: GUID: db1e8fc8f15be484bb9f866640b84c04 - Path: Packages/com.unity.2d.tilemap/Editor/Icons/Tilemap.ShowGrid@2x.png - Importer: ScriptedImporter/UnityEditor.QuickSearchModule:UnityEditor.Search:ASIAI0B
Importing 'GUID: db1e8fc8f15be484bb9f866640b84c04 - Path: Packages/com.unity.2d.tilemap/Editor/Icons/Tilemap.ShowGrid@2x.png - Importer: ScriptedImporter/UnityEditor.QuickSearchModule:UnityEditor.Search:ASIAI0B' with importer (ScriptedImporter : UnityEditor.QuickSearchModule:UnityEditor.Search:ASIAI0B)
Imported 'GUID: db1e8fc8f15be484bb9f866640b84c04' -> (Import Result ID: '26ff68bbebd2bae258268b7fabc93b74') in 0.003 seconds [static and dynamic dependencies]. Details - ImportResultOutputID=953e4634a3359a5987c14e19d7d4bac3 DependenciesID=d456f5d2b5e679ef7a842d08f6f02b52 StaticDependenciesID=0cd233f7a732c534fe7c9ae185130892 
Number of updated asset objects reloaded before import = 0
Number of asset objects unloaded after import = 3
========================================================================
Received Import Request.
  Time of request: 2026-10-02T14:24:18.944341Z
  Time since last request: 0.000504818 seconds.
  importAddress: GUID: 12e04f72413abf04fb4a5f79e70822ff - Path: Packages/com.unity.2d.tilemap/Editor/Icons/d_Tilemap.DefaultBrush.png - Importer: ScriptedImporter/UnityEditor.QuickSearchModule:UnityEditor.Search:ASIAI0B
Importing 'GUID: 12e04f72413abf04fb4a5f79e70822ff - Path: Packages/com.unity.2d.tilemap/Editor/Icons/d_Tilemap.DefaultBrush.png - Importer: ScriptedImporter/UnityEditor.QuickSearchModule:UnityEditor.Search:ASIAI0B' with importer (ScriptedImporter : UnityEditor.QuickSearchModule:UnityEditor.Search:ASIAI0B)
Imported 'GUID: 12e04f72413abf04fb4a5f79e70822ff' -> (Import Result ID: 'f24154d196a149e338ec272678c88157') in 0.004 seconds [static and dynamic dependencies]. Details - ImportResultOutputID=e79c0c71f4e00c5014eac34cb8d2e394 DependenciesID=76105bc2210d245758c228fe55735a3e StaticDependenciesID=c8354032088b48aa5e1d3d9e218d0875 
Number of updated asset objects reloaded before import = 0
Number of asset objects unloaded after import = 3
========================================================================
Received Import Request.
  Time of request: 2026-10-02T14:24:18.954952Z
  Time since last request: 0.000298553 seconds.
  importAddress: GUID: a714f9a492de26847891e2833d0f9235 - Path: Packages/com.unity.2d.tilemap/Editor/GridPaintTargetsDropdown.cs - Importer: ScriptedImporter/UnityEditor.QuickSearchModule:UnityEditor.Search:ASIAI0B
Importing 'GUID: a714f9a492de26847891e2833d0f9235 - Path: Packages/com.unity.2d.tilemap/Editor/GridPaintTargetsDropdown.cs - Importer: ScriptedImporter/UnityEditor.QuickSearchModule:UnityEditor.Search:ASIAI0B' with importer (ScriptedImporter : UnityEditor.QuickSearchModule:UnityEditor.Search:ASIAI0B)
Imported 'GUID: a714f9a492de26847891e2833d0f9235' -> (Import Result ID: '1f8043dc078c4550120bb9a428ec7ec4') in 0.001 seconds [static and dynamic dependencies]. Details - ImportResultOutputID=733df3c06927a670ef39337325416316 DependenciesID=34462039ee0bc18dfc1300f5478a43f8 StaticDependenciesID=11e575c805d49e2a4139d6e696d0f3e4 
Number of updated asset objects reloaded before import = 0
Number of asset objects unloaded after import = 0
========================================================================
Received Import Request.
  Time of request: 2026-10-02T14:24:18.962358Z
  Time since last request: 0.000370838 seconds.
  importAddress: GUID: 6ff589f8277c4d61bb54c6a1a0923c9b - Path: Packages/com.unity.2d.tilemap/Editor/UI/TilePaletteOverlayToolbarElementAttribute.cs - Importer: ScriptedImporter/UnityEditor.QuickSearchModule:UnityEditor.Search:ASIAI0B
Importing 'GUID: 6ff589f8277c4d61bb54c6a1a0923c9b - Path: Packages/com.unity.2d.tilemap/Editor/UI/TilePaletteOverlayToolbarElementAttribute.cs - Importer: ScriptedImporter/UnityEditor.QuickSearchModule:UnityEditor.Search:ASIAI0B' with importer (ScriptedImporter : UnityEditor.QuickSearchModule:UnityEditor.Search:ASIAI0B)
Imported 'GUID: 6ff589f8277c4d61bb54c6a1a0923c9b' -> (Import Result ID: 'eea6d59c9a5853cd073d427ce1738b01') in 0.001 seconds [static and dynamic dependencies]. Details - ImportResultOutputID=94eaf0b0065df6f5d48043c2c9a7dd50 DependenciesID=4eafa2e0e0580df2cfe745482a77a4ce StaticDependenciesID=c9d951838cb6f200af34d04969d545a1 
Number of updated asset objects reloaded before import = 0
Number of asset objects unloaded after import = 0
========================================================================
Received Import Request.
  Time of request: 2026-10-02T14:24:18.970756Z
  Time since last request: 0.000312684 seconds.
  importAddress: GUID: cc6f5506f7e1c664a9745a66e050fab5 - Path: Packages/com.unity.2d.tilemap/Editor/EditorTools/PickingTool.cs - Importer: ScriptedImporter/UnityEditor.QuickSearchModule:UnityEditor.Search:ASIAI0B
Importing 'GUID: cc6f5506f7e1c664a9745a66e050fab5 - Path: Packages/com.unity.2d.tilemap/Editor/EditorTools/PickingTool.cs - Importer: ScriptedImporter/UnityEditor.QuickSearchModule:UnityEditor.Search:ASIAI0B' with importer (ScriptedImporter : UnityEditor.QuickSearchModule:UnityEditor.Search:ASIAI0B)
Imported 'GUID: cc6f5506f7e1c664a9745a66e050fab5' -> (Import Result ID: 'f2fc860cb6a3e8ea76db43fe6ef1eb91') in 0.001 seconds [static and dynamic dependencies]. Details - ImportResultOutputID=7d49cba7d4d6f5b598f71829f3d01927 DependenciesID=a5c0bd1d8faac53cb500475366a64ec0 StaticDependenciesID=3f757cde8005020e76c11b001f7a7c6e 
Number of updated asset objects reloaded before import = 0
Number of asset objects unloaded after import = 0
========================================================================
Received Import Request.
  Time of request: 2026-10-02T14:24:18.978105Z
  Time since last request: 0.000474491 seconds.
  importAddress: GUID: 83e34b79b8614e1459c93e81b2dbd135 - Path: Packages/com.unity.2d.tilemap/Editor/EditorTools/GridSelection/GridSelectionTransformTool.cs - Importer: ScriptedImporter/UnityEditor.QuickSearchModule:UnityEditor.Search:ASIAI0B
Importing 'GUID: 83e34b79b8614e1459c93e81b2dbd135 - Path: Packages/com.unity.2d.tilemap/Editor/EditorTools/GridSelection/GridSelectionTransformTool.cs - Importer: ScriptedImporter/UnityEditor.QuickSearchModule:UnityEditor.Search:ASIAI0B' with importer (ScriptedImporter : UnityEditor.QuickSearchModule:UnityEditor.Search:ASIAI0B)
Imported 'GUID: 83e34b79b8614e1459c93e81b2dbd135' -> (Import Result ID: '8d62ae32e572ca3cb0c5684f75355d20') in 0.001 seconds [static and dynamic dependencies]. Details - ImportResultOutputID=ed19e973e84d51392c6f5ddad54f0bc8 DependenciesID=6ce079730d73276440637399299f3dd8 StaticDependenciesID=9c67cefde09b503f07c062ce61ca2032 
Number of updated asset objects reloaded before import = 0
Number of asset objects unloaded after import = 0
========================================================================
Received Import Request.
  Time of request: 2026-10-02T14:24:18.984935Z
  Time since last request: 0.000321615 seconds.
  importAddress: GUID: 9b35ffc51af54aeaa2384cef4465d664 - Path: Packages/com.unity.2d.tilemap/Editor/GridPaletteAddWhiteboxPopup.cs - Importer: ScriptedImporter/UnityEditor.QuickSearchModule:UnityEditor.Search:ASIAI0B
Importing 'GUID: 9b35ffc51af54aeaa2384cef4465d664 - Path: Packages/com.unity.2d.tilemap/Editor/GridPaletteAddWhiteboxPopup.cs - Importer: ScriptedImporter/UnityEditor.QuickSearchModule:UnityEditor.Search:ASIAI0B' with importer (ScriptedImporter : UnityEditor.QuickSearchModule:UnityEditor.Search:ASIAI0B)
Imported 'GUID: 9b35ffc51af54aeaa2384cef4465d664' -> (Import Result ID: '876606c40219c0a345bf55c3374802c9') in 0.001 seconds [static and dynamic dependencies]. Details - ImportResultOutputID=1f5a81f6461439335fedad25d12fdfbb DependenciesID=9f769996135fca7b3472e7905f067b0e StaticDependenciesID=ceef041dc9af7aeff111cced0c323364 
Number of updated asset objects reloaded before import = 0
Number of asset objects unloaded after import = 0
========================================================================
Received Import Request.
  Time of request: 2026-10-02T14:24:18.992236Z
  Time since last request: 0.000588152 seconds.
  importAddress: GUID: 643691433f00ba14c9a7656af511f144 - Path: Packages/com.unity.2d.tilemap/Editor/UI/TilePaletteBrushInspectorPopup.cs - Importer: ScriptedImporter/UnityEditor.QuickSearchModule:UnityEditor.Search:ASIAI0B
Importing 'GUID: 643691433f00ba14c9a7656af511f144 - Path: Packages/com.unity.2d.tilemap/Editor/UI/TilePaletteBrushInspectorPopup.cs - Importer: ScriptedImporter/UnityEditor.QuickSearchModule:UnityEditor.Search:ASIAI0B' with importer (ScriptedImporter : UnityEditor.QuickSearchModule:UnityEditor.Search:ASIAI0B)
Imported 'GUID: 643691433f00ba14c9a7656af511f144' -> (Import Result ID: '6b5651a29362f705fabc026e24b5f6cb') in 0.001 seconds [static and dynamic dependencies]. Details - ImportResultOutputID=6e2bdc6a889f760ca43a5cd20c3a3e0c DependenciesID=2409a835ef1126e6878bdb6f080598ac StaticDependenciesID=8900207060b1b6f6728fe1ee74255583 
Number of updated asset objects reloaded before import = 0
Number of asset objects unloaded after import = 0
========================================================================
Received Import Request.
  Time of request: 2026-10-02T14:24:18.999288Z
  Time since last request: 0.000275848 seconds.
  importAddress: GUID: 86f74056ad052aa4b83fe485546f0521 - Path: Packages/com.unity.2d.tilemap/Editor/Icons/EditorUI.Target@4x.png - Importer: ScriptedImporter/UnityEditor.QuickSearchModule:UnityEditor.Search:ASIAI0B
Importing 'GUID: 86f74056ad052aa4b83fe485546f0521 - Path: Packages/com.unity.2d.tilemap/Editor/Icons/EditorUI.Target@4x.png - Importer: ScriptedImporter/UnityEditor.QuickSearchModule:UnityEditor.Search:ASIAI0B' with importer (ScriptedImporter : UnityEditor.QuickSearchModule:UnityEditor.Search:ASIAI0B)
Imported 'GUID: 86f74056ad052aa4b83fe485546f0521' -> (Import Result ID: '405108677d91eef102314e0b5decaf6f') in 0.003 seconds [static and dynamic dependencies]. Details - ImportResultOutputID=cafdfef0a0768b976c92fc3b6217e6af DependenciesID=946474a738523c4492761a7127040041 StaticDependenciesID=30335285232ff55eb3d0e9a8b2b2ab8d 
Number of updated asset objects reloaded before import = 0
Number of asset objects unloaded after import = 3
========================================================================
Received Import Request.
  Time of request: 2026-10-02T14:24:19.008016Z
  Time since last request: 0.000341112 seconds.
  importAddress: GUID: 95300005b236449d806b320297a7a41c - Path: Packages/com.unity.2d.tilemap/Editor/EditorTools/BrushToolsAttribute.cs - Importer: ScriptedImporter/UnityEditor.QuickSearchModule:UnityEditor.Search:ASIAI0B
Importing 'GUID: 95300005b236449d806b320297a7a41c - Path: Packages/com.unity.2d.tilemap/Editor/EditorTools/BrushToolsAttribute.cs - Importer: ScriptedImporter/UnityEditor.QuickSearchModule:UnityEditor.Search:ASIAI0B' with importer (ScriptedImporter : UnityEditor.QuickSearchModule:UnityEditor.Search:ASIAI0B)
Imported 'GUID: 95300005b236449d806b320297a7a41c' -> (Import Result ID: 'd5e61092d005aa98b66769953b57bc98') in 0.001 seconds [static and dynamic dependencies]. Details - ImportResultOutputID=7bef220b4e8de11c492ca4657d57e14f DependenciesID=9800c45f1f2495bfad9663e312af4da0 StaticDependenciesID=28642e99108aabd4375c8ad6b1d5445c 
Number of updated asset objects reloaded before import = 0
Number of asset objects unloaded after import = 0
========================================================================
Received Import Request.
  Time of request: 2026-10-02T14:24:19.015899Z
  Time since last request: 0.000215455 seconds.
  importAddress: GUID: a84f8a2cae54acb4599de611269e855e - Path: Packages/com.unity.2d.tilemap/Editor/SceneViewGridManager.cs - Importer: ScriptedImporter/UnityEditor.QuickSearchModule:UnityEditor.Search:ASIAI0B
Importing 'GUID: a84f8a2cae54acb4599de611269e855e - Path: Packages/com.unity.2d.tilemap/Editor/SceneViewGridManager.cs - Importer: ScriptedImporter/UnityEditor.QuickSearchModule:UnityEditor.Search:ASIAI0B' with importer (ScriptedImporter : UnityEditor.QuickSearchModule:UnityEditor.Search:ASIAI0B)
Imported 'GUID: a84f8a2cae54acb4599de611269e855e' -> (Import Result ID: '1a39f598a17555105cf8711bd7e7e854') in 0.001 seconds [static and dynamic dependencies]. Details - ImportResultOutputID=1d9aa1dbbb1d63f863e2bbfe6dfda6ed DependenciesID=3759cb94feeb2c16f17eb0716deada4c StaticDependenciesID=e858de637a0f0cbe5f9e67ce604303e7 
Number of updated asset objects reloaded before import = 0
Number of asset objects unloaded after import = 0
========================================================================
Received Import Request.
  Time of request: 2026-10-02T14:24:19.022963Z
  Time since last request: 0.00020951 seconds.
  importAddress: GUID: ecc64bf4ebc64e2d8487b3a631c5113c - Path: Packages/com.unity.2d.tilemap/Editor/UI/GridPaintPaletteWindow.uss - Importer: ScriptedImporter/UnityEditor.QuickSearchModule:UnityEditor.Search:ASIAI0B
Importing 'GUID: ecc64bf4ebc64e2d8487b3a631c5113c - Path: Packages/com.unity.2d.tilemap/Editor/UI/GridPaintPaletteWindow.uss - Importer: ScriptedImporter/UnityEditor.QuickSearchModule:UnityEditor.Search:ASIAI0B' with importer (ScriptedImporter : UnityEditor.QuickSearchModule:UnityEditor.Search:ASIAI0B)
Imported 'GUID: ecc64bf4ebc64e2d8487b3a631c5113c' -> (Import Result ID: '7b8978c5a948fe321769c06268109037') in 0.002 seconds [static and dynamic dependencies]. Details - ImportResultOutputID=18fc047fe7d11ee8651f2097d9d6ca21 DependenciesID=4a90844dbf93737e444d47b8323d1d1f StaticDependenciesID=e07dd854a624f30f3de9b4df76982df6 
Number of updated asset objects reloaded before import = 0
Number of asset objects unloaded after import = 1
========================================================================
Received Import Request.
  Time of request: 2026-10-02T14:24:19.030892Z
  Time since last request: 0.000329468 seconds.
  importAddress: GUID: 24a4dd7831e4a46f593e94273994b42c - Path: Packages/com.unity.2d.tilemap/Editor/Icons/d_EditorUI.Filter@2x.png - Importer: ScriptedImporter/UnityEditor.QuickSearchModule:UnityEditor.Search:ASIAI0B
Importing 'GUID: 24a4dd7831e4a46f593e94273994b42c - Path: Packages/com.unity.2d.tilemap/Editor/Icons/d_EditorUI.Filter@2x.png - Importer: ScriptedImporter/UnityEditor.QuickSearchModule:UnityEditor.Search:ASIAI0B' with importer (ScriptedImporter : UnityEditor.QuickSearchModule:UnityEditor.Search:ASIAI0B)
Imported 'GUID: 24a4dd7831e4a46f593e94273994b42c' -> (Import Result ID: '45e2631959b093bb7704519fbd54a7f3') in 0.003 seconds [static and dynamic dependencies]. Details - ImportResultOutputID=d150e2f903e1fbc29b2c875b4cf6f145 DependenciesID=a6f0fe0a3a03153b8e93ef6ca8eae450 StaticDependenciesID=cc8306909bb025ff07332175ad8c0c67 
Number of updated asset objects reloaded before import = 0
Number of asset objects unloaded after import = 3
========================================================================
Received Import Request.
  Time of request: 2026-10-02T14:24:19.039464Z
  Time since last request: 0.000265097 seconds.
  importAddress: GUID: 0219184e13f92e94896b4df6846db652 - Path: Packages/com.unity.2d.tilemap/Editor/Icons/d_Grid.FlipY.png - Importer: ScriptedImporter/UnityEditor.QuickSearchModule:UnityEditor.Search:ASIAI0B
Importing 'GUID: 0219184e13f92e94896b4df6846db652 - Path: Packages/com.unity.2d.tilemap/Editor/Icons/d_Grid.FlipY.png - Importer: ScriptedImporter/UnityEditor.QuickSearchModule:UnityEditor.Search:ASIAI0B' with importer (ScriptedImporter : UnityEditor.QuickSearchModule:UnityEditor.Search:ASIAI0B)
Imported 'GUID: 0219184e13f92e94896b4df6846db652' -> (Import Result ID: '11a8fc89b2b0b0d2b6af9955f1601757') in 0.003 seconds [static and dynamic dependencies]. Details - ImportResultOutputID=239851a245153d3466217e587602ca12 DependenciesID=d4127aa69808a2e4dc85355af2749870 StaticDependenciesID=d0c6ecacbba1c2f4840deeabedc905b3 
Number of updated asset objects reloaded before import = 0
Number of asset objects unloaded after import = 3
========================================================================
Received Import Request.
  Time of request: 2026-10-02T14:24:19.048366Z
  Time since last request: 0.000261558 seconds.
  importAddress: GUID: 91d9195ac7084b37a7830c0109334fa6 - Path: Packages/com.unity.2d.tilemap/Editor/UI/TilesetImporterElement.cs - Importer: ScriptedImporter/UnityEditor.QuickSearchModule:UnityEditor.Search:ASIAI0B
Importing 'GUID: 91d9195ac7084b37a7830c0109334fa6 - Path: Packages/com.unity.2d.tilemap/Editor/UI/TilesetImporterElement.cs - Importer: ScriptedImporter/UnityEditor.QuickSearchModule:UnityEditor.Search:ASIAI0B' with importer (ScriptedImporter : UnityEditor.QuickSearchModule:UnityEditor.Search:ASIAI0B)
Imported 'GUID: 91d9195ac7084b37a7830c0109334fa6' -> (Import Result ID: '291812615c58fbf92beb81bb49045f8d') in 0.001 seconds [static and dynamic dependencies]. Details - ImportResultOutputID=edfa2bf21dcefd17ad12d37a52c3ac07 DependenciesID=5af99ca0d127ac070c3cc792cf787bca StaticDependenciesID=97c42f50a9ce91876216d9f8302a481b 
Number of updated asset objects reloaded before import = 0
Number of asset objects unloaded after import = 0
========================================================================
Received Import Request.
  Time of request: 2026-10-02T14:24:19.055353Z
  Time since last request: 0.000284751 seconds.
  importAddress: GUID: 13c8bd32c985e204eafd19f6360119db - Path: Packages/com.unity.2d.tilemap/Editor/Icons/Tilemap.EditPalette@2x.png - Importer: ScriptedImporter/UnityEditor.QuickSearchModule:UnityEditor.Search:ASIAI0B
Importing 'GUID: 13c8bd32c985e204eafd19f6360119db - Path: Packages/com.unity.2d.tilemap/Editor/Icons/Tilemap.EditPalette@2x.png - Importer: ScriptedImporter/UnityEditor.QuickSearchModule:UnityEditor.Search:ASIAI0B' with importer (ScriptedImporter : UnityEditor.QuickSearchModule:UnityEditor.Search:ASIAI0B)
Imported 'GUID: 13c8bd32c985e204eafd19f6360119db' -> (Import Result ID: '97868b6fdd38a81f47a21de211b77ba1') in 0.005 seconds [static and dynamic dependencies]. Details - ImportResultOutputID=b30bbe05ef483a47125d924a68d73dfe DependenciesID=5c59c926b67c7f1cbe67694fb3c41d77 StaticDependenciesID=7fefacabf88ee1dc793d9a98b07eceb0 
Number of updated asset objects reloaded before import = 0
Number of asset objects unloaded after import = 3
========================================================================
Received Import Request.
  Time of request: 2026-10-02T14:24:19.065936Z
  Time since last request: 0.000239687 seconds.
  importAddress: GUID: 1098fc68a178ced428eb7fe625f54179 - Path: Packages/com.unity.2d.tilemap/Editor/EditorTools/TilemapEditorTool.cs - Importer: ScriptedImporter/UnityEditor.QuickSearchModule:UnityEditor.Search:ASIAI0B
Importing 'GUID: 1098fc68a178ced428eb7fe625f54179 - Path: Packages/com.unity.2d.tilemap/Editor/EditorTools/TilemapEditorTool.cs - Importer: ScriptedImporter/UnityEditor.QuickSearchModule:UnityEditor.Search:ASIAI0B' with importer (ScriptedImporter : UnityEditor.QuickSearchModule:UnityEditor.Search:ASIAI0B)
Imported 'GUID: 1098fc68a178ced428eb7fe625f54179' -> (Import Result ID: 'b4009b03b0154a4111089d68da586c08') in 0.001 seconds [static and dynamic dependencies]. Details - ImportResultOutputID=9cad16da5914c65fe1f5f67ebf79ed8e DependenciesID=0cedd956775a95bdb1d82748973a52a4 StaticDependenciesID=abd9d2de08e262a45682b94391a86bfd 
Number of updated asset objects reloaded before import = 0
Number of asset objects unloaded after import = 0
========================================================================
Received Import Request.
  Time of request: 2026-10-02T14:24:19.073336Z
  Time since last request: 0.000550394 seconds.
  importAddress: GUID: 211f0721d8ce58a4ea7011a70c455d3a - Path: Packages/com.unity.2d.tilemap/Editor/UI/TilePaletteBrushesDropdownMenu.cs - Importer: ScriptedImporter/UnityEditor.QuickSearchModule:UnityEditor.Search:ASIAI0B
Importing 'GUID: 211f0721d8ce58a4ea7011a70c455d3a - Path: Packages/com.unity.2d.tilemap/Editor/UI/TilePaletteBrushesDropdownMenu.cs - Importer: ScriptedImporter/UnityEditor.QuickSearchModule:UnityEditor.Search:ASIAI0B' with importer (ScriptedImporter : UnityEditor.QuickSearchModule:UnityEditor.Search:ASIAI0B)
Imported 'GUID: 211f0721d8ce58a4ea7011a70c455d3a' -> (Import Result ID: '02959934b12a4eefd1416d0c647b76aa') in 0.001 seconds [static and dynamic dependencies]. Details - ImportResultOutputID=07669c31259d5837d8c201d1d0be5219 DependenciesID=4022bd849d9813587249bfe0c06499c7 StaticDependenciesID=435ddae7a162242e1c6ef32aa95f59f5 
Number of updated asset objects reloaded before import = 0
Number of asset objects unloaded after import = 0
========================================================================
Received Import Request.
  Time of request: 2026-10-02T14:24:19.081251Z
  Time since last request: 0.00051265 seconds.
  importAddress: GUID: abbc28ff73b72b1438f893d41ca52fb0 - Path: Packages/com.unity.2d.tilemap/Editor/Icons/Tilemap.ActiveTargetLayers.png - Importer: ScriptedImporter/UnityEditor.QuickSearchModule:UnityEditor.Search:ASIAI0B
Importing 'GUID: abbc28ff73b72b1438f893d41ca52fb0 - Path: Packages/com.unity.2d.tilemap/Editor/Icons/Tilemap.ActiveTargetLayers.png - Importer: ScriptedImporter/UnityEditor.QuickSearchModule:UnityEditor.Search:ASIAI0B' with importer (ScriptedImporter : UnityEditor.QuickSearchModule:UnityEditor.Search:ASIAI0B)
Imported 'GUID: abbc28ff73b72b1438f893d41ca52fb0' -> (Import Result ID: '4abcc9d5b0e06c5d2b1e4503f6544a60') in 0.003 seconds [static and dynamic dependencies]. Details - ImportResultOutputID=f4098bf627836fb1b83b77bed67577fb DependenciesID=16c9fdb26182717f0481d5b53608cc9a StaticDependenciesID=6ea7c56d95a3cd15826402092db77e0d 
Number of updated asset objects reloaded before import = 0
Number of asset objects unloaded after import = 3
========================================================================
Received Import Request.
  Time of request: 2026-10-02T14:24:19.089721Z
  Time since last request: 0.000343034 seconds.
  importAddress: GUID: dd62c99bd1ab0984da092d3ea327b733 - Path: Packages/com.unity.2d.tilemap/Editor/Icons/d_Tilemap.FocusTilemap@4x.png - Importer: ScriptedImporter/UnityEditor.QuickSearchModule:UnityEditor.Search:ASIAI0B
Importing 'GUID: dd62c99bd1ab0984da092d3ea327b733 - Path: Packages/com.unity.2d.tilemap/Editor/Icons/d_Tilemap.FocusTilemap@4x.png - Importer: ScriptedImporter/UnityEditor.QuickSearchModule:UnityEditor.Search:ASIAI0B' with importer (ScriptedImporter : UnityEditor.QuickSearchModule:UnityEditor.Search:ASIAI0B)
Imported 'GUID: dd62c99bd1ab0984da092d3ea327b733' -> (Import Result ID: 'ebfaf39ab39fb1e5486bbeb1164ecbaf') in 0.004 seconds [static and dynamic dependencies]. Details - ImportResultOutputID=aec321b93b00793ecc6533ad2d83b839 DependenciesID=b04a616e34a3d70b06b68e8d16a21a01 StaticDependenciesID=e9266e3cfb68285fa01a405ae5f896d3 
Number of updated asset objects reloaded before import = 0
Number of asset objects unloaded after import = 3
========================================================================
Received Import Request.
  Time of request: 2026-10-02T14:24:19.10298Z
  Time since last request: 0.000357839 seconds.
  importAddress: GUID: 77786fcb91a3fcd41a4b836be1f0276c - Path: Packages/com.unity.2d.tilemap/Editor/EditorTools/MoveTool.cs - Importer: ScriptedImporter/UnityEditor.QuickSearchModule:UnityEditor.Search:ASIAI0B
Importing 'GUID: 77786fcb91a3fcd41a4b836be1f0276c - Path: Packages/com.unity.2d.tilemap/Editor/EditorTools/MoveTool.cs - Importer: ScriptedImporter/UnityEditor.QuickSearchModule:UnityEditor.Search:ASIAI0B' with importer (ScriptedImporter : UnityEditor.QuickSearchModule:UnityEditor.Search:ASIAI0B)
Imported 'GUID: 77786fcb91a3fcd41a4b836be1f0276c' -> (Import Result ID: '11a589ea0de17de28b6716e5740e52c5') in 0.001 seconds [static and dynamic dependencies]. Details - ImportResultOutputID=88fcdb794520e8c246b6a8b29047eb3d DependenciesID=6b6544b7e50c9765f76038363dd3043d StaticDependenciesID=ff3a9288d67fe0c6809b28a2b56b095f 
Number of updated asset objects reloaded before import = 0
Number of asset objects unloaded after import = 0
========================================================================
Received Import Request.
  Time of request: 2026-10-02T14:24:19.110309Z
  Time since last request: 0.000401179 seconds.
  importAddress: GUID: 6e6ff0d919800e24484d21950e3d851f - Path: Packages/com.unity.2d.tilemap/Editor/EditorTools/BoxTool.cs - Importer: ScriptedImporter/UnityEditor.QuickSearchModule:UnityEditor.Search:ASIAI0B
Importing 'GUID: 6e6ff0d919800e24484d21950e3d851f - Path: Packages/com.unity.2d.tilemap/Editor/EditorTools/BoxTool.cs - Importer: ScriptedImporter/UnityEditor.QuickSearchModule:UnityEditor.Search:ASIAI0B' with importer (ScriptedImporter : UnityEditor.QuickSearchModule:UnityEditor.Search:ASIAI0B)
Imported 'GUID: 6e6ff0d919800e24484d21950e3d851f' -> (Import Result ID: '80e2f0ff8dc9b9126ae81fd740a8dbd2') in 0.001 seconds [static and dynamic dependencies]. Details - ImportResultOutputID=bf2d2498244d07cd94633113294ca660 DependenciesID=002920baada50b3d11c8ee9827fd2ac1 StaticDependenciesID=4eaa66642bf9db87b0d7a3830eaceee8 
Number of updated asset objects reloaded before import = 0
Number of asset objects unloaded after import = 0
========================================================================
Received Import Request.
  Time of request: 2026-10-02T14:24:19.11752Z
  Time since last request: 0.000337374 seconds.
  importAddress: GUID: b6fc4f71b00f42947b2ff5102dd5609e - Path: Packages/com.unity.2d.tilemap/Editor/GridPalettesDropdown.cs - Importer: ScriptedImporter/UnityEditor.QuickSearchModule:UnityEditor.Search:ASIAI0B
Importing 'GUID: b6fc4f71b00f42947b2ff5102dd5609e - Path: Packages/com.unity.2d.tilemap/Editor/GridPalettesDropdown.cs - Importer: ScriptedImporter/UnityEditor.QuickSearchModule:UnityEditor.Search:ASIAI0B' with importer (ScriptedImporter : UnityEditor.QuickSearchModule:UnityEditor.Search:ASIAI0B)
Imported 'GUID: b6fc4f71b00f42947b2ff5102dd5609e' -> (Import Result ID: 'e4cbfeb262c9505cc6231c652f98feb3') in 0.001 seconds [static and dynamic dependencies]. Details - ImportResultOutputID=b23fb2bd1009c6ee6a8e871df74a8b01 DependenciesID=7d20f13cb95f2b25eed649318d14c41c StaticDependenciesID=95af8af60482520cc5ac36368c40cee1 
Number of updated asset objects reloaded before import = 0
Number of asset objects unloaded after import = 0
========================================================================
Received Import Request.
  Time of request: 2026-10-02T14:24:19.124198Z
  Time since last request: 0.000214464 seconds.
  importAddress: GUID: 592cc37b962a5604599e514ecc35f4b2 - Path: Packages/com.unity.2d.tilemap/Editor/Icons/Tilemap.FocusNone.png - Importer: ScriptedImporter/UnityEditor.QuickSearchModule:UnityEditor.Search:ASIAI0B
Importing 'GUID: 592cc37b962a5604599e514ecc35f4b2 - Path: Packages/com.unity.2d.tilemap/Editor/Icons/Tilemap.FocusNone.png - Importer: ScriptedImporter/UnityEditor.QuickSearchModule:UnityEditor.Search:ASIAI0B' with importer (ScriptedImporter : UnityEditor.QuickSearchModule:UnityEditor.Search:ASIAI0B)
Imported 'GUID: 592cc37b962a5604599e514ecc35f4b2' -> (Import Result ID: '76cd2ba78c1cadea955d73a41ed0f5a2') in 0.003 seconds [static and dynamic dependencies]. Details - ImportResultOutputID=c5a31a7452553a713a7d47c6111aac5d DependenciesID=159aa18c39226781622e09229a320a77 StaticDependenciesID=a01b84f1d09bf727f551ffcf46e332d5 
Number of updated asset objects reloaded before import = 0
Number of asset objects unloaded after import = 3
========================================================================
Received Import Request.
  Time of request: 2026-10-02T14:24:19.132722Z
  Time since last request: 0.000356314 seconds.
  importAddress: GUID: 495418ee53486f643b24accccc9269f1 - Path: Packages/com.unity.2d.tilemap/Editor/EditorTools - Importer: ScriptedImporter/UnityEditor.QuickSearchModule:UnityEditor.Search:ASIAI0B
Importing 'GUID: 495418ee53486f643b24accccc9269f1 - Path: Packages/com.unity.2d.tilemap/Editor/EditorTools - Importer: ScriptedImporter/UnityEditor.QuickSearchModule:UnityEditor.Search:ASIAI0B' with importer (ScriptedImporter : UnityEditor.QuickSearchModule:UnityEditor.Search:ASIAI0B)
Imported 'GUID: 495418ee53486f643b24accccc9269f1' -> (Import Result ID: 'd90b0a423aa4d2b986cbd9a8a56563b1') in 0.001 seconds [static and dynamic dependencies]. Details - ImportResultOutputID=967213f937d122a2fb4d2ea9170ddb40 DependenciesID=fd38de4fb158d8f498c7fba9feae4c1f StaticDependenciesID=06ad15c39a1b4f794b061516fbd469aa 
Number of updated asset objects reloaded before import = 0
Number of asset objects unloaded after import = 1
========================================================================
Received Import Request.
  Time of request: 2026-10-02T14:24:19.139292Z
  Time since last request: 0.000269719 seconds.
  importAddress: GUID: f8e27d22a910edd4e9b6791a887aa9e1 - Path: Packages/com.unity.2d.tilemap/Editor/Icons/Tilemap.FocusNone@2x.png - Importer: ScriptedImporter/UnityEditor.QuickSearchModule:UnityEditor.Search:ASIAI0B
Importing 'GUID: f8e27d22a910edd4e9b6791a887aa9e1 - Path: Packages/com.unity.2d.tilemap/Editor/Icons/Tilemap.FocusNone@2x.png - Importer: ScriptedImporter/UnityEditor.QuickSearchModule:UnityEditor.Search:ASIAI0B' with importer (ScriptedImporter : UnityEditor.QuickSearchModule:UnityEditor.Search:ASIAI0B)
Imported 'GUID: f8e27d22a910edd4e9b6791a887aa9e1' -> (Import Result ID: '23327c44bc998f3706d3d17f7fdc49b8') in 0.006 seconds [static and dynamic dependencies]. Details - ImportResultOutputID=505591ded976dc3309361056632cefd5 DependenciesID=133b15044bafb2d0da4b712f33b12633 StaticDependenciesID=7ad643d106cd7a3baedf838683f4c6dd 
Number of updated asset objects reloaded before import = 0
Number of asset objects unloaded after import = 3
========================================================================
Received Import Request.
  Time of request: 2026-10-02T14:24:19.164281Z
  Time since last request: 0.013738978 seconds.
  importAddress: GUID: c55f8ee59e712524682edba7c818eb6b - Path: Packages/com.unity.2d.tilemap/Editor/GridBrushEditor.cs - Importer: ScriptedImporter/UnityEditor.QuickSearchModule:UnityEditor.Search:ASIAI0B
Importing 'GUID: c55f8ee59e712524682edba7c818eb6b - Path: Packages/com.unity.2d.tilemap/Editor/GridBrushEditor.cs - Importer: ScriptedImporter/UnityEditor.QuickSearchModule:UnityEditor.Search:ASIAI0B' with importer (ScriptedImporter : UnityEditor.QuickSearchModule:UnityEditor.Search:ASIAI0B)
Imported 'GUID: c55f8ee59e712524682edba7c818eb6b' -> (Import Result ID: 'd45632826b1b4b366568cdbd418e41ea') in 0.001 seconds [static and dynamic dependencies]. Details - ImportResultOutputID=5e1cf047fe198522b0f1a7be184eeeb4 DependenciesID=f5b2e5662c9f1120ed3e149387020afe StaticDependenciesID=23bbf02cca538e99e59778f74f412b6a 
Number of updated asset objects reloaded before import = 0
Number of asset objects unloaded after import = 0
========================================================================
Received Import Request.
  Time of request: 2026-10-02T14:24:19.171407Z
  Time since last request: 0.000484954 seconds.
  importAddress: GUID: e61b787c9f6984746a82ecf444056814 - Path: Packages/com.unity.2d.tilemap/Editor/GridBrushesDropdown.cs - Importer: ScriptedImporter/UnityEditor.QuickSearchModule:UnityEditor.Search:ASIAI0B
Importing 'GUID: e61b787c9f6984746a82ecf444056814 - Path: Packages/com.unity.2d.tilemap/Editor/GridBrushesDropdown.cs - Importer: ScriptedImporter/UnityEditor.QuickSearchModule:UnityEditor.Search:ASIAI0B' with importer (ScriptedImporter : UnityEditor.QuickSearchModule:UnityEditor.Search:ASIAI0B)
Imported 'GUID: e61b787c9f6984746a82ecf444056814' -> (Import Result ID: 'c1fc98641012b3c7951d12adf1115a04') in 0.001 seconds [static and dynamic dependencies]. Details - ImportResultOutputID=b33d99ddee4596aa842e1e53b0a524c0 DependenciesID=d9e0dc3ecf0c80fe76d4957ae25a994d StaticDependenciesID=44306ed5a25081cd97772404d657e3ac 
Number of updated asset objects reloaded before import = 0
Number of asset objects unloaded after import = 0
========================================================================
Received Import Request.
  Time of request: 2026-10-02T14:24:19.181763Z
  Time since last request: 0.00037585 seconds.
  importAddress: GUID: c6ffe8c68dad8fa45bcd0e1a68b64201 - Path: Packages/com.unity.2d.tilemap/Editor/UI/TilePaletteBrushesPopup.cs - Importer: ScriptedImporter/UnityEditor.QuickSearchModule:UnityEditor.Search:ASIAI0B
Importing 'GUID: c6ffe8c68dad8fa45bcd0e1a68b64201 - Path: Packages/com.unity.2d.tilemap/Editor/UI/TilePaletteBrushesPopup.cs - Importer: ScriptedImporter/UnityEditor.QuickSearchModule:UnityEditor.Search:ASIAI0B' with importer (ScriptedImporter : UnityEditor.QuickSearchModule:UnityEditor.Search:ASIAI0B)
Imported 'GUID: c6ffe8c68dad8fa45bcd0e1a68b64201' -> (Import Result ID: '65e5f4559e2afa9953e6efc0bf7e8b97') in 0.001 seconds [static and dynamic dependencies]. Details - ImportResultOutputID=401ef6c67c7da892f7547acc9db62e56 DependenciesID=827e297bc1963d615920a561d6e734b6 StaticDependenciesID=3adb6e8405781adfa1c256be97dec435 
Number of updated asset objects reloaded before import = 0
Number of asset objects unloaded after import = 0
========================================================================
Received Import Request.
  Time of request: 2026-10-02T14:24:19.189883Z
  Time since last request: 0.000255067 seconds.
  importAddress: GUID: bc1106d4aa7a8f749b058b7c6a20ff36 - Path: Packages/com.unity.2d.tilemap/Editor/UI/GridPaintingToolbar.cs - Importer: ScriptedImporter/UnityEditor.QuickSearchModule:UnityEditor.Search:ASIAI0B
Importing 'GUID: bc1106d4aa7a8f749b058b7c6a20ff36 - Path: Packages/com.unity.2d.tilemap/Editor/UI/GridPaintingToolbar.cs - Importer: ScriptedImporter/UnityEditor.QuickSearchModule:UnityEditor.Search:ASIAI0B' with importer (ScriptedImporter : UnityEditor.QuickSearchModule:UnityEditor.Search:ASIAI0B)
Imported 'GUID: bc1106d4aa7a8f749b058b7c6a20ff36' -> (Import Result ID: '7658d3b7feb68a7e82450277c4388a1a') in 0.001 seconds [static and dynamic dependencies]. Details - ImportResultOutputID=956712d4f6eb09e68b80e36ffd586981 DependenciesID=45f1dd1e3745fcc65a8c27c9e468a46f StaticDependenciesID=50922a4280f781500f6b8b032062d6cb 
Number of updated asset objects reloaded before import = 0
Number of asset objects unloaded after import = 0
========================================================================
Received Import Request.
  Time of request: 2026-10-02T14:24:19.197998Z
  Time since last request: 0.000187122 seconds.
  importAddress: GUID: 7a5950bc69d34eaa8b69e23a0219af0e - Path: Packages/com.unity.2d.tilemap/Editor/UI/External/RenameableLabel.uss - Importer: ScriptedImporter/UnityEditor.QuickSearchModule:UnityEditor.Search:ASIAI0B
Importing 'GUID: 7a5950bc69d34eaa8b69e23a0219af0e - Path: Packages/com.unity.2d.tilemap/Editor/UI/External/RenameableLabel.uss - Importer: ScriptedImporter/UnityEditor.QuickSearchModule:UnityEditor.Search:ASIAI0B' with importer (ScriptedImporter : UnityEditor.QuickSearchModule:UnityEditor.Search:ASIAI0B)
Imported 'GUID: 7a5950bc69d34eaa8b69e23a0219af0e' -> (Import Result ID: '461577242dc37c1ec7a5581ddd50a922') in 0.002 seconds [static and dynamic dependencies]. Details - ImportResultOutputID=f3a783af1d5c777263338ec39040d5f0 DependenciesID=4961c8c8d2da963745a03de7b22d95b9 StaticDependenciesID=6290433e049e2cedd2dc4722a901a33c 
Number of updated asset objects reloaded before import = 0
Number of asset objects unloaded after import = 1
========================================================================
Received Import Request.
  Time of request: 2026-10-02T14:24:19.205354Z
  Time since last request: 0.000356219 seconds.
  importAddress: GUID: 0594f3299f18e6f41908492f9b359f6c - Path: Packages/com.unity.2d.tilemap/Editor/Icons/d_GridSelection.png - Importer: ScriptedImporter/UnityEditor.QuickSearchModule:UnityEditor.Search:ASIAI0B
Importing 'GUID: 0594f3299f18e6f41908492f9b359f6c - Path: Packages/com.unity.2d.tilemap/Editor/Icons/d_GridSelection.png - Importer: ScriptedImporter/UnityEditor.QuickSearchModule:UnityEditor.Search:ASIAI0B' with importer (ScriptedImporter : UnityEditor.QuickSearchModule:UnityEditor.Search:ASIAI0B)
Imported 'GUID: 0594f3299f18e6f41908492f9b359f6c' -> (Import Result ID: '8edad101de3d283de260828a80bf756d') in 0.002 seconds [static and dynamic dependencies]. Details - ImportResultOutputID=1f3af8c3a6048e0a629cf8da9375f11a DependenciesID=a81652d47023182ac9c169a0c0edce3e StaticDependenciesID=97ea49d77377058a2b24c558f45c3413 
Number of updated asset objects reloaded before import = 0
Number of asset objects unloaded after import = 1
========================================================================
Received Import Request.
  Time of request: 2026-10-02T14:24:19.213535Z
  Time since last request: 0.000438432 seconds.
  importAddress: GUID: 6ad0a0cb781e419690c8bfb5662edcb2 - Path: Packages/com.unity.2d.tilemap/Editor/UI/TilePaletteBrushPickItemElement.cs - Importer: ScriptedImporter/UnityEditor.QuickSearchModule:UnityEditor.Search:ASIAI0B
Importing 'GUID: 6ad0a0cb781e419690c8bfb5662edcb2 - Path: Packages/com.unity.2d.tilemap/Editor/UI/TilePaletteBrushPickItemElement.cs - Importer: ScriptedImporter/UnityEditor.QuickSearchModule:UnityEditor.Search:ASIAI0B' with importer (ScriptedImporter : UnityEditor.QuickSearchModule:UnityEditor.Search:ASIAI0B)
Imported 'GUID: 6ad0a0cb781e419690c8bfb5662edcb2' -> (Import Result ID: '2b80907e70361e26b66760ce3f3023b3') in 0.001 seconds [static and dynamic dependencies]. Details - ImportResultOutputID=814163a0f706ab1b913199b385d13e42 DependenciesID=478d9b724e4418b34c93dc8a19358daa StaticDependenciesID=ba75bdc270820cfbf5bb35122927b003 
Number of updated asset objects reloaded before import = 0
Number of asset objects unloaded after import = 0
========================================================================
Received Import Request.
  Time of request: 2026-10-02T14:24:19.220109Z
  Time since last request: 0.000296884 seconds.
  importAddress: GUID: 5d83937eb3ca95047b4e0e43aac5e962 - Path: Packages/com.unity.2d.tilemap/Editor/Icons/Tilemap.TilePalette@2x.png - Importer: ScriptedImporter/UnityEditor.QuickSearchModule:UnityEditor.Search:ASIAI0B
Importing 'GUID: 5d83937eb3ca95047b4e0e43aac5e962 - Path: Packages/com.unity.2d.tilemap/Editor/Icons/Tilemap.TilePalette@2x.png - Importer: ScriptedImporter/UnityEditor.QuickSearchModule:UnityEditor.Search:ASIAI0B' with importer (ScriptedImporter : UnityEditor.QuickSearchModule:UnityEditor.Search:ASIAI0B)
Imported 'GUID: 5d83937eb3ca95047b4e0e43aac5e962' -> (Import Result ID: '474b73c7a7d12c4577a830833867331c') in 0.003 seconds [static and dynamic dependencies]. Details - ImportResultOutputID=9c16dbd25a7440e5d198aca46a516f96 DependenciesID=8e1fe3864027384fc840c9e53d1a0e04 StaticDependenciesID=5d6463576701caaddc808425519ccee9 
Number of updated asset objects reloaded before import = 0
Number of asset objects unloaded after import = 3
========================================================================
Received Import Request.
  Time of request: 2026-10-02T14:24:19.229141Z
  Time since last request: 0.0003317 seconds.
  importAddress: GUID: 8f7bde1696e5f8947bda3a63b8f05bfe - Path: Packages/com.unity.2d.tilemap/Editor/UI/TilePaletteMouseCursorUtility.cs - Importer: ScriptedImporter/UnityEditor.QuickSearchModule:UnityEditor.Search:ASIAI0B
Importing 'GUID: 8f7bde1696e5f8947bda3a63b8f05bfe - Path: Packages/com.unity.2d.tilemap/Editor/UI/TilePaletteMouseCursorUtility.cs - Importer: ScriptedImporter/UnityEditor.QuickSearchModule:UnityEditor.Search:ASIAI0B' with importer (ScriptedImporter : UnityEditor.QuickSearchModule:UnityEditor.Search:ASIAI0B)
Imported 'GUID: 8f7bde1696e5f8947bda3a63b8f05bfe' -> (Import Result ID: 'c45b9b6ba8866c260116a127f60e8ebc') in 0.001 seconds [static and dynamic dependencies]. Details - ImportResultOutputID=ea1895bc840304003c08c2909917282b DependenciesID=a4888c7db3aa88db3b84732220a32bf2 StaticDependenciesID=dcecc24d4e96e13756e21424f5e33593 
Number of updated asset objects reloaded before import = 0
Number of asset objects unloaded after import = 0
========================================================================
Received Import Request.
  Time of request: 2026-10-02T14:24:19.236042Z
  Time since last request: 0.000195214 seconds.
  importAddress: GUID: dc99af6ad351838409126a573140507a - Path: Packages/com.unity.2d.tilemap/Editor/UI/TilePaletteElement.cs - Importer: ScriptedImporter/UnityEditor.QuickSearchModule:UnityEditor.Search:ASIAI0B
Importing 'GUID: dc99af6ad351838409126a573140507a - Path: Packages/com.unity.2d.tilemap/Editor/UI/TilePaletteElement.cs - Importer: ScriptedImporter/UnityEditor.QuickSearchModule:UnityEditor.Search:ASIAI0B' with importer (ScriptedImporter : UnityEditor.QuickSearchModule:UnityEditor.Search:ASIAI0B)
Imported 'GUID: dc99af6ad351838409126a573140507a' -> (Import Result ID: '25c862621a84bf8f7163e054b932d714') in 0.001 seconds [static and dynamic dependencies]. Details - ImportResultOutputID=f43f8b99b1902bcd93081f4a82a4bb31 DependenciesID=0e22fb1e0bedbf3277fd1beab9609aed StaticDependenciesID=f1ccc875ef7001105115812a18f6e032 
Number of updated asset objects reloaded before import = 0
Number of asset objects unloaded after import = 0
========================================================================
Received Import Request.
  Time of request: 2026-10-02T14:24:19.242967Z
  Time since last request: 0.000370782 seconds.
  importAddress: GUID: 8ee0058b5fad546478a6e24d435de0b9 - Path: Packages/com.unity.2d.tilemap/Editor/UI/TilePaletteClipboardElement.cs - Importer: ScriptedImporter/UnityEditor.QuickSearchModule:UnityEditor.Search:ASIAI0B
Importing 'GUID: 8ee0058b5fad546478a6e24d435de0b9 - Path: Packages/com.unity.2d.tilemap/Editor/UI/TilePaletteClipboardElement.cs - Importer: ScriptedImporter/UnityEditor.QuickSearchModule:UnityEditor.Search:ASIAI0B' with importer (ScriptedImporter : UnityEditor.QuickSearchModule:UnityEditor.Search:ASIAI0B)
Imported 'GUID: 8ee0058b5fad546478a6e24d435de0b9' -> (Import Result ID: '27ca977369719b2df70014dd0146ccec') in 0.001 seconds [static and dynamic dependencies]. Details - ImportResultOutputID=8751215a3e71f37d6957d3159c86fc17 DependenciesID=9f189ef06ee520592e23492d595db90b StaticDependenciesID=2adb6b24e1e53e3aa08ffc784fb9569b 
Number of updated asset objects reloaded before import = 0
Number of asset objects unloaded after import = 0
========================================================================
Received Import Request.
  Time of request: 2026-10-02T14:24:19.249989Z
  Time since last request: 0.00024436 seconds.
  importAddress: GUID: 406eab0c553a4378b101ebd84abca5e3 - Path: Packages/com.unity.2d.tilemap/Editor/GridTargetBrushSync.cs - Importer: ScriptedImporter/UnityEditor.QuickSearchModule:UnityEditor.Search:ASIAI0B
Importing 'GUID: 406eab0c553a4378b101ebd84abca5e3 - Path: Packages/com.unity.2d.tilemap/Editor/GridTargetBrushSync.cs - Importer: ScriptedImporter/UnityEditor.QuickSearchModule:UnityEditor.Search:ASIAI0B' with importer (ScriptedImporter : UnityEditor.QuickSearchModule:UnityEditor.Search:ASIAI0B)
Imported 'GUID: 406eab0c553a4378b101ebd84abca5e3' -> (Import Result ID: '31d1a50e82a8240ee3d0edab7419bdd9') in 0.001 seconds [static and dynamic dependencies]. Details - ImportResultOutputID=8d641cad21f9a23a59d463ccd9c7fa74 DependenciesID=66674c74be7a8d5cc5e85a622d7e761b StaticDependenciesID=941d327f30abaa538868e6eff39f7665 
Number of updated asset objects reloaded before import = 0
Number of asset objects unloaded after import = 0
========================================================================
Received Import Request.
  Time of request: 2026-10-02T14:24:19.256911Z
  Time since last request: 0.000302079 seconds.
  importAddress: GUID: 6f7eca7d22ec4c948af0f5bb5da7844c - Path: Packages/com.unity.2d.tilemap/Editor/UI/TileSetImporterDragAndDropManipulator.cs - Importer: ScriptedImporter/UnityEditor.QuickSearchModule:UnityEditor.Search:ASIAI0B
Importing 'GUID: 6f7eca7d22ec4c948af0f5bb5da7844c - Path: Packages/com.unity.2d.tilemap/Editor/UI/TileSetImporterDragAndDropManipulator.cs - Importer: ScriptedImporter/UnityEditor.QuickSearchModule:UnityEditor.Search:ASIAI0B' with importer (ScriptedImporter : UnityEditor.QuickSearchModule:UnityEditor.Search:ASIAI0B)
Imported 'GUID: 6f7eca7d22ec4c948af0f5bb5da7844c' -> (Import Result ID: '4f5e2855b9ef4017ce2012239ad5f6e7') in 0.001 seconds [static and dynamic dependencies]. Details - ImportResultOutputID=9481722947ebd0cc5bc2148879d5cf22 DependenciesID=92dd6f258e5e2d7e1f7b1d75fbcfd4c4 StaticDependenciesID=af233b41aff1d247a20198275744da27 
Number of updated asset objects reloaded before import = 0
Number of asset objects unloaded after import = 0
========================================================================
Received Import Request.
  Time of request: 2026-10-02T14:24:19.264115Z
  Time since last request: 0.000311265 seconds.
  importAddress: GUID: ad72aefbbd03ec744b3cf61cf766d320 - Path: Packages/com.unity.2d.tilemap/Editor/Icons/d_Tilemap.ShowGrid.png - Importer: ScriptedImporter/UnityEditor.QuickSearchModule:UnityEditor.Search:ASIAI0B
Importing 'GUID: ad72aefbbd03ec744b3cf61cf766d320 - Path: Packages/com.unity.2d.tilemap/Editor/Icons/d_Tilemap.ShowGrid.png - Importer: ScriptedImporter/UnityEditor.QuickSearchModule:UnityEditor.Search:ASIAI0B' with importer (ScriptedImporter : UnityEditor.QuickSearchModule:UnityEditor.Search:ASIAI0B)
Imported 'GUID: ad72aefbbd03ec744b3cf61cf766d320' -> (Import Result ID: '6dcc6d44d6d48118dda1986a914e9857') in 0.003 seconds [static and dynamic dependencies]. Details - ImportResultOutputID=10a415801c7d0ad0a29b72655fdf84b6 DependenciesID=7eb4271e71bfdebe109d7e18ffbec63d StaticDependenciesID=96fabbfb1c769bd30afb055288794333 
Number of updated asset objects reloaded before import = 0
Number of asset objects unloaded after import = 3
========================================================================
Received Import Request.
  Time of request: 2026-10-02T14:24:19.273623Z
  Time since last request: 0.000333386 seconds.
  importAddress: GUID: cdccb0d77f2e841e1bc2c5f367d4df33 - Path: Packages/com.unity.2d.tilemap/Editor/Icons/EditorUI.Filter.png - Importer: ScriptedImporter/UnityEditor.QuickSearchModule:UnityEditor.Search:ASIAI0B
Importing 'GUID: cdccb0d77f2e841e1bc2c5f367d4df33 - Path: Packages/com.unity.2d.tilemap/Editor/Icons/EditorUI.Filter.png - Importer: ScriptedImporter/UnityEditor.QuickSearchModule:UnityEditor.Search:ASIAI0B' with importer (ScriptedImporter : UnityEditor.QuickSearchModule:UnityEditor.Search:ASIAI0B)
Imported 'GUID: cdccb0d77f2e841e1bc2c5f367d4df33' -> (Import Result ID: 'a75ba4c0c147391415f907d96d3e155d') in 0.005 seconds [static and dynamic dependencies]. Details - ImportResultOutputID=dc596a8c74c268578137cedd480913c0 DependenciesID=9d16b5edf7c8144cc46fa7ac90cf6ab1 StaticDependenciesID=90cdd983b83e2d4195c7aead0b6ff3fa 
Number of updated asset objects reloaded before import = 0
Number of asset objects unloaded after import = 3
========================================================================
Received Import Request.
  Time of request: 2026-10-02T14:24:19.285102Z
  Time since last request: 0.000582594 seconds.
  importAddress: GUID: 6ccf4234805f2d049a6869c33213ff65 - Path: Packages/com.unity.2d.tilemap/Editor/Icons/Tilemap.DefaultBrush@4x.png - Importer: ScriptedImporter/UnityEditor.QuickSearchModule:UnityEditor.Search:ASIAI0B
Importing 'GUID: 6ccf4234805f2d049a6869c33213ff65 - Path: Packages/com.unity.2d.tilemap/Editor/Icons/Tilemap.DefaultBrush@4x.png - Importer: ScriptedImporter/UnityEditor.QuickSearchModule:UnityEditor.Search:ASIAI0B' with importer (ScriptedImporter : UnityEditor.QuickSearchModule:UnityEditor.Search:ASIAI0B)
Imported 'GUID: 6ccf4234805f2d049a6869c33213ff65' -> (Import Result ID: 'e15c94abbfcf169ce81544859275ca1e') in 0.003 seconds [static and dynamic dependencies]. Details - ImportResultOutputID=0ea5f8cfbe7a29294225816766ce4db2 DependenciesID=1f746d7bfdedae4c94b0bac89a1129c4 StaticDependenciesID=4450ae93c60f5083b6b07efe031e63f6 
Number of updated asset objects reloaded before import = 0
Number of asset objects unloaded after import = 3
========================================================================
Received Import Request.
  Time of request: 2026-10-02T14:24:19.294362Z
  Time since last request: 0.000480206 seconds.
  importAddress: GUID: b294a6b01c40240e1b1677cd56223441 - Path: Packages/com.unity.2d.tilemap/Editor/ObjectCreationMenu - Importer: ScriptedImporter/UnityEditor.QuickSearchModule:UnityEditor.Search:ASIAI0B
Importing 'GUID: b294a6b01c40240e1b1677cd56223441 - Path: Packages/com.unity.2d.tilemap/Editor/ObjectCreationMenu - Importer: ScriptedImporter/UnityEditor.QuickSearchModule:UnityEditor.Search:ASIAI0B' with importer (ScriptedImporter : UnityEditor.QuickSearchModule:UnityEditor.Search:ASIAI0B)
Imported 'GUID: b294a6b01c40240e1b1677cd56223441' -> (Import Result ID: '873ee41c5c3a2c2a0a16682468e5ee93') in 0.001 seconds [static and dynamic dependencies]. Details - ImportResultOutputID=70d89b3c27d3ca8bbbf9e95590d06c9f DependenciesID=a2ee2ac5477d54fcf51020cecd2860b0 StaticDependenciesID=42957b8fc59379d450ba20f68e1b3371 
Number of updated asset objects reloaded before import = 0
Number of asset objects unloaded after import = 1
========================================================================
Received Import Request.
  Time of request: 2026-10-02T14:24:19.301552Z
  Time since last request: 0.000451175 seconds.
  importAddress: GUID: d9f2fab9e420f684dbbaeab1107debb6 - Path: Packages/com.unity.2d.tilemap/Editor/EditorTools/TilemapEditorToolPreferences.cs - Importer: ScriptedImporter/UnityEditor.QuickSearchModule:UnityEditor.Search:ASIAI0B
Importing 'GUID: d9f2fab9e420f684dbbaeab1107debb6 - Path: Packages/com.unity.2d.tilemap/Editor/EditorTools/TilemapEditorToolPreferences.cs - Importer: ScriptedImporter/UnityEditor.QuickSearchModule:UnityEditor.Search:ASIAI0B' with importer (ScriptedImporter : UnityEditor.QuickSearchModule:UnityEditor.Search:ASIAI0B)
Imported 'GUID: d9f2fab9e420f684dbbaeab1107debb6' -> (Import Result ID: '69628bd34ff271a452f8c203bc6c1350') in 0.001 seconds [static and dynamic dependencies]. Details - ImportResultOutputID=a144913e05d24ed2e6dc33a278fa7582 DependenciesID=35f3554341be03e9c571ba54a554ed3d StaticDependenciesID=b9b5c7acc0f9266cbbffb68cfedd9609 
Number of updated asset objects reloaded before import = 0
Number of asset objects unloaded after import = 0
========================================================================
Received Import Request.
  Time of request: 2026-10-02T14:24:19.308896Z
  Time since last request: 0.000270333 seconds.
  importAddress: GUID: a605ef4315d43d6438e211f589d2df38 - Path: Packages/com.unity.2d.tilemap/Editor/Icons/Tilemap.TilePalette.png - Importer: ScriptedImporter/UnityEditor.QuickSearchModule:UnityEditor.Search:ASIAI0B
Importing 'GUID: a605ef4315d43d6438e211f589d2df38 - Path: Packages/com.unity.2d.tilemap/Editor/Icons/Tilemap.TilePalette.png - Importer: ScriptedImporter/UnityEditor.QuickSearchModule:UnityEditor.Search:ASIAI0B' with importer (ScriptedImporter : UnityEditor.QuickSearchModule:UnityEditor.Search:ASIAI0B)
Imported 'GUID: a605ef4315d43d6438e211f589d2df38' -> (Import Result ID: 'a2b4be5e1bc9e41f818bdc0388199c62') in 0.003 seconds [static and dynamic dependencies]. Details - ImportResultOutputID=feca7de472a2cf823c73abe0e1b0e6c8 DependenciesID=9968796559a0f389ede0b1f6665490c1 StaticDependenciesID=8219eac18455517dddd14c34fcd20938 
Number of updated asset objects reloaded before import = 0
Number of asset objects unloaded after import = 3
========================================================================
Received Import Request.
  Time of request: 2026-10-02T14:24:19.317932Z
  Time since last request: 0.000195319 seconds.
  importAddress: GUID: 929e44994130ee644ac47965b289aec4 - Path: Packages/com.unity.2d.tilemap/Editor/Icons/Tilemap.FocusGrid@2x.png - Importer: ScriptedImporter/UnityEditor.QuickSearchModule:UnityEditor.Search:ASIAI0B
Importing 'GUID: 929e44994130ee644ac47965b289aec4 - Path: Packages/com.unity.2d.tilemap/Editor/Icons/Tilemap.FocusGrid@2x.png - Importer: ScriptedImporter/UnityEditor.QuickSearchModule:UnityEditor.Search:ASIAI0B' with importer (ScriptedImporter : UnityEditor.QuickSearchModule:UnityEditor.Search:ASIAI0B)
Imported 'GUID: 929e44994130ee644ac47965b289aec4' -> (Import Result ID: '3f565038ae84c22de567e6e78c6c85eb') in 0.003 seconds [static and dynamic dependencies]. Details - ImportResultOutputID=1220c5cd68940d5b8cbbf0b1b243c94e DependenciesID=39f6331c399883fe59a2fc705b8d99b8 StaticDependenciesID=e847a284c48a79a068f66e9b5cfdd06f 
Number of updated asset objects reloaded before import = 0
Number of asset objects unloaded after import = 3
========================================================================
Received Import Request.
  Time of request: 2026-10-02T14:24:19.327374Z
  Time since last request: 0.000326129 seconds.
  importAddress: GUID: d5e72ab52355f594fb3b3ba0deba9b4a - Path: Packages/com.unity.2d.tilemap/Editor/Icons/Tilemap.BrushPicks.png - Importer: ScriptedImporter/UnityEditor.QuickSearchModule:UnityEditor.Search:ASIAI0B
Importing 'GUID: d5e72ab52355f594fb3b3ba0deba9b4a - Path: Packages/com.unity.2d.tilemap/Editor/Icons/Tilemap.BrushPicks.png - Importer: ScriptedImporter/UnityEditor.QuickSearchModule:UnityEditor.Search:ASIAI0B' with importer (ScriptedImporter : UnityEditor.QuickSearchModule:UnityEditor.Search:ASIAI0B)
Imported 'GUID: d5e72ab52355f594fb3b3ba0deba9b4a' -> (Import Result ID: '8aff80577e52a460b418e313470a2016') in 0.004 seconds [static and dynamic dependencies]. Details - ImportResultOutputID=55366afebe306a3a48b8690921a8902d DependenciesID=9b7464bf5662e7b6c35dba067cfcb824 StaticDependenciesID=020e55e681b47cf626a3466f5a0d6e2b 
Number of updated asset objects reloaded before import = 0
Number of asset objects unloaded after import = 3
========================================================================
Received Import Request.
  Time of request: 2026-10-02T14:24:19.338003Z
  Time since last request: 0.000241266 seconds.
  importAddress: GUID: e272669ad3c0d124e900b8216b156eb2 - Path: Packages/com.unity.2d.tilemap/Editor/TileSet - Importer: ScriptedImporter/UnityEditor.QuickSearchModule:UnityEditor.Search:ASIAI0B
Importing 'GUID: e272669ad3c0d124e900b8216b156eb2 - Path: Packages/com.unity.2d.tilemap/Editor/TileSet - Importer: ScriptedImporter/UnityEditor.QuickSearchModule:UnityEditor.Search:ASIAI0B' with importer (ScriptedImporter : UnityEditor.QuickSearchModule:UnityEditor.Search:ASIAI0B)
Imported 'GUID: e272669ad3c0d124e900b8216b156eb2' -> (Import Result ID: 'f9752fc97fe9020a907da35e28afc6f8') in 0.001 seconds [static and dynamic dependencies]. Details - ImportResultOutputID=00a7e44d8528d6ad8fc19fdf438194b3 DependenciesID=a1882cb35c0619116fd534c3d1445936 StaticDependenciesID=f109cd5b526dccd832fdc67235807bda 
Number of updated asset objects reloaded before import = 0
Number of asset objects unloaded after import = 1
========================================================================
Received Import Request.
  Time of request: 2026-10-02T14:24:19.346362Z
  Time since last request: 0.000488062 seconds.
  importAddress: GUID: baab1bab0820d0942bb79c6da94b1688 - Path: Packages/com.unity.2d.tilemap/Editor/Icons/Grid.FlipY@2x.png - Importer: ScriptedImporter/UnityEditor.QuickSearchModule:UnityEditor.Search:ASIAI0B
Importing 'GUID: baab1bab0820d0942bb79c6da94b1688 - Path: Packages/com.unity.2d.tilemap/Editor/Icons/Grid.FlipY@2x.png - Importer: ScriptedImporter/UnityEditor.QuickSearchModule:UnityEditor.Search:ASIAI0B' with importer (ScriptedImporter : UnityEditor.QuickSearchModule:UnityEditor.Search:ASIAI0B)
Imported 'GUID: baab1bab0820d0942bb79c6da94b1688' -> (Import Result ID: 'c6ab83c2f12b73093af5e7067100d55f') in 0.003 seconds [static and dynamic dependencies]. Details - ImportResultOutputID=b10d5ba59135cae4fd330b7b4cd8da9c DependenciesID=4c88d2385004acd5744ff061fffbd7f6 StaticDependenciesID=dadcb332cb744f6fda892917e9b0f2ed 
Number of updated asset objects reloaded before import = 0
Number of asset objects unloaded after import = 3
========================================================================
Received Import Request.
  Time of request: 2026-10-02T14:24:19.355353Z
  Time since last request: 0.000236235 seconds.
  importAddress: GUID: 6fcb7dc175a14a4eb2348f2d5e002dd6 - Path: Packages/com.unity.2d.tilemap/Editor/GridBrushPickStoreSettings.cs - Importer: ScriptedImporter/UnityEditor.QuickSearchModule:UnityEditor.Search:ASIAI0B
Importing 'GUID: 6fcb7dc175a14a4eb2348f2d5e002dd6 - Path: Packages/com.unity.2d.tilemap/Editor/GridBrushPickStoreSettings.cs - Importer: ScriptedImporter/UnityEditor.QuickSearchModule:UnityEditor.Search:ASIAI0B' with importer (ScriptedImporter : UnityEditor.QuickSearchModule:UnityEditor.Search:ASIAI0B)
Imported 'GUID: 6fcb7dc175a14a4eb2348f2d5e002dd6' -> (Import Result ID: '7ddc468e351399094790a620b6e267d6') in 0.001 seconds [static and dynamic dependencies]. Details - ImportResultOutputID=f33e1aa9e2de11a73d6479634cd277d7 DependenciesID=e051cc99a5a11e5187d94e5c4308a86e StaticDependenciesID=7b32b7ef2c825de2beeceae6ad5bfbd8 
Number of updated asset objects reloaded before import = 0
Number of asset objects unloaded after import = 0
========================================================================
Received Import Request.
  Time of request: 2026-10-02T14:24:19.362953Z
  Time since last request: 0.000391751 seconds.
  importAddress: GUID: ea7e55ba5de304f4496c0a6f9114405c - Path: Packages/com.unity.2d.tilemap/CHANGELOG.md - Importer: ScriptedImporter/UnityEditor.QuickSearchModule:UnityEditor.Search:ASIAI0B
Importing 'GUID: ea7e55ba5de304f4496c0a6f9114405c - Path: Packages/com.unity.2d.tilemap/CHANGELOG.md - Importer: ScriptedImporter/UnityEditor.QuickSearchModule:UnityEditor.Search:ASIAI0B' with importer (ScriptedImporter : UnityEditor.QuickSearchModule:UnityEditor.Search:ASIAI0B)
Imported 'GUID: ea7e55ba5de304f4496c0a6f9114405c' -> (Import Result ID: '45f47b83e82b1c2787ac2f3895b47ba2') in 0.001 seconds [static and dynamic dependencies]. Details - ImportResultOutputID=095ff3f0cf55111642dc916fc27b4988 DependenciesID=09424f2cf6f2909d1a3c91c4c35af8fe StaticDependenciesID=ea9a9799c55330f56f85df073eb4faa1 
Number of updated asset objects reloaded before import = 0
Number of asset objects unloaded after import = 1
========================================================================
Received Import Request.
  Time of request: 2026-10-02T14:24:19.370737Z
  Time since last request: 0.000378045 seconds.
  importAddress: GUID: 2d8829bed74ac1940856f77a49d02bfb - Path: Packages/com.unity.2d.tilemap/Editor/Icons/d_Tilemap.ShowTilePalette@4x.png - Importer: ScriptedImporter/UnityEditor.QuickSearchModule:UnityEditor.Search:ASIAI0B
Importing 'GUID: 2d8829bed74ac1940856f77a49d02bfb - Path: Packages/com.unity.2d.tilemap/Editor/Icons/d_Tilemap.ShowTilePalette@4x.png - Importer: ScriptedImporter/UnityEditor.QuickSearchModule:UnityEditor.Search:ASIAI0B' with importer (ScriptedImporter : UnityEditor.QuickSearchModule:UnityEditor.Search:ASIAI0B)
Imported 'GUID: 2d8829bed74ac1940856f77a49d02bfb' -> (Import Result ID: '6902a097d86ed9dcebb2973a304acd8b') in 0.003 seconds [static and dynamic dependencies]. Details - ImportResultOutputID=6090e06b1d5752efe1fea5f9376efdee DependenciesID=2bbfa20899bfd6e3e08f38eb7b768ce4 StaticDependenciesID=c115bc5c8526a05f9e1b8eb5d460a19d 
Number of updated asset objects reloaded before import = 0
Number of asset objects unloaded after import = 3
========================================================================
Received Import Request.
  Time of request: 2026-10-02T14:24:19.380953Z
  Time since last request: 0.000294209 seconds.
  importAddress: GUID: 598707f5ba035484c94b0cf6452ab5ba - Path: Packages/com.unity.2d.tilemap/Editor/UI/GridPaintPaletteWindowActiveTargets.cs - Importer: ScriptedImporter/UnityEditor.QuickSearchModule:UnityEditor.Search:ASIAI0B
Importing 'GUID: 598707f5ba035484c94b0cf6452ab5ba - Path: Packages/com.unity.2d.tilemap/Editor/UI/GridPaintPaletteWindowActiveTargets.cs - Importer: ScriptedImporter/UnityEditor.QuickSearchModule:UnityEditor.Search:ASIAI0B' with importer (ScriptedImporter : UnityEditor.QuickSearchModule:UnityEditor.Search:ASIAI0B)
Imported 'GUID: 598707f5ba035484c94b0cf6452ab5ba' -> (Import Result ID: 'a2e384158c7aa38c896ad9fc173a8c96') in 0.001 seconds [static and dynamic dependencies]. Details - ImportResultOutputID=df92ee85d5cafeaa0e5bcf2b2890c319 DependenciesID=f833dd7079369ae2882f51ba5a2c6ed0 StaticDependenciesID=1ecfefadc500a12b16f44a1ed787bf45 
Number of updated asset objects reloaded before import = 0
Number of asset objects unloaded after import = 0
========================================================================
Received Import Request.
  Time of request: 2026-10-02T14:24:19.38837Z
  Time since last request: 0.000220234 seconds.
  importAddress: GUID: 33af26bf23234fa5bd708d0441d6dcef - Path: Packages/com.unity.2d.tilemap/Editor/UI/TilePaletteClipboardErrorElement.cs - Importer: ScriptedImporter/UnityEditor.QuickSearchModule:UnityEditor.Search:ASIAI0B
Importing 'GUID: 33af26bf23234fa5bd708d0441d6dcef - Path: Packages/com.unity.2d.tilemap/Editor/UI/TilePaletteClipboardErrorElement.cs - Importer: ScriptedImporter/UnityEditor.QuickSearchModule:UnityEditor.Search:ASIAI0B' with importer (ScriptedImporter : UnityEditor.QuickSearchModule:UnityEditor.Search:ASIAI0B)
Imported 'GUID: 33af26bf23234fa5bd708d0441d6dcef' -> (Import Result ID: 'a887413e51fd63d421182254146337cd') in 0.001 seconds [static and dynamic dependencies]. Details - ImportResultOutputID=43bb21e8b9249aa1c93b910129e507f7 DependenciesID=29d07fb931ee4e8336f4a6df5b9270fb StaticDependenciesID=64931ac28ec842d6e66d3d548c3adbff 
Number of updated asset objects reloaded before import = 0
Number of asset objects unloaded after import = 0
========================================================================
Received Import Request.
  Time of request: 2026-10-02T14:24:19.395861Z
  Time since last request: 0.000221712 seconds.
  importAddress: GUID: 6b803590767dfec46b45907b7429debb - Path: Packages/com.unity.2d.tilemap/Editor/UI/TilePaletteActivePalettePopup.cs - Importer: ScriptedImporter/UnityEditor.QuickSearchModule:UnityEditor.Search:ASIAI0B
Importing 'GUID: 6b803590767dfec46b45907b7429debb - Path: Packages/com.unity.2d.tilemap/Editor/UI/TilePaletteActivePalettePopup.cs - Importer: ScriptedImporter/UnityEditor.QuickSearchModule:UnityEditor.Search:ASIAI0B' with importer (ScriptedImporter : UnityEditor.QuickSearchModule:UnityEditor.Search:ASIAI0B)
Imported 'GUID: 6b803590767dfec46b45907b7429debb' -> (Import Result ID: 'c207bdf2005cbd1b1bc9326e86086f83') in 0.001 seconds [static and dynamic dependencies]. Details - ImportResultOutputID=27d48e4763f9b969f10e4c1aa6f4fba9 DependenciesID=3f550132ff3d2100f2a95ee3051bf99f StaticDependenciesID=543c3e61bcc4ef9b37eeb709d19ec568 
Number of updated asset objects reloaded before import = 0
Number of asset objects unloaded after import = 0
========================================================================
Received Import Request.
  Time of request: 2026-10-02T14:24:19.403692Z
  Time since last request: 0.000465775 seconds.
  importAddress: GUID: ba6dc9e2bb114aa46a392528f10c13d0 - Path: Packages/com.unity.2d.tilemap/Editor/Icons/d_Tilemap..BrushPicks@4x.png - Importer: ScriptedImporter/UnityEditor.QuickSearchModule:UnityEditor.Search:ASIAI0B
Importing 'GUID: ba6dc9e2bb114aa46a392528f10c13d0 - Path: Packages/com.unity.2d.tilemap/Editor/Icons/d_Tilemap..BrushPicks@4x.png - Importer: ScriptedImporter/UnityEditor.QuickSearchModule:UnityEditor.Search:ASIAI0B' with importer (ScriptedImporter : UnityEditor.QuickSearchModule:UnityEditor.Search:ASIAI0B)
Imported 'GUID: ba6dc9e2bb114aa46a392528f10c13d0' -> (Import Result ID: '7428dfc36afe89ed8f7290dccf740133') in 0.003 seconds [static and dynamic dependencies]. Details - ImportResultOutputID=6da465b9eb28b9d6178040b07c6a5479 DependenciesID=11710fd4fc4b058a172b27ec7e1314dc StaticDependenciesID=7651b0c14a4e9d23911f8f7c828ff48a 
Number of updated asset objects reloaded before import = 0
Number of asset objects unloaded after import = 3
========================================================================
Received Import Request.
  Time of request: 2026-10-02T14:24:19.413934Z
  Time since last request: 0.000348634 seconds.
  importAddress: GUID: a60e09d7c2452be4c824d4eb480c91c7 - Path: Packages/com.unity.2d.tilemap/Editor/Icons/GridSelection.png - Importer: ScriptedImporter/UnityEditor.QuickSearchModule:UnityEditor.Search:ASIAI0B
Importing 'GUID: a60e09d7c2452be4c824d4eb480c91c7 - Path: Packages/com.unity.2d.tilemap/Editor/Icons/GridSelection.png - Importer: ScriptedImporter/UnityEditor.QuickSearchModule:UnityEditor.Search:ASIAI0B' with importer (ScriptedImporter : UnityEditor.QuickSearchModule:UnityEditor.Search:ASIAI0B)
Imported 'GUID: a60e09d7c2452be4c824d4eb480c91c7' -> (Import Result ID: 'b335e0599c65ddf84f4a9be570e9909f') in 0.003 seconds [static and dynamic dependencies]. Details - ImportResultOutputID=f2e5edfb7575e656cdad68bebdd856cc DependenciesID=863c15a3376bf53b57ead5b62f45bc58 StaticDependenciesID=f0f8a10078afe6d22f72d1a8a93876e0 
Number of updated asset objects reloaded before import = 0
Number of asset objects unloaded after import = 1
========================================================================
Received Import Request.
  Time of request: 2026-10-02T14:24:19.42311Z
  Time since last request: 0.000333007 seconds.
  importAddress: GUID: 03d93c388f90a6248983677a29c72b38 - Path: Packages/com.unity.2d.tilemap/Editor/Icons/d_Tilemap.BrushSettings@2x.png - Importer: ScriptedImporter/UnityEditor.QuickSearchModule:UnityEditor.Search:ASIAI0B
Importing 'GUID: 03d93c388f90a6248983677a29c72b38 - Path: Packages/com.unity.2d.tilemap/Editor/Icons/d_Tilemap.BrushSettings@2x.png - Importer: ScriptedImporter/UnityEditor.QuickSearchModule:UnityEditor.Search:ASIAI0B' with importer (ScriptedImporter : UnityEditor.QuickSearchModule:UnityEditor.Search:ASIAI0B)
Imported 'GUID: 03d93c388f90a6248983677a29c72b38' -> (Import Result ID: 'ba5f83e2dc67ab04e48dec9098014d50') in 0.004 seconds [static and dynamic dependencies]. Details - ImportResultOutputID=915b0210011a4e75aaf1e592e2b7912f DependenciesID=29a87c073e799c4c36bc35edef3b5d4c StaticDependenciesID=bd8d5999c3c1fe0ea045679fc9846aac 
Number of updated asset objects reloaded before import = 0
Number of asset objects unloaded after import = 3
========================================================================
Received Import Request.
  Time of request: 2026-10-02T14:24:19.433631Z
  Time since last request: 0.000215482 seconds.
  importAddress: GUID: 2ee807d25a754c00a9978861b03e5171 - Path: Packages/com.unity.2d.tilemap/Editor/GridBrushEditorPreferences.cs - Importer: ScriptedImporter/UnityEditor.QuickSearchModule:UnityEditor.Search:ASIAI0B
Importing 'GUID: 2ee807d25a754c00a9978861b03e5171 - Path: Packages/com.unity.2d.tilemap/Editor/GridBrushEditorPreferences.cs - Importer: ScriptedImporter/UnityEditor.QuickSearchModule:UnityEditor.Search:ASIAI0B' with importer (ScriptedImporter : UnityEditor.QuickSearchModule:UnityEditor.Search:ASIAI0B)
Imported 'GUID: 2ee807d25a754c00a9978861b03e5171' -> (Import Result ID: '21ebb9cc4995d24098e58d7cda3ed31e') in 0.001 seconds [static and dynamic dependencies]. Details - ImportResultOutputID=352c9f7a27307d33a0b9b2e3f6b5d36e DependenciesID=52674834020269d6525663e099423ff4 StaticDependenciesID=9c44556beb2ad10416530cbea398badb 
Number of updated asset objects reloaded before import = 0
Number of asset objects unloaded after import = 0
========================================================================
Received Import Request.
  Time of request: 2026-10-02T14:24:19.441491Z
  Time since last request: 0.000535298 seconds.
  importAddress: GUID: fdeb3f88d08262349a273cebdd343d57 - Path: Packages/com.unity.2d.tilemap/Editor/TileSet/TileSetImporter.cs - Importer: ScriptedImporter/UnityEditor.QuickSearchModule:UnityEditor.Search:ASIAI0B
Importing 'GUID: fdeb3f88d08262349a273cebdd343d57 - Path: Packages/com.unity.2d.tilemap/Editor/TileSet/TileSetImporter.cs - Importer: ScriptedImporter/UnityEditor.QuickSearchModule:UnityEditor.Search:ASIAI0B' with importer (ScriptedImporter : UnityEditor.QuickSearchModule:UnityEditor.Search:ASIAI0B)
Imported 'GUID: fdeb3f88d08262349a273cebdd343d57' -> (Import Result ID: '63d93aeb0452e822c9cd7042692892d4') in 0.001 seconds [static and dynamic dependencies]. Details - ImportResultOutputID=116fb424c4cfa50866108667cae4ae80 DependenciesID=9d57845cad1a6bfc4c859cfcd893a54a StaticDependenciesID=5862243f0846f1b0dd1f13dd2aa81520 
Number of updated asset objects reloaded before import = 0
Number of asset objects unloaded after import = 0
========================================================================
Received Import Request.
  Time of request: 2026-10-02T14:24:19.448777Z
  Time since last request: 0.000275591 seconds.
  importAddress: GUID: 82f78c36add1c2c4795c911a7abfb93e - Path: Packages/com.unity.2d.tilemap/Editor/Icons/d_Tilemap.ActiveTargetLayers@4x.png - Importer: ScriptedImporter/UnityEditor.QuickSearchModule:UnityEditor.Search:ASIAI0B
Importing 'GUID: 82f78c36add1c2c4795c911a7abfb93e - Path: Packages/com.unity.2d.tilemap/Editor/Icons/d_Tilemap.ActiveTargetLayers@4x.png - Importer: ScriptedImporter/UnityEditor.QuickSearchModule:UnityEditor.Search:ASIAI0B' with importer (ScriptedImporter : UnityEditor.QuickSearchModule:UnityEditor.Search:ASIAI0B)
Imported 'GUID: 82f78c36add1c2c4795c911a7abfb93e' -> (Import Result ID: '4bb1af4c2994593652460582eac666d0') in 0.003 seconds [static and dynamic dependencies]. Details - ImportResultOutputID=598850cbb19b6726b38eebdd442ccf6f DependenciesID=2c7c90ea57b6eba374f576960692a190 StaticDependenciesID=fd8966d37ef5d58aeefc80022f750bbb 
Number of updated asset objects reloaded before import = 0
Number of asset objects unloaded after import = 3
========================================================================
Received Import Request.
  Time of request: 2026-10-02T14:24:19.45882Z
  Time since last request: 0.000247274 seconds.
  importAddress: GUID: ce02df96e1ca9482a8de0ec251e9d4e4 - Path: Packages/com.unity.2d.tilemap/Editor/Icons/d_Tilemap.CustomBrush@2x.png - Importer: ScriptedImporter/UnityEditor.QuickSearchModule:UnityEditor.Search:ASIAI0B
Importing 'GUID: ce02df96e1ca9482a8de0ec251e9d4e4 - Path: Packages/com.unity.2d.tilemap/Editor/Icons/d_Tilemap.CustomBrush@2x.png - Importer: ScriptedImporter/UnityEditor.QuickSearchModule:UnityEditor.Search:ASIAI0B' with importer (ScriptedImporter : UnityEditor.QuickSearchModule:UnityEditor.Search:ASIAI0B)
Imported 'GUID: ce02df96e1ca9482a8de0ec251e9d4e4' -> (Import Result ID: 'b18f37201e90d8e44744a7e2f78c97bc') in 0.003 seconds [static and dynamic dependencies]. Details - ImportResultOutputID=f07eb42d8be61a3fb1b14d9bd217b9fe DependenciesID=649e156aeaa7e8ddc45ec8b955160de3 StaticDependenciesID=3dec54d122b974de3f06deb597dfa2bd 
Number of updated asset objects reloaded before import = 0
Number of asset objects unloaded after import = 3
========================================================================
Received Import Request.
  Time of request: 2026-10-02T14:24:19.467488Z
  Time since last request: 0.000220418 seconds.
  importAddress: GUID: 5d7bcc2a88de4de0857df0af4a704e19 - Path: Packages/com.unity.2d.tilemap/Editor/UI/TilePaletteBrushPickElement.cs - Importer: ScriptedImporter/UnityEditor.QuickSearchModule:UnityEditor.Search:ASIAI0B
Importing 'GUID: 5d7bcc2a88de4de0857df0af4a704e19 - Path: Packages/com.unity.2d.tilemap/Editor/UI/TilePaletteBrushPickElement.cs - Importer: ScriptedImporter/UnityEditor.QuickSearchModule:UnityEditor.Search:ASIAI0B' with importer (ScriptedImporter : UnityEditor.QuickSearchModule:UnityEditor.Search:ASIAI0B)
Imported 'GUID: 5d7bcc2a88de4de0857df0af4a704e19' -> (Import Result ID: 'eccb1fe28f66d5d6a949d7c5d9612299') in 0.001 seconds [static and dynamic dependencies]. Details - ImportResultOutputID=fdf419b4a57abb345e8833f34e5d9d26 DependenciesID=e520fdcb07ccbda9c88aff65acc0a4ac StaticDependenciesID=8b3a342e69a8b4b362f34b5f1990ccab 
Number of updated asset objects reloaded before import = 0
Number of asset objects unloaded after import = 0
========================================================================
Received Import Request.
  Time of request: 2026-10-02T14:24:19.474662Z
  Time since last request: 0.000283573 seconds.
  importAddress: GUID: d9f2d0aff557fba4cb316f849b0ccdd1 - Path: Packages/com.unity.2d.tilemap/Editor/Icons/d_Tilemap.BrushSettings@4x.png - Importer: ScriptedImporter/UnityEditor.QuickSearchModule:UnityEditor.Search:ASIAI0B
Importing 'GUID: d9f2d0aff557fba4cb316f849b0ccdd1 - Path: Packages/com.unity.2d.tilemap/Editor/Icons/d_Tilemap.BrushSettings@4x.png - Importer: ScriptedImporter/UnityEditor.QuickSearchModule:UnityEditor.Search:ASIAI0B' with importer (ScriptedImporter : UnityEditor.QuickSearchModule:UnityEditor.Search:ASIAI0B)
Imported 'GUID: d9f2d0aff557fba4cb316f849b0ccdd1' -> (Import Result ID: 'ce6ee979202e6abed66808aaaa54348d') in 0.003 seconds [static and dynamic dependencies]. Details - ImportResultOutputID=241747de75073b0bac19de274ac49b1f DependenciesID=f5e3a8c72060658c1baf2132cc6818e3 StaticDependenciesID=6b2ea045670fe37282c39459a9b848c2 
Number of updated asset objects reloaded before import = 0
Number of asset objects unloaded after import = 3
========================================================================
Received Import Request.
  Time of request: 2026-10-02T14:24:19.483074Z
  Time since last request: 0.000282531 seconds.
  importAddress: GUID: a16432554ffe69042985d012d1df2637 - Path: Packages/com.unity.2d.tilemap/Editor/Icons/d_Tilemap.TilePalette.png - Importer: ScriptedImporter/UnityEditor.QuickSearchModule:UnityEditor.Search:ASIAI0B
Importing 'GUID: a16432554ffe69042985d012d1df2637 - Path: Packages/com.unity.2d.tilemap/Editor/Icons/d_Tilemap.TilePalette.png - Importer: ScriptedImporter/UnityEditor.QuickSearchModule:UnityEditor.Search:ASIAI0B' with importer (ScriptedImporter : UnityEditor.QuickSearchModule:UnityEditor.Search:ASIAI0B)
Imported 'GUID: a16432554ffe69042985d012d1df2637' -> (Import Result ID: 'd2f914aac1a068ebc2e227b617be2087') in 0.003 seconds [static and dynamic dependencies]. Details - ImportResultOutputID=63138bc9843ef9c7328370b566666245 DependenciesID=990bbde65270e04689fa4e398de10c39 StaticDependenciesID=097aadf413f1927e0013d396e25d6a73 
Number of updated asset objects reloaded before import = 0
Number of asset objects unloaded after import = 3
========================================================================
Received Import Request.
  Time of request: 2026-10-02T14:24:19.491328Z
  Time since last request: 0.000332918 seconds.
  importAddress: GUID: af1e44f72ff2436c93634dc6cba0ed8e - Path: Packages/com.unity.2d.tilemap/Editor/EditorTools/RotateTool.cs - Importer: ScriptedImporter/UnityEditor.QuickSearchModule:UnityEditor.Search:ASIAI0B
Importing 'GUID: af1e44f72ff2436c93634dc6cba0ed8e - Path: Packages/com.unity.2d.tilemap/Editor/EditorTools/RotateTool.cs - Importer: ScriptedImporter/UnityEditor.QuickSearchModule:UnityEditor.Search:ASIAI0B' with importer (ScriptedImporter : UnityEditor.QuickSearchModule:UnityEditor.Search:ASIAI0B)
Imported 'GUID: af1e44f72ff2436c93634dc6cba0ed8e' -> (Import Result ID: '99da57d6895b6f6eb35667adcd8c3062') in 0.001 seconds [static and dynamic dependencies]. Details - ImportResultOutputID=a2209e153800d97acaadf547969c386b DependenciesID=18b212d963ceb89e942f3da70feba79d StaticDependenciesID=fe9ceeb7b23d009c0fbaa8e8a8c84ba6 
Number of updated asset objects reloaded before import = 0
Number of asset objects unloaded after import = 0
========================================================================
Received Import Request.
  Time of request: 2026-10-02T14:24:19.498648Z
  Time since last request: 0.000645626 seconds.
  importAddress: GUID: 4e2a3d7e5b5b01843a978d90f553b672 - Path: Packages/com.unity.2d.tilemap/Editor/Icons/d_Tilemap.BrushPicks@2x.png - Importer: ScriptedImporter/UnityEditor.QuickSearchModule:UnityEditor.Search:ASIAI0B
Importing 'GUID: 4e2a3d7e5b5b01843a978d90f553b672 - Path: Packages/com.unity.2d.tilemap/Editor/Icons/d_Tilemap.BrushPicks@2x.png - Importer: ScriptedImporter/UnityEditor.QuickSearchModule:UnityEditor.Search:ASIAI0B' with importer (ScriptedImporter : UnityEditor.QuickSearchModule:UnityEditor.Search:ASIAI0B)
Imported 'GUID: 4e2a3d7e5b5b01843a978d90f553b672' -> (Import Result ID: '2dfeecda95b8ce2f054f015b079053f7') in 0.005 seconds [static and dynamic dependencies]. Details - ImportResultOutputID=a59327f3cc342441b7746c861501de34 DependenciesID=0db2f9d00de984244859bf2b51a1aa86 StaticDependenciesID=ab84a9af9b86aa8e3dae0fe6f0679360 
Number of updated asset objects reloaded before import = 0
Number of asset objects unloaded after import = 3
========================================================================
Received Import Request.
  Time of request: 2026-10-02T14:24:19.510301Z
  Time since last request: 0.000484777 seconds.
  importAddress: GUID: 479801e1f49ea2d4baf2b4c12f674bcb - Path: Packages/com.unity.2d.tilemap/Editor/Icons/d_Tilemap.FocusNone@2x.png - Importer: ScriptedImporter/UnityEditor.QuickSearchModule:UnityEditor.Search:ASIAI0B
Importing 'GUID: 479801e1f49ea2d4baf2b4c12f674bcb - Path: Packages/com.unity.2d.tilemap/Editor/Icons/d_Tilemap.FocusNone@2x.png - Importer: ScriptedImporter/UnityEditor.QuickSearchModule:UnityEditor.Search:ASIAI0B' with importer (ScriptedImporter : UnityEditor.QuickSearchModule:UnityEditor.Search:ASIAI0B)
Imported 'GUID: 479801e1f49ea2d4baf2b4c12f674bcb' -> (Import Result ID: '0c0dcaef82c3299a591021e618808cc1') in 0.003 seconds [static and dynamic dependencies]. Details - ImportResultOutputID=38a8a6815983064fe9545093c4d0d10e DependenciesID=11d68f28e53ef0d0d4aab6defd8e9f58 StaticDependenciesID=f57157dbd9888a1592ad0815852ba2a7 
Number of updated asset objects reloaded before import = 0
Number of asset objects unloaded after import = 3
========================================================================
Received Import Request.
  Time of request: 2026-10-02T14:24:19.519085Z
  Time since last request: 0.000321858 seconds.
  importAddress: GUID: c33b82aa5373c4e1f8e2d43210c97c45 - Path: Packages/com.unity.2d.tilemap/Editor/Icons/d_EditorUI.Filter.png - Importer: ScriptedImporter/UnityEditor.QuickSearchModule:UnityEditor.Search:ASIAI0B
Importing 'GUID: c33b82aa5373c4e1f8e2d43210c97c45 - Path: Packages/com.unity.2d.tilemap/Editor/Icons/d_EditorUI.Filter.png - Importer: ScriptedImporter/UnityEditor.QuickSearchModule:UnityEditor.Search:ASIAI0B' with importer (ScriptedImporter : UnityEditor.QuickSearchModule:UnityEditor.Search:ASIAI0B)
Imported 'GUID: c33b82aa5373c4e1f8e2d43210c97c45' -> (Import Result ID: '55d43ea29793e26e96340bb42e5cd256') in 0.003 seconds [static and dynamic dependencies]. Details - ImportResultOutputID=07355e118ed18ceb1253ee2a60ee69a2 DependenciesID=6eec4b2b14ec4098ac3d06449c9e86d7 StaticDependenciesID=49bfea0cc43a30422c703b1bc7ffec7c 
Number of updated asset objects reloaded before import = 0
Number of asset objects unloaded after import = 3
========================================================================
Received Import Request.
  Time of request: 2026-10-02T14:24:19.527944Z
  Time since last request: 0.000477462 seconds.
  importAddress: GUID: 2c549a09b5c7eee4fb6bcdd69a6ce67f - Path: Packages/com.unity.2d.tilemap/Editor/UI/TilePaletteClipboardPanelPopup.cs - Importer: ScriptedImporter/UnityEditor.QuickSearchModule:UnityEditor.Search:ASIAI0B
Importing 'GUID: 2c549a09b5c7eee4fb6bcdd69a6ce67f - Path: Packages/com.unity.2d.tilemap/Editor/UI/TilePaletteClipboardPanelPopup.cs - Importer: ScriptedImporter/UnityEditor.QuickSearchModule:UnityEditor.Search:ASIAI0B' with importer (ScriptedImporter : UnityEditor.QuickSearchModule:UnityEditor.Search:ASIAI0B)
Imported 'GUID: 2c549a09b5c7eee4fb6bcdd69a6ce67f' -> (Import Result ID: 'adb5bd9461c042a191aac3d43ebcf379') in 0.001 seconds [static and dynamic dependencies]. Details - ImportResultOutputID=b4802e7c86480962c8d90290c921a117 DependenciesID=7105f1095ac3b9c067240a3f36f3606f StaticDependenciesID=86b92a48247d57187525cdca9da30cf9 
Number of updated asset objects reloaded before import = 0
Number of asset objects unloaded after import = 0
========================================================================
Received Import Request.
  Time of request: 2026-10-02T14:24:19.535392Z
  Time since last request: 0.000585744 seconds.
  importAddress: GUID: 645d52902e2241568a67dcecdcbb8934 - Path: Packages/com.unity.2d.tilemap/Editor/TileSet/TileSetUtility.cs - Importer: ScriptedImporter/UnityEditor.QuickSearchModule:UnityEditor.Search:ASIAI0B
Importing 'GUID: 645d52902e2241568a67dcecdcbb8934 - Path: Packages/com.unity.2d.tilemap/Editor/TileSet/TileSetUtility.cs - Importer: ScriptedImporter/UnityEditor.QuickSearchModule:UnityEditor.Search:ASIAI0B' with importer (ScriptedImporter : UnityEditor.QuickSearchModule:UnityEditor.Search:ASIAI0B)
Imported 'GUID: 645d52902e2241568a67dcecdcbb8934' -> (Import Result ID: 'b442e21fe3c2b2a873113a2236ddfc73') in 0.001 seconds [static and dynamic dependencies]. Details - ImportResultOutputID=e1f86a8a6ab4341b52fc464cfe12e7ab DependenciesID=c0ac47a74372e613d26fd0709dcfcd68 StaticDependenciesID=72f084946789d6753eafda9b770d173a 
Number of updated asset objects reloaded before import = 0
Number of asset objects unloaded after import = 0
========================================================================
Received Import Request.
  Time of request: 2026-10-02T14:24:19.542119Z
  Time since last request: 0.000456229 seconds.
  importAddress: GUID: efae8c209fe26f541b3d560f2034287d - Path: Packages/com.unity.2d.tilemap/Editor/Icons/d_EditorUI.Target@2x.png - Importer: ScriptedImporter/UnityEditor.QuickSearchModule:UnityEditor.Search:ASIAI0B
Importing 'GUID: efae8c209fe26f541b3d560f2034287d - Path: Packages/com.unity.2d.tilemap/Editor/Icons/d_EditorUI.Target@2x.png - Importer: ScriptedImporter/UnityEditor.QuickSearchModule:UnityEditor.Search:ASIAI0B' with importer (ScriptedImporter : UnityEditor.QuickSearchModule:UnityEditor.Search:ASIAI0B)
Imported 'GUID: efae8c209fe26f541b3d560f2034287d' -> (Import Result ID: '2f7b351d7a6c7fb937fceedd54a91c84') in 0.003 seconds [static and dynamic dependencies]. Details - ImportResultOutputID=9be6de61cc383bab8e53141b0888fe01 DependenciesID=d3045de0eab8abeb8dee34be1fde812a StaticDependenciesID=11dcd8f9007188dbcb39ef44b08690c9 
Number of updated asset objects reloaded before import = 0
Number of asset objects unloaded after import = 3
========================================================================
Received Import Request.
  Time of request: 2026-10-02T14:24:19.550504Z
  Time since last request: 0.000357715 seconds.
  importAddress: GUID: 5fb3ada6b424478f868d114ce6117c0a - Path: Packages/com.unity.2d.tilemap/Editor/TilemapFocusModeUtility.cs - Importer: ScriptedImporter/UnityEditor.QuickSearchModule:UnityEditor.Search:ASIAI0B
Importing 'GUID: 5fb3ada6b424478f868d114ce6117c0a - Path: Packages/com.unity.2d.tilemap/Editor/TilemapFocusModeUtility.cs - Importer: ScriptedImporter/UnityEditor.QuickSearchModule:UnityEditor.Search:ASIAI0B' with importer (ScriptedImporter : UnityEditor.QuickSearchModule:UnityEditor.Search:ASIAI0B)
Imported 'GUID: 5fb3ada6b424478f868d114ce6117c0a' -> (Import Result ID: '317f88cff1cd5b7c73eaefaacfede761') in 0.001 seconds [static and dynamic dependencies]. Details - ImportResultOutputID=ac70d8b3d49eff74b85d4665db83dd1c DependenciesID=6d120cb7bfa4aa694b39b1776d4c6dee StaticDependenciesID=208a01571b92d2ab64a82d8c5eebd198 
Number of updated asset objects reloaded before import = 0
Number of asset objects unloaded after import = 0
========================================================================
Received Import Request.
  Time of request: 2026-10-02T14:24:19.557971Z
  Time since last request: 0.000300314 seconds.
  importAddress: GUID: 767ef4adccc592649bc3b2c17a97a6dc - Path: Packages/com.unity.2d.tilemap/Editor/UI/TilePaletteActiveTargetsDropdownMenu.cs - Importer: ScriptedImporter/UnityEditor.QuickSearchModule:UnityEditor.Search:ASIAI0B
Importing 'GUID: 767ef4adccc592649bc3b2c17a97a6dc - Path: Packages/com.unity.2d.tilemap/Editor/UI/TilePaletteActiveTargetsDropdownMenu.cs - Importer: ScriptedImporter/UnityEditor.QuickSearchModule:UnityEditor.Search:ASIAI0B' with importer (ScriptedImporter : UnityEditor.QuickSearchModule:UnityEditor.Search:ASIAI0B)
Imported 'GUID: 767ef4adccc592649bc3b2c17a97a6dc' -> (Import Result ID: '52bce5c84d6c9b9535e21375aff9d2f4') in 0.001 seconds [static and dynamic dependencies]. Details - ImportResultOutputID=ece8762b33003dc9e6867a17a1d7fd15 DependenciesID=0e94319e8d7e091cc804aa42bd5c7bc6 StaticDependenciesID=64b88596a80bc48b365d4a89a9407726 
Number of updated asset objects reloaded before import = 0
Number of asset objects unloaded after import = 0
========================================================================
Received Import Request.
  Time of request: 2026-10-02T14:24:19.565443Z
  Time since last request: 0.000285398 seconds.
  importAddress: GUID: f708c0da8a2b5fc4381f7f8d4a322a0a - Path: Packages/com.unity.2d.tilemap/Editor/Icons/Tilemap.ActiveTargetLayers@2x.png - Importer: ScriptedImporter/UnityEditor.QuickSearchModule:UnityEditor.Search:ASIAI0B
Importing 'GUID: f708c0da8a2b5fc4381f7f8d4a322a0a - Path: Packages/com.unity.2d.tilemap/Editor/Icons/Tilemap.ActiveTargetLayers@2x.png - Importer: ScriptedImporter/UnityEditor.QuickSearchModule:UnityEditor.Search:ASIAI0B' with importer (ScriptedImporter : UnityEditor.QuickSearchModule:UnityEditor.Search:ASIAI0B)
Imported 'GUID: f708c0da8a2b5fc4381f7f8d4a322a0a' -> (Import Result ID: '427b0f80ad7af8deccc42ad8ad7b63bd') in 0.003 seconds [static and dynamic dependencies]. Details - ImportResultOutputID=70a6b3794fe2f74e6681a130adf5b5fb DependenciesID=ec07c6763f81cda577f04975a4ba668c StaticDependenciesID=46d02824b55424bc9db03f814888c1c5 
Number of updated asset objects reloaded before import = 0
Number of asset objects unloaded after import = 3
========================================================================
Received Import Request.
  Time of request: 2026-10-02T14:24:19.575038Z
  Time since last request: 0.000302669 seconds.
  importAddress: GUID: bdab342e8f290224dbdbc33dd03605c4 - Path: Packages/com.unity.2d.tilemap/Editor/Icons/d_Tilemap.BrushPicks.png - Importer: ScriptedImporter/UnityEditor.QuickSearchModule:UnityEditor.Search:ASIAI0B
Importing 'GUID: bdab342e8f290224dbdbc33dd03605c4 - Path: Packages/com.unity.2d.tilemap/Editor/Icons/d_Tilemap.BrushPicks.png - Importer: ScriptedImporter/UnityEditor.QuickSearchModule:UnityEditor.Search:ASIAI0B' with importer (ScriptedImporter : UnityEditor.QuickSearchModule:UnityEditor.Search:ASIAI0B)
Imported 'GUID: bdab342e8f290224dbdbc33dd03605c4' -> (Import Result ID: '6b6d1c2f71c667addabd24921e95aa90') in 0.004 seconds [static and dynamic dependencies]. Details - ImportResultOutputID=4f7316dd278b49f8febee325b824dcf9 DependenciesID=7cf576f82f788611e4bc2d0cc89621da StaticDependenciesID=abb5a945d088e47599fe42e985866fb1 
Number of updated asset objects reloaded before import = 0
Number of asset objects unloaded after import = 3
========================================================================
Received Import Request.
  Time of request: 2026-10-02T14:24:19.585456Z
  Time since last request: 0.000322149 seconds.
  importAddress: GUID: 979425d925f745e4a93aff5f4bfa9236 - Path: Packages/com.unity.2d.tilemap/Editor/UI/TilePaletteWhiteboxPaletteDropdownMenu.cs - Importer: ScriptedImporter/UnityEditor.QuickSearchModule:UnityEditor.Search:ASIAI0B
Importing 'GUID: 979425d925f745e4a93aff5f4bfa9236 - Path: Packages/com.unity.2d.tilemap/Editor/UI/TilePaletteWhiteboxPaletteDropdownMenu.cs - Importer: ScriptedImporter/UnityEditor.QuickSearchModule:UnityEditor.Search:ASIAI0B' with importer (ScriptedImporter : UnityEditor.QuickSearchModule:UnityEditor.Search:ASIAI0B)
Imported 'GUID: 979425d925f745e4a93aff5f4bfa9236' -> (Import Result ID: '711fb7533338bb73bb84ca59c8dd618c') in 0.001 seconds [static and dynamic dependencies]. Details - ImportResultOutputID=8fabd89f42d1b124f33f86ae4ef51a32 DependenciesID=a1aa01c1c6d8dea70bf8fe613097bde6 StaticDependenciesID=6ff5b02917820b333f1d96bb2ac82c1d 
Number of updated asset objects reloaded before import = 0
Number of asset objects unloaded after import = 0
========================================================================
Received Import Request.
  Time of request: 2026-10-02T14:24:19.593128Z
  Time since last request: 0.000390251 seconds.
  importAddress: GUID: dcf0b2fc1fc794a9f919ec1610b03a1f - Path: Packages/com.unity.2d.tilemap/Third Party Notices.md - Importer: ScriptedImporter/UnityEditor.QuickSearchModule:UnityEditor.Search:ASIAI0B
Importing 'GUID: dcf0b2fc1fc794a9f919ec1610b03a1f - Path: Packages/com.unity.2d.tilemap/Third Party Notices.md - Importer: ScriptedImporter/UnityEditor.QuickSearchModule:UnityEditor.Search:ASIAI0B' with importer (ScriptedImporter : UnityEditor.QuickSearchModule:UnityEditor.Search:ASIAI0B)
Imported 'GUID: dcf0b2fc1fc794a9f919ec1610b03a1f' -> (Import Result ID: '8aba756ce5dbe7eaefd44c44ece31314') in 0.001 seconds [static and dynamic dependencies]. Details - ImportResultOutputID=9de2ef53a9a1b12173ffe4e78ddcc7e8 DependenciesID=a7cbc5bdb3c3e9bd7e042f782c6cbd06 StaticDependenciesID=256fe14d281a60a8a7bffcaaa5153e7d 
Number of updated asset objects reloaded before import = 0
Number of asset objects unloaded after import = 1
========================================================================
Received Import Request.
  Time of request: 2026-10-02T14:24:19.600734Z
  Time since last request: 0.000266202 seconds.
  importAddress: GUID: 6b38a6882b80b1c4dbcca4bc844d7b9c - Path: Packages/com.unity.2d.tilemap/Editor - Importer: ScriptedImporter/UnityEditor.QuickSearchModule:UnityEditor.Search:ASIAI0B
Importing 'GUID: 6b38a6882b80b1c4dbcca4bc844d7b9c - Path: Packages/com.unity.2d.tilemap/Editor - Importer: ScriptedImporter/UnityEditor.QuickSearchModule:UnityEditor.Search:ASIAI0B' with importer (ScriptedImporter : UnityEditor.QuickSearchModule:UnityEditor.Search:ASIAI0B)
Imported 'GUID: 6b38a6882b80b1c4dbcca4bc844d7b9c' -> (Import Result ID: 'a5041cf4308fd5358f21e17b4e3e6acc') in 0.001 seconds [static and dynamic dependencies]. Details - ImportResultOutputID=278de5f78f9ef646337ee36be567d85c DependenciesID=9ecb64f184b6f878722ca9cefd2fed08 StaticDependenciesID=a6f6896cd33a9acba1595d66984d9ed3 
Number of updated asset objects reloaded before import = 0
Number of asset objects unloaded after import = 1
========================================================================
Received Import Request.
  Time of request: 2026-10-02T14:24:19.608251Z
  Time since last request: 0.00047412 seconds.
  importAddress: GUID: 384ea3a769d6ffd44bcc7f03793e3adc - Path: Packages/com.unity.2d.tilemap/Editor/GridPaintPaletteClipboard.cs - Importer: ScriptedImporter/UnityEditor.QuickSearchModule:UnityEditor.Search:ASIAI0B
Importing 'GUID: 384ea3a769d6ffd44bcc7f03793e3adc - Path: Packages/com.unity.2d.tilemap/Editor/GridPaintPaletteClipboard.cs - Importer: ScriptedImporter/UnityEditor.QuickSearchModule:UnityEditor.Search:ASIAI0B' with importer (ScriptedImporter : UnityEditor.QuickSearchModule:UnityEditor.Search:ASIAI0B)
Imported 'GUID: 384ea3a769d6ffd44bcc7f03793e3adc' -> (Import Result ID: '1e929a73b1d98d018660e11bc7c378cf') in 0.001 seconds [static and dynamic dependencies]. Details - ImportResultOutputID=a580e853da02522618ecfca32bb7b3a4 DependenciesID=85587b10dfdf0fe163bb58d800a3a93c StaticDependenciesID=f5f6ad0d6056c879b533d43c9271360f 
Number of updated asset objects reloaded before import = 0
Number of asset objects unloaded after import = 0
========================================================================
Received Import Request.
  Time of request: 2026-10-02T14:24:19.615938Z
  Time since last request: 0.000294074 seconds.
  importAddress: GUID: ff827e3a021bd1b4493ddbcd90ed460f - Path: Packages/com.unity.2d.tilemap/Editor/Icons/Tilemap.BrushSettings@4x.png - Importer: ScriptedImporter/UnityEditor.QuickSearchModule:UnityEditor.Search:ASIAI0B
Importing 'GUID: ff827e3a021bd1b4493ddbcd90ed460f - Path: Packages/com.unity.2d.tilemap/Editor/Icons/Tilemap.BrushSettings@4x.png - Importer: ScriptedImporter/UnityEditor.QuickSearchModule:UnityEditor.Search:ASIAI0B' with importer (ScriptedImporter : UnityEditor.QuickSearchModule:UnityEditor.Search:ASIAI0B)
Imported 'GUID: ff827e3a021bd1b4493ddbcd90ed460f' -> (Import Result ID: '6c3979f9ebe3cb897a267a4c8f4110bc') in 0.003 seconds [static and dynamic dependencies]. Details - ImportResultOutputID=a7c8ca3a44a96ee4bd13e23b8f852b0b DependenciesID=9d5c3a651cbc06fb2ddda7980c7f511f StaticDependenciesID=c47898b3f4e3206af4f02ee3f95017e8 
Number of updated asset objects reloaded before import = 0
Number of asset objects unloaded after import = 3
========================================================================
Received Import Request.
  Time of request: 2026-10-02T14:24:19.625475Z
  Time since last request: 0.000342352 seconds.
  importAddress: GUID: 04e6c3cc740a491458073f2f715066f6 - Path: Packages/com.unity.2d.tilemap/Editor/Icons/d_EditorUI.Target.png - Importer: ScriptedImporter/UnityEditor.QuickSearchModule:UnityEditor.Search:ASIAI0B
Importing 'GUID: 04e6c3cc740a491458073f2f715066f6 - Path: Packages/com.unity.2d.tilemap/Editor/Icons/d_EditorUI.Target.png - Importer: ScriptedImporter/UnityEditor.QuickSearchModule:UnityEditor.Search:ASIAI0B' with importer (ScriptedImporter : UnityEditor.QuickSearchModule:UnityEditor.Search:ASIAI0B)
Imported 'GUID: 04e6c3cc740a491458073f2f715066f6' -> (Import Result ID: '21385b8df02db6ff42b7ee0428be489a') in 0.003 seconds [static and dynamic dependencies]. Details - ImportResultOutputID=10f0397a81c30dc8cf1eed6e9c686346 DependenciesID=700fdd8570473af7d18e64d62a0593cc StaticDependenciesID=3109d35374ec8ca672a81d056520b3b1 
Number of updated asset objects reloaded before import = 0
Number of asset objects unloaded after import = 3
========================================================================
Received Import Request.
  Time of request: 2026-10-02T14:24:19.634573Z
  Time since last request: 0.000638117 seconds.
  importAddress: GUID: 6cf9bcb22d1f73e42a7abe79808d5902 - Path: Packages/com.unity.2d.tilemap/Editor/EditorTools/GridSelection/GridSelectionRotationTool.cs - Importer: ScriptedImporter/UnityEditor.QuickSearchModule:UnityEditor.Search:ASIAI0B
Importing 'GUID: 6cf9bcb22d1f73e42a7abe79808d5902 - Path: Packages/com.unity.2d.tilemap/Editor/EditorTools/GridSelection/GridSelectionRotationTool.cs - Importer: ScriptedImporter/UnityEditor.QuickSearchModule:UnityEditor.Search:ASIAI0B' with importer (ScriptedImporter : UnityEditor.QuickSearchModule:UnityEditor.Search:ASIAI0B)
Imported 'GUID: 6cf9bcb22d1f73e42a7abe79808d5902' -> (Import Result ID: '2ad0cc5248979d897e76a20a691fccfa') in 0.001 seconds [static and dynamic dependencies]. Details - ImportResultOutputID=09471114a8498f0dba3651a083044ad2 DependenciesID=99cbd19ffe400ba9a13c4c5524301b1a StaticDependenciesID=6c19110a3ee6cbf460376b8a03c716d6 
Number of updated asset objects reloaded before import = 0
Number of asset objects unloaded after import = 0
========================================================================
Received Import Request.
  Time of request: 2026-10-02T14:24:19.641786Z
  Time since last request: 0.000295725 seconds.
  importAddress: GUID: 1bbd61a4999d4fbd81f3e5bdc6c71fbd - Path: Packages/com.unity.2d.tilemap/Editor/TilePaletteSaveUtility.cs - Importer: ScriptedImporter/UnityEditor.QuickSearchModule:UnityEditor.Search:ASIAI0B
Importing 'GUID: 1bbd61a4999d4fbd81f3e5bdc6c71fbd - Path: Packages/com.unity.2d.tilemap/Editor/TilePaletteSaveUtility.cs - Importer: ScriptedImporter/UnityEditor.QuickSearchModule:UnityEditor.Search:ASIAI0B' with importer (ScriptedImporter : UnityEditor.QuickSearchModule:UnityEditor.Search:ASIAI0B)
Imported 'GUID: 1bbd61a4999d4fbd81f3e5bdc6c71fbd' -> (Import Result ID: '126c03736b7e76bb2828f3793c449428') in 0.001 seconds [static and dynamic dependencies]. Details - ImportResultOutputID=760b8f876e2820d6f05fb7c28391f852 DependenciesID=0cbf55bc4ba0376b1294bb9255b597a7 StaticDependenciesID=a27d5dcc89a081207c2941dea136e7f1 
Number of updated asset objects reloaded before import = 0
Number of asset objects unloaded after import = 0
========================================================================
Received Import Request.
  Time of request: 2026-10-02T14:24:19.649147Z
  Time since last request: 0.000288043 seconds.
  importAddress: GUID: 28df830b98d0a3f44b58e73d78060ab0 - Path: Packages/com.unity.2d.tilemap/Editor/Icons/Grid.RotateACW.png - Importer: ScriptedImporter/UnityEditor.QuickSearchModule:UnityEditor.Search:ASIAI0B
Importing 'GUID: 28df830b98d0a3f44b58e73d78060ab0 - Path: Packages/com.unity.2d.tilemap/Editor/Icons/Grid.RotateACW.png - Importer: ScriptedImporter/UnityEditor.QuickSearchModule:UnityEditor.Search:ASIAI0B' with importer (ScriptedImporter : UnityEditor.QuickSearchModule:UnityEditor.Search:ASIAI0B)
Imported 'GUID: 28df830b98d0a3f44b58e73d78060ab0' -> (Import Result ID: 'b4b0854bf71b1f57b68b472235c23b64') in 0.003 seconds [static and dynamic dependencies]. Details - ImportResultOutputID=1587c2df7899bc264e71e546fefb2d31 DependenciesID=ded7a31e738373852bb03cec9cf94efa StaticDependenciesID=665e086ed381ac7dca90cf17d2963fb0 
Number of updated asset objects reloaded before import = 0
Number of asset objects unloaded after import = 3
========================================================================
Received Import Request.
  Time of request: 2026-10-02T14:24:19.657847Z
  Time since last request: 0.000221706 seconds.
  importAddress: GUID: 6b80cdd1d5ce20c4189553f129f4d175 - Path: Packages/com.unity.2d.tilemap/Editor/Icons/Tilemap.FocusTilemap@2x.png - Importer: ScriptedImporter/UnityEditor.QuickSearchModule:UnityEditor.Search:ASIAI0B
Importing 'GUID: 6b80cdd1d5ce20c4189553f129f4d175 - Path: Packages/com.unity.2d.tilemap/Editor/Icons/Tilemap.FocusTilemap@2x.png - Importer: ScriptedImporter/UnityEditor.QuickSearchModule:UnityEditor.Search:ASIAI0B' with importer (ScriptedImporter : UnityEditor.QuickSearchModule:UnityEditor.Search:ASIAI0B)
Imported 'GUID: 6b80cdd1d5ce20c4189553f129f4d175' -> (Import Result ID: '3032ce66e41d4d8d74f5813b64c93b7f') in 0.003 seconds [static and dynamic dependencies]. Details - ImportResultOutputID=105444f100f86929681fb8843d00d7f5 DependenciesID=32b4a7aa193fa356c00a2bc2da18cd97 StaticDependenciesID=15df51d35e2705e8cc93040ef1a3503c 
Number of updated asset objects reloaded before import = 0
Number of asset objects unloaded after import = 3
========================================================================
Received Import Request.
  Time of request: 2026-10-02T14:24:19.666733Z
  Time since last request: 0.000258902 seconds.
  importAddress: GUID: 72124a67bbace794fa38534a24d23cee - Path: Packages/com.unity.2d.tilemap/Editor/Icons/d_Grid.RotateACW@2x.png - Importer: ScriptedImporter/UnityEditor.QuickSearchModule:UnityEditor.Search:ASIAI0B
Importing 'GUID: 72124a67bbace794fa38534a24d23cee - Path: Packages/com.unity.2d.tilemap/Editor/Icons/d_Grid.RotateACW@2x.png - Importer: ScriptedImporter/UnityEditor.QuickSearchModule:UnityEditor.Search:ASIAI0B' with importer (ScriptedImporter : UnityEditor.QuickSearchModule:UnityEditor.Search:ASIAI0B)
Imported 'GUID: 72124a67bbace794fa38534a24d23cee' -> (Import Result ID: 'ebf386c07330302f91062c111509bc44') in 0.005 seconds [static and dynamic dependencies]. Details - ImportResultOutputID=d781106aae80fccba42a88610fb3d20d DependenciesID=449b215b67963bd5010f8c35944bb70f StaticDependenciesID=f5b461f19e01f8d4bb941744f0866ada 
Number of updated asset objects reloaded before import = 0
Number of asset objects unloaded after import = 3
========================================================================
Received Import Request.
  Time of request: 2026-10-02T14:24:19.677847Z
  Time since last request: 0.000327486 seconds.
  importAddress: GUID: 2a208840b98c7aa46a99ed3517e86d98 - Path: Packages/com.unity.2d.tilemap/Editor/UI/TilePaletteOverlayLight.uss - Importer: ScriptedImporter/UnityEditor.QuickSearchModule:UnityEditor.Search:ASIAI0B
Importing 'GUID: 2a208840b98c7aa46a99ed3517e86d98 - Path: Packages/com.unity.2d.tilemap/Editor/UI/TilePaletteOverlayLight.uss - Importer: ScriptedImporter/UnityEditor.QuickSearchModule:UnityEditor.Search:ASIAI0B' with importer (ScriptedImporter : UnityEditor.QuickSearchModule:UnityEditor.Search:ASIAI0B)
Imported 'GUID: 2a208840b98c7aa46a99ed3517e86d98' -> (Import Result ID: '560987242b8c3ef5f9f732d3feda7c0e') in 0.002 seconds [static and dynamic dependencies]. Details - ImportResultOutputID=4a6414de26283f58cfcc1ff5c3d0deed DependenciesID=af4910036e2197bd610edd657af6817c StaticDependenciesID=958fa05d88d882cf9103adfa1ec03797 
Number of updated asset objects reloaded before import = 0
Number of asset objects unloaded after import = 1
========================================================================
Received Import Request.
  Time of request: 2026-10-02T14:24:19.68604Z
  Time since last request: 0.000259986 seconds.
  importAddress: GUID: f60779a06bec4f14a957237a7206b786 - Path: Packages/com.unity.2d.tilemap/Editor/GridPaletteAddPopup.cs - Importer: ScriptedImporter/UnityEditor.QuickSearchModule:UnityEditor.Search:ASIAI0B
Importing 'GUID: f60779a06bec4f14a957237a7206b786 - Path: Packages/com.unity.2d.tilemap/Editor/GridPaletteAddPopup.cs - Importer: ScriptedImporter/UnityEditor.QuickSearchModule:UnityEditor.Search:ASIAI0B' with importer (ScriptedImporter : UnityEditor.QuickSearchModule:UnityEditor.Search:ASIAI0B)
Imported 'GUID: f60779a06bec4f14a957237a7206b786' -> (Import Result ID: '732b65beea9f4474cac4ddfd40f7a856') in 0.001 seconds [static and dynamic dependencies]. Details - ImportResultOutputID=54caf8e8876b148cb62081e17ca7a610 DependenciesID=6ff81e3deb3e9430208acb4330a995fa StaticDependenciesID=20b1b3d2f455ac99ac0b5635680258c8 
Number of updated asset objects reloaded before import = 0
Number of asset objects unloaded after import = 0
========================================================================
Received Import Request.
  Time of request: 2026-10-02T14:24:19.694018Z
  Time since last request: 0.000504893 seconds.
  importAddress: GUID: 53439e5dcebe4d74e8358cf7104c4666 - Path: Packages/com.unity.2d.tilemap/Editor/Icons/Tilemap.DefaultBrush.png - Importer: ScriptedImporter/UnityEditor.QuickSearchModule:UnityEditor.Search:ASIAI0B
Importing 'GUID: 53439e5dcebe4d74e8358cf7104c4666 - Path: Packages/com.unity.2d.tilemap/Editor/Icons/Tilemap.DefaultBrush.png - Importer: ScriptedImporter/UnityEditor.QuickSearchModule:UnityEditor.Search:ASIAI0B' with importer (ScriptedImporter : UnityEditor.QuickSearchModule:UnityEditor.Search:ASIAI0B)
Imported 'GUID: 53439e5dcebe4d74e8358cf7104c4666' -> (Import Result ID: '7323c3f4a069d3b427b1f9727e19e965') in 0.003 seconds [static and dynamic dependencies]. Details - ImportResultOutputID=c8a73a184a0465f30005f821c9d55550 DependenciesID=ff457b9702220dcec833f4c927f90a7a StaticDependenciesID=d70d42f8d7d046f09fe58d6e3c577f9e 
Number of updated asset objects reloaded before import = 0
Number of asset objects unloaded after import = 3
========================================================================
Received Import Request.
  Time of request: 2026-10-02T14:24:19.705214Z
  Time since last request: 0.002187289 seconds.
  importAddress: GUID: 0237a0d9a9c873e45abc9f7f9918f744 - Path: Packages/com.unity.2d.tilemap/Editor/UI/TilePaletteActivePaletteDropdownMenu.cs - Importer: ScriptedImporter/UnityEditor.QuickSearchModule:UnityEditor.Search:ASIAI0B
Importing 'GUID: 0237a0d9a9c873e45abc9f7f9918f744 - Path: Packages/com.unity.2d.tilemap/Editor/UI/TilePaletteActivePaletteDropdownMenu.cs - Importer: ScriptedImporter/UnityEditor.QuickSearchModule:UnityEditor.Search:ASIAI0B' with importer (ScriptedImporter : UnityEditor.QuickSearchModule:UnityEditor.Search:ASIAI0B)
Imported 'GUID: 0237a0d9a9c873e45abc9f7f9918f744' -> (Import Result ID: 'd687421be5d6354216f132ddd3de6339') in 0.001 seconds [static and dynamic dependencies]. Details - ImportResultOutputID=b261c9474501beb44ebe01f60b78ebd7 DependenciesID=4a949d5c24fdccd23b277101f8a2c2ee StaticDependenciesID=4b606f643dedd7dc4f87520bdf9e18af 
Number of updated asset objects reloaded before import = 0
Number of asset objects unloaded after import = 0
========================================================================
Received Import Request.
  Time of request: 2026-10-02T14:24:19.713203Z
  Time since last request: 0.000559377 seconds.
  importAddress: GUID: d0ba7992e08412649839c5b94f950c79 - Path: Packages/com.unity.2d.tilemap/Editor/EditorTools/GridSelection/GridSelectionScaleTool.cs - Importer: ScriptedImporter/UnityEditor.QuickSearchModule:UnityEditor.Search:ASIAI0B
Importing 'GUID: d0ba7992e08412649839c5b94f950c79 - Path: Packages/com.unity.2d.tilemap/Editor/EditorTools/GridSelection/GridSelectionScaleTool.cs - Importer: ScriptedImporter/UnityEditor.QuickSearchModule:UnityEditor.Search:ASIAI0B' with importer (ScriptedImporter : UnityEditor.QuickSearchModule:UnityEditor.Search:ASIAI0B)
Imported 'GUID: d0ba7992e08412649839c5b94f950c79' -> (Import Result ID: '91c37100ed8b98cb83880a2dbdb8634f') in 0.001 seconds [static and dynamic dependencies]. Details - ImportResultOutputID=1e82c3d3fe2686574a76f85590f184a1 DependenciesID=6b0fd6edcfb9ec5a633489f66a0a0594 StaticDependenciesID=d53f3e654ad7bba4b28f36fc60a69784 
Number of updated asset objects reloaded before import = 0
Number of asset objects unloaded after import = 0
========================================================================
Received Import Request.
  Time of request: 2026-10-02T14:24:19.720974Z
  Time since last request: 0.000366892 seconds.
  importAddress: GUID: 7befde712044bf34d8d765aba01a52c9 - Path: Packages/com.unity.2d.tilemap/Editor/Icons/Tilemap.BrushPicks@2x.png - Importer: ScriptedImporter/UnityEditor.QuickSearchModule:UnityEditor.Search:ASIAI0B
Importing 'GUID: 7befde712044bf34d8d765aba01a52c9 - Path: Packages/com.unity.2d.tilemap/Editor/Icons/Tilemap.BrushPicks@2x.png - Importer: ScriptedImporter/UnityEditor.QuickSearchModule:UnityEditor.Search:ASIAI0B' with importer (ScriptedImporter : UnityEditor.QuickSearchModule:UnityEditor.Search:ASIAI0B)
Imported 'GUID: 7befde712044bf34d8d765aba01a52c9' -> (Import Result ID: '2bda9f403eda5330040afff29519fd59') in 0.003 seconds [static and dynamic dependencies]. Details - ImportResultOutputID=80b5b6196b0341261f6ea507fcf48cb4 DependenciesID=0b04abd879d0e625e372f31572dbb98f StaticDependenciesID=6c8e4fe6d2733c49154685357290d0de 
Number of updated asset objects reloaded before import = 0
Number of asset objects unloaded after import = 3
========================================================================
Received Import Request.
  Time of request: 2026-10-02T14:24:19.730822Z
  Time since last request: 0.000388269 seconds.
  importAddress: GUID: 298cc9ee1ef84b288cb3748dd279d282 - Path: Packages/com.unity.2d.tilemap/Editor/UI/TilePaletteBrushPickPanelPopup.cs - Importer: ScriptedImporter/UnityEditor.QuickSearchModule:UnityEditor.Search:ASIAI0B
Importing 'GUID: 298cc9ee1ef84b288cb3748dd279d282 - Path: Packages/com.unity.2d.tilemap/Editor/UI/TilePaletteBrushPickPanelPopup.cs - Importer: ScriptedImporter/UnityEditor.QuickSearchModule:UnityEditor.Search:ASIAI0B' with importer (ScriptedImporter : UnityEditor.QuickSearchModule:UnityEditor.Search:ASIAI0B)
Imported 'GUID: 298cc9ee1ef84b288cb3748dd279d282' -> (Import Result ID: '20f52e98f972dfd41b3f87f792edc182') in 0.001 seconds [static and dynamic dependencies]. Details - ImportResultOutputID=83c59f988e7c25ff517fbd915db83c2d DependenciesID=389def5d2d2e4022d97e07dfa590e52c StaticDependenciesID=8e7f1c798deebbfb47ad6d46f0228429 
Number of updated asset objects reloaded before import = 0
Number of asset objects unloaded after import = 0
========================================================================
Received Import Request.
  Time of request: 2026-10-02T14:24:19.738917Z
  Time since last request: 0.000465454 seconds.
  importAddress: GUID: 0838dba95105e7148a96012c2778a2d5 - Path: Packages/com.unity.2d.tilemap/Editor/Icons/Tilemap.FocusGrid.png - Importer: ScriptedImporter/UnityEditor.QuickSearchModule:UnityEditor.Search:ASIAI0B
Importing 'GUID: 0838dba95105e7148a96012c2778a2d5 - Path: Packages/com.unity.2d.tilemap/Editor/Icons/Tilemap.FocusGrid.png - Importer: ScriptedImporter/UnityEditor.QuickSearchModule:UnityEditor.Search:ASIAI0B' with importer (ScriptedImporter : UnityEditor.QuickSearchModule:UnityEditor.Search:ASIAI0B)
Imported 'GUID: 0838dba95105e7148a96012c2778a2d5' -> (Import Result ID: 'd03986e2216fed8633606b62b13e4f41') in 0.003 seconds [static and dynamic dependencies]. Details - ImportResultOutputID=cffcae98cbc5f301b6bef4498b869fdb DependenciesID=f80ad4a36ec0d6b55d22a0eae181440d StaticDependenciesID=d3bf4c0fb93938e5957af6c8d1fda9ca 
Number of updated asset objects reloaded before import = 0
Number of asset objects unloaded after import = 3
========================================================================
Received Import Request.
  Time of request: 2026-10-02T14:24:19.748363Z
  Time since last request: 0.000543152 seconds.
  importAddress: GUID: dd81f55787e496249bb4111007562ef5 - Path: Packages/com.unity.2d.tilemap/Editor/Icons/d_EditorUI.TargetHover@4x.png - Importer: ScriptedImporter/UnityEditor.QuickSearchModule:UnityEditor.Search:ASIAI0B
Importing 'GUID: dd81f55787e496249bb4111007562ef5 - Path: Packages/com.unity.2d.tilemap/Editor/Icons/d_EditorUI.TargetHover@4x.png - Importer: ScriptedImporter/UnityEditor.QuickSearchModule:UnityEditor.Search:ASIAI0B' with importer (ScriptedImporter : UnityEditor.QuickSearchModule:UnityEditor.Search:ASIAI0B)
Imported 'GUID: dd81f55787e496249bb4111007562ef5' -> (Import Result ID: '90304cd64e9d9b72944fa26969c04d64') in 0.005 seconds [static and dynamic dependencies]. Details - ImportResultOutputID=63e3cbb831a59b4a8df96b1fa3070af9 DependenciesID=885bfffa259184f5293dec6b7a2a9da5 StaticDependenciesID=5d38b2380b1be8962ca1606642cce1a4 
Number of updated asset objects reloaded before import = 0
Number of asset objects unloaded after import = 3
========================================================================
Received Import Request.
  Time of request: 2026-10-02T14:24:19.759382Z
  Time since last request: 0.00035033 seconds.
  importAddress: GUID: e88839abd78a4233a27f8885c9c95714 - Path: Packages/com.unity.2d.tilemap/Editor/UI/TextUtility.cs - Importer: ScriptedImporter/UnityEditor.QuickSearchModule:UnityEditor.Search:ASIAI0B
Importing 'GUID: e88839abd78a4233a27f8885c9c95714 - Path: Packages/com.unity.2d.tilemap/Editor/UI/TextUtility.cs - Importer: ScriptedImporter/UnityEditor.QuickSearchModule:UnityEditor.Search:ASIAI0B' with importer (ScriptedImporter : UnityEditor.QuickSearchModule:UnityEditor.Search:ASIAI0B)
Imported 'GUID: e88839abd78a4233a27f8885c9c95714' -> (Import Result ID: '3f8aefb424ebc9252cc72f698178af1e') in 0.001 seconds [static and dynamic dependencies]. Details - ImportResultOutputID=cd14cd3cc7be73c7b33252c5dbab4d0a DependenciesID=e98557a5b64abf7231605f5a17441bec StaticDependenciesID=a002df945554d714af37def860fb8567 
Number of updated asset objects reloaded before import = 0
Number of asset objects unloaded after import = 0
========================================================================
Received Import Request.
  Time of request: 2026-10-02T14:24:19.767246Z
  Time since last request: 0.000377855 seconds.
  importAddress: GUID: bb25d1497abf4a148fda776ffb528cf4 - Path: Packages/com.unity.2d.tilemap/Editor/UI/TilePaletteCreateTargetsDropdownMenu.cs - Importer: ScriptedImporter/UnityEditor.QuickSearchModule:UnityEditor.Search:ASIAI0B
Importing 'GUID: bb25d1497abf4a148fda776ffb528cf4 - Path: Packages/com.unity.2d.tilemap/Editor/UI/TilePaletteCreateTargetsDropdownMenu.cs - Importer: ScriptedImporter/UnityEditor.QuickSearchModule:UnityEditor.Search:ASIAI0B' with importer (ScriptedImporter : UnityEditor.QuickSearchModule:UnityEditor.Search:ASIAI0B)
Imported 'GUID: bb25d1497abf4a148fda776ffb528cf4' -> (Import Result ID: '83a9e1da0b8e01bb142cc7d93f0d5930') in 0.001 seconds [static and dynamic dependencies]. Details - ImportResultOutputID=a6dcffb89f6a3bbd723e5ea6f4b86111 DependenciesID=371efc359f952bf2778887b42f5362e9 StaticDependenciesID=32111947dc67cd83097099ad3dad4256 
Number of updated asset objects reloaded before import = 0
Number of asset objects unloaded after import = 0
========================================================================
Received Import Request.
  Time of request: 2026-10-02T14:24:19.776181Z
  Time since last request: 0.000487646 seconds.
  importAddress: GUID: 38d7d4ae5ba301c48a9c37d530dff736 - Path: Packages/com.unity.2d.tilemap/Editor/PaintableGrid.cs - Importer: ScriptedImporter/UnityEditor.QuickSearchModule:UnityEditor.Search:ASIAI0B
Importing 'GUID: 38d7d4ae5ba301c48a9c37d530dff736 - Path: Packages/com.unity.2d.tilemap/Editor/PaintableGrid.cs - Importer: ScriptedImporter/UnityEditor.QuickSearchModule:UnityEditor.Search:ASIAI0B' with importer (ScriptedImporter : UnityEditor.QuickSearchModule:UnityEditor.Search:ASIAI0B)
Imported 'GUID: 38d7d4ae5ba301c48a9c37d530dff736' -> (Import Result ID: '5e401000737d8cf404484ffaab79d66c') in 0.001 seconds [static and dynamic dependencies]. Details - ImportResultOutputID=fc9ca40bf111f974158d8ccedb93e180 DependenciesID=5ee6bc776e0a1d312cf8aa644d9240a9 StaticDependenciesID=4f5977c9fbca90e943a8467c9c265210 
Number of updated asset objects reloaded before import = 0
Number of asset objects unloaded after import = 0
========================================================================
Received Import Request.
  Time of request: 2026-10-02T14:24:19.784117Z
  Time since last request: 0.00044633 seconds.
  importAddress: GUID: 241898342fd2d2d478d8d74aff380666 - Path: Packages/com.unity.2d.tilemap/Editor/CreateTileFromPaletteAttribute.cs - Importer: ScriptedImporter/UnityEditor.QuickSearchModule:UnityEditor.Search:ASIAI0B
Importing 'GUID: 241898342fd2d2d478d8d74aff380666 - Path: Packages/com.unity.2d.tilemap/Editor/CreateTileFromPaletteAttribute.cs - Importer: ScriptedImporter/UnityEditor.QuickSearchModule:UnityEditor.Search:ASIAI0B' with importer (ScriptedImporter : UnityEditor.QuickSearchModule:UnityEditor.Search:ASIAI0B)
Imported 'GUID: 241898342fd2d2d478d8d74aff380666' -> (Import Result ID: 'cc25cc6e27638caa8c2e9786496bde99') in 0.001 seconds [static and dynamic dependencies]. Details - ImportResultOutputID=60face16d3a97b1f0d094aba45d3831a DependenciesID=e5309426e386f7c1663112c049d48d9c StaticDependenciesID=d6ee6012d56696805a3d4b5068e39579 
Number of updated asset objects reloaded before import = 0
Number of asset objects unloaded after import = 0
========================================================================
Received Import Request.
  Time of request: 2026-10-02T14:24:19.791961Z
  Time since last request: 0.000328858 seconds.
  importAddress: GUID: f8e23945cefaa614da36fe203225170a - Path: Packages/com.unity.2d.tilemap/Editor/Icons/d_Tilemap.TilePalette@2x.png - Importer: ScriptedImporter/UnityEditor.QuickSearchModule:UnityEditor.Search:ASIAI0B
Importing 'GUID: f8e23945cefaa614da36fe203225170a - Path: Packages/com.unity.2d.tilemap/Editor/Icons/d_Tilemap.TilePalette@2x.png - Importer: ScriptedImporter/UnityEditor.QuickSearchModule:UnityEditor.Search:ASIAI0B' with importer (ScriptedImporter : UnityEditor.QuickSearchModule:UnityEditor.Search:ASIAI0B)
Imported 'GUID: f8e23945cefaa614da36fe203225170a' -> (Import Result ID: '3dc38c5dbc61c349ad78f6d4b9a8d3d1') in 0.003 seconds [static and dynamic dependencies]. Details - ImportResultOutputID=17e5ad1008c85f3b526bbac125fad2ff DependenciesID=7d80b4c78f01a09e4c1d453daa0a95b2 StaticDependenciesID=d751753774f3dfe780eeb1d3d4962835 
Number of updated asset objects reloaded before import = 0
Number of asset objects unloaded after import = 3
========================================================================
Received Import Request.
  Time of request: 2026-10-02T14:24:19.801354Z
  Time since last request: 0.000393091 seconds.
  importAddress: GUID: c130b41d1f572a14793b146add3d6e3f - Path: Packages/com.unity.2d.tilemap/Editor/Icons/d_EditorUI.TargetHover.png - Importer: ScriptedImporter/UnityEditor.QuickSearchModule:UnityEditor.Search:ASIAI0B
Importing 'GUID: c130b41d1f572a14793b146add3d6e3f - Path: Packages/com.unity.2d.tilemap/Editor/Icons/d_EditorUI.TargetHover.png - Importer: ScriptedImporter/UnityEditor.QuickSearchModule:UnityEditor.Search:ASIAI0B' with importer (ScriptedImporter : UnityEditor.QuickSearchModule:UnityEditor.Search:ASIAI0B)
Imported 'GUID: c130b41d1f572a14793b146add3d6e3f' -> (Import Result ID: 'db3040ad121faf98e16c2e03ee85e09d') in 0.003 seconds [static and dynamic dependencies]. Details - ImportResultOutputID=211daafddc41f89b97cc84a1d3a00d4a DependenciesID=067b9f07a7a7196974a869df00cf2a2d StaticDependenciesID=b00545124c178034ae9ffe01bf877288 
Number of updated asset objects reloaded before import = 0
Number of asset objects unloaded after import = 3
========================================================================
Received Import Request.
  Time of request: 2026-10-02T14:24:19.810938Z
  Time since last request: 0.000273153 seconds.
  importAddress: GUID: 99c3717808acc0f43b394ab3e10da8bb - Path: Packages/com.unity.2d.tilemap/Editor/Icons/d_Tilemap.ActiveTargetLayers.png - Importer: ScriptedImporter/UnityEditor.QuickSearchModule:UnityEditor.Search:ASIAI0B
Importing 'GUID: 99c3717808acc0f43b394ab3e10da8bb - Path: Packages/com.unity.2d.tilemap/Editor/Icons/d_Tilemap.ActiveTargetLayers.png - Importer: ScriptedImporter/UnityEditor.QuickSearchModule:UnityEditor.Search:ASIAI0B' with importer (ScriptedImporter : UnityEditor.QuickSearchModule:UnityEditor.Search:ASIAI0B)
Imported 'GUID: 99c3717808acc0f43b394ab3e10da8bb' -> (Import Result ID: '012a6f4a2e7d1eb9b1315309a47bb4b5') in 0.003 seconds [static and dynamic dependencies]. Details - ImportResultOutputID=809d48749a6c7259aaa5a009c88df881 DependenciesID=1146ae8b1d4859a0f827f46614eeed31 StaticDependenciesID=2efc9b33af724cc9c51f1cf614573d01 
Number of updated asset objects reloaded before import = 0
Number of asset objects unloaded after import = 3
========================================================================
Received Import Request.
  Time of request: 2026-10-02T14:24:19.82079Z
  Time since last request: 0.000272064 seconds.
  importAddress: GUID: 4009bdfbd908ccf41a101be04ed6567d - Path: Packages/com.unity.2d.tilemap/Editor/GridBrush.cs - Importer: ScriptedImporter/UnityEditor.QuickSearchModule:UnityEditor.Search:ASIAI0B
Importing 'GUID: 4009bdfbd908ccf41a101be04ed6567d - Path: Packages/com.unity.2d.tilemap/Editor/GridBrush.cs - Importer: ScriptedImporter/UnityEditor.QuickSearchModule:UnityEditor.Search:ASIAI0B' with importer (ScriptedImporter : UnityEditor.QuickSearchModule:UnityEditor.Search:ASIAI0B)
Imported 'GUID: 4009bdfbd908ccf41a101be04ed6567d' -> (Import Result ID: 'f2c4462e0f1d10cec3505f541562f04a') in 0.002 seconds [static and dynamic dependencies]. Details - ImportResultOutputID=2d6f9de8789f6f5a2921edb12ae36eb3 DependenciesID=013e41156edc61da82018d30867e8fc3 StaticDependenciesID=44d34b985de7bb3773316d620ec6c070 
Number of updated asset objects reloaded before import = 0
Number of asset objects unloaded after import = 0
========================================================================
Received Import Request.
  Time of request: 2026-10-02T14:24:19.829588Z
  Time since last request: 0.000334823 seconds.
  importAddress: GUID: 67ffa6242c6ee9246a64038878f96adc - Path: Packages/com.unity.2d.tilemap/Editor/GridSelection.cs - Importer: ScriptedImporter/UnityEditor.QuickSearchModule:UnityEditor.Search:ASIAI0B
Importing 'GUID: 67ffa6242c6ee9246a64038878f96adc - Path: Packages/com.unity.2d.tilemap/Editor/GridSelection.cs - Importer: ScriptedImporter/UnityEditor.QuickSearchModule:UnityEditor.Search:ASIAI0B' with importer (ScriptedImporter : UnityEditor.QuickSearchModule:UnityEditor.Search:ASIAI0B)
Imported 'GUID: 67ffa6242c6ee9246a64038878f96adc' -> (Import Result ID: '0160ebe26b72931c8e21da217300e18d') in 0.001 seconds [static and dynamic dependencies]. Details - ImportResultOutputID=4592674d4e8683dd735e439b07fc41c8 DependenciesID=7533db2bd59ce9a8c5ead505ed92ad5a StaticDependenciesID=7f645f05c92e28fd22ee50c7baa9fe44 
Number of updated asset objects reloaded before import = 0
Number of asset objects unloaded after import = 0
========================================================================
Received Import Request.
  Time of request: 2026-10-02T14:24:19.837339Z
  Time since last request: 0.000463368 seconds.
  importAddress: GUID: 0edd9d84d73c14b4fa94b44acc4c53d1 - Path: Packages/com.unity.2d.tilemap/Editor/SceneViewOpenTilePaletteHelper.cs - Importer: ScriptedImporter/UnityEditor.QuickSearchModule:UnityEditor.Search:ASIAI0B
Importing 'GUID: 0edd9d84d73c14b4fa94b44acc4c53d1 - Path: Packages/com.unity.2d.tilemap/Editor/SceneViewOpenTilePaletteHelper.cs - Importer: ScriptedImporter/UnityEditor.QuickSearchModule:UnityEditor.Search:ASIAI0B' with importer (ScriptedImporter : UnityEditor.QuickSearchModule:UnityEditor.Search:ASIAI0B)
Imported 'GUID: 0edd9d84d73c14b4fa94b44acc4c53d1' -> (Import Result ID: '111f0b518cd16d5beeff37aa14ebf28b') in 0.001 seconds [static and dynamic dependencies]. Details - ImportResultOutputID=b59ebcc102081e1e42cda052e8001680 DependenciesID=6e026a8c1fa19d70d01dc0c688d69541 StaticDependenciesID=22b5e16e4d52e31d7f5428e917f3fbd3 
Number of updated asset objects reloaded before import = 0
Number of asset objects unloaded after import = 0
========================================================================
Received Import Request.
  Time of request: 2026-10-02T14:24:19.846315Z
  Time since last request: 0.000574345 seconds.
  importAddress: GUID: b870da3ede4ee144d8631c9ef0a3a66c - Path: Packages/com.unity.2d.tilemap/Editor/AssemblyInfo.cs - Importer: ScriptedImporter/UnityEditor.QuickSearchModule:UnityEditor.Search:ASIAI0B
Importing 'GUID: b870da3ede4ee144d8631c9ef0a3a66c - Path: Packages/com.unity.2d.tilemap/Editor/AssemblyInfo.cs - Importer: ScriptedImporter/UnityEditor.QuickSearchModule:UnityEditor.Search:ASIAI0B' with importer (ScriptedImporter : UnityEditor.QuickSearchModule:UnityEditor.Search:ASIAI0B)
Imported 'GUID: b870da3ede4ee144d8631c9ef0a3a66c' -> (Import Result ID: 'd40c1555809e6f942554c20a0e311e49') in 0.001 seconds [static and dynamic dependencies]. Details - ImportResultOutputID=2a45f04590c307221aa1c59acd2b38e6 DependenciesID=cbbf4590f48734bad8d0edf3a111d0ea StaticDependenciesID=71a61e9f0ded8261a1f21fcc9a572673 
Number of updated asset objects reloaded before import = 0
Number of asset objects unloaded after import = 0
========================================================================
Received Import Request.
  Time of request: 2026-10-02T14:24:19.854153Z
  Time since last request: 0.000326821 seconds.
  importAddress: GUID: 45612d93bb71d8f48bb1dba4b0f5caac - Path: Packages/com.unity.2d.tilemap/Editor/Icons/Tilemap.BrushPicks@4x.png - Importer: ScriptedImporter/UnityEditor.QuickSearchModule:UnityEditor.Search:ASIAI0B
Importing 'GUID: 45612d93bb71d8f48bb1dba4b0f5caac - Path: Packages/com.unity.2d.tilemap/Editor/Icons/Tilemap.BrushPicks@4x.png - Importer: ScriptedImporter/UnityEditor.QuickSearchModule:UnityEditor.Search:ASIAI0B' with importer (ScriptedImporter : UnityEditor.QuickSearchModule:UnityEditor.Search:ASIAI0B)
Imported 'GUID: 45612d93bb71d8f48bb1dba4b0f5caac' -> (Import Result ID: 'c99890e52517988b90a97244eea14f85') in 0.003 seconds [static and dynamic dependencies]. Details - ImportResultOutputID=24255fadb5385b2fdc5401aa01512666 DependenciesID=913c50fb8e950eef2fd841d01a4a11ac StaticDependenciesID=b1ca4e2d3b63f3390e6ef3ef5c7a503e 
Number of updated asset objects reloaded before import = 0
Number of asset objects unloaded after import = 3
========================================================================
Received Import Request.
  Time of request: 2026-10-02T14:24:19.864122Z
  Time since last request: 0.000526004 seconds.
  importAddress: GUID: 1407207e0ba5c48f3a24bdbea0fa84b5 - Path: Packages/com.unity.2d.tilemap/Editor/ObjectCreationMenu/DefaultAssetCreation.cs - Importer: ScriptedImporter/UnityEditor.QuickSearchModule:UnityEditor.Search:ASIAI0B
Importing 'GUID: 1407207e0ba5c48f3a24bdbea0fa84b5 - Path: Packages/com.unity.2d.tilemap/Editor/ObjectCreationMenu/DefaultAssetCreation.cs - Importer: ScriptedImporter/UnityEditor.QuickSearchModule:UnityEditor.Search:ASIAI0B' with importer (ScriptedImporter : UnityEditor.QuickSearchModule:UnityEditor.Search:ASIAI0B)
Imported 'GUID: 1407207e0ba5c48f3a24bdbea0fa84b5' -> (Import Result ID: '2ab9829d83152625d6a6158b7e840e88') in 0.001 seconds [static and dynamic dependencies]. Details - ImportResultOutputID=81a2c3353b5472e3e055b9b286a39555 DependenciesID=8fa1675257ab5625a6d281974b3e4b98 StaticDependenciesID=bb5185a5868b84c77d3cf5cca7868b95 
Number of updated asset objects reloaded before import = 0
Number of asset objects unloaded after import = 0
========================================================================
Received Import Request.
  Time of request: 2026-10-02T14:24:19.871739Z
  Time since last request: 0.000301503 seconds.
  importAddress: GUID: 66bb00887f3170c4a95b989d392049ec - Path: Packages/com.unity.2d.tilemap/Editor/Icons/d_Grid.RotateCW.png - Importer: ScriptedImporter/UnityEditor.QuickSearchModule:UnityEditor.Search:ASIAI0B
Importing 'GUID: 66bb00887f3170c4a95b989d392049ec - Path: Packages/com.unity.2d.tilemap/Editor/Icons/d_Grid.RotateCW.png - Importer: ScriptedImporter/UnityEditor.QuickSearchModule:UnityEditor.Search:ASIAI0B' with importer (ScriptedImporter : UnityEditor.QuickSearchModule:UnityEditor.Search:ASIAI0B)
Imported 'GUID: 66bb00887f3170c4a95b989d392049ec' -> (Import Result ID: 'fce48827016c502301204e9bd110205a') in 0.004 seconds [static and dynamic dependencies]. Details - ImportResultOutputID=5755eb0fb8f3dc1acafb9a2e5a6091c9 DependenciesID=b3621170a3245a2920483999bf316d9c StaticDependenciesID=5ac2d91f2159d9b85a89b266d66d4468 
Number of updated asset objects reloaded before import = 0
Number of asset objects unloaded after import = 3
========================================================================
Received Import Request.
  Time of request: 2026-10-02T14:24:19.882556Z
  Time since last request: 0.000220809 seconds.
  importAddress: GUID: b3cfa46cb726ab64f94c35306c0d9508 - Path: Packages/com.unity.2d.tilemap/Editor/GridPalettes.cs - Importer: ScriptedImporter/UnityEditor.QuickSearchModule:UnityEditor.Search:ASIAI0B
Importing 'GUID: b3cfa46cb726ab64f94c35306c0d9508 - Path: Packages/com.unity.2d.tilemap/Editor/GridPalettes.cs - Importer: ScriptedImporter/UnityEditor.QuickSearchModule:UnityEditor.Search:ASIAI0B' with importer (ScriptedImporter : UnityEditor.QuickSearchModule:UnityEditor.Search:ASIAI0B)
Imported 'GUID: b3cfa46cb726ab64f94c35306c0d9508' -> (Import Result ID: 'ab060abc8a3864bda13075cdcf1af4e7') in 0.001 seconds [static and dynamic dependencies]. Details - ImportResultOutputID=50a0458261b1c36379d5c8dec8cb74a8 DependenciesID=8e3451df69e65fb29e73dd1332dd76f1 StaticDependenciesID=0e645a7453ed4a49cb9ef345a309f74f 
Number of updated asset objects reloaded before import = 0
Number of asset objects unloaded after import = 0
========================================================================
Received Import Request.
  Time of request: 2026-10-02T14:24:19.890324Z
  Time since last request: 0.000467537 seconds.
  importAddress: GUID: b3f6a0922e3511840813c51882c0907b - Path: Packages/com.unity.2d.tilemap/Editor/Icons/d_Tilemap.ShowTilePalette@2x.png - Importer: ScriptedImporter/UnityEditor.QuickSearchModule:UnityEditor.Search:ASIAI0B
Importing 'GUID: b3f6a0922e3511840813c51882c0907b - Path: Packages/com.unity.2d.tilemap/Editor/Icons/d_Tilemap.ShowTilePalette@2x.png - Importer: ScriptedImporter/UnityEditor.QuickSearchModule:UnityEditor.Search:ASIAI0B' with importer (ScriptedImporter : UnityEditor.QuickSearchModule:UnityEditor.Search:ASIAI0B)
Imported 'GUID: b3f6a0922e3511840813c51882c0907b' -> (Import Result ID: 'b5fbb71c77dc2992404da9d6574d6151') in 0.003 seconds [static and dynamic dependencies]. Details - ImportResultOutputID=d23fc0ecf8fcf5f2f3f45e235cadd390 DependenciesID=74f469e46103656038548d2c25163a5f StaticDependenciesID=c00ec8f2f49f704bf1e889dad8a6b82a 
Number of updated asset objects reloaded before import = 0
Number of asset objects unloaded after import = 3
========================================================================
Received Import Request.
  Time of request: 2026-10-02T14:24:19.900031Z
  Time since last request: 0.00043305 seconds.
  importAddress: GUID: 1cea3c0d30c40344881603d28240cfd3 - Path: Packages/com.unity.2d.tilemap/Editor/Icons/d_Tilemap.BrushSettings.png - Importer: ScriptedImporter/UnityEditor.QuickSearchModule:UnityEditor.Search:ASIAI0B
Importing 'GUID: 1cea3c0d30c40344881603d28240cfd3 - Path: Packages/com.unity.2d.tilemap/Editor/Icons/d_Tilemap.BrushSettings.png - Importer: ScriptedImporter/UnityEditor.QuickSearchModule:UnityEditor.Search:ASIAI0B' with importer (ScriptedImporter : UnityEditor.QuickSearchModule:UnityEditor.Search:ASIAI0B)
Imported 'GUID: 1cea3c0d30c40344881603d28240cfd3' -> (Import Result ID: '96273770ca35935f0138f1a188294150') in 0.003 seconds [static and dynamic dependencies]. Details - ImportResultOutputID=801a8fb5e6d0616a6ef7cf2782cb7e37 DependenciesID=b25bf2bb54398620f1945a2a3c81bc49 StaticDependenciesID=39d19bc980e8a480a6abb5dbcfc2ab66 
Number of updated asset objects reloaded before import = 0
Number of asset objects unloaded after import = 3
========================================================================
Received Import Request.
  Time of request: 2026-10-02T14:24:19.909991Z
  Time since last request: 0.000394005 seconds.
  importAddress: GUID: b8096dde849bb6f4f98cadbbf04ab6d9 - Path: Packages/com.unity.2d.tilemap/Editor/EditorTools/GridSelection - Importer: ScriptedImporter/UnityEditor.QuickSearchModule:UnityEditor.Search:ASIAI0B
Importing 'GUID: b8096dde849bb6f4f98cadbbf04ab6d9 - Path: Packages/com.unity.2d.tilemap/Editor/EditorTools/GridSelection - Importer: ScriptedImporter/UnityEditor.QuickSearchModule:UnityEditor.Search:ASIAI0B' with importer (ScriptedImporter : UnityEditor.QuickSearchModule:UnityEditor.Search:ASIAI0B)
Imported 'GUID: b8096dde849bb6f4f98cadbbf04ab6d9' -> (Import Result ID: '4b21b584f04182dd20155432bf174575') in 0.001 seconds [static and dynamic dependencies]. Details - ImportResultOutputID=808deefa8485af536ce06dc8d610dd9c DependenciesID=d18c0b941aa9c65521b6b4252609395d StaticDependenciesID=735f0bee6e32676eedb4d0f7cd085dff 
Number of updated asset objects reloaded before import = 0
Number of asset objects unloaded after import = 1
========================================================================
Received Import Request.
  Time of request: 2026-10-02T14:24:19.917668Z
  Time since last request: 0.000321815 seconds.
  importAddress: GUID: 007e8b9701e00aa4b934ca58ee397b03 - Path: Packages/com.unity.2d.tilemap/Editor/GridSelectionEditor.cs - Importer: ScriptedImporter/UnityEditor.QuickSearchModule:UnityEditor.Search:ASIAI0B
Importing 'GUID: 007e8b9701e00aa4b934ca58ee397b03 - Path: Packages/com.unity.2d.tilemap/Editor/GridSelectionEditor.cs - Importer: ScriptedImporter/UnityEditor.QuickSearchModule:UnityEditor.Search:ASIAI0B' with importer (ScriptedImporter : UnityEditor.QuickSearchModule:UnityEditor.Search:ASIAI0B)
Imported 'GUID: 007e8b9701e00aa4b934ca58ee397b03' -> (Import Result ID: 'f41ae16bcad2af5969d30dace2d2b48d') in 0.001 seconds [static and dynamic dependencies]. Details - ImportResultOutputID=803203b2dd16631a20622aca133b8e0b DependenciesID=751a126eaa4aa2db0ac0b2a9cb27bf95 StaticDependenciesID=3e20400e503bd4ad3f483cca470b1aa4 
Number of updated asset objects reloaded before import = 0
Number of asset objects unloaded after import = 0
========================================================================
Received Import Request.
  Time of request: 2026-10-02T14:24:19.925568Z
  Time since last request: 0.000210885 seconds.
  importAddress: GUID: b375422385f769844a35ff7743e8f1bb - Path: Packages/com.unity.2d.tilemap/Editor/Icons/Tilemap.ShowGrid@4x.png - Importer: ScriptedImporter/UnityEditor.QuickSearchModule:UnityEditor.Search:ASIAI0B
Importing 'GUID: b375422385f769844a35ff7743e8f1bb - Path: Packages/com.unity.2d.tilemap/Editor/Icons/Tilemap.ShowGrid@4x.png - Importer: ScriptedImporter/UnityEditor.QuickSearchModule:UnityEditor.Search:ASIAI0B' with importer (ScriptedImporter : UnityEditor.QuickSearchModule:UnityEditor.Search:ASIAI0B)
Imported 'GUID: b375422385f769844a35ff7743e8f1bb' -> (Import Result ID: '547f8213a3d9fcd2fa7c5d8814cc0f4e') in 0.003 seconds [static and dynamic dependencies]. Details - ImportResultOutputID=6a7c59d84757977377101fb9e2f41840 DependenciesID=35bcb23a5bfdc322bcf32aa2311307b4 StaticDependenciesID=1e2b2136645538d247b2a5ec1ea11673 
Number of updated asset objects reloaded before import = 0
Number of asset objects unloaded after import = 3
========================================================================
Received Import Request.
  Time of request: 2026-10-02T14:24:19.935116Z
  Time since last request: 0.000187234 seconds.
  importAddress: GUID: 63154732be07c2242a369890e0f80a72 - Path: Packages/com.unity.2d.tilemap/Editor/Icons/Tilemap.ShowGrid.png - Importer: ScriptedImporter/UnityEditor.QuickSearchModule:UnityEditor.Search:ASIAI0B
Importing 'GUID: 63154732be07c2242a369890e0f80a72 - Path: Packages/com.unity.2d.tilemap/Editor/Icons/Tilemap.ShowGrid.png - Importer: ScriptedImporter/UnityEditor.QuickSearchModule:UnityEditor.Search:ASIAI0B' with importer (ScriptedImporter : UnityEditor.QuickSearchModule:UnityEditor.Search:ASIAI0B)
Imported 'GUID: 63154732be07c2242a369890e0f80a72' -> (Import Result ID: '64337c2b9d1794874f160897448b2795') in 0.003 seconds [static and dynamic dependencies]. Details - ImportResultOutputID=fc036812ef0a0ee2c9a344ed72f90f71 DependenciesID=ca0c8e668f9ca7f78bce9419950460d0 StaticDependenciesID=bb629ef5b74e4c83e6a43b1fbae3353d 
Number of updated asset objects reloaded before import = 0
Number of asset objects unloaded after import = 3
========================================================================
Received Import Request.
  Time of request: 2026-10-02T14:24:19.945302Z
  Time since last request: 0.000456699 seconds.
  importAddress: GUID: bd1051621083e784fb548003ae41bf3d - Path: Packages/com.unity.2d.tilemap/Editor/TilemapPrefabStageHelper.cs - Importer: ScriptedImporter/UnityEditor.QuickSearchModule:UnityEditor.Search:ASIAI0B
Importing 'GUID: bd1051621083e784fb548003ae41bf3d - Path: Packages/com.unity.2d.tilemap/Editor/TilemapPrefabStageHelper.cs - Importer: ScriptedImporter/UnityEditor.QuickSearchModule:UnityEditor.Search:ASIAI0B' with importer (ScriptedImporter : UnityEditor.QuickSearchModule:UnityEditor.Search:ASIAI0B)
Imported 'GUID: bd1051621083e784fb548003ae41bf3d' -> (Import Result ID: '73fc1d835fef106f6a4585e6af4c8e83') in 0.001 seconds [static and dynamic dependencies]. Details - ImportResultOutputID=d86ac62b0acf808fb75e6061b4275a8f DependenciesID=078e3f90769cc940b381bdd6b6ff855b StaticDependenciesID=f1e65080b752dd1e113c4c295999a789 
Number of updated asset objects reloaded before import = 0
Number of asset objects unloaded after import = 0
========================================================================
Received Import Request.
  Time of request: 2026-10-02T14:24:19.952772Z
  Time since last request: 0.000289548 seconds.
  importAddress: GUID: 8dc999fb86ea8ae49b4cc23cf7d6afd1 - Path: Packages/com.unity.2d.tilemap/Editor/UI/TilePaletteBrushesDropdownToggle.cs - Importer: ScriptedImporter/UnityEditor.QuickSearchModule:UnityEditor.Search:ASIAI0B
Importing 'GUID: 8dc999fb86ea8ae49b4cc23cf7d6afd1 - Path: Packages/com.unity.2d.tilemap/Editor/UI/TilePaletteBrushesDropdownToggle.cs - Importer: ScriptedImporter/UnityEditor.QuickSearchModule:UnityEditor.Search:ASIAI0B' with importer (ScriptedImporter : UnityEditor.QuickSearchModule:UnityEditor.Search:ASIAI0B)
Imported 'GUID: 8dc999fb86ea8ae49b4cc23cf7d6afd1' -> (Import Result ID: '82c29b6c4b3f9f4599ff95aad3cd7e98') in 0.001 seconds [static and dynamic dependencies]. Details - ImportResultOutputID=fd5473aae4c3c9f565f33f0e09d26c06 DependenciesID=9db87226cee6227b40a5b550aace7421 StaticDependenciesID=37fe5e213f1e776103b0a95e93bd8070 
Number of updated asset objects reloaded before import = 0
Number of asset objects unloaded after import = 0
========================================================================
Received Import Request.
  Time of request: 2026-10-02T14:24:19.960664Z
  Time since last request: 0.000534859 seconds.
  importAddress: GUID: ce315ea6e6e86a740b10e02dda0d0e9c - Path: Packages/com.unity.2d.tilemap/Editor/Icons/Tilemap.ActiveTargetLayers@4x.png - Importer: ScriptedImporter/UnityEditor.QuickSearchModule:UnityEditor.Search:ASIAI0B
Importing 'GUID: ce315ea6e6e86a740b10e02dda0d0e9c - Path: Packages/com.unity.2d.tilemap/Editor/Icons/Tilemap.ActiveTargetLayers@4x.png - Importer: ScriptedImporter/UnityEditor.QuickSearchModule:UnityEditor.Search:ASIAI0B' with importer (ScriptedImporter : UnityEditor.QuickSearchModule:UnityEditor.Search:ASIAI0B)
Imported 'GUID: ce315ea6e6e86a740b10e02dda0d0e9c' -> (Import Result ID: '9bfb943ddc19416b8b6d3ed42d038b5f') in 0.005 seconds [static and dynamic dependencies]. Details - ImportResultOutputID=dfcb4e107d8a092b00ac6c52bfa8da6d DependenciesID=55f144a9481ba45a087b725948539c10 StaticDependenciesID=6a5268541d0a59878ddb870a4859488d 
Number of updated asset objects reloaded before import = 0
Number of asset objects unloaded after import = 3
========================================================================
Received Import Request.
  Time of request: 2026-10-02T14:24:19.972529Z
  Time since last request: 0.000346809 seconds.
  importAddress: GUID: 3a9781db4804a9945b9883f3a7c46d45 - Path: Packages/com.unity.2d.tilemap/Editor/Unity.2D.Tilemap.Editor.asmdef - Importer: ScriptedImporter/UnityEditor.QuickSearchModule:UnityEditor.Search:ASIAI0B
Importing 'GUID: 3a9781db4804a9945b9883f3a7c46d45 - Path: Packages/com.unity.2d.tilemap/Editor/Unity.2D.Tilemap.Editor.asmdef - Importer: ScriptedImporter/UnityEditor.QuickSearchModule:UnityEditor.Search:ASIAI0B' with importer (ScriptedImporter : UnityEditor.QuickSearchModule:UnityEditor.Search:ASIAI0B)
Imported 'GUID: 3a9781db4804a9945b9883f3a7c46d45' -> (Import Result ID: '76e8bad5d57bad4b4b539c54fef8c365') in 0.001 seconds [static and dynamic dependencies]. Details - ImportResultOutputID=d42ac6d463a32ce2bd7121a29d7f542c DependenciesID=8e077ff094c703ab128fe979dcfa180e StaticDependenciesID=3c02d54e190bcf9c911888f857d129d5 
Number of updated asset objects reloaded before import = 0
Number of asset objects unloaded after import = 1
========================================================================
Received Import Request.
  Time of request: 2026-10-02T14:24:19.980359Z
  Time since last request: 0.000249095 seconds.
  importAddress: GUID: 367a9e3649215be42869f99bdeecbab6 - Path: Packages/com.unity.2d.tilemap/Editor/Icons/Grid.FlipX@2x.png - Importer: ScriptedImporter/UnityEditor.QuickSearchModule:UnityEditor.Search:ASIAI0B
Importing 'GUID: 367a9e3649215be42869f99bdeecbab6 - Path: Packages/com.unity.2d.tilemap/Editor/Icons/Grid.FlipX@2x.png - Importer: ScriptedImporter/UnityEditor.QuickSearchModule:UnityEditor.Search:ASIAI0B' with importer (ScriptedImporter : UnityEditor.QuickSearchModule:UnityEditor.Search:ASIAI0B)
Imported 'GUID: 367a9e3649215be42869f99bdeecbab6' -> (Import Result ID: '4129c271ef462ddd284390a98666447c') in 0.003 seconds [static and dynamic dependencies]. Details - ImportResultOutputID=bd37eefc8686d0bb114df36973f22f7e DependenciesID=fe5c8d038973c70300df704106348489 StaticDependenciesID=6556dbef86bef2fd1107aee830277e37 
Number of updated asset objects reloaded before import = 0
Number of asset objects unloaded after import = 3
========================================================================
Received Import Request.
  Time of request: 2026-10-02T14:24:19.989751Z
  Time since last request: 0.000320792 seconds.
  importAddress: GUID: 7f05a25b258e43f09384cfc0062723ed - Path: Packages/com.unity.2d.tilemap/Editor/TileSet/TileTemplate.cs - Importer: ScriptedImporter/UnityEditor.QuickSearchModule:UnityEditor.Search:ASIAI0B
Importing 'GUID: 7f05a25b258e43f09384cfc0062723ed - Path: Packages/com.unity.2d.tilemap/Editor/TileSet/TileTemplate.cs - Importer: ScriptedImporter/UnityEditor.QuickSearchModule:UnityEditor.Search:ASIAI0B' with importer (ScriptedImporter : UnityEditor.QuickSearchModule:UnityEditor.Search:ASIAI0B)
Imported 'GUID: 7f05a25b258e43f09384cfc0062723ed' -> (Import Result ID: '24f4fccfecc5188f888c7b4db012ae2a') in 0.001 seconds [static and dynamic dependencies]. Details - ImportResultOutputID=9e3822a5bf0cc2229f13930a2aa4483e DependenciesID=9c51c9878540a267a1c727a4e88c68ce StaticDependenciesID=0bc0ca10ce90bd5b4f9d4e41b876a0dc 
Number of updated asset objects reloaded before import = 0
Number of asset objects unloaded after import = 0
========================================================================
Received Import Request.
  Time of request: 2026-10-02T14:24:19.997294Z
  Time since last request: 0.00030197 seconds.
  importAddress: GUID: a3c4ea29a117e3f418ded11a50e4d52d - Path: Packages/com.unity.2d.tilemap/Editor/Icons/d_Grid.FlipY@2x.png - Importer: ScriptedImporter/UnityEditor.QuickSearchModule:UnityEditor.Search:ASIAI0B
Importing 'GUID: a3c4ea29a117e3f418ded11a50e4d52d - Path: Packages/com.unity.2d.tilemap/Editor/Icons/d_Grid.FlipY@2x.png - Importer: ScriptedImporter/UnityEditor.QuickSearchModule:UnityEditor.Search:ASIAI0B' with importer (ScriptedImporter : UnityEditor.QuickSearchModule:UnityEditor.Search:ASIAI0B)
Imported 'GUID: a3c4ea29a117e3f418ded11a50e4d52d' -> (Import Result ID: 'eb2ed5671630a2d2f867fe84857154a5') in 0.003 seconds [static and dynamic dependencies]. Details - ImportResultOutputID=da7551394ee4343d0d3ebeea463e1755 DependenciesID=af568f9a1679e9664af48957cf059b04 StaticDependenciesID=af52a96ac046b66b06dcf11d6d6f3bbf 
Number of updated asset objects reloaded before import = 0
Number of asset objects unloaded after import = 3
========================================================================
Received Import Request.
  Time of request: 2026-10-02T14:24:20.00635Z
  Time since last request: 0.000311969 seconds.
  importAddress: GUID: 4b6b0d10629b2ea40846b0eed5b74f43 - Path: Packages/com.unity.2d.tilemap/Editor/Icons/Tilemap.ShowTilePalette.png - Importer: ScriptedImporter/UnityEditor.QuickSearchModule:UnityEditor.Search:ASIAI0B
Importing 'GUID: 4b6b0d10629b2ea40846b0eed5b74f43 - Path: Packages/com.unity.2d.tilemap/Editor/Icons/Tilemap.ShowTilePalette.png - Importer: ScriptedImporter/UnityEditor.QuickSearchModule:UnityEditor.Search:ASIAI0B' with importer (ScriptedImporter : UnityEditor.QuickSearchModule:UnityEditor.Search:ASIAI0B)
Imported 'GUID: 4b6b0d10629b2ea40846b0eed5b74f43' -> (Import Result ID: '3d8d106cf6ac5c8966bfc2419222e2da') in 0.003 seconds [static and dynamic dependencies]. Details - ImportResultOutputID=b9ba3c34751c150684c7173bb1455948 DependenciesID=62036909489c8c0f0628977af1b59804 StaticDependenciesID=0da57419c6c8eb9acc961322d997b6af 
Number of updated asset objects reloaded before import = 0
Number of asset objects unloaded after import = 3
========================================================================
Received Import Request.
  Time of request: 2026-10-02T14:24:20.015799Z
  Time since last request: 0.000307956 seconds.
  importAddress: GUID: 9c4b584fdcc16e84391e2a1f5235a9d3 - Path: Packages/com.unity.2d.tilemap/Editor/Icons/d_Tilemap.EditPalette@4x.png - Importer: ScriptedImporter/UnityEditor.QuickSearchModule:UnityEditor.Search:ASIAI0B
Importing 'GUID: 9c4b584fdcc16e84391e2a1f5235a9d3 - Path: Packages/com.unity.2d.tilemap/Editor/Icons/d_Tilemap.EditPalette@4x.png - Importer: ScriptedImporter/UnityEditor.QuickSearchModule:UnityEditor.Search:ASIAI0B' with importer (ScriptedImporter : UnityEditor.QuickSearchModule:UnityEditor.Search:ASIAI0B)
Imported 'GUID: 9c4b584fdcc16e84391e2a1f5235a9d3' -> (Import Result ID: '3beb7f8a1273bf1c84f292af03147620') in 0.003 seconds [static and dynamic dependencies]. Details - ImportResultOutputID=723c33db610ff4f479cc328a842421bb DependenciesID=e516cad3fc33cde6f967129d0e3d3519 StaticDependenciesID=996ac90e2398aadba5b43456243b9787 
Number of updated asset objects reloaded before import = 0
Number of asset objects unloaded after import = 3
========================================================================
Received Import Request.
  Time of request: 2026-10-02T14:24:20.024928Z
  Time since last request: 0.000341391 seconds.
  importAddress: GUID: 888033bb6c1374d44a56c290bc991950 - Path: Packages/com.unity.2d.tilemap/Editor/UI/TilePaletteBrushPanelButton.cs - Importer: ScriptedImporter/UnityEditor.QuickSearchModule:UnityEditor.Search:ASIAI0B
Importing 'GUID: 888033bb6c1374d44a56c290bc991950 - Path: Packages/com.unity.2d.tilemap/Editor/UI/TilePaletteBrushPanelButton.cs - Importer: ScriptedImporter/UnityEditor.QuickSearchModule:UnityEditor.Search:ASIAI0B' with importer (ScriptedImporter : UnityEditor.QuickSearchModule:UnityEditor.Search:ASIAI0B)
Imported 'GUID: 888033bb6c1374d44a56c290bc991950' -> (Import Result ID: '28ce5120964d91b1810762762df22a8c') in 0.001 seconds [static and dynamic dependencies]. Details - ImportResultOutputID=8f68f67184d6c416aecd4f673dd67671 DependenciesID=c1551a2e80c97ecb692c69e6c77002ca StaticDependenciesID=f053bd99890da8b551b37955c9793deb 
Number of updated asset objects reloaded before import = 0
Number of asset objects unloaded after import = 0
========================================================================
Received Import Request.
  Time of request: 2026-10-02T14:24:20.032581Z
  Time since last request: 0.000472017 seconds.
  importAddress: GUID: 72a3c6132d5e2ae48a1df56cfebbc7c2 - Path: Packages/com.unity.2d.tilemap/Editor/Icons/Tilemap.EditPalette@4x.png - Importer: ScriptedImporter/UnityEditor.QuickSearchModule:UnityEditor.Search:ASIAI0B
Importing 'GUID: 72a3c6132d5e2ae48a1df56cfebbc7c2 - Path: Packages/com.unity.2d.tilemap/Editor/Icons/Tilemap.EditPalette@4x.png - Importer: ScriptedImporter/UnityEditor.QuickSearchModule:UnityEditor.Search:ASIAI0B' with importer (ScriptedImporter : UnityEditor.QuickSearchModule:UnityEditor.Search:ASIAI0B)
Imported 'GUID: 72a3c6132d5e2ae48a1df56cfebbc7c2' -> (Import Result ID: '35884ae68a9bf0951526aadb174aa84f') in 0.004 seconds [static and dynamic dependencies]. Details - ImportResultOutputID=980f474c21ae2075ee4b7be4adf6755b DependenciesID=c6f2d1ea9308e98cb821203c4e635d24 StaticDependenciesID=6342d23c6b7a9e0aea8a4dbe53fcb894 
Number of updated asset objects reloaded before import = 0
Number of asset objects unloaded after import = 3
========================================================================
Received Import Request.
  Time of request: 2026-10-02T14:24:20.042841Z
  Time since last request: 0.000261629 seconds.
  importAddress: GUID: a700028b9cda49fd94ebc3806a2185f9 - Path: Packages/com.unity.2d.tilemap/Editor/UI/TilePaletteBrushModalElement.cs - Importer: ScriptedImporter/UnityEditor.QuickSearchModule:UnityEditor.Search:ASIAI0B
Importing 'GUID: a700028b9cda49fd94ebc3806a2185f9 - Path: Packages/com.unity.2d.tilemap/Editor/UI/TilePaletteBrushModalElement.cs - Importer: ScriptedImporter/UnityEditor.QuickSearchModule:UnityEditor.Search:ASIAI0B' with importer (ScriptedImporter : UnityEditor.QuickSearchModule:UnityEditor.Search:ASIAI0B)
Imported 'GUID: a700028b9cda49fd94ebc3806a2185f9' -> (Import Result ID: 'bd336fc80c66d0bd9d147120b0513807') in 0.001 seconds [static and dynamic dependencies]. Details - ImportResultOutputID=07c7c015e5c4f2f7469a0721c7dc57e6 DependenciesID=7dfb2cef5017aeebb291885c3c446aad StaticDependenciesID=ef99fd9d3dfd53edc4bfd99f8cad4cd6 
Number of updated asset objects reloaded before import = 0
Number of asset objects unloaded after import = 0
========================================================================
Received Import Request.
  Time of request: 2026-10-02T14:24:20.050715Z
  Time since last request: 0.00025897 seconds.
  importAddress: GUID: d3b2641fbdbb1f340ad9732102db591e - Path: Packages/com.unity.2d.tilemap/Editor/Icons/d_Tilemap.ActiveTargetLayers@2x.png - Importer: ScriptedImporter/UnityEditor.QuickSearchModule:UnityEditor.Search:ASIAI0B
Importing 'GUID: d3b2641fbdbb1f340ad9732102db591e - Path: Packages/com.unity.2d.tilemap/Editor/Icons/d_Tilemap.ActiveTargetLayers@2x.png - Importer: ScriptedImporter/UnityEditor.QuickSearchModule:UnityEditor.Search:ASIAI0B' with importer (ScriptedImporter : UnityEditor.QuickSearchModule:UnityEditor.Search:ASIAI0B)
Imported 'GUID: d3b2641fbdbb1f340ad9732102db591e' -> (Import Result ID: 'ce3bcc2a2564d7f4fc768468c8ef55be') in 0.003 seconds [static and dynamic dependencies]. Details - ImportResultOutputID=9ab7ec5de747e553cc0f6548b37c99c2 DependenciesID=d976e07b5991eebffeb0ac9018cbcddd StaticDependenciesID=d2307ce38d3e1d29cc97c50461acb41a 
Number of updated asset objects reloaded before import = 0
Number of asset objects unloaded after import = 3
========================================================================
Received Import Request.
  Time of request: 2026-10-02T14:24:20.059679Z
  Time since last request: 0.000246873 seconds.
  importAddress: GUID: 920ecfdb532776b4cb32b37e5bd9e6ff - Path: Packages/com.unity.2d.tilemap/Editor/Icons/Tilemap.TilePalette@4x.png - Importer: ScriptedImporter/UnityEditor.QuickSearchModule:UnityEditor.Search:ASIAI0B
Importing 'GUID: 920ecfdb532776b4cb32b37e5bd9e6ff - Path: Packages/com.unity.2d.tilemap/Editor/Icons/Tilemap.TilePalette@4x.png - Importer: ScriptedImporter/UnityEditor.QuickSearchModule:UnityEditor.Search:ASIAI0B' with importer (ScriptedImporter : UnityEditor.QuickSearchModule:UnityEditor.Search:ASIAI0B)
Imported 'GUID: 920ecfdb532776b4cb32b37e5bd9e6ff' -> (Import Result ID: 'e2dcafd123c691b0ca683641025d8b92') in 0.003 seconds [static and dynamic dependencies]. Details - ImportResultOutputID=887d09c53c46221f3593d9d0e834b14e DependenciesID=0e01aea05aa0204e5d268653ad6d2213 StaticDependenciesID=a11b0a5e0a6b7bcbb7de2b09b857268c 
Number of updated asset objects reloaded before import = 0
Number of asset objects unloaded after import = 3
========================================================================
Received Import Request.
  Time of request: 2026-10-02T14:24:20.069288Z
  Time since last request: 0.000348795 seconds.
  importAddress: GUID: 1f26945e970839e41ba35badd04237ef - Path: Packages/com.unity.2d.tilemap/Editor/Icons/d_Grid.FlipX@2x.png - Importer: ScriptedImporter/UnityEditor.QuickSearchModule:UnityEditor.Search:ASIAI0B
Importing 'GUID: 1f26945e970839e41ba35badd04237ef - Path: Packages/com.unity.2d.tilemap/Editor/Icons/d_Grid.FlipX@2x.png - Importer: ScriptedImporter/UnityEditor.QuickSearchModule:UnityEditor.Search:ASIAI0B' with importer (ScriptedImporter : UnityEditor.QuickSearchModule:UnityEditor.Search:ASIAI0B)
Imported 'GUID: 1f26945e970839e41ba35badd04237ef' -> (Import Result ID: 'e53da703632f8819f17c064dc0d85c6d') in 0.003 seconds [static and dynamic dependencies]. Details - ImportResultOutputID=4278fc298f768b4da70e623d56b4f2d4 DependenciesID=d4726ece7c03720c13ea40497401c6e8 StaticDependenciesID=3fd712b4eae0d0fd752f2e91a91d80b0 
Number of updated asset objects reloaded before import = 0
Number of asset objects unloaded after import = 3
========================================================================
Received Import Request.
  Time of request: 2026-10-02T14:24:20.078287Z
  Time since last request: 0.000301691 seconds.
  importAddress: GUID: 2bfef0473016eee4fa9d9bd505a1edd5 - Path: Packages/com.unity.2d.tilemap/Tests - Importer: ScriptedImporter/UnityEditor.QuickSearchModule:UnityEditor.Search:ASIAI0B
Importing 'GUID: 2bfef0473016eee4fa9d9bd505a1edd5 - Path: Packages/com.unity.2d.tilemap/Tests - Importer: ScriptedImporter/UnityEditor.QuickSearchModule:UnityEditor.Search:ASIAI0B' with importer (ScriptedImporter : UnityEditor.QuickSearchModule:UnityEditor.Search:ASIAI0B)
Imported 'GUID: 2bfef0473016eee4fa9d9bd505a1edd5' -> (Import Result ID: 'cc0f482fd40562ca255b04c38d97986d') in 0.001 seconds [static and dynamic dependencies]. Details - ImportResultOutputID=c6fa724925993d33db1134b5ed4b665d DependenciesID=ddb819ad101a9c9d68f9f7086ddcd897 StaticDependenciesID=92237e2b0a028914dda377816a431430 
Number of updated asset objects reloaded before import = 0
Number of asset objects unloaded after import = 1
========================================================================
Received Import Request.
  Time of request: 2026-10-02T14:24:20.085339Z
  Time since last request: 0.000229185 seconds.
  importAddress: GUID: c63fe6f3b17a3b84c91fa9e96162da05 - Path: Packages/com.unity.2d.tilemap/Editor/TileDragAndDropHoverData.cs - Importer: ScriptedImporter/UnityEditor.QuickSearchModule:UnityEditor.Search:ASIAI0B
Importing 'GUID: c63fe6f3b17a3b84c91fa9e96162da05 - Path: Packages/com.unity.2d.tilemap/Editor/TileDragAndDropHoverData.cs - Importer: ScriptedImporter/UnityEditor.QuickSearchModule:UnityEditor.Search:ASIAI0B' with importer (ScriptedImporter : UnityEditor.QuickSearchModule:UnityEditor.Search:ASIAI0B)
Imported 'GUID: c63fe6f3b17a3b84c91fa9e96162da05' -> (Import Result ID: '453580d0bb5856386d39f494478fc51c') in 0.001 seconds [static and dynamic dependencies]. Details - ImportResultOutputID=809a09936c82c6afa9a124f2c50fe972 DependenciesID=a847a34c3df4d18b49dfb05669a8a71e StaticDependenciesID=ce30b8a851873ebe7ba1c9ce6906cec7 
Number of updated asset objects reloaded before import = 0
Number of asset objects unloaded after import = 0
========================================================================
Received Import Request.
  Time of request: 2026-10-02T14:24:20.092462Z
  Time since last request: 0.000357335 seconds.
  importAddress: GUID: 3239e705bdc364b47a21e44901809b91 - Path: Packages/com.unity.2d.tilemap/Editor/Icons/Grid.RotateCW@2x.png - Importer: ScriptedImporter/UnityEditor.QuickSearchModule:UnityEditor.Search:ASIAI0B
Importing 'GUID: 3239e705bdc364b47a21e44901809b91 - Path: Packages/com.unity.2d.tilemap/Editor/Icons/Grid.RotateCW@2x.png - Importer: ScriptedImporter/UnityEditor.QuickSearchModule:UnityEditor.Search:ASIAI0B' with importer (ScriptedImporter : UnityEditor.QuickSearchModule:UnityEditor.Search:ASIAI0B)
Imported 'GUID: 3239e705bdc364b47a21e44901809b91' -> (Import Result ID: '591ba5f41e63a18fa130367730b9fc21') in 0.003 seconds [static and dynamic dependencies]. Details - ImportResultOutputID=75243e9ac55a622e85c507773939a8e0 DependenciesID=d5dd8eda95d9ade35837b7cf2e211119 StaticDependenciesID=ea311efe2ccae4c84489cd8cbfb1f254 
Number of updated asset objects reloaded before import = 0
Number of asset objects unloaded after import = 3
========================================================================
Received Import Request.
  Time of request: 2026-10-02T14:24:20.102113Z
  Time since last request: 0.000408729 seconds.
  importAddress: GUID: 7a17912541de348408b722a40b972ea3 - Path: Packages/com.unity.2d.tilemap/Editor/Icons/Tilemap.BrushSettings.png - Importer: ScriptedImporter/UnityEditor.QuickSearchModule:UnityEditor.Search:ASIAI0B
Importing 'GUID: 7a17912541de348408b722a40b972ea3 - Path: Packages/com.unity.2d.tilemap/Editor/Icons/Tilemap.BrushSettings.png - Importer: ScriptedImporter/UnityEditor.QuickSearchModule:UnityEditor.Search:ASIAI0B' with importer (ScriptedImporter : UnityEditor.QuickSearchModule:UnityEditor.Search:ASIAI0B)
Imported 'GUID: 7a17912541de348408b722a40b972ea3' -> (Import Result ID: 'b19b4fac6985ab393f9deeae6395d572') in 0.003 seconds [static and dynamic dependencies]. Details - ImportResultOutputID=d7040bb569272e0a550c79a719773955 DependenciesID=9e66f36595bffb20a5fcd0e98f6bebd4 StaticDependenciesID=e71146935ad362352a94f0176a3f3c8c 
Number of updated asset objects reloaded before import = 0
Number of asset objects unloaded after import = 3
========================================================================
Received Import Request.
  Time of request: 2026-10-02T14:24:20.111134Z
  Time since last request: 0.000278513 seconds.
  importAddress: GUID: 77be2b195bdd3a849b554d6dd09badb0 - Path: Packages/com.unity.2d.tilemap/Editor/Icons/d_Tilemap.DefaultBrush@4x.png - Importer: ScriptedImporter/UnityEditor.QuickSearchModule:UnityEditor.Search:ASIAI0B
Importing 'GUID: 77be2b195bdd3a849b554d6dd09badb0 - Path: Packages/com.unity.2d.tilemap/Editor/Icons/d_Tilemap.DefaultBrush@4x.png - Importer: ScriptedImporter/UnityEditor.QuickSearchModule:UnityEditor.Search:ASIAI0B' with importer (ScriptedImporter : UnityEditor.QuickSearchModule:UnityEditor.Search:ASIAI0B)
Imported 'GUID: 77be2b195bdd3a849b554d6dd09badb0' -> (Import Result ID: '966b45bd3f543941358e53a53f59df2f') in 0.004 seconds [static and dynamic dependencies]. Details - ImportResultOutputID=12d4e7853a34d853657ecac73f0dd5d1 DependenciesID=01ec09ba1f2110c33ee4cff76b642e2f StaticDependenciesID=61a2b1f9af435693d12b97d28ef02c0f 
Number of updated asset objects reloaded before import = 0
Number of asset objects unloaded after import = 3
========================================================================
Received Import Request.
  Time of request: 2026-10-02T14:24:20.121896Z
  Time since last request: 0.000262607 seconds.
  importAddress: GUID: dd427a5a6fffcba478ecfbccb81b5852 - Path: Packages/com.unity.2d.tilemap/Editor/EditorTools/GridSelection/GridSelectionToolEditor.cs - Importer: ScriptedImporter/UnityEditor.QuickSearchModule:UnityEditor.Search:ASIAI0B
Importing 'GUID: dd427a5a6fffcba478ecfbccb81b5852 - Path: Packages/com.unity.2d.tilemap/Editor/EditorTools/GridSelection/GridSelectionToolEditor.cs - Importer: ScriptedImporter/UnityEditor.QuickSearchModule:UnityEditor.Search:ASIAI0B' with importer (ScriptedImporter : UnityEditor.QuickSearchModule:UnityEditor.Search:ASIAI0B)
Imported 'GUID: dd427a5a6fffcba478ecfbccb81b5852' -> (Import Result ID: '191b56de30e7b4b8ed97b9b99236ce54') in 0.001 seconds [static and dynamic dependencies]. Details - ImportResultOutputID=5af1d804414097f866433e702c8205ce DependenciesID=e9fd2a706c51332e38a66eb067c070c1 StaticDependenciesID=d5a462472c1675c4c3cbf024d34be72c 
Number of updated asset objects reloaded before import = 0
Number of asset objects unloaded after import = 0
========================================================================
Received Import Request.
  Time of request: 2026-10-02T14:24:20.129295Z
  Time since last request: 0.000360999 seconds.
  importAddress: GUID: b74537feff4831541a8c3bf81913649d - Path: Packages/com.unity.2d.tilemap/Editor/GridEditorUtility.cs - Importer: ScriptedImporter/UnityEditor.QuickSearchModule:UnityEditor.Search:ASIAI0B
Importing 'GUID: b74537feff4831541a8c3bf81913649d - Path: Packages/com.unity.2d.tilemap/Editor/GridEditorUtility.cs - Importer: ScriptedImporter/UnityEditor.QuickSearchModule:UnityEditor.Search:ASIAI0B' with importer (ScriptedImporter : UnityEditor.QuickSearchModule:UnityEditor.Search:ASIAI0B)
Imported 'GUID: b74537feff4831541a8c3bf81913649d' -> (Import Result ID: 'b5c219613e7b2bf53e1213645b84c03b') in 0.001 seconds [static and dynamic dependencies]. Details - ImportResultOutputID=0a752b6b7e898a37d1ac7c00bb357ea2 DependenciesID=1d99d847e3e4ac1f3a7b8e69d884e37c StaticDependenciesID=ac2d3e0c05d6303d612e5c3dd8c0dcb7 
Number of updated asset objects reloaded before import = 0
Number of asset objects unloaded after import = 0
========================================================================
Received Import Request.
  Time of request: 2026-10-02T14:24:20.136707Z
  Time since last request: 0.000249017 seconds.
  importAddress: GUID: 2d273e946d0b400a8bc9d2cb4c1946c9 - Path: Packages/com.unity.2d.tilemap/Editor/UI/External/GridView.uss - Importer: ScriptedImporter/UnityEditor.QuickSearchModule:UnityEditor.Search:ASIAI0B
Importing 'GUID: 2d273e946d0b400a8bc9d2cb4c1946c9 - Path: Packages/com.unity.2d.tilemap/Editor/UI/External/GridView.uss - Importer: ScriptedImporter/UnityEditor.QuickSearchModule:UnityEditor.Search:ASIAI0B' with importer (ScriptedImporter : UnityEditor.QuickSearchModule:UnityEditor.Search:ASIAI0B)
Imported 'GUID: 2d273e946d0b400a8bc9d2cb4c1946c9' -> (Import Result ID: '65ab9251dc75af148246072368ea9807') in 0.002 seconds [static and dynamic dependencies]. Details - ImportResultOutputID=e6aa3631e8f159908b26fa11d493a25b DependenciesID=64412a447d4560951ded70a4e61c554e StaticDependenciesID=b703c43eaaa355812afd60ea50bd287b 
Number of updated asset objects reloaded before import = 0
Number of asset objects unloaded after import = 1
========================================================================
Received Import Request.
  Time of request: 2026-10-02T14:24:20.144554Z
  Time since last request: 0.000289967 seconds.
  importAddress: GUID: 1d8efe8a75b351d4d9aa8b28ddf93196 - Path: Packages/com.unity.2d.tilemap/Editor/Icons/d_Tilemap.FocusTilemap@2x.png - Importer: ScriptedImporter/UnityEditor.QuickSearchModule:UnityEditor.Search:ASIAI0B
Importing 'GUID: 1d8efe8a75b351d4d9aa8b28ddf93196 - Path: Packages/com.unity.2d.tilemap/Editor/Icons/d_Tilemap.FocusTilemap@2x.png - Importer: ScriptedImporter/UnityEditor.QuickSearchModule:UnityEditor.Search:ASIAI0B' with importer (ScriptedImporter : UnityEditor.QuickSearchModule:UnityEditor.Search:ASIAI0B)
Imported 'GUID: 1d8efe8a75b351d4d9aa8b28ddf93196' -> (Import Result ID: 'd23c7d18cb8c97f6292c5330b4f92b4f') in 0.003 seconds [static and dynamic dependencies]. Details - ImportResultOutputID=e622cdeb54c401d559ad476b502fc16c DependenciesID=3bcdee96ebf6305d02a802c94978c52e StaticDependenciesID=5f9fcfafe1ec982ed318026d64dff979 
Number of updated asset objects reloaded before import = 0
Number of asset objects unloaded after import = 3
========================================================================
Received Import Request.
  Time of request: 2026-10-02T14:24:20.153517Z
  Time since last request: 0.000343099 seconds.
  importAddress: GUID: 2e12ff2cc7983784eab0dfe0bb7ff17e - Path: Packages/com.unity.2d.tilemap/Editor/Icons/EditorUI.TargetHover@2x.png - Importer: ScriptedImporter/UnityEditor.QuickSearchModule:UnityEditor.Search:ASIAI0B
Importing 'GUID: 2e12ff2cc7983784eab0dfe0bb7ff17e - Path: Packages/com.unity.2d.tilemap/Editor/Icons/EditorUI.TargetHover@2x.png - Importer: ScriptedImporter/UnityEditor.QuickSearchModule:UnityEditor.Search:ASIAI0B' with importer (ScriptedImporter : UnityEditor.QuickSearchModule:UnityEditor.Search:ASIAI0B)
Imported 'GUID: 2e12ff2cc7983784eab0dfe0bb7ff17e' -> (Import Result ID: 'bdae526ea9155f5618e4b48aa07593b3') in 0.003 seconds [static and dynamic dependencies]. Details - ImportResultOutputID=bd65fd5229dd3ec9d5001f72e80397de DependenciesID=e9828e3b9bfaf081595d17868236dafb StaticDependenciesID=47528c6585d567248bb39b163726aeda 
Number of updated asset objects reloaded before import = 0
Number of asset objects unloaded after import = 3
========================================================================
Received Import Request.
  Time of request: 2026-10-02T14:24:20.1624Z
  Time since last request: 0.000182785 seconds.
  importAddress: GUID: 0909c6f06211781439495feaa76bfe3b - Path: Packages/com.unity.2d.tilemap/Editor/UI/TilePaletteBrushesLabel.cs - Importer: ScriptedImporter/UnityEditor.QuickSearchModule:UnityEditor.Search:ASIAI0B
Importing 'GUID: 0909c6f06211781439495feaa76bfe3b - Path: Packages/com.unity.2d.tilemap/Editor/UI/TilePaletteBrushesLabel.cs - Importer: ScriptedImporter/UnityEditor.QuickSearchModule:UnityEditor.Search:ASIAI0B' with importer (ScriptedImporter : UnityEditor.QuickSearchModule:UnityEditor.Search:ASIAI0B)
Imported 'GUID: 0909c6f06211781439495feaa76bfe3b' -> (Import Result ID: 'eb526aaef370b9e74d2f7c15f170a60c') in 0.001 seconds [static and dynamic dependencies]. Details - ImportResultOutputID=7df5a5308d88fbdec2b5aeafb0d1a7bc DependenciesID=52360bcb10ec35753d6b92ffc31dcb86 StaticDependenciesID=a614e1c146b2c975179216eb2bccf6c7 
Number of updated asset objects reloaded before import = 0
Number of asset objects unloaded after import = 0
========================================================================
Received Import Request.
  Time of request: 2026-10-02T14:24:20.169719Z
  Time since last request: 0.000263088 seconds.
  importAddress: GUID: b0560f6f4fbd3a341a3d14343c000889 - Path: Packages/com.unity.2d.tilemap/LICENSE.md - Importer: ScriptedImporter/UnityEditor.QuickSearchModule:UnityEditor.Search:ASIAI0B
Importing 'GUID: b0560f6f4fbd3a341a3d14343c000889 - Path: Packages/com.unity.2d.tilemap/LICENSE.md - Importer: ScriptedImporter/UnityEditor.QuickSearchModule:UnityEditor.Search:ASIAI0B' with importer (ScriptedImporter : UnityEditor.QuickSearchModule:UnityEditor.Search:ASIAI0B)
Imported 'GUID: b0560f6f4fbd3a341a3d14343c000889' -> (Import Result ID: '674709d4c99626e4d9265d0f73bf64b5') in 0.001 seconds [static and dynamic dependencies]. Details - ImportResultOutputID=16a9ae5d644e0e2eb2c595e490c12e26 DependenciesID=d296a285c21a8b31b391a22457e63412 StaticDependenciesID=7003a8994783041f42c89f468cf7c513 
Number of updated asset objects reloaded before import = 0
Number of asset objects unloaded after import = 1
========================================================================
Received Import Request.
  Time of request: 2026-10-02T14:24:20.177515Z
  Time since last request: 0.000334461 seconds.
  importAddress: GUID: 230ee21eea18d46e48f6038641c438b7 - Path: Assets/IndieMarc/PlatformerDemo/PlatformerDemo.unity - Importer: ScriptedImporter/UnityEditor.QuickSearchModule:UnityEditor.Search:ASIAI0B
Importing 'GUID: 230ee21eea18d46e48f6038641c438b7 - Path: Assets/IndieMarc/PlatformerDemo/PlatformerDemo.unity - Importer: ScriptedImporter/UnityEditor.QuickSearchModule:UnityEditor.Search:ASIAI0B' with importer (ScriptedImporter : UnityEditor.QuickSearchModule:UnityEditor.Search:ASIAI0B)
Imported 'GUID: 230ee21eea18d46e48f6038641c438b7' -> (Import Result ID: 'b386059522b97e517faf9cf991db8aed') in 0.002 seconds [static and dynamic dependencies]. Details - ImportResultOutputID=c6c3c8f05ec351b755ac143a99418e3a DependenciesID=f1d905e358464bb120dce48010b4caff StaticDependenciesID=911e9588c14f6a6ae6f587544afd7c62 
Number of updated asset objects reloaded before import = 0
Number of asset objects unloaded after import = 1
========================================================================
Received Import Request.
  Time of request: 2026-10-02T14:24:20.186088Z
  Time since last request: 0.000436653 seconds.
  importAddress: GUID: 7c2b4a813c92040a1a863d4ea635121d - Path: Packages/com.unity.2d.tilemap/Editor/Icons/Tilemap.CustomBrush@2x.png - Importer: ScriptedImporter/UnityEditor.QuickSearchModule:UnityEditor.Search:ASIAI0B
Importing 'GUID: 7c2b4a813c92040a1a863d4ea635121d - Path: Packages/com.unity.2d.tilemap/Editor/Icons/Tilemap.CustomBrush@2x.png - Importer: ScriptedImporter/UnityEditor.QuickSearchModule:UnityEditor.Search:ASIAI0B' with importer (ScriptedImporter : UnityEditor.QuickSearchModule:UnityEditor.Search:ASIAI0B)
Imported 'GUID: 7c2b4a813c92040a1a863d4ea635121d' -> (Import Result ID: '3bc89818eb296345a83f212c98cab3df') in 0.003 seconds [static and dynamic dependencies]. Details - ImportResultOutputID=799385d1ea7eadedbeeed81163327ccb DependenciesID=a0d15400af1875af2b0c8004dcabd578 StaticDependenciesID=da2a369e3928de8c8e4d0042f77ac5eb 
Number of updated asset objects reloaded before import = 0
Number of asset objects unloaded after import = 3
========================================================================
Received Import Request.
  Time of request: 2026-10-02T14:24:20.195394Z
  Time since last request: 0.000315199 seconds.
  importAddress: GUID: ffc58b5d1d8a6ed489be30f7a1291b1e - Path: Packages/com.unity.2d.tilemap/Editor/Icons/d_Tilemap.FocusGrid@4x.png - Importer: ScriptedImporter/UnityEditor.QuickSearchModule:UnityEditor.Search:ASIAI0B
Importing 'GUID: ffc58b5d1d8a6ed489be30f7a1291b1e - Path: Packages/com.unity.2d.tilemap/Editor/Icons/d_Tilemap.FocusGrid@4x.png - Importer: ScriptedImporter/UnityEditor.QuickSearchModule:UnityEditor.Search:ASIAI0B' with importer (ScriptedImporter : UnityEditor.QuickSearchModule:UnityEditor.Search:ASIAI0B)
Imported 'GUID: ffc58b5d1d8a6ed489be30f7a1291b1e' -> (Import Result ID: '702ae827be9ae1513b8228f20bf31401') in 0.005 seconds [static and dynamic dependencies]. Details - ImportResultOutputID=1d6b8223404a409a07184d2cc0b92cd5 DependenciesID=8729fdb8f720952758d26bb6ea54345d StaticDependenciesID=2f3eb1f45b10fc142cafd1a33d0bf1a7 
Number of updated asset objects reloaded before import = 0
Number of asset objects unloaded after import = 3
========================================================================
Received Import Request.
  Time of request: 2026-10-02T14:24:20.20658Z
  Time since last request: 0.000294609 seconds.
  importAddress: GUID: e6ccb94c25befa84d8d07a2b0374bc63 - Path: Packages/com.unity.2d.tilemap/Editor/UI/TilePaletteContextMenuHandler.cs - Importer: ScriptedImporter/UnityEditor.QuickSearchModule:UnityEditor.Search:ASIAI0B
Importing 'GUID: e6ccb94c25befa84d8d07a2b0374bc63 - Path: Packages/com.unity.2d.tilemap/Editor/UI/TilePaletteContextMenuHandler.cs - Importer: ScriptedImporter/UnityEditor.QuickSearchModule:UnityEditor.Search:ASIAI0B' with importer (ScriptedImporter : UnityEditor.QuickSearchModule:UnityEditor.Search:ASIAI0B)
Imported 'GUID: e6ccb94c25befa84d8d07a2b0374bc63' -> (Import Result ID: 'b177a58415a7ac783ffaab1a4295bb60') in 0.001 seconds [static and dynamic dependencies]. Details - ImportResultOutputID=b1a85b281b066a94b3a60b28c394ed60 DependenciesID=10dbe716985a22ffa0ae0841fbd39850 StaticDependenciesID=5fd308400f68f051b8a6110bbe750e78 
Number of updated asset objects reloaded before import = 0
Number of asset objects unloaded after import = 0
========================================================================
Received Import Request.
  Time of request: 2026-10-02T14:24:20.214903Z
  Time since last request: 0.000266055 seconds.
  importAddress: GUID: edca8f45c1127f147b3fa62aad3ed9c1 - Path: Packages/com.unity.2d.tilemap/Editor/UI/TilePaletteOverlayDark.uss - Importer: ScriptedImporter/UnityEditor.QuickSearchModule:UnityEditor.Search:ASIAI0B
Importing 'GUID: edca8f45c1127f147b3fa62aad3ed9c1 - Path: Packages/com.unity.2d.tilemap/Editor/UI/TilePaletteOverlayDark.uss - Importer: ScriptedImporter/UnityEditor.QuickSearchModule:UnityEditor.Search:ASIAI0B' with importer (ScriptedImporter : UnityEditor.QuickSearchModule:UnityEditor.Search:ASIAI0B)
Imported 'GUID: edca8f45c1127f147b3fa62aad3ed9c1' -> (Import Result ID: '35b4bdcfb9f05a5a6a6107fc7a5ee299') in 0.002 seconds [static and dynamic dependencies]. Details - ImportResultOutputID=92b631b6f7983deb20aa6731271e8eb9 DependenciesID=a4078fdacd7caa081bd2f235aa218f9c StaticDependenciesID=4e00d0e616288669d02b3f77a1b87c12 
Number of updated asset objects reloaded before import = 0
Number of asset objects unloaded after import = 1
========================================================================
Received Import Request.
  Time of request: 2026-10-02T14:24:20.223103Z
  Time since last request: 0.000227931 seconds.
  importAddress: GUID: f49d8937111e99645adc3cc3b6c47215 - Path: Packages/com.unity.2d.tilemap/Editor/UI/TilePaletteActiveTargetsButton.cs - Importer: ScriptedImporter/UnityEditor.QuickSearchModule:UnityEditor.Search:ASIAI0B
Importing 'GUID: f49d8937111e99645adc3cc3b6c47215 - Path: Packages/com.unity.2d.tilemap/Editor/UI/TilePaletteActiveTargetsButton.cs - Importer: ScriptedImporter/UnityEditor.QuickSearchModule:UnityEditor.Search:ASIAI0B' with importer (ScriptedImporter : UnityEditor.QuickSearchModule:UnityEditor.Search:ASIAI0B)
Imported 'GUID: f49d8937111e99645adc3cc3b6c47215' -> (Import Result ID: '12a0784bd72502e5c20fe6fa7e752e92') in 0.001 seconds [static and dynamic dependencies]. Details - ImportResultOutputID=f490d53ac7f5fc756f23b5ccdda4031f DependenciesID=3e6a64e4bcf7326920d82e805b163d1e StaticDependenciesID=907f43856fb5001d25beb5a598178635 
Number of updated asset objects reloaded before import = 0
Number of asset objects unloaded after import = 0
========================================================================
Received Import Request.
  Time of request: 2026-10-02T14:24:20.230775Z
  Time since last request: 0.000187308 seconds.
  importAddress: GUID: 7360ac83b6bff7149836a436a4920d53 - Path: Packages/com.unity.2d.tilemap/Editor/Icons/Tilemap.FocusTilemap@4x.png - Importer: ScriptedImporter/UnityEditor.QuickSearchModule:UnityEditor.Search:ASIAI0B
Importing 'GUID: 7360ac83b6bff7149836a436a4920d53 - Path: Packages/com.unity.2d.tilemap/Editor/Icons/Tilemap.FocusTilemap@4x.png - Importer: ScriptedImporter/UnityEditor.QuickSearchModule:UnityEditor.Search:ASIAI0B' with importer (ScriptedImporter : UnityEditor.QuickSearchModule:UnityEditor.Search:ASIAI0B)
Imported 'GUID: 7360ac83b6bff7149836a436a4920d53' -> (Import Result ID: '6886c3a66bbc62efa2877c5c18c31c2f') in 0.003 seconds [static and dynamic dependencies]. Details - ImportResultOutputID=0e5e31523f00e865dd4dd7e3b7275709 DependenciesID=03a4671a95c87d7ad73af0230e780b20 StaticDependenciesID=a16a5f78a5c531b4bd21d7ae69cf1e92 
Number of updated asset objects reloaded before import = 0
Number of asset objects unloaded after import = 3
========================================================================
Received Import Request.
  Time of request: 2026-10-02T14:24:20.240473Z
  Time since last request: 0.000177517 seconds.
  importAddress: GUID: 5dfb96fd1c7a1bf4f9f606597de935cf - Path: Packages/com.unity.2d.tilemap/Editor/Icons/d_Tilemap.FocusNone.png - Importer: ScriptedImporter/UnityEditor.QuickSearchModule:UnityEditor.Search:ASIAI0B
Importing 'GUID: 5dfb96fd1c7a1bf4f9f606597de935cf - Path: Packages/com.unity.2d.tilemap/Editor/Icons/d_Tilemap.FocusNone.png - Importer: ScriptedImporter/UnityEditor.QuickSearchModule:UnityEditor.Search:ASIAI0B' with importer (ScriptedImporter : UnityEditor.QuickSearchModule:UnityEditor.Search:ASIAI0B)
Imported 'GUID: 5dfb96fd1c7a1bf4f9f606597de935cf' -> (Import Result ID: '6f00d4654838065db924de9b9bec4980') in 0.003 seconds [static and dynamic dependencies]. Details - ImportResultOutputID=96bd395a8ca8506a14c65eab152375f3 DependenciesID=ad6fbff194d8b21889da813caaec03d5 StaticDependenciesID=d61f94c881c1585b216d1499cf3eff92 
Number of updated asset objects reloaded before import = 0
Number of asset objects unloaded after import = 3
========================================================================
Received Import Request.
  Time of request: 2026-10-02T14:24:20.249994Z
  Time since last request: 0.000336985 seconds.
  importAddress: GUID: 8ce1fc14411aade4b81c0e6dd86950be - Path: Packages/com.unity.2d.tilemap/Tests/Editor/Unity.2D.Tilemap.Package.EditorTests.asmdef - Importer: ScriptedImporter/UnityEditor.QuickSearchModule:UnityEditor.Search:ASIAI0B
Importing 'GUID: 8ce1fc14411aade4b81c0e6dd86950be - Path: Packages/com.unity.2d.tilemap/Tests/Editor/Unity.2D.Tilemap.Package.EditorTests.asmdef - Importer: ScriptedImporter/UnityEditor.QuickSearchModule:UnityEditor.Search:ASIAI0B' with importer (ScriptedImporter : UnityEditor.QuickSearchModule:UnityEditor.Search:ASIAI0B)
Imported 'GUID: 8ce1fc14411aade4b81c0e6dd86950be' -> (Import Result ID: '30dc20c309b662a1b4006c7177292608') in 0.001 seconds [static and dynamic dependencies]. Details - ImportResultOutputID=63acd539fa2b1784226f8b04b5179709 DependenciesID=15f4c53a74ccfc888445107bdcb10f4c StaticDependenciesID=1eaffaa3bc0439a2cab99a3f40a5c5ea 
Number of updated asset objects reloaded before import = 0
Number of asset objects unloaded after import = 1
========================================================================
Received Import Request.
  Time of request: 2026-10-02T14:24:20.257444Z
  Time since last request: 0.000316048 seconds.
  importAddress: GUID: 2c603b35007f443a82fe8e3a68d8668c - Path: Packages/com.unity.2d.tilemap/Editor/UI/TilePaletteBrushPickButton.cs - Importer: ScriptedImporter/UnityEditor.QuickSearchModule:UnityEditor.Search:ASIAI0B
Importing 'GUID: 2c603b35007f443a82fe8e3a68d8668c - Path: Packages/com.unity.2d.tilemap/Editor/UI/TilePaletteBrushPickButton.cs - Importer: ScriptedImporter/UnityEditor.QuickSearchModule:UnityEditor.Search:ASIAI0B' with importer (ScriptedImporter : UnityEditor.QuickSearchModule:UnityEditor.Search:ASIAI0B)
Imported 'GUID: 2c603b35007f443a82fe8e3a68d8668c' -> (Import Result ID: '40b31cfabcb2aece9ee70354479c2752') in 0.001 seconds [static and dynamic dependencies]. Details - ImportResultOutputID=eaedae0d34af5ba5caad4f453111128c DependenciesID=f24c49aa95a22358baf092899b6b27cd StaticDependenciesID=e675bd515586d8a732d45f6ef4180761 
Number of updated asset objects reloaded before import = 0
Number of asset objects unloaded after import = 0
========================================================================
Received Import Request.
  Time of request: 2026-10-02T14:24:20.278478Z
  Time since last request: 0.013794283 seconds.
  importAddress: GUID: 92a378669877c05c6071d0fed687bb95 - Path: Packages/com.unity.modules.tilemap/package.json - Importer: ScriptedImporter/UnityEditor.QuickSearchModule:UnityEditor.Search:ASIAI0B
Importing 'GUID: 92a378669877c05c6071d0fed687bb95 - Path: Packages/com.unity.modules.tilemap/package.json - Importer: ScriptedImporter/UnityEditor.QuickSearchModule:UnityEditor.Search:ASIAI0B' with importer (ScriptedImporter : UnityEditor.QuickSearchModule:UnityEditor.Search:ASIAI0B)
Imported 'GUID: 92a378669877c05c6071d0fed687bb95' -> (Import Result ID: '8f7ec217b279dbb285fd93889ba00de5') in 0.001 seconds [static and dynamic dependencies]. Details - ImportResultOutputID=f844923c8da826707285fa7ea4850f82 DependenciesID=cf8d57e1d3266a3c084e1e44a4a07397 StaticDependenciesID=ad3832a82f4ace3126c5b13cf5cdaa16 
Number of updated asset objects reloaded before import = 0
Number of asset objects unloaded after import = 1
========================================================================
Received Import Request.
  Time of request: 2026-10-02T14:24:20.286495Z
  Time since last request: 0.000648773 seconds.
  importAddress: GUID: 9e592d81aca24e489c0bac69b894dd31 - Path: Packages/com.unity.collab-proxy/Editor/Views/Branch/SerializableBranchesTabState.cs - Importer: ScriptedImporter/UnityEditor.QuickSearchModule:UnityEditor.Search:ASIAI0B
Importing 'GUID: 9e592d81aca24e489c0bac69b894dd31 - Path: Packages/com.unity.collab-proxy/Editor/Views/Branch/SerializableBranchesTabState.cs - Importer: ScriptedImporter/UnityEditor.QuickSearchModule:UnityEditor.Search:ASIAI0B' with importer (ScriptedImporter : UnityEditor.QuickSearchModule:UnityEditor.Search:ASIAI0B)
Imported 'GUID: 9e592d81aca24e489c0bac69b894dd31' -> (Import Result ID: '221b77332ff7c4a4aec9cbc51b9f0ba7') in 0.001 seconds [static and dynamic dependencies]. Details - ImportResultOutputID=24af83628ef45143a73b188d597bccfe DependenciesID=2db7a66873696711a791dc2f0bef7cc0 StaticDependenciesID=ce8ad7887fd97c01f4e28990f2b89bc8 
Number of updated asset objects reloaded before import = 0
Number of asset objects unloaded after import = 0
========================================================================
Received Import Request.
  Time of request: 2026-10-02T14:24:20.293809Z
  Time since last request: 0.000209624 seconds.
  importAddress: GUID: a5421e96f16710b4f81fe0ad10b67abf - Path: Assets/IndieMarc/PlatformerDemo/Scripts/CharacterAnim.cs - Importer: ScriptedImporter/UnityEditor.QuickSearchModule:UnityEditor.Search:ASIAI0B
Importing 'GUID: a5421e96f16710b4f81fe0ad10b67abf - Path: Assets/IndieMarc/PlatformerDemo/Scripts/CharacterAnim.cs - Importer: ScriptedImporter/UnityEditor.QuickSearchModule:UnityEditor.Search:ASIAI0B' with importer (ScriptedImporter : UnityEditor.QuickSearchModule:UnityEditor.Search:ASIAI0B)
Imported 'GUID: a5421e96f16710b4f81fe0ad10b67abf' -> (Import Result ID: 'b46498b50938ac1dbff1d611795fffc5') in 0.001 seconds [static and dynamic dependencies]. Details - ImportResultOutputID=8a3dca770aa5469e865b4ab02f381199 DependenciesID=addf07603b7a24a55b9286097825088f StaticDependenciesID=4a10d96268b245e382a4e650cfd1085f 
Number of updated asset objects reloaded before import = 0
Number of asset objects unloaded after import = 0
========================================================================
Received Import Request.
  Time of request: 2026-10-02T14:24:20.300939Z
  Time since last request: 0.000350961 seconds.
  importAddress: GUID: 708286403ab16af4f8970f8fc8b1996f - Path: Assets/IndieMarc/PlatformerDemo/Sprites/Background - Importer: ScriptedImporter/UnityEditor.QuickSearchModule:UnityEditor.Search:ASIAI0B
Importing 'GUID: 708286403ab16af4f8970f8fc8b1996f - Path: Assets/IndieMarc/PlatformerDemo/Sprites/Background - Importer: ScriptedImporter/UnityEditor.QuickSearchModule:UnityEditor.Search:ASIAI0B' with importer (ScriptedImporter : UnityEditor.QuickSearchModule:UnityEditor.Search:ASIAI0B)
Imported 'GUID: 708286403ab16af4f8970f8fc8b1996f' -> (Import Result ID: '15f12518e256e2b00b52f4e55b59e56d') in 0.001 seconds [static and dynamic dependencies]. Details - ImportResultOutputID=52406b6a925e8efd3d665fd35555a2c8 DependenciesID=fba1ed775230096c7b9f0f6703f67d8f StaticDependenciesID=d7730ccef83f4f0f010c421cae4ba541 
Number of updated asset objects reloaded before import = 0
Number of asset objects unloaded after import = 1
========================================================================
Received Import Request.
  Time of request: 2026-10-02T14:24:20.308372Z
  Time since last request: 0.000265439 seconds.
  importAddress: GUID: 3eddf2b2cdcd47828e17dacecc9395d8 - Path: Packages/com.unity.collab-proxy/Editor/Views/Changesets/CheckoutChangesetViewMenu.cs - Importer: ScriptedImporter/UnityEditor.QuickSearchModule:UnityEditor.Search:ASIAI0B
Importing 'GUID: 3eddf2b2cdcd47828e17dacecc9395d8 - Path: Packages/com.unity.collab-proxy/Editor/Views/Changesets/CheckoutChangesetViewMenu.cs - Importer: ScriptedImporter/UnityEditor.QuickSearchModule:UnityEditor.Search:ASIAI0B' with importer (ScriptedImporter : UnityEditor.QuickSearchModule:UnityEditor.Search:ASIAI0B)
Imported 'GUID: 3eddf2b2cdcd47828e17dacecc9395d8' -> (Import Result ID: '50f6b1bf53cea5f28df789d7235a542a') in 0.001 seconds [static and dynamic dependencies]. Details - ImportResultOutputID=fd87f28cb67fcdb8b90bc0cb604adc3a DependenciesID=41576663e5e82c3383d6f463754a2136 StaticDependenciesID=15250ba276d19e6472082767a5cfce14 
Number of updated asset objects reloaded before import = 0
Number of asset objects unloaded after import = 0
========================================================================
Received Import Request.
  Time of request: 2026-10-02T14:24:20.315797Z
  Time since last request: 0.0003718 seconds.
  importAddress: GUID: 68c015405025c844bb5f288d3a167aef - Path: Assets/IndieMarc/TopDownDemo/Scripts/AutoOrderLayerChild.cs - Importer: ScriptedImporter/UnityEditor.QuickSearchModule:UnityEditor.Search:ASIAI0B
Importing 'GUID: 68c015405025c844bb5f288d3a167aef - Path: Assets/IndieMarc/TopDownDemo/Scripts/AutoOrderLayerChild.cs - Importer: ScriptedImporter/UnityEditor.QuickSearchModule:UnityEditor.Search:ASIAI0B' with importer (ScriptedImporter : UnityEditor.QuickSearchModule:UnityEditor.Search:ASIAI0B)
Imported 'GUID: 68c015405025c844bb5f288d3a167aef' -> (Import Result ID: '45b3b98a7c02d5b49c22ae3b6ef265ed') in 0.001 seconds [static and dynamic dependencies]. Details - ImportResultOutputID=a15e6817fb1e92baa371c9675104aca6 DependenciesID=29f0414bf65220a9edf66ea45f29f33a StaticDependenciesID=c2caf575fbec6cd68b53c9b6b4592938 
Number of updated asset objects reloaded before import = 0
Number of asset objects unloaded after import = 0
========================================================================
Received Import Request.
  Time of request: 2026-10-02T14:24:20.323084Z
  Time since last request: 0.000213656 seconds.
  importAddress: GUID: 09fdae6fda6d6c942b840d4b7389de95 - Path: Assets/IndieMarc/PlatformerDemo/Tilemap/Black/tilemap_0.asset - Importer: ScriptedImporter/UnityEditor.QuickSearchModule:UnityEditor.Search:ASIAI0B
Importing 'GUID: 09fdae6fda6d6c942b840d4b7389de95 - Path: Assets/IndieMarc/PlatformerDemo/Tilemap/Black/tilemap_0.asset - Importer: ScriptedImporter/UnityEditor.QuickSearchModule:UnityEditor.Search:ASIAI0B' with importer (ScriptedImporter : UnityEditor.QuickSearchModule:UnityEditor.Search:ASIAI0B)
Imported 'GUID: 09fdae6fda6d6c942b840d4b7389de95' -> (Import Result ID: 'b00cd02061858d2d478f0311c1a3a7f8') in 0.006 seconds [static and dynamic dependencies]. Details - ImportResultOutputID=ee75aa31680e7c4785f4842db4f970c9 DependenciesID=6898a38ff3f2301aadbf427ef29056e2 StaticDependenciesID=e964a0b8708495b210774bb51fb83095 
Number of updated asset objects reloaded before import = 0
Number of asset objects unloaded after import = 2
========================================================================
Received Import Request.
  Time of request: 2026-10-02T14:24:20.334931Z
  Time since last request: 0.000307773 seconds.
  importAddress: GUID: 54be27fb08510e34dbd19671f582af2a - Path: Assets/IndieMarc/PlatformerDemo/Tilemap/Black - Importer: ScriptedImporter/UnityEditor.QuickSearchModule:UnityEditor.Search:ASIAI0B
Importing 'GUID: 54be27fb08510e34dbd19671f582af2a - Path: Assets/IndieMarc/PlatformerDemo/Tilemap/Black - Importer: ScriptedImporter/UnityEditor.QuickSearchModule:UnityEditor.Search:ASIAI0B' with importer (ScriptedImporter : UnityEditor.QuickSearchModule:UnityEditor.Search:ASIAI0B)
Imported 'GUID: 54be27fb08510e34dbd19671f582af2a' -> (Import Result ID: '0cf02b1cbe418106631d1d5a0642e605') in 0.001 seconds [static and dynamic dependencies]. Details - ImportResultOutputID=bc6b3387e549beaea63b288d83bcc8d6 DependenciesID=c2d33e670a4ce6e76e087fcd041879e0 StaticDependenciesID=60e07b0874a1aef108b54d584a1cb054 
Number of updated asset objects reloaded before import = 0
Number of asset objects unloaded after import = 1
========================================================================
Received Import Request.
  Time of request: 2026-10-02T14:24:20.342519Z
  Time since last request: 0.000372511 seconds.
  importAddress: GUID: d33aa9e63655fdf4082e0bd36620c949 - Path: Assets/IndieMarc/TopDownDemo/Scripts/PlayerCharacter.cs - Importer: ScriptedImporter/UnityEditor.QuickSearchModule:UnityEditor.Search:ASIAI0B
Importing 'GUID: d33aa9e63655fdf4082e0bd36620c949 - Path: Assets/IndieMarc/TopDownDemo/Scripts/PlayerCharacter.cs - Importer: ScriptedImporter/UnityEditor.QuickSearchModule:UnityEditor.Search:ASIAI0B' with importer (ScriptedImporter : UnityEditor.QuickSearchModule:UnityEditor.Search:ASIAI0B)
Imported 'GUID: d33aa9e63655fdf4082e0bd36620c949' -> (Import Result ID: 'd6377cb4e84acccb38e95af7ed1c0ec3') in 0.001 seconds [static and dynamic dependencies]. Details - ImportResultOutputID=52b8560f912c5ffef99c73701a562b30 DependenciesID=9c997728cb195e6b327db05cfbda08e5 StaticDependenciesID=605f1f32c5ff4cfe7580c9de9a220855 
Number of updated asset objects reloaded before import = 0
Number of asset objects unloaded after import = 0
========================================================================
Received Import Request.
  Time of request: 2026-10-02T14:24:20.349941Z
  Time since last request: 0.000537964 seconds.
  importAddress: GUID: 532cc1a3ad6b4fc9a789c713aa2314db - Path: Packages/com.unity.visualscripting/Editor/VisualScripting.Flow/Plugin/Migrations/Migration_1_6_to_1_7.cs - Importer: ScriptedImporter/UnityEditor.QuickSearchModule:UnityEditor.Search:ASIAI0B
Importing 'GUID: 532cc1a3ad6b4fc9a789c713aa2314db - Path: Packages/com.unity.visualscripting/Editor/VisualScripting.Flow/Plugin/Migrations/Migration_1_6_to_1_7.cs - Importer: ScriptedImporter/UnityEditor.QuickSearchModule:UnityEditor.Search:ASIAI0B' with importer (ScriptedImporter : UnityEditor.QuickSearchModule:UnityEditor.Search:ASIAI0B)
Imported 'GUID: 532cc1a3ad6b4fc9a789c713aa2314db' -> (Import Result ID: 'b58c0cba7167957775699cde27f8825e') in 0.001 seconds [static and dynamic dependencies]. Details - ImportResultOutputID=2261d6b0e42dc3f096d3d75ddd04fd00 DependenciesID=3a35ec37d58b7ccb12e1945dad857b23 StaticDependenciesID=39c782a8e01175d851f9936d28f965e9 
Number of updated asset objects reloaded before import = 0
Number of asset objects unloaded after import = 0
========================================================================
Received Import Request.
  Time of request: 2026-10-02T14:24:20.357303Z
  Time since last request: 0.00045058 seconds.
  importAddress: GUID: 2479a4656ed89570ebd1de1fdda3dae5 - Path: Packages/com.unity.modules.timelinefoundation/package.json - Importer: ScriptedImporter/UnityEditor.QuickSearchModule:UnityEditor.Search:ASIAI0B
Importing 'GUID: 2479a4656ed89570ebd1de1fdda3dae5 - Path: Packages/com.unity.modules.timelinefoundation/package.json - Importer: ScriptedImporter/UnityEditor.QuickSearchModule:UnityEditor.Search:ASIAI0B' with importer (ScriptedImporter : UnityEditor.QuickSearchModule:UnityEditor.Search:ASIAI0B)
Imported 'GUID: 2479a4656ed89570ebd1de1fdda3dae5' -> (Import Result ID: '747b0377f5c00bc838b2978b6630ca4a') in 0.001 seconds [static and dynamic dependencies]. Details - ImportResultOutputID=9551b279647f21c91852945d19dce421 DependenciesID=f33c2c72e0080031c268342447eb394e StaticDependenciesID=254581d34c12850a18277ec86f9caec8 
Number of updated asset objects reloaded before import = 0
Number of asset objects unloaded after import = 1
========================================================================
Received Import Request.
  Time of request: 2026-10-02T14:24:20.364429Z
  Time since last request: 0.000195542 seconds.
  importAddress: GUID: c8e89e66728f4cf4b2835b9e6c0a1690 - Path: Packages/com.unity.collab-proxy/Editor/Views/Shelves/ShelvesViewMenu.cs - Importer: ScriptedImporter/UnityEditor.QuickSearchModule:UnityEditor.Search:ASIAI0B
Importing 'GUID: c8e89e66728f4cf4b2835b9e6c0a1690 - Path: Packages/com.unity.collab-proxy/Editor/Views/Shelves/ShelvesViewMenu.cs - Importer: ScriptedImporter/UnityEditor.QuickSearchModule:UnityEditor.Search:ASIAI0B' with importer (ScriptedImporter : UnityEditor.QuickSearchModule:UnityEditor.Search:ASIAI0B)
Imported 'GUID: c8e89e66728f4cf4b2835b9e6c0a1690' -> (Import Result ID: 'acf32d876afecbf337c0d126edbc7022') in 0.001 seconds [static and dynamic dependencies]. Details - ImportResultOutputID=947d03d872f674ff35fce698faf4143c DependenciesID=c348d818882fda968b9fc7bfa8e4c569 StaticDependenciesID=86e02917f996a82ae3fc1666d87258a1 
Number of updated asset objects reloaded before import = 0
Number of asset objects unloaded after import = 0
========================================================================
Received Import Request.
  Time of request: 2026-10-02T14:24:20.371544Z
  Time since last request: 0.000276046 seconds.
  importAddress: GUID: 29a13e8ee6b98ea0ebab2c0d14cd6789 - Path: Packages/com.unity.graph-authoring - Importer: ScriptedImporter/UnityEditor.QuickSearchModule:UnityEditor.Search:ASIAI0B
Importing 'GUID: 29a13e8ee6b98ea0ebab2c0d14cd6789 - Path: Packages/com.unity.graph-authoring - Importer: ScriptedImporter/UnityEditor.QuickSearchModule:UnityEditor.Search:ASIAI0B' with importer (ScriptedImporter : UnityEditor.QuickSearchModule:UnityEditor.Search:ASIAI0B)
Imported 'GUID: 29a13e8ee6b98ea0ebab2c0d14cd6789' -> (Import Result ID: '68e2db445ab5091da338d1c7f8c2431a') in 0.001 seconds [static and dynamic dependencies]. Details - ImportResultOutputID=cc745779e133f4b3190b9282713fc864 DependenciesID=e8039327bbca39af6c4c25a55c138300 StaticDependenciesID=e1b9d1900fbd3a5c476bb3d77aa4fcdb 
Number of updated asset objects reloaded before import = 0
Number of asset objects unloaded after import = 1
========================================================================
Received Import Request.
  Time of request: 2026-10-02T14:24:20.378732Z
  Time since last request: 0.000246665 seconds.
  importAddress: GUID: f76f60250da364240b7a27c02694449e - Path: Assets/IndieMarc/PlatformerDemo/Tilemap/Black/tilemap_14.asset - Importer: ScriptedImporter/UnityEditor.QuickSearchModule:UnityEditor.Search:ASIAI0B
Importing 'GUID: f76f60250da364240b7a27c02694449e - Path: Assets/IndieMarc/PlatformerDemo/Tilemap/Black/tilemap_14.asset - Importer: ScriptedImporter/UnityEditor.QuickSearchModule:UnityEditor.Search:ASIAI0B' with importer (ScriptedImporter : UnityEditor.QuickSearchModule:UnityEditor.Search:ASIAI0B)
Imported 'GUID: f76f60250da364240b7a27c02694449e' -> (Import Result ID: '015ab37c90fe3ad702478d33d10b01af') in 0.003 seconds [static and dynamic dependencies]. Details - ImportResultOutputID=918ac41ceb4b356301d2bc97502d1a09 DependenciesID=27a326acf87760d54fe80e3be461b79c StaticDependenciesID=9b8082f956cace2fd107befa4693d47a 
Number of updated asset objects reloaded before import = 0
Number of asset objects unloaded after import = 2
========================================================================
Received Import Request.
  Time of request: 2026-10-02T14:24:20.388382Z
  Time since last request: 0.00040702 seconds.
  importAddress: GUID: 319b8889f363f5947acf209c17a94149 - Path: Packages/com.unity.ugui/package.json - Importer: ScriptedImporter/UnityEditor.QuickSearchModule:UnityEditor.Search:ASIAI0B
Importing 'GUID: 319b8889f363f5947acf209c17a94149 - Path: Packages/com.unity.ugui/package.json - Importer: ScriptedImporter/UnityEditor.QuickSearchModule:UnityEditor.Search:ASIAI0B' with importer (ScriptedImporter : UnityEditor.QuickSearchModule:UnityEditor.Search:ASIAI0B)
Imported 'GUID: 319b8889f363f5947acf209c17a94149' -> (Import Result ID: '0e939ce91056f7ae31a4831afaf8e87d') in 0.001 seconds [static and dynamic dependencies]. Details - ImportResultOutputID=98024fa65c624f3424c363c1c0245aa4 DependenciesID=0dd615fa0487217e19f97c10abb6e06a StaticDependenciesID=80bfccba4fb8a396e83196efd1d0aaf6 
Number of updated asset objects reloaded before import = 0
Number of asset objects unloaded after import = 1
========================================================================
Received Import Request.
  Time of request: 2026-10-02T14:24:20.395815Z
  Time since last request: 0.000234441 seconds.
  importAddress: GUID: 5dc0b94feec6661439bd2a3bcc7b3c38 - Path: Assets/IndieMarc/TopDownDemo/Scripts/Key.cs - Importer: ScriptedImporter/UnityEditor.QuickSearchModule:UnityEditor.Search:ASIAI0B
Importing 'GUID: 5dc0b94feec6661439bd2a3bcc7b3c38 - Path: Assets/IndieMarc/TopDownDemo/Scripts/Key.cs - Importer: ScriptedImporter/UnityEditor.QuickSearchModule:UnityEditor.Search:ASIAI0B' with importer (ScriptedImporter : UnityEditor.QuickSearchModule:UnityEditor.Search:ASIAI0B)
Imported 'GUID: 5dc0b94feec6661439bd2a3bcc7b3c38' -> (Import Result ID: '6896036f0b17dd5b2fbe87e9150fdd68') in 0.002 seconds [static and dynamic dependencies]. Details - ImportResultOutputID=19720aaa927b0a7725f0de809d3ef009 DependenciesID=403b1b824f4f6b95c53fb491dec08c97 StaticDependenciesID=2891e9851f7f1f40909c7e40cf4d1312 
Number of updated asset objects reloaded before import = 0
Number of asset objects unloaded after import = 0
========================================================================
Received Import Request.
  Time of request: 2026-10-02T14:24:20.40631Z
  Time since last request: 0.00038401 seconds.
  importAddress: GUID: a287a16eb8f0400e86cec102678ab7a5 - Path: Packages/com.unity.collab-proxy/Editor/CloudDrive/CreateWorkspace/CollaboratorsListViewItem.cs - Importer: ScriptedImporter/UnityEditor.QuickSearchModule:UnityEditor.Search:ASIAI0B
Importing 'GUID: a287a16eb8f0400e86cec102678ab7a5 - Path: Packages/com.unity.collab-proxy/Editor/CloudDrive/CreateWorkspace/CollaboratorsListViewItem.cs - Importer: ScriptedImporter/UnityEditor.QuickSearchModule:UnityEditor.Search:ASIAI0B' with importer (ScriptedImporter : UnityEditor.QuickSearchModule:UnityEditor.Search:ASIAI0B)
Imported 'GUID: a287a16eb8f0400e86cec102678ab7a5' -> (Import Result ID: '01db0d5ac6208a7fa2520cb4cb7f8979') in 0.001 seconds [static and dynamic dependencies]. Details - ImportResultOutputID=b5bb0b23213745a8de9923fb74265648 DependenciesID=0b1e38d32b10f36149a2e521e396b4de StaticDependenciesID=8cdb301a43dd7363ea22a7c8ce1439c6 
Number of updated asset objects reloaded before import = 0
Number of asset objects unloaded after import = 0
========================================================================
Received Import Request.
  Time of request: 2026-10-02T14:24:20.41375Z
  Time since last request: 0.000341337 seconds.
  importAddress: GUID: c1ed5d553797c2845aac3a71dbb76deb - Path: Assets/IndieMarc/TopDownDemo/Scripts/Lever.cs - Importer: ScriptedImporter/UnityEditor.QuickSearchModule:UnityEditor.Search:ASIAI0B
Importing 'GUID: c1ed5d553797c2845aac3a71dbb76deb - Path: Assets/IndieMarc/TopDownDemo/Scripts/Lever.cs - Importer: ScriptedImporter/UnityEditor.QuickSearchModule:UnityEditor.Search:ASIAI0B' with importer (ScriptedImporter : UnityEditor.QuickSearchModule:UnityEditor.Search:ASIAI0B)
Imported 'GUID: c1ed5d553797c2845aac3a71dbb76deb' -> (Import Result ID: 'f967d3cf1cdeb6cc295ddb5134dd85f5') in 0.001 seconds [static and dynamic dependencies]. Details - ImportResultOutputID=a544294fc1c0ce87a622247ff4f4d46c DependenciesID=8940d865963d1bcee499415f3e2cb38f StaticDependenciesID=f8df94fc1cdf26b97b8c798d7c0041b9 
Number of updated asset objects reloaded before import = 0
Number of asset objects unloaded after import = 0
========================================================================
Received Import Request.
  Time of request: 2026-10-02T14:24:20.42129Z
  Time since last request: 0.000244608 seconds.
  importAddress: GUID: 80e0030263dbb1a40957075a51e46ba0 - Path: Assets/IndieMarc/PlatformerDemo/Scripts/FollowCamera.cs - Importer: ScriptedImporter/UnityEditor.QuickSearchModule:UnityEditor.Search:ASIAI0B
Importing 'GUID: 80e0030263dbb1a40957075a51e46ba0 - Path: Assets/IndieMarc/PlatformerDemo/Scripts/FollowCamera.cs - Importer: ScriptedImporter/UnityEditor.QuickSearchModule:UnityEditor.Search:ASIAI0B' with importer (ScriptedImporter : UnityEditor.QuickSearchModule:UnityEditor.Search:ASIAI0B)
Imported 'GUID: 80e0030263dbb1a40957075a51e46ba0' -> (Import Result ID: '591154dcb1b2afe9c2d70074f6a541c2') in 0.001 seconds [static and dynamic dependencies]. Details - ImportResultOutputID=5c1c3a843ad67f20a697b5fccc92c08f DependenciesID=6aad3f3eeb251419d59c1a60cbf68269 StaticDependenciesID=b137d57280eb81150c7ec4e4f9bdbc5a 
Number of updated asset objects reloaded before import = 0
Number of asset objects unloaded after import = 0
========================================================================
Received Import Request.
  Time of request: 2026-10-02T14:24:20.428381Z
  Time since last request: 0.000247719 seconds.
  importAddress: GUID: 224736fab6ec4e119f1f69e2c1d7b554 - Path: Packages/com.unity.collab-proxy/Editor/CloudDrive/CreateWorkspace/CollaboratorsMultiColumnHeader.cs - Importer: ScriptedImporter/UnityEditor.QuickSearchModule:UnityEditor.Search:ASIAI0B
Importing 'GUID: 224736fab6ec4e119f1f69e2c1d7b554 - Path: Packages/com.unity.collab-proxy/Editor/CloudDrive/CreateWorkspace/CollaboratorsMultiColumnHeader.cs - Importer: ScriptedImporter/UnityEditor.QuickSearchModule:UnityEditor.Search:ASIAI0B' with importer (ScriptedImporter : UnityEditor.QuickSearchModule:UnityEditor.Search:ASIAI0B)
Imported 'GUID: 224736fab6ec4e119f1f69e2c1d7b554' -> (Import Result ID: '647739caef64840208a6e1dd58217c70') in 0.001 seconds [static and dynamic dependencies]. Details - ImportResultOutputID=5daee83c26cfb5c69ed6cf1cafc0d179 DependenciesID=cf3c70cf8aa7e125e1fc3c307d6a6881 StaticDependenciesID=51935994871c5ddd882077a6825c35cf 
Number of updated asset objects reloaded before import = 0
Number of asset objects unloaded after import = 0
========================================================================
Received Import Request.
  Time of request: 2026-10-02T14:24:20.435529Z
  Time since last request: 0.000338745 seconds.
  importAddress: GUID: d0e3ad91972c66f5238f5b9b7d5ae58a - Path: Packages/com.unity.modules.unitywebrequesttexture/package.json - Importer: ScriptedImporter/UnityEditor.QuickSearchModule:UnityEditor.Search:ASIAI0B
Importing 'GUID: d0e3ad91972c66f5238f5b9b7d5ae58a - Path: Packages/com.unity.modules.unitywebrequesttexture/package.json - Importer: ScriptedImporter/UnityEditor.QuickSearchModule:UnityEditor.Search:ASIAI0B' with importer (ScriptedImporter : UnityEditor.QuickSearchModule:UnityEditor.Search:ASIAI0B)
Imported 'GUID: d0e3ad91972c66f5238f5b9b7d5ae58a' -> (Import Result ID: '5832620b5e11438100257e50913e01f6') in 0.001 seconds [static and dynamic dependencies]. Details - ImportResultOutputID=25e13285bfe37725d6f96a963a159391 DependenciesID=9a23f5f72ea9b52ddeb72ce6d4c4fe08 StaticDependenciesID=f56c18b9190885c34a222cff706ebe96 
Number of updated asset objects reloaded before import = 0
Number of asset objects unloaded after import = 1
========================================================================
Received Import Request.
  Time of request: 2026-10-02T14:24:20.442941Z
  Time since last request: 0.000507989 seconds.
  importAddress: GUID: b23e11badbd1c834da49f69458eb169c - Path: Assets/IndieMarc/PlatformerDemo/Tilemap/Black/tilemap_7.asset - Importer: ScriptedImporter/UnityEditor.QuickSearchModule:UnityEditor.Search:ASIAI0B
Importing 'GUID: b23e11badbd1c834da49f69458eb169c - Path: Assets/IndieMarc/PlatformerDemo/Tilemap/Black/tilemap_7.asset - Importer: ScriptedImporter/UnityEditor.QuickSearchModule:UnityEditor.Search:ASIAI0B' with importer (ScriptedImporter : UnityEditor.QuickSearchModule:UnityEditor.Search:ASIAI0B)
Imported 'GUID: b23e11badbd1c834da49f69458eb169c' -> (Import Result ID: 'ae145cc31d8d5e8d14d09d947bcaef67') in 0.002 seconds [static and dynamic dependencies]. Details - ImportResultOutputID=fb05899f539ee8051b358fd5e4ea8f9d DependenciesID=533c6d505976daee342cf844873d0f40 StaticDependenciesID=9292f2329a10166786bc36c666d9211b 
Number of updated asset objects reloaded before import = 0
Number of asset objects unloaded after import = 2
========================================================================
Received Import Request.
  Time of request: 2026-10-02T14:24:20.450657Z
  Time since last request: 0.000347082 seconds.
  importAddress: GUID: b8f5a40b7e8287643909acb1479b1e0e - Path: Assets/IndieMarc/PlatformerDemo/Tilemap/Black/tilemap_10.asset - Importer: ScriptedImporter/UnityEditor.QuickSearchModule:UnityEditor.Search:ASIAI0B
Importing 'GUID: b8f5a40b7e8287643909acb1479b1e0e - Path: Assets/IndieMarc/PlatformerDemo/Tilemap/Black/tilemap_10.asset - Importer: ScriptedImporter/UnityEditor.QuickSearchModule:UnityEditor.Search:ASIAI0B' with importer (ScriptedImporter : UnityEditor.QuickSearchModule:UnityEditor.Search:ASIAI0B)
Imported 'GUID: b8f5a40b7e8287643909acb1479b1e0e' -> (Import Result ID: 'fee5a4f404a25d0e61f3e34f4c7c70c9') in 0.002 seconds [static and dynamic dependencies]. Details - ImportResultOutputID=d99a9d317bca2fe1f982e767c326eba0 DependenciesID=b9139645861742eabdcfcf192791cf97 StaticDependenciesID=a8e62811e41fbff870eeb94f49194312 
Number of updated asset objects reloaded before import = 0
Number of asset objects unloaded after import = 2
========================================================================
Received Import Request.
  Time of request: 2026-10-02T14:24:20.458268Z
  Time since last request: 0.000223527 seconds.
  importAddress: GUID: 0a4d51d508394143b7023452d44f5a6a - Path: Packages/com.unity.collab-proxy/Editor/Headless/HeadlessRefreshView.cs - Importer: ScriptedImporter/UnityEditor.QuickSearchModule:UnityEditor.Search:ASIAI0B
Importing 'GUID: 0a4d51d508394143b7023452d44f5a6a - Path: Packages/com.unity.collab-proxy/Editor/Headless/HeadlessRefreshView.cs - Importer: ScriptedImporter/UnityEditor.QuickSearchModule:UnityEditor.Search:ASIAI0B' with importer (ScriptedImporter : UnityEditor.QuickSearchModule:UnityEditor.Search:ASIAI0B)
Imported 'GUID: 0a4d51d508394143b7023452d44f5a6a' -> (Import Result ID: '53b57d62301f877c1dcb54864f7b1ab4') in 0.001 seconds [static and dynamic dependencies]. Details - ImportResultOutputID=64f3fd8efdea9c1cf534a58288474cc0 DependenciesID=f693328db6a109314d82f1423ae1613e StaticDependenciesID=5d8e77e07d16875046a4025649b809b5 
Number of updated asset objects reloaded before import = 0
Number of asset objects unloaded after import = 0
========================================================================
Received Import Request.
  Time of request: 2026-10-02T14:24:20.465362Z
  Time since last request: 0.000281067 seconds.
  importAddress: GUID: ec80819f2b286fd4a94401058273799d - Path: Assets/IndieMarc/PlatformerDemo/Scripts/PlayerControls.cs - Importer: ScriptedImporter/UnityEditor.QuickSearchModule:UnityEditor.Search:ASIAI0B
Importing 'GUID: ec80819f2b286fd4a94401058273799d - Path: Assets/IndieMarc/PlatformerDemo/Scripts/PlayerControls.cs - Importer: ScriptedImporter/UnityEditor.QuickSearchModule:UnityEditor.Search:ASIAI0B' with importer (ScriptedImporter : UnityEditor.QuickSearchModule:UnityEditor.Search:ASIAI0B)
Imported 'GUID: ec80819f2b286fd4a94401058273799d' -> (Import Result ID: '5c14184605d2b2f06192c5482f4e4949') in 0.001 seconds [static and dynamic dependencies]. Details - ImportResultOutputID=6c396a289927f295c58672d6c70e0304 DependenciesID=04fdcd431544278351c1f40cafc0abf0 StaticDependenciesID=f0d4a4854e4dd1da1ce4751f28272a23 
Number of updated asset objects reloaded before import = 0
Number of asset objects unloaded after import = 0
========================================================================
Received Import Request.
  Time of request: 2026-10-02T14:24:20.472345Z
  Time since last request: 0.000296803 seconds.
  importAddress: GUID: 55f9606c92224790823f7ac7fd2c8d41 - Path: Packages/com.unity.visualscripting/Editor/VisualScripting.State/Plugin/Migrations/Migration_1_6_to_1_7.cs - Importer: ScriptedImporter/UnityEditor.QuickSearchModule:UnityEditor.Search:ASIAI0B
Importing 'GUID: 55f9606c92224790823f7ac7fd2c8d41 - Path: Packages/com.unity.visualscripting/Editor/VisualScripting.State/Plugin/Migrations/Migration_1_6_to_1_7.cs - Importer: ScriptedImporter/UnityEditor.QuickSearchModule:UnityEditor.Search:ASIAI0B' with importer (ScriptedImporter : UnityEditor.QuickSearchModule:UnityEditor.Search:ASIAI0B)
Imported 'GUID: 55f9606c92224790823f7ac7fd2c8d41' -> (Import Result ID: 'f2a1616d1a1fdbee8f2b28e08ae7aff7') in 0.001 seconds [static and dynamic dependencies]. Details - ImportResultOutputID=300067fe5fba4b7a359ab4bcf6b8a433 DependenciesID=dea42059b36d70cedcb442dff5c52a33 StaticDependenciesID=c8fc48681b6960663955052b6ee3987b 
Number of updated asset objects reloaded before import = 0
Number of asset objects unloaded after import = 0
========================================================================
Received Import Request.
  Time of request: 2026-10-02T14:24:20.479357Z
  Time since last request: 0.0002525 seconds.
  importAddress: GUID: 124a11c81bd6d03479673691ab06e2eb - Path: Assets/IndieMarc/PlatformerDemo/Tilemap/Black/tilemap_13.asset - Importer: ScriptedImporter/UnityEditor.QuickSearchModule:UnityEditor.Search:ASIAI0B
Importing 'GUID: 124a11c81bd6d03479673691ab06e2eb - Path: Assets/IndieMarc/PlatformerDemo/Tilemap/Black/tilemap_13.asset - Importer: ScriptedImporter/UnityEditor.QuickSearchModule:UnityEditor.Search:ASIAI0B' with importer (ScriptedImporter : UnityEditor.QuickSearchModule:UnityEditor.Search:ASIAI0B)
Imported 'GUID: 124a11c81bd6d03479673691ab06e2eb' -> (Import Result ID: '9ea3a6df47c27a32bc0f9b891acdca3e') in 0.001 seconds [static and dynamic dependencies]. Details - ImportResultOutputID=ab1c9505c7602b4239d5a6fa2b033c6b DependenciesID=73e9fd604de2d1dff9f797c379972fc0 StaticDependenciesID=475b14de9e44043be22706b2b3c2173f 
Number of updated asset objects reloaded before import = 0
Number of asset objects unloaded after import = 2
========================================================================
Received Import Request.
  Time of request: 2026-10-02T14:24:20.486622Z
  Time since last request: 0.000268368 seconds.
  importAddress: GUID: 614306b560283fc488f1f8d5d3db783e - Path: Assets/IndieMarc/PlatformerDemo/Sprites - Importer: ScriptedImporter/UnityEditor.QuickSearchModule:UnityEditor.Search:ASIAI0B
Importing 'GUID: 614306b560283fc488f1f8d5d3db783e - Path: Assets/IndieMarc/PlatformerDemo/Sprites - Importer: ScriptedImporter/UnityEditor.QuickSearchModule:UnityEditor.Search:ASIAI0B' with importer (ScriptedImporter : UnityEditor.QuickSearchModule:UnityEditor.Search:ASIAI0B)
Imported 'GUID: 614306b560283fc488f1f8d5d3db783e' -> (Import Result ID: 'd681a49a26d714bd866fc00dd7c96acd') in 0.001 seconds [static and dynamic dependencies]. Details - ImportResultOutputID=c7f03edfb05b82462acb6c1ee01fb07b DependenciesID=025c6dd01e2fa3f2ca07d9985ca9618d StaticDependenciesID=bbf29737cb113785e9d169d69e4b38c3 
Number of updated asset objects reloaded before import = 0
Number of asset objects unloaded after import = 1
========================================================================
Received Import Request.
  Time of request: 2026-10-02T14:24:20.49345Z
  Time since last request: 0.00029628 seconds.
  importAddress: GUID: d5ac453c34e359d439de9d724772ed3d - Path: Packages/com.unity.shadergraph/package.json - Importer: ScriptedImporter/UnityEditor.QuickSearchModule:UnityEditor.Search:ASIAI0B
Importing 'GUID: d5ac453c34e359d439de9d724772ed3d - Path: Packages/com.unity.shadergraph/package.json - Importer: ScriptedImporter/UnityEditor.QuickSearchModule:UnityEditor.Search:ASIAI0B' with importer (ScriptedImporter : UnityEditor.QuickSearchModule:UnityEditor.Search:ASIAI0B)
Imported 'GUID: d5ac453c34e359d439de9d724772ed3d' -> (Import Result ID: 'fbf0af38eea34ef58ce5d431f54bc0e6') in 0.001 seconds [static and dynamic dependencies]. Details - ImportResultOutputID=f260625526140ae04aaaf9a0ba17173c DependenciesID=a7c78bf9f87f28adaf13a5279a614368 StaticDependenciesID=301f62eaa7c2fe97e018af2aa8e37858 
Number of updated asset objects reloaded before import = 0
Number of asset objects unloaded after import = 1
========================================================================
Received Import Request.
  Time of request: 2026-10-02T14:24:20.500118Z
  Time since last request: 0.000218679 seconds.
  importAddress: GUID: 753d1ac2429a21a44ac5f937cbbb409f - Path: Packages/com.unity.render-pipelines.core/package.json - Importer: ScriptedImporter/UnityEditor.QuickSearchModule:UnityEditor.Search:ASIAI0B
Importing 'GUID: 753d1ac2429a21a44ac5f937cbbb409f - Path: Packages/com.unity.render-pipelines.core/package.json - Importer: ScriptedImporter/UnityEditor.QuickSearchModule:UnityEditor.Search:ASIAI0B' with importer (ScriptedImporter : UnityEditor.QuickSearchModule:UnityEditor.Search:ASIAI0B)
Imported 'GUID: 753d1ac2429a21a44ac5f937cbbb409f' -> (Import Result ID: '4ee023b59e48bc4e96440fdc55a5f3fc') in 0.001 seconds [static and dynamic dependencies]. Details - ImportResultOutputID=bb8ce2b82c3f82bbf33510844720e96f DependenciesID=e1564306625a1e0e62f4007690e9f4ab StaticDependenciesID=4aa73a7990637a77c185a9c07c7318db 
Number of updated asset objects reloaded before import = 0
Number of asset objects unloaded after import = 1
========================================================================
Received Import Request.
  Time of request: 2026-10-02T14:24:20.507142Z
  Time since last request: 0.000388799 seconds.
  importAddress: GUID: 8e20ae6049bf2784fac477472c172487 - Path: Assets/IndieMarc/PlatformerDemo/Tilemap/Black/tilemap_11.asset - Importer: ScriptedImporter/UnityEditor.QuickSearchModule:UnityEditor.Search:ASIAI0B
Importing 'GUID: 8e20ae6049bf2784fac477472c172487 - Path: Assets/IndieMarc/PlatformerDemo/Tilemap/Black/tilemap_11.asset - Importer: ScriptedImporter/UnityEditor.QuickSearchModule:UnityEditor.Search:ASIAI0B' with importer (ScriptedImporter : UnityEditor.QuickSearchModule:UnityEditor.Search:ASIAI0B)
Imported 'GUID: 8e20ae6049bf2784fac477472c172487' -> (Import Result ID: 'cfa51194102c815b22b372826e7446fc') in 0.002 seconds [static and dynamic dependencies]. Details - ImportResultOutputID=a962d78ffbc8d99c3ebfb8134a9ee9fc DependenciesID=baf47076cf2967c0d5528007305add5d StaticDependenciesID=f4657177bd47ec4db78a29b4eb0048ca 
Number of updated asset objects reloaded before import = 0
Number of asset objects unloaded after import = 2
========================================================================
Received Import Request.
  Time of request: 2026-10-02T14:24:20.518588Z
  Time since last request: 0.0004448 seconds.
  importAddress: GUID: f7a8357347c80dc69c08d0b1a05e2122 - Path: Packages/com.unity.modules.physics2d/package.json - Importer: ScriptedImporter/UnityEditor.QuickSearchModule:UnityEditor.Search:ASIAI0B
Importing 'GUID: f7a8357347c80dc69c08d0b1a05e2122 - Path: Packages/com.unity.modules.physics2d/package.json - Importer: ScriptedImporter/UnityEditor.QuickSearchModule:UnityEditor.Search:ASIAI0B' with importer (ScriptedImporter : UnityEditor.QuickSearchModule:UnityEditor.Search:ASIAI0B)
Imported 'GUID: f7a8357347c80dc69c08d0b1a05e2122' -> (Import Result ID: 'e3d708c5185a69c318dc71967351d1a0') in 0.001 seconds [static and dynamic dependencies]. Details - ImportResultOutputID=f51b3a82974d2197fbbad1623ae0fe79 DependenciesID=3dfebd3a07c3eb3b8798a94e0b581a91 StaticDependenciesID=a44ac2dd4f10d548770210faef54d6e5 
Number of updated asset objects reloaded before import = 0
Number of asset objects unloaded after import = 1
========================================================================
Received Import Request.
  Time of request: 2026-10-02T14:24:20.525766Z
  Time since last request: 0.000387502 seconds.
  importAddress: GUID: 05f7f519769978b79b31d063a7fc6fa1 - Path: Packages/com.unity.modules.unitywebrequestassetbundle/package.json - Importer: ScriptedImporter/UnityEditor.QuickSearchModule:UnityEditor.Search:ASIAI0B
Importing 'GUID: 05f7f519769978b79b31d063a7fc6fa1 - Path: Packages/com.unity.modules.unitywebrequestassetbundle/package.json - Importer: ScriptedImporter/UnityEditor.QuickSearchModule:UnityEditor.Search:ASIAI0B' with importer (ScriptedImporter : UnityEditor.QuickSearchModule:UnityEditor.Search:ASIAI0B)
Imported 'GUID: 05f7f519769978b79b31d063a7fc6fa1' -> (Import Result ID: 'c97287c4a2cfdbec37ef5d3c6fe34ba4') in 0.001 seconds [static and dynamic dependencies]. Details - ImportResultOutputID=0db7a284fa6166b037824ee682446673 DependenciesID=96c28f311d729b15737f3c69ab8907d0 StaticDependenciesID=e38d381c36ac6353f848654984d40792 
Number of updated asset objects reloaded before import = 0
Number of asset objects unloaded after import = 1
========================================================================
Received Import Request.
  Time of request: 2026-10-02T14:24:20.53278Z
  Time since last request: 0.000275149 seconds.
  importAddress: GUID: c8d9f1a2b3e4f5a6b7c8d9e0f1a2b3c4 - Path: Packages/com.unity.collab-proxy/Editor/AssetMenu/Dialogs/AddToCloudDriveDialog.cs - Importer: ScriptedImporter/UnityEditor.QuickSearchModule:UnityEditor.Search:ASIAI0B
Importing 'GUID: c8d9f1a2b3e4f5a6b7c8d9e0f1a2b3c4 - Path: Packages/com.unity.collab-proxy/Editor/AssetMenu/Dialogs/AddToCloudDriveDialog.cs - Importer: ScriptedImporter/UnityEditor.QuickSearchModule:UnityEditor.Search:ASIAI0B' with importer (ScriptedImporter : UnityEditor.QuickSearchModule:UnityEditor.Search:ASIAI0B)
Imported 'GUID: c8d9f1a2b3e4f5a6b7c8d9e0f1a2b3c4' -> (Import Result ID: 'ed0e0b692135dca663756b3dbe9e2ea4') in 0.001 seconds [static and dynamic dependencies]. Details - ImportResultOutputID=ba64c82280a6cda2bfc103d2fbbff0a6 DependenciesID=f1c0476f42b7102834b897ae13874f68 StaticDependenciesID=cefefb15cf299126acd815ec2be24439 
Number of updated asset objects reloaded before import = 0
Number of asset objects unloaded after import = 0
========================================================================
Received Import Request.
  Time of request: 2026-10-02T14:24:20.539883Z
  Time since last request: 0.000475637 seconds.
  importAddress: GUID: b3b18600c13f447a90bf04fc2a6dc2d5 - Path: Packages/com.unity.collab-proxy/Editor/UI/SplitterSettings.cs - Importer: ScriptedImporter/UnityEditor.QuickSearchModule:UnityEditor.Search:ASIAI0B
Importing 'GUID: b3b18600c13f447a90bf04fc2a6dc2d5 - Path: Packages/com.unity.collab-proxy/Editor/UI/SplitterSettings.cs - Importer: ScriptedImporter/UnityEditor.QuickSearchModule:UnityEditor.Search:ASIAI0B' with importer (ScriptedImporter : UnityEditor.QuickSearchModule:UnityEditor.Search:ASIAI0B)
Imported 'GUID: b3b18600c13f447a90bf04fc2a6dc2d5' -> (Import Result ID: '4a8894585be1c25800fffd5fef5a958b') in 0.001 seconds [static and dynamic dependencies]. Details - ImportResultOutputID=e834ead12754885130b8960adaee5a94 DependenciesID=d23009334972bee97724b8abc27b2905 StaticDependenciesID=beed9e1f63a292a2f2e1ca45e8bbb470 
Number of updated asset objects reloaded before import = 0
Number of asset objects unloaded after import = 0
========================================================================
Received Import Request.
  Time of request: 2026-10-02T14:24:20.546953Z
  Time since last request: 0.000324118 seconds.
  importAddress: GUID: 80b5f06f2b254106834105b126a44f19 - Path: Packages/com.unity.visualscripting/Editor/VisualScripting.State/Plugin/Migrations/Migration_Asset_to_Package.cs - Importer: ScriptedImporter/UnityEditor.QuickSearchModule:UnityEditor.Search:ASIAI0B
Importing 'GUID: 80b5f06f2b254106834105b126a44f19 - Path: Packages/com.unity.visualscripting/Editor/VisualScripting.State/Plugin/Migrations/Migration_Asset_to_Package.cs - Importer: ScriptedImporter/UnityEditor.QuickSearchModule:UnityEditor.Search:ASIAI0B' with importer (ScriptedImporter : UnityEditor.QuickSearchModule:UnityEditor.Search:ASIAI0B)
Imported 'GUID: 80b5f06f2b254106834105b126a44f19' -> (Import Result ID: '62889e110d646dbdce41fb980be58e38') in 0.001 seconds [static and dynamic dependencies]. Details - ImportResultOutputID=0d9e7e4261f9244343a5067ecb0578b0 DependenciesID=51a986dd9c4c7fe58bce1f0f176dc5f9 StaticDependenciesID=50584a7df93b12d984af23fc55131b3f 
Number of updated asset objects reloaded before import = 0
Number of asset objects unloaded after import = 0
========================================================================
Received Import Request.
  Time of request: 2026-10-02T14:24:20.554486Z
  Time since last request: 0.000550949 seconds.
  importAddress: GUID: 200cab728add43369c716237d4f7b451 - Path: Packages/com.unity.collab-proxy/Editor/Views/Locks/LocksListHeaderState.cs - Importer: ScriptedImporter/UnityEditor.QuickSearchModule:UnityEditor.Search:ASIAI0B
Importing 'GUID: 200cab728add43369c716237d4f7b451 - Path: Packages/com.unity.collab-proxy/Editor/Views/Locks/LocksListHeaderState.cs - Importer: ScriptedImporter/UnityEditor.QuickSearchModule:UnityEditor.Search:ASIAI0B' with importer (ScriptedImporter : UnityEditor.QuickSearchModule:UnityEditor.Search:ASIAI0B)
Imported 'GUID: 200cab728add43369c716237d4f7b451' -> (Import Result ID: '1358f5abe5a15a8960f6c25e355f027b') in 0.001 seconds [static and dynamic dependencies]. Details - ImportResultOutputID=427f197bf043e1afa180f9b7b5ad7718 DependenciesID=e3effa45c308370ffde1e67405ca27d3 StaticDependenciesID=013a92162d61f1824b2891b76595452d 
Number of updated asset objects reloaded before import = 0
Number of asset objects unloaded after import = 0
========================================================================
Received Import Request.
  Time of request: 2026-10-02T14:24:20.561801Z
  Time since last request: 0.000292493 seconds.
  importAddress: GUID: 1c9b352f456640c9925a381f736ecb5d - Path: Packages/com.unity.collab-proxy/Editor/Settings/DiffAndMergeOptionsFoldout.cs - Importer: ScriptedImporter/UnityEditor.QuickSearchModule:UnityEditor.Search:ASIAI0B
Importing 'GUID: 1c9b352f456640c9925a381f736ecb5d - Path: Packages/com.unity.collab-proxy/Editor/Settings/DiffAndMergeOptionsFoldout.cs - Importer: ScriptedImporter/UnityEditor.QuickSearchModule:UnityEditor.Search:ASIAI0B' with importer (ScriptedImporter : UnityEditor.QuickSearchModule:UnityEditor.Search:ASIAI0B)
Imported 'GUID: 1c9b352f456640c9925a381f736ecb5d' -> (Import Result ID: 'd9f02d9c0bda81f71e4f119aa9fcae60') in 0.001 seconds [static and dynamic dependencies]. Details - ImportResultOutputID=d7b5c811b4ea6b98e69382512f8bde8a DependenciesID=ede7a124480777e7c2249f77c8e2deda StaticDependenciesID=ec94851618d049ef6e34e70ef37ae20d 
Number of updated asset objects reloaded before import = 0
Number of asset objects unloaded after import = 0
========================================================================
Received Import Request.
  Time of request: 2026-10-02T14:24:20.569498Z
  Time since last request: 0.000547875 seconds.
  importAddress: GUID: 868bfc083d111bc4fb3199b0409700e4 - Path: Assets/IndieMarc/PlatformerDemo/Tilemap/Black/tilemap_5.asset - Importer: ScriptedImporter/UnityEditor.QuickSearchModule:UnityEditor.Search:ASIAI0B
Importing 'GUID: 868bfc083d111bc4fb3199b0409700e4 - Path: Assets/IndieMarc/PlatformerDemo/Tilemap/Black/tilemap_5.asset - Importer: ScriptedImporter/UnityEditor.QuickSearchModule:UnityEditor.Search:ASIAI0B' with importer (ScriptedImporter : UnityEditor.QuickSearchModule:UnityEditor.Search:ASIAI0B)
Imported 'GUID: 868bfc083d111bc4fb3199b0409700e4' -> (Import Result ID: '61f0de67f95cea2164e8bedd3a053b2e') in 0.002 seconds [static and dynamic dependencies]. Details - ImportResultOutputID=69a63337056e8b07675c5f2cc88b74ea DependenciesID=80186ab40fcd0f903c7de43963f107ee StaticDependenciesID=fadb9f748c7494dd6bd10d9d77439b26 
Number of updated asset objects reloaded before import = 0
Number of asset objects unloaded after import = 2
========================================================================
Received Import Request.
  Time of request: 2026-10-02T14:24:20.577426Z
  Time since last request: 0.000351817 seconds.
  importAddress: GUID: 1a4266815e998967becf686f9c71f0a6 - Path: Packages/com.unity.modules.physics/package.json - Importer: ScriptedImporter/UnityEditor.QuickSearchModule:UnityEditor.Search:ASIAI0B
Importing 'GUID: 1a4266815e998967becf686f9c71f0a6 - Path: Packages/com.unity.modules.physics/package.json - Importer: ScriptedImporter/UnityEditor.QuickSearchModule:UnityEditor.Search:ASIAI0B' with importer (ScriptedImporter : UnityEditor.QuickSearchModule:UnityEditor.Search:ASIAI0B)
Imported 'GUID: 1a4266815e998967becf686f9c71f0a6' -> (Import Result ID: 'c85f9de6d950a490e3fa03e07c0e9ad6') in 0.001 seconds [static and dynamic dependencies]. Details - ImportResultOutputID=a775f7ed058ae4a8f355d7f1f2860b66 DependenciesID=011e0a5cb46abd63338fe6b02fd266bb StaticDependenciesID=f5180b88593d7a824a18d98d58cef16c 
Number of updated asset objects reloaded before import = 0
Number of asset objects unloaded after import = 1
========================================================================
Received Import Request.
  Time of request: 2026-10-02T14:24:20.584774Z
  Time since last request: 0.000264042 seconds.
  importAddress: GUID: 6afb166a156df2d20433d981f4bb2832 - Path: Packages/com.unity.modules.vehicles/package.json - Importer: ScriptedImporter/UnityEditor.QuickSearchModule:UnityEditor.Search:ASIAI0B
Importing 'GUID: 6afb166a156df2d20433d981f4bb2832 - Path: Packages/com.unity.modules.vehicles/package.json - Importer: ScriptedImporter/UnityEditor.QuickSearchModule:UnityEditor.Search:ASIAI0B' with importer (ScriptedImporter : UnityEditor.QuickSearchModule:UnityEditor.Search:ASIAI0B)
Imported 'GUID: 6afb166a156df2d20433d981f4bb2832' -> (Import Result ID: '2fcbba682918eeae5e1ed22985c383ae') in 0.001 seconds [static and dynamic dependencies]. Details - ImportResultOutputID=3aaf8ddf3d30e485e51ba386762a83a3 DependenciesID=4c6f9217d7dfcfb54e45aaff1270a4e7 StaticDependenciesID=db31964b17ee3b88e15f3465b1844b02 
Number of updated asset objects reloaded before import = 0
Number of asset objects unloaded after import = 1
========================================================================
Received Import Request.
  Time of request: 2026-10-02T14:24:20.591926Z
  Time since last request: 0.000232389 seconds.
  importAddress: GUID: ec02776fe29df900b897106d61977735 - Path: Packages/com.unity.modules.director/package.json - Importer: ScriptedImporter/UnityEditor.QuickSearchModule:UnityEditor.Search:ASIAI0B
Importing 'GUID: ec02776fe29df900b897106d61977735 - Path: Packages/com.unity.modules.director/package.json - Importer: ScriptedImporter/UnityEditor.QuickSearchModule:UnityEditor.Search:ASIAI0B' with importer (ScriptedImporter : UnityEditor.QuickSearchModule:UnityEditor.Search:ASIAI0B)
Imported 'GUID: ec02776fe29df900b897106d61977735' -> (Import Result ID: '215097e1110fdeb0b19c0136096627c1') in 0.001 seconds [static and dynamic dependencies]. Details - ImportResultOutputID=01ef571a1fee884679df1d29f958453c DependenciesID=5cc5bef45a0a729fe14d5b819cbf0bce StaticDependenciesID=e8e67c11c122e2e45a305acfd9fb232e 
Number of updated asset objects reloaded before import = 0
Number of asset objects unloaded after import = 1
========================================================================
Received Import Request.
  Time of request: 2026-10-02T14:24:20.599218Z
  Time since last request: 0.000262615 seconds.
  importAddress: GUID: 96b904be7893d1143a2ced2c437c61de - Path: Assets/IndieMarc/TopDownDemo/Scripts/PlayerControls.cs - Importer: ScriptedImporter/UnityEditor.QuickSearchModule:UnityEditor.Search:ASIAI0B
Importing 'GUID: 96b904be7893d1143a2ced2c437c61de - Path: Assets/IndieMarc/TopDownDemo/Scripts/PlayerControls.cs - Importer: ScriptedImporter/UnityEditor.QuickSearchModule:UnityEditor.Search:ASIAI0B' with importer (ScriptedImporter : UnityEditor.QuickSearchModule:UnityEditor.Search:ASIAI0B)
Imported 'GUID: 96b904be7893d1143a2ced2c437c61de' -> (Import Result ID: 'dcbf563c5316b699dd1943522aa2d71c') in 0.001 seconds [static and dynamic dependencies]. Details - ImportResultOutputID=3134b9db38b9273b802f5173c8396ac4 DependenciesID=ce0577fa0a2b565e080b4b0122da62bd StaticDependenciesID=b170e89bf38386e94afb4a584fd6ba9d 
Number of updated asset objects reloaded before import = 0
Number of asset objects unloaded after import = 0
========================================================================
Received Import Request.
  Time of request: 2026-10-02T14:24:20.606602Z
  Time since last request: 0.000260237 seconds.
  importAddress: GUID: bd1af0a6633ee94ae21c7d1d702cdc12 - Path: Packages/com.unity.modules.androidjni/package.json - Importer: ScriptedImporter/UnityEditor.QuickSearchModule:UnityEditor.Search:ASIAI0B
Importing 'GUID: bd1af0a6633ee94ae21c7d1d702cdc12 - Path: Packages/com.unity.modules.androidjni/package.json - Importer: ScriptedImporter/UnityEditor.QuickSearchModule:UnityEditor.Search:ASIAI0B' with importer (ScriptedImporter : UnityEditor.QuickSearchModule:UnityEditor.Search:ASIAI0B)
Imported 'GUID: bd1af0a6633ee94ae21c7d1d702cdc12' -> (Import Result ID: '680ca62e53c22e54906410050c8ebe56') in 0.001 seconds [static and dynamic dependencies]. Details - ImportResultOutputID=6e5be3167d8a6788fd53112a5b6fdd1e DependenciesID=c4a94dc99b67ab02bcb10be6cd3f1fa1 StaticDependenciesID=2b7365f6ccd1d34dfbfe919a7bc5a426 
Number of updated asset objects reloaded before import = 0
Number of asset objects unloaded after import = 1
========================================================================
Received Import Request.
  Time of request: 2026-10-02T14:24:20.613899Z
  Time since last request: 0.000259837 seconds.
  importAddress: GUID: 70bf1fe1bcd44b64b43910da6487eab4 - Path: Packages/com.unity.collab-proxy/Editor/UI/DrawStaticElement.cs - Importer: ScriptedImporter/UnityEditor.QuickSearchModule:UnityEditor.Search:ASIAI0B
Importing 'GUID: 70bf1fe1bcd44b64b43910da6487eab4 - Path: Packages/com.unity.collab-proxy/Editor/UI/DrawStaticElement.cs - Importer: ScriptedImporter/UnityEditor.QuickSearchModule:UnityEditor.Search:ASIAI0B' with importer (ScriptedImporter : UnityEditor.QuickSearchModule:UnityEditor.Search:ASIAI0B)
Imported 'GUID: 70bf1fe1bcd44b64b43910da6487eab4' -> (Import Result ID: 'a3d56f647b1c5ac327d2bd9822995ffd') in 0.001 seconds [static and dynamic dependencies]. Details - ImportResultOutputID=df8875b321668ebc78f47940ce032ef8 DependenciesID=01875d957a07f7abb4cbc5ea674867af StaticDependenciesID=0576f68ffb262f5b8774c27768cf3108 
Number of updated asset objects reloaded before import = 0
Number of asset objects unloaded after import = 0
========================================================================
Received Import Request.
  Time of request: 2026-10-02T14:24:20.621502Z
  Time since last request: 0.000285024 seconds.
  importAddress: GUID: d85e5eeaf8f135aeaaebdc8aa3cff6c3 - Path: Packages/com.unity.modules.umbra/package.json - Importer: ScriptedImporter/UnityEditor.QuickSearchModule:UnityEditor.Search:ASIAI0B
Importing 'GUID: d85e5eeaf8f135aeaaebdc8aa3cff6c3 - Path: Packages/com.unity.modules.umbra/package.json - Importer: ScriptedImporter/UnityEditor.QuickSearchModule:UnityEditor.Search:ASIAI0B' with importer (ScriptedImporter : UnityEditor.QuickSearchModule:UnityEditor.Search:ASIAI0B)
Imported 'GUID: d85e5eeaf8f135aeaaebdc8aa3cff6c3' -> (Import Result ID: '60bdf8ca541c9c5a949bcd4290f5539b') in 0.001 seconds [static and dynamic dependencies]. Details - ImportResultOutputID=02e6e03213ce0c1b7508d4301ee35026 DependenciesID=aab8f3d680c6e14f42063b11b61f2fef StaticDependenciesID=8d1cb702149e894e3b84bf929c107ba3 
Number of updated asset objects reloaded before import = 0
Number of asset objects unloaded after import = 1
========================================================================
Received Import Request.
  Time of request: 2026-10-02T14:24:20.628889Z
  Time since last request: 0.000311838 seconds.
  importAddress: GUID: b92f3fb580bcfa04caaebcd08979308b - Path: Assets/IndieMarc/TopDownDemo/Scripts/FollowCamera.cs - Importer: ScriptedImporter/UnityEditor.QuickSearchModule:UnityEditor.Search:ASIAI0B
Importing 'GUID: b92f3fb580bcfa04caaebcd08979308b - Path: Assets/IndieMarc/TopDownDemo/Scripts/FollowCamera.cs - Importer: ScriptedImporter/UnityEditor.QuickSearchModule:UnityEditor.Search:ASIAI0B' with importer (ScriptedImporter : UnityEditor.QuickSearchModule:UnityEditor.Search:ASIAI0B)
Imported 'GUID: b92f3fb580bcfa04caaebcd08979308b' -> (Import Result ID: '2cbbbbd45e9e7fa006b920e1adaa3342') in 0.001 seconds [static and dynamic dependencies]. Details - ImportResultOutputID=a1287c16ff996e171deff5c761e03253 DependenciesID=80c3b6412cbddc1753426b8b4ea681b2 StaticDependenciesID=466efd7c003f2d4d8c32af6413437dcf 
Number of updated asset objects reloaded before import = 0
Number of asset objects unloaded after import = 0
========================================================================
Received Import Request.
  Time of request: 2026-10-02T14:24:20.636404Z
  Time since last request: 0.000435227 seconds.
  importAddress: GUID: 8cee66aefde0415886a851167a19c933 - Path: Packages/com.unity.collab-proxy/Editor/UI/Progress/LoadingSpinner.cs - Importer: ScriptedImporter/UnityEditor.QuickSearchModule:UnityEditor.Search:ASIAI0B
Importing 'GUID: 8cee66aefde0415886a851167a19c933 - Path: Packages/com.unity.collab-proxy/Editor/UI/Progress/LoadingSpinner.cs - Importer: ScriptedImporter/UnityEditor.QuickSearchModule:UnityEditor.Search:ASIAI0B' with importer (ScriptedImporter : UnityEditor.QuickSearchModule:UnityEditor.Search:ASIAI0B)
Imported 'GUID: 8cee66aefde0415886a851167a19c933' -> (Import Result ID: '9dff1da873a0fbfdc45df400651c628c') in 0.001 seconds [static and dynamic dependencies]. Details - ImportResultOutputID=122ac34b9b785b3eb0b44904cd7accff DependenciesID=4807691ed15eeca1bf1529e1b8b28496 StaticDependenciesID=27cc004b0a5abfd989593538ce3cc759 
Number of updated asset objects reloaded before import = 0
Number of asset objects unloaded after import = 0
========================================================================
Received Import Request.
  Time of request: 2026-10-02T14:24:20.6447Z
  Time since last request: 0.000179698 seconds.
  importAddress: GUID: 30648b8d550465f4bb77f1e1afd0b37d - Path: Packages/com.unity.render-pipelines.universal/package.json - Importer: ScriptedImporter/UnityEditor.QuickSearchModule:UnityEditor.Search:ASIAI0B
Importing 'GUID: 30648b8d550465f4bb77f1e1afd0b37d - Path: Packages/com.unity.render-pipelines.universal/package.json - Importer: ScriptedImporter/UnityEditor.QuickSearchModule:UnityEditor.Search:ASIAI0B' with importer (ScriptedImporter : UnityEditor.QuickSearchModule:UnityEditor.Search:ASIAI0B)
Imported 'GUID: 30648b8d550465f4bb77f1e1afd0b37d' -> (Import Result ID: 'c3bc6e33207afa8496362529c5c00ffa') in 0.001 seconds [static and dynamic dependencies]. Details - ImportResultOutputID=f90bce6d640bc6512a83833d13162f3f DependenciesID=6003707b86e9d4d012dd6bda6f00f594 StaticDependenciesID=3188569cb1e83df8f5628c847641b4a2 
Number of updated asset objects reloaded before import = 0
Number of asset objects unloaded after import = 1
========================================================================
Received Import Request.
  Time of request: 2026-10-02T14:24:20.652094Z
  Time since last request: 0.000252005 seconds.
  importAddress: GUID: d097a5d507694ba7ac97bc9a9f2942e3 - Path: Packages/com.unity.collab-proxy/Editor/Settings/UVCSProjectSettingsProvider.cs - Importer: ScriptedImporter/UnityEditor.QuickSearchModule:UnityEditor.Search:ASIAI0B
Importing 'GUID: d097a5d507694ba7ac97bc9a9f2942e3 - Path: Packages/com.unity.collab-proxy/Editor/Settings/UVCSProjectSettingsProvider.cs - Importer: ScriptedImporter/UnityEditor.QuickSearchModule:UnityEditor.Search:ASIAI0B' with importer (ScriptedImporter : UnityEditor.QuickSearchModule:UnityEditor.Search:ASIAI0B)
Imported 'GUID: d097a5d507694ba7ac97bc9a9f2942e3' -> (Import Result ID: 'ef7b5193801f053ca24586ff86ffb8dc') in 0.001 seconds [static and dynamic dependencies]. Details - ImportResultOutputID=6384e5853d0bd378a76e5d670d03b1ec DependenciesID=aafcdd52b8e4e1d018d48b5c76ba1a87 StaticDependenciesID=d633fff4e9578ad2bb79a23f8d16c305 
Number of updated asset objects reloaded before import = 0
Number of asset objects unloaded after import = 0
========================================================================
Received Import Request.
  Time of request: 2026-10-02T14:24:20.659351Z
  Time since last request: 0.000247711 seconds.
  importAddress: GUID: 53a1e1bb3f40450abf503305ff74ce82 - Path: Packages/com.unity.visualscripting/Editor/VisualScripting.Core/Analytics/OnPreprocessBuildAnalyticsEventHandler.cs - Importer: ScriptedImporter/UnityEditor.QuickSearchModule:UnityEditor.Search:ASIAI0B
Importing 'GUID: 53a1e1bb3f40450abf503305ff74ce82 - Path: Packages/com.unity.visualscripting/Editor/VisualScripting.Core/Analytics/OnPreprocessBuildAnalyticsEventHandler.cs - Importer: ScriptedImporter/UnityEditor.QuickSearchModule:UnityEditor.Search:ASIAI0B' with importer (ScriptedImporter : UnityEditor.QuickSearchModule:UnityEditor.Search:ASIAI0B)
Imported 'GUID: 53a1e1bb3f40450abf503305ff74ce82' -> (Import Result ID: 'c1e1ff2a3500948960ba0fd033ade682') in 0.001 seconds [static and dynamic dependencies]. Details - ImportResultOutputID=2355b5363af2eef1e275400fbc9ac1ae DependenciesID=211280b106cee4a2626aed483dff8d32 StaticDependenciesID=a3e3ff10cd595dcb1ddcabe7adf351c0 
Number of updated asset objects reloaded before import = 0
Number of asset objects unloaded after import = 0
========================================================================
Received Import Request.
  Time of request: 2026-10-02T14:24:20.667425Z
  Time since last request: 0.000375321 seconds.
  importAddress: GUID: 27cd9a46f12b440d8a4e4a0524330db8 - Path: Packages/com.unity.collab-proxy/Editor/Headless/HeadlessHistoryViewLauncher.cs - Importer: ScriptedImporter/UnityEditor.QuickSearchModule:UnityEditor.Search:ASIAI0B
Importing 'GUID: 27cd9a46f12b440d8a4e4a0524330db8 - Path: Packages/com.unity.collab-proxy/Editor/Headless/HeadlessHistoryViewLauncher.cs - Importer: ScriptedImporter/UnityEditor.QuickSearchModule:UnityEditor.Search:ASIAI0B' with importer (ScriptedImporter : UnityEditor.QuickSearchModule:UnityEditor.Search:ASIAI0B)
Imported 'GUID: 27cd9a46f12b440d8a4e4a0524330db8' -> (Import Result ID: 'b4fccccf4d69ee1262271bac794ce500') in 0.001 seconds [static and dynamic dependencies]. Details - ImportResultOutputID=35c072ad3a1937073b1cc41f2b86fc17 DependenciesID=f0aafa8f02750328c1d9c9b31c4c5699 StaticDependenciesID=a1930e15cf2432d554980040149c7ac5 
Number of updated asset objects reloaded before import = 0
Number of asset objects unloaded after import = 0
========================================================================
Received Import Request.
  Time of request: 2026-10-02T14:24:20.675266Z
  Time since last request: 0.000357654 seconds.
  importAddress: GUID: 78e5667e52329c3ceef41288763404ae - Path: Packages/com.unity.modules.vectorgraphics/package.json - Importer: ScriptedImporter/UnityEditor.QuickSearchModule:UnityEditor.Search:ASIAI0B
Importing 'GUID: 78e5667e52329c3ceef41288763404ae - Path: Packages/com.unity.modules.vectorgraphics/package.json - Importer: ScriptedImporter/UnityEditor.QuickSearchModule:UnityEditor.Search:ASIAI0B' with importer (ScriptedImporter : UnityEditor.QuickSearchModule:UnityEditor.Search:ASIAI0B)
Imported 'GUID: 78e5667e52329c3ceef41288763404ae' -> (Import Result ID: '252cf4fcab8fe5610881f3c574117da6') in 0.001 seconds [static and dynamic dependencies]. Details - ImportResultOutputID=58c025c91cbebc6ec05474722b6f916d DependenciesID=52fae9f51bad2b4889b0cb03ddbf5674 StaticDependenciesID=aeb0530570c62eeab9b4f61baaece20c 
Number of updated asset objects reloaded before import = 0
Number of asset objects unloaded after import = 1
========================================================================
Received Import Request.
  Time of request: 2026-10-02T14:24:20.682764Z
  Time since last request: 0.000246681 seconds.
  importAddress: GUID: 40bf3cec17fa0b49fe04443c8332d638 - Path: Packages/com.unity.modules.jsonserialize/package.json - Importer: ScriptedImporter/UnityEditor.QuickSearchModule:UnityEditor.Search:ASIAI0B
Importing 'GUID: 40bf3cec17fa0b49fe04443c8332d638 - Path: Packages/com.unity.modules.jsonserialize/package.json - Importer: ScriptedImporter/UnityEditor.QuickSearchModule:UnityEditor.Search:ASIAI0B' with importer (ScriptedImporter : UnityEditor.QuickSearchModule:UnityEditor.Search:ASIAI0B)
Imported 'GUID: 40bf3cec17fa0b49fe04443c8332d638' -> (Import Result ID: '31d9a50f2c7074d4d236a17a740846ed') in 0.001 seconds [static and dynamic dependencies]. Details - ImportResultOutputID=2cabc5f42d7547c4dab403cabd0af2ae DependenciesID=8e05552741bb1666ab8fafdaf4f3de11 StaticDependenciesID=0a703ae458ccbd8c84127be930c0f2f1 
Number of updated asset objects reloaded before import = 0
Number of asset objects unloaded after import = 1
========================================================================
Received Import Request.
  Time of request: 2026-10-02T14:24:20.689739Z
  Time since last request: 0.000221066 seconds.
  importAddress: GUID: 49236d71f86b65a49a078844ff2f0306 - Path: Assets/IndieMarc/TopDownDemo/Scripts/Door.cs - Importer: ScriptedImporter/UnityEditor.QuickSearchModule:UnityEditor.Search:ASIAI0B
Importing 'GUID: 49236d71f86b65a49a078844ff2f0306 - Path: Assets/IndieMarc/TopDownDemo/Scripts/Door.cs - Importer: ScriptedImporter/UnityEditor.QuickSearchModule:UnityEditor.Search:ASIAI0B' with importer (ScriptedImporter : UnityEditor.QuickSearchModule:UnityEditor.Search:ASIAI0B)
Imported 'GUID: 49236d71f86b65a49a078844ff2f0306' -> (Import Result ID: 'bff4bfbb7765c20caf731f12b99cd6b6') in 0.001 seconds [static and dynamic dependencies]. Details - ImportResultOutputID=2b40853fb5665ae4bba9e5707bae84a9 DependenciesID=9d398633dee236ad3e7bff5e76a88532 StaticDependenciesID=46b757ef2bd9318515dcb318a4069720 
Number of updated asset objects reloaded before import = 0
Number of asset objects unloaded after import = 0
========================================================================
Received Import Request.
  Time of request: 2026-10-02T14:24:20.69719Z
  Time since last request: 0.000297849 seconds.
  importAddress: GUID: 2bcbffd6bb3c7bc72fdf5e48842ddd16 - Path: Packages/com.unity.render-pipelines.universal - Importer: ScriptedImporter/UnityEditor.QuickSearchModule:UnityEditor.Search:ASIAI0B
Importing 'GUID: 2bcbffd6bb3c7bc72fdf5e48842ddd16 - Path: Packages/com.unity.render-pipelines.universal - Importer: ScriptedImporter/UnityEditor.QuickSearchModule:UnityEditor.Search:ASIAI0B' with importer (ScriptedImporter : UnityEditor.QuickSearchModule:UnityEditor.Search:ASIAI0B)
Imported 'GUID: 2bcbffd6bb3c7bc72fdf5e48842ddd16' -> (Import Result ID: '5c3b5bdd52e4fd4f6f437bae1635875e') in 0.001 seconds [static and dynamic dependencies]. Details - ImportResultOutputID=0510ed0e87082ae44f9d6cddb07101fe DependenciesID=7354d00a16c739f58a0e67dcfccb5bcd StaticDependenciesID=a9d2681411be5a65adb4e33637e3b43c 
Number of updated asset objects reloaded before import = 0
Number of asset objects unloaded after import = 1
========================================================================
Received Import Request.
  Time of request: 2026-10-02T14:24:20.704084Z
  Time since last request: 0.00026093 seconds.
  importAddress: GUID: c0faad526f5548c1a53c288b045580b0 - Path: Packages/com.unity.collab-proxy/Editor/UI/DelayedActionByFramesRunner.cs - Importer: ScriptedImporter/UnityEditor.QuickSearchModule:UnityEditor.Search:ASIAI0B
Importing 'GUID: c0faad526f5548c1a53c288b045580b0 - Path: Packages/com.unity.collab-proxy/Editor/UI/DelayedActionByFramesRunner.cs - Importer: ScriptedImporter/UnityEditor.QuickSearchModule:UnityEditor.Search:ASIAI0B' with importer (ScriptedImporter : UnityEditor.QuickSearchModule:UnityEditor.Search:ASIAI0B)
Imported 'GUID: c0faad526f5548c1a53c288b045580b0' -> (Import Result ID: '4507cffd209ce409b3ed353f76adc901') in 0.001 seconds [static and dynamic dependencies]. Details - ImportResultOutputID=6e6c314be17973bcf865fbac36c7ff94 DependenciesID=dfb1d04c1bd33c3f42cb9b4078565e6f StaticDependenciesID=e361ba51e03c3c80f988d70339f5d475 
Number of updated asset objects reloaded before import = 0
Number of asset objects unloaded after import = 0
========================================================================
Received Import Request.
  Time of request: 2026-10-02T14:24:20.710819Z
  Time since last request: 0.000158219 seconds.
  importAddress: GUID: 9b50b79a901c84542a13b18e4ab06191 - Path: Assets/IndieMarc/PlatformerDemo/Scripts/CarryItem.cs - Importer: ScriptedImporter/UnityEditor.QuickSearchModule:UnityEditor.Search:ASIAI0B
Importing 'GUID: 9b50b79a901c84542a13b18e4ab06191 - Path: Assets/IndieMarc/PlatformerDemo/Scripts/CarryItem.cs - Importer: ScriptedImporter/UnityEditor.QuickSearchModule:UnityEditor.Search:ASIAI0B' with importer (ScriptedImporter : UnityEditor.QuickSearchModule:UnityEditor.Search:ASIAI0B)
Imported 'GUID: 9b50b79a901c84542a13b18e4ab06191' -> (Import Result ID: 'a213ccc890d8fbc704c5d69bee742d8f') in 0.001 seconds [static and dynamic dependencies]. Details - ImportResultOutputID=04727c94eae5d946434f4a028e33a7fe DependenciesID=746e20f060c0425026b1ea6437df801a StaticDependenciesID=89e187dc94d06b48d289435efd918cf9 
Number of updated asset objects reloaded before import = 0
Number of asset objects unloaded after import = 0
========================================================================
Received Import Request.
  Time of request: 2026-10-02T14:24:20.717404Z
  Time since last request: 0.000282177 seconds.
  importAddress: GUID: 118e2887dec1abd2b124eca39fb12531 - Path: Packages/com.unity.timeline - Importer: ScriptedImporter/UnityEditor.QuickSearchModule:UnityEditor.Search:ASIAI0B
Importing 'GUID: 118e2887dec1abd2b124eca39fb12531 - Path: Packages/com.unity.timeline - Importer: ScriptedImporter/UnityEditor.QuickSearchModule:UnityEditor.Search:ASIAI0B' with importer (ScriptedImporter : UnityEditor.QuickSearchModule:UnityEditor.Search:ASIAI0B)
Imported 'GUID: 118e2887dec1abd2b124eca39fb12531' -> (Import Result ID: 'f04f656bade83cde5c8af44898ff73a3') in 0.003 seconds [static and dynamic dependencies]. Details - ImportResultOutputID=4419a9b028c44d37210829adccf94fbd DependenciesID=1a8a1951c9d4f384d0b05892d5c609ff StaticDependenciesID=7329622ffbe4b8c82dbdcc29b608507a 
Number of updated asset objects reloaded before import = 0
Number of asset objects unloaded after import = 1
========================================================================
Received Import Request.
  Time of request: 2026-10-02T14:24:20.725625Z
  Time since last request: 0.000252229 seconds.
  importAddress: GUID: b1903aa39b6b4857be4ef4e143617965 - Path: Packages/com.unity.visualscripting/Editor/VisualScripting.Core/Analytics/OnPreprocessBuildAnalytics.cs - Importer: ScriptedImporter/UnityEditor.QuickSearchModule:UnityEditor.Search:ASIAI0B
Importing 'GUID: b1903aa39b6b4857be4ef4e143617965 - Path: Packages/com.unity.visualscripting/Editor/VisualScripting.Core/Analytics/OnPreprocessBuildAnalytics.cs - Importer: ScriptedImporter/UnityEditor.QuickSearchModule:UnityEditor.Search:ASIAI0B' with importer (ScriptedImporter : UnityEditor.QuickSearchModule:UnityEditor.Search:ASIAI0B)
Imported 'GUID: b1903aa39b6b4857be4ef4e143617965' -> (Import Result ID: 'a43d2b77c5234577eeb948f99051ee5a') in 0.001 seconds [static and dynamic dependencies]. Details - ImportResultOutputID=7cf1493182aa1f96af80cf1ed2cdd902 DependenciesID=bebc427b436cf58dc47084982cb62218 StaticDependenciesID=611b1370816a20f0c6777135980e537d 
Number of updated asset objects reloaded before import = 0
Number of asset objects unloaded after import = 0
========================================================================
Received Import Request.
  Time of request: 2026-10-02T14:24:20.732581Z
  Time since last request: 0.000457105 seconds.
  importAddress: GUID: 732424989e347fa4cadc5c837451a7c7 - Path: Assets/IndieMarc/PlatformerDemo/Tilemap/Black/tilemap_4.asset - Importer: ScriptedImporter/UnityEditor.QuickSearchModule:UnityEditor.Search:ASIAI0B
Importing 'GUID: 732424989e347fa4cadc5c837451a7c7 - Path: Assets/IndieMarc/PlatformerDemo/Tilemap/Black/tilemap_4.asset - Importer: ScriptedImporter/UnityEditor.QuickSearchModule:UnityEditor.Search:ASIAI0B' with importer (ScriptedImporter : UnityEditor.QuickSearchModule:UnityEditor.Search:ASIAI0B)
Imported 'GUID: 732424989e347fa4cadc5c837451a7c7' -> (Import Result ID: '4c7c4ccecbf035818019e6432b0c3d92') in 0.002 seconds [static and dynamic dependencies]. Details - ImportResultOutputID=a8ae4b1f2d589432c23fb4621b8f0ae8 DependenciesID=198d4061d6ea0e12909fd9f1f3d3ed03 StaticDependenciesID=2fce87217110ca3e02624fd6b0f3900b 
Number of updated asset objects reloaded before import = 0
Number of asset objects unloaded after import = 2
========================================================================
Received Import Request.
  Time of request: 2026-10-02T14:24:20.740054Z
  Time since last request: 0.00050895 seconds.
  importAddress: GUID: e3def23d9e04b0bbba2e35bb28bdab3b - Path: Packages/com.unity.ugui - Importer: ScriptedImporter/UnityEditor.QuickSearchModule:UnityEditor.Search:ASIAI0B
Importing 'GUID: e3def23d9e04b0bbba2e35bb28bdab3b - Path: Packages/com.unity.ugui - Importer: ScriptedImporter/UnityEditor.QuickSearchModule:UnityEditor.Search:ASIAI0B' with importer (ScriptedImporter : UnityEditor.QuickSearchModule:UnityEditor.Search:ASIAI0B)
Imported 'GUID: e3def23d9e04b0bbba2e35bb28bdab3b' -> (Import Result ID: 'c21d0a828dabf0c76e8d245660a74d23') in 0.001 seconds [static and dynamic dependencies]. Details - ImportResultOutputID=8059267d935610a57b7e0895503ba44a DependenciesID=981beada02e170223a1a3bda1e9771f5 StaticDependenciesID=5c2ef76d269d6c3d5d81c234ac845b78 
Number of updated asset objects reloaded before import = 0
Number of asset objects unloaded after import = 1
========================================================================
Received Import Request.
  Time of request: 2026-10-02T14:24:20.746742Z
  Time since last request: 0.000242629 seconds.
  importAddress: GUID: 14df2a8f74d04d89a24fbbad8cf2037b - Path: Packages/com.unity.collab-proxy/Editor/CloudDrive/RefreshAsset.cs - Importer: ScriptedImporter/UnityEditor.QuickSearchModule:UnityEditor.Search:ASIAI0B
Importing 'GUID: 14df2a8f74d04d89a24fbbad8cf2037b - Path: Packages/com.unity.collab-proxy/Editor/CloudDrive/RefreshAsset.cs - Importer: ScriptedImporter/UnityEditor.QuickSearchModule:UnityEditor.Search:ASIAI0B' with importer (ScriptedImporter : UnityEditor.QuickSearchModule:UnityEditor.Search:ASIAI0B)
Imported 'GUID: 14df2a8f74d04d89a24fbbad8cf2037b' -> (Import Result ID: '68564023e55b2e46528f4f432925981d') in 0.001 seconds [static and dynamic dependencies]. Details - ImportResultOutputID=2c18648d4681feca6dbd1d832b7ca651 DependenciesID=c64857139899ea2adff97c7c78abf6a5 StaticDependenciesID=8c693582b42eda2bfe2b519890b14b9d 
Number of updated asset objects reloaded before import = 0
Number of asset objects unloaded after import = 0
========================================================================
Received Import Request.
  Time of request: 2026-10-02T14:24:20.753586Z
  Time since last request: 0.000283302 seconds.
  importAddress: GUID: 1b17e2b3936490f4294522a1b1784702 - Path: Assets/IndieMarc/TopDownDemo/Materials/Sprite3D-unlit.shader - Importer: ScriptedImporter/UnityEditor.QuickSearchModule:UnityEditor.Search:ASIAI0B
Importing 'GUID: 1b17e2b3936490f4294522a1b1784702 - Path: Assets/IndieMarc/TopDownDemo/Materials/Sprite3D-unlit.shader - Importer: ScriptedImporter/UnityEditor.QuickSearchModule:UnityEditor.Search:ASIAI0B' with importer (ScriptedImporter : UnityEditor.QuickSearchModule:UnityEditor.Search:ASIAI0B)
Imported 'GUID: 1b17e2b3936490f4294522a1b1784702' -> (Import Result ID: 'c0bf63b583edd288655337dbcc2c85da') in 0.004 seconds [static and dynamic dependencies]. Details - ImportResultOutputID=bfa1684dc55feb8e916198c6b347ac9d DependenciesID=fb4a90b48ec1c2286d61d3a8d3ce1e5e StaticDependenciesID=d40d632600f6a0086f668aeb67891905 
Number of updated asset objects reloaded before import = 0
Number of asset objects unloaded after import = 1
========================================================================
Received Import Request.
  Time of request: 2026-10-02T14:24:20.766977Z
  Time since last request: 0.003863704 seconds.
  importAddress: GUID: 065cbcefa4134632ae7680ab429e988f - Path: Packages/com.unity.collab-proxy/Editor/Views/BranchExplorer/Drawing/Shapes/LabelShape.cs - Importer: ScriptedImporter/UnityEditor.QuickSearchModule:UnityEditor.Search:ASIAI0B
Importing 'GUID: 065cbcefa4134632ae7680ab429e988f - Path: Packages/com.unity.collab-proxy/Editor/Views/BranchExplorer/Drawing/Shapes/LabelShape.cs - Importer: ScriptedImporter/UnityEditor.QuickSearchModule:UnityEditor.Search:ASIAI0B' with importer (ScriptedImporter : UnityEditor.QuickSearchModule:UnityEditor.Search:ASIAI0B)
Imported 'GUID: 065cbcefa4134632ae7680ab429e988f' -> (Import Result ID: 'f409897fcd15ea30234ab2fc5806ef72') in 0.002 seconds [static and dynamic dependencies]. Details - ImportResultOutputID=c7a432a3f5e870522de6d5c1e88aba32 DependenciesID=fb36f5afec10313fe653eea4b2d1e580 StaticDependenciesID=b0d082c7480868e1d1807c2f866f2ec2 
Number of updated asset objects reloaded before import = 0
Number of asset objects unloaded after import = 0
========================================================================
Received Import Request.
  Time of request: 2026-10-02T14:24:20.778459Z
  Time since last request: 0.000434439 seconds.
  importAddress: GUID: 4f0f9b9f3ed97ad2b9ba8f1a8e4666c2 - Path: Packages/com.unity.modules.uielements/package.json - Importer: ScriptedImporter/UnityEditor.QuickSearchModule:UnityEditor.Search:ASIAI0B
Importing 'GUID: 4f0f9b9f3ed97ad2b9ba8f1a8e4666c2 - Path: Packages/com.unity.modules.uielements/package.json - Importer: ScriptedImporter/UnityEditor.QuickSearchModule:UnityEditor.Search:ASIAI0B' with importer (ScriptedImporter : UnityEditor.QuickSearchModule:UnityEditor.Search:ASIAI0B)
Imported 'GUID: 4f0f9b9f3ed97ad2b9ba8f1a8e4666c2' -> (Import Result ID: 'e4bcada7f5e42ef7c1d600f6e5839183') in 0.001 seconds [static and dynamic dependencies]. Details - ImportResultOutputID=285ba3d99cb4c2bef67d59e50aa3e2cb DependenciesID=661f2cd03a530450ca08ec6edac6b54f StaticDependenciesID=77dd7c0daa6624c6b958c2bd98c5218e 
Number of updated asset objects reloaded before import = 0
Number of asset objects unloaded after import = 1
========================================================================
Received Import Request.
  Time of request: 2026-10-02T14:24:20.785466Z
  Time since last request: 0.000377928 seconds.
  importAddress: GUID: 2f536f0e9a974d75b293f6aee8e2cdf2 - Path: Packages/com.unity.collab-proxy/Editor/Views/Locks/LocksTab.cs - Importer: ScriptedImporter/UnityEditor.QuickSearchModule:UnityEditor.Search:ASIAI0B
Importing 'GUID: 2f536f0e9a974d75b293f6aee8e2cdf2 - Path: Packages/com.unity.collab-proxy/Editor/Views/Locks/LocksTab.cs - Importer: ScriptedImporter/UnityEditor.QuickSearchModule:UnityEditor.Search:ASIAI0B' with importer (ScriptedImporter : UnityEditor.QuickSearchModule:UnityEditor.Search:ASIAI0B)
Imported 'GUID: 2f536f0e9a974d75b293f6aee8e2cdf2' -> (Import Result ID: 'e3cde76c2e4aebc3c640e679dd4e8de0') in 0.001 seconds [static and dynamic dependencies]. Details - ImportResultOutputID=b44a654350c2b21a8d4832b457bc1267 DependenciesID=feecce066fa1cc421157c334480d50ac StaticDependenciesID=84b404b63134d209fee864314ab8811a 
Number of updated asset objects reloaded before import = 0
Number of asset objects unloaded after import = 0
========================================================================
Received Import Request.
  Time of request: 2026-10-02T14:24:20.79403Z
  Time since last request: 0.000421463 seconds.
  importAddress: GUID: fb75f9128c3a4b74a80c5214f102ae4e - Path: Packages/com.unity.visualscripting/Editor/VisualScripting.Core/Plugin/Migrations/Migration_1_5_1_to_1_5_2.cs - Importer: ScriptedImporter/UnityEditor.QuickSearchModule:UnityEditor.Search:ASIAI0B
Importing 'GUID: fb75f9128c3a4b74a80c5214f102ae4e - Path: Packages/com.unity.visualscripting/Editor/VisualScripting.Core/Plugin/Migrations/Migration_1_5_1_to_1_5_2.cs - Importer: ScriptedImporter/UnityEditor.QuickSearchModule:UnityEditor.Search:ASIAI0B' with importer (ScriptedImporter : UnityEditor.QuickSearchModule:UnityEditor.Search:ASIAI0B)
Imported 'GUID: fb75f9128c3a4b74a80c5214f102ae4e' -> (Import Result ID: '9190493bfae1853b2943abf1060d7486') in 0.001 seconds [static and dynamic dependencies]. Details - ImportResultOutputID=e12cd75284fca0ef8ffe750f3dd4f67d DependenciesID=30e916889bc11cf40a98a0412298bc29 StaticDependenciesID=5d5b3e575e4005d5beba9437a047067e 
Number of updated asset objects reloaded before import = 0
Number of asset objects unloaded after import = 0
========================================================================
Received Import Request.
  Time of request: 2026-10-02T14:24:20.801039Z
  Time since last request: 0.000400459 seconds.
  importAddress: GUID: 2dac19656abf01f4a800539b0abb526e - Path: Assets/IndieMarc/PlatformerDemo/Sprites/Character - Importer: ScriptedImporter/UnityEditor.QuickSearchModule:UnityEditor.Search:ASIAI0B
Importing 'GUID: 2dac19656abf01f4a800539b0abb526e - Path: Assets/IndieMarc/PlatformerDemo/Sprites/Character - Importer: ScriptedImporter/UnityEditor.QuickSearchModule:UnityEditor.Search:ASIAI0B' with importer (ScriptedImporter : UnityEditor.QuickSearchModule:UnityEditor.Search:ASIAI0B)
Imported 'GUID: 2dac19656abf01f4a800539b0abb526e' -> (Import Result ID: 'fa6f7c9638ddbafe6adb44d1e6382516') in 0.001 seconds [static and dynamic dependencies]. Details - ImportResultOutputID=b5a448fca49a4947ebc53e8bf96a73d7 DependenciesID=1954a6c11f597430d55b7548f9446444 StaticDependenciesID=01d3019ac82e24ee427ca5e1863eddcc 
Number of updated asset objects reloaded before import = 0
Number of asset objects unloaded after import = 1
========================================================================
Received Import Request.
  Time of request: 2026-10-02T14:24:20.807958Z
  Time since last request: 0.000394125 seconds.
  importAddress: GUID: 9b1a5759726ef9d39a0ab82047b615f1 - Path: Packages/com.unity.modules.hierarchycore/package.json - Importer: ScriptedImporter/UnityEditor.QuickSearchModule:UnityEditor.Search:ASIAI0B
Importing 'GUID: 9b1a5759726ef9d39a0ab82047b615f1 - Path: Packages/com.unity.modules.hierarchycore/package.json - Importer: ScriptedImporter/UnityEditor.QuickSearchModule:UnityEditor.Search:ASIAI0B' with importer (ScriptedImporter : UnityEditor.QuickSearchModule:UnityEditor.Search:ASIAI0B)
Imported 'GUID: 9b1a5759726ef9d39a0ab82047b615f1' -> (Import Result ID: 'd74e7950e04b5eb59c2e6475e4c92145') in 0.001 seconds [static and dynamic dependencies]. Details - ImportResultOutputID=c4509c8d7b2e59c0e3b5c655244e7711 DependenciesID=d2bbd41f0e77a0c8c75d84d3f8017b88 StaticDependenciesID=18f800c6a5867d5b057665c847306b5f 
Number of updated asset objects reloaded before import = 0
Number of asset objects unloaded after import = 1
========================================================================
Received Import Request.
  Time of request: 2026-10-02T14:24:20.814725Z
  Time since last request: 0.000368276 seconds.
  importAddress: GUID: 2c9fb2a2499d85c4fab755ad43d014b2 - Path: Assets/IndieMarc/PlatformerDemo/Editor/ImportPackage.cs - Importer: ScriptedImporter/UnityEditor.QuickSearchModule:UnityEditor.Search:ASIAI0B
Importing 'GUID: 2c9fb2a2499d85c4fab755ad43d014b2 - Path: Assets/IndieMarc/PlatformerDemo/Editor/ImportPackage.cs - Importer: ScriptedImporter/UnityEditor.QuickSearchModule:UnityEditor.Search:ASIAI0B' with importer (ScriptedImporter : UnityEditor.QuickSearchModule:UnityEditor.Search:ASIAI0B)
Imported 'GUID: 2c9fb2a2499d85c4fab755ad43d014b2' -> (Import Result ID: '97f9845279dc0064795645b7ce743e2b') in 0.001 seconds [static and dynamic dependencies]. Details - ImportResultOutputID=8cb77cc09f4f3c5ea385ba42fe8a50fb DependenciesID=9a8c824296ba0dcc5320be2fedcd368d StaticDependenciesID=e053ccfc44081482b37fb522a919218b 
Number of updated asset objects reloaded before import = 0
Number of asset objects unloaded after import = 0
========================================================================
Received Import Request.
  Time of request: 2026-10-02T14:24:20.821726Z
  Time since last request: 0.000410737 seconds.
  importAddress: GUID: f7474055625a8a670ad6579242c6f8fd - Path: Packages/com.unity.burst - Importer: ScriptedImporter/UnityEditor.QuickSearchModule:UnityEditor.Search:ASIAI0B
Importing 'GUID: f7474055625a8a670ad6579242c6f8fd - Path: Packages/com.unity.burst - Importer: ScriptedImporter/UnityEditor.QuickSearchModule:UnityEditor.Search:ASIAI0B' with importer (ScriptedImporter : UnityEditor.QuickSearchModule:UnityEditor.Search:ASIAI0B)
Imported 'GUID: f7474055625a8a670ad6579242c6f8fd' -> (Import Result ID: 'd4667e9bf364a637edb671e1cf1ac96d') in 0.001 seconds [static and dynamic dependencies]. Details - ImportResultOutputID=b07e313da6b44d15526d16034750adae DependenciesID=3665d957acdf43f6fd8199f92db380f7 StaticDependenciesID=5116d62545b2d7ddce4059b6946b66e7 
Number of updated asset objects reloaded before import = 0
Number of asset objects unloaded after import = 1
========================================================================
Received Import Request.
  Time of request: 2026-10-02T14:24:20.828973Z
  Time since last request: 0.000463526 seconds.
  importAddress: GUID: 4c413a81cadcce7038e446e56570117e - Path: Packages/com.unity.modules.adaptiveperformance/package.json - Importer: ScriptedImporter/UnityEditor.QuickSearchModule:UnityEditor.Search:ASIAI0B
Importing 'GUID: 4c413a81cadcce7038e446e56570117e - Path: Packages/com.unity.modules.adaptiveperformance/package.json - Importer: ScriptedImporter/UnityEditor.QuickSearchModule:UnityEditor.Search:ASIAI0B' with importer (ScriptedImporter : UnityEditor.QuickSearchModule:UnityEditor.Search:ASIAI0B)
Imported 'GUID: 4c413a81cadcce7038e446e56570117e' -> (Import Result ID: '15f17803161446092aa03273bf3c5cdf') in 0.001 seconds [static and dynamic dependencies]. Details - ImportResultOutputID=2924a44aef7261577d1dbab5be1655b6 DependenciesID=23577261f1458e0c2281bfd5f863f42b StaticDependenciesID=72ff0cde048804b4959f83878253acc6 
Number of updated asset objects reloaded before import = 0
Number of asset objects unloaded after import = 1
========================================================================
Received Import Request.
  Time of request: 2026-10-02T14:24:20.835917Z
  Time since last request: 0.000383471 seconds.
  importAddress: GUID: 84c89209ecaab8143ad3cf14f2be3043 - Path: Assets/IndieMarc/PlatformerDemo/Tilemap/Black/tilemap_3.asset - Importer: ScriptedImporter/UnityEditor.QuickSearchModule:UnityEditor.Search:ASIAI0B
Importing 'GUID: 84c89209ecaab8143ad3cf14f2be3043 - Path: Assets/IndieMarc/PlatformerDemo/Tilemap/Black/tilemap_3.asset - Importer: ScriptedImporter/UnityEditor.QuickSearchModule:UnityEditor.Search:ASIAI0B' with importer (ScriptedImporter : UnityEditor.QuickSearchModule:UnityEditor.Search:ASIAI0B)
Imported 'GUID: 84c89209ecaab8143ad3cf14f2be3043' -> (Import Result ID: '8d1e2c412228c116b38fe5e0dbcd514b') in 0.002 seconds [static and dynamic dependencies]. Details - ImportResultOutputID=a0b301d4b9aa017b93c030d2b5614d70 DependenciesID=4f4d4778ec16ec2f94654686a6ee1494 StaticDependenciesID=8673a34e087d028c3f17fcf64c681d33 
Number of updated asset objects reloaded before import = 0
Number of asset objects unloaded after import = 2
========================================================================
Received Import Request.
  Time of request: 2026-10-02T14:24:20.843425Z
  Time since last request: 0.000350432 seconds.
  importAddress: GUID: c64851962d9c48068897eb736be4bed1 - Path: Packages/com.unity.collab-proxy/Editor/Settings/ShelveAndSwitchOptionsFoldout.cs - Importer: ScriptedImporter/UnityEditor.QuickSearchModule:UnityEditor.Search:ASIAI0B
Importing 'GUID: c64851962d9c48068897eb736be4bed1 - Path: Packages/com.unity.collab-proxy/Editor/Settings/ShelveAndSwitchOptionsFoldout.cs - Importer: ScriptedImporter/UnityEditor.QuickSearchModule:UnityEditor.Search:ASIAI0B' with importer (ScriptedImporter : UnityEditor.QuickSearchModule:UnityEditor.Search:ASIAI0B)
Imported 'GUID: c64851962d9c48068897eb736be4bed1' -> (Import Result ID: '56958ab22c053a5688af95e7e9960a61') in 0.001 seconds [static and dynamic dependencies]. Details - ImportResultOutputID=dd7fa5d23484dde3de96e3ab943d7eb6 DependenciesID=042996d649100c3fa73794e4d6f082db StaticDependenciesID=7ccf193aed873744865adfeb9dbf2c83 
Number of updated asset objects reloaded before import = 0
Number of asset objects unloaded after import = 0
========================================================================
Received Import Request.
  Time of request: 2026-10-02T14:24:20.850859Z
  Time since last request: 0.00071899 seconds.
  importAddress: GUID: 91529c2350cce4a0eae08093c4300e94 - Path: Assets/IndieMarc/PlatformerDemo/Prefabs/TreeBackground.prefab - Importer: ScriptedImporter/UnityEditor.QuickSearchModule:UnityEditor.Search:ASIAI0B
Importing 'GUID: 91529c2350cce4a0eae08093c4300e94 - Path: Assets/IndieMarc/PlatformerDemo/Prefabs/TreeBackground.prefab - Importer: ScriptedImporter/UnityEditor.QuickSearchModule:UnityEditor.Search:ASIAI0B' with importer (ScriptedImporter : UnityEditor.QuickSearchModule:UnityEditor.Search:ASIAI0B)
Imported 'GUID: 91529c2350cce4a0eae08093c4300e94' -> (Import Result ID: '6e926e08a97df8c9c112d0fd0b5cb14d') in 0.006 seconds [static and dynamic dependencies]. Details - ImportResultOutputID=e39e9d5165cbffe07dab26774b38cd9a DependenciesID=fb8d186318d76f46ab3ef621337edf2b StaticDependenciesID=379beefbeaaa327767e3b2c5b377afc0 
Number of updated asset objects reloaded before import = 0
Number of asset objects unloaded after import = 19
========================================================================
Received Import Request.
  Time of request: 2026-10-02T14:24:20.862471Z
  Time since last request: 0.000299657 seconds.
  importAddress: GUID: b13c5df96839b924b85df50f9659b9e4 - Path: Packages/com.unity.render-pipelines.universal-config/package.json - Importer: ScriptedImporter/UnityEditor.QuickSearchModule:UnityEditor.Search:ASIAI0B
Importing 'GUID: b13c5df96839b924b85df50f9659b9e4 - Path: Packages/com.unity.render-pipelines.universal-config/package.json - Importer: ScriptedImporter/UnityEditor.QuickSearchModule:UnityEditor.Search:ASIAI0B' with importer (ScriptedImporter : UnityEditor.QuickSearchModule:UnityEditor.Search:ASIAI0B)
Imported 'GUID: b13c5df96839b924b85df50f9659b9e4' -> (Import Result ID: '8905d2dda0773976802c20e74fe4a63c') in 0.001 seconds [static and dynamic dependencies]. Details - ImportResultOutputID=e6924f49c323a0251bfb2a03c25598e5 DependenciesID=5bfacda55115f81217fdec5de4e04e19 StaticDependenciesID=9bd0129f4ff0b6c6e70012382b2c6402 
Number of updated asset objects reloaded before import = 0
Number of asset objects unloaded after import = 1
========================================================================
Received Import Request.
  Time of request: 2026-10-02T14:24:20.869594Z
  Time since last request: 0.000282738 seconds.
  importAddress: GUID: bd605698a338c4de88bb5b3c4632af68 - Path: Packages/com.unity.collections/package.json - Importer: ScriptedImporter/UnityEditor.QuickSearchModule:UnityEditor.Search:ASIAI0B
Importing 'GUID: bd605698a338c4de88bb5b3c4632af68 - Path: Packages/com.unity.collections/package.json - Importer: ScriptedImporter/UnityEditor.QuickSearchModule:UnityEditor.Search:ASIAI0B' with importer (ScriptedImporter : UnityEditor.QuickSearchModule:UnityEditor.Search:ASIAI0B)
Imported 'GUID: bd605698a338c4de88bb5b3c4632af68' -> (Import Result ID: '95eb5a0b68e726cb86586128144d124e') in 0.001 seconds [static and dynamic dependencies]. Details - ImportResultOutputID=f4ce81f990dfe62878d0f4c9853dbb9a DependenciesID=ff464a10af72e37b02c14b3b46b18df1 StaticDependenciesID=9bc98787c9a18983ba29deec8b4d0c59 
Number of updated asset objects reloaded before import = 0
Number of asset objects unloaded after import = 1
========================================================================
Received Import Request.
  Time of request: 2026-10-02T14:24:20.876605Z
  Time since last request: 0.000359455 seconds.
  importAddress: GUID: 05c0641719e74f058e7530b150336e82 - Path: Packages/com.unity.collab-proxy/Editor/Settings/OtherOptionsFoldout.cs - Importer: ScriptedImporter/UnityEditor.QuickSearchModule:UnityEditor.Search:ASIAI0B
Importing 'GUID: 05c0641719e74f058e7530b150336e82 - Path: Packages/com.unity.collab-proxy/Editor/Settings/OtherOptionsFoldout.cs - Importer: ScriptedImporter/UnityEditor.QuickSearchModule:UnityEditor.Search:ASIAI0B' with importer (ScriptedImporter : UnityEditor.QuickSearchModule:UnityEditor.Search:ASIAI0B)
Imported 'GUID: 05c0641719e74f058e7530b150336e82' -> (Import Result ID: 'aa5d633c24ab9d9cf2a56f56ed84648f') in 0.001 seconds [static and dynamic dependencies]. Details - ImportResultOutputID=a1e892ac5dc38c189b1125fe52398879 DependenciesID=ef484700d4b576f1dc43c9973b340942 StaticDependenciesID=93ee54a9bd3f89d1506a68667a520446 
Number of updated asset objects reloaded before import = 0
Number of asset objects unloaded after import = 0
========================================================================
Received Import Request.
  Time of request: 2026-10-02T14:24:20.88397Z
  Time since last request: 0.000510176 seconds.
  importAddress: GUID: 9ef9ab17827342b781ff73737f13ddb7 - Path: Packages/com.unity.visualscripting/Editor/VisualScripting.Core/Analytics/NodeUsageAnalytics.cs - Importer: ScriptedImporter/UnityEditor.QuickSearchModule:UnityEditor.Search:ASIAI0B
Importing 'GUID: 9ef9ab17827342b781ff73737f13ddb7 - Path: Packages/com.unity.visualscripting/Editor/VisualScripting.Core/Analytics/NodeUsageAnalytics.cs - Importer: ScriptedImporter/UnityEditor.QuickSearchModule:UnityEditor.Search:ASIAI0B' with importer (ScriptedImporter : UnityEditor.QuickSearchModule:UnityEditor.Search:ASIAI0B)
Imported 'GUID: 9ef9ab17827342b781ff73737f13ddb7' -> (Import Result ID: 'c1deb358115ec8ca91eaf8d66f694817') in 0.001 seconds [static and dynamic dependencies]. Details - ImportResultOutputID=29bf866852ccace8b4e6ddd222298168 DependenciesID=e0edfb680db41b46e07a09988df8124f StaticDependenciesID=a4fe77698f8c233bb6c427f5fbe4dfc2 
Number of updated asset objects reloaded before import = 0
Number of asset objects unloaded after import = 0
========================================================================
Received Import Request.
  Time of request: 2026-10-02T14:24:20.891175Z
  Time since last request: 0.000361343 seconds.
  importAddress: GUID: 854ab241cb96bcc44b8e766dd629ebf9 - Path: Assets/IndieMarc/PlatformerDemo/Scripts/CharacterHoldItem.cs - Importer: ScriptedImporter/UnityEditor.QuickSearchModule:UnityEditor.Search:ASIAI0B
Importing 'GUID: 854ab241cb96bcc44b8e766dd629ebf9 - Path: Assets/IndieMarc/PlatformerDemo/Scripts/CharacterHoldItem.cs - Importer: ScriptedImporter/UnityEditor.QuickSearchModule:UnityEditor.Search:ASIAI0B' with importer (ScriptedImporter : UnityEditor.QuickSearchModule:UnityEditor.Search:ASIAI0B)
Imported 'GUID: 854ab241cb96bcc44b8e766dd629ebf9' -> (Import Result ID: '984b78902178a7e5044ab2b94a47e767') in 0.002 seconds [static and dynamic dependencies]. Details - ImportResultOutputID=d0ada30ac87afd3369f94eebd96999d6 DependenciesID=bef76ddad5e9d2795b08216e30b4c102 StaticDependenciesID=ccff4a4e4d8caae03918719dccbaa8c3 
Number of updated asset objects reloaded before import = 0
Number of asset objects unloaded after import = 0
========================================================================
Received Import Request.
  Time of request: 2026-10-02T14:24:20.899434Z
  Time since last request: 0.000295334 seconds.
  importAddress: GUID: 42fe78c8fe682715a2cb531422e6ccb3 - Path: Packages/com.unity.modules.imgui/package.json - Importer: ScriptedImporter/UnityEditor.QuickSearchModule:UnityEditor.Search:ASIAI0B
Importing 'GUID: 42fe78c8fe682715a2cb531422e6ccb3 - Path: Packages/com.unity.modules.imgui/package.json - Importer: ScriptedImporter/UnityEditor.QuickSearchModule:UnityEditor.Search:ASIAI0B' with importer (ScriptedImporter : UnityEditor.QuickSearchModule:UnityEditor.Search:ASIAI0B)
Imported 'GUID: 42fe78c8fe682715a2cb531422e6ccb3' -> (Import Result ID: '013aae17f06a61f40a4b12ea5c084cd5') in 0.001 seconds [static and dynamic dependencies]. Details - ImportResultOutputID=621e32e7a7c5433e60a5c6e48950c19a DependenciesID=14bfb84c962f63a8b69ac24bf0a38a7f StaticDependenciesID=4460fcee7a6b5ad21c9834d134a64735 
Number of updated asset objects reloaded before import = 0
Number of asset objects unloaded after import = 1
========================================================================
Received Import Request.
  Time of request: 2026-10-02T14:24:20.947496Z
  Time since last request: 0.03999736 seconds.
  importAddress: GUID: d2a9f8ad3405465db8e62d36f2686b68 - Path: Packages/com.unity.collab-proxy/Editor/AssetMenu/AssetCopyPathOperation.cs - Importer: ScriptedImporter/UnityEditor.QuickSearchModule:UnityEditor.Search:ASIAI0B
Importing 'GUID: d2a9f8ad3405465db8e62d36f2686b68 - Path: Packages/com.unity.collab-proxy/Editor/AssetMenu/AssetCopyPathOperation.cs - Importer: ScriptedImporter/UnityEditor.QuickSearchModule:UnityEditor.Search:ASIAI0B' with importer (ScriptedImporter : UnityEditor.QuickSearchModule:UnityEditor.Search:ASIAI0B)
Imported 'GUID: d2a9f8ad3405465db8e62d36f2686b68' -> (Import Result ID: '22eedcc6eca2e1c88811fe0b11e53d3e') in 0.002 seconds [static and dynamic dependencies]. Details - ImportResultOutputID=0000540aa414edba950bbff74d197d35 DependenciesID=3c63fa11c567eaee405f597171c7bc8f StaticDependenciesID=b229f6f3701707f1b980f6d3982eea51 
Number of updated asset objects reloaded before import = 0
Number of asset objects unloaded after import = 0
========================================================================
Received Import Request.
  Time of request: 2026-10-02T14:24:20.958095Z
  Time since last request: 0.000415303 seconds.
  importAddress: GUID: 2f137613dd0a5ca4edf1039112ed4a4d - Path: Packages/com.unity.shadergraph - Importer: ScriptedImporter/UnityEditor.QuickSearchModule:UnityEditor.Search:ASIAI0B
Importing 'GUID: 2f137613dd0a5ca4edf1039112ed4a4d - Path: Packages/com.unity.shadergraph - Importer: ScriptedImporter/UnityEditor.QuickSearchModule:UnityEditor.Search:ASIAI0B' with importer (ScriptedImporter : UnityEditor.QuickSearchModule:UnityEditor.Search:ASIAI0B)
Imported 'GUID: 2f137613dd0a5ca4edf1039112ed4a4d' -> (Import Result ID: '39c478a1818800f0df2b5aca90fc6df2') in 0.001 seconds [static and dynamic dependencies]. Details - ImportResultOutputID=57bdfa8c46dfaad54579a2ebe83cb670 DependenciesID=3c97de948a1aed71e24ef6ac442328d4 StaticDependenciesID=f5177c0fc930ec53fa86e7239a39efc2 
Number of updated asset objects reloaded before import = 0
Number of asset objects unloaded after import = 1
========================================================================
Received Import Request.
  Time of request: 2026-10-02T14:24:20.964927Z
  Time since last request: 0.00042309 seconds.
  importAddress: GUID: 4ad84899006a47b9b710662c93ec6448 - Path: Packages/com.unity.collab-proxy/Editor/Views/Locks/LocksListView.cs - Importer: ScriptedImporter/UnityEditor.QuickSearchModule:UnityEditor.Search:ASIAI0B
Importing 'GUID: 4ad84899006a47b9b710662c93ec6448 - Path: Packages/com.unity.collab-proxy/Editor/Views/Locks/LocksListView.cs - Importer: ScriptedImporter/UnityEditor.QuickSearchModule:UnityEditor.Search:ASIAI0B' with importer (ScriptedImporter : UnityEditor.QuickSearchModule:UnityEditor.Search:ASIAI0B)
Imported 'GUID: 4ad84899006a47b9b710662c93ec6448' -> (Import Result ID: '937697abeea2333595a4f20c0ac96bcb') in 0.002 seconds [static and dynamic dependencies]. Details - ImportResultOutputID=9eba3dbbe0820317f427b08ba8d4fbfc DependenciesID=0c592899152172bbc585a7e33ca0f4bf StaticDependenciesID=419ec186ab3bc1f74d722be0028c5808 
Number of updated asset objects reloaded before import = 0
Number of asset objects unloaded after import = 0
========================================================================
Received Import Request.
  Time of request: 2026-10-02T14:24:20.975952Z
  Time since last request: 0.000264976 seconds.
  importAddress: GUID: 43674d438e19b89d7fe6af07234f3252 - Path: Packages/com.unity.modules.accessibility/package.json - Importer: ScriptedImporter/UnityEditor.QuickSearchModule:UnityEditor.Search:ASIAI0B
Importing 'GUID: 43674d438e19b89d7fe6af07234f3252 - Path: Packages/com.unity.modules.accessibility/package.json - Importer: ScriptedImporter/UnityEditor.QuickSearchModule:UnityEditor.Search:ASIAI0B' with importer (ScriptedImporter : UnityEditor.QuickSearchModule:UnityEditor.Search:ASIAI0B)
Imported 'GUID: 43674d438e19b89d7fe6af07234f3252' -> (Import Result ID: '770313e8447016f9aa5af424fc3a76ee') in 0.001 seconds [static and dynamic dependencies]. Details - ImportResultOutputID=38109c93cb74bb414fa4da97575b1be9 DependenciesID=670fa93622263c9ebe9d6961090a00d8 StaticDependenciesID=5a5cf34a3e2498ad444ebe0b9f844332 
Number of updated asset objects reloaded before import = 0
Number of asset objects unloaded after import = 1
========================================================================
Received Import Request.
  Time of request: 2026-10-02T14:24:20.983628Z
  Time since last request: 0.000251335 seconds.
  importAddress: GUID: 288222b991fd00440a5577a610510cc9 - Path: Assets/IndieMarc/PlatformerDemo/Tilemap/Tilemap.mat - Importer: ScriptedImporter/UnityEditor.QuickSearchModule:UnityEditor.Search:ASIAI0B
Importing 'GUID: 288222b991fd00440a5577a610510cc9 - Path: Assets/IndieMarc/PlatformerDemo/Tilemap/Tilemap.mat - Importer: ScriptedImporter/UnityEditor.QuickSearchModule:UnityEditor.Search:ASIAI0B' with importer (ScriptedImporter : UnityEditor.QuickSearchModule:UnityEditor.Search:ASIAI0B)
Imported 'GUID: 288222b991fd00440a5577a610510cc9' -> (Import Result ID: 'e6e8a647de08f2cc7f458c942ecfe99d') in 0.016 seconds [static and dynamic dependencies]. Details - ImportResultOutputID=baf7395825a58808315c3c13b8860d0f DependenciesID=8b6cb4cd9dbfdc69902c96a11ff576a2 StaticDependenciesID=7ecde66bdb424e0bd731e8bbf05a7ba1 
Number of updated asset objects reloaded before import = 0
Number of asset objects unloaded after import = 1
========================================================================
Received Import Request.
  Time of request: 2026-10-02T14:24:21.009082Z
  Time since last request: 0.000015368 seconds.
  importAddress: GUID: 3fdd83b151eb8d25c5e2f82fc39dcb04 - Path: Packages/com.unity.modules.unitywebrequest/package.json - Importer: ScriptedImporter/UnityEditor.QuickSearchModule:UnityEditor.Search:ASIAI0B
Importing 'GUID: 3fdd83b151eb8d25c5e2f82fc39dcb04 - Path: Packages/com.unity.modules.unitywebrequest/package.json - Importer: ScriptedImporter/UnityEditor.QuickSearchModule:UnityEditor.Search:ASIAI0B' with importer (ScriptedImporter : UnityEditor.QuickSearchModule:UnityEditor.Search:ASIAI0B)
Imported 'GUID: 3fdd83b151eb8d25c5e2f82fc39dcb04' -> (Import Result ID: '6164be0aeb63f32092d78797bf930711') in 0.001 seconds [static and dynamic dependencies]. Details - ImportResultOutputID=2b9b5c690c6cfe3f8bd044efc6f69ce7 DependenciesID=6c8747a36d2d334c9c70463e71e9bd68 StaticDependenciesID=be2d82f9ef2f8852c1990406fa1eac19 
Number of updated asset objects reloaded before import = 0
Number of asset objects unloaded after import = 1
========================================================================
Received Import Request.
  Time of request: 2026-10-02T14:24:21.042473Z
  Time since last request: 0.026272136 seconds.
  importAddress: GUID: d6a2e6e4803de7b43baacdc355fc144d - Path: Packages/com.unity.test-framework/package.json - Importer: ScriptedImporter/UnityEditor.QuickSearchModule:UnityEditor.Search:ASIAI0B
Importing 'GUID: d6a2e6e4803de7b43baacdc355fc144d - Path: Packages/com.unity.test-framework/package.json - Importer: ScriptedImporter/UnityEditor.QuickSearchModule:UnityEditor.Search:ASIAI0B' with importer (ScriptedImporter : UnityEditor.QuickSearchModule:UnityEditor.Search:ASIAI0B)
Imported 'GUID: d6a2e6e4803de7b43baacdc355fc144d' -> (Import Result ID: '1461d1193c7277550fc002b24b1c633e') in 0.001 seconds [static and dynamic dependencies]. Details - ImportResultOutputID=a44d4c6dd22a21db971f676b94c26875 DependenciesID=af3e96fc7adf6b88eb78a556eb1566b0 StaticDependenciesID=6f69f77878f0d925bd4d5dc8e2bdfd92 
Number of updated asset objects reloaded before import = 0
Number of asset objects unloaded after import = 1
========================================================================
Received Import Request.
  Time of request: 2026-10-02T14:24:21.049568Z
  Time since last request: 0.000443243 seconds.
  importAddress: GUID: db6cbe7586694d6fb3c944d67973d313 - Path: Packages/com.unity.collab-proxy/Editor/Developer/ShelvedChangesNotification.cs - Importer: ScriptedImporter/UnityEditor.QuickSearchModule:UnityEditor.Search:ASIAI0B
Importing 'GUID: db6cbe7586694d6fb3c944d67973d313 - Path: Packages/com.unity.collab-proxy/Editor/Developer/ShelvedChangesNotification.cs - Importer: ScriptedImporter/UnityEditor.QuickSearchModule:UnityEditor.Search:ASIAI0B' with importer (ScriptedImporter : UnityEditor.QuickSearchModule:UnityEditor.Search:ASIAI0B)
Imported 'GUID: db6cbe7586694d6fb3c944d67973d313' -> (Import Result ID: '37cfd9452579401873005c912373b789') in 0.001 seconds [static and dynamic dependencies]. Details - ImportResultOutputID=23c75ecf48c73f6cc6e466b80ca14749 DependenciesID=266df34d35cb0da45053355e8e5f5f04 StaticDependenciesID=08d924522e373a504970668873289739 
Number of updated asset objects reloaded before import = 0
Number of asset objects unloaded after import = 0
========================================================================
Received Import Request.
  Time of request: 2026-10-02T14:24:21.056836Z
  Time since last request: 0.000638504 seconds.
  importAddress: GUID: 5e84744b83a8434ab42fa513f9bf00ad - Path: Packages/com.unity.visualscripting/Editor/VisualScripting.Core/Analytics/HotkeyUsageAnalytics.cs - Importer: ScriptedImporter/UnityEditor.QuickSearchModule:UnityEditor.Search:ASIAI0B
Importing 'GUID: 5e84744b83a8434ab42fa513f9bf00ad - Path: Packages/com.unity.visualscripting/Editor/VisualScripting.Core/Analytics/HotkeyUsageAnalytics.cs - Importer: ScriptedImporter/UnityEditor.QuickSearchModule:UnityEditor.Search:ASIAI0B' with importer (ScriptedImporter : UnityEditor.QuickSearchModule:UnityEditor.Search:ASIAI0B)
Imported 'GUID: 5e84744b83a8434ab42fa513f9bf00ad' -> (Import Result ID: '0f7869ab45cadf10ab1e044d637e1395') in 0.001 seconds [static and dynamic dependencies]. Details - ImportResultOutputID=997d4c6af75dbaa3b36896b92710270a DependenciesID=51dbed580cec98e4a0c0b03af70637d4 StaticDependenciesID=64dc3bde0700cd41d9c52024bdc5d2a3 
Number of updated asset objects reloaded before import = 0
Number of asset objects unloaded after import = 0
========================================================================
Received Import Request.
  Time of request: 2026-10-02T14:24:21.063859Z
  Time since last request: 0.000233524 seconds.
  importAddress: GUID: 2c814623cb42764d304be0c5ddd03ceb - Path: Packages/com.unity.modules.xr/package.json - Importer: ScriptedImporter/UnityEditor.QuickSearchModule:UnityEditor.Search:ASIAI0B
Importing 'GUID: 2c814623cb42764d304be0c5ddd03ceb - Path: Packages/com.unity.modules.xr/package.json - Importer: ScriptedImporter/UnityEditor.QuickSearchModule:UnityEditor.Search:ASIAI0B' with importer (ScriptedImporter : UnityEditor.QuickSearchModule:UnityEditor.Search:ASIAI0B)
Imported 'GUID: 2c814623cb42764d304be0c5ddd03ceb' -> (Import Result ID: '156d489ad6b4d3f81dc890b60f7ce53a') in 0.001 seconds [static and dynamic dependencies]. Details - ImportResultOutputID=f2167f04fd20129c3f6373dbd7c0cecb DependenciesID=8cac70f6cab4432074018de097ffd795 StaticDependenciesID=0e8c0a9a6a70fa2d0c87cc67e9c3583f 
Number of updated asset objects reloaded before import = 0
Number of asset objects unloaded after import = 1
========================================================================
Received Import Request.
  Time of request: 2026-10-02T14:24:21.071496Z
  Time since last request: 0.000498196 seconds.
  importAddress: GUID: c02d2b10240a45b9a7a91666db0900bf - Path: Packages/com.unity.collab-proxy/Editor/Views/BranchExplorer/Drawing/Shapes/BranchCaptionShape.cs - Importer: ScriptedImporter/UnityEditor.QuickSearchModule:UnityEditor.Search:ASIAI0B
Importing 'GUID: c02d2b10240a45b9a7a91666db0900bf - Path: Packages/com.unity.collab-proxy/Editor/Views/BranchExplorer/Drawing/Shapes/BranchCaptionShape.cs - Importer: ScriptedImporter/UnityEditor.QuickSearchModule:UnityEditor.Search:ASIAI0B' with importer (ScriptedImporter : UnityEditor.QuickSearchModule:UnityEditor.Search:ASIAI0B)
Imported 'GUID: c02d2b10240a45b9a7a91666db0900bf' -> (Import Result ID: '8997f7b6954794fd128c725349afb0a8') in 0.001 seconds [static and dynamic dependencies]. Details - ImportResultOutputID=cdf2fa8a21baf06d9695730e6409d230 DependenciesID=ce98ac091158ae409a6e41f3ae35332d StaticDependenciesID=2ce4d0672e171bd66a281fb246c38df6 
Number of updated asset objects reloaded before import = 0
Number of asset objects unloaded after import = 0
========================================================================
Received Import Request.
  Time of request: 2026-10-02T14:24:21.078685Z
  Time since last request: 0.000386939 seconds.
  importAddress: GUID: 4c3a4c38924408144ae04a47190c5db8 - Path: Assets/IndieMarc/PlatformerDemo/Tilemap/Black/tilemap_6.asset - Importer: ScriptedImporter/UnityEditor.QuickSearchModule:UnityEditor.Search:ASIAI0B
Importing 'GUID: 4c3a4c38924408144ae04a47190c5db8 - Path: Assets/IndieMarc/PlatformerDemo/Tilemap/Black/tilemap_6.asset - Importer: ScriptedImporter/UnityEditor.QuickSearchModule:UnityEditor.Search:ASIAI0B' with importer (ScriptedImporter : UnityEditor.QuickSearchModule:UnityEditor.Search:ASIAI0B)
Imported 'GUID: 4c3a4c38924408144ae04a47190c5db8' -> (Import Result ID: '400740a1f3b281d25399652e0ae73606') in 0.002 seconds [static and dynamic dependencies]. Details - ImportResultOutputID=e4bc7087332d1493ed1cace828eee5cd DependenciesID=db5dfb5964693f05f23ee4a7cdc5b003 StaticDependenciesID=e184a9d32beac006130f4c1c24f6292e 
Number of updated asset objects reloaded before import = 0
Number of asset objects unloaded after import = 2
========================================================================
Received Import Request.
  Time of request: 2026-10-02T14:24:21.086461Z
  Time since last request: 0.000379613 seconds.
  importAddress: GUID: 5f23a75ebd8dc4ad0a7515c06ffbe647 - Path: Packages/com.unity.burst/package.json - Importer: ScriptedImporter/UnityEditor.QuickSearchModule:UnityEditor.Search:ASIAI0B
Importing 'GUID: 5f23a75ebd8dc4ad0a7515c06ffbe647 - Path: Packages/com.unity.burst/package.json - Importer: ScriptedImporter/UnityEditor.QuickSearchModule:UnityEditor.Search:ASIAI0B' with importer (ScriptedImporter : UnityEditor.QuickSearchModule:UnityEditor.Search:ASIAI0B)
Imported 'GUID: 5f23a75ebd8dc4ad0a7515c06ffbe647' -> (Import Result ID: 'b2ce85a46087fc225c9e156b215462ee') in 0.001 seconds [static and dynamic dependencies]. Details - ImportResultOutputID=d4f884b5f3f05b858703041d456384a5 DependenciesID=3ba45d874c41def18643994ec81b1569 StaticDependenciesID=fd6b846acc91457ddf2b4762d0c4cd5a 
Number of updated asset objects reloaded before import = 0
Number of asset objects unloaded after import = 1
========================================================================
Received Import Request.
  Time of request: 2026-10-02T14:24:21.093474Z
  Time since last request: 0.000311396 seconds.
  importAddress: GUID: de163ebddc049cf458fd789def72b6ae - Path: Assets/IndieMarc/PlatformerDemo/Scripts/TheAudio.cs - Importer: ScriptedImporter/UnityEditor.QuickSearchModule:UnityEditor.Search:ASIAI0B
Importing 'GUID: de163ebddc049cf458fd789def72b6ae - Path: Assets/IndieMarc/PlatformerDemo/Scripts/TheAudio.cs - Importer: ScriptedImporter/UnityEditor.QuickSearchModule:UnityEditor.Search:ASIAI0B' with importer (ScriptedImporter : UnityEditor.QuickSearchModule:UnityEditor.Search:ASIAI0B)
Imported 'GUID: de163ebddc049cf458fd789def72b6ae' -> (Import Result ID: '5c438a730d328173e246023afe6fc133') in 0.001 seconds [static and dynamic dependencies]. Details - ImportResultOutputID=deea6fdf3014ab4e9e75a865dc407be9 DependenciesID=78bd43fa1792b93811fb037b18687415 StaticDependenciesID=cf8b1edae32dbe65e7e06de61fe84a57 
Number of updated asset objects reloaded before import = 0
Number of asset objects unloaded after import = 0
========================================================================
Received Import Request.
  Time of request: 2026-10-02T14:24:21.100269Z
  Time since last request: 0.000335742 seconds.
  importAddress: GUID: b5930dbc378b45d406aeb881f06b6dfa - Path: Packages/com.unity.modules.physicscore2d/package.json - Importer: ScriptedImporter/UnityEditor.QuickSearchModule:UnityEditor.Search:ASIAI0B
Importing 'GUID: b5930dbc378b45d406aeb881f06b6dfa - Path: Packages/com.unity.modules.physicscore2d/package.json - Importer: ScriptedImporter/UnityEditor.QuickSearchModule:UnityEditor.Search:ASIAI0B' with importer (ScriptedImporter : UnityEditor.QuickSearchModule:UnityEditor.Search:ASIAI0B)
Imported 'GUID: b5930dbc378b45d406aeb881f06b6dfa' -> (Import Result ID: '5d6ffcbcea21bd0c5108298c10376af6') in 0.001 seconds [static and dynamic dependencies]. Details - ImportResultOutputID=4d0cade59a15a3b06b5ff01435597395 DependenciesID=987f591069adb343362d9feebd898b63 StaticDependenciesID=c7200ec9216a7205d52eab361aa7e5f2 
Number of updated asset objects reloaded before import = 0
Number of asset objects unloaded after import = 1
========================================================================
Received Import Request.
  Time of request: 2026-10-02T14:24:21.106951Z
  Time since last request: 0.000358085 seconds.
  importAddress: GUID: 1448ee204d2f476b8b002dbf6a65436a - Path: Packages/com.unity.collab-proxy/Editor/Views/Diff/ChangesetByChangesetListView.cs - Importer: ScriptedImporter/UnityEditor.QuickSearchModule:UnityEditor.Search:ASIAI0B
Importing 'GUID: 1448ee204d2f476b8b002dbf6a65436a - Path: Packages/com.unity.collab-proxy/Editor/Views/Diff/ChangesetByChangesetListView.cs - Importer: ScriptedImporter/UnityEditor.QuickSearchModule:UnityEditor.Search:ASIAI0B' with importer (ScriptedImporter : UnityEditor.QuickSearchModule:UnityEditor.Search:ASIAI0B)
Imported 'GUID: 1448ee204d2f476b8b002dbf6a65436a' -> (Import Result ID: 'fae9027d22a0d6fcf72a225946afe38b') in 0.001 seconds [static and dynamic dependencies]. Details - ImportResultOutputID=8e1ca530d0e89d9b702abafeec44a4c7 DependenciesID=7d5c9828bd573fa7d2e5ac7c3208baa3 StaticDependenciesID=6b3f4efbc7c7e758e70297602174f72f 
Number of updated asset objects reloaded before import = 0
Number of asset objects unloaded after import = 0
========================================================================
Received Import Request.
  Time of request: 2026-10-02T14:24:21.113821Z
  Time since last request: 0.000456865 seconds.
  importAddress: GUID: 2b4c09693691e204a84dcc8446966a42 - Path: Assets/IndieMarc/TopDownDemo/Materials/Sprite3D-diffuse.shader - Importer: ScriptedImporter/UnityEditor.QuickSearchModule:UnityEditor.Search:ASIAI0B
Importing 'GUID: 2b4c09693691e204a84dcc8446966a42 - Path: Assets/IndieMarc/TopDownDemo/Materials/Sprite3D-diffuse.shader - Importer: ScriptedImporter/UnityEditor.QuickSearchModule:UnityEditor.Search:ASIAI0B' with importer (ScriptedImporter : UnityEditor.QuickSearchModule:UnityEditor.Search:ASIAI0B)
Imported 'GUID: 2b4c09693691e204a84dcc8446966a42' -> (Import Result ID: '6f28c4e717ac796743d6de107f25f64f') in 0.001 seconds [static and dynamic dependencies]. Details - ImportResultOutputID=4aff349c1d97b7907195e482df2076b5 DependenciesID=17424da45469f46f34b4e11cf404403f StaticDependenciesID=8517ae620c04b7fd50737263ff1524f0 
Number of updated asset objects reloaded before import = 0
Number of asset objects unloaded after import = 1
========================================================================
Received Import Request.
  Time of request: 2026-10-02T14:24:21.121286Z
  Time since last request: 0.000403473 seconds.
  importAddress: GUID: 839307907e7a41f7af4d60bf8eef2218 - Path: Packages/com.unity.collab-proxy/Editor/Views/BranchExplorer/Drawing/Shapes/ChangesetShape.cs - Importer: ScriptedImporter/UnityEditor.QuickSearchModule:UnityEditor.Search:ASIAI0B
Importing 'GUID: 839307907e7a41f7af4d60bf8eef2218 - Path: Packages/com.unity.collab-proxy/Editor/Views/BranchExplorer/Drawing/Shapes/ChangesetShape.cs - Importer: ScriptedImporter/UnityEditor.QuickSearchModule:UnityEditor.Search:ASIAI0B' with importer (ScriptedImporter : UnityEditor.QuickSearchModule:UnityEditor.Search:ASIAI0B)
Imported 'GUID: 839307907e7a41f7af4d60bf8eef2218' -> (Import Result ID: 'a7906488f3840357bd4698ef1cc5bb63') in 0.001 seconds [static and dynamic dependencies]. Details - ImportResultOutputID=e09b25c1811e9f55f39335531135a6e0 DependenciesID=00860f80fadcbf64181ac3003185f32e StaticDependenciesID=3d195b7205ef6ed7889f8569e491a743 
Number of updated asset objects reloaded before import = 0
Number of asset objects unloaded after import = 0
========================================================================
Received Import Request.
  Time of request: 2026-10-02T14:24:21.127873Z
  Time since last request: 0.000233035 seconds.
  importAddress: GUID: 8456e83060fd4354a0695680eea6b3cd - Path: Packages/com.unity.collab-proxy/Editor/Views/Locks/LocksSelector.cs - Importer: ScriptedImporter/UnityEditor.QuickSearchModule:UnityEditor.Search:ASIAI0B
Importing 'GUID: 8456e83060fd4354a0695680eea6b3cd - Path: Packages/com.unity.collab-proxy/Editor/Views/Locks/LocksSelector.cs - Importer: ScriptedImporter/UnityEditor.QuickSearchModule:UnityEditor.Search:ASIAI0B' with importer (ScriptedImporter : UnityEditor.QuickSearchModule:UnityEditor.Search:ASIAI0B)
Imported 'GUID: 8456e83060fd4354a0695680eea6b3cd' -> (Import Result ID: 'fad597eb66605eb5cb453cc1aaaa0a9d') in 0.001 seconds [static and dynamic dependencies]. Details - ImportResultOutputID=91a072a11b9c72a07d8a619808e69540 DependenciesID=ef06a85bad4e09bd24f66e84b743455b StaticDependenciesID=bb676b4f9d95a0ced1887a16a54000eb 
Number of updated asset objects reloaded before import = 0
Number of asset objects unloaded after import = 0
========================================================================
Received Import Request.
  Time of request: 2026-10-02T14:24:21.134303Z
  Time since last request: 0.000307462 seconds.
  importAddress: GUID: 2c693a7ac04049709a5412015f4be985 - Path: Packages/com.unity.visualscripting/Editor/VisualScripting.Flow/Plugin/Migrations/Migration_1_5_1_to_1_5_2.cs - Importer: ScriptedImporter/UnityEditor.QuickSearchModule:UnityEditor.Search:ASIAI0B
Importing 'GUID: 2c693a7ac04049709a5412015f4be985 - Path: Packages/com.unity.visualscripting/Editor/VisualScripting.Flow/Plugin/Migrations/Migration_1_5_1_to_1_5_2.cs - Importer: ScriptedImporter/UnityEditor.QuickSearchModule:UnityEditor.Search:ASIAI0B' with importer (ScriptedImporter : UnityEditor.QuickSearchModule:UnityEditor.Search:ASIAI0B)
Imported 'GUID: 2c693a7ac04049709a5412015f4be985' -> (Import Result ID: 'b69aa3ff3efade49d39aa4a80b4cf68d') in 0.001 seconds [static and dynamic dependencies]. Details - ImportResultOutputID=1dd9b33191da0ed6752bee060efc83c1 DependenciesID=20d39d525d34a506330c52dc430ec118 StaticDependenciesID=41b7a25b7ad1e10eb69494f846eda2b6 
Number of updated asset objects reloaded before import = 0
Number of asset objects unloaded after import = 0
========================================================================
Received Import Request.
  Time of request: 2026-10-02T14:24:21.141104Z
  Time since last request: 0.000513795 seconds.
  importAddress: GUID: 30b312a167534621b316172253b08723 - Path: Packages/com.unity.modules.subsystems/package.json - Importer: ScriptedImporter/UnityEditor.QuickSearchModule:UnityEditor.Search:ASIAI0B
Importing 'GUID: 30b312a167534621b316172253b08723 - Path: Packages/com.unity.modules.subsystems/package.json - Importer: ScriptedImporter/UnityEditor.QuickSearchModule:UnityEditor.Search:ASIAI0B' with importer (ScriptedImporter : UnityEditor.QuickSearchModule:UnityEditor.Search:ASIAI0B)
Imported 'GUID: 30b312a167534621b316172253b08723' -> (Import Result ID: 'a27715ab4815d28597b3b1b7fc8eb213') in 0.001 seconds [static and dynamic dependencies]. Details - ImportResultOutputID=f8ac3abeaa7624f68b0a89d073d5bc6f DependenciesID=a1d6a03cae11df5309d2435296073a2d StaticDependenciesID=8c716c8da0b688388fd99c50b7d43565 
Number of updated asset objects reloaded before import = 0
Number of asset objects unloaded after import = 1
========================================================================
Received Import Request.
  Time of request: 2026-10-02T14:24:21.148071Z
  Time since last request: 0.000490131 seconds.
  importAddress: GUID: 26a4f29db434fd79025c91f6126382cc - Path: Packages/com.unity.modules.unityanalytics/package.json - Importer: ScriptedImporter/UnityEditor.QuickSearchModule:UnityEditor.Search:ASIAI0B
Importing 'GUID: 26a4f29db434fd79025c91f6126382cc - Path: Packages/com.unity.modules.unityanalytics/package.json - Importer: ScriptedImporter/UnityEditor.QuickSearchModule:UnityEditor.Search:ASIAI0B' with importer (ScriptedImporter : UnityEditor.QuickSearchModule:UnityEditor.Search:ASIAI0B)
Imported 'GUID: 26a4f29db434fd79025c91f6126382cc' -> (Import Result ID: '8a4c5fa54923fd49e4a452dd8a7d6e91') in 0.003 seconds [static and dynamic dependencies]. Details - ImportResultOutputID=7937273b30063db8dc975bb01b581106 DependenciesID=4f48f9c22c582341ad94b1f0cce0063d StaticDependenciesID=4a759075766c4aff980d205d59fbe4a8 
Number of updated asset objects reloaded before import = 0
Number of asset objects unloaded after import = 1
========================================================================
Received Import Request.
  Time of request: 2026-10-02T14:24:21.173829Z
  Time since last request: 0.017397966 seconds.
  importAddress: GUID: 17815fcc41126affcc01c9f1a699a868 - Path: Packages/com.unity.render-pipelines.core - Importer: ScriptedImporter/UnityEditor.QuickSearchModule:UnityEditor.Search:ASIAI0B
Importing 'GUID: 17815fcc41126affcc01c9f1a699a868 - Path: Packages/com.unity.render-pipelines.core - Importer: ScriptedImporter/UnityEditor.QuickSearchModule:UnityEditor.Search:ASIAI0B' with importer (ScriptedImporter : UnityEditor.QuickSearchModule:UnityEditor.Search:ASIAI0B)
Imported 'GUID: 17815fcc41126affcc01c9f1a699a868' -> (Import Result ID: '7150127cc93cf0cf316304a81e258514') in 0.001 seconds [static and dynamic dependencies]. Details - ImportResultOutputID=2b98a3063f5a0fb6e9701ff54e8e02c2 DependenciesID=d402e0dd73d3cb8c28a54167016b4cda StaticDependenciesID=c7ae05587dbb2c2fa3411e8615ca2f73 
Number of updated asset objects reloaded before import = 0
Number of asset objects unloaded after import = 1
========================================================================
Received Import Request.
  Time of request: 2026-10-02T14:24:21.180767Z
  Time since last request: 0.000272948 seconds.
  importAddress: GUID: dc310e3d65493434fbd4ee114db86a19 - Path: Packages/com.unity.collab-proxy/Editor/Diff/Asset/Diff/UnityObject/FileIdReader.cs - Importer: ScriptedImporter/UnityEditor.QuickSearchModule:UnityEditor.Search:ASIAI0B
Importing 'GUID: dc310e3d65493434fbd4ee114db86a19 - Path: Packages/com.unity.collab-proxy/Editor/Diff/Asset/Diff/UnityObject/FileIdReader.cs - Importer: ScriptedImporter/UnityEditor.QuickSearchModule:UnityEditor.Search:ASIAI0B' with importer (ScriptedImporter : UnityEditor.QuickSearchModule:UnityEditor.Search:ASIAI0B)
Imported 'GUID: dc310e3d65493434fbd4ee114db86a19' -> (Import Result ID: '0556021359d83dc4bb9fe336dc2bd49d') in 0.001 seconds [static and dynamic dependencies]. Details - ImportResultOutputID=fa409eebc6d95587ef559ca99bc2c235 DependenciesID=95af68e9135a46d933f04cc717413e6b StaticDependenciesID=87275ea4a3969f6d159a039215ce790d 
Number of updated asset objects reloaded before import = 0
Number of asset objects unloaded after import = 0
========================================================================
Received Import Request.
  Time of request: 2026-10-02T14:24:21.189475Z
  Time since last request: 0.0002203 seconds.
  importAddress: GUID: 0d856e5cb5f0def4b92c8886a93feadd - Path: Assets/IndieMarc/TopDownDemo/Scripts/Sprite3D.cs - Importer: ScriptedImporter/UnityEditor.QuickSearchModule:UnityEditor.Search:ASIAI0B
Importing 'GUID: 0d856e5cb5f0def4b92c8886a93feadd - Path: Assets/IndieMarc/TopDownDemo/Scripts/Sprite3D.cs - Importer: ScriptedImporter/UnityEditor.QuickSearchModule:UnityEditor.Search:ASIAI0B' with importer (ScriptedImporter : UnityEditor.QuickSearchModule:UnityEditor.Search:ASIAI0B)
Imported 'GUID: 0d856e5cb5f0def4b92c8886a93feadd' -> (Import Result ID: '8575ddcfbb76e24dc0c7eb1991c5c365') in 0.001 seconds [static and dynamic dependencies]. Details - ImportResultOutputID=5d241ae6e372bd0e1b8b915c0dcbc338 DependenciesID=6bbec307eab67fe9a07d48daddceece6 StaticDependenciesID=953523013db192fa5be746be6c1530c0 
Number of updated asset objects reloaded before import = 0
Number of asset objects unloaded after import = 0
========================================================================
Received Import Request.
  Time of request: 2026-10-02T14:24:21.195957Z
  Time since last request: 0.000233721 seconds.
  importAddress: GUID: fd9c6be6b2909544c98085d0c337bfcc - Path: Assets/IndieMarc/PlatformerDemo/Tilemap/Black/tilemap_9.asset - Importer: ScriptedImporter/UnityEditor.QuickSearchModule:UnityEditor.Search:ASIAI0B
Importing 'GUID: fd9c6be6b2909544c98085d0c337bfcc - Path: Assets/IndieMarc/PlatformerDemo/Tilemap/Black/tilemap_9.asset - Importer: ScriptedImporter/UnityEditor.QuickSearchModule:UnityEditor.Search:ASIAI0B' with importer (ScriptedImporter : UnityEditor.QuickSearchModule:UnityEditor.Search:ASIAI0B)
Imported 'GUID: fd9c6be6b2909544c98085d0c337bfcc' -> (Import Result ID: '24b337d3bb2d382a62cd12f73ab53492') in 0.002 seconds [static and dynamic dependencies]. Details - ImportResultOutputID=bc572e6155a90e11ed93924cec9a2b3d DependenciesID=1e89eacaf0fbb68cd2c44fc8d1d23578 StaticDependenciesID=7fe24096844defc326783e082a6f6878 
Number of updated asset objects reloaded before import = 0
Number of asset objects unloaded after import = 2
========================================================================
Received Import Request.
  Time of request: 2026-10-02T14:24:21.203276Z
  Time since last request: 0.000322267 seconds.
  importAddress: GUID: 792237b3c87ee6b4c90a74cd87026a89 - Path: Assets/IndieMarc/PlatformerDemo/Scripts/PlayerCharacter.cs - Importer: ScriptedImporter/UnityEditor.QuickSearchModule:UnityEditor.Search:ASIAI0B
Importing 'GUID: 792237b3c87ee6b4c90a74cd87026a89 - Path: Assets/IndieMarc/PlatformerDemo/Scripts/PlayerCharacter.cs - Importer: ScriptedImporter/UnityEditor.QuickSearchModule:UnityEditor.Search:ASIAI0B' with importer (ScriptedImporter : UnityEditor.QuickSearchModule:UnityEditor.Search:ASIAI0B)
Imported 'GUID: 792237b3c87ee6b4c90a74cd87026a89' -> (Import Result ID: '1cd3e4c427def3a396ff839619b003e6') in 0.001 seconds [static and dynamic dependencies]. Details - ImportResultOutputID=5b5ef92ef65bb1feac8b393e1a608bf8 DependenciesID=a2ea840a6da9790636e162bce091518f StaticDependenciesID=5f724562a3204bd50b3dcaab55ffd35f 
Number of updated asset objects reloaded before import = 0
Number of asset objects unloaded after import = 0
========================================================================
Received Import Request.
  Time of request: 2026-10-02T14:24:21.210007Z
  Time since last request: 0.000298182 seconds.
  importAddress: GUID: 2cd735c011d94a29b10408059c387762 - Path: Packages/com.unity.visualscripting/Editor/VisualScripting.Core/Utilities/FrameLimiterUtility.cs - Importer: ScriptedImporter/UnityEditor.QuickSearchModule:UnityEditor.Search:ASIAI0B
Importing 'GUID: 2cd735c011d94a29b10408059c387762 - Path: Packages/com.unity.visualscripting/Editor/VisualScripting.Core/Utilities/FrameLimiterUtility.cs - Importer: ScriptedImporter/UnityEditor.QuickSearchModule:UnityEditor.Search:ASIAI0B' with importer (ScriptedImporter : UnityEditor.QuickSearchModule:UnityEditor.Search:ASIAI0B)
Imported 'GUID: 2cd735c011d94a29b10408059c387762' -> (Import Result ID: '96dda58de5525744b05f29c56105c9dc') in 0.001 seconds [static and dynamic dependencies]. Details - ImportResultOutputID=5a8763ac4eb42c8fd56908ef1e42a15d DependenciesID=5a79300fd26b2cf54559dc7278344b90 StaticDependenciesID=4c70a66f8f8ec190ea03ee00328304ae 
Number of updated asset objects reloaded before import = 0
Number of asset objects unloaded after import = 0
========================================================================
Received Import Request.
  Time of request: 2026-10-02T14:24:21.216613Z
  Time since last request: 0.000198892 seconds.
  importAddress: GUID: f7fe7ad6cf1798849849ec4f1a3f1fe3 - Path: Assets/IndieMarc/TopDownDemo/Scripts/AutoOrderLayer.cs - Importer: ScriptedImporter/UnityEditor.QuickSearchModule:UnityEditor.Search:ASIAI0B
Importing 'GUID: f7fe7ad6cf1798849849ec4f1a3f1fe3 - Path: Assets/IndieMarc/TopDownDemo/Scripts/AutoOrderLayer.cs - Importer: ScriptedImporter/UnityEditor.QuickSearchModule:UnityEditor.Search:ASIAI0B' with importer (ScriptedImporter : UnityEditor.QuickSearchModule:UnityEditor.Search:ASIAI0B)
Imported 'GUID: f7fe7ad6cf1798849849ec4f1a3f1fe3' -> (Import Result ID: '3ed2c7efa492122dc9a14c655dc30f71') in 0.001 seconds [static and dynamic dependencies]. Details - ImportResultOutputID=f15886014861a87cd2231da2eaf3baff DependenciesID=14e9aa193a53e4cc8a754f3a35b69b3c StaticDependenciesID=cb54d935fec44df190db7704c3b0afde 
Number of updated asset objects reloaded before import = 0
Number of asset objects unloaded after import = 0
========================================================================
Received Import Request.
  Time of request: 2026-10-02T14:24:21.223338Z
  Time since last request: 0.000242876 seconds.
  importAddress: GUID: 9874d2fcd73d40b6940619e9cd482ad4 - Path: Packages/com.unity.collab-proxy/Editor/AssetMenu/ProjectViewCloudDriveAssetMenu.cs - Importer: ScriptedImporter/UnityEditor.QuickSearchModule:UnityEditor.Search:ASIAI0B
Importing 'GUID: 9874d2fcd73d40b6940619e9cd482ad4 - Path: Packages/com.unity.collab-proxy/Editor/AssetMenu/ProjectViewCloudDriveAssetMenu.cs - Importer: ScriptedImporter/UnityEditor.QuickSearchModule:UnityEditor.Search:ASIAI0B' with importer (ScriptedImporter : UnityEditor.QuickSearchModule:UnityEditor.Search:ASIAI0B)
Imported 'GUID: 9874d2fcd73d40b6940619e9cd482ad4' -> (Import Result ID: 'e1f7e0e700ce660d19d3e3a0ed69273d') in 0.001 seconds [static and dynamic dependencies]. Details - ImportResultOutputID=d454688ade7ab580bac458cf037a144e DependenciesID=da9130ef9a3982458aaf5abe7946f2b9 StaticDependenciesID=6590dcead93df1f11145944fbbb95cb6 
Number of updated asset objects reloaded before import = 0
Number of asset objects unloaded after import = 0
========================================================================
Received Import Request.
  Time of request: 2026-10-02T14:24:21.230419Z
  Time since last request: 0.000172693 seconds.
  importAddress: GUID: a67a7d0865a447b49e842eac00d70833 - Path: Packages/com.unity.collab-proxy/Editor/CloudDrive/CreateWorkspace/CollaboratorsListViewHeaderState.cs - Importer: ScriptedImporter/UnityEditor.QuickSearchModule:UnityEditor.Search:ASIAI0B
Importing 'GUID: a67a7d0865a447b49e842eac00d70833 - Path: Packages/com.unity.collab-proxy/Editor/CloudDrive/CreateWorkspace/CollaboratorsListViewHeaderState.cs - Importer: ScriptedImporter/UnityEditor.QuickSearchModule:UnityEditor.Search:ASIAI0B' with importer (ScriptedImporter : UnityEditor.QuickSearchModule:UnityEditor.Search:ASIAI0B)
Imported 'GUID: a67a7d0865a447b49e842eac00d70833' -> (Import Result ID: 'eecf967bed9628631a01c2a1572cabce') in 0.001 seconds [static and dynamic dependencies]. Details - ImportResultOutputID=83b435c612c450d659ca7a7645c4f293 DependenciesID=8aa821267fc3dcd275d56ae4915e2349 StaticDependenciesID=1f541a324376ca801df8f41c06d94ebe 
Number of updated asset objects reloaded before import = 0
Number of asset objects unloaded after import = 0
========================================================================
Received Import Request.
  Time of request: 2026-10-02T14:24:21.237432Z
  Time since last request: 0.000352757 seconds.
  importAddress: GUID: 80beef77cb19e713c7c2d481b65ed485 - Path: Packages/com.unity.modules.screencapture/package.json - Importer: ScriptedImporter/UnityEditor.QuickSearchModule:UnityEditor.Search:ASIAI0B
Importing 'GUID: 80beef77cb19e713c7c2d481b65ed485 - Path: Packages/com.unity.modules.screencapture/package.json - Importer: ScriptedImporter/UnityEditor.QuickSearchModule:UnityEditor.Search:ASIAI0B' with importer (ScriptedImporter : UnityEditor.QuickSearchModule:UnityEditor.Search:ASIAI0B)
Imported 'GUID: 80beef77cb19e713c7c2d481b65ed485' -> (Import Result ID: 'a04fd90407e22c446cfa67d7f2b9b00e') in 0.001 seconds [static and dynamic dependencies]. Details - ImportResultOutputID=cbd62a0ca027e3280c9bb4b046770c4d DependenciesID=7e5c42f1cbc8df2aff87314c73f70729 StaticDependenciesID=29730930ca5cbb702b11e688e777889f 
Number of updated asset objects reloaded before import = 0
Number of asset objects unloaded after import = 1
========================================================================
Received Import Request.
  Time of request: 2026-10-02T14:24:21.245414Z
  Time since last request: 0.000195341 seconds.
  importAddress: GUID: 67d56a1dd5b77ab0f60760daa507b876 - Path: Packages/com.unity.ext.nunit - Importer: ScriptedImporter/UnityEditor.QuickSearchModule:UnityEditor.Search:ASIAI0B
Importing 'GUID: 67d56a1dd5b77ab0f60760daa507b876 - Path: Packages/com.unity.ext.nunit - Importer: ScriptedImporter/UnityEditor.QuickSearchModule:UnityEditor.Search:ASIAI0B' with importer (ScriptedImporter : UnityEditor.QuickSearchModule:UnityEditor.Search:ASIAI0B)
Imported 'GUID: 67d56a1dd5b77ab0f60760daa507b876' -> (Import Result ID: 'ef6bfa372a7db567723e94f707468d6c') in 0.001 seconds [static and dynamic dependencies]. Details - ImportResultOutputID=0b35592d475db44b86368d63edf41707 DependenciesID=d5947c358abc467006a74e5ff8a09103 StaticDependenciesID=077ee51191169befe779b6e79a79ab06 
Number of updated asset objects reloaded before import = 0
Number of asset objects unloaded after import = 1
========================================================================
Received Import Request.
  Time of request: 2026-10-02T14:24:21.252985Z
  Time since last request: 0.000370799 seconds.
  importAddress: GUID: d8b153895a8d9dd4fa1368f22e63bcf5 - Path: Assets/IndieMarc/TopDownDemo/Scripts/CharacterAnim.cs - Importer: ScriptedImporter/UnityEditor.QuickSearchModule:UnityEditor.Search:ASIAI0B
Importing 'GUID: d8b153895a8d9dd4fa1368f22e63bcf5 - Path: Assets/IndieMarc/TopDownDemo/Scripts/CharacterAnim.cs - Importer: ScriptedImporter/UnityEditor.QuickSearchModule:UnityEditor.Search:ASIAI0B' with importer (ScriptedImporter : UnityEditor.QuickSearchModule:UnityEditor.Search:ASIAI0B)
Imported 'GUID: d8b153895a8d9dd4fa1368f22e63bcf5' -> (Import Result ID: 'e93c857908a653d424ea1894a9befbb8') in 0.001 seconds [static and dynamic dependencies]. Details - ImportResultOutputID=6eea2c51b100f15780cf00cc3b2e4d41 DependenciesID=ae3a5261a04e415efa8389eb703a4fed StaticDependenciesID=7a259229cb059056b7f590df78b8be97 
Number of updated asset objects reloaded before import = 0
Number of asset objects unloaded after import = 0
========================================================================
Received Import Request.
  Time of request: 2026-10-02T14:24:21.259724Z
  Time since last request: 0.000111252 seconds.
  importAddress: GUID: c84e5a06601ad0948b413e67f21b4b94 - Path: Assets/IndieMarc/PlatformerDemo/Tilemap/Black/tilemap_12.asset - Importer: ScriptedImporter/UnityEditor.QuickSearchModule:UnityEditor.Search:ASIAI0B
Importing 'GUID: c84e5a06601ad0948b413e67f21b4b94 - Path: Assets/IndieMarc/PlatformerDemo/Tilemap/Black/tilemap_12.asset - Importer: ScriptedImporter/UnityEditor.QuickSearchModule:UnityEditor.Search:ASIAI0B' with importer (ScriptedImporter : UnityEditor.QuickSearchModule:UnityEditor.Search:ASIAI0B)
Imported 'GUID: c84e5a06601ad0948b413e67f21b4b94' -> (Import Result ID: 'ea73c62c2958a035b629eb7c8edfeac5') in 0.002 seconds [static and dynamic dependencies]. Details - ImportResultOutputID=6dd2afe10768e454a59a722fec4804fb DependenciesID=c46408fa2e43f8da62d9616d8a419bf9 StaticDependenciesID=b73269b7ee5086278888196c563123b4 
Number of updated asset objects reloaded before import = 0
Number of asset objects unloaded after import = 2
Editor requested this worker to shutdown with reason: Scaling down because of idle timeout
AcceleratorClientConnectionCallback - disconnected - :0
AssetImportWorker is now disconnected from the server
Process exiting
[ExitDontLaunchBugReporter] Exiting without the bug reporter. Application will exit with return code 0

SDL leaked 2 allocations
Turn on UNITY_SDL_ALLOCATION_TRACKING for detailed information.
Vulkan PSO: Pipeline cache has not changed skipping save handle[408f1020]
