[Licensing::Module] Trying to connect to existing licensing client channel...
Built from '6000.6/staging' branch; Version is '6000.6.3f1 (45d8eee7de74) revision 4577518'; Using compiler version '194234433'; Build Type 'Release'
[Licensing::IpcConnector] Successfully connected to: "LicenseClient-MSI" at "2026-10-01T08:15:22.7247187Z"
OS: 'Windows 11  (10.0.26200) Professional' Language: 'ru' Physical Memory: 32472 MB
BatchMode: 1, IsHumanControllingUs: 0, StartBugReporterOnCrash: 0, Is64bit: 1
System  architecture: x64
Process architecture: x64
Date: 2026-10-01T08:15:22Z
[Licensing::Client] Code 10 while verifying Licensing Client signature (process Id: 18628, path: "C:/Program Files/Unity/Hub/Editor/6000.6.3f1/Editor/Data/Resources/Licensing/Client/Unity.Licensing.Client.exe")
[Licensing::Module] LicensingClient has failed validation; ignoring
[Licensing::Client] Handshaking with LicensingClient:
  Version:                 1.18.3+d7ffd15
  Session Id:              df0ecc3724924258b2a3d79915e47830
  Correlation Id:          41ed3f499da816513ea8cdce8c5e6ae6
  External correlation Id: 3853486591109401600
  Machine Id:              sxwzM81Ex40/eNcvTTuFU07obCk=
[Licensing::Module] Successfully connected to LicensingClient on channel: "LicenseClient-MSI" (connect: 0.00s, validation: 0.00s, handshake: 0.03s)
[Licensing::IpcConnector] Successfully connected to: "LicenseClient-MSI-notifications" at "2026-10-01T08:15:22.7597857Z"
[Licensing::Module] Licensing Background thread has ended after 0.04s

COMMAND LINE ARGUMENTS:
C:\Program Files\Unity\Hub\Editor\6000.6.3f1\Editor\Unity.exe
-adb2
-batchMode
-noUpm
-name
AssetImportWorkerHW5
-projectPath
C:/Users/MSI/OPD_laba_2
-logFile
Logs/AssetImportWorkerHW5.log
-srvPort
61615
-parentPid
4732
-analyticsCloudUserId
5774130951012
-analyticsCloudProjectId
a1edac4b-f7b7-494b-b609-a49f1cf416c8
-analyticsLocalProjectId
5c24d23f4249402418947dabd5687b1a
-editorAnalyticsEnabled
1
-cbmEditorLicense
0611f63d9657854fe5faf97fe0b0406b00c24fc5
-cbmMachineId
sxwzM81Ex40/eNcvTTuFU07obCk=
-licensingIpc
LicenseClient-MSI
-noDiagnosticSwitchPersistentStore
-job-worker-count
11
-background-job-worker-count
8
-asset-garbage-collectors
1
-force-d3d12
-name
AssetImport
Successfully changed project path to: C:/Users/MSI/OPD_laba_2
C:/Users/MSI/OPD_laba_2
[UnityMemory] Configuration Parameters - Can be set up in boot.config
    "memorysetup-temp-allocator-size-gi-baking-worker=262144"
    "memorysetup-temp-allocator-size-gi-baking-worker=262144"
    "memorysetup-temp-allocator-size-gi-baking-worker=262144"
    "memorysetup-temp-allocator-size-gi-baking-worker=262144"
    "memorysetup-temp-allocator-size-gi-baking-worker=262144"
    "memorysetup-temp-allocator-size-nav-mesh-worker=65536"
    "memorysetup-temp-allocator-size-audio-worker=65536"
    "memorysetup-temp-allocator-size-cloud-worker=32768"
    "memorysetup-temp-allocator-size-gfx=262144"
    "memorysetup-remapper-allocator-initial-capacity=32768"
    "memorysetup-temp-allocator-size-preload-manager=33554432"
    "memorysetup-allocator-temp-initial-block-size-main=262144"
    "memorysetup-allocator-temp-initial-block-size-worker=262144"
    "memorysetup-temp-allocator-size-job-worker=262144"
    "memorysetup-temp-allocator-size-background-worker=32768"
    "memorysetup-bucket-allocator-granularity=16"
    "memorysetup-bucket-allocator-bucket-count=8"
    "memorysetup-bucket-allocator-block-size=33554432"
    "memorysetup-bucket-allocator-block-count=8"
    "memorysetup-main-allocator-block-size=16777216"
    "memorysetup-thread-allocator-block-size=16777216"
    "memorysetup-main-allocator-mimalloc-enabled=1"
    "memorysetup-gfx-main-allocator-block-size=16777216"
    "memorysetup-gfx-thread-allocator-block-size=16777216"
    "memorysetup-cache-allocator-block-size=4194304"
    "memorysetup-typetree-allocator-block-size=2097152"
    "memorysetup-profiler-bucket-allocator-granularity=16"
    "memorysetup-profiler-bucket-allocator-bucket-count=8"
    "memorysetup-profiler-bucket-allocator-block-size=33554432"
    "memorysetup-profiler-bucket-allocator-block-count=8"
    "memorysetup-profiler-allocator-block-size=16777216"
    "memorysetup-profiler-editor-allocator-block-size=1048576"
    "memorysetup-temp-allocator-size-main=16777216"
    "memorysetup-job-temp-allocator-block-size=2097152"
    "memorysetup-job-temp-allocator-block-size-background=1048576"
    "memorysetup-job-temp-allocator-reduction-small-platforms=262144"
Player connection [27060]  Target information:

Player connection [27060]  * "[IP] 192.168.3.10 [Port] 0 [Flags] 2 [Guid] 3212155951 [EditorId] 3212155951 [Version] 1048832 [Id] WindowsEditor(7,DESKTOP-MTCHHAV) [Debug] 1 [PackageName] WindowsEditor [ProjectName] Editor" 

Player connection [27060] Host joined multi-casting on [225.0.0.222:54997]...
Player connection [27060] Host joined alternative multi-casting on [225.0.0.222:34997]...
JobSystem: Creating JobQueue using job-worker-count value 11
Input System module state changed to: Initialized.
[Physics::Module] Initialized fallback backend.
[Physics::Module] Id: 0xdecafbad
Library Redirect Path: Library/
Initialising UDS system complete:
  - System type: Client
  - Resource namespace: 4f4d54d89a7d6385282fa40a0245a869
  - Shared memory size: 1073741824
  - Command buffer id: 1052576
  - Command buffer size: 8192
  - Hashmap size: 4194304
  - Service connected: true
  - Service working directory: Library/DataStore/
Refreshing native plugins compatible for Editor in 3.17 ms, found 4 plugins.
[Physics::Module] Selected backend (deferred post-plugins).
[Physics::Module] Name: PhysX
[Physics::Module] Id: 0xf2b8ea05
[Physics::Module] SDK Version: 4.1.2
[Physics::Module] Integration Version: 1.0.0
[Physics::Module] Threading Mode: Multi-Threaded
Initialize engine version: 6000.6.3f1 (45d8eee7de74)
[EntityIdStore] init: VM path (explicit commit), pageSize=4096, blockCount=1048576, entitiesPerBlock=256, slots reserved=4294967296 bytes
[Subsystems] Discovering subsystems at path C:/Program Files/Unity/Hub/Editor/6000.6.3f1/Editor/Data/Resources/UnitySubsystems
[Subsystems] Discovering subsystems at path C:/Users/MSI/OPD_laba_2/Assets
Forcing GfxDevice: Direct3D 12
GfxDevice: creating device client; kGfxThreadingModeNonThreaded
d3d12: failed to query info queue interface (0x80004002).
Direct3D:
    Version:         Direct3D 12 [level 12.2]
    Renderer:        NVIDIA GeForce RTX 5070 Laptop GPU (ID=0x2d18)
    Vendor:          NVIDIA
    VRAM:            7891 MB
    App VRAM Budget: 7123 MB
    Driver:          32.0.16.1047
Initialize mono
Mono path[0] = 'C:/Program Files/Unity/Hub/Editor/6000.6.3f1/Editor/Data/Managed'
Mono path[1] = 'C:/Program Files/Unity/Hub/Editor/6000.6.3f1/Editor/Data/BCLExtensions/runtime/netstandard2.1'
Mono path[2] = 'C:/Program Files/Unity/Hub/Editor/6000.6.3f1/Editor/Data/MonoBleedingEdge/lib/mono/unityjit-win32'
Mono config path = 'C:/Program Files/Unity/Hub/Editor/6000.6.3f1/Editor/Data/MonoBleedingEdge/etc'
Using monoOptions --debugger-agent=transport=dt_socket,embedding=1,server=y,suspend=n,address=127.0.0.1:56056
CodeReloadManager initialized
Begin MonoManager ReloadAssembly
Registering precompiled unity dll's ...
Register platform support module: C:/Program Files/Unity/Hub/Editor/6000.6.3f1/Editor/Data/PlaybackEngines/WebGLSupport/UnityEditor.WebGL.Extensions.dll
Register platform support module: C:/Program Files/Unity/Hub/Editor/6000.6.3f1/Editor/Data/PlaybackEngines/WindowsStandaloneSupport/UnityEditor.WindowsStandalone.Extensions.dll
Registered in 0.001596 seconds.
Native extension for WindowsStandalone target not found
Native extension for WebGL target not found
Package Manager log level set to [2]
[Package Manager] Failed to launch server process. Reason: Unity was launched with the -noUpm command-line argument
[Package Manager] Unable to send message (not connected to server process).
[Package Manager] Cannot connect to Unity Package Manager local server
ScheduleIndexationOnStartup MainProcess:False IndexOnStartup:True
Scripting: successfully reloaded assembly
- Finished resetting the current domain, in  0.500 seconds
Domain Reload Profiling: 1111ms
	BeginReloadAssembly (147ms)
	RebuildCommonClasses (5ms)
	RebuildNativeTypeToScriptingClass (18ms)
	initialDomainReloadingComplete (73ms)
	LoadAllAssembliesAndSetupDomain (367ms)
		LoadAssemblies (144ms)
		TypeCache.Refresh (259ms)
			TypeCache.ScanAssembly (245ms)
		AnalyzeDomain (1ms)
	FinalizeReload (501ms)
		SetupLoadedEditorAssemblies (0ms)
			BeforeProcessingInitializeOnLoad (117ms)
			ProcessInitializeOnLoadAttributes (104ms)
			ProcessInitializeOnLoadMethodAttributes (175ms)
Initializing Unity extensions:
[Licensing::Client] Successfully resolved entitlement details
[Licensing::Module] License group:
  Id: F4-JT8S-VX4V-2PXU-5UM5-XXXX
  Product: Unity Personal
  Type: ULF
  Expiration: Unlimited
[Licensing::Module] License group:
  Id: 5774130951012-UnityPersXXXX
  Product: Unity Personal
  Type: Assigned
  Expiration: Unlimited
========================================================================
Worker process is ready to serve import requests
Import Worker Mode flag is 0x00
Begin MonoManager ReloadAssembly
'Packages/com.unity.render-pipelines.core/Editor/Deprecated.cs' contains partial class of Unity.Object, exactly 1 of the partial classes needs to be in a file with the same filename. This is to know the one that can be referenced from ie. GameObjects
'Packages/com.unity.render-pipelines.core/Editor/Deprecated.cs' contains partial class of Unity.Object, exactly 1 of the partial classes needs to be in a file with the same filename. This is to know the one that can be referenced from ie. GameObjects
Native extension for WindowsStandalone target not found
Native extension for WebGL target not found
[Package Manager] Failed to launch server process. Reason: Unity was launched with the -noUpm command-line argument
[Package Manager] Unable to send message (not connected to server process).
[Package Manager] Cannot connect to Unity Package Manager local server
[Package Manager] Failed to launch server process. Reason: Unity was launched with the -noUpm command-line argument
[Package Manager] Unable to send message (not connected to server process).
[Package Manager] Cannot connect to Unity Package Manager local server
ScheduleIndexationOnStartup MainProcess:False IndexOnStartup:True
Scripting: successfully reloaded assembly
- Finished resetting the current domain, in  0.727 seconds
Domain Reload Profiling: 1689ms
	BeginReloadAssembly (225ms)
		DisableScriptedObjects (9ms)
		CreateAndSetChildDomain (31ms)
	RebuildCommonClasses (8ms)
	RebuildNativeTypeToScriptingClass (17ms)
	initialDomainReloadingComplete (58ms)
	LoadAllAssembliesAndSetupDomain (653ms)
		LoadAssemblies (357ms)
		TypeCache.Refresh (180ms)
			TypeCache.ScanAssembly (164ms)
		AnalyzeDomain (80ms)
			BuildScriptInfoCaches (73ms)
			ResolveRequiredComponents (5ms)
	FinalizeReload (728ms)
		SetupLoadedEditorAssemblies (0ms)
			BeforeProcessingInitializeOnLoad (117ms)
			ProcessInitializeOnLoadAttributes (295ms)
			ProcessInitializeOnLoadMethodAttributes (101ms)
			AfterProcessingInitializeOnLoad (5ms)
		AwakeInstancesAfterBackupRestoration (8ms)
AcceleratorClientConnectionCallback - disconnected - :0
WARNING: Shader Unsupported: 'Hidden/Universal Render Pipeline/Terrain/Lit (Base Pass)' - All subshaders removed
WARNING: Shader Did you use #pragma only_renderers and omit this platform?
WARNING: Shader If subshaders removal was intentional, you may have forgotten turning Fallback off?
WARNING: Shader Unsupported: 'Universal Render Pipeline/Terrain/Lit' - All subshaders removed
WARNING: Shader Did you use #pragma only_renderers and omit this platform?
WARNING: Shader If subshaders removal was intentional, you may have forgotten turning Fallback off?
Launched and connected shader compiler UnityShaderCompiler.exe after 0.01 seconds
Unloading 60 Unused Serialized files (Serialized files now loaded: 0)
Unloading 6638 unused Assets / (7.7 MB). Loaded Objects now: 7361.
Memory consumption went from 332.4 MB to 324.7 MB.
Total: 8.186300 ms (FindLiveObjects: 0.818200 ms CreateObjectMapping: 0.343200 ms MarkObjects: 4.697900 ms  DeleteObjects: 2.031700 ms)

========================================================================
Received Import Request.
  Time of request: 2026-10-01T08:15:27.3250863Z
  Time since last request: 2403.45137280000017 seconds.
  importAddress: GUID: e9a5010fa11eb48649d3a6806a835683 - Path: Packages/com.unity.visualscripting/Editor/VisualScripting.Core/Windows/Sidebars/SidebarPanelWindow.cs - Importer: ScriptedImporter/UnityEditor.QuickSearchModule:UnityEditor.Search:ASIAI0B
Importing 'GUID: e9a5010fa11eb48649d3a6806a835683 - Path: Packages/com.unity.visualscripting/Editor/VisualScripting.Core/Windows/Sidebars/SidebarPanelWindow.cs - Importer: ScriptedImporter/UnityEditor.QuickSearchModule:UnityEditor.Search:ASIAI0B' with importer (ScriptedImporter : UnityEditor.QuickSearchModule:UnityEditor.Search:ASIAI0B)
Imported 'GUID: e9a5010fa11eb48649d3a6806a835683' -> (Import Result ID: 'ecac51f9abcafc196f1ef6f22fda3721') in 0.080 seconds [static and dynamic dependencies]. Details - ImportResultOutputID=be2249a40eadaa712e59f375c5468889 DependenciesID=a26fa61165fd59ce36b3e59f26c62a2c StaticDependenciesID=8e16650a2ef0f4434ced62b88f20c964 
Number of updated asset objects reloaded before import = 0
Number of asset objects unloaded after import = 0
========================================================================
Received Import Request.
  Time of request: 2026-10-01T08:15:27.4200982Z
  Time since last request: 0.005554 seconds.
  importAddress: GUID: 3587d6da02ecd4f56976a4e635866bcd - Path: Packages/com.unity.visualscripting/Editor/VisualScripting.Flow/Plugin/Changelogs/Changelog_1_4_3.cs - Importer: ScriptedImporter/UnityEditor.QuickSearchModule:UnityEditor.Search:ASIAI0B
Importing 'GUID: 3587d6da02ecd4f56976a4e635866bcd - Path: Packages/com.unity.visualscripting/Editor/VisualScripting.Flow/Plugin/Changelogs/Changelog_1_4_3.cs - Importer: ScriptedImporter/UnityEditor.QuickSearchModule:UnityEditor.Search:ASIAI0B' with importer (ScriptedImporter : UnityEditor.QuickSearchModule:UnityEditor.Search:ASIAI0B)
Imported 'GUID: 3587d6da02ecd4f56976a4e635866bcd' -> (Import Result ID: '9335342003218aa7c3752e469f5d7748') in 0.005 seconds [static and dynamic dependencies]. Details - ImportResultOutputID=f52d18d87dd7ab5a2420da9f084f0bfa DependenciesID=8c493d196b92b09244078acfdef1990b StaticDependenciesID=c33a7367ba8851e7dfe60d4b72f7e395 
Number of updated asset objects reloaded before import = 0
Number of asset objects unloaded after import = 0
========================================================================
Received Import Request.
  Time of request: 2026-10-01T08:15:27.4335461Z
  Time since last request: 0.0007344 seconds.
  importAddress: GUID: a2de589ab38604e128d8eed8afc2d428 - Path: Packages/com.unity.visualscripting/Editor/VisualScripting.Flow/Plugin/Changelogs/Changelog_1_4_8.cs - Importer: ScriptedImporter/UnityEditor.QuickSearchModule:UnityEditor.Search:ASIAI0B
Importing 'GUID: a2de589ab38604e128d8eed8afc2d428 - Path: Packages/com.unity.visualscripting/Editor/VisualScripting.Flow/Plugin/Changelogs/Changelog_1_4_8.cs - Importer: ScriptedImporter/UnityEditor.QuickSearchModule:UnityEditor.Search:ASIAI0B' with importer (ScriptedImporter : UnityEditor.QuickSearchModule:UnityEditor.Search:ASIAI0B)
Imported 'GUID: a2de589ab38604e128d8eed8afc2d428' -> (Import Result ID: '7845e1a538c0f3d890ccdb0e9a6003f2') in 0.002 seconds [static and dynamic dependencies]. Details - ImportResultOutputID=704ba222706cedc68416ef92d4483fcd DependenciesID=15d3ada8a9060f4d28ae4433aa43c26c StaticDependenciesID=a61b6cf496c105eed9312ac4e877067d 
Number of updated asset objects reloaded before import = 0
Number of asset objects unloaded after import = 0
========================================================================
Received Import Request.
  Time of request: 2026-10-01T08:15:27.4444567Z
  Time since last request: 0.0012526 seconds.
  importAddress: GUID: f3a95ea3668ca49bba7f93586f8e08ce - Path: Packages/com.unity.visualscripting/Runtime/VisualScripting.Core/Cloning/Cloners/FieldsCloner.cs - Importer: ScriptedImporter/UnityEditor.QuickSearchModule:UnityEditor.Search:ASIAI0B
Importing 'GUID: f3a95ea3668ca49bba7f93586f8e08ce - Path: Packages/com.unity.visualscripting/Runtime/VisualScripting.Core/Cloning/Cloners/FieldsCloner.cs - Importer: ScriptedImporter/UnityEditor.QuickSearchModule:UnityEditor.Search:ASIAI0B' with importer (ScriptedImporter : UnityEditor.QuickSearchModule:UnityEditor.Search:ASIAI0B)
Imported 'GUID: f3a95ea3668ca49bba7f93586f8e08ce' -> (Import Result ID: 'e0292cfc9747fdea8c834b22f46dfcc2') in 0.002 seconds [static and dynamic dependencies]. Details - ImportResultOutputID=78be6b70f38482639ea868c286d74251 DependenciesID=3332912f654c569117bef2828b20a082 StaticDependenciesID=062b4186c0efdba9540a7fe90e339d1d 
Number of updated asset objects reloaded before import = 0
Number of asset objects unloaded after import = 0
========================================================================
Received Import Request.
  Time of request: 2026-10-01T08:15:27.4542728Z
  Time since last request: 0.0003586 seconds.
  importAddress: GUID: 55f9606c92224790823f7ac7fd2c8d41 - Path: Packages/com.unity.visualscripting/Editor/VisualScripting.State/Plugin/Migrations/Migration_1_6_to_1_7.cs - Importer: ScriptedImporter/UnityEditor.QuickSearchModule:UnityEditor.Search:ASIAI0B
Importing 'GUID: 55f9606c92224790823f7ac7fd2c8d41 - Path: Packages/com.unity.visualscripting/Editor/VisualScripting.State/Plugin/Migrations/Migration_1_6_to_1_7.cs - Importer: ScriptedImporter/UnityEditor.QuickSearchModule:UnityEditor.Search:ASIAI0B' with importer (ScriptedImporter : UnityEditor.QuickSearchModule:UnityEditor.Search:ASIAI0B)
Imported 'GUID: 55f9606c92224790823f7ac7fd2c8d41' -> (Import Result ID: '1ec44f5f0c06a18007fc149498054a25') in 0.002 seconds [static and dynamic dependencies]. Details - ImportResultOutputID=683aeaff68b92a746b945b8dc32e494c DependenciesID=eeefdd009216567c20b963f8e642f448 StaticDependenciesID=420af4d1004f127a503e35663e0d93dd 
Number of updated asset objects reloaded before import = 0
Number of asset objects unloaded after import = 0
========================================================================
Received Import Request.
  Time of request: 2026-10-01T08:15:27.4645774Z
  Time since last request: 0.0006065 seconds.
  importAddress: GUID: 80b5f06f2b254106834105b126a44f19 - Path: Packages/com.unity.visualscripting/Editor/VisualScripting.State/Plugin/Migrations/Migration_Asset_to_Package.cs - Importer: ScriptedImporter/UnityEditor.QuickSearchModule:UnityEditor.Search:ASIAI0B
Importing 'GUID: 80b5f06f2b254106834105b126a44f19 - Path: Packages/com.unity.visualscripting/Editor/VisualScripting.State/Plugin/Migrations/Migration_Asset_to_Package.cs - Importer: ScriptedImporter/UnityEditor.QuickSearchModule:UnityEditor.Search:ASIAI0B' with importer (ScriptedImporter : UnityEditor.QuickSearchModule:UnityEditor.Search:ASIAI0B)
Imported 'GUID: 80b5f06f2b254106834105b126a44f19' -> (Import Result ID: 'c5c0d6a1db39a7efeb2b53bd8b3f66f7') in 0.002 seconds [static and dynamic dependencies]. Details - ImportResultOutputID=4093e0dbde23152711dc3930206a5db6 DependenciesID=620726a759236fbdda8140f9194a473d StaticDependenciesID=a309ad2744bf3e4a4817c7741f2d37d5 
Number of updated asset objects reloaded before import = 0
Number of asset objects unloaded after import = 0
========================================================================
Received Import Request.
  Time of request: 2026-10-01T08:15:27.4749732Z
  Time since last request: 0.0002776 seconds.
  importAddress: GUID: cbda48de6424242dcbc9f142e5a80c40 - Path: Packages/com.unity.visualscripting/Runtime/VisualScripting.Core/Dependencies/FullSerializer/fsConverterRegistrar.cs - Importer: ScriptedImporter/UnityEditor.QuickSearchModule:UnityEditor.Search:ASIAI0B
Importing 'GUID: cbda48de6424242dcbc9f142e5a80c40 - Path: Packages/com.unity.visualscripting/Runtime/VisualScripting.Core/Dependencies/FullSerializer/fsConverterRegistrar.cs - Importer: ScriptedImporter/UnityEditor.QuickSearchModule:UnityEditor.Search:ASIAI0B' with importer (ScriptedImporter : UnityEditor.QuickSearchModule:UnityEditor.Search:ASIAI0B)
Imported 'GUID: cbda48de6424242dcbc9f142e5a80c40' -> (Import Result ID: 'ab3deff45e5e369570b83191026b0ec4') in 0.002 seconds [static and dynamic dependencies]. Details - ImportResultOutputID=9900e3c6a15bc5c16dce44310fdd1406 DependenciesID=c0a3161e34549e12ac48677f93da426e StaticDependenciesID=ba90edd217b36cb6f2484a8406069024 
Number of updated asset objects reloaded before import = 0
Number of asset objects unloaded after import = 0
========================================================================
Received Import Request.
  Time of request: 2026-10-01T08:15:27.4852295Z
  Time since last request: 0.0004578 seconds.
  importAddress: GUID: 09d7acc5bdb67457ead96cda5d7e5005 - Path: Packages/com.unity.visualscripting/Editor/VisualScripting.Flow/Plugin/Changelogs/Changelog_1_4_4.cs - Importer: ScriptedImporter/UnityEditor.QuickSearchModule:UnityEditor.Search:ASIAI0B
Importing 'GUID: 09d7acc5bdb67457ead96cda5d7e5005 - Path: Packages/com.unity.visualscripting/Editor/VisualScripting.Flow/Plugin/Changelogs/Changelog_1_4_4.cs - Importer: ScriptedImporter/UnityEditor.QuickSearchModule:UnityEditor.Search:ASIAI0B' with importer (ScriptedImporter : UnityEditor.QuickSearchModule:UnityEditor.Search:ASIAI0B)
Imported 'GUID: 09d7acc5bdb67457ead96cda5d7e5005' -> (Import Result ID: 'a936a8045b4499391483eab0bd57f776') in 0.002 seconds [static and dynamic dependencies]. Details - ImportResultOutputID=2a584f2912d3ffbd601cbdd4c58e0876 DependenciesID=0aff2209b1cd52ad00683e87f52bc4d8 StaticDependenciesID=8318fda47510d77eafee1fdf9e6cde6c 
Number of updated asset objects reloaded before import = 0
Number of asset objects unloaded after import = 0
========================================================================
Received Import Request.
  Time of request: 2026-10-01T08:15:27.5088208Z
  Time since last request: 0.0140195 seconds.
  importAddress: GUID: a9d2948c439334d35b3b0155feda81aa - Path: Packages/com.unity.visualscripting/Runtime/VisualScripting.Core/Dependencies/FullSerializer/fsISerializationCallbacks.cs - Importer: ScriptedImporter/UnityEditor.QuickSearchModule:UnityEditor.Search:ASIAI0B
Importing 'GUID: a9d2948c439334d35b3b0155feda81aa - Path: Packages/com.unity.visualscripting/Runtime/VisualScripting.Core/Dependencies/FullSerializer/fsISerializationCallbacks.cs - Importer: ScriptedImporter/UnityEditor.QuickSearchModule:UnityEditor.Search:ASIAI0B' with importer (ScriptedImporter : UnityEditor.QuickSearchModule:UnityEditor.Search:ASIAI0B)
Imported 'GUID: a9d2948c439334d35b3b0155feda81aa' -> (Import Result ID: 'd20aede86be780c845d3e31878ccaefb') in 0.002 seconds [static and dynamic dependencies]. Details - ImportResultOutputID=aae00a9f226ebf56f338f2249cf69bab DependenciesID=8c66953717ada7e83daac11adfd88492 StaticDependenciesID=0ab509fa13c7150ddb556d18c1c0ef4a 
Number of updated asset objects reloaded before import = 0
Number of asset objects unloaded after import = 0
========================================================================
Received Import Request.
  Time of request: 2026-10-01T08:15:27.5196467Z
  Time since last request: 0.0006315 seconds.
  importAddress: GUID: 9376dbb0ac69423ba3f541ddd6352d5f - Path: Packages/com.unity.visualscripting/Runtime/VisualScripting.Core/Listeners/UIInterfaces/UnityOnEndDragMessageListener.cs - Importer: ScriptedImporter/UnityEditor.QuickSearchModule:UnityEditor.Search:ASIAI0B
Importing 'GUID: 9376dbb0ac69423ba3f541ddd6352d5f - Path: Packages/com.unity.visualscripting/Runtime/VisualScripting.Core/Listeners/UIInterfaces/UnityOnEndDragMessageListener.cs - Importer: ScriptedImporter/UnityEditor.QuickSearchModule:UnityEditor.Search:ASIAI0B' with importer (ScriptedImporter : UnityEditor.QuickSearchModule:UnityEditor.Search:ASIAI0B)
Imported 'GUID: 9376dbb0ac69423ba3f541ddd6352d5f' -> (Import Result ID: 'fd74787154813f989aec5d5d581b1340') in 0.002 seconds [static and dynamic dependencies]. Details - ImportResultOutputID=9b6e23fdd5cd5cb786e85b2f544bc593 DependenciesID=e4fe61d0e1cafadfdd008e8312aab272 StaticDependenciesID=bf9ffb1e3c09581a451964361f4f34ba 
Number of updated asset objects reloaded before import = 0
Number of asset objects unloaded after import = 0
========================================================================
Received Import Request.
  Time of request: 2026-10-01T08:15:27.5306768Z
  Time since last request: 0.0002406 seconds.
  importAddress: GUID: 6f74fcfae4c849879f19488dcf898594 - Path: Packages/com.unity.visualscripting/Runtime/VisualScripting.Core/Listeners/UI/UnityOnDropdownValueChangedMessageListener.cs - Importer: ScriptedImporter/UnityEditor.QuickSearchModule:UnityEditor.Search:ASIAI0B
Importing 'GUID: 6f74fcfae4c849879f19488dcf898594 - Path: Packages/com.unity.visualscripting/Runtime/VisualScripting.Core/Listeners/UI/UnityOnDropdownValueChangedMessageListener.cs - Importer: ScriptedImporter/UnityEditor.QuickSearchModule:UnityEditor.Search:ASIAI0B' with importer (ScriptedImporter : UnityEditor.QuickSearchModule:UnityEditor.Search:ASIAI0B)
Imported 'GUID: 6f74fcfae4c849879f19488dcf898594' -> (Import Result ID: '44e1dc3535dda9fa9dbdae2bc2f85ce6') in 0.002 seconds [static and dynamic dependencies]. Details - ImportResultOutputID=04216ca11ffee379ea4aeed25e6946e2 DependenciesID=7eebb75ed56662e86e490566339ee036 StaticDependenciesID=6b6a8f8953bdc9c4abd10d833f47d577 
Number of updated asset objects reloaded before import = 0
Number of asset objects unloaded after import = 0
========================================================================
Received Import Request.
  Time of request: 2026-10-01T08:15:27.5403817Z
  Time since last request: 0.0004282 seconds.
  importAddress: GUID: a89fd4e4b0f57420abbbed9404306b32 - Path: Packages/com.unity.visualscripting/Runtime/VisualScripting.Core/Dependencies/FullSerializer/fsObjectAttribute.cs - Importer: ScriptedImporter/UnityEditor.QuickSearchModule:UnityEditor.Search:ASIAI0B
Importing 'GUID: a89fd4e4b0f57420abbbed9404306b32 - Path: Packages/com.unity.visualscripting/Runtime/VisualScripting.Core/Dependencies/FullSerializer/fsObjectAttribute.cs - Importer: ScriptedImporter/UnityEditor.QuickSearchModule:UnityEditor.Search:ASIAI0B' with importer (ScriptedImporter : UnityEditor.QuickSearchModule:UnityEditor.Search:ASIAI0B)
Imported 'GUID: a89fd4e4b0f57420abbbed9404306b32' -> (Import Result ID: 'f4d8edf6abf0cb87c9604b31449a20ee') in 0.002 seconds [static and dynamic dependencies]. Details - ImportResultOutputID=9858e35ea32131992c19fa697d953b06 DependenciesID=126227a7f36fd91fb6f39314c8e568a3 StaticDependenciesID=b8668bb1d46ffb73e206ed7524f8f9ff 
Number of updated asset objects reloaded before import = 0
Number of asset objects unloaded after import = 0
========================================================================
Received Import Request.
  Time of request: 2026-10-01T08:15:27.5507778Z
  Time since last request: 0.000302 seconds.
  importAddress: GUID: 982b5d67d0e9746ebae3d2af855f181b - Path: Packages/com.unity.visualscripting/Runtime/VisualScripting.Core/Dependencies/FullSerializer/fsMemberSerialization.cs - Importer: ScriptedImporter/UnityEditor.QuickSearchModule:UnityEditor.Search:ASIAI0B
Importing 'GUID: 982b5d67d0e9746ebae3d2af855f181b - Path: Packages/com.unity.visualscripting/Runtime/VisualScripting.Core/Dependencies/FullSerializer/fsMemberSerialization.cs - Importer: ScriptedImporter/UnityEditor.QuickSearchModule:UnityEditor.Search:ASIAI0B' with importer (ScriptedImporter : UnityEditor.QuickSearchModule:UnityEditor.Search:ASIAI0B)
Imported 'GUID: 982b5d67d0e9746ebae3d2af855f181b' -> (Import Result ID: '646bf1aa8ef32ca7e9d11743dd414780') in 0.002 seconds [static and dynamic dependencies]. Details - ImportResultOutputID=6af4df097b33683ac1c9bfe3b58d1384 DependenciesID=1a5b30da1e801bd7f539c2635e1cc60f StaticDependenciesID=4c0ea43309a576d5d1b8e2e03bfda459 
Number of updated asset objects reloaded before import = 0
Number of asset objects unloaded after import = 0
========================================================================
Received Import Request.
  Time of request: 2026-10-01T08:15:27.5612784Z
  Time since last request: 0.0006982 seconds.
  importAddress: GUID: e7dbda2fa1cf4475bb59c8c2a8058ace - Path: Packages/com.unity.visualscripting/Runtime/VisualScripting.Core/Ensure/Extensions/XComparable.cs - Importer: ScriptedImporter/UnityEditor.QuickSearchModule:UnityEditor.Search:ASIAI0B
Importing 'GUID: e7dbda2fa1cf4475bb59c8c2a8058ace - Path: Packages/com.unity.visualscripting/Runtime/VisualScripting.Core/Ensure/Extensions/XComparable.cs - Importer: ScriptedImporter/UnityEditor.QuickSearchModule:UnityEditor.Search:ASIAI0B' with importer (ScriptedImporter : UnityEditor.QuickSearchModule:UnityEditor.Search:ASIAI0B)
Imported 'GUID: e7dbda2fa1cf4475bb59c8c2a8058ace' -> (Import Result ID: '6bab412fcc0fb56a5239417bc51df340') in 0.002 seconds [static and dynamic dependencies]. Details - ImportResultOutputID=83569860ed9e678f910b2676e43cf479 DependenciesID=e628e841bdc568ba1e6b9d9407093124 StaticDependenciesID=923c201db90ffba3e74be07941d80b71 
Number of updated asset objects reloaded before import = 0
Number of asset objects unloaded after import = 0
========================================================================
Received Import Request.
  Time of request: 2026-10-01T08:15:27.5721236Z
  Time since last request: 0.0003066 seconds.
  importAddress: GUID: 19124ba62bea429c8d1b6efb5e4650c7 - Path: Packages/com.unity.visualscripting/Runtime/VisualScripting.Core/Listeners/MonoBehaviour/UnityOnMouseOverMessageListener.cs - Importer: ScriptedImporter/UnityEditor.QuickSearchModule:UnityEditor.Search:ASIAI0B
Importing 'GUID: 19124ba62bea429c8d1b6efb5e4650c7 - Path: Packages/com.unity.visualscripting/Runtime/VisualScripting.Core/Listeners/MonoBehaviour/UnityOnMouseOverMessageListener.cs - Importer: ScriptedImporter/UnityEditor.QuickSearchModule:UnityEditor.Search:ASIAI0B' with importer (ScriptedImporter : UnityEditor.QuickSearchModule:UnityEditor.Search:ASIAI0B)
Imported 'GUID: 19124ba62bea429c8d1b6efb5e4650c7' -> (Import Result ID: '72a37103c5bebd54f723dd7f27ad39f9') in 0.002 seconds [static and dynamic dependencies]. Details - ImportResultOutputID=64e3bce5cc9aa33558033449b6d1169c DependenciesID=1971d5e3739e68eb72719841a7ed32c8 StaticDependenciesID=22c21e3c2d5521d17cd631b90ee082d9 
Number of updated asset objects reloaded before import = 0
Number of asset objects unloaded after import = 0
========================================================================
Received Import Request.
  Time of request: 2026-10-01T08:15:27.5948693Z
  Time since last request: 0.0133822 seconds.
  importAddress: GUID: 54f30904b03c44f228cbf104d937c369 - Path: Packages/com.unity.visualscripting/Runtime/VisualScripting.Core/Reflection/Optimization/InstanceActionInvoker_5.cs - Importer: ScriptedImporter/UnityEditor.QuickSearchModule:UnityEditor.Search:ASIAI0B
Importing 'GUID: 54f30904b03c44f228cbf104d937c369 - Path: Packages/com.unity.visualscripting/Runtime/VisualScripting.Core/Reflection/Optimization/InstanceActionInvoker_5.cs - Importer: ScriptedImporter/UnityEditor.QuickSearchModule:UnityEditor.Search:ASIAI0B' with importer (ScriptedImporter : UnityEditor.QuickSearchModule:UnityEditor.Search:ASIAI0B)
Imported 'GUID: 54f30904b03c44f228cbf104d937c369' -> (Import Result ID: 'af13405e82c0340bd0dde80c29cfaa9a') in 0.002 seconds [static and dynamic dependencies]. Details - ImportResultOutputID=d79aed0f4fdc6e6eaff1a5e583567fd0 DependenciesID=b4d4f07cf6dfa216903660731553dcbc StaticDependenciesID=8ff5981e05eff3ec89c2e3a03a06a4ca 
Number of updated asset objects reloaded before import = 0
Number of asset objects unloaded after import = 0
========================================================================
Received Import Request.
  Time of request: 2026-10-01T08:15:27.6046119Z
  Time since last request: 0.0002783 seconds.
  importAddress: GUID: aaade9cbed5b4446fa6850d4f1ba05d6 - Path: Packages/com.unity.visualscripting/Runtime/VisualScripting.Core/Reflection/Operators/DivisionHandler.cs - Importer: ScriptedImporter/UnityEditor.QuickSearchModule:UnityEditor.Search:ASIAI0B
Importing 'GUID: aaade9cbed5b4446fa6850d4f1ba05d6 - Path: Packages/com.unity.visualscripting/Runtime/VisualScripting.Core/Reflection/Operators/DivisionHandler.cs - Importer: ScriptedImporter/UnityEditor.QuickSearchModule:UnityEditor.Search:ASIAI0B' with importer (ScriptedImporter : UnityEditor.QuickSearchModule:UnityEditor.Search:ASIAI0B)
Imported 'GUID: aaade9cbed5b4446fa6850d4f1ba05d6' -> (Import Result ID: 'cc98d2dd95e5e1614f1c70a258c8dc20') in 0.002 seconds [static and dynamic dependencies]. Details - ImportResultOutputID=e0ae7e67262a6519466fead0bd917ab3 DependenciesID=cf15d580ae83ab21aa83365367036bd7 StaticDependenciesID=8c158726f259e2408b1e05431dec88f5 
Number of updated asset objects reloaded before import = 0
Number of asset objects unloaded after import = 0
========================================================================
Received Import Request.
  Time of request: 2026-10-01T08:15:27.6150135Z
  Time since last request: 0.0003341 seconds.
  importAddress: GUID: c955172d57ffa4ea89294770ef02caef - Path: Packages/com.unity.visualscripting/Runtime/VisualScripting.Core/Reflection/Operators/LessThanOrEqualHandler.cs - Importer: ScriptedImporter/UnityEditor.QuickSearchModule:UnityEditor.Search:ASIAI0B
Importing 'GUID: c955172d57ffa4ea89294770ef02caef - Path: Packages/com.unity.visualscripting/Runtime/VisualScripting.Core/Reflection/Operators/LessThanOrEqualHandler.cs - Importer: ScriptedImporter/UnityEditor.QuickSearchModule:UnityEditor.Search:ASIAI0B' with importer (ScriptedImporter : UnityEditor.QuickSearchModule:UnityEditor.Search:ASIAI0B)
Imported 'GUID: c955172d57ffa4ea89294770ef02caef' -> (Import Result ID: '890078a61245cb99a0dcbf1473f25c9f') in 0.002 seconds [static and dynamic dependencies]. Details - ImportResultOutputID=2be9eed6ea914649b5b1bf795a2789f7 DependenciesID=b3a7e3902033441a400d7824360bc5b5 StaticDependenciesID=99592716aee4501bb233491c7dafbcdf 
Number of updated asset objects reloaded before import = 0
Number of asset objects unloaded after import = 0
========================================================================
Received Import Request.
  Time of request: 2026-10-01T08:15:27.625113Z
  Time since last request: 0.0002368 seconds.
  importAddress: GUID: 20e8a9131c09f44bba4bc995a46bf45b - Path: Packages/com.unity.visualscripting/Runtime/VisualScripting.Core/Reflection/Optimization/Func_6.cs - Importer: ScriptedImporter/UnityEditor.QuickSearchModule:UnityEditor.Search:ASIAI0B
Importing 'GUID: 20e8a9131c09f44bba4bc995a46bf45b - Path: Packages/com.unity.visualscripting/Runtime/VisualScripting.Core/Reflection/Optimization/Func_6.cs - Importer: ScriptedImporter/UnityEditor.QuickSearchModule:UnityEditor.Search:ASIAI0B' with importer (ScriptedImporter : UnityEditor.QuickSearchModule:UnityEditor.Search:ASIAI0B)
Imported 'GUID: 20e8a9131c09f44bba4bc995a46bf45b' -> (Import Result ID: 'fbeb944571af882f9a335e594f163d64') in 0.002 seconds [static and dynamic dependencies]. Details - ImportResultOutputID=644326673f7480051a5b09ce461ca288 DependenciesID=759b732d8db4eb27ee3355f37ce7b15e StaticDependenciesID=e411d5d5fd77864ffe9fcfe7e472e289 
Number of updated asset objects reloaded before import = 0
Number of asset objects unloaded after import = 0
========================================================================
Received Import Request.
  Time of request: 2026-10-01T08:15:27.635441Z
  Time since last request: 0.0002675 seconds.
  importAddress: GUID: 8357065a14e1d47138e7d19e3a5ac7fa - Path: Packages/com.unity.visualscripting/Runtime/VisualScripting.Core/Reflection/Operators/OrHandler.cs - Importer: ScriptedImporter/UnityEditor.QuickSearchModule:UnityEditor.Search:ASIAI0B
Importing 'GUID: 8357065a14e1d47138e7d19e3a5ac7fa - Path: Packages/com.unity.visualscripting/Runtime/VisualScripting.Core/Reflection/Operators/OrHandler.cs - Importer: ScriptedImporter/UnityEditor.QuickSearchModule:UnityEditor.Search:ASIAI0B' with importer (ScriptedImporter : UnityEditor.QuickSearchModule:UnityEditor.Search:ASIAI0B)
Imported 'GUID: 8357065a14e1d47138e7d19e3a5ac7fa' -> (Import Result ID: 'e26b4f4e1f2e8e2d67b04ee72f4e4af3') in 0.002 seconds [static and dynamic dependencies]. Details - ImportResultOutputID=61ed446ed8dd67a232655b7c6ecab454 DependenciesID=5ab1266c08c815131e712d57f52380a9 StaticDependenciesID=562ee98e6d0f9f07d67aba499d10403b 
Number of updated asset objects reloaded before import = 0
Number of asset objects unloaded after import = 0
========================================================================
Received Import Request.
  Time of request: 2026-10-01T08:15:27.6466812Z
  Time since last request: 0.0002897 seconds.
  importAddress: GUID: 2eb252808c6a14f89860c81afb8df8c4 - Path: Packages/com.unity.visualscripting/Runtime/VisualScripting.Core/Reflection/Optimization/InstancePropertyAccessor.cs - Importer: ScriptedImporter/UnityEditor.QuickSearchModule:UnityEditor.Search:ASIAI0B
Importing 'GUID: 2eb252808c6a14f89860c81afb8df8c4 - Path: Packages/com.unity.visualscripting/Runtime/VisualScripting.Core/Reflection/Optimization/InstancePropertyAccessor.cs - Importer: ScriptedImporter/UnityEditor.QuickSearchModule:UnityEditor.Search:ASIAI0B' with importer (ScriptedImporter : UnityEditor.QuickSearchModule:UnityEditor.Search:ASIAI0B)
Imported 'GUID: 2eb252808c6a14f89860c81afb8df8c4' -> (Import Result ID: '5a0a7b31b8380f46dac31937da928c5f') in 0.003 seconds [static and dynamic dependencies]. Details - ImportResultOutputID=ba21a9739cb2b2a1ed1e5180301dcbd2 DependenciesID=dd61f5c2ce75ce5eba0f624712a33da9 StaticDependenciesID=39f123472b271931c1bb320eb284323f 
Number of updated asset objects reloaded before import = 0
Number of asset objects unloaded after import = 0
========================================================================
Received Import Request.
  Time of request: 2026-10-01T08:15:27.6590744Z
  Time since last request: 0.0004148 seconds.
  importAddress: GUID: 440712d4b1f8a4163805ea5af7bca155 - Path: Packages/com.unity.visualscripting/Runtime/VisualScripting.Core/Reflection/Operators/AmbiguousOperatorException.cs - Importer: ScriptedImporter/UnityEditor.QuickSearchModule:UnityEditor.Search:ASIAI0B
Importing 'GUID: 440712d4b1f8a4163805ea5af7bca155 - Path: Packages/com.unity.visualscripting/Runtime/VisualScripting.Core/Reflection/Operators/AmbiguousOperatorException.cs - Importer: ScriptedImporter/UnityEditor.QuickSearchModule:UnityEditor.Search:ASIAI0B' with importer (ScriptedImporter : UnityEditor.QuickSearchModule:UnityEditor.Search:ASIAI0B)
Imported 'GUID: 440712d4b1f8a4163805ea5af7bca155' -> (Import Result ID: 'd8a5c236f69eefe71568d11b7767d96d') in 0.002 seconds [static and dynamic dependencies]. Details - ImportResultOutputID=b2055042d7e21eabe1940646e86718cf DependenciesID=3f808f76623e9cefeb1c05f3f5359194 StaticDependenciesID=5032953abbe7c65f1e02c4b52e3212c4 
Number of updated asset objects reloaded before import = 0
Number of asset objects unloaded after import = 0
========================================================================
Received Import Request.
  Time of request: 2026-10-01T08:15:27.6829645Z
  Time since last request: 0.0147555 seconds.
  importAddress: GUID: e01cdd8435cb44f0c9756e6e0de8c548 - Path: Packages/com.unity.visualscripting/Runtime/VisualScripting.Core/Serialization/Converters/NamespaceConverter.cs - Importer: ScriptedImporter/UnityEditor.QuickSearchModule:UnityEditor.Search:ASIAI0B
Importing 'GUID: e01cdd8435cb44f0c9756e6e0de8c548 - Path: Packages/com.unity.visualscripting/Runtime/VisualScripting.Core/Serialization/Converters/NamespaceConverter.cs - Importer: ScriptedImporter/UnityEditor.QuickSearchModule:UnityEditor.Search:ASIAI0B' with importer (ScriptedImporter : UnityEditor.QuickSearchModule:UnityEditor.Search:ASIAI0B)
Imported 'GUID: e01cdd8435cb44f0c9756e6e0de8c548' -> (Import Result ID: '42a935321d35f7c9cccb03b46c0eaea5') in 0.002 seconds [static and dynamic dependencies]. Details - ImportResultOutputID=f5b0570313398d90a8715bcd794ae8cb DependenciesID=c9868625857780801974bfa6e0be6460 StaticDependenciesID=b48587efdbda5e8eae007399a6783434 
Number of updated asset objects reloaded before import = 0
Number of asset objects unloaded after import = 0
========================================================================
Received Import Request.
  Time of request: 2026-10-01T08:15:27.6929133Z
  Time since last request: 0.0005116 seconds.
  importAddress: GUID: 6b501942d821245dfaa8ad2b31b26484 - Path: Packages/com.unity.visualscripting/Runtime/VisualScripting.Core/Reflection/Optimization/ReflectionPropertyAccessor.cs - Importer: ScriptedImporter/UnityEditor.QuickSearchModule:UnityEditor.Search:ASIAI0B
Importing 'GUID: 6b501942d821245dfaa8ad2b31b26484 - Path: Packages/com.unity.visualscripting/Runtime/VisualScripting.Core/Reflection/Optimization/ReflectionPropertyAccessor.cs - Importer: ScriptedImporter/UnityEditor.QuickSearchModule:UnityEditor.Search:ASIAI0B' with importer (ScriptedImporter : UnityEditor.QuickSearchModule:UnityEditor.Search:ASIAI0B)
Imported 'GUID: 6b501942d821245dfaa8ad2b31b26484' -> (Import Result ID: '484a614766351d38c468d81ac577add6') in 0.002 seconds [static and dynamic dependencies]. Details - ImportResultOutputID=f6bcd74e2b4f92b3c2fe52b486a1ed0d DependenciesID=32f12a83f1f1c5d3c1970204a60c6667 StaticDependenciesID=d5d45d0f9e129a67eec3c8da00503691 
Number of updated asset objects reloaded before import = 0
Number of asset objects unloaded after import = 0
========================================================================
Received Import Request.
  Time of request: 2026-10-01T08:15:27.7063799Z
  Time since last request: 0.0005264 seconds.
  importAddress: GUID: 9ba199e97bc1b4300b1fc168762de698 - Path: Packages/com.unity.visualscripting/Runtime/VisualScripting.Flow/Framework/Codebase/MemberUnit.cs - Importer: ScriptedImporter/UnityEditor.QuickSearchModule:UnityEditor.Search:ASIAI0B
Importing 'GUID: 9ba199e97bc1b4300b1fc168762de698 - Path: Packages/com.unity.visualscripting/Runtime/VisualScripting.Flow/Framework/Codebase/MemberUnit.cs - Importer: ScriptedImporter/UnityEditor.QuickSearchModule:UnityEditor.Search:ASIAI0B' with importer (ScriptedImporter : UnityEditor.QuickSearchModule:UnityEditor.Search:ASIAI0B)
Imported 'GUID: 9ba199e97bc1b4300b1fc168762de698' -> (Import Result ID: '76678b4556c25e3e8af61d41f5ebb6de') in 0.002 seconds [static and dynamic dependencies]. Details - ImportResultOutputID=a71ef73c898bf3fa408954fdaa7f2124 DependenciesID=b02e10033851337d6071e6bd4d41c223 StaticDependenciesID=3f926a083bee4d88e8cb5eae91ac4bed 
Number of updated asset objects reloaded before import = 0
Number of asset objects unloaded after import = 0
========================================================================
Received Import Request.
  Time of request: 2026-10-01T08:15:27.7161077Z
  Time since last request: 0.00047 seconds.
  importAddress: GUID: 207ce2879c26b4ef0a891282aa1dfb27 - Path: Packages/com.unity.visualscripting/Runtime/VisualScripting.Flow/Dependencies/NCalc/SerializationVisitor.cs - Importer: ScriptedImporter/UnityEditor.QuickSearchModule:UnityEditor.Search:ASIAI0B
Importing 'GUID: 207ce2879c26b4ef0a891282aa1dfb27 - Path: Packages/com.unity.visualscripting/Runtime/VisualScripting.Flow/Dependencies/NCalc/SerializationVisitor.cs - Importer: ScriptedImporter/UnityEditor.QuickSearchModule:UnityEditor.Search:ASIAI0B' with importer (ScriptedImporter : UnityEditor.QuickSearchModule:UnityEditor.Search:ASIAI0B)
Imported 'GUID: 207ce2879c26b4ef0a891282aa1dfb27' -> (Import Result ID: '197193b64e2b7374f8b4810721a31246') in 0.002 seconds [static and dynamic dependencies]. Details - ImportResultOutputID=c7ab72138b2d3b5967d81c76ffcaaaa6 DependenciesID=3d240532114d80fd4041cdc406511759 StaticDependenciesID=b3ecad1eef7ea88e4166c0f10288ef12 
Number of updated asset objects reloaded before import = 0
Number of asset objects unloaded after import = 0
========================================================================
Received Import Request.
  Time of request: 2026-10-01T08:15:27.7269457Z
  Time since last request: 0.0003577 seconds.
  importAddress: GUID: 1e339c45a25164bda8fb4ef97ff8d67e - Path: Packages/com.unity.visualscripting/Runtime/VisualScripting.Flow/Dependencies/NCalc/TernaryExpression.cs - Importer: ScriptedImporter/UnityEditor.QuickSearchModule:UnityEditor.Search:ASIAI0B
Importing 'GUID: 1e339c45a25164bda8fb4ef97ff8d67e - Path: Packages/com.unity.visualscripting/Runtime/VisualScripting.Flow/Dependencies/NCalc/TernaryExpression.cs - Importer: ScriptedImporter/UnityEditor.QuickSearchModule:UnityEditor.Search:ASIAI0B' with importer (ScriptedImporter : UnityEditor.QuickSearchModule:UnityEditor.Search:ASIAI0B)
Imported 'GUID: 1e339c45a25164bda8fb4ef97ff8d67e' -> (Import Result ID: 'f40dc558841aa3a573362c532cd2675a') in 0.002 seconds [static and dynamic dependencies]. Details - ImportResultOutputID=11347052a4d6b7b7863d8ef276951153 DependenciesID=1495106f5e876e54dd5e4d9a635b379f StaticDependenciesID=b2189b1176a93558526cf01953b9a169 
Number of updated asset objects reloaded before import = 0
Number of asset objects unloaded after import = 0
========================================================================
Received Import Request.
  Time of request: 2026-10-01T08:15:27.7369376Z
  Time since last request: 0.0003073 seconds.
  importAddress: GUID: 55514a8464191433785154307e445337 - Path: Packages/com.unity.visualscripting/Runtime/VisualScripting.Flow/Dependencies/NCalc/FunctionArgs.cs - Importer: ScriptedImporter/UnityEditor.QuickSearchModule:UnityEditor.Search:ASIAI0B
Importing 'GUID: 55514a8464191433785154307e445337 - Path: Packages/com.unity.visualscripting/Runtime/VisualScripting.Flow/Dependencies/NCalc/FunctionArgs.cs - Importer: ScriptedImporter/UnityEditor.QuickSearchModule:UnityEditor.Search:ASIAI0B' with importer (ScriptedImporter : UnityEditor.QuickSearchModule:UnityEditor.Search:ASIAI0B)
Imported 'GUID: 55514a8464191433785154307e445337' -> (Import Result ID: '5c5d7f0ed644c7af383834d4fad0f69c') in 0.002 seconds [static and dynamic dependencies]. Details - ImportResultOutputID=d5982b9b59bbfcce7bb305edf90266b7 DependenciesID=599aa4c17fe7e64743f674d2048801fc StaticDependenciesID=1468631ff4a2aeac7fc14494b308a2c3 
Number of updated asset objects reloaded before import = 0
Number of asset objects unloaded after import = 0
========================================================================
Received Import Request.
  Time of request: 2026-10-01T08:15:27.7730507Z
  Time since last request: 0.0263668 seconds.
  importAddress: GUID: b808f556baccb4bc1a8a7cc6886f95e3 - Path: Packages/com.unity.visualscripting/Runtime/VisualScripting.Flow/Framework/Logic/GreaterOrEqual.cs - Importer: ScriptedImporter/UnityEditor.QuickSearchModule:UnityEditor.Search:ASIAI0B
Importing 'GUID: b808f556baccb4bc1a8a7cc6886f95e3 - Path: Packages/com.unity.visualscripting/Runtime/VisualScripting.Flow/Framework/Logic/GreaterOrEqual.cs - Importer: ScriptedImporter/UnityEditor.QuickSearchModule:UnityEditor.Search:ASIAI0B' with importer (ScriptedImporter : UnityEditor.QuickSearchModule:UnityEditor.Search:ASIAI0B)
Imported 'GUID: b808f556baccb4bc1a8a7cc6886f95e3' -> (Import Result ID: '0af78e29e4f089b410e2c6ed8ef6a49e') in 0.002 seconds [static and dynamic dependencies]. Details - ImportResultOutputID=ec82108caad4cbe10c10eb89c2f2b0e8 DependenciesID=5bbef79308139882c06b0cc7d333a697 StaticDependenciesID=1732eb2321ac2ae4cbebfaa1421b088a 
Number of updated asset objects reloaded before import = 0
Number of asset objects unloaded after import = 0
========================================================================
Received Import Request.
  Time of request: 2026-10-01T08:15:27.7832219Z
  Time since last request: 0.0004164 seconds.
  importAddress: GUID: 596f580b21e640b9bf2f5d49c8c6a689 - Path: Packages/com.unity.visualscripting/Runtime/VisualScripting.Flow/Framework/Graph/SetScriptGraph.cs - Importer: ScriptedImporter/UnityEditor.QuickSearchModule:UnityEditor.Search:ASIAI0B
Importing 'GUID: 596f580b21e640b9bf2f5d49c8c6a689 - Path: Packages/com.unity.visualscripting/Runtime/VisualScripting.Flow/Framework/Graph/SetScriptGraph.cs - Importer: ScriptedImporter/UnityEditor.QuickSearchModule:UnityEditor.Search:ASIAI0B' with importer (ScriptedImporter : UnityEditor.QuickSearchModule:UnityEditor.Search:ASIAI0B)
Imported 'GUID: 596f580b21e640b9bf2f5d49c8c6a689' -> (Import Result ID: 'aeb5b24bb6b54ec50dc1fc1bb11f04cb') in 0.002 seconds [static and dynamic dependencies]. Details - ImportResultOutputID=845b620f815cadcc680d2ebe2a8025f4 DependenciesID=0a9bfe5002fedd90767175e3cf4046d5 StaticDependenciesID=50a5fdc5b804baae5590b7d61d65c938 
Number of updated asset objects reloaded before import = 0
Number of asset objects unloaded after import = 0
========================================================================
Received Import Request.
  Time of request: 2026-10-01T08:15:27.7928375Z
  Time since last request: 0.0002909 seconds.
  importAddress: GUID: f5f020d47318c410484053e208cf68b5 - Path: Packages/com.unity.visualscripting/Runtime/VisualScripting.Flow/Framework/Logic/BinaryComparisonUnit.cs - Importer: ScriptedImporter/UnityEditor.QuickSearchModule:UnityEditor.Search:ASIAI0B
Importing 'GUID: f5f020d47318c410484053e208cf68b5 - Path: Packages/com.unity.visualscripting/Runtime/VisualScripting.Flow/Framework/Logic/BinaryComparisonUnit.cs - Importer: ScriptedImporter/UnityEditor.QuickSearchModule:UnityEditor.Search:ASIAI0B' with importer (ScriptedImporter : UnityEditor.QuickSearchModule:UnityEditor.Search:ASIAI0B)
Imported 'GUID: f5f020d47318c410484053e208cf68b5' -> (Import Result ID: 'ee452826094ab2276ed1d301b63180d0') in 0.002 seconds [static and dynamic dependencies]. Details - ImportResultOutputID=eb4819a85707504531e2a044c035088d DependenciesID=ae7059463d30e0aff0784b7d4db45dac StaticDependenciesID=e106e2a51db7f783668f6080f4057b6d 
Number of updated asset objects reloaded before import = 0
Number of asset objects unloaded after import = 0
========================================================================
Received Import Request.
  Time of request: 2026-10-01T08:15:27.8041253Z
  Time since last request: 0.0005277 seconds.
  importAddress: GUID: 45e0b31244d22469f891e908230c5ef8 - Path: Packages/com.unity.visualscripting/Runtime/VisualScripting.Flow/Framework/Control/SwitchOnString.cs - Importer: ScriptedImporter/UnityEditor.QuickSearchModule:UnityEditor.Search:ASIAI0B
Importing 'GUID: 45e0b31244d22469f891e908230c5ef8 - Path: Packages/com.unity.visualscripting/Runtime/VisualScripting.Flow/Framework/Control/SwitchOnString.cs - Importer: ScriptedImporter/UnityEditor.QuickSearchModule:UnityEditor.Search:ASIAI0B' with importer (ScriptedImporter : UnityEditor.QuickSearchModule:UnityEditor.Search:ASIAI0B)
Imported 'GUID: 45e0b31244d22469f891e908230c5ef8' -> (Import Result ID: '30b22a375765f5d8c444fe70197bb4ca') in 0.002 seconds [static and dynamic dependencies]. Details - ImportResultOutputID=617d58b1ab50ccf4177b97d69cec2483 DependenciesID=800809946d5e4a1b77230725d7dc0090 StaticDependenciesID=7966291de8df5056b33bde97720c899b 
Number of updated asset objects reloaded before import = 0
Number of asset objects unloaded after import = 0
========================================================================
Received Import Request.
  Time of request: 2026-10-01T08:15:27.8139239Z
  Time since last request: 0.0002796 seconds.
  importAddress: GUID: faf9b20d93da1412c8a40afd3632646a - Path: Packages/com.unity.visualscripting/Runtime/VisualScripting.Flow/Framework/Control/SelectOnEnum.cs - Importer: ScriptedImporter/UnityEditor.QuickSearchModule:UnityEditor.Search:ASIAI0B
Importing 'GUID: faf9b20d93da1412c8a40afd3632646a - Path: Packages/com.unity.visualscripting/Runtime/VisualScripting.Flow/Framework/Control/SelectOnEnum.cs - Importer: ScriptedImporter/UnityEditor.QuickSearchModule:UnityEditor.Search:ASIAI0B' with importer (ScriptedImporter : UnityEditor.QuickSearchModule:UnityEditor.Search:ASIAI0B)
Imported 'GUID: faf9b20d93da1412c8a40afd3632646a' -> (Import Result ID: '6c218f52287fb8316143be7fb1309102') in 0.002 seconds [static and dynamic dependencies]. Details - ImportResultOutputID=70879f2da09923362663f6070b4a44e0 DependenciesID=8d013c953f0aaf12d5ba541b6666362f StaticDependenciesID=8b2f7d398425362ad9a31d6870bc4812 
Number of updated asset objects reloaded before import = 0
Number of asset objects unloaded after import = 0
========================================================================
Received Import Request.
  Time of request: 2026-10-01T08:15:27.8254391Z
  Time since last request: 0.0008017 seconds.
  importAddress: GUID: 9e6cb5afb83024163b511b0ecdb549b2 - Path: Packages/com.unity.visualscripting/Runtime/VisualScripting.Flow/Framework/Events/GameObjectEventUnit.cs - Importer: ScriptedImporter/UnityEditor.QuickSearchModule:UnityEditor.Search:ASIAI0B
Importing 'GUID: 9e6cb5afb83024163b511b0ecdb549b2 - Path: Packages/com.unity.visualscripting/Runtime/VisualScripting.Flow/Framework/Events/GameObjectEventUnit.cs - Importer: ScriptedImporter/UnityEditor.QuickSearchModule:UnityEditor.Search:ASIAI0B' with importer (ScriptedImporter : UnityEditor.QuickSearchModule:UnityEditor.Search:ASIAI0B)
Imported 'GUID: 9e6cb5afb83024163b511b0ecdb549b2' -> (Import Result ID: '06ac930cf42ddfa5b9c40474aaa10bab') in 0.002 seconds [static and dynamic dependencies]. Details - ImportResultOutputID=866686a2a18437330b54ebb0b711d6a0 DependenciesID=b548cb4904e2a6f4f0c71e48111bbe2a StaticDependenciesID=a097a276816448ef66dfb68d1549d57b 
Number of updated asset objects reloaded before import = 0
Number of asset objects unloaded after import = 0
========================================================================
Received Import Request.
  Time of request: 2026-10-01T08:15:27.8370813Z
  Time since last request: 0.0002626 seconds.
  importAddress: GUID: 76b0b46319dee4014a91956b9c12c7c3 - Path: Packages/com.unity.visualscripting/Runtime/VisualScripting.Flow/Framework/Control/TryCatch.cs - Importer: ScriptedImporter/UnityEditor.QuickSearchModule:UnityEditor.Search:ASIAI0B
Importing 'GUID: 76b0b46319dee4014a91956b9c12c7c3 - Path: Packages/com.unity.visualscripting/Runtime/VisualScripting.Flow/Framework/Control/TryCatch.cs - Importer: ScriptedImporter/UnityEditor.QuickSearchModule:UnityEditor.Search:ASIAI0B' with importer (ScriptedImporter : UnityEditor.QuickSearchModule:UnityEditor.Search:ASIAI0B)
Imported 'GUID: 76b0b46319dee4014a91956b9c12c7c3' -> (Import Result ID: '3fa365db134de1df2801345638549367') in 0.002 seconds [static and dynamic dependencies]. Details - ImportResultOutputID=87f5ca0a81736d80a9d5bc5b0eec532c DependenciesID=d7f409e516064a868a0f6f559a841b77 StaticDependenciesID=7c2f394a962cc92824bcd50d21122760 
Number of updated asset objects reloaded before import = 0
Number of asset objects unloaded after import = 0
========================================================================
Received Import Request.
  Time of request: 2026-10-01T08:15:27.8600374Z
  Time since last request: 0.0139973 seconds.
  importAddress: GUID: 70ac271f39dd344e6a8b0b7945031914 - Path: Packages/com.unity.visualscripting/Editor/VisualScripting.Core/Dependencies/ReorderableList/Internal/ReorderableListResources.cs - Importer: ScriptedImporter/UnityEditor.QuickSearchModule:UnityEditor.Search:ASIAI0B
Importing 'GUID: 70ac271f39dd344e6a8b0b7945031914 - Path: Packages/com.unity.visualscripting/Editor/VisualScripting.Core/Dependencies/ReorderableList/Internal/ReorderableListResources.cs - Importer: ScriptedImporter/UnityEditor.QuickSearchModule:UnityEditor.Search:ASIAI0B' with importer (ScriptedImporter : UnityEditor.QuickSearchModule:UnityEditor.Search:ASIAI0B)
Imported 'GUID: 70ac271f39dd344e6a8b0b7945031914' -> (Import Result ID: '420f32c11eeacc401879eedbfefea8e0') in 0.002 seconds [static and dynamic dependencies]. Details - ImportResultOutputID=bc5ea124c16eea7d5431134957857237 DependenciesID=fa3c4a9105b23397988bdc8a4f8fbbe4 StaticDependenciesID=22e218aec613926939ae0c9aeead5dfb 
Number of updated asset objects reloaded before import = 0
Number of asset objects unloaded after import = 0
========================================================================
Received Import Request.
  Time of request: 2026-10-01T08:15:27.8714111Z
  Time since last request: 0.0004974 seconds.
  importAddress: GUID: 1e7022f31fb6241748cc2cb35bace5b6 - Path: Packages/com.unity.visualscripting/Runtime/VisualScripting.Flow/Framework/Nesting/GraphOutput.cs - Importer: ScriptedImporter/UnityEditor.QuickSearchModule:UnityEditor.Search:ASIAI0B
Importing 'GUID: 1e7022f31fb6241748cc2cb35bace5b6 - Path: Packages/com.unity.visualscripting/Runtime/VisualScripting.Flow/Framework/Nesting/GraphOutput.cs - Importer: ScriptedImporter/UnityEditor.QuickSearchModule:UnityEditor.Search:ASIAI0B' with importer (ScriptedImporter : UnityEditor.QuickSearchModule:UnityEditor.Search:ASIAI0B)
Imported 'GUID: 1e7022f31fb6241748cc2cb35bace5b6' -> (Import Result ID: 'b6f4c63555ba9f5df08d14efcb05660c') in 0.002 seconds [static and dynamic dependencies]. Details - ImportResultOutputID=848d382fbd338bdd5e75b1faf6d8da72 DependenciesID=ab093b216050252548d3eab2473ae4b8 StaticDependenciesID=de817cdba120319985f7bc10f2d42ee8 
Number of updated asset objects reloaded before import = 0
Number of asset objects unloaded after import = 0
========================================================================
Received Import Request.
  Time of request: 2026-10-01T08:15:27.8836974Z
  Time since last request: 0.0003165 seconds.
  importAddress: GUID: e479a8edc294743d0850fde55adafead - Path: Packages/com.unity.visualscripting/Runtime/VisualScripting.Flow/Framework/Time/WaitForNextFrameUnit.cs - Importer: ScriptedImporter/UnityEditor.QuickSearchModule:UnityEditor.Search:ASIAI0B
Importing 'GUID: e479a8edc294743d0850fde55adafead - Path: Packages/com.unity.visualscripting/Runtime/VisualScripting.Flow/Framework/Time/WaitForNextFrameUnit.cs - Importer: ScriptedImporter/UnityEditor.QuickSearchModule:UnityEditor.Search:ASIAI0B' with importer (ScriptedImporter : UnityEditor.QuickSearchModule:UnityEditor.Search:ASIAI0B)
Imported 'GUID: e479a8edc294743d0850fde55adafead' -> (Import Result ID: '068b8edc612330c47edbd1483a548048') in 0.002 seconds [static and dynamic dependencies]. Details - ImportResultOutputID=86aedd3df250114e400138a5bee88f66 DependenciesID=129ce3ebecdc810d82e60de14e80aaab StaticDependenciesID=4fbd41008453131495da5a56b41099eb 
Number of updated asset objects reloaded before import = 0
Number of asset objects unloaded after import = 0
========================================================================
Received Import Request.
  Time of request: 2026-10-01T08:15:27.8939716Z
  Time since last request: 0.0003764 seconds.
  importAddress: GUID: 94caeea3697674618a0f62b74280e958 - Path: Packages/com.unity.visualscripting/Runtime/VisualScripting.Flow/Framework/Math/Sum.cs - Importer: ScriptedImporter/UnityEditor.QuickSearchModule:UnityEditor.Search:ASIAI0B
Importing 'GUID: 94caeea3697674618a0f62b74280e958 - Path: Packages/com.unity.visualscripting/Runtime/VisualScripting.Flow/Framework/Math/Sum.cs - Importer: ScriptedImporter/UnityEditor.QuickSearchModule:UnityEditor.Search:ASIAI0B' with importer (ScriptedImporter : UnityEditor.QuickSearchModule:UnityEditor.Search:ASIAI0B)
Imported 'GUID: 94caeea3697674618a0f62b74280e958' -> (Import Result ID: '30fb43438bc7e14ce64ea82df9f5e83b') in 0.002 seconds [static and dynamic dependencies]. Details - ImportResultOutputID=349756d4f5359e2391ce84730b1b15f7 DependenciesID=d887ce075ea4810ab7af937ec949eefc StaticDependenciesID=2fcfcd75c39f5a657f38c5df8c63abf5 
Number of updated asset objects reloaded before import = 0
Number of asset objects unloaded after import = 0
========================================================================
Received Import Request.
  Time of request: 2026-10-01T08:15:27.9048945Z
  Time since last request: 0.0002686 seconds.
  importAddress: GUID: cbce043494e0e44c19b7b72e0abfc875 - Path: Packages/com.unity.visualscripting/Editor/VisualScripting.Core/Plugin/Changelogs/LegacyLudiqCore/Changelog_1_2_4.cs - Importer: ScriptedImporter/UnityEditor.QuickSearchModule:UnityEditor.Search:ASIAI0B
Importing 'GUID: cbce043494e0e44c19b7b72e0abfc875 - Path: Packages/com.unity.visualscripting/Editor/VisualScripting.Core/Plugin/Changelogs/LegacyLudiqCore/Changelog_1_2_4.cs - Importer: ScriptedImporter/UnityEditor.QuickSearchModule:UnityEditor.Search:ASIAI0B' with importer (ScriptedImporter : UnityEditor.QuickSearchModule:UnityEditor.Search:ASIAI0B)
Imported 'GUID: cbce043494e0e44c19b7b72e0abfc875' -> (Import Result ID: '68178093a15baf848ad91ac5c1e905ad') in 0.002 seconds [static and dynamic dependencies]. Details - ImportResultOutputID=c45e5199d57f817b3683dd4b46328a16 DependenciesID=cca81386b953ce625aa3d07eab527b0d StaticDependenciesID=32d79c1210583d93fe16d8a85a2eee95 
Number of updated asset objects reloaded before import = 0
Number of asset objects unloaded after import = 0
========================================================================
Received Import Request.
  Time of request: 2026-10-01T08:15:27.9150633Z
  Time since last request: 0.0002727 seconds.
  importAddress: GUID: de850a7cadc174ed2a9244eb1775f393 - Path: Packages/com.unity.visualscripting/Editor/VisualScripting.Core/Plugin/Changelogs/LegacyLudiqCore/Changelog_1_3_1.cs - Importer: ScriptedImporter/UnityEditor.QuickSearchModule:UnityEditor.Search:ASIAI0B
Importing 'GUID: de850a7cadc174ed2a9244eb1775f393 - Path: Packages/com.unity.visualscripting/Editor/VisualScripting.Core/Plugin/Changelogs/LegacyLudiqCore/Changelog_1_3_1.cs - Importer: ScriptedImporter/UnityEditor.QuickSearchModule:UnityEditor.Search:ASIAI0B' with importer (ScriptedImporter : UnityEditor.QuickSearchModule:UnityEditor.Search:ASIAI0B)
Imported 'GUID: de850a7cadc174ed2a9244eb1775f393' -> (Import Result ID: '15c4fb47f5f29155689cdddfc66cb829') in 0.002 seconds [static and dynamic dependencies]. Details - ImportResultOutputID=ca9af11abd6b6046facc7ab422906b2e DependenciesID=13f5c99088b9bcc263ae8f73d2109f2a StaticDependenciesID=06f74de0e494fa744b8ea8a27c53042a 
Number of updated asset objects reloaded before import = 0
Number of asset objects unloaded after import = 0
========================================================================
Received Import Request.
  Time of request: 2026-10-01T08:15:27.9470175Z
  Time since last request: 0.0212313 seconds.
  importAddress: GUID: e4a7c13c64f25473ea761f6e55d8aeed - Path: Packages/com.unity.visualscripting/Runtime/VisualScripting.Flow/Framework/Collections/Dictionaries/RemoveDictionaryItem.cs - Importer: ScriptedImporter/UnityEditor.QuickSearchModule:UnityEditor.Search:ASIAI0B
Importing 'GUID: e4a7c13c64f25473ea761f6e55d8aeed - Path: Packages/com.unity.visualscripting/Runtime/VisualScripting.Flow/Framework/Collections/Dictionaries/RemoveDictionaryItem.cs - Importer: ScriptedImporter/UnityEditor.QuickSearchModule:UnityEditor.Search:ASIAI0B' with importer (ScriptedImporter : UnityEditor.QuickSearchModule:UnityEditor.Search:ASIAI0B)
Imported 'GUID: e4a7c13c64f25473ea761f6e55d8aeed' -> (Import Result ID: 'c3ec61884dab0747b38266016d319260') in 0.002 seconds [static and dynamic dependencies]. Details - ImportResultOutputID=468b592bcb06573144394a69aa8b0c4e DependenciesID=942892834da431cfe7e0c5a7ee84267b StaticDependenciesID=d76b3bbc0d8a35528901374ad2dcc351 
Number of updated asset objects reloaded before import = 0
Number of asset objects unloaded after import = 0
========================================================================
Received Import Request.
  Time of request: 2026-10-01T08:15:27.956984Z
  Time since last request: 0.0004951 seconds.
  importAddress: GUID: a28779cb0a23d45e99974cbfa752905c - Path: Packages/com.unity.visualscripting/Editor/VisualScripting.Core/Plugin/Changelogs/LegacyLudiqGraphs/Changelog_1_4_0.cs - Importer: ScriptedImporter/UnityEditor.QuickSearchModule:UnityEditor.Search:ASIAI0B
Importing 'GUID: a28779cb0a23d45e99974cbfa752905c - Path: Packages/com.unity.visualscripting/Editor/VisualScripting.Core/Plugin/Changelogs/LegacyLudiqGraphs/Changelog_1_4_0.cs - Importer: ScriptedImporter/UnityEditor.QuickSearchModule:UnityEditor.Search:ASIAI0B' with importer (ScriptedImporter : UnityEditor.QuickSearchModule:UnityEditor.Search:ASIAI0B)
Imported 'GUID: a28779cb0a23d45e99974cbfa752905c' -> (Import Result ID: '80aee25bf2308475dd0ce2ac738b2aac') in 0.002 seconds [static and dynamic dependencies]. Details - ImportResultOutputID=b1e679803bed5ed03359f6af122f41c7 DependenciesID=f699062614b7652521fcd655efece5a3 StaticDependenciesID=2d7a6e8fe5dbd72e90f361ad63e6b028 
Number of updated asset objects reloaded before import = 0
Number of asset objects unloaded after import = 0
========================================================================
Received Import Request.
  Time of request: 2026-10-01T08:15:27.9674399Z
  Time since last request: 0.0002667 seconds.
  importAddress: GUID: 7b15f6a2fbc374865aa3cacb92b3e735 - Path: Packages/com.unity.visualscripting/Editor/VisualScripting.Core/Plugin/Changelogs/LegacyLudiqGraphs/Changelog_1_4_7.cs - Importer: ScriptedImporter/UnityEditor.QuickSearchModule:UnityEditor.Search:ASIAI0B
Importing 'GUID: 7b15f6a2fbc374865aa3cacb92b3e735 - Path: Packages/com.unity.visualscripting/Editor/VisualScripting.Core/Plugin/Changelogs/LegacyLudiqGraphs/Changelog_1_4_7.cs - Importer: ScriptedImporter/UnityEditor.QuickSearchModule:UnityEditor.Search:ASIAI0B' with importer (ScriptedImporter : UnityEditor.QuickSearchModule:UnityEditor.Search:ASIAI0B)
Imported 'GUID: 7b15f6a2fbc374865aa3cacb92b3e735' -> (Import Result ID: '111317150bfcb68ea15380819af3c41f') in 0.002 seconds [static and dynamic dependencies]. Details - ImportResultOutputID=aa0adda5e17f5c9e3622c69f0d52ecaf DependenciesID=364d2449f5b56f0b59f04b391bffeacb StaticDependenciesID=455275f5faa6661eb1f1d92d2bd74afd 
Number of updated asset objects reloaded before import = 0
Number of asset objects unloaded after import = 0
========================================================================
Received Import Request.
  Time of request: 2026-10-01T08:15:27.9783321Z
  Time since last request: 0.0003432 seconds.
  importAddress: GUID: 70176689297954e0e894c4e82a8c63df - Path: Packages/com.unity.visualscripting/Editor/VisualScripting.Core/Plugin/Changelogs/LegacyLudiqCore/Changelog_1_4_8.cs - Importer: ScriptedImporter/UnityEditor.QuickSearchModule:UnityEditor.Search:ASIAI0B
Importing 'GUID: 70176689297954e0e894c4e82a8c63df - Path: Packages/com.unity.visualscripting/Editor/VisualScripting.Core/Plugin/Changelogs/LegacyLudiqCore/Changelog_1_4_8.cs - Importer: ScriptedImporter/UnityEditor.QuickSearchModule:UnityEditor.Search:ASIAI0B' with importer (ScriptedImporter : UnityEditor.QuickSearchModule:UnityEditor.Search:ASIAI0B)
Imported 'GUID: 70176689297954e0e894c4e82a8c63df' -> (Import Result ID: 'a37a4e148b2433b6508ca02fea1bc1ac') in 0.002 seconds [static and dynamic dependencies]. Details - ImportResultOutputID=6e00bd5884c87fc558541c985a751181 DependenciesID=ca0d838a215e9ff6175453fad16e9f81 StaticDependenciesID=d8c8dc3a3adb2dbc5bba22b6b684bf42 
Number of updated asset objects reloaded before import = 0
Number of asset objects unloaded after import = 0
========================================================================
Received Import Request.
  Time of request: 2026-10-01T08:15:27.9897971Z
  Time since last request: 0.0003316 seconds.
  importAddress: GUID: 573496a789db44e01b6f7798f8b3f1f3 - Path: Packages/com.unity.visualscripting/Runtime/VisualScripting.Flow/Framework/Collections/Lists/ClearList.cs - Importer: ScriptedImporter/UnityEditor.QuickSearchModule:UnityEditor.Search:ASIAI0B
Importing 'GUID: 573496a789db44e01b6f7798f8b3f1f3 - Path: Packages/com.unity.visualscripting/Runtime/VisualScripting.Flow/Framework/Collections/Lists/ClearList.cs - Importer: ScriptedImporter/UnityEditor.QuickSearchModule:UnityEditor.Search:ASIAI0B' with importer (ScriptedImporter : UnityEditor.QuickSearchModule:UnityEditor.Search:ASIAI0B)
Imported 'GUID: 573496a789db44e01b6f7798f8b3f1f3' -> (Import Result ID: 'db149e812ae9bd5ccfa9e68b2cb267f7') in 0.002 seconds [static and dynamic dependencies]. Details - ImportResultOutputID=39ab88028cb5b0a6983570434fb59def DependenciesID=4df82ed293f4efefa344d5cb98a281e1 StaticDependenciesID=8eb98f855647b8d7fc0e1fd01128bdaf 
Number of updated asset objects reloaded before import = 0
Number of asset objects unloaded after import = 0
========================================================================
Received Import Request.
  Time of request: 2026-10-01T08:15:28.0005415Z
  Time since last request: 0.0003547 seconds.
  importAddress: GUID: b9426860637f5474eb0c52493cdd32d6 - Path: Packages/com.unity.visualscripting/Runtime/VisualScripting.Flow/Framework/Collections/Dictionaries/CreateDictionary.cs - Importer: ScriptedImporter/UnityEditor.QuickSearchModule:UnityEditor.Search:ASIAI0B
Importing 'GUID: b9426860637f5474eb0c52493cdd32d6 - Path: Packages/com.unity.visualscripting/Runtime/VisualScripting.Flow/Framework/Collections/Dictionaries/CreateDictionary.cs - Importer: ScriptedImporter/UnityEditor.QuickSearchModule:UnityEditor.Search:ASIAI0B' with importer (ScriptedImporter : UnityEditor.QuickSearchModule:UnityEditor.Search:ASIAI0B)
Imported 'GUID: b9426860637f5474eb0c52493cdd32d6' -> (Import Result ID: 'ad58b93195e9341dcd9db1edffcc1e13') in 0.003 seconds [static and dynamic dependencies]. Details - ImportResultOutputID=5da0eaa771a11c51bfcdadc712972763 DependenciesID=98b2850bc71bbbfe2a07e63c50a66da1 StaticDependenciesID=10630696f185977e7a27f8c8111289e4 
Number of updated asset objects reloaded before import = 0
Number of asset objects unloaded after import = 0
========================================================================
Received Import Request.
  Time of request: 2026-10-01T08:15:28.0375178Z
  Time since last request: 0.0249934 seconds.
  importAddress: GUID: f2ff7947be0af4375a2456598bbced2b - Path: Packages/com.unity.visualscripting/Runtime/VisualScripting.Flow/Framework/Events/Lifecycle/OnDestroy.cs - Importer: ScriptedImporter/UnityEditor.QuickSearchModule:UnityEditor.Search:ASIAI0B
Importing 'GUID: f2ff7947be0af4375a2456598bbced2b - Path: Packages/com.unity.visualscripting/Runtime/VisualScripting.Flow/Framework/Events/Lifecycle/OnDestroy.cs - Importer: ScriptedImporter/UnityEditor.QuickSearchModule:UnityEditor.Search:ASIAI0B' with importer (ScriptedImporter : UnityEditor.QuickSearchModule:UnityEditor.Search:ASIAI0B)
Imported 'GUID: f2ff7947be0af4375a2456598bbced2b' -> (Import Result ID: 'ad73661da4799bbfe976782604c754b0') in 0.002 seconds [static and dynamic dependencies]. Details - ImportResultOutputID=23f958ba2f300d574465ec6041fe5914 DependenciesID=6830756b13757631ee66f234bf360b93 StaticDependenciesID=186949783ca60fbd4287c9dc3c273cf2 
Number of updated asset objects reloaded before import = 0
Number of asset objects unloaded after import = 0
========================================================================
Received Import Request.
  Time of request: 2026-10-01T08:15:28.0473245Z
  Time since last request: 0.0002948 seconds.
  importAddress: GUID: 9c2590fcaf8284fd4a2f8de1abcf3021 - Path: Packages/com.unity.visualscripting/Runtime/VisualScripting.Flow/Framework/Events/Hierarchy/OnTransformChildrenChanged.cs - Importer: ScriptedImporter/UnityEditor.QuickSearchModule:UnityEditor.Search:ASIAI0B
Importing 'GUID: 9c2590fcaf8284fd4a2f8de1abcf3021 - Path: Packages/com.unity.visualscripting/Runtime/VisualScripting.Flow/Framework/Events/Hierarchy/OnTransformChildrenChanged.cs - Importer: ScriptedImporter/UnityEditor.QuickSearchModule:UnityEditor.Search:ASIAI0B' with importer (ScriptedImporter : UnityEditor.QuickSearchModule:UnityEditor.Search:ASIAI0B)
Imported 'GUID: 9c2590fcaf8284fd4a2f8de1abcf3021' -> (Import Result ID: '8f37ff07af3fd3f06e66450008ae5157') in 0.002 seconds [static and dynamic dependencies]. Details - ImportResultOutputID=7255349844df94d7e87d58a1f8fdd405 DependenciesID=7f83d462be612c8acfe57305ed6c45cf StaticDependenciesID=2d971edd5cca5b6735c94fc728b4429e 
Number of updated asset objects reloaded before import = 0
Number of asset objects unloaded after import = 0
========================================================================
Received Import Request.
  Time of request: 2026-10-01T08:15:28.0611714Z
  Time since last request: 0.0002879 seconds.
  importAddress: GUID: cc271ee33d067424a8d0a485c0f9d81a - Path: Packages/com.unity.visualscripting/Runtime/VisualScripting.Flow/Framework/Events/Lifecycle/Start.cs - Importer: ScriptedImporter/UnityEditor.QuickSearchModule:UnityEditor.Search:ASIAI0B
Importing 'GUID: cc271ee33d067424a8d0a485c0f9d81a - Path: Packages/com.unity.visualscripting/Runtime/VisualScripting.Flow/Framework/Events/Lifecycle/Start.cs - Importer: ScriptedImporter/UnityEditor.QuickSearchModule:UnityEditor.Search:ASIAI0B' with importer (ScriptedImporter : UnityEditor.QuickSearchModule:UnityEditor.Search:ASIAI0B)
Imported 'GUID: cc271ee33d067424a8d0a485c0f9d81a' -> (Import Result ID: '0cc4d0c61d88896b8ac5dc2ea68e0b05') in 0.002 seconds [static and dynamic dependencies]. Details - ImportResultOutputID=46742a64d9cc860f3e0b7b7d4b440f2f DependenciesID=d8902f4c2208669343f207e46ed411e0 StaticDependenciesID=bd80f9b890c09d07196889fb428b03a2 
Number of updated asset objects reloaded before import = 0
Number of asset objects unloaded after import = 0
========================================================================
Received Import Request.
  Time of request: 2026-10-01T08:15:28.0711405Z
  Time since last request: 0.0003161 seconds.
  importAddress: GUID: 0f0cfc99f3fe74ed1907db1119a5e976 - Path: Packages/com.unity.visualscripting/Runtime/VisualScripting.Flow/Framework/Events/Lifecycle/OnDisable.cs - Importer: ScriptedImporter/UnityEditor.QuickSearchModule:UnityEditor.Search:ASIAI0B
Importing 'GUID: 0f0cfc99f3fe74ed1907db1119a5e976 - Path: Packages/com.unity.visualscripting/Runtime/VisualScripting.Flow/Framework/Events/Lifecycle/OnDisable.cs - Importer: ScriptedImporter/UnityEditor.QuickSearchModule:UnityEditor.Search:ASIAI0B' with importer (ScriptedImporter : UnityEditor.QuickSearchModule:UnityEditor.Search:ASIAI0B)
Imported 'GUID: 0f0cfc99f3fe74ed1907db1119a5e976' -> (Import Result ID: '3a313086a9b6fea41c38b1d50a898912') in 0.002 seconds [static and dynamic dependencies]. Details - ImportResultOutputID=a13f0bbdd74a66dc18967c6e50cbf2b2 DependenciesID=8b7402b0765c092a1e2cdb734e8dccbf StaticDependenciesID=2c16314449327844ce278b880c2d7bb9 
Number of updated asset objects reloaded before import = 0
Number of asset objects unloaded after import = 0
========================================================================
Received Import Request.
  Time of request: 2026-10-01T08:15:28.0828494Z
  Time since last request: 0.0002725 seconds.
  importAddress: GUID: 6341e6a17829143b5894fd27dbf04b8a - Path: Packages/com.unity.visualscripting/Runtime/VisualScripting.Flow/Framework/Collections/Lists/MergeLists.cs - Importer: ScriptedImporter/UnityEditor.QuickSearchModule:UnityEditor.Search:ASIAI0B
Importing 'GUID: 6341e6a17829143b5894fd27dbf04b8a - Path: Packages/com.unity.visualscripting/Runtime/VisualScripting.Flow/Framework/Collections/Lists/MergeLists.cs - Importer: ScriptedImporter/UnityEditor.QuickSearchModule:UnityEditor.Search:ASIAI0B' with importer (ScriptedImporter : UnityEditor.QuickSearchModule:UnityEditor.Search:ASIAI0B)
Imported 'GUID: 6341e6a17829143b5894fd27dbf04b8a' -> (Import Result ID: '5efa1e4819459b1df06465272e05ae6e') in 0.002 seconds [static and dynamic dependencies]. Details - ImportResultOutputID=f394a707a20a758b078214e2f8bcbd4a DependenciesID=38227ae95a8bfb695ebce1c84bcc62ce StaticDependenciesID=bfa9a1fc7e8aaf25b76ad91e087fef23 
Number of updated asset objects reloaded before import = 0
Number of asset objects unloaded after import = 0
========================================================================
Received Import Request.
  Time of request: 2026-10-01T08:15:28.0941195Z
  Time since last request: 0.0001889 seconds.
  importAddress: GUID: 4540a76c964184c6885d7ff930a19d72 - Path: Packages/com.unity.visualscripting/Runtime/VisualScripting.Flow/Framework/Events/GUI/OnSelect.cs - Importer: ScriptedImporter/UnityEditor.QuickSearchModule:UnityEditor.Search:ASIAI0B
Importing 'GUID: 4540a76c964184c6885d7ff930a19d72 - Path: Packages/com.unity.visualscripting/Runtime/VisualScripting.Flow/Framework/Events/GUI/OnSelect.cs - Importer: ScriptedImporter/UnityEditor.QuickSearchModule:UnityEditor.Search:ASIAI0B' with importer (ScriptedImporter : UnityEditor.QuickSearchModule:UnityEditor.Search:ASIAI0B)
Imported 'GUID: 4540a76c964184c6885d7ff930a19d72' -> (Import Result ID: 'b6576875bfed2d59986c87854a8d7b6c') in 0.002 seconds [static and dynamic dependencies]. Details - ImportResultOutputID=8a999cc8d95d4daefef74f76b877ab13 DependenciesID=6a7659a434aa20c9044e00c285ac6c0a StaticDependenciesID=90c1f15ae557a7736116792667d0b6bd 
Number of updated asset objects reloaded before import = 0
Number of asset objects unloaded after import = 0
========================================================================
Received Import Request.
  Time of request: 2026-10-01T08:15:28.104704Z
  Time since last request: 0.000438 seconds.
  importAddress: GUID: 0c820b13261c044f2b847e5f8f454400 - Path: Packages/com.unity.visualscripting/Runtime/VisualScripting.Flow/Framework/Events/Application/OnApplicationLostFocus.cs - Importer: ScriptedImporter/UnityEditor.QuickSearchModule:UnityEditor.Search:ASIAI0B
Importing 'GUID: 0c820b13261c044f2b847e5f8f454400 - Path: Packages/com.unity.visualscripting/Runtime/VisualScripting.Flow/Framework/Events/Application/OnApplicationLostFocus.cs - Importer: ScriptedImporter/UnityEditor.QuickSearchModule:UnityEditor.Search:ASIAI0B' with importer (ScriptedImporter : UnityEditor.QuickSearchModule:UnityEditor.Search:ASIAI0B)
Imported 'GUID: 0c820b13261c044f2b847e5f8f454400' -> (Import Result ID: '3e3509f2d61f84e99273bda6df99293e') in 0.002 seconds [static and dynamic dependencies]. Details - ImportResultOutputID=e5b1822020448f4336b6ea295459173e DependenciesID=3d3c53a70b778fc9d983bf303ee4898e StaticDependenciesID=5dbc2b079ddb84a2d292dee4bbb119e9 
Number of updated asset objects reloaded before import = 0
Number of asset objects unloaded after import = 0
========================================================================
Received Import Request.
  Time of request: 2026-10-01T08:15:28.125953Z
  Time since last request: 0.0104052 seconds.
  importAddress: GUID: 273c8eb9f78f34ac7b137c54a0583e00 - Path: Packages/com.unity.visualscripting/Runtime/VisualScripting.Flow/Framework/Events/Physics2D/OnTriggerEnter2D.cs - Importer: ScriptedImporter/UnityEditor.QuickSearchModule:UnityEditor.Search:ASIAI0B
Importing 'GUID: 273c8eb9f78f34ac7b137c54a0583e00 - Path: Packages/com.unity.visualscripting/Runtime/VisualScripting.Flow/Framework/Events/Physics2D/OnTriggerEnter2D.cs - Importer: ScriptedImporter/UnityEditor.QuickSearchModule:UnityEditor.Search:ASIAI0B' with importer (ScriptedImporter : UnityEditor.QuickSearchModule:UnityEditor.Search:ASIAI0B)
Imported 'GUID: 273c8eb9f78f34ac7b137c54a0583e00' -> (Import Result ID: '47acfcb28572b75936427a0c9aa5d1ec') in 0.002 seconds [static and dynamic dependencies]. Details - ImportResultOutputID=39fc4998df90a0c9974b8c80fbfc2696 DependenciesID=bb09e8dcf68e6bcae74cf3d69f79460b StaticDependenciesID=1f96540cb01784cfc635c4bec31fa322 
Number of updated asset objects reloaded before import = 0
Number of asset objects unloaded after import = 0
========================================================================
Received Import Request.
  Time of request: 2026-10-01T08:15:28.1362456Z
  Time since last request: 0.0007507 seconds.
  importAddress: GUID: bbdcb7c86e2654988b5328220f58a0fa - Path: Packages/com.unity.visualscripting/Runtime/VisualScripting.Flow/Framework/Math/Vector2/Vector2Multiply.cs - Importer: ScriptedImporter/UnityEditor.QuickSearchModule:UnityEditor.Search:ASIAI0B
Importing 'GUID: bbdcb7c86e2654988b5328220f58a0fa - Path: Packages/com.unity.visualscripting/Runtime/VisualScripting.Flow/Framework/Math/Vector2/Vector2Multiply.cs - Importer: ScriptedImporter/UnityEditor.QuickSearchModule:UnityEditor.Search:ASIAI0B' with importer (ScriptedImporter : UnityEditor.QuickSearchModule:UnityEditor.Search:ASIAI0B)
Imported 'GUID: bbdcb7c86e2654988b5328220f58a0fa' -> (Import Result ID: '05c71871763f281e819be79c4ea10ad4') in 0.002 seconds [static and dynamic dependencies]. Details - ImportResultOutputID=e915fa1a98768f57489abb1ebc654022 DependenciesID=fff69e34bc448e9b38e0920a4753fce6 StaticDependenciesID=5fb8bb8ffe3c3f59b0cf57c7ff70b724 
Number of updated asset objects reloaded before import = 0
Number of asset objects unloaded after import = 0
========================================================================
Received Import Request.
  Time of request: 2026-10-01T08:15:28.1470714Z
  Time since last request: 0.000545 seconds.
  importAddress: GUID: d68c0c38421ef4911ad6c52c05bf17c7 - Path: Packages/com.unity.visualscripting/Runtime/VisualScripting.Flow/Framework/Math/Scalar/ScalarAverage.cs - Importer: ScriptedImporter/UnityEditor.QuickSearchModule:UnityEditor.Search:ASIAI0B
Importing 'GUID: d68c0c38421ef4911ad6c52c05bf17c7 - Path: Packages/com.unity.visualscripting/Runtime/VisualScripting.Flow/Framework/Math/Scalar/ScalarAverage.cs - Importer: ScriptedImporter/UnityEditor.QuickSearchModule:UnityEditor.Search:ASIAI0B' with importer (ScriptedImporter : UnityEditor.QuickSearchModule:UnityEditor.Search:ASIAI0B)
Imported 'GUID: d68c0c38421ef4911ad6c52c05bf17c7' -> (Import Result ID: '6ea2dd1bd4dcaf7a9aa0064eeea20a1c') in 0.002 seconds [static and dynamic dependencies]. Details - ImportResultOutputID=6c14b7486eff593408c89ca992bdaf94 DependenciesID=9ec366a20d386566b30f2bb16d234f96 StaticDependenciesID=4c7ad508f8d86b0a5800a63984182c4d 
Number of updated asset objects reloaded before import = 0
Number of asset objects unloaded after import = 0
========================================================================
Received Import Request.
  Time of request: 2026-10-01T08:15:28.1593803Z
  Time since last request: 0.0003829 seconds.
  importAddress: GUID: 8b03b4b42811a4d7e9bc0818ec219441 - Path: Packages/com.unity.visualscripting/Runtime/VisualScripting.Flow/Framework/Math/Generic/GenericDivide.cs - Importer: ScriptedImporter/UnityEditor.QuickSearchModule:UnityEditor.Search:ASIAI0B
Importing 'GUID: 8b03b4b42811a4d7e9bc0818ec219441 - Path: Packages/com.unity.visualscripting/Runtime/VisualScripting.Flow/Framework/Math/Generic/GenericDivide.cs - Importer: ScriptedImporter/UnityEditor.QuickSearchModule:UnityEditor.Search:ASIAI0B' with importer (ScriptedImporter : UnityEditor.QuickSearchModule:UnityEditor.Search:ASIAI0B)
Imported 'GUID: 8b03b4b42811a4d7e9bc0818ec219441' -> (Import Result ID: '31eecfcc98730bf1ef0cd965cf584c3e') in 0.002 seconds [static and dynamic dependencies]. Details - ImportResultOutputID=90b8c5786060cb8c15c27592fafa6915 DependenciesID=2e02a350a390167ff0da3e4e9369614b StaticDependenciesID=c5bdf70c2f7ec86b0a433a47d4dc480e 
Number of updated asset objects reloaded before import = 0
Number of asset objects unloaded after import = 0
========================================================================
Received Import Request.
  Time of request: 2026-10-01T08:15:28.1712726Z
  Time since last request: 0.0003016 seconds.
  importAddress: GUID: 76ab6eba2ae2f4239ae83f4cda348612 - Path: Packages/com.unity.visualscripting/Runtime/VisualScripting.Flow/Framework/Math/Scalar/ScalarMultiply.cs - Importer: ScriptedImporter/UnityEditor.QuickSearchModule:UnityEditor.Search:ASIAI0B
Importing 'GUID: 76ab6eba2ae2f4239ae83f4cda348612 - Path: Packages/com.unity.visualscripting/Runtime/VisualScripting.Flow/Framework/Math/Scalar/ScalarMultiply.cs - Importer: ScriptedImporter/UnityEditor.QuickSearchModule:UnityEditor.Search:ASIAI0B' with importer (ScriptedImporter : UnityEditor.QuickSearchModule:UnityEditor.Search:ASIAI0B)
Imported 'GUID: 76ab6eba2ae2f4239ae83f4cda348612' -> (Import Result ID: 'eeb8ec64c82ae2b26eb75374dc59a75f') in 0.002 seconds [static and dynamic dependencies]. Details - ImportResultOutputID=08f4a6e0a73a9483ae6c17ae456e012d DependenciesID=d85c50fb31a90937432ad823c0dba70e StaticDependenciesID=e5419022f9c8fb472cc421bbc29dbbd1 
Number of updated asset objects reloaded before import = 0
Number of asset objects unloaded after import = 0
========================================================================
Received Import Request.
  Time of request: 2026-10-01T08:15:28.1809524Z
  Time since last request: 0.0003293 seconds.
  importAddress: GUID: 0847ede07bfcf48febf0ee419108949e - Path: Packages/com.unity.visualscripting/Runtime/VisualScripting.Flow/Framework/Events/Physics2D/TriggerEvent2DUnit.cs - Importer: ScriptedImporter/UnityEditor.QuickSearchModule:UnityEditor.Search:ASIAI0B
Importing 'GUID: 0847ede07bfcf48febf0ee419108949e - Path: Packages/com.unity.visualscripting/Runtime/VisualScripting.Flow/Framework/Events/Physics2D/TriggerEvent2DUnit.cs - Importer: ScriptedImporter/UnityEditor.QuickSearchModule:UnityEditor.Search:ASIAI0B' with importer (ScriptedImporter : UnityEditor.QuickSearchModule:UnityEditor.Search:ASIAI0B)
Imported 'GUID: 0847ede07bfcf48febf0ee419108949e' -> (Import Result ID: '54cf08783e1b8332ef614145ea0e2c43') in 0.002 seconds [static and dynamic dependencies]. Details - ImportResultOutputID=aa8b9ca5a2337bce2bf426fe576c7941 DependenciesID=cb13a6cc5a71886f1a36419465cde3a5 StaticDependenciesID=253038bc19eb867bf1e4024458c42e3e 
Number of updated asset objects reloaded before import = 0
Number of asset objects unloaded after import = 0
========================================================================
Received Import Request.
  Time of request: 2026-10-01T08:15:28.214949Z
  Time since last request: 0.0234927 seconds.
  importAddress: GUID: 00c6b8a0c75cc4975bf92e13d746066e - Path: Packages/com.unity.visualscripting/Runtime/VisualScripting.Flow/Framework/Variables/Obsolete/IApplicationVariableUnit.cs - Importer: ScriptedImporter/UnityEditor.QuickSearchModule:UnityEditor.Search:ASIAI0B
Importing 'GUID: 00c6b8a0c75cc4975bf92e13d746066e - Path: Packages/com.unity.visualscripting/Runtime/VisualScripting.Flow/Framework/Variables/Obsolete/IApplicationVariableUnit.cs - Importer: ScriptedImporter/UnityEditor.QuickSearchModule:UnityEditor.Search:ASIAI0B' with importer (ScriptedImporter : UnityEditor.QuickSearchModule:UnityEditor.Search:ASIAI0B)
Imported 'GUID: 00c6b8a0c75cc4975bf92e13d746066e' -> (Import Result ID: '337329799d764266a471f4115ce95201') in 0.002 seconds [static and dynamic dependencies]. Details - ImportResultOutputID=f767af4d1a08ee7182d9c82d341f9f84 DependenciesID=9881bf8288ec6df267e1bcf1c4637fc4 StaticDependenciesID=7bc57ba793bcf06bff18197706303e3b 
Number of updated asset objects reloaded before import = 0
Number of asset objects unloaded after import = 0
========================================================================
Received Import Request.
  Time of request: 2026-10-01T08:15:28.2253605Z
  Time since last request: 0.0003099 seconds.
  importAddress: GUID: c476b094afb4a486b8a9351527dd9506 - Path: Packages/com.unity.visualscripting/Runtime/VisualScripting.Flow/Framework/Variables/Obsolete/GetObjectVariable.cs - Importer: ScriptedImporter/UnityEditor.QuickSearchModule:UnityEditor.Search:ASIAI0B
Importing 'GUID: c476b094afb4a486b8a9351527dd9506 - Path: Packages/com.unity.visualscripting/Runtime/VisualScripting.Flow/Framework/Variables/Obsolete/GetObjectVariable.cs - Importer: ScriptedImporter/UnityEditor.QuickSearchModule:UnityEditor.Search:ASIAI0B' with importer (ScriptedImporter : UnityEditor.QuickSearchModule:UnityEditor.Search:ASIAI0B)
Imported 'GUID: c476b094afb4a486b8a9351527dd9506' -> (Import Result ID: '2d0b99e4a002c374e407d47dddc7c8ac') in 0.002 seconds [static and dynamic dependencies]. Details - ImportResultOutputID=ea7d7a7ed75378955739ba4ef9400ac8 DependenciesID=8c3297abdbe564f3193fa7532be46bad StaticDependenciesID=c977f4e57f29f1e4a61a8014e5cb30c3 
Number of updated asset objects reloaded before import = 0
Number of asset objects unloaded after import = 0
========================================================================
Received Import Request.
  Time of request: 2026-10-01T08:15:28.2357417Z
  Time since last request: 0.0004157 seconds.
  importAddress: GUID: 9cfeafc6c3a8a4892af70f6250efaa62 - Path: Packages/com.unity.visualscripting/Runtime/VisualScripting.Flow/Framework/Math/Vector3/Vector3Average.cs - Importer: ScriptedImporter/UnityEditor.QuickSearchModule:UnityEditor.Search:ASIAI0B
Importing 'GUID: 9cfeafc6c3a8a4892af70f6250efaa62 - Path: Packages/com.unity.visualscripting/Runtime/VisualScripting.Flow/Framework/Math/Vector3/Vector3Average.cs - Importer: ScriptedImporter/UnityEditor.QuickSearchModule:UnityEditor.Search:ASIAI0B' with importer (ScriptedImporter : UnityEditor.QuickSearchModule:UnityEditor.Search:ASIAI0B)
Imported 'GUID: 9cfeafc6c3a8a4892af70f6250efaa62' -> (Import Result ID: '49e0109c0155d572c57c1291df7cdda2') in 0.002 seconds [static and dynamic dependencies]. Details - ImportResultOutputID=a61e7ce191f9d62f5c95bc90f7a418e5 DependenciesID=14ef0e5f92d64aa561f27e1dbdbcba7d StaticDependenciesID=3ef10079d01abeb5a95bdf777ef13136 
Number of updated asset objects reloaded before import = 0
Number of asset objects unloaded after import = 0
========================================================================
Received Import Request.
  Time of request: 2026-10-01T08:15:28.2459479Z
  Time since last request: 0.0006975 seconds.
  importAddress: GUID: 05bf904a68e3048ad97d95a4e0dc09d4 - Path: Packages/com.unity.visualscripting/Runtime/VisualScripting.Flow/Framework/Variables/Obsolete/ISceneVariableUnit.cs - Importer: ScriptedImporter/UnityEditor.QuickSearchModule:UnityEditor.Search:ASIAI0B
Importing 'GUID: 05bf904a68e3048ad97d95a4e0dc09d4 - Path: Packages/com.unity.visualscripting/Runtime/VisualScripting.Flow/Framework/Variables/Obsolete/ISceneVariableUnit.cs - Importer: ScriptedImporter/UnityEditor.QuickSearchModule:UnityEditor.Search:ASIAI0B' with importer (ScriptedImporter : UnityEditor.QuickSearchModule:UnityEditor.Search:ASIAI0B)
Imported 'GUID: 05bf904a68e3048ad97d95a4e0dc09d4' -> (Import Result ID: '01d834138cc5388c132099005ae7417a') in 0.002 seconds [static and dynamic dependencies]. Details - ImportResultOutputID=de38c1e5cefddf2b8e9e8a10b35db276 DependenciesID=fee0024248ca4e276c6399c681265f96 StaticDependenciesID=bba72e6390da17a53ca2ddb238e39aef 
Number of updated asset objects reloaded before import = 0
Number of asset objects unloaded after import = 0
========================================================================
Received Import Request.
  Time of request: 2026-10-01T08:15:28.2563941Z
  Time since last request: 0.000314 seconds.
  importAddress: GUID: 0477178b781c14585ab8bdf5de793c55 - Path: Packages/com.unity.visualscripting/Runtime/VisualScripting.Flow/Framework/Math/Vector3/Vector3Angle.cs - Importer: ScriptedImporter/UnityEditor.QuickSearchModule:UnityEditor.Search:ASIAI0B
Importing 'GUID: 0477178b781c14585ab8bdf5de793c55 - Path: Packages/com.unity.visualscripting/Runtime/VisualScripting.Flow/Framework/Math/Vector3/Vector3Angle.cs - Importer: ScriptedImporter/UnityEditor.QuickSearchModule:UnityEditor.Search:ASIAI0B' with importer (ScriptedImporter : UnityEditor.QuickSearchModule:UnityEditor.Search:ASIAI0B)
Imported 'GUID: 0477178b781c14585ab8bdf5de793c55' -> (Import Result ID: '953df7fb4ec5ce0c064caacee908cf55') in 0.002 seconds [static and dynamic dependencies]. Details - ImportResultOutputID=dc6e2015e3e2ed27cfd62f1584826893 DependenciesID=0fcdca5b97d0371ff0259edd0c331b2c StaticDependenciesID=3e4587eab36d0c011b718ebeb3698628 
Number of updated asset objects reloaded before import = 0
Number of asset objects unloaded after import = 0
========================================================================
Received Import Request.
  Time of request: 2026-10-01T08:15:28.2667686Z
  Time since last request: 0.0003769 seconds.
  importAddress: GUID: 199c31d6f4c504929b9b2db6bd0e6fc6 - Path: Packages/com.unity.visualscripting/Runtime/VisualScripting.Flow/Framework/Variables/Obsolete/ISavedVariableUnit.cs - Importer: ScriptedImporter/UnityEditor.QuickSearchModule:UnityEditor.Search:ASIAI0B
Importing 'GUID: 199c31d6f4c504929b9b2db6bd0e6fc6 - Path: Packages/com.unity.visualscripting/Runtime/VisualScripting.Flow/Framework/Variables/Obsolete/ISavedVariableUnit.cs - Importer: ScriptedImporter/UnityEditor.QuickSearchModule:UnityEditor.Search:ASIAI0B' with importer (ScriptedImporter : UnityEditor.QuickSearchModule:UnityEditor.Search:ASIAI0B)
Imported 'GUID: 199c31d6f4c504929b9b2db6bd0e6fc6' -> (Import Result ID: '978eab85c60e8902b87893da6a16f612') in 0.002 seconds [static and dynamic dependencies]. Details - ImportResultOutputID=ff9c3ccb07685b8aedfeeef66b6c8a37 DependenciesID=31d3aa50466bd4c1c51aaccc269010b5 StaticDependenciesID=a836302acf0d433f50d2b5f2389e599f 
Number of updated asset objects reloaded before import = 0
Number of asset objects unloaded after import = 0
========================================================================
Received Import Request.
  Time of request: 2026-10-01T08:15:28.2779263Z
  Time since last request: 0.0004663 seconds.
  importAddress: GUID: e9117410724d440ecbabf38cd535ca29 - Path: Packages/com.unity.visualscripting/Runtime/VisualScripting.Flow/Framework/Math/Vector3/Vector3Maximum.cs - Importer: ScriptedImporter/UnityEditor.QuickSearchModule:UnityEditor.Search:ASIAI0B
Importing 'GUID: e9117410724d440ecbabf38cd535ca29 - Path: Packages/com.unity.visualscripting/Runtime/VisualScripting.Flow/Framework/Math/Vector3/Vector3Maximum.cs - Importer: ScriptedImporter/UnityEditor.QuickSearchModule:UnityEditor.Search:ASIAI0B' with importer (ScriptedImporter : UnityEditor.QuickSearchModule:UnityEditor.Search:ASIAI0B)
Imported 'GUID: e9117410724d440ecbabf38cd535ca29' -> (Import Result ID: '07974809081efb52f92d4499f3ae4649') in 0.002 seconds [static and dynamic dependencies]. Details - ImportResultOutputID=9668fcd2f9d54d5ae30250dd33b57862 DependenciesID=91393bce17fb7fedd65f36240b40db4e StaticDependenciesID=6852034288ba564b85656432ec646145 
Number of updated asset objects reloaded before import = 0
Number of asset objects unloaded after import = 0
========================================================================
Received Import Request.
  Time of request: 2026-10-01T08:15:28.301808Z
  Time since last request: 0.0122499 seconds.
  importAddress: GUID: b185b14d428805c46aceb7c663825b2d - Path: Packages/com.unity.timeline/Editor/Actions/ActionManager.cs - Importer: ScriptedImporter/UnityEditor.QuickSearchModule:UnityEditor.Search:ASIAI0B
Importing 'GUID: b185b14d428805c46aceb7c663825b2d - Path: Packages/com.unity.timeline/Editor/Actions/ActionManager.cs - Importer: ScriptedImporter/UnityEditor.QuickSearchModule:UnityEditor.Search:ASIAI0B' with importer (ScriptedImporter : UnityEditor.QuickSearchModule:UnityEditor.Search:ASIAI0B)
Imported 'GUID: b185b14d428805c46aceb7c663825b2d' -> (Import Result ID: '0cfdb601885be17aacc61cdc2569f33f') in 0.002 seconds [static and dynamic dependencies]. Details - ImportResultOutputID=ceb01b5858cbd831237a7c4164b73610 DependenciesID=19cd439e12250619b9e9742d472c57c2 StaticDependenciesID=0395c218cf432aeadabcf153db7227f9 
Number of updated asset objects reloaded before import = 0
Number of asset objects unloaded after import = 0
========================================================================
Received Import Request.
  Time of request: 2026-10-01T08:15:28.3129705Z
  Time since last request: 0.0004146 seconds.
  importAddress: GUID: c375abf85cf9e42a0b84b8a8449cdeae - Path: Packages/com.unity.visualscripting/Runtime/VisualScripting.Core/Dependencies/FullSerializer/Converters/Unity/Gradient_DirectConverter.cs - Importer: ScriptedImporter/UnityEditor.QuickSearchModule:UnityEditor.Search:ASIAI0B
Importing 'GUID: c375abf85cf9e42a0b84b8a8449cdeae - Path: Packages/com.unity.visualscripting/Runtime/VisualScripting.Core/Dependencies/FullSerializer/Converters/Unity/Gradient_DirectConverter.cs - Importer: ScriptedImporter/UnityEditor.QuickSearchModule:UnityEditor.Search:ASIAI0B' with importer (ScriptedImporter : UnityEditor.QuickSearchModule:UnityEditor.Search:ASIAI0B)
Imported 'GUID: c375abf85cf9e42a0b84b8a8449cdeae' -> (Import Result ID: '33d6a2cacd987237245a59065b0acfc5') in 0.002 seconds [static and dynamic dependencies]. Details - ImportResultOutputID=02b6116879d1cd50b2b9bd8f0ca08739 DependenciesID=52d247d642e04fd23863afd6de67fbe4 StaticDependenciesID=305a7a4caa12ca2ec6a92646efa03046 
Number of updated asset objects reloaded before import = 0
Number of asset objects unloaded after import = 0
========================================================================
Received Import Request.
  Time of request: 2026-10-01T08:15:28.3248654Z
  Time since last request: 0.0002919 seconds.
  importAddress: GUID: 7f819e9b71fcc40da8cab6328e655887 - Path: Packages/com.unity.visualscripting/Runtime/VisualScripting.Core/Dependencies/FullSerializer/Converters/Unity/Rect_DirectConverter.cs - Importer: ScriptedImporter/UnityEditor.QuickSearchModule:UnityEditor.Search:ASIAI0B
Importing 'GUID: 7f819e9b71fcc40da8cab6328e655887 - Path: Packages/com.unity.visualscripting/Runtime/VisualScripting.Core/Dependencies/FullSerializer/Converters/Unity/Rect_DirectConverter.cs - Importer: ScriptedImporter/UnityEditor.QuickSearchModule:UnityEditor.Search:ASIAI0B' with importer (ScriptedImporter : UnityEditor.QuickSearchModule:UnityEditor.Search:ASIAI0B)
Imported 'GUID: 7f819e9b71fcc40da8cab6328e655887' -> (Import Result ID: '0164e14eb935fb860da0174a6d25a997') in 0.002 seconds [static and dynamic dependencies]. Details - ImportResultOutputID=8d851bc6ec9179d4ac67fbdb91555b26 DependenciesID=1709a3264a6454ab458b71a5716e03d7 StaticDependenciesID=68104cd27d93b062a469fd5feba3b6b4 
Number of updated asset objects reloaded before import = 0
Number of asset objects unloaded after import = 0
========================================================================
Received Import Request.
  Time of request: 2026-10-01T08:15:28.334319Z
  Time since last request: 0.000223 seconds.
  importAddress: GUID: 953fab16d15d5885b3600fcd6388b2ad - Path: Packages/com.unity.modules.imageconversion/package.json - Importer: ScriptedImporter/UnityEditor.QuickSearchModule:UnityEditor.Search:ASIAI0B
Importing 'GUID: 953fab16d15d5885b3600fcd6388b2ad - Path: Packages/com.unity.modules.imageconversion/package.json - Importer: ScriptedImporter/UnityEditor.QuickSearchModule:UnityEditor.Search:ASIAI0B' with importer (ScriptedImporter : UnityEditor.QuickSearchModule:UnityEditor.Search:ASIAI0B)
Imported 'GUID: 953fab16d15d5885b3600fcd6388b2ad' -> (Import Result ID: '85096d057bbcadd720c2088c8ec7c752') in 0.002 seconds [static and dynamic dependencies]. Details - ImportResultOutputID=7873d4a7deb54ef5ab3268a617c9b3b1 DependenciesID=73730c45f76fd389704aecfffe30f3b8 StaticDependenciesID=77b77da71dcbb1496dbb36b8f9eee917 
Number of updated asset objects reloaded before import = 0
Number of asset objects unloaded after import = 1
========================================================================
Received Import Request.
  Time of request: 2026-10-01T08:15:28.3446516Z
  Time since last request: 0.0002707 seconds.
  importAddress: GUID: 22899211c24eeb248b22704499dd108f - Path: Packages/com.unity.timeline/Editor/Trackhead.cs - Importer: ScriptedImporter/UnityEditor.QuickSearchModule:UnityEditor.Search:ASIAI0B
Importing 'GUID: 22899211c24eeb248b22704499dd108f - Path: Packages/com.unity.timeline/Editor/Trackhead.cs - Importer: ScriptedImporter/UnityEditor.QuickSearchModule:UnityEditor.Search:ASIAI0B' with importer (ScriptedImporter : UnityEditor.QuickSearchModule:UnityEditor.Search:ASIAI0B)
Imported 'GUID: 22899211c24eeb248b22704499dd108f' -> (Import Result ID: 'a56f7fd445437f03744b83a2d8035c8e') in 0.002 seconds [static and dynamic dependencies]. Details - ImportResultOutputID=17431be57d8c9c21dadeb40776c538e0 DependenciesID=d9085670c1e25971df898fd92d8e3507 StaticDependenciesID=43ae6b093c4c925966de2b8d62b56825 
Number of updated asset objects reloaded before import = 0
Number of asset objects unloaded after import = 0
========================================================================
Received Import Request.
  Time of request: 2026-10-01T08:15:28.3549086Z
  Time since last request: 0.0003417 seconds.
  importAddress: GUID: 87d4a5472eeb90c42adb81dd8a4f18dd - Path: Packages/com.unity.visualscripting/Runtime/VisualScripting.Core/Dependencies/FullSerializer/Converters/Unity/InputAction_DirectConverter.cs - Importer: ScriptedImporter/UnityEditor.QuickSearchModule:UnityEditor.Search:ASIAI0B
Importing 'GUID: 87d4a5472eeb90c42adb81dd8a4f18dd - Path: Packages/com.unity.visualscripting/Runtime/VisualScripting.Core/Dependencies/FullSerializer/Converters/Unity/InputAction_DirectConverter.cs - Importer: ScriptedImporter/UnityEditor.QuickSearchModule:UnityEditor.Search:ASIAI0B' with importer (ScriptedImporter : UnityEditor.QuickSearchModule:UnityEditor.Search:ASIAI0B)
Imported 'GUID: 87d4a5472eeb90c42adb81dd8a4f18dd' -> (Import Result ID: '64c761df4e539a0949e7adfd9b4cdda8') in 0.003 seconds [static and dynamic dependencies]. Details - ImportResultOutputID=d7f8a20aff6ecea571a221d1f117be80 DependenciesID=03d5f55af1d6fba538607b98ed17671a StaticDependenciesID=fcd1accb0eb1564e26fbda6a355157d1 
Number of updated asset objects reloaded before import = 0
Number of asset objects unloaded after import = 0
========================================================================
Received Import Request.
  Time of request: 2026-10-01T08:15:28.3704034Z
  Time since last request: 0.0046806 seconds.
  importAddress: GUID: 9685354eb873b8d4699078b307b0f260 - Path: Packages/com.unity.timeline/Editor/Animation/TimelineAnimationUtilities.cs - Importer: ScriptedImporter/UnityEditor.QuickSearchModule:UnityEditor.Search:ASIAI0B
Importing 'GUID: 9685354eb873b8d4699078b307b0f260 - Path: Packages/com.unity.timeline/Editor/Animation/TimelineAnimationUtilities.cs - Importer: ScriptedImporter/UnityEditor.QuickSearchModule:UnityEditor.Search:ASIAI0B' with importer (ScriptedImporter : UnityEditor.QuickSearchModule:UnityEditor.Search:ASIAI0B)
Imported 'GUID: 9685354eb873b8d4699078b307b0f260' -> (Import Result ID: 'ecfba47dbb91e603bc9066f1dcbf0e2b') in 0.002 seconds [static and dynamic dependencies]. Details - ImportResultOutputID=21249f7a34821e21498d0d6713effa62 DependenciesID=be8ccbc37cf6f93808e8ed16d9af01fa StaticDependenciesID=940cdab2f6cf78b504eb77e4ede9a38c 
Number of updated asset objects reloaded before import = 0
Number of asset objects unloaded after import = 0
========================================================================
Received Import Request.
  Time of request: 2026-10-01T08:15:28.3835653Z
  Time since last request: 0.0004625 seconds.
  importAddress: GUID: b5489bb3cd68836439785588fffc67a4 - Path: Packages/com.unity.timeline/Editor/ControlTrack/ControlPlayableAssetEditor.cs - Importer: ScriptedImporter/UnityEditor.QuickSearchModule:UnityEditor.Search:ASIAI0B
Importing 'GUID: b5489bb3cd68836439785588fffc67a4 - Path: Packages/com.unity.timeline/Editor/ControlTrack/ControlPlayableAssetEditor.cs - Importer: ScriptedImporter/UnityEditor.QuickSearchModule:UnityEditor.Search:ASIAI0B' with importer (ScriptedImporter : UnityEditor.QuickSearchModule:UnityEditor.Search:ASIAI0B)
Imported 'GUID: b5489bb3cd68836439785588fffc67a4' -> (Import Result ID: 'a7ca2dbbb4614350a9957855d47cf1ce') in 0.002 seconds [static and dynamic dependencies]. Details - ImportResultOutputID=d10055c639507cf36a4c57bd5518fc5f DependenciesID=99431c104982fed6ff9d8ea877b34038 StaticDependenciesID=12aee611e8d088640bd63b1eb168e316 
Number of updated asset objects reloaded before import = 0
Number of asset objects unloaded after import = 0
========================================================================
Received Import Request.
  Time of request: 2026-10-01T08:15:28.393728Z
  Time since last request: 0.0003663 seconds.
  importAddress: GUID: 3c09dc5cd0a70cf40856b7d406106ee1 - Path: Packages/com.unity.timeline/Editor/Animation/BindingTreeViewDataSourceGUI.cs - Importer: ScriptedImporter/UnityEditor.QuickSearchModule:UnityEditor.Search:ASIAI0B
Importing 'GUID: 3c09dc5cd0a70cf40856b7d406106ee1 - Path: Packages/com.unity.timeline/Editor/Animation/BindingTreeViewDataSourceGUI.cs - Importer: ScriptedImporter/UnityEditor.QuickSearchModule:UnityEditor.Search:ASIAI0B' with importer (ScriptedImporter : UnityEditor.QuickSearchModule:UnityEditor.Search:ASIAI0B)
Imported 'GUID: 3c09dc5cd0a70cf40856b7d406106ee1' -> (Import Result ID: '9c51516e58d3c7a5826cdcf1f85e724b') in 0.002 seconds [static and dynamic dependencies]. Details - ImportResultOutputID=1470dfcbd81f85b4e08bbfa1cf8afbfc DependenciesID=f7c3682099341bd583cf662024273ccb StaticDependenciesID=bc6280e22ccff46b43c8478fa19fd964 
Number of updated asset objects reloaded before import = 0
Number of asset objects unloaded after import = 0
========================================================================
Received Import Request.
  Time of request: 2026-10-01T08:15:28.4039854Z
  Time since last request: 0.0002521 seconds.
  importAddress: GUID: fb461734117c80c43ab595d699f801eb - Path: Packages/com.unity.timeline/Editor/inspectors/MarkerInspector.cs - Importer: ScriptedImporter/UnityEditor.QuickSearchModule:UnityEditor.Search:ASIAI0B
Importing 'GUID: fb461734117c80c43ab595d699f801eb - Path: Packages/com.unity.timeline/Editor/inspectors/MarkerInspector.cs - Importer: ScriptedImporter/UnityEditor.QuickSearchModule:UnityEditor.Search:ASIAI0B' with importer (ScriptedImporter : UnityEditor.QuickSearchModule:UnityEditor.Search:ASIAI0B)
Imported 'GUID: fb461734117c80c43ab595d699f801eb' -> (Import Result ID: 'c3b7887f2fbc1390691c999809095d14') in 0.002 seconds [static and dynamic dependencies]. Details - ImportResultOutputID=45d2ec37f351fc01877af06feb9fe008 DependenciesID=cdf6ce293c6a1fcd9cc140c699d950cb StaticDependenciesID=78bc45f5d012645f475cef6f84a64787 
Number of updated asset objects reloaded before import = 0
Number of asset objects unloaded after import = 0
========================================================================
Received Import Request.
  Time of request: 2026-10-01T08:15:28.4139498Z
  Time since last request: 0.0002842 seconds.
  importAddress: GUID: e6870f707805737429a719f575621041 - Path: Packages/com.unity.timeline/Editor/Attributes/MenuEntryAttribute.cs - Importer: ScriptedImporter/UnityEditor.QuickSearchModule:UnityEditor.Search:ASIAI0B
Importing 'GUID: e6870f707805737429a719f575621041 - Path: Packages/com.unity.timeline/Editor/Attributes/MenuEntryAttribute.cs - Importer: ScriptedImporter/UnityEditor.QuickSearchModule:UnityEditor.Search:ASIAI0B' with importer (ScriptedImporter : UnityEditor.QuickSearchModule:UnityEditor.Search:ASIAI0B)
Imported 'GUID: e6870f707805737429a719f575621041' -> (Import Result ID: '8fe7e0ec2f8335db4e3c6713727680a6') in 0.002 seconds [static and dynamic dependencies]. Details - ImportResultOutputID=9dc1807fc95e2d9a2c3719362f2580bf DependenciesID=c89c8889f11c48d2c0b6c942a2e03542 StaticDependenciesID=a78c416e060047aa7879464c4f0e25f9 
Number of updated asset objects reloaded before import = 0
Number of asset objects unloaded after import = 0
========================================================================
Received Import Request.
  Time of request: 2026-10-01T08:15:28.4247961Z
  Time since last request: 0.0002083 seconds.
  importAddress: GUID: 0939c83f40ef46e584340aa87b3cadfe - Path: Packages/com.unity.timeline/Editor/Actions/IMenuChecked.cs - Importer: ScriptedImporter/UnityEditor.QuickSearchModule:UnityEditor.Search:ASIAI0B
Importing 'GUID: 0939c83f40ef46e584340aa87b3cadfe - Path: Packages/com.unity.timeline/Editor/Actions/IMenuChecked.cs - Importer: ScriptedImporter/UnityEditor.QuickSearchModule:UnityEditor.Search:ASIAI0B' with importer (ScriptedImporter : UnityEditor.QuickSearchModule:UnityEditor.Search:ASIAI0B)
Imported 'GUID: 0939c83f40ef46e584340aa87b3cadfe' -> (Import Result ID: 'c01aabe5a1b2c704b2dd60e54906e4b3') in 0.002 seconds [static and dynamic dependencies]. Details - ImportResultOutputID=8765cc138aa3fee1a2ef8af9fe2a05f8 DependenciesID=bc01a91ffeda6bf78a9d3e01f7b24709 StaticDependenciesID=c20c0683cd9dd70b3b0da54ce85db161 
Number of updated asset objects reloaded before import = 0
Number of asset objects unloaded after import = 0
========================================================================
Received Import Request.
  Time of request: 2026-10-01T08:15:28.4360306Z
  Time since last request: 0.0005661 seconds.
  importAddress: GUID: 4fbcc9b1f6ace8c4f8724a88dccca5f8 - Path: Packages/com.unity.timeline/Editor/Activation/ActivationTrackEditor.cs - Importer: ScriptedImporter/UnityEditor.QuickSearchModule:UnityEditor.Search:ASIAI0B
Importing 'GUID: 4fbcc9b1f6ace8c4f8724a88dccca5f8 - Path: Packages/com.unity.timeline/Editor/Activation/ActivationTrackEditor.cs - Importer: ScriptedImporter/UnityEditor.QuickSearchModule:UnityEditor.Search:ASIAI0B' with importer (ScriptedImporter : UnityEditor.QuickSearchModule:UnityEditor.Search:ASIAI0B)
Imported 'GUID: 4fbcc9b1f6ace8c4f8724a88dccca5f8' -> (Import Result ID: '5b8b10113be450c047b2a02b39fd5819') in 0.002 seconds [static and dynamic dependencies]. Details - ImportResultOutputID=cbd9e4ff56a97db9d5fe39e7088cc4bc DependenciesID=336770e59bf918d04c46df07f0b7bf76 StaticDependenciesID=b66bf8e0c31986f783b34d5c4e5bc917 
Number of updated asset objects reloaded before import = 0
Number of asset objects unloaded after import = 0
========================================================================
Received Import Request.
  Time of request: 2026-10-01T08:15:28.4573429Z
  Time since last request: 0.0120759 seconds.
  importAddress: GUID: fcd66bf74cbeb264aa99679c7df84427 - Path: Packages/com.unity.timeline/Editor/treeview/TimelineDragging.cs - Importer: ScriptedImporter/UnityEditor.QuickSearchModule:UnityEditor.Search:ASIAI0B
Importing 'GUID: fcd66bf74cbeb264aa99679c7df84427 - Path: Packages/com.unity.timeline/Editor/treeview/TimelineDragging.cs - Importer: ScriptedImporter/UnityEditor.QuickSearchModule:UnityEditor.Search:ASIAI0B' with importer (ScriptedImporter : UnityEditor.QuickSearchModule:UnityEditor.Search:ASIAI0B)
Imported 'GUID: fcd66bf74cbeb264aa99679c7df84427' -> (Import Result ID: '6011ae891662224781fbadb9587c266f') in 0.002 seconds [static and dynamic dependencies]. Details - ImportResultOutputID=30a912563e17290dc2f69ce685702e8c DependenciesID=0f16d86aeba78382c4c06291d3a96c2f StaticDependenciesID=b1b7a96636455e61bcb8ca481a6c0874 
Number of updated asset objects reloaded before import = 0
Number of asset objects unloaded after import = 0
========================================================================
Received Import Request.
  Time of request: 2026-10-01T08:15:28.4675679Z
  Time since last request: 0.0004936 seconds.
  importAddress: GUID: df8df80bb65e9ec4280229a9921c4f3c - Path: Packages/com.unity.timeline/Editor/State/WindowState.cs - Importer: ScriptedImporter/UnityEditor.QuickSearchModule:UnityEditor.Search:ASIAI0B
Importing 'GUID: df8df80bb65e9ec4280229a9921c4f3c - Path: Packages/com.unity.timeline/Editor/State/WindowState.cs - Importer: ScriptedImporter/UnityEditor.QuickSearchModule:UnityEditor.Search:ASIAI0B' with importer (ScriptedImporter : UnityEditor.QuickSearchModule:UnityEditor.Search:ASIAI0B)
Imported 'GUID: df8df80bb65e9ec4280229a9921c4f3c' -> (Import Result ID: '90297615283a7c72f266bef52193e276') in 0.002 seconds [static and dynamic dependencies]. Details - ImportResultOutputID=f5861790cf41e68971fa24fd18f9991f DependenciesID=4620d90f9ba336fda0245d4ad1962a8b StaticDependenciesID=ea5a1dd3211b2a1276c91713f34f754d 
Number of updated asset objects reloaded before import = 0
Number of asset objects unloaded after import = 0
========================================================================
Received Import Request.
  Time of request: 2026-10-01T08:15:28.477757Z
  Time since last request: 0.0003734 seconds.
  importAddress: GUID: 02e1fe0a338b35545a5fed1345848332 - Path: Packages/com.unity.timeline/Editor/Manipulators/TimeAreaAutoPanner.cs - Importer: ScriptedImporter/UnityEditor.QuickSearchModule:UnityEditor.Search:ASIAI0B
Importing 'GUID: 02e1fe0a338b35545a5fed1345848332 - Path: Packages/com.unity.timeline/Editor/Manipulators/TimeAreaAutoPanner.cs - Importer: ScriptedImporter/UnityEditor.QuickSearchModule:UnityEditor.Search:ASIAI0B' with importer (ScriptedImporter : UnityEditor.QuickSearchModule:UnityEditor.Search:ASIAI0B)
Imported 'GUID: 02e1fe0a338b35545a5fed1345848332' -> (Import Result ID: 'f62c5b90530d5ecf0fc8d424d84f3c82') in 0.002 seconds [static and dynamic dependencies]. Details - ImportResultOutputID=821711c40a2018a3078a4d1d4252676b DependenciesID=9161d16206873096e23008111fab09e4 StaticDependenciesID=e875cacb9ffa327fde9c24ccfffe8a69 
Number of updated asset objects reloaded before import = 0
Number of asset objects unloaded after import = 0
========================================================================
Received Import Request.
  Time of request: 2026-10-01T08:15:28.4890961Z
  Time since last request: 0.0003476 seconds.
  importAddress: GUID: d029640460cf8ff47bbbfe69f49ddf29 - Path: Packages/com.unity.timeline/Editor/treeview/ManipulationsTimeline.cs - Importer: ScriptedImporter/UnityEditor.QuickSearchModule:UnityEditor.Search:ASIAI0B
Importing 'GUID: d029640460cf8ff47bbbfe69f49ddf29 - Path: Packages/com.unity.timeline/Editor/treeview/ManipulationsTimeline.cs - Importer: ScriptedImporter/UnityEditor.QuickSearchModule:UnityEditor.Search:ASIAI0B' with importer (ScriptedImporter : UnityEditor.QuickSearchModule:UnityEditor.Search:ASIAI0B)
Imported 'GUID: d029640460cf8ff47bbbfe69f49ddf29' -> (Import Result ID: '4679289ddb4c0fb71ae7b609504f3c1c') in 0.002 seconds [static and dynamic dependencies]. Details - ImportResultOutputID=2e277fe3be4f1fa49d9f98235bff8c55 DependenciesID=fb5660e15703b9f1d8b8846cb49cfcd4 StaticDependenciesID=5b149a0279c49cad31d38df2f3dfc314 
Number of updated asset objects reloaded before import = 0
Number of asset objects unloaded after import = 0
========================================================================
Received Import Request.
  Time of request: 2026-10-01T08:15:28.4993901Z
  Time since last request: 0.0002378 seconds.
  importAddress: GUID: 7db6186effeb4d159963cad6defd26e5 - Path: Packages/com.unity.timeline/Editor/Manipulators/HeaderSplitterManipulator.cs - Importer: ScriptedImporter/UnityEditor.QuickSearchModule:UnityEditor.Search:ASIAI0B
Importing 'GUID: 7db6186effeb4d159963cad6defd26e5 - Path: Packages/com.unity.timeline/Editor/Manipulators/HeaderSplitterManipulator.cs - Importer: ScriptedImporter/UnityEditor.QuickSearchModule:UnityEditor.Search:ASIAI0B' with importer (ScriptedImporter : UnityEditor.QuickSearchModule:UnityEditor.Search:ASIAI0B)
Imported 'GUID: 7db6186effeb4d159963cad6defd26e5' -> (Import Result ID: '58c16b6c1892201c9c378aec615a512e') in 0.002 seconds [static and dynamic dependencies]. Details - ImportResultOutputID=766f8e3467e295710d0f2b05bca29304 DependenciesID=3e1d12745f068784ce00b46dca5e0ed3 StaticDependenciesID=ff7be7cd236624f496ace061df9d2b97 
Number of updated asset objects reloaded before import = 0
Number of asset objects unloaded after import = 0
========================================================================
Received Import Request.
  Time of request: 2026-10-01T08:15:28.5090185Z
  Time since last request: 0.0002112 seconds.
  importAddress: GUID: 2cb1ca12d228148318e1a7d8cc441147 - Path: Packages/com.unity.timeline/Editor/Localization/ja.po - Importer: ScriptedImporter/UnityEditor.QuickSearchModule:UnityEditor.Search:ASIAI0B
Importing 'GUID: 2cb1ca12d228148318e1a7d8cc441147 - Path: Packages/com.unity.timeline/Editor/Localization/ja.po - Importer: ScriptedImporter/UnityEditor.QuickSearchModule:UnityEditor.Search:ASIAI0B' with importer (ScriptedImporter : UnityEditor.QuickSearchModule:UnityEditor.Search:ASIAI0B)
Imported 'GUID: 2cb1ca12d228148318e1a7d8cc441147' -> (Import Result ID: '700b119de2dd7da373077ca6a63ede47') in 0.003 seconds [static and dynamic dependencies]. Details - ImportResultOutputID=22ceb7b9b5656726488faaf903f12717 DependenciesID=be57ba3b17a1c096a3e40eedf98b0cff StaticDependenciesID=b22e01aefd882f92e2eabfa8ab21c371 
Number of updated asset objects reloaded before import = 0
Number of asset objects unloaded after import = 1
========================================================================
Received Import Request.
  Time of request: 2026-10-01T08:15:28.520365Z
  Time since last request: 0.0003581 seconds.
  importAddress: GUID: b0eeee3cdfa56734abca5c1a4e7989ba - Path: Packages/com.unity.timeline/Editor/Utilities/ClipModifier.cs - Importer: ScriptedImporter/UnityEditor.QuickSearchModule:UnityEditor.Search:ASIAI0B
Importing 'GUID: b0eeee3cdfa56734abca5c1a4e7989ba - Path: Packages/com.unity.timeline/Editor/Utilities/ClipModifier.cs - Importer: ScriptedImporter/UnityEditor.QuickSearchModule:UnityEditor.Search:ASIAI0B' with importer (ScriptedImporter : UnityEditor.QuickSearchModule:UnityEditor.Search:ASIAI0B)
Imported 'GUID: b0eeee3cdfa56734abca5c1a4e7989ba' -> (Import Result ID: 'ddae04e09b0109dd228753a50b32ad7a') in 0.002 seconds [static and dynamic dependencies]. Details - ImportResultOutputID=1cbdb1924990fbd2438e181167636696 DependenciesID=4093fef5c5c93fbbc168cb182419c313 StaticDependenciesID=7cec8b09e17d939fcc375913916262c4 
Number of updated asset objects reloaded before import = 0
Number of asset objects unloaded after import = 0
========================================================================
Received Import Request.
  Time of request: 2026-10-01T08:15:28.5325935Z
  Time since last request: 0.0026677 seconds.
  importAddress: GUID: b7abcd1a72bb7174ca58e813c6eee9c2 - Path: Packages/com.unity.timeline/Editor/Window/TimelineWindow_ActiveTimeline.cs - Importer: ScriptedImporter/UnityEditor.QuickSearchModule:UnityEditor.Search:ASIAI0B
Importing 'GUID: b7abcd1a72bb7174ca58e813c6eee9c2 - Path: Packages/com.unity.timeline/Editor/Window/TimelineWindow_ActiveTimeline.cs - Importer: ScriptedImporter/UnityEditor.QuickSearchModule:UnityEditor.Search:ASIAI0B' with importer (ScriptedImporter : UnityEditor.QuickSearchModule:UnityEditor.Search:ASIAI0B)
Imported 'GUID: b7abcd1a72bb7174ca58e813c6eee9c2' -> (Import Result ID: 'f1a76df1fbcad710caf72000884b3914') in 0.002 seconds [static and dynamic dependencies]. Details - ImportResultOutputID=54fd08e7855f9dccb9554c2071f722e1 DependenciesID=a9185fa2a1b2c10ae7e2fb4cd2b80c3f StaticDependenciesID=7486bbe2bbc83d10c390139c01973a4e 
Number of updated asset objects reloaded before import = 0
Number of asset objects unloaded after import = 0
========================================================================
Received Import Request.
  Time of request: 2026-10-01T08:15:28.5421195Z
  Time since last request: 0.0003364 seconds.
  importAddress: GUID: 25eff19ce9634557bc1b23c644c46692 - Path: Packages/com.unity.timeline/Editor/Utilities/TimeFormat.cs - Importer: ScriptedImporter/UnityEditor.QuickSearchModule:UnityEditor.Search:ASIAI0B
Importing 'GUID: 25eff19ce9634557bc1b23c644c46692 - Path: Packages/com.unity.timeline/Editor/Utilities/TimeFormat.cs - Importer: ScriptedImporter/UnityEditor.QuickSearchModule:UnityEditor.Search:ASIAI0B' with importer (ScriptedImporter : UnityEditor.QuickSearchModule:UnityEditor.Search:ASIAI0B)
Imported 'GUID: 25eff19ce9634557bc1b23c644c46692' -> (Import Result ID: 'b6c84b092871a93acf9b06bdaabdbb8e') in 0.002 seconds [static and dynamic dependencies]. Details - ImportResultOutputID=e8be7f936b8b47ab21401511a1a97fb0 DependenciesID=a7792c1bb6c6cd2e4e13807a6f9dbf62 StaticDependenciesID=2f76da567c34601f786f5dcbe423fe51 
Number of updated asset objects reloaded before import = 0
Number of asset objects unloaded after import = 0
========================================================================
Received Import Request.
  Time of request: 2026-10-01T08:15:28.5557633Z
  Time since last request: 0.000412 seconds.
  importAddress: GUID: 5c9c9f62af2efb948a1974650039e2db - Path: Packages/com.unity.timeline/Editor/Window/TimelineWindow_PreviewPlayMode.cs - Importer: ScriptedImporter/UnityEditor.QuickSearchModule:UnityEditor.Search:ASIAI0B
Importing 'GUID: 5c9c9f62af2efb948a1974650039e2db - Path: Packages/com.unity.timeline/Editor/Window/TimelineWindow_PreviewPlayMode.cs - Importer: ScriptedImporter/UnityEditor.QuickSearchModule:UnityEditor.Search:ASIAI0B' with importer (ScriptedImporter : UnityEditor.QuickSearchModule:UnityEditor.Search:ASIAI0B)
Imported 'GUID: 5c9c9f62af2efb948a1974650039e2db' -> (Import Result ID: '402657f3f3b9535525084a1af0bd4be2') in 0.002 seconds [static and dynamic dependencies]. Details - ImportResultOutputID=50ba8578bad48ffa83cd1c9e83cbae41 DependenciesID=dcdd940092b4fc112304e52039159306 StaticDependenciesID=2b27ed921ba135bf674cf6fc5bcd15fc 
Number of updated asset objects reloaded before import = 0
Number of asset objects unloaded after import = 0
========================================================================
Received Import Request.
  Time of request: 2026-10-01T08:15:28.5664509Z
  Time since last request: 0.0004252 seconds.
  importAddress: GUID: b926af22079e00e4a8c073321194cea1 - Path: Packages/com.unity.timeline/Editor/Window/TimelineWindow_StateChange.cs - Importer: ScriptedImporter/UnityEditor.QuickSearchModule:UnityEditor.Search:ASIAI0B
Importing 'GUID: b926af22079e00e4a8c073321194cea1 - Path: Packages/com.unity.timeline/Editor/Window/TimelineWindow_StateChange.cs - Importer: ScriptedImporter/UnityEditor.QuickSearchModule:UnityEditor.Search:ASIAI0B' with importer (ScriptedImporter : UnityEditor.QuickSearchModule:UnityEditor.Search:ASIAI0B)
Imported 'GUID: b926af22079e00e4a8c073321194cea1' -> (Import Result ID: '35b19a122551a6c9b5e0da2d703af945') in 0.001 seconds [static and dynamic dependencies]. Details - ImportResultOutputID=e837f9b762173e066c9ae58c795de7a7 DependenciesID=956bae7d791ddcbe66a14482db894588 StaticDependenciesID=f54a55033d7c440e46510982ab3a167a 
Number of updated asset objects reloaded before import = 0
Number of asset objects unloaded after import = 0
========================================================================
Received Import Request.
  Time of request: 2026-10-01T08:15:28.5764695Z
  Time since last request: 0.0003748 seconds.
  importAddress: GUID: f6bb32665bcc91b41a7177fd6af08ad6 - Path: Packages/com.unity.timeline/Editor/Utilities/TimeReferenceUtility.cs - Importer: ScriptedImporter/UnityEditor.QuickSearchModule:UnityEditor.Search:ASIAI0B
Importing 'GUID: f6bb32665bcc91b41a7177fd6af08ad6 - Path: Packages/com.unity.timeline/Editor/Utilities/TimeReferenceUtility.cs - Importer: ScriptedImporter/UnityEditor.QuickSearchModule:UnityEditor.Search:ASIAI0B' with importer (ScriptedImporter : UnityEditor.QuickSearchModule:UnityEditor.Search:ASIAI0B)
Imported 'GUID: f6bb32665bcc91b41a7177fd6af08ad6' -> (Import Result ID: '045b73d7ab5b068973c415541614c758') in 0.002 seconds [static and dynamic dependencies]. Details - ImportResultOutputID=aac32a50419a650e6b6e4d11b4111684 DependenciesID=ab701f88240fa19b417cdc92b1d4b31b StaticDependenciesID=95df6cf6c2741513dc2045321b0af120 
Number of updated asset objects reloaded before import = 0
Number of asset objects unloaded after import = 0
========================================================================
Received Import Request.
  Time of request: 2026-10-01T08:15:28.5866031Z
  Time since last request: 0.0002765 seconds.
  importAddress: GUID: a53e08cbb9a1415bac8c06d9a1e474a9 - Path: Packages/com.unity.timeline/Editor/Window/IPlayableLookup.cs - Importer: ScriptedImporter/UnityEditor.QuickSearchModule:UnityEditor.Search:ASIAI0B
Importing 'GUID: a53e08cbb9a1415bac8c06d9a1e474a9 - Path: Packages/com.unity.timeline/Editor/Window/IPlayableLookup.cs - Importer: ScriptedImporter/UnityEditor.QuickSearchModule:UnityEditor.Search:ASIAI0B' with importer (ScriptedImporter : UnityEditor.QuickSearchModule:UnityEditor.Search:ASIAI0B)
Imported 'GUID: a53e08cbb9a1415bac8c06d9a1e474a9' -> (Import Result ID: '6b18a103827a3a05a8721ae087d48340') in 0.002 seconds [static and dynamic dependencies]. Details - ImportResultOutputID=3819d5f7c5a52c0ab93f932d38fe54ef DependenciesID=03d2a75fd44581b2bb009540b0ba9088 StaticDependenciesID=7aa972e55447964e05349f8d892b1aeb 
Number of updated asset objects reloaded before import = 0
Number of asset objects unloaded after import = 0
========================================================================
Received Import Request.
  Time of request: 2026-10-01T08:15:28.6186175Z
  Time since last request: 0.0207581 seconds.
  importAddress: GUID: 926a61ff0dec44a5aab649acb411e9ad - Path: Packages/com.unity.timeline/Editor/inspectors/CurvesOwner/ICurvesOwnerInspectorWrapper.cs - Importer: ScriptedImporter/UnityEditor.QuickSearchModule:UnityEditor.Search:ASIAI0B
Importing 'GUID: 926a61ff0dec44a5aab649acb411e9ad - Path: Packages/com.unity.timeline/Editor/inspectors/CurvesOwner/ICurvesOwnerInspectorWrapper.cs - Importer: ScriptedImporter/UnityEditor.QuickSearchModule:UnityEditor.Search:ASIAI0B' with importer (ScriptedImporter : UnityEditor.QuickSearchModule:UnityEditor.Search:ASIAI0B)
Imported 'GUID: 926a61ff0dec44a5aab649acb411e9ad' -> (Import Result ID: '22558826d1b3799393099cd23bcf3f7d') in 0.002 seconds [static and dynamic dependencies]. Details - ImportResultOutputID=48df9954a8d5950fa6060bad9ec254b0 DependenciesID=b70d568d6f45a69c6cf4ccc16b12ab38 StaticDependenciesID=a2cb9f178a126ba2702b9b1b51d3cfdf 
Number of updated asset objects reloaded before import = 0
Number of asset objects unloaded after import = 0
========================================================================
Received Import Request.
  Time of request: 2026-10-01T08:15:28.632032Z
  Time since last request: 0.0003645 seconds.
  importAddress: GUID: f603edd7163537f44927ad2808147a25 - Path: Packages/com.unity.timeline/Runtime/Playables/ParticleControlPlayable.cs - Importer: ScriptedImporter/UnityEditor.QuickSearchModule:UnityEditor.Search:ASIAI0B
Importing 'GUID: f603edd7163537f44927ad2808147a25 - Path: Packages/com.unity.timeline/Runtime/Playables/ParticleControlPlayable.cs - Importer: ScriptedImporter/UnityEditor.QuickSearchModule:UnityEditor.Search:ASIAI0B' with importer (ScriptedImporter : UnityEditor.QuickSearchModule:UnityEditor.Search:ASIAI0B)
Imported 'GUID: f603edd7163537f44927ad2808147a25' -> (Import Result ID: '7f8e4b169700d2d02b850b84c2912238') in 0.001 seconds [static and dynamic dependencies]. Details - ImportResultOutputID=cc1e6a7346023ba3583e8b60b7543d64 DependenciesID=ea0e3ed18820f7516ddc3f2db84c90a1 StaticDependenciesID=222cf4ded187b43bdbd797c036ff698c 
Number of updated asset objects reloaded before import = 0
Number of asset objects unloaded after import = 0
========================================================================
Received Import Request.
  Time of request: 2026-10-01T08:15:28.6424425Z
  Time since last request: 0.0003086 seconds.
  importAddress: GUID: a2a8aecb05814e644abbb070fbd91156 - Path: Packages/com.unity.timeline/Editor/Manipulators/Move/MoveItemModeMix.cs - Importer: ScriptedImporter/UnityEditor.QuickSearchModule:UnityEditor.Search:ASIAI0B
Importing 'GUID: a2a8aecb05814e644abbb070fbd91156 - Path: Packages/com.unity.timeline/Editor/Manipulators/Move/MoveItemModeMix.cs - Importer: ScriptedImporter/UnityEditor.QuickSearchModule:UnityEditor.Search:ASIAI0B' with importer (ScriptedImporter : UnityEditor.QuickSearchModule:UnityEditor.Search:ASIAI0B)
Imported 'GUID: a2a8aecb05814e644abbb070fbd91156' -> (Import Result ID: '70be644e7cdde47dd76c389189ea9979') in 0.002 seconds [static and dynamic dependencies]. Details - ImportResultOutputID=ac1c386495f03e57b8284b0e0c0ba5c1 DependenciesID=9cb02e9670763cb574086ff840acf392 StaticDependenciesID=53b5161f4dd411158856763ee2367597 
Number of updated asset objects reloaded before import = 0
Number of asset objects unloaded after import = 0
========================================================================
Received Import Request.
  Time of request: 2026-10-01T08:15:28.6537435Z
  Time since last request: 0.0003095 seconds.
  importAddress: GUID: 1db879070d9a45f4c86cdf5e59616df5 - Path: Packages/com.unity.timeline/Runtime/Playables/TimeControlPlayable.cs - Importer: ScriptedImporter/UnityEditor.QuickSearchModule:UnityEditor.Search:ASIAI0B
Importing 'GUID: 1db879070d9a45f4c86cdf5e59616df5 - Path: Packages/com.unity.timeline/Runtime/Playables/TimeControlPlayable.cs - Importer: ScriptedImporter/UnityEditor.QuickSearchModule:UnityEditor.Search:ASIAI0B' with importer (ScriptedImporter : UnityEditor.QuickSearchModule:UnityEditor.Search:ASIAI0B)
Imported 'GUID: 1db879070d9a45f4c86cdf5e59616df5' -> (Import Result ID: 'd40ee5d8bde9f1b2545cb0af14cc97df') in 0.002 seconds [static and dynamic dependencies]. Details - ImportResultOutputID=9f0d6e346370888730061721a238890b DependenciesID=2811f723cdffda389193b40fc8cd222f StaticDependenciesID=53b03b34a367f54b90004ac246bc5bb6 
Number of updated asset objects reloaded before import = 0
Number of asset objects unloaded after import = 0
========================================================================
Received Import Request.
  Time of request: 2026-10-01T08:15:28.6642824Z
  Time since last request: 0.0005443 seconds.
  importAddress: GUID: 8f74c99a65464bb4b86ccb314ee95a7f - Path: Packages/com.unity.timeline/Runtime/Evaluation/IntervalTree.cs - Importer: ScriptedImporter/UnityEditor.QuickSearchModule:UnityEditor.Search:ASIAI0B
Importing 'GUID: 8f74c99a65464bb4b86ccb314ee95a7f - Path: Packages/com.unity.timeline/Runtime/Evaluation/IntervalTree.cs - Importer: ScriptedImporter/UnityEditor.QuickSearchModule:UnityEditor.Search:ASIAI0B' with importer (ScriptedImporter : UnityEditor.QuickSearchModule:UnityEditor.Search:ASIAI0B)
Imported 'GUID: 8f74c99a65464bb4b86ccb314ee95a7f' -> (Import Result ID: '45bee5b7b72f35e81d8bad41ab521e3c') in 0.002 seconds [static and dynamic dependencies]. Details - ImportResultOutputID=5914158226e90ad04fa3f86a5a08a65f DependenciesID=c4ee4a3dc8646127cc0a047a93fc6bbd StaticDependenciesID=0f3973b97fbe281f83326cd72514760d 
Number of updated asset objects reloaded before import = 0
Number of asset objects unloaded after import = 0
========================================================================
Received Import Request.
  Time of request: 2026-10-01T08:15:28.6747595Z
  Time since last request: 0.0002497 seconds.
  importAddress: GUID: 7a02f7efcd3e4f3baa0079e620bddbd7 - Path: Packages/com.unity.timeline/Runtime/Utilities/TimelineClipExtensions.cs - Importer: ScriptedImporter/UnityEditor.QuickSearchModule:UnityEditor.Search:ASIAI0B
Importing 'GUID: 7a02f7efcd3e4f3baa0079e620bddbd7 - Path: Packages/com.unity.timeline/Runtime/Utilities/TimelineClipExtensions.cs - Importer: ScriptedImporter/UnityEditor.QuickSearchModule:UnityEditor.Search:ASIAI0B' with importer (ScriptedImporter : UnityEditor.QuickSearchModule:UnityEditor.Search:ASIAI0B)
Imported 'GUID: 7a02f7efcd3e4f3baa0079e620bddbd7' -> (Import Result ID: 'f283165e9d3578196a83448a98b971bd') in 0.001 seconds [static and dynamic dependencies]. Details - ImportResultOutputID=7c630c620ec6e9fe2e4bf0b55d9269a2 DependenciesID=ecb069082967f8d54dd66ab5be5203e9 StaticDependenciesID=b75965fcf265ad3eb1f1365f8ee85fac 
Number of updated asset objects reloaded before import = 0
Number of asset objects unloaded after import = 0
========================================================================
Received Import Request.
  Time of request: 2026-10-01T08:15:28.7081749Z
  Time since last request: 0.0232722 seconds.
  importAddress: GUID: b4a5ce78107bc38409a3bb5e8b3289ac - Path: Packages/com.unity.timeline/Editor/Manipulators/Trim/ITrimItemMode.cs - Importer: ScriptedImporter/UnityEditor.QuickSearchModule:UnityEditor.Search:ASIAI0B
Importing 'GUID: b4a5ce78107bc38409a3bb5e8b3289ac - Path: Packages/com.unity.timeline/Editor/Manipulators/Trim/ITrimItemMode.cs - Importer: ScriptedImporter/UnityEditor.QuickSearchModule:UnityEditor.Search:ASIAI0B' with importer (ScriptedImporter : UnityEditor.QuickSearchModule:UnityEditor.Search:ASIAI0B)
Imported 'GUID: b4a5ce78107bc38409a3bb5e8b3289ac' -> (Import Result ID: 'e1db47c5d7ee9b7b1b8130a475af6142') in 0.002 seconds [static and dynamic dependencies]. Details - ImportResultOutputID=aa9c8b5f5f87ad044fec6a02a9043373 DependenciesID=d9bec72f4145045dc65fe533f0f40ced StaticDependenciesID=adefec00b66da1fbcd6f3a5710603426 
Number of updated asset objects reloaded before import = 0
Number of asset objects unloaded after import = 0
========================================================================
Received Import Request.
  Time of request: 2026-10-01T08:15:28.7197904Z
  Time since last request: 0.0004059 seconds.
  importAddress: GUID: e177382a693dea644acd34e3e7a3feb3 - Path: Packages/com.unity.timeline/Editor/Manipulators/Utils/ManipulatorsUtils.cs - Importer: ScriptedImporter/UnityEditor.QuickSearchModule:UnityEditor.Search:ASIAI0B
Importing 'GUID: e177382a693dea644acd34e3e7a3feb3 - Path: Packages/com.unity.timeline/Editor/Manipulators/Utils/ManipulatorsUtils.cs - Importer: ScriptedImporter/UnityEditor.QuickSearchModule:UnityEditor.Search:ASIAI0B' with importer (ScriptedImporter : UnityEditor.QuickSearchModule:UnityEditor.Search:ASIAI0B)
Imported 'GUID: e177382a693dea644acd34e3e7a3feb3' -> (Import Result ID: '12fc7a1da314ef7a3dc005c06680c3ed') in 0.002 seconds [static and dynamic dependencies]. Details - ImportResultOutputID=b42aaccb02d9bec64622ed0b0bce6a99 DependenciesID=90730cc10335be82ddef85b972e5afe0 StaticDependenciesID=d75a2f1da3df1c9f0d2de347d3280029 
Number of updated asset objects reloaded before import = 0
Number of asset objects unloaded after import = 0
========================================================================
Received Import Request.
  Time of request: 2026-10-01T08:15:28.7313125Z
  Time since last request: 0.0006584 seconds.
  importAddress: GUID: 495e2738ac7d88a41a158cd2e237d70b - Path: Packages/com.unity.timeline/Editor/Manipulators/Utils/EditModeRippleUtils.cs - Importer: ScriptedImporter/UnityEditor.QuickSearchModule:UnityEditor.Search:ASIAI0B
Importing 'GUID: 495e2738ac7d88a41a158cd2e237d70b - Path: Packages/com.unity.timeline/Editor/Manipulators/Utils/EditModeRippleUtils.cs - Importer: ScriptedImporter/UnityEditor.QuickSearchModule:UnityEditor.Search:ASIAI0B' with importer (ScriptedImporter : UnityEditor.QuickSearchModule:UnityEditor.Search:ASIAI0B)
Imported 'GUID: 495e2738ac7d88a41a158cd2e237d70b' -> (Import Result ID: '511907db241af7f7ff4cbe76f27a7ef1') in 0.002 seconds [static and dynamic dependencies]. Details - ImportResultOutputID=7e9046c808b751e3445a4750c88cf124 DependenciesID=42c96b2fa7cb4ad33a149d2ddf08f982 StaticDependenciesID=6ecf059f5bcfe4c96cb98603436b5a4e 
Number of updated asset objects reloaded before import = 0
Number of asset objects unloaded after import = 0
========================================================================
Received Import Request.
  Time of request: 2026-10-01T08:15:28.7432783Z
  Time since last request: 0.0002585 seconds.
  importAddress: GUID: f4f988528bbbb0846a4cb50efb4587a5 - Path: Packages/com.unity.timeline/Editor/Manipulators/Sequence/SelectAndMoveItem.cs - Importer: ScriptedImporter/UnityEditor.QuickSearchModule:UnityEditor.Search:ASIAI0B
Importing 'GUID: f4f988528bbbb0846a4cb50efb4587a5 - Path: Packages/com.unity.timeline/Editor/Manipulators/Sequence/SelectAndMoveItem.cs - Importer: ScriptedImporter/UnityEditor.QuickSearchModule:UnityEditor.Search:ASIAI0B' with importer (ScriptedImporter : UnityEditor.QuickSearchModule:UnityEditor.Search:ASIAI0B)
Imported 'GUID: f4f988528bbbb0846a4cb50efb4587a5' -> (Import Result ID: 'cd320945cdfe0df8688daa8754c730f2') in 0.003 seconds [static and dynamic dependencies]. Details - ImportResultOutputID=6966acde9e12faa744ae1a42c9905a77 DependenciesID=e1bf4b1e14fd799962e293ef2a5b75a4 StaticDependenciesID=ed40b8c7d99f3dbcaaf1a60a9983dbaa 
Number of updated asset objects reloaded before import = 0
Number of asset objects unloaded after import = 0
========================================================================
Received Import Request.
  Time of request: 2026-10-01T08:15:28.7549509Z
  Time since last request: 0.0002663 seconds.
  importAddress: GUID: 042c802f94d43dc45a049bf3b5be79ab - Path: Packages/com.unity.timeline/Editor/treeview/TrackGui/TrackResizeHandle.cs - Importer: ScriptedImporter/UnityEditor.QuickSearchModule:UnityEditor.Search:ASIAI0B
Importing 'GUID: 042c802f94d43dc45a049bf3b5be79ab - Path: Packages/com.unity.timeline/Editor/treeview/TrackGui/TrackResizeHandle.cs - Importer: ScriptedImporter/UnityEditor.QuickSearchModule:UnityEditor.Search:ASIAI0B' with importer (ScriptedImporter : UnityEditor.QuickSearchModule:UnityEditor.Search:ASIAI0B)
Imported 'GUID: 042c802f94d43dc45a049bf3b5be79ab' -> (Import Result ID: '4db976293814a85c9c8d0256312b60f4') in 0.002 seconds [static and dynamic dependencies]. Details - ImportResultOutputID=8f2632419708eda276536187632f5d81 DependenciesID=cbf912cd5437e4848933a3948f4fd922 StaticDependenciesID=04f17b22880141c99958024820a911f6 
Number of updated asset objects reloaded before import = 0
Number of asset objects unloaded after import = 0
========================================================================
Received Import Request.
  Time of request: 2026-10-01T08:15:28.764563Z
  Time since last request: 0.0003203 seconds.
  importAddress: GUID: 3f8643c1f8dd449e85b548a14edbea2e - Path: Packages/com.unity.timeline/Editor/Window/Modes/TimelineReadOnlyMode.cs - Importer: ScriptedImporter/UnityEditor.QuickSearchModule:UnityEditor.Search:ASIAI0B
Importing 'GUID: 3f8643c1f8dd449e85b548a14edbea2e - Path: Packages/com.unity.timeline/Editor/Window/Modes/TimelineReadOnlyMode.cs - Importer: ScriptedImporter/UnityEditor.QuickSearchModule:UnityEditor.Search:ASIAI0B' with importer (ScriptedImporter : UnityEditor.QuickSearchModule:UnityEditor.Search:ASIAI0B)
Imported 'GUID: 3f8643c1f8dd449e85b548a14edbea2e' -> (Import Result ID: '0bb1ce0e462a906c939346d7724e1ba2') in 0.002 seconds [static and dynamic dependencies]. Details - ImportResultOutputID=8963458765fcccb79058dd33f314021c DependenciesID=7909c7d95ad9b67f27f2cee4b280ba0a StaticDependenciesID=a8e3e9f3a204dc6439e078073c40f248 
Number of updated asset objects reloaded before import = 0
Number of asset objects unloaded after import = 0
========================================================================
Received Import Request.
  Time of request: 2026-10-01T08:15:28.7977917Z
  Time since last request: 0.0223795 seconds.
  importAddress: GUID: d6fa2d92fc1b3f34da284357edf89c3b - Path: Packages/com.unity.timeline/Runtime/Events/Signals/SignalAsset.cs - Importer: ScriptedImporter/UnityEditor.QuickSearchModule:UnityEditor.Search:ASIAI0B
Importing 'GUID: d6fa2d92fc1b3f34da284357edf89c3b - Path: Packages/com.unity.timeline/Runtime/Events/Signals/SignalAsset.cs - Importer: ScriptedImporter/UnityEditor.QuickSearchModule:UnityEditor.Search:ASIAI0B' with importer (ScriptedImporter : UnityEditor.QuickSearchModule:UnityEditor.Search:ASIAI0B)
Imported 'GUID: d6fa2d92fc1b3f34da284357edf89c3b' -> (Import Result ID: 'ae2dde590b29d7b8a0f43927e9eee31e') in 0.002 seconds [static and dynamic dependencies]. Details - ImportResultOutputID=75bd67695438b5ffc7f240c52f0ab1f0 DependenciesID=e0f9b4883ed66f69f6fbfb8049b83514 StaticDependenciesID=e5e2d91b42cc9310738c9450e461a5f5 
Number of updated asset objects reloaded before import = 0
Number of asset objects unloaded after import = 0
========================================================================
Received Import Request.
  Time of request: 2026-10-01T08:15:28.8172461Z
  Time since last request: 0.0101301 seconds.
  importAddress: GUID: eae63adb172f1164db61a7f4bdfc3637 - Path: Packages/com.unity.timeline/Editor/StyleSheets/Images/DarkSkin/TimelineInfiniteTrackNoShadow.png - Importer: ScriptedImporter/UnityEditor.QuickSearchModule:UnityEditor.Search:ASIAI0B
Importing 'GUID: eae63adb172f1164db61a7f4bdfc3637 - Path: Packages/com.unity.timeline/Editor/StyleSheets/Images/DarkSkin/TimelineInfiniteTrackNoShadow.png - Importer: ScriptedImporter/UnityEditor.QuickSearchModule:UnityEditor.Search:ASIAI0B' with importer (ScriptedImporter : UnityEditor.QuickSearchModule:UnityEditor.Search:ASIAI0B)
Imported 'GUID: eae63adb172f1164db61a7f4bdfc3637' -> (Import Result ID: '6a8a648ca9bb27ed20d5d0375f4883d5') in 0.041 seconds [static and dynamic dependencies]. Details - ImportResultOutputID=191a9bb2bed11d28bd5d59a5be061ab2 DependenciesID=391515c5a736141943b7bde2c8421e0a StaticDependenciesID=56ba84166e551cd9098e6814c04d23b1 
Number of updated asset objects reloaded before import = 0
Number of asset objects unloaded after import = 1
========================================================================
Received Import Request.
  Time of request: 2026-10-01T08:15:28.8669839Z
  Time since last request: 0.0004602 seconds.
  importAddress: GUID: 412f73153f3a3c549b67b2a847741145 - Path: Packages/com.unity.timeline/Editor/StyleSheets/Images/DarkSkin/TimelineDisabledBackground.png - Importer: ScriptedImporter/UnityEditor.QuickSearchModule:UnityEditor.Search:ASIAI0B
Importing 'GUID: 412f73153f3a3c549b67b2a847741145 - Path: Packages/com.unity.timeline/Editor/StyleSheets/Images/DarkSkin/TimelineDisabledBackground.png - Importer: ScriptedImporter/UnityEditor.QuickSearchModule:UnityEditor.Search:ASIAI0B' with importer (ScriptedImporter : UnityEditor.QuickSearchModule:UnityEditor.Search:ASIAI0B)
Imported 'GUID: 412f73153f3a3c549b67b2a847741145' -> (Import Result ID: 'dc2e103d9117154ea5ee1d4262574dc4') in 0.006 seconds [static and dynamic dependencies]. Details - ImportResultOutputID=202c024ed630d8ec802c464593a7c5f0 DependenciesID=dbf9ac053edccceff1f0e6893ba78e87 StaticDependenciesID=25fe3dab19240830156f989cc03fa4de 
Number of updated asset objects reloaded before import = 0
Number of asset objects unloaded after import = 1
========================================================================
Received Import Request.
  Time of request: 2026-10-01T08:15:28.8822403Z
  Time since last request: 0.0003049 seconds.
  importAddress: GUID: b3644a971cca0bd4eb357cb9aca4dde1 - Path: Packages/com.unity.timeline/Editor/StyleSheets/Images/Icons/d_TrackMarkerButtonDisabled.png - Importer: ScriptedImporter/UnityEditor.QuickSearchModule:UnityEditor.Search:ASIAI0B
Importing 'GUID: b3644a971cca0bd4eb357cb9aca4dde1 - Path: Packages/com.unity.timeline/Editor/StyleSheets/Images/Icons/d_TrackMarkerButtonDisabled.png - Importer: ScriptedImporter/UnityEditor.QuickSearchModule:UnityEditor.Search:ASIAI0B' with importer (ScriptedImporter : UnityEditor.QuickSearchModule:UnityEditor.Search:ASIAI0B)
Imported 'GUID: b3644a971cca0bd4eb357cb9aca4dde1' -> (Import Result ID: '7317268efc5212171cf36180c881143c') in 0.004 seconds [static and dynamic dependencies]. Details - ImportResultOutputID=b297d03ebc60ff9dda250d9fa884cbe8 DependenciesID=39359f3fa2b01dfb5f24696314c9a8d7 StaticDependenciesID=398c5bd1d1e8321e0db194ed835de5a3 
Number of updated asset objects reloaded before import = 0
Number of asset objects unloaded after import = 1
========================================================================
Received Import Request.
  Time of request: 2026-10-01T08:15:28.8949801Z
  Time since last request: 0.0004207 seconds.
  importAddress: GUID: 6ab002208ec290544b44bc263dc58a95 - Path: Packages/com.unity.timeline/Editor/StyleSheets/Images/Icons/d_TrackMuteButtonDisabled.png - Importer: ScriptedImporter/UnityEditor.QuickSearchModule:UnityEditor.Search:ASIAI0B
Importing 'GUID: 6ab002208ec290544b44bc263dc58a95 - Path: Packages/com.unity.timeline/Editor/StyleSheets/Images/Icons/d_TrackMuteButtonDisabled.png - Importer: ScriptedImporter/UnityEditor.QuickSearchModule:UnityEditor.Search:ASIAI0B' with importer (ScriptedImporter : UnityEditor.QuickSearchModule:UnityEditor.Search:ASIAI0B)
Imported 'GUID: 6ab002208ec290544b44bc263dc58a95' -> (Import Result ID: '87f5e4f021e41176619535cc47451453') in 0.006 seconds [static and dynamic dependencies]. Details - ImportResultOutputID=905ce0cd8baaf9b453125014de7e2d74 DependenciesID=1b2c6e377c423f27d3a78be9dcaa783b StaticDependenciesID=bf146a34ae36d9b979b92ebcb02ca3b4 
Number of updated asset objects reloaded before import = 0
Number of asset objects unloaded after import = 1
========================================================================
Received Import Request.
  Time of request: 2026-10-01T08:15:28.9102556Z
  Time since last request: 0.0003936 seconds.
  importAddress: GUID: 40947ddc2dd4f0d499a92d0f3675c4e8 - Path: Packages/com.unity.timeline/Editor/StyleSheets/Images/Icons/d_TimelineCollapseMarkerButtonDisabled.png - Importer: ScriptedImporter/UnityEditor.QuickSearchModule:UnityEditor.Search:ASIAI0B
Importing 'GUID: 40947ddc2dd4f0d499a92d0f3675c4e8 - Path: Packages/com.unity.timeline/Editor/StyleSheets/Images/Icons/d_TimelineCollapseMarkerButtonDisabled.png - Importer: ScriptedImporter/UnityEditor.QuickSearchModule:UnityEditor.Search:ASIAI0B' with importer (ScriptedImporter : UnityEditor.QuickSearchModule:UnityEditor.Search:ASIAI0B)
Imported 'GUID: 40947ddc2dd4f0d499a92d0f3675c4e8' -> (Import Result ID: '106319e948d5018cc3addf467ec74b9a') in 0.004 seconds [static and dynamic dependencies]. Details - ImportResultOutputID=5295027c1ef9ed5a9bdbf72f28715cba DependenciesID=25dc276b0892fd50cebac35f15c27a88 StaticDependenciesID=c9650821769dafc27d3470985f66d4f0 
Number of updated asset objects reloaded before import = 0
Number of asset objects unloaded after import = 1
========================================================================
Received Import Request.
  Time of request: 2026-10-01T08:15:28.9358923Z
  Time since last request: 0.0119664 seconds.
  importAddress: GUID: 193dae938a3136440b693b45a2494737 - Path: Packages/com.unity.timeline/Editor/StyleSheets/Images/Icons/TrackMarkerButtonDisabled@2x.png - Importer: ScriptedImporter/UnityEditor.QuickSearchModule:UnityEditor.Search:ASIAI0B
Importing 'GUID: 193dae938a3136440b693b45a2494737 - Path: Packages/com.unity.timeline/Editor/StyleSheets/Images/Icons/TrackMarkerButtonDisabled@2x.png - Importer: ScriptedImporter/UnityEditor.QuickSearchModule:UnityEditor.Search:ASIAI0B' with importer (ScriptedImporter : UnityEditor.QuickSearchModule:UnityEditor.Search:ASIAI0B)
Imported 'GUID: 193dae938a3136440b693b45a2494737' -> (Import Result ID: '9c9d563cdabbd9c733d507132597b5dc') in 0.005 seconds [static and dynamic dependencies]. Details - ImportResultOutputID=8b09bdf7f0bd1fd757953f6a1ed80780 DependenciesID=dce222435a1b5529f4f1a9e7ed3008fc StaticDependenciesID=07f91ce23e18935b5da5c0d6f85a1e7b 
Number of updated asset objects reloaded before import = 0
Number of asset objects unloaded after import = 1
========================================================================
Received Import Request.
  Time of request: 2026-10-01T08:15:28.9494649Z
  Time since last request: 0.0005306 seconds.
  importAddress: GUID: ac5017dfbeee42347b3b45ecc572674e - Path: Packages/com.unity.timeline/Editor/StyleSheets/Images/Icons/d_TrackMuteButtonEnabled.png - Importer: ScriptedImporter/UnityEditor.QuickSearchModule:UnityEditor.Search:ASIAI0B
Importing 'GUID: ac5017dfbeee42347b3b45ecc572674e - Path: Packages/com.unity.timeline/Editor/StyleSheets/Images/Icons/d_TrackMuteButtonEnabled.png - Importer: ScriptedImporter/UnityEditor.QuickSearchModule:UnityEditor.Search:ASIAI0B' with importer (ScriptedImporter : UnityEditor.QuickSearchModule:UnityEditor.Search:ASIAI0B)
Imported 'GUID: ac5017dfbeee42347b3b45ecc572674e' -> (Import Result ID: '0ddeb9baaf34119f72ed99656c6a9e39') in 0.005 seconds [static and dynamic dependencies]. Details - ImportResultOutputID=eb6d0ad2194d46de7213f22d1c4a1e0b DependenciesID=6939fde571e230af0b9b20e526277e94 StaticDependenciesID=d370beb2b433a64fdcff1aa1048b584b 
Number of updated asset objects reloaded before import = 0
Number of asset objects unloaded after import = 1
========================================================================
Received Import Request.
  Time of request: 2026-10-01T08:15:28.9635564Z
  Time since last request: 0.0002873 seconds.
  importAddress: GUID: 6d41c3e8796a4fd4e80840354039e4ac - Path: Packages/com.unity.timeline/Editor/StyleSheets/Images/Icons/TimelineEditModeReplaceON.png - Importer: ScriptedImporter/UnityEditor.QuickSearchModule:UnityEditor.Search:ASIAI0B
Importing 'GUID: 6d41c3e8796a4fd4e80840354039e4ac - Path: Packages/com.unity.timeline/Editor/StyleSheets/Images/Icons/TimelineEditModeReplaceON.png - Importer: ScriptedImporter/UnityEditor.QuickSearchModule:UnityEditor.Search:ASIAI0B' with importer (ScriptedImporter : UnityEditor.QuickSearchModule:UnityEditor.Search:ASIAI0B)
Imported 'GUID: 6d41c3e8796a4fd4e80840354039e4ac' -> (Import Result ID: 'c4ba10a025736289647ab702e5b33c66') in 0.006 seconds [static and dynamic dependencies]. Details - ImportResultOutputID=30e097f0564c2909ffa525e01aac936f DependenciesID=e26c1fd115c40b05ef9bb829feba19e6 StaticDependenciesID=7a36f29b3e6bf76485c29d8bc236627e 
Number of updated asset objects reloaded before import = 0
Number of asset objects unloaded after import = 1
========================================================================
Received Import Request.
  Time of request: 2026-10-01T08:15:28.9794097Z
  Time since last request: 0.0002623 seconds.
  importAddress: GUID: 8fdae4ac756ed6047b01021ff0cc3ebb - Path: Packages/com.unity.timeline/Editor/StyleSheets/Images/Icons/TrackRecordButtonEnabled@2x.png - Importer: ScriptedImporter/UnityEditor.QuickSearchModule:UnityEditor.Search:ASIAI0B
Importing 'GUID: 8fdae4ac756ed6047b01021ff0cc3ebb - Path: Packages/com.unity.timeline/Editor/StyleSheets/Images/Icons/TrackRecordButtonEnabled@2x.png - Importer: ScriptedImporter/UnityEditor.QuickSearchModule:UnityEditor.Search:ASIAI0B' with importer (ScriptedImporter : UnityEditor.QuickSearchModule:UnityEditor.Search:ASIAI0B)
Imported 'GUID: 8fdae4ac756ed6047b01021ff0cc3ebb' -> (Import Result ID: '8c81247e222cd3c72fc2a543cd3fdac1') in 0.004 seconds [static and dynamic dependencies]. Details - ImportResultOutputID=b70138210fd5071f7e834315ab089beb DependenciesID=94da2e397a3e60eb7470903993e189a6 StaticDependenciesID=ad92bce38c4fedda1cf8ac42083708b1 
Number of updated asset objects reloaded before import = 0
Number of asset objects unloaded after import = 1
========================================================================
Received Import Request.
  Time of request: 2026-10-01T08:15:28.9920253Z
  Time since last request: 0.0002831 seconds.
  importAddress: GUID: 51bf5f55a8a01e546bf6092b54fdae20 - Path: Packages/com.unity.timeline/Editor/StyleSheets/Images/Icons/TrackAvatarButtonEnabled@2x.png - Importer: ScriptedImporter/UnityEditor.QuickSearchModule:UnityEditor.Search:ASIAI0B
Importing 'GUID: 51bf5f55a8a01e546bf6092b54fdae20 - Path: Packages/com.unity.timeline/Editor/StyleSheets/Images/Icons/TrackAvatarButtonEnabled@2x.png - Importer: ScriptedImporter/UnityEditor.QuickSearchModule:UnityEditor.Search:ASIAI0B' with importer (ScriptedImporter : UnityEditor.QuickSearchModule:UnityEditor.Search:ASIAI0B)
Imported 'GUID: 51bf5f55a8a01e546bf6092b54fdae20' -> (Import Result ID: '7ceca121d0970dc9c1531d00b5618445') in 0.004 seconds [static and dynamic dependencies]. Details - ImportResultOutputID=6d227393b3aed9f97f2497f2c97f4029 DependenciesID=75ec4ccb73fedb919791939419f09c56 StaticDependenciesID=59d4e926b303bdfb06a788a4d70e1aa3 
Number of updated asset objects reloaded before import = 0
Number of asset objects unloaded after import = 1
========================================================================
Received Import Request.
  Time of request: 2026-10-01T08:15:29.0047643Z
  Time since last request: 0.0003534 seconds.
  importAddress: GUID: 9589d5d9eb09dec43b2ad51af4e78b1e - Path: Packages/com.unity.timeline/Editor/StyleSheets/Images/Icons/TrackCurvesButtonEnabled.png - Importer: ScriptedImporter/UnityEditor.QuickSearchModule:UnityEditor.Search:ASIAI0B
Importing 'GUID: 9589d5d9eb09dec43b2ad51af4e78b1e - Path: Packages/com.unity.timeline/Editor/StyleSheets/Images/Icons/TrackCurvesButtonEnabled.png - Importer: ScriptedImporter/UnityEditor.QuickSearchModule:UnityEditor.Search:ASIAI0B' with importer (ScriptedImporter : UnityEditor.QuickSearchModule:UnityEditor.Search:ASIAI0B)
Imported 'GUID: 9589d5d9eb09dec43b2ad51af4e78b1e' -> (Import Result ID: 'f1e2ba757853a7c84e158a9ada57944c') in 0.004 seconds [static and dynamic dependencies]. Details - ImportResultOutputID=5e50ba8bdceb453d4ef7e5c6d8212337 DependenciesID=98d0ddb432abb64d5c8081b88fcf92bc StaticDependenciesID=7b7215ea02cada2ca00e33696b17d364 
Number of updated asset objects reloaded before import = 0
Number of asset objects unloaded after import = 1
========================================================================
Received Import Request.
  Time of request: 2026-10-01T08:15:29.0172479Z
  Time since last request: 0.0002828 seconds.
  importAddress: GUID: 7d4691eba7565c34ab785c00fbc27ff8 - Path: Packages/com.unity.timeline/Editor/StyleSheets/Images/LightSkin/TimelineMarkerItemCollapsed.png - Importer: ScriptedImporter/UnityEditor.QuickSearchModule:UnityEditor.Search:ASIAI0B
Importing 'GUID: 7d4691eba7565c34ab785c00fbc27ff8 - Path: Packages/com.unity.timeline/Editor/StyleSheets/Images/LightSkin/TimelineMarkerItemCollapsed.png - Importer: ScriptedImporter/UnityEditor.QuickSearchModule:UnityEditor.Search:ASIAI0B' with importer (ScriptedImporter : UnityEditor.QuickSearchModule:UnityEditor.Search:ASIAI0B)
Imported 'GUID: 7d4691eba7565c34ab785c00fbc27ff8' -> (Import Result ID: 'e484f4f77da4942955812323ae48f616') in 0.007 seconds [static and dynamic dependencies]. Details - ImportResultOutputID=474981459cf1280f782d435abb91cb7f DependenciesID=b75f2f2c687b6539ae5a23bda0952383 StaticDependenciesID=39692e45d10ef1c368e5c335469aede3 
Number of updated asset objects reloaded before import = 0
Number of asset objects unloaded after import = 1
========================================================================
Received Import Request.
  Time of request: 2026-10-01T08:15:29.0337805Z
  Time since last request: 0.0002372 seconds.
  importAddress: GUID: 15845fb26c2846947b4dedb9fb348cc1 - Path: Packages/com.unity.timeline/Editor/StyleSheets/Images/Icons/TimelineSignal.png - Importer: ScriptedImporter/UnityEditor.QuickSearchModule:UnityEditor.Search:ASIAI0B
Importing 'GUID: 15845fb26c2846947b4dedb9fb348cc1 - Path: Packages/com.unity.timeline/Editor/StyleSheets/Images/Icons/TimelineSignal.png - Importer: ScriptedImporter/UnityEditor.QuickSearchModule:UnityEditor.Search:ASIAI0B' with importer (ScriptedImporter : UnityEditor.QuickSearchModule:UnityEditor.Search:ASIAI0B)
Imported 'GUID: 15845fb26c2846947b4dedb9fb348cc1' -> (Import Result ID: '30695313c9423bff574de548f491760d') in 0.005 seconds [static and dynamic dependencies]. Details - ImportResultOutputID=c389210c7ac3e3f6d83abed04da1b8b5 DependenciesID=906d62c13f270329b3986bc216a86e86 StaticDependenciesID=c045a2b929c69db273ba628276cc6835 
Number of updated asset objects reloaded before import = 0
Number of asset objects unloaded after import = 1
========================================================================
Received Import Request.
  Time of request: 2026-10-01T08:15:29.0471651Z
  Time since last request: 0.0003815 seconds.
  importAddress: GUID: b80d5b6acdfbc114b9efab6295fd96c1 - Path: Packages/com.unity.timeline/Editor/StyleSheets/Images/Icons/TimelineCollapseMarkerButtonDisabled.png - Importer: ScriptedImporter/UnityEditor.QuickSearchModule:UnityEditor.Search:ASIAI0B
Importing 'GUID: b80d5b6acdfbc114b9efab6295fd96c1 - Path: Packages/com.unity.timeline/Editor/StyleSheets/Images/Icons/TimelineCollapseMarkerButtonDisabled.png - Importer: ScriptedImporter/UnityEditor.QuickSearchModule:UnityEditor.Search:ASIAI0B' with importer (ScriptedImporter : UnityEditor.QuickSearchModule:UnityEditor.Search:ASIAI0B)
Imported 'GUID: b80d5b6acdfbc114b9efab6295fd96c1' -> (Import Result ID: 'b28532d75324daf42ef3f60f24e1a54a') in 0.004 seconds [static and dynamic dependencies]. Details - ImportResultOutputID=4064dab00a63f9606ca755ae3a0a3ed1 DependenciesID=bdf3831fff25a45e25a892ff02dea114 StaticDependenciesID=c9760037a28dc88a22478d2e9d5c1e5b 
Number of updated asset objects reloaded before import = 0
Number of asset objects unloaded after import = 1
========================================================================
Received Import Request.
  Time of request: 2026-10-01T08:15:29.0755727Z
  Time since last request: 0.0154142 seconds.
  importAddress: GUID: e50018fd67fc156459e4014bdad3f5f6 - Path: Packages/com.unity.timeline/Editor/StyleSheets/Images/Shared/TimelineSwatch.png - Importer: ScriptedImporter/UnityEditor.QuickSearchModule:UnityEditor.Search:ASIAI0B
Importing 'GUID: e50018fd67fc156459e4014bdad3f5f6 - Path: Packages/com.unity.timeline/Editor/StyleSheets/Images/Shared/TimelineSwatch.png - Importer: ScriptedImporter/UnityEditor.QuickSearchModule:UnityEditor.Search:ASIAI0B' with importer (ScriptedImporter : UnityEditor.QuickSearchModule:UnityEditor.Search:ASIAI0B)
Imported 'GUID: e50018fd67fc156459e4014bdad3f5f6' -> (Import Result ID: '93fe37b2e7723cc371254e7869f0a8b2') in 0.004 seconds [static and dynamic dependencies]. Details - ImportResultOutputID=51aec6d49ba0c753ffc556ab6340a5d6 DependenciesID=2d67d1b06c7c2bff6a05c84c290c380f StaticDependenciesID=d48286914ac370b7c08536727e2cd4d6 
Number of updated asset objects reloaded before import = 0
Number of asset objects unloaded after import = 1
========================================================================
Received Import Request.
  Time of request: 2026-10-01T08:15:29.0888487Z
  Time since last request: 0.000241 seconds.
  importAddress: GUID: ed665472b4fee2043a5c1cc802beaa8e - Path: Packages/com.unity.timeline/Editor/StyleSheets/Images/LightSkin/TimelineTimeCursor.png - Importer: ScriptedImporter/UnityEditor.QuickSearchModule:UnityEditor.Search:ASIAI0B
Importing 'GUID: ed665472b4fee2043a5c1cc802beaa8e - Path: Packages/com.unity.timeline/Editor/StyleSheets/Images/LightSkin/TimelineTimeCursor.png - Importer: ScriptedImporter/UnityEditor.QuickSearchModule:UnityEditor.Search:ASIAI0B' with importer (ScriptedImporter : UnityEditor.QuickSearchModule:UnityEditor.Search:ASIAI0B)
Imported 'GUID: ed665472b4fee2043a5c1cc802beaa8e' -> (Import Result ID: '44cdcde52e249ac64af8ba942d6cbb3a') in 0.004 seconds [static and dynamic dependencies]. Details - ImportResultOutputID=03601ccf94d07ecacd9785045001f9ee DependenciesID=9ad9ab845c2e89dcc817c39b0535c35a StaticDependenciesID=18b75ef8cf1dbcae8118d76fd5bbedac 
Number of updated asset objects reloaded before import = 0
Number of asset objects unloaded after import = 1
========================================================================
Received Import Request.
  Time of request: 2026-10-01T08:15:29.1106408Z
  Time since last request: 0.0093709 seconds.
  importAddress: GUID: 178d8366aa1616849b91b66285c51454 - Path: Packages/com.unity.ai.navigation/Editor/NavMeshAssetManager.cs - Importer: ScriptedImporter/UnityEditor.QuickSearchModule:UnityEditor.Search:ASIAI0B
Importing 'GUID: 178d8366aa1616849b91b66285c51454 - Path: Packages/com.unity.ai.navigation/Editor/NavMeshAssetManager.cs - Importer: ScriptedImporter/UnityEditor.QuickSearchModule:UnityEditor.Search:ASIAI0B' with importer (ScriptedImporter : UnityEditor.QuickSearchModule:UnityEditor.Search:ASIAI0B)
Imported 'GUID: 178d8366aa1616849b91b66285c51454' -> (Import Result ID: '5a7ad2ef861edb9e87a3efbd37df2930') in 0.002 seconds [static and dynamic dependencies]. Details - ImportResultOutputID=d0f4ca0ef61228c47f40fd6128b67b5f DependenciesID=bc7d3570c8235c185bb5d1ce02aea885 StaticDependenciesID=7945e15052b5b9eced319dea3a07c83b 
Number of updated asset objects reloaded before import = 0
Number of asset objects unloaded after import = 0
========================================================================
Received Import Request.
  Time of request: 2026-10-01T08:15:29.1221368Z
  Time since last request: 0.0003112 seconds.
  importAddress: GUID: c660403886dc4a449f55327665b10bbb - Path: Packages/com.unity.ai.navigation/Editor/NavigationOverlay.cs - Importer: ScriptedImporter/UnityEditor.QuickSearchModule:UnityEditor.Search:ASIAI0B
Importing 'GUID: c660403886dc4a449f55327665b10bbb - Path: Packages/com.unity.ai.navigation/Editor/NavigationOverlay.cs - Importer: ScriptedImporter/UnityEditor.QuickSearchModule:UnityEditor.Search:ASIAI0B' with importer (ScriptedImporter : UnityEditor.QuickSearchModule:UnityEditor.Search:ASIAI0B)
Imported 'GUID: c660403886dc4a449f55327665b10bbb' -> (Import Result ID: 'dccd6fd607810ac3f0c1f1f550d432c6') in 0.002 seconds [static and dynamic dependencies]. Details - ImportResultOutputID=6d4523f7eee122bcadad73ae9a8fff0e DependenciesID=533bf9233961d7bc63faa0dd1d626676 StaticDependenciesID=36b9df0a793d587009bc8646ab33ca7b 
Number of updated asset objects reloaded before import = 0
Number of asset objects unloaded after import = 0
========================================================================
Received Import Request.
  Time of request: 2026-10-01T08:15:29.1324035Z
  Time since last request: 0.0004267 seconds.
  importAddress: GUID: 7a5ac11cc976e418e8d13136b07e1f52 - Path: Packages/com.unity.ai.navigation/Runtime/NavMeshSurface.cs - Importer: ScriptedImporter/UnityEditor.QuickSearchModule:UnityEditor.Search:ASIAI0B
Importing 'GUID: 7a5ac11cc976e418e8d13136b07e1f52 - Path: Packages/com.unity.ai.navigation/Runtime/NavMeshSurface.cs - Importer: ScriptedImporter/UnityEditor.QuickSearchModule:UnityEditor.Search:ASIAI0B' with importer (ScriptedImporter : UnityEditor.QuickSearchModule:UnityEditor.Search:ASIAI0B)
Imported 'GUID: 7a5ac11cc976e418e8d13136b07e1f52' -> (Import Result ID: '997fb6492037b5fd20c69e6b0470a968') in 0.004 seconds [static and dynamic dependencies]. Details - ImportResultOutputID=3248ad62b4f19f607aebda7f647a7210 DependenciesID=fef5c7c6dee45e59443eaaafd5a93499 StaticDependenciesID=d6c8e20249ff06969c8fcb0b0539c527 
Number of updated asset objects reloaded before import = 0
Number of asset objects unloaded after import = 1
========================================================================
Received Import Request.
  Time of request: 2026-10-01T08:15:29.144571Z
  Time since last request: 0.0003208 seconds.
  importAddress: GUID: 3f72db493d3cd4e03ae748a6cd15534d - Path: Packages/com.unity.ai.navigation/Editor/ConversionSystem/ConverterItemDescriptor.cs - Importer: ScriptedImporter/UnityEditor.QuickSearchModule:UnityEditor.Search:ASIAI0B
Importing 'GUID: 3f72db493d3cd4e03ae748a6cd15534d - Path: Packages/com.unity.ai.navigation/Editor/ConversionSystem/ConverterItemDescriptor.cs - Importer: ScriptedImporter/UnityEditor.QuickSearchModule:UnityEditor.Search:ASIAI0B' with importer (ScriptedImporter : UnityEditor.QuickSearchModule:UnityEditor.Search:ASIAI0B)
Imported 'GUID: 3f72db493d3cd4e03ae748a6cd15534d' -> (Import Result ID: '6e6c6080ef4a03b3fca0563cee73de43') in 0.002 seconds [static and dynamic dependencies]. Details - ImportResultOutputID=2ae7b6486900aa456bdc538d0e231a13 DependenciesID=5099bd25c1ff730fef026543e3997789 StaticDependenciesID=e320173f96e14a030e691b6baeb818db 
Number of updated asset objects reloaded before import = 0
Number of asset objects unloaded after import = 0
========================================================================
Received Import Request.
  Time of request: 2026-10-01T08:15:29.1537336Z
  Time since last request: 0.0002364 seconds.
  importAddress: GUID: 425f55e9ef81a5e48b87c5d6b1bbf35c - Path: Packages/com.unity.ai.navigation/EditorResources/d_NavigationWindowIcon.png - Importer: ScriptedImporter/UnityEditor.QuickSearchModule:UnityEditor.Search:ASIAI0B
Importing 'GUID: 425f55e9ef81a5e48b87c5d6b1bbf35c - Path: Packages/com.unity.ai.navigation/EditorResources/d_NavigationWindowIcon.png - Importer: ScriptedImporter/UnityEditor.QuickSearchModule:UnityEditor.Search:ASIAI0B' with importer (ScriptedImporter : UnityEditor.QuickSearchModule:UnityEditor.Search:ASIAI0B)
Imported 'GUID: 425f55e9ef81a5e48b87c5d6b1bbf35c' -> (Import Result ID: 'e912b604c62e0bf8626693936a0d1fb4') in 0.004 seconds [static and dynamic dependencies]. Details - ImportResultOutputID=e2871a42667179731a0a47505700bf73 DependenciesID=78e55c8aa1a4033d5891cfcf43ad7f3f StaticDependenciesID=38c290344054c5c89c993a6a767eb8e1 
Number of updated asset objects reloaded before import = 0
Number of asset objects unloaded after import = 1
========================================================================
Received Import Request.
  Time of request: 2026-10-01T08:15:29.1861272Z
  Time since last request: 0.0202391 seconds.
  importAddress: GUID: 202accd362464ac0b604bb6d336eb8aa - Path: Packages/com.unity.ai.navigation/Editor/Updater/OffMeshLinkConverter.cs - Importer: ScriptedImporter/UnityEditor.QuickSearchModule:UnityEditor.Search:ASIAI0B
Importing 'GUID: 202accd362464ac0b604bb6d336eb8aa - Path: Packages/com.unity.ai.navigation/Editor/Updater/OffMeshLinkConverter.cs - Importer: ScriptedImporter/UnityEditor.QuickSearchModule:UnityEditor.Search:ASIAI0B' with importer (ScriptedImporter : UnityEditor.QuickSearchModule:UnityEditor.Search:ASIAI0B)
Imported 'GUID: 202accd362464ac0b604bb6d336eb8aa' -> (Import Result ID: '04d3c2ac9f64993c5e685862baac649c') in 0.002 seconds [static and dynamic dependencies]. Details - ImportResultOutputID=854613335679e5f20940372cba26ca43 DependenciesID=0f87e36f5a60b8676d0692c71d8d62d9 StaticDependenciesID=58bab02e378350bab4381be8f53468d1 
Number of updated asset objects reloaded before import = 0
Number of asset objects unloaded after import = 0
========================================================================
Received Import Request.
  Time of request: 2026-10-01T08:15:29.1966945Z
  Time since last request: 0.0002678 seconds.
  importAddress: GUID: 731522d95656bec42a5fc0bdc672ebe9 - Path: Packages/com.unity.ai.navigation/EditorResources/Overlay/NavigationOverlay@16.png - Importer: ScriptedImporter/UnityEditor.QuickSearchModule:UnityEditor.Search:ASIAI0B
Importing 'GUID: 731522d95656bec42a5fc0bdc672ebe9 - Path: Packages/com.unity.ai.navigation/EditorResources/Overlay/NavigationOverlay@16.png - Importer: ScriptedImporter/UnityEditor.QuickSearchModule:UnityEditor.Search:ASIAI0B' with importer (ScriptedImporter : UnityEditor.QuickSearchModule:UnityEditor.Search:ASIAI0B)
Imported 'GUID: 731522d95656bec42a5fc0bdc672ebe9' -> (Import Result ID: '378c92f0387d1479c79e54f47e73dc8a') in 0.004 seconds [static and dynamic dependencies]. Details - ImportResultOutputID=364c5220eef4962a8bed4b11df5ff559 DependenciesID=4c7d15b3a215b9f1d5a37c1bbbeb5ec8 StaticDependenciesID=9e7f0a16105869ddff29a5522ccc006c 
Number of updated asset objects reloaded before import = 0
Number of asset objects unloaded after import = 1
========================================================================
Received Import Request.
  Time of request: 2026-10-01T08:15:29.211256Z
  Time since last request: 0.0003244 seconds.
  importAddress: GUID: 5747e6c564aaa4e468d457a54f2e508d - Path: Packages/com.unity.ai.navigation/Editor/Updater/NavMeshSceneConverter.cs - Importer: ScriptedImporter/UnityEditor.QuickSearchModule:UnityEditor.Search:ASIAI0B
Importing 'GUID: 5747e6c564aaa4e468d457a54f2e508d - Path: Packages/com.unity.ai.navigation/Editor/Updater/NavMeshSceneConverter.cs - Importer: ScriptedImporter/UnityEditor.QuickSearchModule:UnityEditor.Search:ASIAI0B' with importer (ScriptedImporter : UnityEditor.QuickSearchModule:UnityEditor.Search:ASIAI0B)
Imported 'GUID: 5747e6c564aaa4e468d457a54f2e508d' -> (Import Result ID: 'ca21bdb6641241d63dbc40eff5a527c0') in 0.002 seconds [static and dynamic dependencies]. Details - ImportResultOutputID=ac6ad13d857a0d379eeb5c4ad282cf7c DependenciesID=aa1cb8fe4646bb36203617d680aafa51 StaticDependenciesID=8cc08e26c219eea64667adbb8672142a 
Number of updated asset objects reloaded before import = 0
Number of asset objects unloaded after import = 0
========================================================================
Received Import Request.
  Time of request: 2026-10-01T08:15:29.2214511Z
  Time since last request: 0.0002665 seconds.
  importAddress: GUID: 642f7453935154b44afc516c07b1d009 - Path: Packages/com.unity.ai.navigation/EditorResources/Overlay/d_NavigationOverlay On@256.png - Importer: ScriptedImporter/UnityEditor.QuickSearchModule:UnityEditor.Search:ASIAI0B
Importing 'GUID: 642f7453935154b44afc516c07b1d009 - Path: Packages/com.unity.ai.navigation/EditorResources/Overlay/d_NavigationOverlay On@256.png - Importer: ScriptedImporter/UnityEditor.QuickSearchModule:UnityEditor.Search:ASIAI0B' with importer (ScriptedImporter : UnityEditor.QuickSearchModule:UnityEditor.Search:ASIAI0B)
Imported 'GUID: 642f7453935154b44afc516c07b1d009' -> (Import Result ID: '4e53fff2b0f11402aba9067805f89ca8') in 0.004 seconds [static and dynamic dependencies]. Details - ImportResultOutputID=3d2b61d0239bbce5c3bf4931d37d2356 DependenciesID=5147ab4cc973cdfd5b3d5c2c4ee55eee StaticDependenciesID=5924544330e51a362c50e67e2cd450f6 
Number of updated asset objects reloaded before import = 0
Number of asset objects unloaded after import = 1
========================================================================
Received Import Request.
  Time of request: 2026-10-01T08:15:29.2348572Z
  Time since last request: 0.0003533 seconds.
  importAddress: GUID: 1497075210b6dcd4c8f31ecfc6c5c79c - Path: Packages/com.unity.ai.navigation/EditorResources/Overlay/NavigationOverlay@256.png - Importer: ScriptedImporter/UnityEditor.QuickSearchModule:UnityEditor.Search:ASIAI0B
Importing 'GUID: 1497075210b6dcd4c8f31ecfc6c5c79c - Path: Packages/com.unity.ai.navigation/EditorResources/Overlay/NavigationOverlay@256.png - Importer: ScriptedImporter/UnityEditor.QuickSearchModule:UnityEditor.Search:ASIAI0B' with importer (ScriptedImporter : UnityEditor.QuickSearchModule:UnityEditor.Search:ASIAI0B)
Imported 'GUID: 1497075210b6dcd4c8f31ecfc6c5c79c' -> (Import Result ID: 'ef2b8bc0c2ae34cc2552fb2fc23b0cc8') in 0.004 seconds [static and dynamic dependencies]. Details - ImportResultOutputID=036a1d944f2be02b5a7ac05cee3eaf6b DependenciesID=b68435f12dde16665ea323e449de6de5 StaticDependenciesID=9ba46921d9f83b16cd54be74ead72d6c 
Number of updated asset objects reloaded before import = 0
Number of asset objects unloaded after import = 1
========================================================================
Received Import Request.
  Time of request: 2026-10-01T08:15:29.2719322Z
  Time since last request: 0.0242474 seconds.
  importAddress: GUID: de1079f91ae5b43499b7c7e4f1269884 - Path: Packages/com.unity.shadergraph/ShaderGraphLibrary/Unity.RenderPipelines.ShaderGraph.ShaderGraphLibrary.asmdef - Importer: ScriptedImporter/UnityEditor.QuickSearchModule:UnityEditor.Search:ASIAI0B
Importing 'GUID: de1079f91ae5b43499b7c7e4f1269884 - Path: Packages/com.unity.shadergraph/ShaderGraphLibrary/Unity.RenderPipelines.ShaderGraph.ShaderGraphLibrary.asmdef - Importer: ScriptedImporter/UnityEditor.QuickSearchModule:UnityEditor.Search:ASIAI0B' with importer (ScriptedImporter : UnityEditor.QuickSearchModule:UnityEditor.Search:ASIAI0B)
Imported 'GUID: de1079f91ae5b43499b7c7e4f1269884' -> (Import Result ID: '50e82388d61f83f7ed0adc6e1eaaa3c1') in 0.003 seconds [static and dynamic dependencies]. Details - ImportResultOutputID=ba8b74732498cb8fb15edb6d66feb365 DependenciesID=cd934f7a68264f414c6f8e1ade67e700 StaticDependenciesID=9ecf0135896d07cffd053b6709fb05b5 
Number of updated asset objects reloaded before import = 0
Number of asset objects unloaded after import = 1
========================================================================
Received Import Request.
  Time of request: 2026-10-01T08:15:29.2842115Z
  Time since last request: 0.0002458 seconds.
  importAddress: GUID: e2d09a26ce46dc617b54e49a534ace20 - Path: Packages/com.unity.modules.ai/package.ModuleCompilationTrigger - Importer: ScriptedImporter/UnityEditor.QuickSearchModule:UnityEditor.Search:ASIAI0B
Importing 'GUID: e2d09a26ce46dc617b54e49a534ace20 - Path: Packages/com.unity.modules.ai/package.ModuleCompilationTrigger - Importer: ScriptedImporter/UnityEditor.QuickSearchModule:UnityEditor.Search:ASIAI0B' with importer (ScriptedImporter : UnityEditor.QuickSearchModule:UnityEditor.Search:ASIAI0B)
Imported 'GUID: e2d09a26ce46dc617b54e49a534ace20' -> (Import Result ID: '1f39702eba78459be9a650d7d48b8201') in 0.002 seconds [static and dynamic dependencies]. Details - ImportResultOutputID=840dda6127ecdf307a805f47b5e00362 DependenciesID=d5859fc7470f7211a67fa363639bbd48 StaticDependenciesID=7c16edf7291df62f1be250db19e93daf 
Number of updated asset objects reloaded before import = 0
Number of asset objects unloaded after import = 1
========================================================================
Received Import Request.
  Time of request: 2026-10-01T08:15:29.2949711Z
  Time since last request: 0.0002813 seconds.
  importAddress: GUID: 5248225944112fb418a213fa587fe10d - Path: Packages/com.unity.shadergraph/ShaderGraphLibrary/LODDitheringTransition.hlsl - Importer: ScriptedImporter/UnityEditor.QuickSearchModule:UnityEditor.Search:ASIAI0B
Importing 'GUID: 5248225944112fb418a213fa587fe10d - Path: Packages/com.unity.shadergraph/ShaderGraphLibrary/LODDitheringTransition.hlsl - Importer: ScriptedImporter/UnityEditor.QuickSearchModule:UnityEditor.Search:ASIAI0B' with importer (ScriptedImporter : UnityEditor.QuickSearchModule:UnityEditor.Search:ASIAI0B)
Imported 'GUID: 5248225944112fb418a213fa587fe10d' -> (Import Result ID: '0862f8a5e34be2501f83ad6a901987bf') in 0.002 seconds [static and dynamic dependencies]. Details - ImportResultOutputID=eb4e3d658ca17576d6a7f9f5671acb33 DependenciesID=0d1cd8c354b885d3abe65992ae7b21f2 StaticDependenciesID=8716a308fa6448842bfb5982505c663c 
Number of updated asset objects reloaded before import = 0
Number of asset objects unloaded after import = 1
========================================================================
Received Import Request.
  Time of request: 2026-10-01T08:15:29.3062168Z
  Time since last request: 0.000355 seconds.
  importAddress: GUID: 8dfa4982c4e3ac6429fc1c375d3ceea2 - Path: Packages/com.unity.shadergraph/Editor/Data/ContextData.cs - Importer: ScriptedImporter/UnityEditor.QuickSearchModule:UnityEditor.Search:ASIAI0B
Importing 'GUID: 8dfa4982c4e3ac6429fc1c375d3ceea2 - Path: Packages/com.unity.shadergraph/Editor/Data/ContextData.cs - Importer: ScriptedImporter/UnityEditor.QuickSearchModule:UnityEditor.Search:ASIAI0B' with importer (ScriptedImporter : UnityEditor.QuickSearchModule:UnityEditor.Search:ASIAI0B)
Imported 'GUID: 8dfa4982c4e3ac6429fc1c375d3ceea2' -> (Import Result ID: '82e867b8e191d191a0414fecb03515b6') in 0.002 seconds [static and dynamic dependencies]. Details - ImportResultOutputID=5f5deb4229278eca681ed6544d1c34c4 DependenciesID=2edfe6aeb9c25de0f2ddb673f47af8d8 StaticDependenciesID=a8266bcb012f7716179ed5c7f95a4e01 
Number of updated asset objects reloaded before import = 0
Number of asset objects unloaded after import = 0
========================================================================
Received Import Request.
  Time of request: 2026-10-01T08:15:29.3169355Z
  Time since last request: 0.0003015 seconds.
  importAddress: GUID: 1a22b696fd5d94fa4bd8972d644e4b97 - Path: Packages/com.unity.shadergraph/Editor/Extensions/IConditionalExtensions.cs - Importer: ScriptedImporter/UnityEditor.QuickSearchModule:UnityEditor.Search:ASIAI0B
Importing 'GUID: 1a22b696fd5d94fa4bd8972d644e4b97 - Path: Packages/com.unity.shadergraph/Editor/Extensions/IConditionalExtensions.cs - Importer: ScriptedImporter/UnityEditor.QuickSearchModule:UnityEditor.Search:ASIAI0B' with importer (ScriptedImporter : UnityEditor.QuickSearchModule:UnityEditor.Search:ASIAI0B)
Imported 'GUID: 1a22b696fd5d94fa4bd8972d644e4b97' -> (Import Result ID: '0d6eccbcf15d33a570819d032c861674') in 0.002 seconds [static and dynamic dependencies]. Details - ImportResultOutputID=c6753cabeb56a51df66398a88334e3e1 DependenciesID=ed0eed4b099db2827a5e6a794da25bd4 StaticDependenciesID=3a9ea6eb5c838259d81a744eef79cc19 
Number of updated asset objects reloaded before import = 0
Number of asset objects unloaded after import = 0
========================================================================
Received Import Request.
  Time of request: 2026-10-01T08:15:29.3277581Z
  Time since last request: 0.0003157 seconds.
  importAddress: GUID: 7ef2cf71ad164fe479662ae612dff99e - Path: Packages/com.unity.shadergraph/GraphTemplates/Custom Render Texture.shadergraph - Importer: ScriptedImporter/UnityEditor.QuickSearchModule:UnityEditor.Search:ASIAI0B
Importing 'GUID: 7ef2cf71ad164fe479662ae612dff99e - Path: Packages/com.unity.shadergraph/GraphTemplates/Custom Render Texture.shadergraph - Importer: ScriptedImporter/UnityEditor.QuickSearchModule:UnityEditor.Search:ASIAI0B' with importer (ScriptedImporter : UnityEditor.QuickSearchModule:UnityEditor.Search:ASIAI0B)
Imported 'GUID: 7ef2cf71ad164fe479662ae612dff99e' -> (Import Result ID: 'fb533924a0913be1a82bc0a2f49ed378') in 0.036 seconds [static and dynamic dependencies]. Details - ImportResultOutputID=b808be420306fe55899a6876764cee05 DependenciesID=03ab69c4f6db402be746b5ee3f7ef2f3 StaticDependenciesID=71ec5bc5a9be240e1b454d7bdafbbcad 
Number of updated asset objects reloaded before import = 0
Number of asset objects unloaded after import = 5
========================================================================
Received Import Request.
  Time of request: 2026-10-01T08:15:29.3774235Z
  Time since last request: 0.0063728 seconds.
  importAddress: GUID: 7c1717b624ad45ccbb3fa6bec28af711 - Path: Packages/com.unity.shadergraph/Editor/Util/CompatibilityExtensions.cs - Importer: ScriptedImporter/UnityEditor.QuickSearchModule:UnityEditor.Search:ASIAI0B
Importing 'GUID: 7c1717b624ad45ccbb3fa6bec28af711 - Path: Packages/com.unity.shadergraph/Editor/Util/CompatibilityExtensions.cs - Importer: ScriptedImporter/UnityEditor.QuickSearchModule:UnityEditor.Search:ASIAI0B' with importer (ScriptedImporter : UnityEditor.QuickSearchModule:UnityEditor.Search:ASIAI0B)
Imported 'GUID: 7c1717b624ad45ccbb3fa6bec28af711' -> (Import Result ID: 'c1c217472fc126129ad4fe412fe001db') in 0.002 seconds [static and dynamic dependencies]. Details - ImportResultOutputID=01123f989dad329584734d0b852997cf DependenciesID=92a250a0cdd3635bdc238929999e3f2b StaticDependenciesID=cfb6b158a8451ad610b2277e31ca228e 
Number of updated asset objects reloaded before import = 0
Number of asset objects unloaded after import = 0
========================================================================
Received Import Request.
  Time of request: 2026-10-01T08:15:29.3882279Z
  Time since last request: 0.0002557 seconds.
  importAddress: GUID: 5a4a765e921b8554eb959f7cf697b3be - Path: Packages/com.unity.shadergraph/GraphTemplates/Cross Pipeline/UGUI Canvas Basic.shadergraph - Importer: ScriptedImporter/UnityEditor.QuickSearchModule:UnityEditor.Search:ASIAI0B
Importing 'GUID: 5a4a765e921b8554eb959f7cf697b3be - Path: Packages/com.unity.shadergraph/GraphTemplates/Cross Pipeline/UGUI Canvas Basic.shadergraph - Importer: ScriptedImporter/UnityEditor.QuickSearchModule:UnityEditor.Search:ASIAI0B' with importer (ScriptedImporter : UnityEditor.QuickSearchModule:UnityEditor.Search:ASIAI0B)
Imported 'GUID: 5a4a765e921b8554eb959f7cf697b3be' -> (Import Result ID: '9b40b2eb1f5486c21dff406893622055') in 0.016 seconds [static and dynamic dependencies]. Details - ImportResultOutputID=e8eab3a2a8bedd1c77d82962881837bd DependenciesID=2e4aa705efacf26a76ede0d0e62656c2 StaticDependenciesID=19cd9f76ae97766b9ba609b1de5376fe 
Number of updated asset objects reloaded before import = 0
Number of asset objects unloaded after import = 5
========================================================================
Received Import Request.
  Time of request: 2026-10-01T08:15:29.4125679Z
  Time since last request: 0.0000155 seconds.
  importAddress: GUID: f9c0c57b328abb94982f26ec960996d2 - Path: Packages/com.unity.shadergraph/Editor/Util/TypeMapper.cs - Importer: ScriptedImporter/UnityEditor.QuickSearchModule:UnityEditor.Search:ASIAI0B
Importing 'GUID: f9c0c57b328abb94982f26ec960996d2 - Path: Packages/com.unity.shadergraph/Editor/Util/TypeMapper.cs - Importer: ScriptedImporter/UnityEditor.QuickSearchModule:UnityEditor.Search:ASIAI0B' with importer (ScriptedImporter : UnityEditor.QuickSearchModule:UnityEditor.Search:ASIAI0B)
Imported 'GUID: f9c0c57b328abb94982f26ec960996d2' -> (Import Result ID: '461c55abdd21249d4cc86fd07f544032') in 0.002 seconds [static and dynamic dependencies]. Details - ImportResultOutputID=d9f6f7ec9070b29daefc2b3f20413a32 DependenciesID=6110fa4c9583f21a4aa2f811b2812fb6 StaticDependenciesID=55090472373d4ab4da1e76c3bb65a547 
Number of updated asset objects reloaded before import = 0
Number of asset objects unloaded after import = 0
========================================================================
Received Import Request.
  Time of request: 2026-10-01T08:15:29.4261387Z
  Time since last request: 0.0003773 seconds.
  importAddress: GUID: dbb40aecee858904688ec620c225e96b - Path: Packages/com.unity.shadergraph/Editor/Interface/IConditional.cs - Importer: ScriptedImporter/UnityEditor.QuickSearchModule:UnityEditor.Search:ASIAI0B
Importing 'GUID: dbb40aecee858904688ec620c225e96b - Path: Packages/com.unity.shadergraph/Editor/Interface/IConditional.cs - Importer: ScriptedImporter/UnityEditor.QuickSearchModule:UnityEditor.Search:ASIAI0B' with importer (ScriptedImporter : UnityEditor.QuickSearchModule:UnityEditor.Search:ASIAI0B)
Imported 'GUID: dbb40aecee858904688ec620c225e96b' -> (Import Result ID: 'cd7ce5176c7863c1aaee53492ebbfc2f') in 0.003 seconds [static and dynamic dependencies]. Details - ImportResultOutputID=53967ccc448a15bad50518f65fe529a9 DependenciesID=0c7dda3bae52eb662a8ed4effa57ff07 StaticDependenciesID=56bc2419996dd8db9e2005369451316b 
Number of updated asset objects reloaded before import = 0
Number of asset objects unloaded after import = 0
========================================================================
Received Import Request.
  Time of request: 2026-10-01T08:15:29.4386964Z
  Time since last request: 0.0004405 seconds.
  importAddress: GUID: cec81f6c3e8754945851d1776f968cac - Path: Packages/com.unity.shadergraph/Editor/ProviderSystem/GroupVariantControl.cs - Importer: ScriptedImporter/UnityEditor.QuickSearchModule:UnityEditor.Search:ASIAI0B
Importing 'GUID: cec81f6c3e8754945851d1776f968cac - Path: Packages/com.unity.shadergraph/Editor/ProviderSystem/GroupVariantControl.cs - Importer: ScriptedImporter/UnityEditor.QuickSearchModule:UnityEditor.Search:ASIAI0B' with importer (ScriptedImporter : UnityEditor.QuickSearchModule:UnityEditor.Search:ASIAI0B)
Imported 'GUID: cec81f6c3e8754945851d1776f968cac' -> (Import Result ID: '234a367209cc6c7d400d095ac27601b3') in 0.002 seconds [static and dynamic dependencies]. Details - ImportResultOutputID=49a5b05c501ff671e76c3e93da3bd688 DependenciesID=0ee2d09a077a1fdf4cc7207ef611b788 StaticDependenciesID=536606224bf8c7a2bf0c04c38846bb49 
Number of updated asset objects reloaded before import = 0
Number of asset objects unloaded after import = 0
========================================================================
Received Import Request.
  Time of request: 2026-10-01T08:15:29.45056Z
  Time since last request: 0.0003039 seconds.
  importAddress: GUID: 0caa65fda47242128d10c61c4f127a95 - Path: Packages/com.unity.shadergraph/Editor/Serialization/MultiJsonInternal.cs - Importer: ScriptedImporter/UnityEditor.QuickSearchModule:UnityEditor.Search:ASIAI0B
Importing 'GUID: 0caa65fda47242128d10c61c4f127a95 - Path: Packages/com.unity.shadergraph/Editor/Serialization/MultiJsonInternal.cs - Importer: ScriptedImporter/UnityEditor.QuickSearchModule:UnityEditor.Search:ASIAI0B' with importer (ScriptedImporter : UnityEditor.QuickSearchModule:UnityEditor.Search:ASIAI0B)
Imported 'GUID: 0caa65fda47242128d10c61c4f127a95' -> (Import Result ID: 'f10148968c6ad0dc962b5f0047bc7fb1') in 0.002 seconds [static and dynamic dependencies]. Details - ImportResultOutputID=8c69e33402f288ca095b4a9047aa1c8f DependenciesID=8edcd41ee93320314cb8197e87cf62f5 StaticDependenciesID=5e3607314cc459ec53a875f3a6d0ac88 
Number of updated asset objects reloaded before import = 0
Number of asset objects unloaded after import = 0
========================================================================
Received Import Request.
  Time of request: 2026-10-01T08:15:29.4606977Z
  Time since last request: 0.0002879 seconds.
  importAddress: GUID: f4edc0353630446093713b6b40464e5f - Path: Packages/com.unity.shadergraph/Editor/Serialization/MultiJsonEntry.cs - Importer: ScriptedImporter/UnityEditor.QuickSearchModule:UnityEditor.Search:ASIAI0B
Importing 'GUID: f4edc0353630446093713b6b40464e5f - Path: Packages/com.unity.shadergraph/Editor/Serialization/MultiJsonEntry.cs - Importer: ScriptedImporter/UnityEditor.QuickSearchModule:UnityEditor.Search:ASIAI0B' with importer (ScriptedImporter : UnityEditor.QuickSearchModule:UnityEditor.Search:ASIAI0B)
Imported 'GUID: f4edc0353630446093713b6b40464e5f' -> (Import Result ID: '3930145bec10f937afdbb73799f5dc9e') in 0.002 seconds [static and dynamic dependencies]. Details - ImportResultOutputID=9c1c43ac98875c963e31007586a62d25 DependenciesID=c6193dde3f282ece7864a1e4ffd17f2d StaticDependenciesID=1a88d4f671f146e9f5b1f2786e78c88f 
Number of updated asset objects reloaded before import = 0
Number of asset objects unloaded after import = 0
========================================================================
Received Import Request.
  Time of request: 2026-10-01T08:15:29.4717926Z
  Time since last request: 0.0002803 seconds.
  importAddress: GUID: 57a79624959347419f3ed039bdee4f81 - Path: Packages/com.unity.shadergraph/Editor/Serialization/RefDataEnumerable.cs - Importer: ScriptedImporter/UnityEditor.QuickSearchModule:UnityEditor.Search:ASIAI0B
Importing 'GUID: 57a79624959347419f3ed039bdee4f81 - Path: Packages/com.unity.shadergraph/Editor/Serialization/RefDataEnumerable.cs - Importer: ScriptedImporter/UnityEditor.QuickSearchModule:UnityEditor.Search:ASIAI0B' with importer (ScriptedImporter : UnityEditor.QuickSearchModule:UnityEditor.Search:ASIAI0B)
Imported 'GUID: 57a79624959347419f3ed039bdee4f81' -> (Import Result ID: '553f52f758c8bf9636d5d020355c0e3d') in 0.002 seconds [static and dynamic dependencies]. Details - ImportResultOutputID=12bf3bb3b96647f5254bff191dfceb71 DependenciesID=e701aa65d1a8ebac67764b74746614a6 StaticDependenciesID=02d3a7f4f770290a7e1d5b5dd8fc3ba2 
Number of updated asset objects reloaded before import = 0
Number of asset objects unloaded after import = 0
========================================================================
Received Import Request.
  Time of request: 2026-10-01T08:15:29.4849006Z
  Time since last request: 0.0002434 seconds.
  importAddress: GUID: 8c48f9c41990b0242bcf63d2db521237 - Path: Packages/com.unity.shadergraph/Editor/Util/ListUtilities.cs - Importer: ScriptedImporter/UnityEditor.QuickSearchModule:UnityEditor.Search:ASIAI0B
Importing 'GUID: 8c48f9c41990b0242bcf63d2db521237 - Path: Packages/com.unity.shadergraph/Editor/Util/ListUtilities.cs - Importer: ScriptedImporter/UnityEditor.QuickSearchModule:UnityEditor.Search:ASIAI0B' with importer (ScriptedImporter : UnityEditor.QuickSearchModule:UnityEditor.Search:ASIAI0B)
Imported 'GUID: 8c48f9c41990b0242bcf63d2db521237' -> (Import Result ID: '98c9549c2762f0550e9cd6bf842150bb') in 0.002 seconds [static and dynamic dependencies]. Details - ImportResultOutputID=155c6ba0438b50739173de4b0cd261e7 DependenciesID=874d1b802c93219c9359f12005d97099 StaticDependenciesID=9eaf7d255b4b7f6af2850df0b3a95a5b 
Number of updated asset objects reloaded before import = 0
Number of asset objects unloaded after import = 0
========================================================================
Received Import Request.
  Time of request: 2026-10-01T08:15:29.6497249Z
  Time since last request: 0.1546024 seconds.
  importAddress: GUID: 60f6b7b276d03134e9b565b19546e94c - Path: Packages/com.unity.shadergraph/GraphTemplates/Subgraphs/UV Scale.shadersubgraph - Importer: ScriptedImporter/UnityEditor.QuickSearchModule:UnityEditor.Search:ASIAI0B
Importing 'GUID: 60f6b7b276d03134e9b565b19546e94c - Path: Packages/com.unity.shadergraph/GraphTemplates/Subgraphs/UV Scale.shadersubgraph - Importer: ScriptedImporter/UnityEditor.QuickSearchModule:UnityEditor.Search:ASIAI0B' with importer (ScriptedImporter : UnityEditor.QuickSearchModule:UnityEditor.Search:ASIAI0B)
Imported 'GUID: 60f6b7b276d03134e9b565b19546e94c' -> (Import Result ID: '18646697d5f91ff47ebb10c9d4a86804') in 0.010 seconds [static and dynamic dependencies]. Details - ImportResultOutputID=ee125385c6c51548b2f18f8b0503701b DependenciesID=4c0df82dac33f37ac0957ef9a6605d9f StaticDependenciesID=b8ad2aa3dc7be92d06516704eed21b4e 
Number of updated asset objects reloaded before import = 0
Number of asset objects unloaded after import = 1
========================================================================
Received Import Request.
  Time of request: 2026-10-01T08:15:29.6677823Z
  Time since last request: 0.000181 seconds.
  importAddress: GUID: f20330646a5d9ab4ba73ed235396a7a6 - Path: Packages/com.unity.shadergraph/GraphTemplates/Subgraphs/Circle.shadersubgraph - Importer: ScriptedImporter/UnityEditor.QuickSearchModule:UnityEditor.Search:ASIAI0B
Importing 'GUID: f20330646a5d9ab4ba73ed235396a7a6 - Path: Packages/com.unity.shadergraph/GraphTemplates/Subgraphs/Circle.shadersubgraph - Importer: ScriptedImporter/UnityEditor.QuickSearchModule:UnityEditor.Search:ASIAI0B' with importer (ScriptedImporter : UnityEditor.QuickSearchModule:UnityEditor.Search:ASIAI0B)
Imported 'GUID: f20330646a5d9ab4ba73ed235396a7a6' -> (Import Result ID: 'faee18c3cee1ad5bee34844ce4388652') in 0.003 seconds [static and dynamic dependencies]. Details - ImportResultOutputID=9f8e99739e6f74be871affb0100f1361 DependenciesID=969d2c097ab8691d520986a5c4634560 StaticDependenciesID=209e530de3bc4ea69973b33e096ce75b 
Number of updated asset objects reloaded before import = 0
Number of asset objects unloaded after import = 1
========================================================================
Received Import Request.
  Time of request: 2026-10-01T08:15:29.6807895Z
  Time since last request: 0.0002865 seconds.
  importAddress: GUID: bb515ce764324b444b925949646460fe - Path: Packages/com.unity.shadergraph/GraphTemplates/Subgraphs/HeightMask.shadersubgraph - Importer: ScriptedImporter/UnityEditor.QuickSearchModule:UnityEditor.Search:ASIAI0B
Importing 'GUID: bb515ce764324b444b925949646460fe - Path: Packages/com.unity.shadergraph/GraphTemplates/Subgraphs/HeightMask.shadersubgraph - Importer: ScriptedImporter/UnityEditor.QuickSearchModule:UnityEditor.Search:ASIAI0B' with importer (ScriptedImporter : UnityEditor.QuickSearchModule:UnityEditor.Search:ASIAI0B)
Imported 'GUID: bb515ce764324b444b925949646460fe' -> (Import Result ID: '8f7cf829d9d4cb91704d0e61245cbf61') in 0.003 seconds [static and dynamic dependencies]. Details - ImportResultOutputID=a478b3e70e3f2c879a112e30cb8fbe98 DependenciesID=6b7b44da852d686d36c45367ac7d4b39 StaticDependenciesID=22f0b35b4e5a04ecec13ba6cbeab6bd4 
Number of updated asset objects reloaded before import = 0
Number of asset objects unloaded after import = 1
========================================================================
Received Import Request.
  Time of request: 2026-10-01T08:15:29.6917175Z
  Time since last request: 0.0002808 seconds.
  importAddress: GUID: b04441f4a83ad224d92d547d170c366b - Path: Packages/com.unity.shadergraph/ShaderGraphLibrary/Nature/SpeedTree8InterpolatedNormals.shadersubgraph - Importer: ScriptedImporter/UnityEditor.QuickSearchModule:UnityEditor.Search:ASIAI0B
Importing 'GUID: b04441f4a83ad224d92d547d170c366b - Path: Packages/com.unity.shadergraph/ShaderGraphLibrary/Nature/SpeedTree8InterpolatedNormals.shadersubgraph - Importer: ScriptedImporter/UnityEditor.QuickSearchModule:UnityEditor.Search:ASIAI0B' with importer (ScriptedImporter : UnityEditor.QuickSearchModule:UnityEditor.Search:ASIAI0B)
Imported 'GUID: b04441f4a83ad224d92d547d170c366b' -> (Import Result ID: '43bd5a04fc313d75e22d2cd4070465eb') in 0.004 seconds [static and dynamic dependencies]. Details - ImportResultOutputID=4ddcc62543b35475849049202a30b7a6 DependenciesID=74f7740260ae4056c8e74785fc1f8eed StaticDependenciesID=1064aa90ae08a3ca329faca67a59c029 
Number of updated asset objects reloaded before import = 0
Number of asset objects unloaded after import = 1
========================================================================
Received Import Request.
  Time of request: 2026-10-01T08:15:29.7059454Z
  Time since last request: 0.0003098 seconds.
  importAddress: GUID: e1ea40df0c5f7d14a96e0bac1ae79489 - Path: Packages/com.unity.shadergraph/GraphTemplates/Subgraphs/Particle Distortion.shadersubgraph - Importer: ScriptedImporter/UnityEditor.QuickSearchModule:UnityEditor.Search:ASIAI0B
Importing 'GUID: e1ea40df0c5f7d14a96e0bac1ae79489 - Path: Packages/com.unity.shadergraph/GraphTemplates/Subgraphs/Particle Distortion.shadersubgraph - Importer: ScriptedImporter/UnityEditor.QuickSearchModule:UnityEditor.Search:ASIAI0B' with importer (ScriptedImporter : UnityEditor.QuickSearchModule:UnityEditor.Search:ASIAI0B)
Imported 'GUID: e1ea40df0c5f7d14a96e0bac1ae79489' -> (Import Result ID: '73b8ccda0a3437f630f23129d6432d89') in 0.003 seconds [static and dynamic dependencies]. Details - ImportResultOutputID=c566af6d4a697e92d61cfeb3e019f4d2 DependenciesID=5c497e5b62854060403c4645cfddd8f1 StaticDependenciesID=ad759a9d6f908174a65bdc3eb397d501 
Number of updated asset objects reloaded before import = 0
Number of asset objects unloaded after import = 1
========================================================================
Received Import Request.
  Time of request: 2026-10-01T08:15:29.7213335Z
  Time since last request: 0.0035835 seconds.
  importAddress: GUID: 332fa5bbacd1429da13c8290552956d3 - Path: Packages/com.unity.shadergraph/Editor/Data/Graphs/CategoryData.cs - Importer: ScriptedImporter/UnityEditor.QuickSearchModule:UnityEditor.Search:ASIAI0B
Importing 'GUID: 332fa5bbacd1429da13c8290552956d3 - Path: Packages/com.unity.shadergraph/Editor/Data/Graphs/CategoryData.cs - Importer: ScriptedImporter/UnityEditor.QuickSearchModule:UnityEditor.Search:ASIAI0B' with importer (ScriptedImporter : UnityEditor.QuickSearchModule:UnityEditor.Search:ASIAI0B)
Imported 'GUID: 332fa5bbacd1429da13c8290552956d3' -> (Import Result ID: '3d299fb3ea5f99b5b2d9fd15cabe7d66') in 0.002 seconds [static and dynamic dependencies]. Details - ImportResultOutputID=91d6a052b0bc0611382a4e072d4b56bf DependenciesID=50f31d11dea3ff18528ee66771d774a6 StaticDependenciesID=b417076596aeb8aa7c87a1b953a20ec8 
Number of updated asset objects reloaded before import = 0
Number of asset objects unloaded after import = 0
========================================================================
Received Import Request.
  Time of request: 2026-10-01T08:15:29.7323565Z
  Time since last request: 0.0004562 seconds.
  importAddress: GUID: 69e137d338a024949b0a96921f86ee50 - Path: Packages/com.unity.shadergraph/Editor/Data/Graphs/Matrix4MaterialSlot.cs - Importer: ScriptedImporter/UnityEditor.QuickSearchModule:UnityEditor.Search:ASIAI0B
Importing 'GUID: 69e137d338a024949b0a96921f86ee50 - Path: Packages/com.unity.shadergraph/Editor/Data/Graphs/Matrix4MaterialSlot.cs - Importer: ScriptedImporter/UnityEditor.QuickSearchModule:UnityEditor.Search:ASIAI0B' with importer (ScriptedImporter : UnityEditor.QuickSearchModule:UnityEditor.Search:ASIAI0B)
Imported 'GUID: 69e137d338a024949b0a96921f86ee50' -> (Import Result ID: '9433938dd64f54e40362a3b65a9c3907') in 0.002 seconds [static and dynamic dependencies]. Details - ImportResultOutputID=a801c7a6a6b2dcf5a6db64dc355d3aaa DependenciesID=a12db5cba8a21f32d2113482b59fc9be StaticDependenciesID=bb42f5f44b285d4b68b4d30c6673bd65 
Number of updated asset objects reloaded before import = 0
Number of asset objects unloaded after import = 0
========================================================================
Received Import Request.
  Time of request: 2026-10-01T08:15:29.7421198Z
  Time since last request: 0.0004346 seconds.
  importAddress: GUID: 5afbdbfda75b8c24ab4c07b8b3deddbe - Path: Packages/com.unity.shadergraph/Editor/Data/Graphs/Matrix3MaterialSlot.cs - Importer: ScriptedImporter/UnityEditor.QuickSearchModule:UnityEditor.Search:ASIAI0B
Importing 'GUID: 5afbdbfda75b8c24ab4c07b8b3deddbe - Path: Packages/com.unity.shadergraph/Editor/Data/Graphs/Matrix3MaterialSlot.cs - Importer: ScriptedImporter/UnityEditor.QuickSearchModule:UnityEditor.Search:ASIAI0B' with importer (ScriptedImporter : UnityEditor.QuickSearchModule:UnityEditor.Search:ASIAI0B)
Imported 'GUID: 5afbdbfda75b8c24ab4c07b8b3deddbe' -> (Import Result ID: '68955288ff9e3e2157234be2964ec5d7') in 0.002 seconds [static and dynamic dependencies]. Details - ImportResultOutputID=6e4eca1d4f7046d8babdb45d8946c6bc DependenciesID=1a77429e8622d0ff7c3f73f34a3bf213 StaticDependenciesID=52899e8575da337066d1508a26bab75a 
Number of updated asset objects reloaded before import = 0
Number of asset objects unloaded after import = 0
========================================================================
Received Import Request.
  Time of request: 2026-10-01T08:15:29.7523006Z
  Time since last request: 0.00054 seconds.
  importAddress: GUID: b0d282a8ab4ff6742a3ec739e59675ee - Path: Packages/com.unity.shadergraph/Editor/Data/Enumerations/Precision.cs - Importer: ScriptedImporter/UnityEditor.QuickSearchModule:UnityEditor.Search:ASIAI0B
Importing 'GUID: b0d282a8ab4ff6742a3ec739e59675ee - Path: Packages/com.unity.shadergraph/Editor/Data/Enumerations/Precision.cs - Importer: ScriptedImporter/UnityEditor.QuickSearchModule:UnityEditor.Search:ASIAI0B' with importer (ScriptedImporter : UnityEditor.QuickSearchModule:UnityEditor.Search:ASIAI0B)
Imported 'GUID: b0d282a8ab4ff6742a3ec739e59675ee' -> (Import Result ID: '759bae08b2a3baaf5c28f1bf0020a6b4') in 0.002 seconds [static and dynamic dependencies]. Details - ImportResultOutputID=9599a90dbd98266c30158a79d5fb9cb5 DependenciesID=c7d575ff13e6752367871d79497ee469 StaticDependenciesID=3686a53eb6e48dee5e50e35f5ea10387 
Number of updated asset objects reloaded before import = 0
Number of asset objects unloaded after import = 0
========================================================================
Received Import Request.
  Time of request: 2026-10-01T08:15:29.7624201Z
  Time since last request: 0.0005295 seconds.
  importAddress: GUID: 135160e3cb114b679f9d5363c349b289 - Path: Packages/com.unity.shadergraph/Editor/Data/Attributes/InspectableAttribute.cs - Importer: ScriptedImporter/UnityEditor.QuickSearchModule:UnityEditor.Search:ASIAI0B
Importing 'GUID: 135160e3cb114b679f9d5363c349b289 - Path: Packages/com.unity.shadergraph/Editor/Data/Attributes/InspectableAttribute.cs - Importer: ScriptedImporter/UnityEditor.QuickSearchModule:UnityEditor.Search:ASIAI0B' with importer (ScriptedImporter : UnityEditor.QuickSearchModule:UnityEditor.Search:ASIAI0B)
Imported 'GUID: 135160e3cb114b679f9d5363c349b289' -> (Import Result ID: '225f9db339ca21066cf8beca0b5eb576') in 0.002 seconds [static and dynamic dependencies]. Details - ImportResultOutputID=315f174e956fd75a677ac8290d67085b DependenciesID=5a49a8c3be5a8a041e8a917082c47a14 StaticDependenciesID=5ae8489c730f05d4c3e51f86dabab243 
Number of updated asset objects reloaded before import = 0
Number of asset objects unloaded after import = 0
========================================================================
Received Import Request.
  Time of request: 2026-10-01T08:15:29.7722005Z
  Time since last request: 0.0002536 seconds.
  importAddress: GUID: 36cfb3f727a7c4a4382422396064c94f - Path: Packages/com.unity.shadergraph/Editor/Data/Graphs/MipmapStreamingShaderProperties.cs - Importer: ScriptedImporter/UnityEditor.QuickSearchModule:UnityEditor.Search:ASIAI0B
Importing 'GUID: 36cfb3f727a7c4a4382422396064c94f - Path: Packages/com.unity.shadergraph/Editor/Data/Graphs/MipmapStreamingShaderProperties.cs - Importer: ScriptedImporter/UnityEditor.QuickSearchModule:UnityEditor.Search:ASIAI0B' with importer (ScriptedImporter : UnityEditor.QuickSearchModule:UnityEditor.Search:ASIAI0B)
Imported 'GUID: 36cfb3f727a7c4a4382422396064c94f' -> (Import Result ID: '67f978515ae1b5c9eaf7538ff6a50ef1') in 0.002 seconds [static and dynamic dependencies]. Details - ImportResultOutputID=f1ad9478b166b19ddbed545f6581e8fe DependenciesID=50ad96e8b6bdd9fe2f0135aa1caa1329 StaticDependenciesID=3b71b7b0f0bfc3614b8310a350b6ede3 
Number of updated asset objects reloaded before import = 0
Number of asset objects unloaded after import = 0
========================================================================
Received Import Request.
  Time of request: 2026-10-01T08:15:29.7819031Z
  Time since last request: 0.0002782 seconds.
  importAddress: GUID: 9bdc66ff87a9fb141b0cb9e8aa3ae0bf - Path: Packages/com.unity.shadergraph/Editor/Data/Attributes/SRPFilterAttribute.cs - Importer: ScriptedImporter/UnityEditor.QuickSearchModule:UnityEditor.Search:ASIAI0B
Importing 'GUID: 9bdc66ff87a9fb141b0cb9e8aa3ae0bf - Path: Packages/com.unity.shadergraph/Editor/Data/Attributes/SRPFilterAttribute.cs - Importer: ScriptedImporter/UnityEditor.QuickSearchModule:UnityEditor.Search:ASIAI0B' with importer (ScriptedImporter : UnityEditor.QuickSearchModule:UnityEditor.Search:ASIAI0B)
Imported 'GUID: 9bdc66ff87a9fb141b0cb9e8aa3ae0bf' -> (Import Result ID: '913f23d385121801220bad11630e20d7') in 0.002 seconds [static and dynamic dependencies]. Details - ImportResultOutputID=600cebbd3961059395d2b9957e6ebb62 DependenciesID=42563be38723e770b206daf82d184f8f StaticDependenciesID=d2fa265ec515ea9468d6267134ef709c 
Number of updated asset objects reloaded before import = 0
Number of asset objects unloaded after import = 0
========================================================================
Received Import Request.
  Time of request: 2026-10-01T08:15:29.8109376Z
  Time since last request: 0.0194547 seconds.
  importAddress: GUID: cd0a34bae4c34534c8c9f19aab9e8ec8 - Path: Packages/com.unity.shadergraph/Editor/Data/Graphs/ShaderDropdown.cs - Importer: ScriptedImporter/UnityEditor.QuickSearchModule:UnityEditor.Search:ASIAI0B
Importing 'GUID: cd0a34bae4c34534c8c9f19aab9e8ec8 - Path: Packages/com.unity.shadergraph/Editor/Data/Graphs/ShaderDropdown.cs - Importer: ScriptedImporter/UnityEditor.QuickSearchModule:UnityEditor.Search:ASIAI0B' with importer (ScriptedImporter : UnityEditor.QuickSearchModule:UnityEditor.Search:ASIAI0B)
Imported 'GUID: cd0a34bae4c34534c8c9f19aab9e8ec8' -> (Import Result ID: 'cf2b2b30427ddcf86244b1eceaa7e24f') in 0.002 seconds [static and dynamic dependencies]. Details - ImportResultOutputID=eeeae48ca2f5f16db7daf4ff60a9267b DependenciesID=e0b6579639fed2d763fbea4b5acaefe8 StaticDependenciesID=bddac7c762986c29787075c2fd037f94 
Number of updated asset objects reloaded before import = 0
Number of asset objects unloaded after import = 0
========================================================================
Received Import Request.
  Time of request: 2026-10-01T08:15:29.8212414Z
  Time since last request: 0.0003192 seconds.
  importAddress: GUID: d35a1ba1f2dabea42ab1fc3d040eec81 - Path: Packages/com.unity.shadergraph/Editor/Data/Implementation/Edge.cs - Importer: ScriptedImporter/UnityEditor.QuickSearchModule:UnityEditor.Search:ASIAI0B
Importing 'GUID: d35a1ba1f2dabea42ab1fc3d040eec81 - Path: Packages/com.unity.shadergraph/Editor/Data/Implementation/Edge.cs - Importer: ScriptedImporter/UnityEditor.QuickSearchModule:UnityEditor.Search:ASIAI0B' with importer (ScriptedImporter : UnityEditor.QuickSearchModule:UnityEditor.Search:ASIAI0B)
Imported 'GUID: d35a1ba1f2dabea42ab1fc3d040eec81' -> (Import Result ID: 'c5336d4623c4e3f4c760facb7dcf0374') in 0.002 seconds [static and dynamic dependencies]. Details - ImportResultOutputID=53119b28bf01739f80e596d4e003be75 DependenciesID=2531f3f65cc3e0c21226ccaaaf84897a StaticDependenciesID=e3d932a14b207e98e3d580e89aa434ec 
Number of updated asset objects reloaded before import = 0
Number of asset objects unloaded after import = 0
========================================================================
Received Import Request.
  Time of request: 2026-10-01T08:15:29.8306455Z
  Time since last request: 0.0004424 seconds.
  importAddress: GUID: e66d88e09e6cd6648944e3ee0e997f62 - Path: Packages/com.unity.shadergraph/Editor/Data/Implementation/IHasDependencies.cs - Importer: ScriptedImporter/UnityEditor.QuickSearchModule:UnityEditor.Search:ASIAI0B
Importing 'GUID: e66d88e09e6cd6648944e3ee0e997f62 - Path: Packages/com.unity.shadergraph/Editor/Data/Implementation/IHasDependencies.cs - Importer: ScriptedImporter/UnityEditor.QuickSearchModule:UnityEditor.Search:ASIAI0B' with importer (ScriptedImporter : UnityEditor.QuickSearchModule:UnityEditor.Search:ASIAI0B)
Imported 'GUID: e66d88e09e6cd6648944e3ee0e997f62' -> (Import Result ID: 'bd9c1cc03062775ce037c024f21d55c8') in 0.002 seconds [static and dynamic dependencies]. Details - ImportResultOutputID=a9713f11778965ec616f293f4a7b1e8d DependenciesID=befb616e0e3aded0cfd1dfcfe173fc1b StaticDependenciesID=5243180ff488efaa509f5edf3155397e 
Number of updated asset objects reloaded before import = 0
Number of asset objects unloaded after import = 0
========================================================================
Received Import Request.
  Time of request: 2026-10-01T08:15:29.8408498Z
  Time since last request: 0.00037 seconds.
  importAddress: GUID: b48a2e97e3e24303833a0062f90f4f13 - Path: Packages/com.unity.shadergraph/Editor/Data/Graphs/SamplerStateShaderProperty.cs - Importer: ScriptedImporter/UnityEditor.QuickSearchModule:UnityEditor.Search:ASIAI0B
Importing 'GUID: b48a2e97e3e24303833a0062f90f4f13 - Path: Packages/com.unity.shadergraph/Editor/Data/Graphs/SamplerStateShaderProperty.cs - Importer: ScriptedImporter/UnityEditor.QuickSearchModule:UnityEditor.Search:ASIAI0B' with importer (ScriptedImporter : UnityEditor.QuickSearchModule:UnityEditor.Search:ASIAI0B)
Imported 'GUID: b48a2e97e3e24303833a0062f90f4f13' -> (Import Result ID: '4d69fad8ddb666b149313592a11dc459') in 0.002 seconds [static and dynamic dependencies]. Details - ImportResultOutputID=9838cf1860f6a19d760a599e590ac29c DependenciesID=a08ae9c6539f5c54104019eec834dff9 StaticDependenciesID=fdb2e9e6aa11f7881c360c3f7858d52d 
Number of updated asset objects reloaded before import = 0
Number of asset objects unloaded after import = 0
========================================================================
Received Import Request.
  Time of request: 2026-10-01T08:15:29.8512339Z
  Time since last request: 0.0002464 seconds.
  importAddress: GUID: 88c8683c5bbe401583d1c11a0e8af1f1 - Path: Packages/com.unity.shadergraph/Editor/Data/Interfaces/IGraphDataAction.cs - Importer: ScriptedImporter/UnityEditor.QuickSearchModule:UnityEditor.Search:ASIAI0B
Importing 'GUID: 88c8683c5bbe401583d1c11a0e8af1f1 - Path: Packages/com.unity.shadergraph/Editor/Data/Interfaces/IGraphDataAction.cs - Importer: ScriptedImporter/UnityEditor.QuickSearchModule:UnityEditor.Search:ASIAI0B' with importer (ScriptedImporter : UnityEditor.QuickSearchModule:UnityEditor.Search:ASIAI0B)
Imported 'GUID: 88c8683c5bbe401583d1c11a0e8af1f1' -> (Import Result ID: 'b51d88cde5721d3623da8f85c41edc9a') in 0.001 seconds [static and dynamic dependencies]. Details - ImportResultOutputID=4dd5872915fd8e604bd9d474bf3cead0 DependenciesID=a2342ff1c4a517652d3a700abc8c0637 StaticDependenciesID=7f847050f5efaf0c1bd6b73dfae88ee8 
Number of updated asset objects reloaded before import = 0
Number of asset objects unloaded after import = 0
========================================================================
Received Import Request.
  Time of request: 2026-10-01T08:15:29.8607474Z
  Time since last request: 0.0003793 seconds.
  importAddress: GUID: 4c42ea0d8f47bbb4c9933bd050602d04 - Path: Packages/com.unity.shadergraph/Editor/Data/Graphs/TangentMaterialSlot.cs - Importer: ScriptedImporter/UnityEditor.QuickSearchModule:UnityEditor.Search:ASIAI0B
Importing 'GUID: 4c42ea0d8f47bbb4c9933bd050602d04 - Path: Packages/com.unity.shadergraph/Editor/Data/Graphs/TangentMaterialSlot.cs - Importer: ScriptedImporter/UnityEditor.QuickSearchModule:UnityEditor.Search:ASIAI0B' with importer (ScriptedImporter : UnityEditor.QuickSearchModule:UnityEditor.Search:ASIAI0B)
Imported 'GUID: 4c42ea0d8f47bbb4c9933bd050602d04' -> (Import Result ID: 'b3e9208458b60ba7befc68afb911d59d') in 0.003 seconds [static and dynamic dependencies]. Details - ImportResultOutputID=73898517350fd0e52654f123a0eba295 DependenciesID=4bdba425bbce6d08d56827364951c56a StaticDependenciesID=066e34fe6ca8ecef10cb04f6c0dfbfb1 
Number of updated asset objects reloaded before import = 0
Number of asset objects unloaded after import = 0
========================================================================
Received Import Request.
  Time of request: 2026-10-01T08:15:29.8843524Z
  Time since last request: 0.0111721 seconds.
  importAddress: GUID: ffca76f71e6326344ad2ff5e823d02f9 - Path: Packages/com.unity.shadergraph/Editor/Data/Util/Logging.cs - Importer: ScriptedImporter/UnityEditor.QuickSearchModule:UnityEditor.Search:ASIAI0B
Importing 'GUID: ffca76f71e6326344ad2ff5e823d02f9 - Path: Packages/com.unity.shadergraph/Editor/Data/Util/Logging.cs - Importer: ScriptedImporter/UnityEditor.QuickSearchModule:UnityEditor.Search:ASIAI0B' with importer (ScriptedImporter : UnityEditor.QuickSearchModule:UnityEditor.Search:ASIAI0B)
Imported 'GUID: ffca76f71e6326344ad2ff5e823d02f9' -> (Import Result ID: 'ae476a30df3f65c7f2058a5110cba052') in 0.002 seconds [static and dynamic dependencies]. Details - ImportResultOutputID=3f4016a8eef225263c1dfb5eef40f134 DependenciesID=ad2f091fbf4000b7a6acada04a6d26f4 StaticDependenciesID=8493935a73bdcfa852a0a4077a827232 
Number of updated asset objects reloaded before import = 0
Number of asset objects unloaded after import = 0
========================================================================
Received Import Request.
  Time of request: 2026-10-01T08:15:29.8977061Z
  Time since last request: 0.0004576 seconds.
  importAddress: GUID: d035cbb931694f34dbb2bbaf07db25ac - Path: Packages/com.unity.shadergraph/Editor/Data/Interfaces/IMayRequireUITK.cs - Importer: ScriptedImporter/UnityEditor.QuickSearchModule:UnityEditor.Search:ASIAI0B
Importing 'GUID: d035cbb931694f34dbb2bbaf07db25ac - Path: Packages/com.unity.shadergraph/Editor/Data/Interfaces/IMayRequireUITK.cs - Importer: ScriptedImporter/UnityEditor.QuickSearchModule:UnityEditor.Search:ASIAI0B' with importer (ScriptedImporter : UnityEditor.QuickSearchModule:UnityEditor.Search:ASIAI0B)
Imported 'GUID: d035cbb931694f34dbb2bbaf07db25ac' -> (Import Result ID: 'e311e2cd494b7413a2ab1d787c56133c') in 0.002 seconds [static and dynamic dependencies]. Details - ImportResultOutputID=4d356c4bcb2b1c56581c1f9d73f4bfb7 DependenciesID=d25ef0d48b3ef2716714d69cac679529 StaticDependenciesID=43df3a7fd7f48489fbbab242018338b2 
Number of updated asset objects reloaded before import = 0
Number of asset objects unloaded after import = 0
========================================================================
Received Import Request.
  Time of request: 2026-10-01T08:15:29.9086461Z
  Time since last request: 0.0002473 seconds.
  importAddress: GUID: e370946d202a43edaabc0940f13932cd - Path: Packages/com.unity.shadergraph/Editor/Data/Interfaces/IPropertyDrawer.cs - Importer: ScriptedImporter/UnityEditor.QuickSearchModule:UnityEditor.Search:ASIAI0B
Importing 'GUID: e370946d202a43edaabc0940f13932cd - Path: Packages/com.unity.shadergraph/Editor/Data/Interfaces/IPropertyDrawer.cs - Importer: ScriptedImporter/UnityEditor.QuickSearchModule:UnityEditor.Search:ASIAI0B' with importer (ScriptedImporter : UnityEditor.QuickSearchModule:UnityEditor.Search:ASIAI0B)
Imported 'GUID: e370946d202a43edaabc0940f13932cd' -> (Import Result ID: '05410540a6e990feebcc5c4694826598') in 0.002 seconds [static and dynamic dependencies]. Details - ImportResultOutputID=8469404eb921a22e28ae2700a2c92d25 DependenciesID=760989e6beff7c5c2774d1447695979a StaticDependenciesID=0cb0f7481215e0d447f4b522d44c1c21 
Number of updated asset objects reloaded before import = 0
Number of asset objects unloaded after import = 0
========================================================================
Received Import Request.
  Time of request: 2026-10-01T08:15:29.9184435Z
  Time since last request: 0.0003598 seconds.
  importAddress: GUID: a387fe25ac1a6a64890f90c2312589f5 - Path: Packages/com.unity.shadergraph/Editor/Data/Legacy/GroupData0.cs - Importer: ScriptedImporter/UnityEditor.QuickSearchModule:UnityEditor.Search:ASIAI0B
Importing 'GUID: a387fe25ac1a6a64890f90c2312589f5 - Path: Packages/com.unity.shadergraph/Editor/Data/Legacy/GroupData0.cs - Importer: ScriptedImporter/UnityEditor.QuickSearchModule:UnityEditor.Search:ASIAI0B' with importer (ScriptedImporter : UnityEditor.QuickSearchModule:UnityEditor.Search:ASIAI0B)
Imported 'GUID: a387fe25ac1a6a64890f90c2312589f5' -> (Import Result ID: '4433a7a6d9c458356fb6a551d6a2862e') in 0.002 seconds [static and dynamic dependencies]. Details - ImportResultOutputID=4da256be82f1541cf4cfae9e7124aa0c DependenciesID=82b19fbde28852adf77d17eac3ea5d3b StaticDependenciesID=0206e295c5ee192eca5c31567c6ceeb8 
Number of updated asset objects reloaded before import = 0
Number of asset objects unloaded after import = 0
========================================================================
Received Import Request.
  Time of request: 2026-10-01T08:15:29.9291032Z
  Time since last request: 0.0003005 seconds.
  importAddress: GUID: 3ed144f424a684a25971321011ebb096 - Path: Packages/com.unity.shadergraph/Editor/Data/Nodes/CodeFunctionNode.cs - Importer: ScriptedImporter/UnityEditor.QuickSearchModule:UnityEditor.Search:ASIAI0B
Importing 'GUID: 3ed144f424a684a25971321011ebb096 - Path: Packages/com.unity.shadergraph/Editor/Data/Nodes/CodeFunctionNode.cs - Importer: ScriptedImporter/UnityEditor.QuickSearchModule:UnityEditor.Search:ASIAI0B' with importer (ScriptedImporter : UnityEditor.QuickSearchModule:UnityEditor.Search:ASIAI0B)
Imported 'GUID: 3ed144f424a684a25971321011ebb096' -> (Import Result ID: 'bd82aae7cd3250fa7b150eb3e55c8553') in 0.002 seconds [static and dynamic dependencies]. Details - ImportResultOutputID=3f1978da163b5414f03c061ae6fff406 DependenciesID=ca3d4fb4eb24eb884ef5c43374b79c61 StaticDependenciesID=d035eaffe9995a36bd2ab189b820bba4 
Number of updated asset objects reloaded before import = 0
Number of asset objects unloaded after import = 0
========================================================================
Received Import Request.
  Time of request: 2026-10-01T08:15:29.938783Z
  Time since last request: 0.0004155 seconds.
  importAddress: GUID: 323a0eb1930dff241b4547716c8eb21f - Path: Packages/com.unity.shadergraph/Editor/Data/Nodes/FunctionMultiInput.cs - Importer: ScriptedImporter/UnityEditor.QuickSearchModule:UnityEditor.Search:ASIAI0B
Importing 'GUID: 323a0eb1930dff241b4547716c8eb21f - Path: Packages/com.unity.shadergraph/Editor/Data/Nodes/FunctionMultiInput.cs - Importer: ScriptedImporter/UnityEditor.QuickSearchModule:UnityEditor.Search:ASIAI0B' with importer (ScriptedImporter : UnityEditor.QuickSearchModule:UnityEditor.Search:ASIAI0B)
Imported 'GUID: 323a0eb1930dff241b4547716c8eb21f' -> (Import Result ID: '9d54b57f65bcc1d56e0f797233a270ca') in 0.002 seconds [static and dynamic dependencies]. Details - ImportResultOutputID=d5c8f3f45ce662fcd25405af63a95e4f DependenciesID=0a8b447e6a194f8bf5de513502a2e59c StaticDependenciesID=e39ec2dfec6e5eb9202d3916835a1a2a 
Number of updated asset objects reloaded before import = 0
Number of asset objects unloaded after import = 0
========================================================================
Received Import Request.
  Time of request: 2026-10-01T08:15:29.969053Z
  Time since last request: 0.0171706 seconds.
  importAddress: GUID: ce596a3c8ef34fc6bcd82c059ad53e57 - Path: Packages/com.unity.shadergraph/Editor/Drawing/Blackboard/SGBlackboard.cs - Importer: ScriptedImporter/UnityEditor.QuickSearchModule:UnityEditor.Search:ASIAI0B
Importing 'GUID: ce596a3c8ef34fc6bcd82c059ad53e57 - Path: Packages/com.unity.shadergraph/Editor/Drawing/Blackboard/SGBlackboard.cs - Importer: ScriptedImporter/UnityEditor.QuickSearchModule:UnityEditor.Search:ASIAI0B' with importer (ScriptedImporter : UnityEditor.QuickSearchModule:UnityEditor.Search:ASIAI0B)
Imported 'GUID: ce596a3c8ef34fc6bcd82c059ad53e57' -> (Import Result ID: '9c12c466ce8e245584e97bdb419bf174') in 0.002 seconds [static and dynamic dependencies]. Details - ImportResultOutputID=5f676d2a99b45f76a45028064decd366 DependenciesID=ea0a6e96471cfb2f158842c73ece64e9 StaticDependenciesID=2afb0da66a19d6f78e351a757be34fe4 
Number of updated asset objects reloaded before import = 0
Number of asset objects unloaded after import = 0
========================================================================
Received Import Request.
  Time of request: 2026-10-01T08:15:29.9813616Z
  Time since last request: 0.0002617 seconds.
  importAddress: GUID: c32d860c6f767f14fa889dffac527bc5 - Path: Packages/com.unity.shadergraph/Editor/Drawing/Controls/ChannelEnumMaskControl.cs - Importer: ScriptedImporter/UnityEditor.QuickSearchModule:UnityEditor.Search:ASIAI0B
Importing 'GUID: c32d860c6f767f14fa889dffac527bc5 - Path: Packages/com.unity.shadergraph/Editor/Drawing/Controls/ChannelEnumMaskControl.cs - Importer: ScriptedImporter/UnityEditor.QuickSearchModule:UnityEditor.Search:ASIAI0B' with importer (ScriptedImporter : UnityEditor.QuickSearchModule:UnityEditor.Search:ASIAI0B)
Imported 'GUID: c32d860c6f767f14fa889dffac527bc5' -> (Import Result ID: '0e9d8c7055c83490b8486011e16d7a0d') in 0.002 seconds [static and dynamic dependencies]. Details - ImportResultOutputID=218e2a1bf7bee66fbe42df29324df56a DependenciesID=476e7afe647923974ea74ac38475efd0 StaticDependenciesID=b1e5786309c93cb400a75d0c584ceb05 
Number of updated asset objects reloaded before import = 0
Number of asset objects unloaded after import = 0
========================================================================
Received Import Request.
  Time of request: 2026-10-01T08:15:29.9913298Z
  Time since last request: 0.0004044 seconds.
  importAddress: GUID: 7481cf2e22074dbdb915ebd086bd0652 - Path: Packages/com.unity.shadergraph/Editor/Drawing/Blackboard/SGBlackboardRow.cs - Importer: ScriptedImporter/UnityEditor.QuickSearchModule:UnityEditor.Search:ASIAI0B
Importing 'GUID: 7481cf2e22074dbdb915ebd086bd0652 - Path: Packages/com.unity.shadergraph/Editor/Drawing/Blackboard/SGBlackboardRow.cs - Importer: ScriptedImporter/UnityEditor.QuickSearchModule:UnityEditor.Search:ASIAI0B' with importer (ScriptedImporter : UnityEditor.QuickSearchModule:UnityEditor.Search:ASIAI0B)
Imported 'GUID: 7481cf2e22074dbdb915ebd086bd0652' -> (Import Result ID: '657c0f2b6ff4246e41574bad5df67253') in 0.002 seconds [static and dynamic dependencies]. Details - ImportResultOutputID=97ad6fbb66c436ee4c3f4f5843e9ce0c DependenciesID=9c8e1e1e25d2e67691450c1748c38096 StaticDependenciesID=b7c3e545b834f6acb88f113664640173 
Number of updated asset objects reloaded before import = 0
Number of asset objects unloaded after import = 0
========================================================================
Received Import Request.
  Time of request: 2026-10-01T08:15:30.0028836Z
  Time since last request: 0.0004678 seconds.
  importAddress: GUID: 20e01cb163f347c7819ae286c33baf85 - Path: Packages/com.unity.shadergraph/Editor/Drawing/Controls/DefaultControl.cs - Importer: ScriptedImporter/UnityEditor.QuickSearchModule:UnityEditor.Search:ASIAI0B
Importing 'GUID: 20e01cb163f347c7819ae286c33baf85 - Path: Packages/com.unity.shadergraph/Editor/Drawing/Controls/DefaultControl.cs - Importer: ScriptedImporter/UnityEditor.QuickSearchModule:UnityEditor.Search:ASIAI0B' with importer (ScriptedImporter : UnityEditor.QuickSearchModule:UnityEditor.Search:ASIAI0B)
Imported 'GUID: 20e01cb163f347c7819ae286c33baf85' -> (Import Result ID: '897245847f4d710807d1b2a7bf6207cb') in 0.002 seconds [static and dynamic dependencies]. Details - ImportResultOutputID=f553e70cf016f45a88b741b7acfa3e52 DependenciesID=7848e1e805463a6f91fe488db3c08e48 StaticDependenciesID=d8628fb33616f09cf66983ab59e29646 
Number of updated asset objects reloaded before import = 0
Number of asset objects unloaded after import = 0
========================================================================
Received Import Request.
  Time of request: 2026-10-01T08:15:30.0128983Z
  Time since last request: 0.0002394 seconds.
  importAddress: GUID: 9ea23c5e75fdbea49824261efe5fc133 - Path: Packages/com.unity.shadergraph/Editor/Drawing/Manipulators/Scrollable.cs - Importer: ScriptedImporter/UnityEditor.QuickSearchModule:UnityEditor.Search:ASIAI0B
Importing 'GUID: 9ea23c5e75fdbea49824261efe5fc133 - Path: Packages/com.unity.shadergraph/Editor/Drawing/Manipulators/Scrollable.cs - Importer: ScriptedImporter/UnityEditor.QuickSearchModule:UnityEditor.Search:ASIAI0B' with importer (ScriptedImporter : UnityEditor.QuickSearchModule:UnityEditor.Search:ASIAI0B)
Imported 'GUID: 9ea23c5e75fdbea49824261efe5fc133' -> (Import Result ID: 'cb6a8c2c2ca65fe341e08df66b15f292') in 0.002 seconds [static and dynamic dependencies]. Details - ImportResultOutputID=04b0df981fa26c54d226961157c82b77 DependenciesID=3efe40b106d4fdc0995193776d750ef9 StaticDependenciesID=de2793527794ab33f027c8e2bdd16177 
Number of updated asset objects reloaded before import = 0
Number of asset objects unloaded after import = 0
========================================================================
Received Import Request.
  Time of request: 2026-10-01T08:15:30.0255057Z
  Time since last request: 0.0003199 seconds.
  importAddress: GUID: 77e837a1c5a3a4f3f873a99e6287a220 - Path: Packages/com.unity.shadergraph/Editor/Drawing/Colors/CustomColorData.cs - Importer: ScriptedImporter/UnityEditor.QuickSearchModule:UnityEditor.Search:ASIAI0B
Importing 'GUID: 77e837a1c5a3a4f3f873a99e6287a220 - Path: Packages/com.unity.shadergraph/Editor/Drawing/Colors/CustomColorData.cs - Importer: ScriptedImporter/UnityEditor.QuickSearchModule:UnityEditor.Search:ASIAI0B' with importer (ScriptedImporter : UnityEditor.QuickSearchModule:UnityEditor.Search:ASIAI0B)
Imported 'GUID: 77e837a1c5a3a4f3f873a99e6287a220' -> (Import Result ID: 'e142836e6866a0c0628fe21e5452f8fb') in 0.002 seconds [static and dynamic dependencies]. Details - ImportResultOutputID=a296660ddd9171df328407cf8f6eb56d DependenciesID=1819b6ea0167df209ba13dee3874775b StaticDependenciesID=fb54d6ed80f6edeb4f5c79117b273d01 
Number of updated asset objects reloaded before import = 0
Number of asset objects unloaded after import = 0
========================================================================
Received Import Request.
  Time of request: 2026-10-01T08:15:30.0553347Z
  Time since last request: 0.0197228 seconds.
  importAddress: GUID: df5618ff481ae324cb444e2dda9674e4 - Path: Packages/com.unity.shadergraph/Editor/Generation/Data/DropdownEntry.cs - Importer: ScriptedImporter/UnityEditor.QuickSearchModule:UnityEditor.Search:ASIAI0B
Importing 'GUID: df5618ff481ae324cb444e2dda9674e4 - Path: Packages/com.unity.shadergraph/Editor/Generation/Data/DropdownEntry.cs - Importer: ScriptedImporter/UnityEditor.QuickSearchModule:UnityEditor.Search:ASIAI0B' with importer (ScriptedImporter : UnityEditor.QuickSearchModule:UnityEditor.Search:ASIAI0B)
Imported 'GUID: df5618ff481ae324cb444e2dda9674e4' -> (Import Result ID: 'cebfe5abbc8fe925b7b7e17be4df7796') in 0.001 seconds [static and dynamic dependencies]. Details - ImportResultOutputID=8a8da0fd46ea7b78c9bdb97c95a4d04e DependenciesID=f479eb80e7052299942e534be9754901 StaticDependenciesID=5f9600b50795506c30454faccbee21b1 
Number of updated asset objects reloaded before import = 0
Number of asset objects unloaded after import = 0
========================================================================
Received Import Request.
  Time of request: 2026-10-01T08:15:30.0661937Z
  Time since last request: 0.0002524 seconds.
  importAddress: GUID: 1e7fbadba5784a16a78ceb473f4975b1 - Path: Packages/com.unity.shadergraph/Editor/Drawing/ViewModels/InspectorViewModel.cs - Importer: ScriptedImporter/UnityEditor.QuickSearchModule:UnityEditor.Search:ASIAI0B
Importing 'GUID: 1e7fbadba5784a16a78ceb473f4975b1 - Path: Packages/com.unity.shadergraph/Editor/Drawing/ViewModels/InspectorViewModel.cs - Importer: ScriptedImporter/UnityEditor.QuickSearchModule:UnityEditor.Search:ASIAI0B' with importer (ScriptedImporter : UnityEditor.QuickSearchModule:UnityEditor.Search:ASIAI0B)
Imported 'GUID: 1e7fbadba5784a16a78ceb473f4975b1' -> (Import Result ID: 'a11840b25c483d0f41d76f8623a9f24e') in 0.002 seconds [static and dynamic dependencies]. Details - ImportResultOutputID=ca7dceedd5d27d6f23f917254cd3c65c DependenciesID=5073238d89e1ac95ffc6e7b3622f9575 StaticDependenciesID=75009a08d25200d78e777ae0d73a527a 
Number of updated asset objects reloaded before import = 0
Number of asset objects unloaded after import = 0
========================================================================
Received Import Request.
  Time of request: 2026-10-01T08:15:30.0769641Z
  Time since last request: 0.0004962 seconds.
  importAddress: GUID: 2193a2e210bbc714d9db73d1ba2c6587 - Path: Packages/com.unity.shadergraph/Editor/Drawing/Views/HelpBoxRow.cs - Importer: ScriptedImporter/UnityEditor.QuickSearchModule:UnityEditor.Search:ASIAI0B
Importing 'GUID: 2193a2e210bbc714d9db73d1ba2c6587 - Path: Packages/com.unity.shadergraph/Editor/Drawing/Views/HelpBoxRow.cs - Importer: ScriptedImporter/UnityEditor.QuickSearchModule:UnityEditor.Search:ASIAI0B' with importer (ScriptedImporter : UnityEditor.QuickSearchModule:UnityEditor.Search:ASIAI0B)
Imported 'GUID: 2193a2e210bbc714d9db73d1ba2c6587' -> (Import Result ID: '286362e01b0da56732c08ffcd9a16efc') in 0.001 seconds [static and dynamic dependencies]. Details - ImportResultOutputID=134e6e804cc9d2b5d3eeae36aa9c2229 DependenciesID=11daf387518235540388ea1886f3a55e StaticDependenciesID=6280d405705dcdb385760966734fd26a 
Number of updated asset objects reloaded before import = 0
Number of asset objects unloaded after import = 0
========================================================================
Received Import Request.
  Time of request: 2026-10-01T08:15:30.0868291Z
  Time since last request: 0.0003118 seconds.
  importAddress: GUID: aff9190e7c4f0f2418d0b551cdfac094 - Path: Packages/com.unity.shadergraph/Editor/Generation/Descriptors/SubShaderDescriptor.cs - Importer: ScriptedImporter/UnityEditor.QuickSearchModule:UnityEditor.Search:ASIAI0B
Importing 'GUID: aff9190e7c4f0f2418d0b551cdfac094 - Path: Packages/com.unity.shadergraph/Editor/Generation/Descriptors/SubShaderDescriptor.cs - Importer: ScriptedImporter/UnityEditor.QuickSearchModule:UnityEditor.Search:ASIAI0B' with importer (ScriptedImporter : UnityEditor.QuickSearchModule:UnityEditor.Search:ASIAI0B)
Imported 'GUID: aff9190e7c4f0f2418d0b551cdfac094' -> (Import Result ID: '25866c12e09b6332af967309a866bb45') in 0.002 seconds [static and dynamic dependencies]. Details - ImportResultOutputID=c0ba4bfdc405d00f882d5fb783bccc0d DependenciesID=cf454852106f74d41e41fea067c31b8a StaticDependenciesID=21aa62b22d4abbbfd082ba1517db1d57 
Number of updated asset objects reloaded before import = 0
Number of asset objects unloaded after import = 0
========================================================================
Received Import Request.
  Time of request: 2026-10-01T08:15:30.0990702Z
  Time since last request: 0.0004722 seconds.
  importAddress: GUID: 82f47029c21684be390696599c52fb76 - Path: Packages/com.unity.shadergraph/Editor/Generation/Descriptors/BlockFieldDescriptor.cs - Importer: ScriptedImporter/UnityEditor.QuickSearchModule:UnityEditor.Search:ASIAI0B
Importing 'GUID: 82f47029c21684be390696599c52fb76 - Path: Packages/com.unity.shadergraph/Editor/Generation/Descriptors/BlockFieldDescriptor.cs - Importer: ScriptedImporter/UnityEditor.QuickSearchModule:UnityEditor.Search:ASIAI0B' with importer (ScriptedImporter : UnityEditor.QuickSearchModule:UnityEditor.Search:ASIAI0B)
Imported 'GUID: 82f47029c21684be390696599c52fb76' -> (Import Result ID: '0f946e28c914cadffac55ce0d3892b5a') in 0.002 seconds [static and dynamic dependencies]. Details - ImportResultOutputID=d34d1d716de17243bbc6b022bb05183d DependenciesID=0cd535b1143332b7396be02053b357f6 StaticDependenciesID=7d6e3a323e2448fae9cb6f855bd72c82 
Number of updated asset objects reloaded before import = 0
Number of asset objects unloaded after import = 0
========================================================================
Received Import Request.
  Time of request: 2026-10-01T08:15:30.1099778Z
  Time since last request: 0.0004097 seconds.
  importAddress: GUID: 96f5a3d0303d4d9395a450dcce906110 - Path: Packages/com.unity.shadergraph/Editor/Drawing/Views/ShaderPort.cs - Importer: ScriptedImporter/UnityEditor.QuickSearchModule:UnityEditor.Search:ASIAI0B
Importing 'GUID: 96f5a3d0303d4d9395a450dcce906110 - Path: Packages/com.unity.shadergraph/Editor/Drawing/Views/ShaderPort.cs - Importer: ScriptedImporter/UnityEditor.QuickSearchModule:UnityEditor.Search:ASIAI0B' with importer (ScriptedImporter : UnityEditor.QuickSearchModule:UnityEditor.Search:ASIAI0B)
Imported 'GUID: 96f5a3d0303d4d9395a450dcce906110' -> (Import Result ID: 'a3b65d03b53c1dc439654cfa154a5f4e') in 0.002 seconds [static and dynamic dependencies]. Details - ImportResultOutputID=ec16efba0bb944252ad683972ddc9a4a DependenciesID=38a027736bc4ab13be88925b426dcca0 StaticDependenciesID=31f6f66a89096fb71e993e72dbd2c261 
Number of updated asset objects reloaded before import = 0
Number of asset objects unloaded after import = 0
========================================================================
Received Import Request.
  Time of request: 2026-10-01T08:15:30.1414413Z
  Time since last request: 0.02196 seconds.
  importAddress: GUID: 8b80934453d594a42bb23876834a3d34 - Path: Packages/com.unity.shadergraph/Editor/Generation/Enumerations/InstancingOptions.cs - Importer: ScriptedImporter/UnityEditor.QuickSearchModule:UnityEditor.Search:ASIAI0B
Importing 'GUID: 8b80934453d594a42bb23876834a3d34 - Path: Packages/com.unity.shadergraph/Editor/Generation/Enumerations/InstancingOptions.cs - Importer: ScriptedImporter/UnityEditor.QuickSearchModule:UnityEditor.Search:ASIAI0B' with importer (ScriptedImporter : UnityEditor.QuickSearchModule:UnityEditor.Search:ASIAI0B)
Imported 'GUID: 8b80934453d594a42bb23876834a3d34' -> (Import Result ID: '6a5a1a8a2822a464d155dc654567d5be') in 0.002 seconds [static and dynamic dependencies]. Details - ImportResultOutputID=26e1717a8e65611e94b828c23fe92eb8 DependenciesID=2636e15b5c9f72caefeea5341e0661df StaticDependenciesID=d114c0df0ee9f51d1cb972c6f317a3f3 
Number of updated asset objects reloaded before import = 0
Number of asset objects unloaded after import = 0
========================================================================
Received Import Request.
  Time of request: 2026-10-01T08:15:30.1525808Z
  Time since last request: 0.000265 seconds.
  importAddress: GUID: 7e093d7ce84934ae4b8f634c4a13b244 - Path: Packages/com.unity.shadergraph/Editor/Generation/Enumerations/IncludeLocation.cs - Importer: ScriptedImporter/UnityEditor.QuickSearchModule:UnityEditor.Search:ASIAI0B
Importing 'GUID: 7e093d7ce84934ae4b8f634c4a13b244 - Path: Packages/com.unity.shadergraph/Editor/Generation/Enumerations/IncludeLocation.cs - Importer: ScriptedImporter/UnityEditor.QuickSearchModule:UnityEditor.Search:ASIAI0B' with importer (ScriptedImporter : UnityEditor.QuickSearchModule:UnityEditor.Search:ASIAI0B)
Imported 'GUID: 7e093d7ce84934ae4b8f634c4a13b244' -> (Import Result ID: 'a93d32a69ee5da2b908eb3071a8ff18a') in 0.002 seconds [static and dynamic dependencies]. Details - ImportResultOutputID=2aae75442f36958996737bab5222b891 DependenciesID=d6c2b1f03449d731f0d6330656e8309e StaticDependenciesID=a857e9ec48d62193dc8a307a68e14f80 
Number of updated asset objects reloaded before import = 0
Number of asset objects unloaded after import = 0
========================================================================
Received Import Request.
  Time of request: 2026-10-01T08:15:30.1625065Z
  Time since last request: 0.0002921 seconds.
  importAddress: GUID: 1358e9b39cd7e8442bece5b15a2a7c63 - Path: Packages/com.unity.shadergraph/Editor/Generation/Processors/MatrixNames.cs - Importer: ScriptedImporter/UnityEditor.QuickSearchModule:UnityEditor.Search:ASIAI0B
Importing 'GUID: 1358e9b39cd7e8442bece5b15a2a7c63 - Path: Packages/com.unity.shadergraph/Editor/Generation/Processors/MatrixNames.cs - Importer: ScriptedImporter/UnityEditor.QuickSearchModule:UnityEditor.Search:ASIAI0B' with importer (ScriptedImporter : UnityEditor.QuickSearchModule:UnityEditor.Search:ASIAI0B)
Imported 'GUID: 1358e9b39cd7e8442bece5b15a2a7c63' -> (Import Result ID: '50726c0fe60aec761987af64b27f87e0') in 0.002 seconds [static and dynamic dependencies]. Details - ImportResultOutputID=b30243c52fcc937bf5fbca6a4ca62386 DependenciesID=09d400801644d3d332ca0f17601f88af StaticDependenciesID=dbe5d5832ccd888ae52ea466b6bee12a 
Number of updated asset objects reloaded before import = 0
Number of asset objects unloaded after import = 0
========================================================================
Received Import Request.
  Time of request: 2026-10-01T08:15:30.173678Z
  Time since last request: 0.0003562 seconds.
  importAddress: GUID: 899473813cd13ff4c9a8c057d1bae8a1 - Path: Packages/com.unity.shadergraph/Editor/Generation/Enumerations/PropertyType.cs - Importer: ScriptedImporter/UnityEditor.QuickSearchModule:UnityEditor.Search:ASIAI0B
Importing 'GUID: 899473813cd13ff4c9a8c057d1bae8a1 - Path: Packages/com.unity.shadergraph/Editor/Generation/Enumerations/PropertyType.cs - Importer: ScriptedImporter/UnityEditor.QuickSearchModule:UnityEditor.Search:ASIAI0B' with importer (ScriptedImporter : UnityEditor.QuickSearchModule:UnityEditor.Search:ASIAI0B)
Imported 'GUID: 899473813cd13ff4c9a8c057d1bae8a1' -> (Import Result ID: '8b98f74985f0571f2957c6b3eb15cc03') in 0.002 seconds [static and dynamic dependencies]. Details - ImportResultOutputID=ef16efc36e3a9df226891ddd9fe4e7c0 DependenciesID=12528ce753e43f0e67d1f8c5df7762c0 StaticDependenciesID=fe8171bd69df10a9904ff0e5c486ed5f 
Number of updated asset objects reloaded before import = 0
Number of asset objects unloaded after import = 0
========================================================================
Received Import Request.
  Time of request: 2026-10-01T08:15:30.1848417Z
  Time since last request: 0.0003522 seconds.
  importAddress: GUID: 8425d6a0d8eda4be9b1c57600a26fc2f - Path: Packages/com.unity.shadergraph/Editor/Generation/TargetResources/FieldDependencies.cs - Importer: ScriptedImporter/UnityEditor.QuickSearchModule:UnityEditor.Search:ASIAI0B
Importing 'GUID: 8425d6a0d8eda4be9b1c57600a26fc2f - Path: Packages/com.unity.shadergraph/Editor/Generation/TargetResources/FieldDependencies.cs - Importer: ScriptedImporter/UnityEditor.QuickSearchModule:UnityEditor.Search:ASIAI0B' with importer (ScriptedImporter : UnityEditor.QuickSearchModule:UnityEditor.Search:ASIAI0B)
Imported 'GUID: 8425d6a0d8eda4be9b1c57600a26fc2f' -> (Import Result ID: 'fbb40a5b21a4dcb2085d2cdcf16f1d3f') in 0.002 seconds [static and dynamic dependencies]. Details - ImportResultOutputID=0626c3c1f555566a18fce10b365c1b2e DependenciesID=997bc0a5d35de0315d3ce2f6d7f71a3e StaticDependenciesID=6790fe0f7eb7edfa2b83b79ce36da4b9 
Number of updated asset objects reloaded before import = 0
Number of asset objects unloaded after import = 0
========================================================================
Received Import Request.
  Time of request: 2026-10-01T08:15:30.1955328Z
  Time since last request: 0.0003627 seconds.
  importAddress: GUID: 30e4e0132b9be4f4fbd731d287369285 - Path: Packages/com.unity.shadergraph/Editor/ProviderSystem/Model/ShaderGraphProviderSystemInit.cs - Importer: ScriptedImporter/UnityEditor.QuickSearchModule:UnityEditor.Search:ASIAI0B
Importing 'GUID: 30e4e0132b9be4f4fbd731d287369285 - Path: Packages/com.unity.shadergraph/Editor/ProviderSystem/Model/ShaderGraphProviderSystemInit.cs - Importer: ScriptedImporter/UnityEditor.QuickSearchModule:UnityEditor.Search:ASIAI0B' with importer (ScriptedImporter : UnityEditor.QuickSearchModule:UnityEditor.Search:ASIAI0B)
Imported 'GUID: 30e4e0132b9be4f4fbd731d287369285' -> (Import Result ID: 'baacc8caf856f5d47d77675be01d717d') in 0.002 seconds [static and dynamic dependencies]. Details - ImportResultOutputID=419db005dcf214cf60d0a3065ba2284e DependenciesID=6861b2c1883072dc3c270c7b9d322c22 StaticDependenciesID=2968c52c5e2fd26f917d78624b271742 
Number of updated asset objects reloaded before import = 0
Number of asset objects unloaded after import = 0
========================================================================
Received Import Request.
  Time of request: 2026-10-01T08:15:30.2061801Z
  Time since last request: 0.0003526 seconds.
  importAddress: GUID: a6abafca3e442ca4d970a1f8a2c70b0a - Path: Packages/com.unity.shadergraph/Editor/Resources/Icons/Settings_Flyout_9slice@2x.png - Importer: ScriptedImporter/UnityEditor.QuickSearchModule:UnityEditor.Search:ASIAI0B
Importing 'GUID: a6abafca3e442ca4d970a1f8a2c70b0a - Path: Packages/com.unity.shadergraph/Editor/Resources/Icons/Settings_Flyout_9slice@2x.png - Importer: ScriptedImporter/UnityEditor.QuickSearchModule:UnityEditor.Search:ASIAI0B' with importer (ScriptedImporter : UnityEditor.QuickSearchModule:UnityEditor.Search:ASIAI0B)
Imported 'GUID: a6abafca3e442ca4d970a1f8a2c70b0a' -> (Import Result ID: '041112b6915438d9a8d771a96148e8c2') in 0.006 seconds [static and dynamic dependencies]. Details - ImportResultOutputID=5d980b920f2f892cd7c7e4e09463ed8a DependenciesID=6495840d36def516ed0c9bafbada8544 StaticDependenciesID=ef5094c01c4f87cf4af9d96812e5e73b 
Number of updated asset objects reloaded before import = 0
Number of asset objects unloaded after import = 1
========================================================================
Received Import Request.
  Time of request: 2026-10-01T08:15:30.221842Z
  Time since last request: 0.0004401 seconds.
  importAddress: GUID: 178e97de727d74a1389b07dee0ebf556 - Path: Packages/com.unity.shadergraph/Editor/Generation/TargetResources/Structs.cs - Importer: ScriptedImporter/UnityEditor.QuickSearchModule:UnityEditor.Search:ASIAI0B
Importing 'GUID: 178e97de727d74a1389b07dee0ebf556 - Path: Packages/com.unity.shadergraph/Editor/Generation/TargetResources/Structs.cs - Importer: ScriptedImporter/UnityEditor.QuickSearchModule:UnityEditor.Search:ASIAI0B' with importer (ScriptedImporter : UnityEditor.QuickSearchModule:UnityEditor.Search:ASIAI0B)
Imported 'GUID: 178e97de727d74a1389b07dee0ebf556' -> (Import Result ID: '8250791bc2d1ac5c234b9a3105840f1e') in 0.001 seconds [static and dynamic dependencies]. Details - ImportResultOutputID=68bd7e2f163742e037cf2a67e96d86d9 DependenciesID=7bfe129e7611186667154294d7785545 StaticDependenciesID=f0131e9c5147ed54bda470124e7f623f 
Number of updated asset objects reloaded before import = 0
Number of asset objects unloaded after import = 0
========================================================================
Received Import Request.
  Time of request: 2026-10-01T08:15:30.2489201Z
  Time since last request: 0.0179 seconds.
  importAddress: GUID: 3b5d8d8dca1de7240983df8e315a8a01 - Path: Packages/com.unity.shadergraph/GraphTemplates/Subgraphs/Terrain/Height Based Splat Modify.shadersubgraph - Importer: ScriptedImporter/UnityEditor.QuickSearchModule:UnityEditor.Search:ASIAI0B
Importing 'GUID: 3b5d8d8dca1de7240983df8e315a8a01 - Path: Packages/com.unity.shadergraph/GraphTemplates/Subgraphs/Terrain/Height Based Splat Modify.shadersubgraph - Importer: ScriptedImporter/UnityEditor.QuickSearchModule:UnityEditor.Search:ASIAI0B' with importer (ScriptedImporter : UnityEditor.QuickSearchModule:UnityEditor.Search:ASIAI0B)
Imported 'GUID: 3b5d8d8dca1de7240983df8e315a8a01' -> (Import Result ID: '340a5dc9889f8b595acede403695ab15') in 0.003 seconds [static and dynamic dependencies]. Details - ImportResultOutputID=2e0bf6f7d352b2468a56a34b84bde8bc DependenciesID=603d37733479759f633681caa0c8d49e StaticDependenciesID=4f3dfa1a7b93f05c3bf7a70a62397762 
Number of updated asset objects reloaded before import = 0
Number of asset objects unloaded after import = 1
========================================================================
Received Import Request.
  Time of request: 2026-10-01T08:15:30.2607577Z
  Time since last request: 0.0003404 seconds.
  importAddress: GUID: 1f8dc278ca660e145a487c8b93679c62 - Path: Packages/com.unity.shadergraph/Editor/Resources/UXML/UITKMasterNodePreview.uxml - Importer: ScriptedImporter/UnityEditor.QuickSearchModule:UnityEditor.Search:ASIAI0B
Importing 'GUID: 1f8dc278ca660e145a487c8b93679c62 - Path: Packages/com.unity.shadergraph/Editor/Resources/UXML/UITKMasterNodePreview.uxml - Importer: ScriptedImporter/UnityEditor.QuickSearchModule:UnityEditor.Search:ASIAI0B' with importer (ScriptedImporter : UnityEditor.QuickSearchModule:UnityEditor.Search:ASIAI0B)
Imported 'GUID: 1f8dc278ca660e145a487c8b93679c62' -> (Import Result ID: '843abbe429f5dc47f5c404903cef2de7') in 0.065 seconds [static and dynamic dependencies]. Details - ImportResultOutputID=69e590ddd1cc3603c3e42ed0f3995a52 DependenciesID=9a282179f8ce9e82d94fb9d2b3a1587b StaticDependenciesID=771ddf9500a4ad19bb2d382d631af64a 
Number of updated asset objects reloaded before import = 0
Number of asset objects unloaded after import = 5
========================================================================
Received Import Request.
  Time of request: 2026-10-01T08:15:30.3548523Z
  Time since last request: 0.0187913 seconds.
  importAddress: GUID: 3fe1a12f346cde14f8ec5d42b2e4b70f - Path: Packages/com.unity.shadergraph/Tests/Editor/UnitTests/FixedSlotTests.cs - Importer: ScriptedImporter/UnityEditor.QuickSearchModule:UnityEditor.Search:ASIAI0B
Importing 'GUID: 3fe1a12f346cde14f8ec5d42b2e4b70f - Path: Packages/com.unity.shadergraph/Tests/Editor/UnitTests/FixedSlotTests.cs - Importer: ScriptedImporter/UnityEditor.QuickSearchModule:UnityEditor.Search:ASIAI0B' with importer (ScriptedImporter : UnityEditor.QuickSearchModule:UnityEditor.Search:ASIAI0B)
Imported 'GUID: 3fe1a12f346cde14f8ec5d42b2e4b70f' -> (Import Result ID: '4cef75a06f7c96fa761d361a1175e142') in 0.002 seconds [static and dynamic dependencies]. Details - ImportResultOutputID=d05000250010a69d92eb04b51006af94 DependenciesID=107faf14562127129e6264829e585316 StaticDependenciesID=92449a58fdb21f021b01df018054ff7e 
Number of updated asset objects reloaded before import = 0
Number of asset objects unloaded after import = 0
========================================================================
Received Import Request.
  Time of request: 2026-10-01T08:15:30.3665747Z
  Time since last request: 0.0004277 seconds.
  importAddress: GUID: 06b7bb8c7ec14b8b96d1849adfa33493 - Path: Packages/com.unity.shadergraph/Tests/Editor/UnitTests/MessageManagerTests.cs - Importer: ScriptedImporter/UnityEditor.QuickSearchModule:UnityEditor.Search:ASIAI0B
Importing 'GUID: 06b7bb8c7ec14b8b96d1849adfa33493 - Path: Packages/com.unity.shadergraph/Tests/Editor/UnitTests/MessageManagerTests.cs - Importer: ScriptedImporter/UnityEditor.QuickSearchModule:UnityEditor.Search:ASIAI0B' with importer (ScriptedImporter : UnityEditor.QuickSearchModule:UnityEditor.Search:ASIAI0B)
Imported 'GUID: 06b7bb8c7ec14b8b96d1849adfa33493' -> (Import Result ID: '3b7fe70eaeefb54147e38edc16315cc1') in 0.001 seconds [static and dynamic dependencies]. Details - ImportResultOutputID=4da7795db3c0b69dbd21b9a0aa400fc9 DependenciesID=71a37343ea5672c45c61c58a1d740c05 StaticDependenciesID=b86aefe9c1a0dcb368a2fae6445e892e 
Number of updated asset objects reloaded before import = 0
Number of asset objects unloaded after import = 0
========================================================================
Received Import Request.
  Time of request: 2026-10-01T08:15:30.3893982Z
  Time since last request: 0.0106271 seconds.
  importAddress: GUID: d76d31d3abf64e1085969d0a4ccca4c5 - Path: Packages/com.unity.shadergraph/Editor/Data/Nodes/UI/RenderTypeBranchNode.cs - Importer: ScriptedImporter/UnityEditor.QuickSearchModule:UnityEditor.Search:ASIAI0B
Importing 'GUID: d76d31d3abf64e1085969d0a4ccca4c5 - Path: Packages/com.unity.shadergraph/Editor/Data/Nodes/UI/RenderTypeBranchNode.cs - Importer: ScriptedImporter/UnityEditor.QuickSearchModule:UnityEditor.Search:ASIAI0B' with importer (ScriptedImporter : UnityEditor.QuickSearchModule:UnityEditor.Search:ASIAI0B)
Imported 'GUID: d76d31d3abf64e1085969d0a4ccca4c5' -> (Import Result ID: '41b60a4aa48ff765e3de8828fa57e7a1') in 0.002 seconds [static and dynamic dependencies]. Details - ImportResultOutputID=5196732e1092e5df95ba4e49affa749b DependenciesID=fc987965016c3f3674f7f4ce4f0d5579 StaticDependenciesID=62df73eddf401579a95596812b8101d3 
Number of updated asset objects reloaded before import = 0
Number of asset objects unloaded after import = 0
========================================================================
Received Import Request.
  Time of request: 2026-10-01T08:15:30.4000799Z
  Time since last request: 0.0003398 seconds.
  importAddress: GUID: bf6df2fd463c5a3489c65eee884c8488 - Path: Packages/com.unity.shadergraph/Tests/Editor/UnitTests/ShaderGeneratorTests.cs - Importer: ScriptedImporter/UnityEditor.QuickSearchModule:UnityEditor.Search:ASIAI0B
Importing 'GUID: bf6df2fd463c5a3489c65eee884c8488 - Path: Packages/com.unity.shadergraph/Tests/Editor/UnitTests/ShaderGeneratorTests.cs - Importer: ScriptedImporter/UnityEditor.QuickSearchModule:UnityEditor.Search:ASIAI0B' with importer (ScriptedImporter : UnityEditor.QuickSearchModule:UnityEditor.Search:ASIAI0B)
Imported 'GUID: bf6df2fd463c5a3489c65eee884c8488' -> (Import Result ID: '8fdfa23719402d2805020ab0ce6eeb24') in 0.002 seconds [static and dynamic dependencies]. Details - ImportResultOutputID=56a3966879d893aae6cf8f3e4700d909 DependenciesID=0d648b27c2eecaa2ad724675490cc9e8 StaticDependenciesID=1f57d87383dc762b9c66bc61b6c1d97f 
Number of updated asset objects reloaded before import = 0
Number of asset objects unloaded after import = 0
========================================================================
Received Import Request.
  Time of request: 2026-10-01T08:15:30.4126518Z
  Time since last request: 0.0004545 seconds.
  importAddress: GUID: 88d9d4ff293792c42a6008e688bbc8fc - Path: Packages/com.unity.shadergraph/Editor/Data/Nodes/Utility/SplitTextureTransformNode.cs - Importer: ScriptedImporter/UnityEditor.QuickSearchModule:UnityEditor.Search:ASIAI0B
Importing 'GUID: 88d9d4ff293792c42a6008e688bbc8fc - Path: Packages/com.unity.shadergraph/Editor/Data/Nodes/Utility/SplitTextureTransformNode.cs - Importer: ScriptedImporter/UnityEditor.QuickSearchModule:UnityEditor.Search:ASIAI0B' with importer (ScriptedImporter : UnityEditor.QuickSearchModule:UnityEditor.Search:ASIAI0B)
Imported 'GUID: 88d9d4ff293792c42a6008e688bbc8fc' -> (Import Result ID: 'a1f1d7b836507252d5ec1017f8b70002') in 0.002 seconds [static and dynamic dependencies]. Details - ImportResultOutputID=11654bcff4b3ae6d726b5854835e6ad0 DependenciesID=faface6f9c0cef8cbb00020c0dc1444a StaticDependenciesID=3292c59c29b733bc2639067e1a3c335d 
Number of updated asset objects reloaded before import = 0
Number of asset objects unloaded after import = 0
========================================================================
Received Import Request.
  Time of request: 2026-10-01T08:15:30.4236663Z
  Time since last request: 0.0003921 seconds.
  importAddress: GUID: d316720413684b89abb49286f25a4e94 - Path: Packages/com.unity.shadergraph/Editor/Drawing/Inspector/PropertyDrawers/FloatPropertyDrawer.cs - Importer: ScriptedImporter/UnityEditor.QuickSearchModule:UnityEditor.Search:ASIAI0B
Importing 'GUID: d316720413684b89abb49286f25a4e94 - Path: Packages/com.unity.shadergraph/Editor/Drawing/Inspector/PropertyDrawers/FloatPropertyDrawer.cs - Importer: ScriptedImporter/UnityEditor.QuickSearchModule:UnityEditor.Search:ASIAI0B' with importer (ScriptedImporter : UnityEditor.QuickSearchModule:UnityEditor.Search:ASIAI0B)
Imported 'GUID: d316720413684b89abb49286f25a4e94' -> (Import Result ID: '016c6cd503270dcf507a2b57124231f0') in 0.002 seconds [static and dynamic dependencies]. Details - ImportResultOutputID=672534eaf958551027bd3362cfbf145c DependenciesID=b11e515e7efdd6242a54defe279c8959 StaticDependenciesID=6cc69ce9e4c5b1d7764111e7ac35cd9d 
Number of updated asset objects reloaded before import = 0
Number of asset objects unloaded after import = 0
========================================================================
Received Import Request.
  Time of request: 2026-10-01T08:15:30.4333252Z
  Time since last request: 0.0002783 seconds.
  importAddress: GUID: f0e25259c308af440a82e1a5e66acf40 - Path: Packages/com.unity.shadergraph/Editor/Data/Nodes/MeshDeformation/LinearBlendSkinningNode.cs - Importer: ScriptedImporter/UnityEditor.QuickSearchModule:UnityEditor.Search:ASIAI0B
Importing 'GUID: f0e25259c308af440a82e1a5e66acf40 - Path: Packages/com.unity.shadergraph/Editor/Data/Nodes/MeshDeformation/LinearBlendSkinningNode.cs - Importer: ScriptedImporter/UnityEditor.QuickSearchModule:UnityEditor.Search:ASIAI0B' with importer (ScriptedImporter : UnityEditor.QuickSearchModule:UnityEditor.Search:ASIAI0B)
Imported 'GUID: f0e25259c308af440a82e1a5e66acf40' -> (Import Result ID: '234609e2b70ad04889a3915d4b0c8218') in 0.002 seconds [static and dynamic dependencies]. Details - ImportResultOutputID=367e6d8032cc9884df56e1b60870bf59 DependenciesID=716ffb2e51d3aa7036261c15788c0600 StaticDependenciesID=4a2b14e78844b8b9a82d6c18f337f175 
Number of updated asset objects reloaded before import = 0
Number of asset objects unloaded after import = 0
========================================================================
Received Import Request.
  Time of request: 2026-10-01T08:15:30.443048Z
  Time since last request: 0.0001587 seconds.
  importAddress: GUID: 34bb760e026fa494c83d62660c2c9b4a - Path: Packages/com.unity.shadergraph/Editor/Data/Nodes/Channel/AppendVectorNode.cs - Importer: ScriptedImporter/UnityEditor.QuickSearchModule:UnityEditor.Search:ASIAI0B
Importing 'GUID: 34bb760e026fa494c83d62660c2c9b4a - Path: Packages/com.unity.shadergraph/Editor/Data/Nodes/Channel/AppendVectorNode.cs - Importer: ScriptedImporter/UnityEditor.QuickSearchModule:UnityEditor.Search:ASIAI0B' with importer (ScriptedImporter : UnityEditor.QuickSearchModule:UnityEditor.Search:ASIAI0B)
Imported 'GUID: 34bb760e026fa494c83d62660c2c9b4a' -> (Import Result ID: 'ed05e3ca8f2874386a75d29b51e92ba7') in 0.001 seconds [static and dynamic dependencies]. Details - ImportResultOutputID=afd48cf0af97f374205e7bc2211fd12c DependenciesID=7029aad89b74f64f740a63746a913926 StaticDependenciesID=b9b4ee1617f1f29893ebf117ce08c6cb 
Number of updated asset objects reloaded before import = 0
Number of asset objects unloaded after import = 0
========================================================================
Received Import Request.
  Time of request: 2026-10-01T08:15:30.4781646Z
  Time since last request: 0.0251307 seconds.
  importAddress: GUID: 39e16e6626e1ca742be7960773098a00 - Path: Packages/com.unity.shadergraph/Editor/Drawing/Inspector/PropertyDrawers/SampleElementTextureNodePropertyDrawer.cs - Importer: ScriptedImporter/UnityEditor.QuickSearchModule:UnityEditor.Search:ASIAI0B
Importing 'GUID: 39e16e6626e1ca742be7960773098a00 - Path: Packages/com.unity.shadergraph/Editor/Drawing/Inspector/PropertyDrawers/SampleElementTextureNodePropertyDrawer.cs - Importer: ScriptedImporter/UnityEditor.QuickSearchModule:UnityEditor.Search:ASIAI0B' with importer (ScriptedImporter : UnityEditor.QuickSearchModule:UnityEditor.Search:ASIAI0B)
Imported 'GUID: 39e16e6626e1ca742be7960773098a00' -> (Import Result ID: '7a479f8d1fa59e03e199c1b90cd3b07b') in 0.002 seconds [static and dynamic dependencies]. Details - ImportResultOutputID=759a9b32c2fe88ec3ae37c7ef598ab1f DependenciesID=01d5e7b0246eb27e3f9b1e255363f708 StaticDependenciesID=4b56e19f60a147514f57a1c824217f3b 
Number of updated asset objects reloaded before import = 0
Number of asset objects unloaded after import = 0
========================================================================
Received Import Request.
  Time of request: 2026-10-01T08:15:30.489117Z
  Time since last request: 0.0002205 seconds.
  importAddress: GUID: a184620cc50fd2e40a845d6ebb39529e - Path: Packages/com.unity.shadergraph/Editor/Drawing/Views/Slots/ColorRGBSlotControlView.cs - Importer: ScriptedImporter/UnityEditor.QuickSearchModule:UnityEditor.Search:ASIAI0B
Importing 'GUID: a184620cc50fd2e40a845d6ebb39529e - Path: Packages/com.unity.shadergraph/Editor/Drawing/Views/Slots/ColorRGBSlotControlView.cs - Importer: ScriptedImporter/UnityEditor.QuickSearchModule:UnityEditor.Search:ASIAI0B' with importer (ScriptedImporter : UnityEditor.QuickSearchModule:UnityEditor.Search:ASIAI0B)
Imported 'GUID: a184620cc50fd2e40a845d6ebb39529e' -> (Import Result ID: 'ef19af9c7bee041a3f1e214f07f734dc') in 0.002 seconds [static and dynamic dependencies]. Details - ImportResultOutputID=8a47843c580631634d166e544f4ee898 DependenciesID=5a96555e1180729e0ceb42ca06750e73 StaticDependenciesID=e4dc6c63aaaf1308ab9f7d89dae3f760 
Number of updated asset objects reloaded before import = 0
Number of asset objects unloaded after import = 0
========================================================================
Received Import Request.
  Time of request: 2026-10-01T08:15:30.4993159Z
  Time since last request: 0.0002206 seconds.
  importAddress: GUID: 08d70afa217adb948a9c45a911ba0d3e - Path: Packages/com.unity.shadergraph/Editor/Drawing/Inspector/PropertyDrawers/SwitchNodePropertyDrawer.cs - Importer: ScriptedImporter/UnityEditor.QuickSearchModule:UnityEditor.Search:ASIAI0B
Importing 'GUID: 08d70afa217adb948a9c45a911ba0d3e - Path: Packages/com.unity.shadergraph/Editor/Drawing/Inspector/PropertyDrawers/SwitchNodePropertyDrawer.cs - Importer: ScriptedImporter/UnityEditor.QuickSearchModule:UnityEditor.Search:ASIAI0B' with importer (ScriptedImporter : UnityEditor.QuickSearchModule:UnityEditor.Search:ASIAI0B)
Imported 'GUID: 08d70afa217adb948a9c45a911ba0d3e' -> (Import Result ID: 'f69ad785818d670d637bf4f31c91f4f0') in 0.002 seconds [static and dynamic dependencies]. Details - ImportResultOutputID=5997031e06684c5506994d50efaa92a4 DependenciesID=dfc12b54bd7f9432dc6f8974f281d4e1 StaticDependenciesID=ae04598ece350596efd8ccb7118c523f 
Number of updated asset objects reloaded before import = 0
Number of asset objects unloaded after import = 0
========================================================================
Received Import Request.
  Time of request: 2026-10-01T08:15:30.5102432Z
  Time since last request: 0.0005257 seconds.
  importAddress: GUID: 5a49cf3652c693645931ba8ef38e8e1e - Path: Packages/com.unity.shadergraph/Editor/Drawing/Inspector/PropertyDrawers/PositionNodePropertyDrawer.cs - Importer: ScriptedImporter/UnityEditor.QuickSearchModule:UnityEditor.Search:ASIAI0B
Importing 'GUID: 5a49cf3652c693645931ba8ef38e8e1e - Path: Packages/com.unity.shadergraph/Editor/Drawing/Inspector/PropertyDrawers/PositionNodePropertyDrawer.cs - Importer: ScriptedImporter/UnityEditor.QuickSearchModule:UnityEditor.Search:ASIAI0B' with importer (ScriptedImporter : UnityEditor.QuickSearchModule:UnityEditor.Search:ASIAI0B)
Imported 'GUID: 5a49cf3652c693645931ba8ef38e8e1e' -> (Import Result ID: 'f124054bf6ab7578220a0c2d02024c24') in 0.002 seconds [static and dynamic dependencies]. Details - ImportResultOutputID=6ed6029cefcdd13677ef0cd17b3e13c7 DependenciesID=dd2aa5b32de312240580ddf4719b8437 StaticDependenciesID=07eac0ac220c38043abb6736c66dbca1 
Number of updated asset objects reloaded before import = 0
Number of asset objects unloaded after import = 0
========================================================================
Received Import Request.
  Time of request: 2026-10-01T08:15:30.522745Z
  Time since last request: 0.0002811 seconds.
  importAddress: GUID: e392ecea19f8779438f0b90905fdee13 - Path: Packages/com.unity.shadergraph/Editor/Generation/Targets/Fullscreen/FullscreenMetaData.cs - Importer: ScriptedImporter/UnityEditor.QuickSearchModule:UnityEditor.Search:ASIAI0B
Importing 'GUID: e392ecea19f8779438f0b90905fdee13 - Path: Packages/com.unity.shadergraph/Editor/Generation/Targets/Fullscreen/FullscreenMetaData.cs - Importer: ScriptedImporter/UnityEditor.QuickSearchModule:UnityEditor.Search:ASIAI0B' with importer (ScriptedImporter : UnityEditor.QuickSearchModule:UnityEditor.Search:ASIAI0B)
Imported 'GUID: e392ecea19f8779438f0b90905fdee13' -> (Import Result ID: '6990f68740493468eb89abab0744e2f7') in 0.005 seconds [static and dynamic dependencies]. Details - ImportResultOutputID=aae200a25f4cd4086b42331586394f1c DependenciesID=4066e21cc3506d2756d2f4d6efcc483e StaticDependenciesID=70ed2e51358483f7b66c4a3a7655f90f 
Number of updated asset objects reloaded before import = 0
Number of asset objects unloaded after import = 0
========================================================================
Received Import Request.
  Time of request: 2026-10-01T08:15:30.5364169Z
  Time since last request: 0.0003365 seconds.
  importAddress: GUID: 57c3182c4f4d4ee8a6eccd63407c695d - Path: Packages/com.unity.shadergraph/Editor/Drawing/Inspector/PropertyDrawers/ToggleDataPropertyDrawer.cs - Importer: ScriptedImporter/UnityEditor.QuickSearchModule:UnityEditor.Search:ASIAI0B
Importing 'GUID: 57c3182c4f4d4ee8a6eccd63407c695d - Path: Packages/com.unity.shadergraph/Editor/Drawing/Inspector/PropertyDrawers/ToggleDataPropertyDrawer.cs - Importer: ScriptedImporter/UnityEditor.QuickSearchModule:UnityEditor.Search:ASIAI0B' with importer (ScriptedImporter : UnityEditor.QuickSearchModule:UnityEditor.Search:ASIAI0B)
Imported 'GUID: 57c3182c4f4d4ee8a6eccd63407c695d' -> (Import Result ID: 'c978f93ad3015499629edb40f87b6242') in 0.002 seconds [static and dynamic dependencies]. Details - ImportResultOutputID=01598eed3e174c23ab0d92ee4d7d2be4 DependenciesID=8cbf45a0144f4992ee0f36550176d966 StaticDependenciesID=2d024ba16ab28966b956c93c0acc0f9d 
Number of updated asset objects reloaded before import = 0
Number of asset objects unloaded after import = 0
========================================================================
Received Import Request.
  Time of request: 2026-10-01T08:15:30.5652157Z
  Time since last request: 0.0185683 seconds.
  importAddress: GUID: 8dfac6eef2d89e8428c7a79b147413db - Path: Packages/com.unity.shadergraph/Editor/Resources/Styles/Controls/ChannelEnumControlView.uss - Importer: ScriptedImporter/UnityEditor.QuickSearchModule:UnityEditor.Search:ASIAI0B
Importing 'GUID: 8dfac6eef2d89e8428c7a79b147413db - Path: Packages/com.unity.shadergraph/Editor/Resources/Styles/Controls/ChannelEnumControlView.uss - Importer: ScriptedImporter/UnityEditor.QuickSearchModule:UnityEditor.Search:ASIAI0B' with importer (ScriptedImporter : UnityEditor.QuickSearchModule:UnityEditor.Search:ASIAI0B)
Imported 'GUID: 8dfac6eef2d89e8428c7a79b147413db' -> (Import Result ID: 'ad07287661c06933640659843d1f408b') in 0.007 seconds [static and dynamic dependencies]. Details - ImportResultOutputID=2513ff40b10abaa689ba9984239e3a5a DependenciesID=157e9d31885b7c8bc050766565b4b76d StaticDependenciesID=79061089e4aab6747482293ef9894e29 
Number of updated asset objects reloaded before import = 0
Number of asset objects unloaded after import = 1
========================================================================
Received Import Request.
  Time of request: 2026-10-01T08:15:30.5828327Z
  Time since last request: 0.0005138 seconds.
  importAddress: GUID: c72bf0f50e306d944a1e48a2bb299082 - Path: Packages/com.unity.shadergraph/Editor/Resources/Styles/Controls/BooleanSlotControlView.uss - Importer: ScriptedImporter/UnityEditor.QuickSearchModule:UnityEditor.Search:ASIAI0B
Importing 'GUID: c72bf0f50e306d944a1e48a2bb299082 - Path: Packages/com.unity.shadergraph/Editor/Resources/Styles/Controls/BooleanSlotControlView.uss - Importer: ScriptedImporter/UnityEditor.QuickSearchModule:UnityEditor.Search:ASIAI0B' with importer (ScriptedImporter : UnityEditor.QuickSearchModule:UnityEditor.Search:ASIAI0B)
Imported 'GUID: c72bf0f50e306d944a1e48a2bb299082' -> (Import Result ID: '821b2a9a9c0473a0675140d0712e5273') in 0.002 seconds [static and dynamic dependencies]. Details - ImportResultOutputID=b4da876330347ecd801153c801c67c9a DependenciesID=0c7c843043c6708241543e40c6b8c0e4 StaticDependenciesID=171dc33b35457ccb9be4040dffa161d0 
Number of updated asset objects reloaded before import = 0
Number of asset objects unloaded after import = 1
========================================================================
Received Import Request.
  Time of request: 2026-10-01T08:15:30.5944198Z
  Time since last request: 0.0004251 seconds.
  importAddress: GUID: 8d3443495105d4166996158d4b321c21 - Path: Packages/com.unity.shadergraph/Editor/Resources/Styles/Controls/GradientControlView.uss - Importer: ScriptedImporter/UnityEditor.QuickSearchModule:UnityEditor.Search:ASIAI0B
Importing 'GUID: 8d3443495105d4166996158d4b321c21 - Path: Packages/com.unity.shadergraph/Editor/Resources/Styles/Controls/GradientControlView.uss - Importer: ScriptedImporter/UnityEditor.QuickSearchModule:UnityEditor.Search:ASIAI0B' with importer (ScriptedImporter : UnityEditor.QuickSearchModule:UnityEditor.Search:ASIAI0B)
Imported 'GUID: 8d3443495105d4166996158d4b321c21' -> (Import Result ID: '0db94b39092018106759904d37e7c6d7') in 0.003 seconds [static and dynamic dependencies]. Details - ImportResultOutputID=57dd6fd030769813b28072989ca5d2d4 DependenciesID=616eeece89074bdd44f565884de8ee5a StaticDependenciesID=a79e14b2d078e8366aff2f92370ab3b0 
Number of updated asset objects reloaded before import = 0
Number of asset objects unloaded after import = 1
========================================================================
Received Import Request.
  Time of request: 2026-10-01T08:15:30.6060198Z
  Time since last request: 0.0003752 seconds.
  importAddress: GUID: 4ee4ce39889d8db4d8c49aa84772cd12 - Path: Packages/com.unity.shadergraph/Editor/Resources/UXML/Blackboard/SGBlackboard.uxml - Importer: ScriptedImporter/UnityEditor.QuickSearchModule:UnityEditor.Search:ASIAI0B
Importing 'GUID: 4ee4ce39889d8db4d8c49aa84772cd12 - Path: Packages/com.unity.shadergraph/Editor/Resources/UXML/Blackboard/SGBlackboard.uxml - Importer: ScriptedImporter/UnityEditor.QuickSearchModule:UnityEditor.Search:ASIAI0B' with importer (ScriptedImporter : UnityEditor.QuickSearchModule:UnityEditor.Search:ASIAI0B)
Imported 'GUID: 4ee4ce39889d8db4d8c49aa84772cd12' -> (Import Result ID: '82121a9b84c7fd16b84bc0368ed774ee') in 0.007 seconds [static and dynamic dependencies]. Details - ImportResultOutputID=a9aaac7334d000e18cbb520595483314 DependenciesID=107d5fc4cedd23ae95705aa03dad336f StaticDependenciesID=ffb26b1e690e2ec602414dc908b6f7cb 
Number of updated asset objects reloaded before import = 0
Number of asset objects unloaded after import = 2
========================================================================
Received Import Request.
  Time of request: 2026-10-01T08:15:30.6223195Z
  Time since last request: 0.0003317 seconds.
  importAddress: GUID: f339e526c7fc4e14daae8819172de9de - Path: Packages/com.unity.shadergraph/Editor/Resources/UXML/Blackboard/SGBlackboardField.uxml - Importer: ScriptedImporter/UnityEditor.QuickSearchModule:UnityEditor.Search:ASIAI0B
Importing 'GUID: f339e526c7fc4e14daae8819172de9de - Path: Packages/com.unity.shadergraph/Editor/Resources/UXML/Blackboard/SGBlackboardField.uxml - Importer: ScriptedImporter/UnityEditor.QuickSearchModule:UnityEditor.Search:ASIAI0B' with importer (ScriptedImporter : UnityEditor.QuickSearchModule:UnityEditor.Search:ASIAI0B)
Imported 'GUID: f339e526c7fc4e14daae8819172de9de' -> (Import Result ID: 'dd2ab11efe5ec876667e6bc5820024e9') in 0.004 seconds [static and dynamic dependencies]. Details - ImportResultOutputID=bd8344f13e0dbf61f6357f05d21f5cbd DependenciesID=9472be8a319fabc211304fcec2cfa93d StaticDependenciesID=f9f26ff2e1dbc2697df258291712fa7d 
Number of updated asset objects reloaded before import = 0
Number of asset objects unloaded after import = 2
========================================================================
Received Import Request.
  Time of request: 2026-10-01T08:15:30.6549913Z
  Time since last request: 0.0208173 seconds.
  importAddress: GUID: 1295ed68a1115a64088fc9298766fde8 - Path: Packages/com.unity.shadergraph/Editor/Data/Nodes/Artistic/Normal/NormalUnpackNode.cs - Importer: ScriptedImporter/UnityEditor.QuickSearchModule:UnityEditor.Search:ASIAI0B
Importing 'GUID: 1295ed68a1115a64088fc9298766fde8 - Path: Packages/com.unity.shadergraph/Editor/Data/Nodes/Artistic/Normal/NormalUnpackNode.cs - Importer: ScriptedImporter/UnityEditor.QuickSearchModule:UnityEditor.Search:ASIAI0B' with importer (ScriptedImporter : UnityEditor.QuickSearchModule:UnityEditor.Search:ASIAI0B)
Imported 'GUID: 1295ed68a1115a64088fc9298766fde8' -> (Import Result ID: 'fb2550cbe7e891ec04e63123ccc15a13') in 0.002 seconds [static and dynamic dependencies]. Details - ImportResultOutputID=139b4827bbc3e1e2776740a7d6191b38 DependenciesID=597722f9245cdb1538eaf78b254c670c StaticDependenciesID=332f3df1876cc109bca02a6485a159f0 
Number of updated asset objects reloaded before import = 0
Number of asset objects unloaded after import = 0
========================================================================
Received Import Request.
  Time of request: 2026-10-01T08:15:30.665574Z
  Time since last request: 0.0005617 seconds.
  importAddress: GUID: 94965bffe51535041a4f0a618263bf7d - Path: Packages/com.unity.shadergraph/Editor/Data/Nodes/Artistic/Adjustment/ContrastNode.cs - Importer: ScriptedImporter/UnityEditor.QuickSearchModule:UnityEditor.Search:ASIAI0B
Importing 'GUID: 94965bffe51535041a4f0a618263bf7d - Path: Packages/com.unity.shadergraph/Editor/Data/Nodes/Artistic/Adjustment/ContrastNode.cs - Importer: ScriptedImporter/UnityEditor.QuickSearchModule:UnityEditor.Search:ASIAI0B' with importer (ScriptedImporter : UnityEditor.QuickSearchModule:UnityEditor.Search:ASIAI0B)
Imported 'GUID: 94965bffe51535041a4f0a618263bf7d' -> (Import Result ID: '4eaca64ae6c0c65db78360fb83c87a6d') in 0.002 seconds [static and dynamic dependencies]. Details - ImportResultOutputID=fa9e68f7e9add76c9922a88b7ec95616 DependenciesID=cbac37c6cc0f0ed814d9b7f906f4f1e5 StaticDependenciesID=7fb19b3a2785e4b37f6a1cd74e479217 
Number of updated asset objects reloaded before import = 0
Number of asset objects unloaded after import = 0
========================================================================
Received Import Request.
  Time of request: 2026-10-01T08:15:30.6753783Z
  Time since last request: 0.0005131 seconds.
  importAddress: GUID: c943843c9c7424a4d9b629c087d93df5 - Path: Packages/com.unity.shadergraph/Editor/Data/Nodes/Artistic/Normal/NormalFromTextureNode.cs - Importer: ScriptedImporter/UnityEditor.QuickSearchModule:UnityEditor.Search:ASIAI0B
Importing 'GUID: c943843c9c7424a4d9b629c087d93df5 - Path: Packages/com.unity.shadergraph/Editor/Data/Nodes/Artistic/Normal/NormalFromTextureNode.cs - Importer: ScriptedImporter/UnityEditor.QuickSearchModule:UnityEditor.Search:ASIAI0B' with importer (ScriptedImporter : UnityEditor.QuickSearchModule:UnityEditor.Search:ASIAI0B)
Imported 'GUID: c943843c9c7424a4d9b629c087d93df5' -> (Import Result ID: '4ed6544516e64cf7f0d9508e0d08d7f4') in 0.002 seconds [static and dynamic dependencies]. Details - ImportResultOutputID=8d027705987b19a15d9629851337ecc8 DependenciesID=fab32167b9658ed5b804bda41896a6e0 StaticDependenciesID=2363918c7ea8b8e6287787114f83966c 
Number of updated asset objects reloaded before import = 0
Number of asset objects unloaded after import = 0
========================================================================
Received Import Request.
  Time of request: 2026-10-01T08:15:30.6900128Z
  Time since last request: 0.0050839 seconds.
  importAddress: GUID: 8cc9905543f080945b4250dfa558e604 - Path: Packages/com.unity.shadergraph/Editor/Data/Nodes/Input/Geometry/VertexIDNode.cs - Importer: ScriptedImporter/UnityEditor.QuickSearchModule:UnityEditor.Search:ASIAI0B
Importing 'GUID: 8cc9905543f080945b4250dfa558e604 - Path: Packages/com.unity.shadergraph/Editor/Data/Nodes/Input/Geometry/VertexIDNode.cs - Importer: ScriptedImporter/UnityEditor.QuickSearchModule:UnityEditor.Search:ASIAI0B' with importer (ScriptedImporter : UnityEditor.QuickSearchModule:UnityEditor.Search:ASIAI0B)
Imported 'GUID: 8cc9905543f080945b4250dfa558e604' -> (Import Result ID: '3787319a19d25b24c467dc135c8c61b5') in 0.002 seconds [static and dynamic dependencies]. Details - ImportResultOutputID=ae75ea60f619cf5665253c9473692e7f DependenciesID=d0437e209e78c92218e6375b5f5cb635 StaticDependenciesID=98017b96ec560cf378e937050ec2703c 
Number of updated asset objects reloaded before import = 0
Number of asset objects unloaded after import = 0
========================================================================
Received Import Request.
  Time of request: 2026-10-01T08:15:30.7007293Z
  Time since last request: 0.0003239 seconds.
  importAddress: GUID: 1aa5997e0f5062c479ca5217c247f550 - Path: Packages/com.unity.shadergraph/Editor/Data/Nodes/Input/UI/ElementTintNode.cs - Importer: ScriptedImporter/UnityEditor.QuickSearchModule:UnityEditor.Search:ASIAI0B
Importing 'GUID: 1aa5997e0f5062c479ca5217c247f550 - Path: Packages/com.unity.shadergraph/Editor/Data/Nodes/Input/UI/ElementTintNode.cs - Importer: ScriptedImporter/UnityEditor.QuickSearchModule:UnityEditor.Search:ASIAI0B' with importer (ScriptedImporter : UnityEditor.QuickSearchModule:UnityEditor.Search:ASIAI0B)
Imported 'GUID: 1aa5997e0f5062c479ca5217c247f550' -> (Import Result ID: 'd7386b7618c83b501273b0a8310f3bed') in 0.002 seconds [static and dynamic dependencies]. Details - ImportResultOutputID=133f12928f30acf4647eac80d301647b DependenciesID=ef1b6ce7c2f94bde91cfb9590383d50a StaticDependenciesID=7802472c81d2151c4cd629b92f20a460 
Number of updated asset objects reloaded before import = 0
Number of asset objects unloaded after import = 0
========================================================================
Received Import Request.
  Time of request: 2026-10-01T08:15:30.7133006Z
  Time since last request: 0.0003012 seconds.
  importAddress: GUID: 30cf94a5e32cd254eb6eadf45e5cdfe3 - Path: Packages/com.unity.shadergraph/Editor/Data/Nodes/Input/Geometry/ViewDirectionNode.cs - Importer: ScriptedImporter/UnityEditor.QuickSearchModule:UnityEditor.Search:ASIAI0B
Importing 'GUID: 30cf94a5e32cd254eb6eadf45e5cdfe3 - Path: Packages/com.unity.shadergraph/Editor/Data/Nodes/Input/Geometry/ViewDirectionNode.cs - Importer: ScriptedImporter/UnityEditor.QuickSearchModule:UnityEditor.Search:ASIAI0B' with importer (ScriptedImporter : UnityEditor.QuickSearchModule:UnityEditor.Search:ASIAI0B)
Imported 'GUID: 30cf94a5e32cd254eb6eadf45e5cdfe3' -> (Import Result ID: '4c389eb2aefb2c6506fda8887157be86') in 0.002 seconds [static and dynamic dependencies]. Details - ImportResultOutputID=a3e9fe346b80f74aeaefca79b02d0099 DependenciesID=46955239693d5b0b8568c825539b63a8 StaticDependenciesID=6cd5a7028882abb6967998d23743d15c 
Number of updated asset objects reloaded before import = 0
Number of asset objects unloaded after import = 0
========================================================================
Received Import Request.
  Time of request: 2026-10-01T08:15:30.7228976Z
  Time since last request: 0.0002961 seconds.
  importAddress: GUID: dd27728b9ce314209beef46e595204c5 - Path: Packages/com.unity.shadergraph/Editor/Data/Nodes/Input/Scene/CameraNode.cs - Importer: ScriptedImporter/UnityEditor.QuickSearchModule:UnityEditor.Search:ASIAI0B
Importing 'GUID: dd27728b9ce314209beef46e595204c5 - Path: Packages/com.unity.shadergraph/Editor/Data/Nodes/Input/Scene/CameraNode.cs - Importer: ScriptedImporter/UnityEditor.QuickSearchModule:UnityEditor.Search:ASIAI0B' with importer (ScriptedImporter : UnityEditor.QuickSearchModule:UnityEditor.Search:ASIAI0B)
Imported 'GUID: dd27728b9ce314209beef46e595204c5' -> (Import Result ID: '7f599f76bedb723c861fd892ef216f45') in 0.002 seconds [static and dynamic dependencies]. Details - ImportResultOutputID=d46fc6f379f51e02037342582a75f7d7 DependenciesID=39db7f83b5b45d1040d500f73503813c StaticDependenciesID=97909b162190a7c6db886e5e6b86030e 
Number of updated asset objects reloaded before import = 0
Number of asset objects unloaded after import = 0
========================================================================
Received Import Request.
  Time of request: 2026-10-01T08:15:30.7356756Z
  Time since last request: 0.0004228 seconds.
  importAddress: GUID: 968ed0a541658844486b1ac5ab57ee2d - Path: Packages/com.unity.shadergraph/Editor/Data/Nodes/Input/Texture/CubemapAssetNode.cs - Importer: ScriptedImporter/UnityEditor.QuickSearchModule:UnityEditor.Search:ASIAI0B
Importing 'GUID: 968ed0a541658844486b1ac5ab57ee2d - Path: Packages/com.unity.shadergraph/Editor/Data/Nodes/Input/Texture/CubemapAssetNode.cs - Importer: ScriptedImporter/UnityEditor.QuickSearchModule:UnityEditor.Search:ASIAI0B' with importer (ScriptedImporter : UnityEditor.QuickSearchModule:UnityEditor.Search:ASIAI0B)
Imported 'GUID: 968ed0a541658844486b1ac5ab57ee2d' -> (Import Result ID: 'e7f1a8110c90c45e61d53dbffa4d43ff') in 0.002 seconds [static and dynamic dependencies]. Details - ImportResultOutputID=6e095e353d007b2607cb71275c27294a DependenciesID=db275855d4ab3e51d810b4890be880a2 StaticDependenciesID=0e853bee17e7245e002f0bea3e70e473 
Number of updated asset objects reloaded before import = 0
Number of asset objects unloaded after import = 0
========================================================================
Received Import Request.
  Time of request: 2026-10-01T08:15:30.7454601Z
  Time since last request: 0.0002736 seconds.
  importAddress: GUID: a8880ad54646f8b469de662f4f0785c9 - Path: Packages/com.unity.shadergraph/Editor/Data/Nodes/Math/Advanced/LogNode.cs - Importer: ScriptedImporter/UnityEditor.QuickSearchModule:UnityEditor.Search:ASIAI0B
Importing 'GUID: a8880ad54646f8b469de662f4f0785c9 - Path: Packages/com.unity.shadergraph/Editor/Data/Nodes/Math/Advanced/LogNode.cs - Importer: ScriptedImporter/UnityEditor.QuickSearchModule:UnityEditor.Search:ASIAI0B' with importer (ScriptedImporter : UnityEditor.QuickSearchModule:UnityEditor.Search:ASIAI0B)
Imported 'GUID: a8880ad54646f8b469de662f4f0785c9' -> (Import Result ID: 'cbc119c9ee7d60eb52b826baf9d682ac') in 0.003 seconds [static and dynamic dependencies]. Details - ImportResultOutputID=445e97cd5c0a0d0e06efdf1f5176ca33 DependenciesID=15d965a7c614578eedf5af414fecea4b StaticDependenciesID=a6b3a380303e5cd1d5c5e900b94c52c9 
Number of updated asset objects reloaded before import = 0
Number of asset objects unloaded after import = 0
========================================================================
Received Import Request.
  Time of request: 2026-10-01T08:15:30.7797219Z
  Time since last request: 0.0236031 seconds.
  importAddress: GUID: 6b31e904eeb9a604b9145c218287ad1e - Path: Packages/com.unity.shadergraph/Editor/Data/Nodes/Math/Vector/SphereMaskNode.cs - Importer: ScriptedImporter/UnityEditor.QuickSearchModule:UnityEditor.Search:ASIAI0B
Importing 'GUID: 6b31e904eeb9a604b9145c218287ad1e - Path: Packages/com.unity.shadergraph/Editor/Data/Nodes/Math/Vector/SphereMaskNode.cs - Importer: ScriptedImporter/UnityEditor.QuickSearchModule:UnityEditor.Search:ASIAI0B' with importer (ScriptedImporter : UnityEditor.QuickSearchModule:UnityEditor.Search:ASIAI0B)
Imported 'GUID: 6b31e904eeb9a604b9145c218287ad1e' -> (Import Result ID: '72da39d7d6d54d60ab5341ba95b5236b') in 0.002 seconds [static and dynamic dependencies]. Details - ImportResultOutputID=f2a3ffdac8ec9568bb6b33befdc479a0 DependenciesID=afba6afd9f1293c86f627356e0b85830 StaticDependenciesID=c45f93f3f66c1e6acc8736673bacbe2b 
Number of updated asset objects reloaded before import = 0
Number of asset objects unloaded after import = 0
========================================================================
Received Import Request.
  Time of request: 2026-10-01T08:15:30.7903702Z
  Time since last request: 0.0003697 seconds.
  importAddress: GUID: ec570279ba6e0734b9cd4c293a08b9fd - Path: Packages/com.unity.shadergraph/Editor/Data/Nodes/Math/Vector/DistanceNode.cs - Importer: ScriptedImporter/UnityEditor.QuickSearchModule:UnityEditor.Search:ASIAI0B
Importing 'GUID: ec570279ba6e0734b9cd4c293a08b9fd - Path: Packages/com.unity.shadergraph/Editor/Data/Nodes/Math/Vector/DistanceNode.cs - Importer: ScriptedImporter/UnityEditor.QuickSearchModule:UnityEditor.Search:ASIAI0B' with importer (ScriptedImporter : UnityEditor.QuickSearchModule:UnityEditor.Search:ASIAI0B)
Imported 'GUID: ec570279ba6e0734b9cd4c293a08b9fd' -> (Import Result ID: '09ba5f547e8d621e2b2a3a0470dabef8') in 0.002 seconds [static and dynamic dependencies]. Details - ImportResultOutputID=018bdf343f39ebca330114d484caaae3 DependenciesID=8c18d6069a6c8266f8ccb3c196b63950 StaticDependenciesID=db168783e08ddd28398cfc4200d7700e 
Number of updated asset objects reloaded before import = 0
Number of asset objects unloaded after import = 0
========================================================================
Received Import Request.
  Time of request: 2026-10-01T08:15:30.8026416Z
  Time since last request: 0.0003123 seconds.
  importAddress: GUID: aac1ed8451e23d34ab8a362ad52fce32 - Path: Packages/com.unity.shadergraph/Editor/Data/Nodes/Math/Trigonometry/HyperbolicSineNode.cs - Importer: ScriptedImporter/UnityEditor.QuickSearchModule:UnityEditor.Search:ASIAI0B
Importing 'GUID: aac1ed8451e23d34ab8a362ad52fce32 - Path: Packages/com.unity.shadergraph/Editor/Data/Nodes/Math/Trigonometry/HyperbolicSineNode.cs - Importer: ScriptedImporter/UnityEditor.QuickSearchModule:UnityEditor.Search:ASIAI0B' with importer (ScriptedImporter : UnityEditor.QuickSearchModule:UnityEditor.Search:ASIAI0B)
Imported 'GUID: aac1ed8451e23d34ab8a362ad52fce32' -> (Import Result ID: '22b62f66cc018782e58571108d8f43bd') in 0.002 seconds [static and dynamic dependencies]. Details - ImportResultOutputID=b53a6546dfc802186ef185deb978036d DependenciesID=dcef1a3c64205f443b8c3a65e4ecf5c4 StaticDependenciesID=5803afb9df482916a24f856f84256003 
Number of updated asset objects reloaded before import = 0
Number of asset objects unloaded after import = 0
========================================================================
Received Import Request.
  Time of request: 2026-10-01T08:15:30.8136123Z
  Time since last request: 0.0002568 seconds.
  importAddress: GUID: ee4eb305b2f727b47bbac99de0772c18 - Path: Packages/com.unity.shadergraph/Editor/Data/Nodes/Math/Wave/NoiseSineWaveNode.cs - Importer: ScriptedImporter/UnityEditor.QuickSearchModule:UnityEditor.Search:ASIAI0B
Importing 'GUID: ee4eb305b2f727b47bbac99de0772c18 - Path: Packages/com.unity.shadergraph/Editor/Data/Nodes/Math/Wave/NoiseSineWaveNode.cs - Importer: ScriptedImporter/UnityEditor.QuickSearchModule:UnityEditor.Search:ASIAI0B' with importer (ScriptedImporter : UnityEditor.QuickSearchModule:UnityEditor.Search:ASIAI0B)
Imported 'GUID: ee4eb305b2f727b47bbac99de0772c18' -> (Import Result ID: 'fb113ced6b385d62c012472bde4855a4') in 0.002 seconds [static and dynamic dependencies]. Details - ImportResultOutputID=d30863fb98b7518880cb2365ad1acf21 DependenciesID=61067482c4187bb3d3452d2a03298d0b StaticDependenciesID=9458e1926f9e2a44ba63fa1ce5128754 
Number of updated asset objects reloaded before import = 0
Number of asset objects unloaded after import = 0
========================================================================
Received Import Request.
  Time of request: 2026-10-01T08:15:30.8236102Z
  Time since last request: 0.0004771 seconds.
  importAddress: GUID: 7cf458b51c72d4045a820965b8037b9b - Path: Packages/com.unity.shadergraph/Editor/Data/Nodes/Math/Vector/ProjectionNode.cs - Importer: ScriptedImporter/UnityEditor.QuickSearchModule:UnityEditor.Search:ASIAI0B
Importing 'GUID: 7cf458b51c72d4045a820965b8037b9b - Path: Packages/com.unity.shadergraph/Editor/Data/Nodes/Math/Vector/ProjectionNode.cs - Importer: ScriptedImporter/UnityEditor.QuickSearchModule:UnityEditor.Search:ASIAI0B' with importer (ScriptedImporter : UnityEditor.QuickSearchModule:UnityEditor.Search:ASIAI0B)
Imported 'GUID: 7cf458b51c72d4045a820965b8037b9b' -> (Import Result ID: '17056fe5eb0c7cb84c3d9cb2cd4383f0') in 0.002 seconds [static and dynamic dependencies]. Details - ImportResultOutputID=582c95b0b88bd68fb1aba63633ba76b4 DependenciesID=3d0b1e87dbecd60c23917904b65baf71 StaticDependenciesID=7a20cf6e9ee44bce3c6f278dabfd6ebc 
Number of updated asset objects reloaded before import = 0
Number of asset objects unloaded after import = 0
========================================================================
Received Import Request.
  Time of request: 2026-10-01T08:15:30.8336328Z
  Time since last request: 0.0003925 seconds.
  importAddress: GUID: ebd730c94c4864d4f84382b17d49447f - Path: Packages/com.unity.shadergraph/Editor/Data/Nodes/Math/Wave/SawtoothWaveNode.cs - Importer: ScriptedImporter/UnityEditor.QuickSearchModule:UnityEditor.Search:ASIAI0B
Importing 'GUID: ebd730c94c4864d4f84382b17d49447f - Path: Packages/com.unity.shadergraph/Editor/Data/Nodes/Math/Wave/SawtoothWaveNode.cs - Importer: ScriptedImporter/UnityEditor.QuickSearchModule:UnityEditor.Search:ASIAI0B' with importer (ScriptedImporter : UnityEditor.QuickSearchModule:UnityEditor.Search:ASIAI0B)
Imported 'GUID: ebd730c94c4864d4f84382b17d49447f' -> (Import Result ID: '6ad798cc2d6805300b907287d83c8bbf') in 0.001 seconds [static and dynamic dependencies]. Details - ImportResultOutputID=a637cf89f909d5740f38b3091b640ddc DependenciesID=0f3257b0b2a6eddf7d7ea0497bc9045f StaticDependenciesID=684134516a0a94b655fe7a2812787fca 
Number of updated asset objects reloaded before import = 0
Number of asset objects unloaded after import = 0
========================================================================
Received Import Request.
  Time of request: 2026-10-01T08:15:30.8434126Z
  Time since last request: 0.0002735 seconds.
  importAddress: GUID: ab2601bf38a580a46945e707fecb7943 - Path: Packages/com.unity.shadergraph/Editor/Data/Nodes/Math/Round/CeilingNode.cs - Importer: ScriptedImporter/UnityEditor.QuickSearchModule:UnityEditor.Search:ASIAI0B
Importing 'GUID: ab2601bf38a580a46945e707fecb7943 - Path: Packages/com.unity.shadergraph/Editor/Data/Nodes/Math/Round/CeilingNode.cs - Importer: ScriptedImporter/UnityEditor.QuickSearchModule:UnityEditor.Search:ASIAI0B' with importer (ScriptedImporter : UnityEditor.QuickSearchModule:UnityEditor.Search:ASIAI0B)
Imported 'GUID: ab2601bf38a580a46945e707fecb7943' -> (Import Result ID: 'e4db3eab59e03957a193a7f9bf70f172') in 0.002 seconds [static and dynamic dependencies]. Details - ImportResultOutputID=6ac066eb650c4481cff23006cdb87687 DependenciesID=0ef9f9f1fc40b621cecb2906b21dfa18 StaticDependenciesID=5a22ffc7d4ba98be71f357837d592efd 
Number of updated asset objects reloaded before import = 0
Number of asset objects unloaded after import = 0
========================================================================
Received Import Request.
  Time of request: 2026-10-01T08:15:30.8689476Z
  Time since last request: 0.0155431 seconds.
  importAddress: GUID: 53413c183a3867a44a249b129ae86e6e - Path: Packages/com.unity.shadergraph/Editor/Data/Nodes/Utility/Logic/SwitchNode.cs - Importer: ScriptedImporter/UnityEditor.QuickSearchModule:UnityEditor.Search:ASIAI0B
Importing 'GUID: 53413c183a3867a44a249b129ae86e6e - Path: Packages/com.unity.shadergraph/Editor/Data/Nodes/Utility/Logic/SwitchNode.cs - Importer: ScriptedImporter/UnityEditor.QuickSearchModule:UnityEditor.Search:ASIAI0B' with importer (ScriptedImporter : UnityEditor.QuickSearchModule:UnityEditor.Search:ASIAI0B)
Imported 'GUID: 53413c183a3867a44a249b129ae86e6e' -> (Import Result ID: '48382f7562bf3a07ba60f7ad08f9714a') in 0.002 seconds [static and dynamic dependencies]. Details - ImportResultOutputID=33d272863c488618a31335f93bd99f84 DependenciesID=6728f8972d74989b287dc29ca1047f92 StaticDependenciesID=d59c93c0c8a20ebe45512e863ec0c70b 
Number of updated asset objects reloaded before import = 0
Number of asset objects unloaded after import = 0
========================================================================
Received Import Request.
  Time of request: 2026-10-01T08:15:30.8820838Z
  Time since last request: 0.0002572 seconds.
  importAddress: GUID: 90c38a95e899f254f984aef093366e94 - Path: Packages/com.unity.shadergraph/Editor/Generation/Targets/BuiltIn/ShaderLibrary/ShaderTypes.cs.hlsl - Importer: ScriptedImporter/UnityEditor.QuickSearchModule:UnityEditor.Search:ASIAI0B
Importing 'GUID: 90c38a95e899f254f984aef093366e94 - Path: Packages/com.unity.shadergraph/Editor/Generation/Targets/BuiltIn/ShaderLibrary/ShaderTypes.cs.hlsl - Importer: ScriptedImporter/UnityEditor.QuickSearchModule:UnityEditor.Search:ASIAI0B' with importer (ScriptedImporter : UnityEditor.QuickSearchModule:UnityEditor.Search:ASIAI0B)
Imported 'GUID: 90c38a95e899f254f984aef093366e94' -> (Import Result ID: '2f16ee070ada02def3a57bbf67d353c8') in 0.002 seconds [static and dynamic dependencies]. Details - ImportResultOutputID=16915f9169602b0e19526cd18a4b4492 DependenciesID=2c1e439b98ba54b4e78d2359caedcc72 StaticDependenciesID=7baaa44f3b468770eae2cd13d0b8673f 
Number of updated asset objects reloaded before import = 0
Number of asset objects unloaded after import = 1
========================================================================
Received Import Request.
  Time of request: 2026-10-01T08:15:30.8945993Z
  Time since last request: 0.0004203 seconds.
  importAddress: GUID: bfc4f24aa6eda10499234c714f82c6f2 - Path: Packages/com.unity.shadergraph/Editor/Generation/Targets/BuiltIn/ShaderLibrary/ShaderVariablesFunctions.deprecated.hlsl - Importer: ScriptedImporter/UnityEditor.QuickSearchModule:UnityEditor.Search:ASIAI0B
Importing 'GUID: bfc4f24aa6eda10499234c714f82c6f2 - Path: Packages/com.unity.shadergraph/Editor/Generation/Targets/BuiltIn/ShaderLibrary/ShaderVariablesFunctions.deprecated.hlsl - Importer: ScriptedImporter/UnityEditor.QuickSearchModule:UnityEditor.Search:ASIAI0B' with importer (ScriptedImporter : UnityEditor.QuickSearchModule:UnityEditor.Search:ASIAI0B)
Imported 'GUID: bfc4f24aa6eda10499234c714f82c6f2' -> (Import Result ID: '8a7675601036949af878aae2d3dc1aa6') in 0.002 seconds [static and dynamic dependencies]. Details - ImportResultOutputID=635bcff8dd60c398b167c195a18de1dc DependenciesID=f8605917c31787d9c910ea229398bd78 StaticDependenciesID=27000a6701f0ab065002d79303f61b8f 
Number of updated asset objects reloaded before import = 0
Number of asset objects unloaded after import = 1
========================================================================
Received Import Request.
  Time of request: 2026-10-01T08:15:30.9062706Z
  Time since last request: 0.0003425 seconds.
  importAddress: GUID: 1c7ec01faf22529498d9ebac04dfafd4 - Path: Packages/com.unity.shadergraph/Editor/Generation/Targets/BuiltIn/ShaderLibrary/UnityInput.hlsl - Importer: ScriptedImporter/UnityEditor.QuickSearchModule:UnityEditor.Search:ASIAI0B
Importing 'GUID: 1c7ec01faf22529498d9ebac04dfafd4 - Path: Packages/com.unity.shadergraph/Editor/Generation/Targets/BuiltIn/ShaderLibrary/UnityInput.hlsl - Importer: ScriptedImporter/UnityEditor.QuickSearchModule:UnityEditor.Search:ASIAI0B' with importer (ScriptedImporter : UnityEditor.QuickSearchModule:UnityEditor.Search:ASIAI0B)
Imported 'GUID: 1c7ec01faf22529498d9ebac04dfafd4' -> (Import Result ID: 'e0239b1c6b104cf197fdb71d5359e8ba') in 0.002 seconds [static and dynamic dependencies]. Details - ImportResultOutputID=5f897226b322d325ba055e69942065b6 DependenciesID=a0efcd0003f6c3a357183ae5dc0499bc StaticDependenciesID=7d29447c6f9dc551f373153dc6ecff7d 
Number of updated asset objects reloaded before import = 0
Number of asset objects unloaded after import = 1
========================================================================
Received Import Request.
  Time of request: 2026-10-01T08:15:30.916622Z
  Time since last request: 0.0002601 seconds.
  importAddress: GUID: 77f0b7eb337d453f907ab78780c7372e - Path: Packages/com.unity.shadergraph/Editor/Generation/Targets/Canvas/AssetCallbacks/CreateCanvasShadergraph.cs - Importer: ScriptedImporter/UnityEditor.QuickSearchModule:UnityEditor.Search:ASIAI0B
Importing 'GUID: 77f0b7eb337d453f907ab78780c7372e - Path: Packages/com.unity.shadergraph/Editor/Generation/Targets/Canvas/AssetCallbacks/CreateCanvasShadergraph.cs - Importer: ScriptedImporter/UnityEditor.QuickSearchModule:UnityEditor.Search:ASIAI0B' with importer (ScriptedImporter : UnityEditor.QuickSearchModule:UnityEditor.Search:ASIAI0B)
Imported 'GUID: 77f0b7eb337d453f907ab78780c7372e' -> (Import Result ID: '91868cdc3635fff22c651646b726b20c') in 0.002 seconds [static and dynamic dependencies]. Details - ImportResultOutputID=6106e28ce970b89723153232cc4b2c9d DependenciesID=949820a191beb9dc920a3b0f7d365676 StaticDependenciesID=14a81a8c825fcfd8b84ea8f600c3f13e 
Number of updated asset objects reloaded before import = 0
Number of asset objects unloaded after import = 0
========================================================================
Received Import Request.
  Time of request: 2026-10-01T08:15:30.938503Z
  Time since last request: 0.0123928 seconds.
  importAddress: GUID: 2d3968242695bd843acae565342dc94a - Path: Packages/com.unity.shadergraph/Editor/Generation/Targets/BuiltIn/Editor/ShaderGraph/AssetCallbacks/CreateLitShaderGraph.cs - Importer: ScriptedImporter/UnityEditor.QuickSearchModule:UnityEditor.Search:ASIAI0B
Importing 'GUID: 2d3968242695bd843acae565342dc94a - Path: Packages/com.unity.shadergraph/Editor/Generation/Targets/BuiltIn/Editor/ShaderGraph/AssetCallbacks/CreateLitShaderGraph.cs - Importer: ScriptedImporter/UnityEditor.QuickSearchModule:UnityEditor.Search:ASIAI0B' with importer (ScriptedImporter : UnityEditor.QuickSearchModule:UnityEditor.Search:ASIAI0B)
Imported 'GUID: 2d3968242695bd843acae565342dc94a' -> (Import Result ID: '5f694c113a15b2eb1dc7f6f0f48663c6') in 0.002 seconds [static and dynamic dependencies]. Details - ImportResultOutputID=06a583214b10735fabea35a0b40a5645 DependenciesID=093bad2ece32415056eb01970099048b StaticDependenciesID=8be39472eb95a51cc590019788def8ac 
Number of updated asset objects reloaded before import = 0
Number of asset objects unloaded after import = 0
========================================================================
Received Import Request.
  Time of request: 2026-10-01T08:15:30.9485117Z
  Time since last request: 0.0000478 seconds.
  importAddress: GUID: 5ef47fafdf6082a4ca29b49f85810af3 - Path: Packages/com.unity.shadergraph/Editor/Generation/Targets/BuiltIn/Editor/ShaderGraph/Includes/LegacyBuilding.hlsl - Importer: ScriptedImporter/UnityEditor.QuickSearchModule:UnityEditor.Search:ASIAI0B
Importing 'GUID: 5ef47fafdf6082a4ca29b49f85810af3 - Path: Packages/com.unity.shadergraph/Editor/Generation/Targets/BuiltIn/Editor/ShaderGraph/Includes/LegacyBuilding.hlsl - Importer: ScriptedImporter/UnityEditor.QuickSearchModule:UnityEditor.Search:ASIAI0B' with importer (ScriptedImporter : UnityEditor.QuickSearchModule:UnityEditor.Search:ASIAI0B)
Imported 'GUID: 5ef47fafdf6082a4ca29b49f85810af3' -> (Import Result ID: '0d0aa3d835080d74e2d66f86f5b2f442') in 0.002 seconds [static and dynamic dependencies]. Details - ImportResultOutputID=45479dde035d3be69a67c7f5116530b6 DependenciesID=e98b5dd509f66db2600881034fcd6881 StaticDependenciesID=8b1439d775a70dfe678813d5ac02d71f 
Number of updated asset objects reloaded before import = 0
Number of asset objects unloaded after import = 1
========================================================================
Received Import Request.
  Time of request: 2026-10-01T08:15:30.9581029Z
  Time since last request: 0.0002372 seconds.
  importAddress: GUID: 81c69b3c2bf4fe14ab3de9d0335c8cd8 - Path: Packages/com.unity.shadergraph/Editor/Generation/Targets/BuiltIn/Editor/ShaderGUI/BuiltInLitGUI.cs - Importer: ScriptedImporter/UnityEditor.QuickSearchModule:UnityEditor.Search:ASIAI0B
Importing 'GUID: 81c69b3c2bf4fe14ab3de9d0335c8cd8 - Path: Packages/com.unity.shadergraph/Editor/Generation/Targets/BuiltIn/Editor/ShaderGUI/BuiltInLitGUI.cs - Importer: ScriptedImporter/UnityEditor.QuickSearchModule:UnityEditor.Search:ASIAI0B' with importer (ScriptedImporter : UnityEditor.QuickSearchModule:UnityEditor.Search:ASIAI0B)
Imported 'GUID: 81c69b3c2bf4fe14ab3de9d0335c8cd8' -> (Import Result ID: 'ea739e295f0a58bed86206ffb06e127b') in 0.002 seconds [static and dynamic dependencies]. Details - ImportResultOutputID=9b446c7d568e6c51bb4eb0b20d99cfa0 DependenciesID=9aabf72ecf4665f9226baf20eebfc072 StaticDependenciesID=2f58673b94c1f11a5b3e47f78aa3084a 
Number of updated asset objects reloaded before import = 0
Number of asset objects unloaded after import = 0
========================================================================
Received Import Request.
  Time of request: 2026-10-01T08:15:30.9738808Z
  Time since last request: 0.0065916 seconds.
  importAddress: GUID: 45471ad7b8c1f964da5e3c07d57fbf4f - Path: Packages/com.unity.ide.rider/Rider/Editor/PostProcessors/RiderAssetPostprocessor.cs - Importer: ScriptedImporter/UnityEditor.QuickSearchModule:UnityEditor.Search:ASIAI0B
Importing 'GUID: 45471ad7b8c1f964da5e3c07d57fbf4f - Path: Packages/com.unity.ide.rider/Rider/Editor/PostProcessors/RiderAssetPostprocessor.cs - Importer: ScriptedImporter/UnityEditor.QuickSearchModule:UnityEditor.Search:ASIAI0B' with importer (ScriptedImporter : UnityEditor.QuickSearchModule:UnityEditor.Search:ASIAI0B)
Imported 'GUID: 45471ad7b8c1f964da5e3c07d57fbf4f' -> (Import Result ID: 'c79ac58be3b17f7056eba7127b592cda') in 0.002 seconds [static and dynamic dependencies]. Details - ImportResultOutputID=ed49246eaf00fd121c23253d52703cb9 DependenciesID=04d5027e4733cb64b746c1f7331b568a StaticDependenciesID=1b4b1cc3c142547dceb529112309c59a 
Number of updated asset objects reloaded before import = 0
Number of asset objects unloaded after import = 0
========================================================================
Received Import Request.
  Time of request: 2026-10-01T08:15:30.9841772Z
  Time since last request: 0.0002223 seconds.
  importAddress: GUID: 66c95bb3c74257f41bae2622511dc02d - Path: Packages/com.unity.ide.rider/package.json - Importer: ScriptedImporter/UnityEditor.QuickSearchModule:UnityEditor.Search:ASIAI0B
Importing 'GUID: 66c95bb3c74257f41bae2622511dc02d - Path: Packages/com.unity.ide.rider/package.json - Importer: ScriptedImporter/UnityEditor.QuickSearchModule:UnityEditor.Search:ASIAI0B' with importer (ScriptedImporter : UnityEditor.QuickSearchModule:UnityEditor.Search:ASIAI0B)
Imported 'GUID: 66c95bb3c74257f41bae2622511dc02d' -> (Import Result ID: '31f9a29ee9d8fc932a9a6d19ee719939') in 0.002 seconds [static and dynamic dependencies]. Details - ImportResultOutputID=a1c0cd42b4bdc9a0dc090fe064f25074 DependenciesID=8362cdd5f1f2549a8866eae6b3258ee5 StaticDependenciesID=920e359ae3e0b298b84c063b1aa83ce8 
Number of updated asset objects reloaded before import = 0
Number of asset objects unloaded after import = 1
========================================================================
Received Import Request.
  Time of request: 2026-10-01T08:15:30.9939797Z
  Time since last request: 0.0004048 seconds.
  importAddress: GUID: 17f093324b67f5bd57e55b546736750e - Path: Packages/com.unity.modules.particlesystem/package.ModuleCompilationTrigger - Importer: ScriptedImporter/UnityEditor.QuickSearchModule:UnityEditor.Search:ASIAI0B
Importing 'GUID: 17f093324b67f5bd57e55b546736750e - Path: Packages/com.unity.modules.particlesystem/package.ModuleCompilationTrigger - Importer: ScriptedImporter/UnityEditor.QuickSearchModule:UnityEditor.Search:ASIAI0B' with importer (ScriptedImporter : UnityEditor.QuickSearchModule:UnityEditor.Search:ASIAI0B)
Imported 'GUID: 17f093324b67f5bd57e55b546736750e' -> (Import Result ID: 'd99ab3f9522f2bd4508a78bebef29da4') in 0.002 seconds [static and dynamic dependencies]. Details - ImportResultOutputID=2adc053d6fdb8ea51e80a8a47b4018bf DependenciesID=0085800ef26cff6ba05ef2cf1b3f07c4 StaticDependenciesID=41b46886aed079ac71cc088b84c00ed7 
Number of updated asset objects reloaded before import = 0
Number of asset objects unloaded after import = 1
========================================================================
Received Import Request.
  Time of request: 2026-10-01T08:15:31.0039361Z
  Time since last request: 0.0002862 seconds.
  importAddress: GUID: d0f59811de3924b6ab62802eb365ef6b - Path: Packages/com.unity.shadergraph/Editor/Generation/Targets/BuiltIn/Editor/ShaderGraph/Targets/BuiltInTarget.cs - Importer: ScriptedImporter/UnityEditor.QuickSearchModule:UnityEditor.Search:ASIAI0B
Importing 'GUID: d0f59811de3924b6ab62802eb365ef6b - Path: Packages/com.unity.shadergraph/Editor/Generation/Targets/BuiltIn/Editor/ShaderGraph/Targets/BuiltInTarget.cs - Importer: ScriptedImporter/UnityEditor.QuickSearchModule:UnityEditor.Search:ASIAI0B' with importer (ScriptedImporter : UnityEditor.QuickSearchModule:UnityEditor.Search:ASIAI0B)
Imported 'GUID: d0f59811de3924b6ab62802eb365ef6b' -> (Import Result ID: '380a74994bb04450a11667d95543c438') in 0.002 seconds [static and dynamic dependencies]. Details - ImportResultOutputID=e4cec5456a749f12c9274ee2d8963d12 DependenciesID=c835f39fcf77dfab2eaae199f7b914fa StaticDependenciesID=b526d3cd13da67b0ce3c3f03f8afb851 
Number of updated asset objects reloaded before import = 0
Number of asset objects unloaded after import = 0
========================================================================
Received Import Request.
  Time of request: 2026-10-01T08:15:31.0138182Z
  Time since last request: 0.0003506 seconds.
  importAddress: GUID: 48ba7a8ce29978c4690d3d53549a5a4c - Path: Packages/com.unity.shadergraph/Editor/Generation/Targets/BuiltIn/Editor/ShaderGraph/Includes/Varyings.hlsl - Importer: ScriptedImporter/UnityEditor.QuickSearchModule:UnityEditor.Search:ASIAI0B
Importing 'GUID: 48ba7a8ce29978c4690d3d53549a5a4c - Path: Packages/com.unity.shadergraph/Editor/Generation/Targets/BuiltIn/Editor/ShaderGraph/Includes/Varyings.hlsl - Importer: ScriptedImporter/UnityEditor.QuickSearchModule:UnityEditor.Search:ASIAI0B' with importer (ScriptedImporter : UnityEditor.QuickSearchModule:UnityEditor.Search:ASIAI0B)
Imported 'GUID: 48ba7a8ce29978c4690d3d53549a5a4c' -> (Import Result ID: '5ea932d63fde2266d455917e717e3eb2') in 0.002 seconds [static and dynamic dependencies]. Details - ImportResultOutputID=c07af0d1bcf511ce13e28fd42763275c DependenciesID=4c7d6561a376090a6bf253d88abaac87 StaticDependenciesID=83fc56b3fb4b29cc1306fffcdc2d05a1 
Number of updated asset objects reloaded before import = 0
Number of asset objects unloaded after import = 1
========================================================================
Received Import Request.
  Time of request: 2026-10-01T08:15:31.0248582Z
  Time since last request: 0.0003527 seconds.
  importAddress: GUID: bc3a27147f944790916176e2172ad506 - Path: Packages/com.unity.ide.rider/Rider/Editor/RiderScriptEditorDataPersisted.cs - Importer: ScriptedImporter/UnityEditor.QuickSearchModule:UnityEditor.Search:ASIAI0B
Importing 'GUID: bc3a27147f944790916176e2172ad506 - Path: Packages/com.unity.ide.rider/Rider/Editor/RiderScriptEditorDataPersisted.cs - Importer: ScriptedImporter/UnityEditor.QuickSearchModule:UnityEditor.Search:ASIAI0B' with importer (ScriptedImporter : UnityEditor.QuickSearchModule:UnityEditor.Search:ASIAI0B)
Imported 'GUID: bc3a27147f944790916176e2172ad506' -> (Import Result ID: '681fb53ed100e5398959f5becffad2cd') in 0.002 seconds [static and dynamic dependencies]. Details - ImportResultOutputID=92bb70044adf4842fe2c4fe4b445d419 DependenciesID=157ce86e27ebeeaaf4b3eb495871fa92 StaticDependenciesID=4c7524e7084f0f5def8ba673169823ca 
Number of updated asset objects reloaded before import = 0
Number of asset objects unloaded after import = 0
========================================================================
Received Import Request.
  Time of request: 2026-10-01T08:15:31.0349719Z
  Time since last request: 0.0004028 seconds.
  importAddress: GUID: 32e50e97779a4753a461190076119a99 - Path: Packages/com.unity.ide.rider/Rider/Editor/ProjectGeneration/PackageManagerTracker.cs - Importer: ScriptedImporter/UnityEditor.QuickSearchModule:UnityEditor.Search:ASIAI0B
Importing 'GUID: 32e50e97779a4753a461190076119a99 - Path: Packages/com.unity.ide.rider/Rider/Editor/ProjectGeneration/PackageManagerTracker.cs - Importer: ScriptedImporter/UnityEditor.QuickSearchModule:UnityEditor.Search:ASIAI0B' with importer (ScriptedImporter : UnityEditor.QuickSearchModule:UnityEditor.Search:ASIAI0B)
Imported 'GUID: 32e50e97779a4753a461190076119a99' -> (Import Result ID: 'ef0f37364dafa04c70ede5e9e44e70c1') in 0.001 seconds [static and dynamic dependencies]. Details - ImportResultOutputID=51262a92475d7ce35a3a578d5f8f12db DependenciesID=65a6a1e00d0ae498f40bdddc5f73084f StaticDependenciesID=94eda7a4233d4367ea7be710d984a4a9 
Number of updated asset objects reloaded before import = 0
Number of asset objects unloaded after import = 0
========================================================================
Received Import Request.
  Time of request: 2026-10-01T08:15:31.0605834Z
  Time since last request: 0.016602 seconds.
  importAddress: GUID: b34d70112ee5152438161d88c5f21082 - Path: Packages/com.unity.render-pipelines.universal/Editor/UniversalAdditionalCameraDataEditor.cs - Importer: ScriptedImporter/UnityEditor.QuickSearchModule:UnityEditor.Search:ASIAI0B
Importing 'GUID: b34d70112ee5152438161d88c5f21082 - Path: Packages/com.unity.render-pipelines.universal/Editor/UniversalAdditionalCameraDataEditor.cs - Importer: ScriptedImporter/UnityEditor.QuickSearchModule:UnityEditor.Search:ASIAI0B' with importer (ScriptedImporter : UnityEditor.QuickSearchModule:UnityEditor.Search:ASIAI0B)
Imported 'GUID: b34d70112ee5152438161d88c5f21082' -> (Import Result ID: '0837ae15258e98ecb402f610597878ba') in 0.002 seconds [static and dynamic dependencies]. Details - ImportResultOutputID=28c86e20bdbd42815d727d99b8bb0ba7 DependenciesID=4c3ee668d46c47b44adaea4bc3ca65b0 StaticDependenciesID=57233991fb367706ccf12d27385ac795 
Number of updated asset objects reloaded before import = 0
Number of asset objects unloaded after import = 0
========================================================================
Received Import Request.
  Time of request: 2026-10-01T08:15:31.072668Z
  Time since last request: 0.0003766 seconds.
  importAddress: GUID: cdfd6601120d40acb61c37def5977316 - Path: Packages/com.unity.render-pipelines.universal/Runtime/SpaceFillingCurves.cs - Importer: ScriptedImporter/UnityEditor.QuickSearchModule:UnityEditor.Search:ASIAI0B
Importing 'GUID: cdfd6601120d40acb61c37def5977316 - Path: Packages/com.unity.render-pipelines.universal/Runtime/SpaceFillingCurves.cs - Importer: ScriptedImporter/UnityEditor.QuickSearchModule:UnityEditor.Search:ASIAI0B' with importer (ScriptedImporter : UnityEditor.QuickSearchModule:UnityEditor.Search:ASIAI0B)
Imported 'GUID: cdfd6601120d40acb61c37def5977316' -> (Import Result ID: '487e3ee5eec0a52988af74dabed3915c') in 0.002 seconds [static and dynamic dependencies]. Details - ImportResultOutputID=9568d0c2f1e9b5902778a90bd366a146 DependenciesID=f07f52cecb44c34b5d17709fca3caca4 StaticDependenciesID=686033550a9d24b539827e9c44c9caf2 
Number of updated asset objects reloaded before import = 0
Number of asset objects unloaded after import = 0
========================================================================
Received Import Request.
  Time of request: 2026-10-01T08:15:31.0846774Z
  Time since last request: 0.0003836 seconds.
  importAddress: GUID: 857b66e359c9249a6b591ad47b966beb - Path: Packages/com.unity.render-pipelines.universal/Runtime/ShaderBitArray.cs - Importer: ScriptedImporter/UnityEditor.QuickSearchModule:UnityEditor.Search:ASIAI0B
Importing 'GUID: 857b66e359c9249a6b591ad47b966beb - Path: Packages/com.unity.render-pipelines.universal/Runtime/ShaderBitArray.cs - Importer: ScriptedImporter/UnityEditor.QuickSearchModule:UnityEditor.Search:ASIAI0B' with importer (ScriptedImporter : UnityEditor.QuickSearchModule:UnityEditor.Search:ASIAI0B)
Imported 'GUID: 857b66e359c9249a6b591ad47b966beb' -> (Import Result ID: '0f730ee497e3054aaef673892a7db4fe') in 0.002 seconds [static and dynamic dependencies]. Details - ImportResultOutputID=466bc3684fa1473f42ec3e48b52116bb DependenciesID=3828770acec43c8aaaa61375416fb6c3 StaticDependenciesID=7cdda5b13c7ce5013404e71ad34d435d 
Number of updated asset objects reloaded before import = 0
Number of asset objects unloaded after import = 0
========================================================================
Received Import Request.
  Time of request: 2026-10-01T08:15:31.094412Z
  Time since last request: 0.0003769 seconds.
  importAddress: GUID: feee7af7dbba54f55abd26b21ca99071 - Path: Packages/com.unity.render-pipelines.universal/Third Party Notices.md - Importer: ScriptedImporter/UnityEditor.QuickSearchModule:UnityEditor.Search:ASIAI0B
Importing 'GUID: feee7af7dbba54f55abd26b21ca99071 - Path: Packages/com.unity.render-pipelines.universal/Third Party Notices.md - Importer: ScriptedImporter/UnityEditor.QuickSearchModule:UnityEditor.Search:ASIAI0B' with importer (ScriptedImporter : UnityEditor.QuickSearchModule:UnityEditor.Search:ASIAI0B)
Imported 'GUID: feee7af7dbba54f55abd26b21ca99071' -> (Import Result ID: '25bdf9bf1e3dc9aec6c4d844032252e8') in 0.002 seconds [static and dynamic dependencies]. Details - ImportResultOutputID=164a1f730306ddd9bc23c4eb905c0507 DependenciesID=7b4a61d484e399d40060d513d8674a6a StaticDependenciesID=3ce40cc0e29ae9a4b6592c0447fdd7da 
Number of updated asset objects reloaded before import = 0
Number of asset objects unloaded after import = 1
========================================================================
Received Import Request.
  Time of request: 2026-10-01T08:15:31.1056247Z
  Time since last request: 0.0003963 seconds.
  importAddress: GUID: 467223c25c01847b6a07059f1b283a20 - Path: Packages/com.unity.render-pipelines.universal/Runtime/IntermediateTextureMode.cs - Importer: ScriptedImporter/UnityEditor.QuickSearchModule:UnityEditor.Search:ASIAI0B
Importing 'GUID: 467223c25c01847b6a07059f1b283a20 - Path: Packages/com.unity.render-pipelines.universal/Runtime/IntermediateTextureMode.cs - Importer: ScriptedImporter/UnityEditor.QuickSearchModule:UnityEditor.Search:ASIAI0B' with importer (ScriptedImporter : UnityEditor.QuickSearchModule:UnityEditor.Search:ASIAI0B)
Imported 'GUID: 467223c25c01847b6a07059f1b283a20' -> (Import Result ID: '93454f0f45aa51615aa22c65d6046d02') in 0.002 seconds [static and dynamic dependencies]. Details - ImportResultOutputID=b6ff351003d5e1609c0645d0f47857f2 DependenciesID=bc9fba3c621dfd00ac382d2d3de5f1e0 StaticDependenciesID=f5ab0f714a81858020c82208b0704eaa 
Number of updated asset objects reloaded before import = 0
Number of asset objects unloaded after import = 0
========================================================================
Received Import Request.
  Time of request: 2026-10-01T08:15:31.1162466Z
  Time since last request: 0.0003713 seconds.
  importAddress: GUID: d7255bed85944a04fa68dd4d1d28022a - Path: Packages/com.unity.render-pipelines.universal/Runtime/SceneViewDrawMode.cs - Importer: ScriptedImporter/UnityEditor.QuickSearchModule:UnityEditor.Search:ASIAI0B
Importing 'GUID: d7255bed85944a04fa68dd4d1d28022a - Path: Packages/com.unity.render-pipelines.universal/Runtime/SceneViewDrawMode.cs - Importer: ScriptedImporter/UnityEditor.QuickSearchModule:UnityEditor.Search:ASIAI0B' with importer (ScriptedImporter : UnityEditor.QuickSearchModule:UnityEditor.Search:ASIAI0B)
Imported 'GUID: d7255bed85944a04fa68dd4d1d28022a' -> (Import Result ID: '9315516a1421b44fe5261bf5752eba1b') in 0.002 seconds [static and dynamic dependencies]. Details - ImportResultOutputID=0910bdc2376289adbd0eda32e90c2806 DependenciesID=24f68cf64af380642b04bd946874de06 StaticDependenciesID=a2f774a134a429d63bc05df2d4205c11 
Number of updated asset objects reloaded before import = 0
Number of asset objects unloaded after import = 0
========================================================================
Received Import Request.
  Time of request: 2026-10-01T08:15:31.1473677Z
  Time since last request: 0.0206121 seconds.
  importAddress: GUID: d84e8804a1d7b884fadfe260acd3935c - Path: Packages/com.unity.render-pipelines.universal/ShaderLibrary/Deprecated.cs - Importer: ScriptedImporter/UnityEditor.QuickSearchModule:UnityEditor.Search:ASIAI0B
Importing 'GUID: d84e8804a1d7b884fadfe260acd3935c - Path: Packages/com.unity.render-pipelines.universal/ShaderLibrary/Deprecated.cs - Importer: ScriptedImporter/UnityEditor.QuickSearchModule:UnityEditor.Search:ASIAI0B' with importer (ScriptedImporter : UnityEditor.QuickSearchModule:UnityEditor.Search:ASIAI0B)
Imported 'GUID: d84e8804a1d7b884fadfe260acd3935c' -> (Import Result ID: '504945b3753163075c85352aa17925b1') in 0.002 seconds [static and dynamic dependencies]. Details - ImportResultOutputID=2a82de503e7dfafd9e7a34e842adbbad DependenciesID=e33eb736ba8e37b654c20b9e37e523e5 StaticDependenciesID=ced05176a5b1bac976ad044d0369c40f 
Number of updated asset objects reloaded before import = 0
Number of asset objects unloaded after import = 0
========================================================================
Received Import Request.
  Time of request: 2026-10-01T08:15:31.1571141Z
  Time since last request: 0.0004998 seconds.
  importAddress: GUID: 2b30f99b47dd40adaf41fd8e6573daa4 - Path: Packages/com.unity.render-pipelines.universal/ShaderLibrary/GBufferInput.hlsl - Importer: ScriptedImporter/UnityEditor.QuickSearchModule:UnityEditor.Search:ASIAI0B
Importing 'GUID: 2b30f99b47dd40adaf41fd8e6573daa4 - Path: Packages/com.unity.render-pipelines.universal/ShaderLibrary/GBufferInput.hlsl - Importer: ScriptedImporter/UnityEditor.QuickSearchModule:UnityEditor.Search:ASIAI0B' with importer (ScriptedImporter : UnityEditor.QuickSearchModule:UnityEditor.Search:ASIAI0B)
Imported 'GUID: 2b30f99b47dd40adaf41fd8e6573daa4' -> (Import Result ID: 'd0ba51ecf0b8304ac1ea5aa4d2a5bc18') in 0.002 seconds [static and dynamic dependencies]. Details - ImportResultOutputID=22f3e1e6d9eb40abda534d8a9db9ae96 DependenciesID=b91f1feeeb25c06d7d4e9ffb7e230d5f StaticDependenciesID=a5724e9fd9a1c193be4f46ca17c8f4e4 
Number of updated asset objects reloaded before import = 0
Number of asset objects unloaded after import = 1
========================================================================
Received Import Request.
  Time of request: 2026-10-01T08:15:31.1674305Z
  Time since last request: 0.0004603 seconds.
  importAddress: GUID: 7e363e809b854c74b30d5945820534d4 - Path: Packages/com.unity.render-pipelines.universal/ShaderLibrary/ForwardPlusKeyword.deprecated.hlsl - Importer: ScriptedImporter/UnityEditor.QuickSearchModule:UnityEditor.Search:ASIAI0B
Importing 'GUID: 7e363e809b854c74b30d5945820534d4 - Path: Packages/com.unity.render-pipelines.universal/ShaderLibrary/ForwardPlusKeyword.deprecated.hlsl - Importer: ScriptedImporter/UnityEditor.QuickSearchModule:UnityEditor.Search:ASIAI0B' with importer (ScriptedImporter : UnityEditor.QuickSearchModule:UnityEditor.Search:ASIAI0B)
Imported 'GUID: 7e363e809b854c74b30d5945820534d4' -> (Import Result ID: 'afa9026312235b2901bc718cc6254e43') in 0.003 seconds [static and dynamic dependencies]. Details - ImportResultOutputID=fa6711ae27a220f5705475768f467930 DependenciesID=05e61ec3ad0506162a6051338af84f11 StaticDependenciesID=50a926977f69f2a1110a00584634ee43 
Number of updated asset objects reloaded before import = 0
Number of asset objects unloaded after import = 1
========================================================================
Received Import Request.
  Time of request: 2026-10-01T08:15:31.1790329Z
  Time since last request: 0.000323 seconds.
  importAddress: GUID: 3e4be2c2c37a850478a159473b68a63f - Path: Packages/com.unity.render-pipelines.universal/ShaderLibrary/DecalInput.hlsl - Importer: ScriptedImporter/UnityEditor.QuickSearchModule:UnityEditor.Search:ASIAI0B
Importing 'GUID: 3e4be2c2c37a850478a159473b68a63f - Path: Packages/com.unity.render-pipelines.universal/ShaderLibrary/DecalInput.hlsl - Importer: ScriptedImporter/UnityEditor.QuickSearchModule:UnityEditor.Search:ASIAI0B' with importer (ScriptedImporter : UnityEditor.QuickSearchModule:UnityEditor.Search:ASIAI0B)
Imported 'GUID: 3e4be2c2c37a850478a159473b68a63f' -> (Import Result ID: 'eb2fe5d14211e7113faf3a8ca263b3b1') in 0.002 seconds [static and dynamic dependencies]. Details - ImportResultOutputID=5ea361bb27798ad3a5b00883053030da DependenciesID=2852da37fa4cb4d77d13f32e3c23f816 StaticDependenciesID=b821ef7196daf7b1cf5f98c460a299db 
Number of updated asset objects reloaded before import = 0
Number of asset objects unloaded after import = 1
========================================================================
Received Import Request.
  Time of request: 2026-10-01T08:15:31.1884805Z
  Time since last request: 0.000338 seconds.
  importAddress: GUID: a2a66ab07b41a48198c35aa6c99d354f - Path: Packages/com.unity.render-pipelines.universal/Runtime/TemporalAA.cs - Importer: ScriptedImporter/UnityEditor.QuickSearchModule:UnityEditor.Search:ASIAI0B
Importing 'GUID: a2a66ab07b41a48198c35aa6c99d354f - Path: Packages/com.unity.render-pipelines.universal/Runtime/TemporalAA.cs - Importer: ScriptedImporter/UnityEditor.QuickSearchModule:UnityEditor.Search:ASIAI0B' with importer (ScriptedImporter : UnityEditor.QuickSearchModule:UnityEditor.Search:ASIAI0B)
Imported 'GUID: a2a66ab07b41a48198c35aa6c99d354f' -> (Import Result ID: '187e7323b0e27b421ceeeb5e4236da09') in 0.001 seconds [static and dynamic dependencies]. Details - ImportResultOutputID=ecb80b8793a5e4b723d71aa1156b98b9 DependenciesID=6015dabbec1154917cc0573683734084 StaticDependenciesID=6e2e98ddc978565388740f722e2a11a7 
Number of updated asset objects reloaded before import = 0
Number of asset objects unloaded after import = 0
========================================================================
Received Import Request.
  Time of request: 2026-10-01T08:15:31.1986582Z
  Time since last request: 0.0006656 seconds.
  importAddress: GUID: 6be8cfeb6b34eca43b000cb7bad7255e - Path: Packages/com.unity.render-pipelines.universal/ShaderLibrary/ShaderTypes.cs.hlsl - Importer: ScriptedImporter/UnityEditor.QuickSearchModule:UnityEditor.Search:ASIAI0B
Importing 'GUID: 6be8cfeb6b34eca43b000cb7bad7255e - Path: Packages/com.unity.render-pipelines.universal/ShaderLibrary/ShaderTypes.cs.hlsl - Importer: ScriptedImporter/UnityEditor.QuickSearchModule:UnityEditor.Search:ASIAI0B' with importer (ScriptedImporter : UnityEditor.QuickSearchModule:UnityEditor.Search:ASIAI0B)
Imported 'GUID: 6be8cfeb6b34eca43b000cb7bad7255e' -> (Import Result ID: 'e414b8f9e52a6805b0f71b2c45593e9c') in 0.002 seconds [static and dynamic dependencies]. Details - ImportResultOutputID=c1410e80bf0b0cee3bec1626b229bc45 DependenciesID=4a4a4c35f38a6f64972aa56748717cfe StaticDependenciesID=e0425110b72789a9750263ec38cc44c4 
Number of updated asset objects reloaded before import = 0
Number of asset objects unloaded after import = 1
========================================================================
Received Import Request.
  Time of request: 2026-10-01T08:15:31.2090611Z
  Time since last request: 0.0002854 seconds.
  importAddress: GUID: 15fc0a57446b3144c949da3e2b9737a9 - Path: Packages/com.unity.render-pipelines.universal/Runtime/Unity.RenderPipelines.Universal.Runtime.asmdef - Importer: ScriptedImporter/UnityEditor.QuickSearchModule:UnityEditor.Search:ASIAI0B
Importing 'GUID: 15fc0a57446b3144c949da3e2b9737a9 - Path: Packages/com.unity.render-pipelines.universal/Runtime/Unity.RenderPipelines.Universal.Runtime.asmdef - Importer: ScriptedImporter/UnityEditor.QuickSearchModule:UnityEditor.Search:ASIAI0B' with importer (ScriptedImporter : UnityEditor.QuickSearchModule:UnityEditor.Search:ASIAI0B)
Imported 'GUID: 15fc0a57446b3144c949da3e2b9737a9' -> (Import Result ID: '29ba4d94f4141eca640d0a4fe9c63daf') in 0.002 seconds [static and dynamic dependencies]. Details - ImportResultOutputID=9b37f3dd6a0d2e7316cdd1d2937f2861 DependenciesID=ecfc64939c3ec77cac3fe32c0df5614b StaticDependenciesID=22ee83f763a8c7a90147f77d35fb235b 
Number of updated asset objects reloaded before import = 0
Number of asset objects unloaded after import = 1
========================================================================
Received Import Request.
  Time of request: 2026-10-01T08:15:31.2325042Z
  Time since last request: 0.0137938 seconds.
  importAddress: GUID: ee447e65526c7db45a978c16b28827a9 - Path: Packages/com.unity.render-pipelines.universal/Shaders/SimpleLitForwardPass.hlsl - Importer: ScriptedImporter/UnityEditor.QuickSearchModule:UnityEditor.Search:ASIAI0B
Importing 'GUID: ee447e65526c7db45a978c16b28827a9 - Path: Packages/com.unity.render-pipelines.universal/Shaders/SimpleLitForwardPass.hlsl - Importer: ScriptedImporter/UnityEditor.QuickSearchModule:UnityEditor.Search:ASIAI0B' with importer (ScriptedImporter : UnityEditor.QuickSearchModule:UnityEditor.Search:ASIAI0B)
Imported 'GUID: ee447e65526c7db45a978c16b28827a9' -> (Import Result ID: '798ce19e246d8678c764349230aea2bd') in 0.002 seconds [static and dynamic dependencies]. Details - ImportResultOutputID=288913e1ddbebe0af0a597a4f24dc8c9 DependenciesID=eec3804435a3832d7cb4d7b230bda93a StaticDependenciesID=becb7922cf4cc90e079ca6aa3ac2f424 
Number of updated asset objects reloaded before import = 0
Number of asset objects unloaded after import = 1
========================================================================
Received Import Request.
  Time of request: 2026-10-01T08:15:31.2425358Z
  Time since last request: 0.000306 seconds.
  importAddress: GUID: 0ca6dca7396eb48e5849247ffd444914 - Path: Packages/com.unity.render-pipelines.universal/Shaders/BakedLit.shader - Importer: ScriptedImporter/UnityEditor.QuickSearchModule:UnityEditor.Search:ASIAI0B
Importing 'GUID: 0ca6dca7396eb48e5849247ffd444914 - Path: Packages/com.unity.render-pipelines.universal/Shaders/BakedLit.shader - Importer: ScriptedImporter/UnityEditor.QuickSearchModule:UnityEditor.Search:ASIAI0B' with importer (ScriptedImporter : UnityEditor.QuickSearchModule:UnityEditor.Search:ASIAI0B)
Imported 'GUID: 0ca6dca7396eb48e5849247ffd444914' -> (Import Result ID: 'dc5814cf0ebd5d71dd231ad962c8019f') in 0.003 seconds [static and dynamic dependencies]. Details - ImportResultOutputID=ff4d691159aff951adadcbf90dd4af20 DependenciesID=72cddbc1e279703d4f4ea6e308d6db0f StaticDependenciesID=95a198148b1239a36ce44d9b6b9c5f7d 
Number of updated asset objects reloaded before import = 0
Number of asset objects unloaded after import = 1
========================================================================
Received Import Request.
  Time of request: 2026-10-01T08:15:31.2539399Z
  Time since last request: 0.0006794 seconds.
  importAddress: GUID: 823e07282e194f119e8032f1555676ee - Path: Packages/com.unity.render-pipelines.universal/ShaderLibrary/Unlit.hlsl - Importer: ScriptedImporter/UnityEditor.QuickSearchModule:UnityEditor.Search:ASIAI0B
Importing 'GUID: 823e07282e194f119e8032f1555676ee - Path: Packages/com.unity.render-pipelines.universal/ShaderLibrary/Unlit.hlsl - Importer: ScriptedImporter/UnityEditor.QuickSearchModule:UnityEditor.Search:ASIAI0B' with importer (ScriptedImporter : UnityEditor.QuickSearchModule:UnityEditor.Search:ASIAI0B)
Imported 'GUID: 823e07282e194f119e8032f1555676ee' -> (Import Result ID: 'aff7dfc74adab04b8c98d40f9e0aed79') in 0.002 seconds [static and dynamic dependencies]. Details - ImportResultOutputID=0fa8afc85e7c295f85a532f5e0fc9b9b DependenciesID=5bc5b6b7cb0d7984d92977e4cc91a945 StaticDependenciesID=aba5bf34f26c265f9a178762d44fb540 
Number of updated asset objects reloaded before import = 0
Number of asset objects unloaded after import = 1
========================================================================
Received Import Request.
  Time of request: 2026-10-01T08:15:31.2652179Z
  Time since last request: 0.0004233 seconds.
  importAddress: GUID: 6564342aa7c6ca44a86b97323a311d74 - Path: Packages/com.unity.render-pipelines.universal/ShaderLibrary/UnityInput.hlsl - Importer: ScriptedImporter/UnityEditor.QuickSearchModule:UnityEditor.Search:ASIAI0B
Importing 'GUID: 6564342aa7c6ca44a86b97323a311d74 - Path: Packages/com.unity.render-pipelines.universal/ShaderLibrary/UnityInput.hlsl - Importer: ScriptedImporter/UnityEditor.QuickSearchModule:UnityEditor.Search:ASIAI0B' with importer (ScriptedImporter : UnityEditor.QuickSearchModule:UnityEditor.Search:ASIAI0B)
Imported 'GUID: 6564342aa7c6ca44a86b97323a311d74' -> (Import Result ID: '2969bfa5a32c66dfa4e5cd337d2d854b') in 0.002 seconds [static and dynamic dependencies]. Details - ImportResultOutputID=9fbb24167eb3f6e6aa8b36a55220c618 DependenciesID=477ac5b106d641606caa586a5a4c6037 StaticDependenciesID=42c04162d94a89b853f7831bf56817b4 
Number of updated asset objects reloaded before import = 0
Number of asset objects unloaded after import = 1
========================================================================
Received Import Request.
  Time of request: 2026-10-01T08:15:31.2760203Z
  Time since last request: 0.0002273 seconds.
  importAddress: GUID: 181b211e2007bd4478d853b8964457ab - Path: Packages/com.unity.render-pipelines.universal/ShaderLibrary/SurfaceData.hlsl - Importer: ScriptedImporter/UnityEditor.QuickSearchModule:UnityEditor.Search:ASIAI0B
Importing 'GUID: 181b211e2007bd4478d853b8964457ab - Path: Packages/com.unity.render-pipelines.universal/ShaderLibrary/SurfaceData.hlsl - Importer: ScriptedImporter/UnityEditor.QuickSearchModule:UnityEditor.Search:ASIAI0B' with importer (ScriptedImporter : UnityEditor.QuickSearchModule:UnityEditor.Search:ASIAI0B)
Imported 'GUID: 181b211e2007bd4478d853b8964457ab' -> (Import Result ID: '1e4501c0a81b13f236f02bf4da19ddcf') in 0.002 seconds [static and dynamic dependencies]. Details - ImportResultOutputID=150aebb7fe10d4173815c8abce32ecc9 DependenciesID=a46a1ddca830476ad41920d267ff6ee9 StaticDependenciesID=2851ef76b6630ef7387dad6882873696 
Number of updated asset objects reloaded before import = 0
Number of asset objects unloaded after import = 1
========================================================================
Received Import Request.
  Time of request: 2026-10-01T08:15:31.2852937Z
  Time since last request: 0.0003439 seconds.
  importAddress: GUID: 9604e389528d04ae39fe05a7b4212172 - Path: Packages/com.unity.render-pipelines.universal/Shaders/BakedLitDepthNormalsPass.hlsl - Importer: ScriptedImporter/UnityEditor.QuickSearchModule:UnityEditor.Search:ASIAI0B
Importing 'GUID: 9604e389528d04ae39fe05a7b4212172 - Path: Packages/com.unity.render-pipelines.universal/Shaders/BakedLitDepthNormalsPass.hlsl - Importer: ScriptedImporter/UnityEditor.QuickSearchModule:UnityEditor.Search:ASIAI0B' with importer (ScriptedImporter : UnityEditor.QuickSearchModule:UnityEditor.Search:ASIAI0B)
Imported 'GUID: 9604e389528d04ae39fe05a7b4212172' -> (Import Result ID: 'b7d124c23eecbc01c84894e5f78a27ac') in 0.002 seconds [static and dynamic dependencies]. Details - ImportResultOutputID=505ad34c06262fe71904f97b5329b1af DependenciesID=85cc7b24cf0d6803fd734afee5228dc9 StaticDependenciesID=360e7d30526bf9661113fa22efb1c5f1 
Number of updated asset objects reloaded before import = 0
Number of asset objects unloaded after import = 1
========================================================================
Received Import Request.
  Time of request: 2026-10-01T08:15:31.2950863Z
  Time since last request: 0.0002645 seconds.
  importAddress: GUID: f9ee4ed84c1d10c49aabb9b210b0fc44 - Path: Packages/com.unity.render-pipelines.universal/Textures/BayerMatrix.png - Importer: ScriptedImporter/UnityEditor.QuickSearchModule:UnityEditor.Search:ASIAI0B
Importing 'GUID: f9ee4ed84c1d10c49aabb9b210b0fc44 - Path: Packages/com.unity.render-pipelines.universal/Textures/BayerMatrix.png - Importer: ScriptedImporter/UnityEditor.QuickSearchModule:UnityEditor.Search:ASIAI0B' with importer (ScriptedImporter : UnityEditor.QuickSearchModule:UnityEditor.Search:ASIAI0B)
Imported 'GUID: f9ee4ed84c1d10c49aabb9b210b0fc44' -> (Import Result ID: '17789fa7d8480b4f27dca0ed74dca42f') in 0.006 seconds [static and dynamic dependencies]. Details - ImportResultOutputID=f29eac9f8a72c8fe7c7e28fef490d2b7 DependenciesID=d9b8299a344a89c94352396ed02955b1 StaticDependenciesID=dd1896ce28305d1fbafa21f9abefe5a5 
Number of updated asset objects reloaded before import = 0
Number of asset objects unloaded after import = 1
========================================================================
Received Import Request.
  Time of request: 2026-10-01T08:15:31.320972Z
  Time since last request: 0.0113241 seconds.
  importAddress: GUID: 00fb6a10a5e37ea478b701ae3a51736e - Path: Packages/com.unity.render-pipelines.universal/Editor/Camera/UniversalRenderPipelineCameraUI.PresetInspector.cs - Importer: ScriptedImporter/UnityEditor.QuickSearchModule:UnityEditor.Search:ASIAI0B
Importing 'GUID: 00fb6a10a5e37ea478b701ae3a51736e - Path: Packages/com.unity.render-pipelines.universal/Editor/Camera/UniversalRenderPipelineCameraUI.PresetInspector.cs - Importer: ScriptedImporter/UnityEditor.QuickSearchModule:UnityEditor.Search:ASIAI0B' with importer (ScriptedImporter : UnityEditor.QuickSearchModule:UnityEditor.Search:ASIAI0B)
Imported 'GUID: 00fb6a10a5e37ea478b701ae3a51736e' -> (Import Result ID: '09ee62518593a252fe41f13bb2e1ebe0') in 0.002 seconds [static and dynamic dependencies]. Details - ImportResultOutputID=fa44ae1ea3402cdf4c10037582d80833 DependenciesID=9f87cc4248131c772d8dc05762b0bbb6 StaticDependenciesID=43cc29fa875dcd777b5e3a387875a381 
Number of updated asset objects reloaded before import = 0
Number of asset objects unloaded after import = 0
========================================================================
Received Import Request.
  Time of request: 2026-10-01T08:15:31.3314352Z
  Time since last request: 0.0002371 seconds.
  importAddress: GUID: e3c6759aa8004ae458959d7fe48d6a74 - Path: Packages/com.unity.render-pipelines.universal/Editor/Gizmos/Camera_UI.png - Importer: ScriptedImporter/UnityEditor.QuickSearchModule:UnityEditor.Search:ASIAI0B
Importing 'GUID: e3c6759aa8004ae458959d7fe48d6a74 - Path: Packages/com.unity.render-pipelines.universal/Editor/Gizmos/Camera_UI.png - Importer: ScriptedImporter/UnityEditor.QuickSearchModule:UnityEditor.Search:ASIAI0B' with importer (ScriptedImporter : UnityEditor.QuickSearchModule:UnityEditor.Search:ASIAI0B)
Imported 'GUID: e3c6759aa8004ae458959d7fe48d6a74' -> (Import Result ID: '05ade3fe8292499c4f748d4797de0ec4') in 0.004 seconds [static and dynamic dependencies]. Details - ImportResultOutputID=eb22fb02682bd70276706fdd51404c67 DependenciesID=3092b45e37661e99cdea1560adee5d6d StaticDependenciesID=f1fecf855902c17f96f8a4789809702c 
Number of updated asset objects reloaded before import = 0
Number of asset objects unloaded after import = 1
========================================================================
Received Import Request.
  Time of request: 2026-10-01T08:15:31.3462121Z
  Time since last request: 0.0002707 seconds.
  importAddress: GUID: 2a4aae3b1d854784897c1039b8168a08 - Path: Packages/com.unity.render-pipelines.universal/Editor/Camera/UniversalRenderPipelineCameraUI.Environment.Skin.cs - Importer: ScriptedImporter/UnityEditor.QuickSearchModule:UnityEditor.Search:ASIAI0B
Importing 'GUID: 2a4aae3b1d854784897c1039b8168a08 - Path: Packages/com.unity.render-pipelines.universal/Editor/Camera/UniversalRenderPipelineCameraUI.Environment.Skin.cs - Importer: ScriptedImporter/UnityEditor.QuickSearchModule:UnityEditor.Search:ASIAI0B' with importer (ScriptedImporter : UnityEditor.QuickSearchModule:UnityEditor.Search:ASIAI0B)
Imported 'GUID: 2a4aae3b1d854784897c1039b8168a08' -> (Import Result ID: 'bb648c42436c2d5c66695f4d8fb5cf7f') in 0.002 seconds [static and dynamic dependencies]. Details - ImportResultOutputID=82c80420f25e4c5404daa7bff87086c2 DependenciesID=eb8fb4d9448fb8c8cd5ede8c7f71ad06 StaticDependenciesID=b088d0cf31fb7e0884d968a30b9f7395 
Number of updated asset objects reloaded before import = 0
Number of asset objects unloaded after import = 0
========================================================================
Received Import Request.
  Time of request: 2026-10-01T08:15:31.3577748Z
  Time since last request: 0.0004493 seconds.
  importAddress: GUID: ad710d4eb795c9e45a2dc60a0001e99b - Path: Packages/com.unity.render-pipelines.universal/Editor/Overrides/DepthOfFieldEditor.cs - Importer: ScriptedImporter/UnityEditor.QuickSearchModule:UnityEditor.Search:ASIAI0B
Importing 'GUID: ad710d4eb795c9e45a2dc60a0001e99b - Path: Packages/com.unity.render-pipelines.universal/Editor/Overrides/DepthOfFieldEditor.cs - Importer: ScriptedImporter/UnityEditor.QuickSearchModule:UnityEditor.Search:ASIAI0B' with importer (ScriptedImporter : UnityEditor.QuickSearchModule:UnityEditor.Search:ASIAI0B)
Imported 'GUID: ad710d4eb795c9e45a2dc60a0001e99b' -> (Import Result ID: 'c72933fa978f28971736ddd434f63f78') in 0.002 seconds [static and dynamic dependencies]. Details - ImportResultOutputID=8c8e752ce05c8b4ca70858de80e03c7b DependenciesID=63f54087d5e1c9715fac4c174f9c533d StaticDependenciesID=d5c835d36f983abcc371e53015aca364 
Number of updated asset objects reloaded before import = 0
Number of asset objects unloaded after import = 0
========================================================================
Received Import Request.
  Time of request: 2026-10-01T08:15:31.3697699Z
  Time since last request: 0.0003168 seconds.
  importAddress: GUID: abcad45687bfae74da54b83b9ac8b9e5 - Path: Packages/com.unity.render-pipelines.universal/Editor/Camera/UniversalAdditionalSceneViewSettings.cs - Importer: ScriptedImporter/UnityEditor.QuickSearchModule:UnityEditor.Search:ASIAI0B
Importing 'GUID: abcad45687bfae74da54b83b9ac8b9e5 - Path: Packages/com.unity.render-pipelines.universal/Editor/Camera/UniversalAdditionalSceneViewSettings.cs - Importer: ScriptedImporter/UnityEditor.QuickSearchModule:UnityEditor.Search:ASIAI0B' with importer (ScriptedImporter : UnityEditor.QuickSearchModule:UnityEditor.Search:ASIAI0B)
Imported 'GUID: abcad45687bfae74da54b83b9ac8b9e5' -> (Import Result ID: '09e16796e24d788c3ae55a3710ad56c7') in 0.002 seconds [static and dynamic dependencies]. Details - ImportResultOutputID=fcfab2009aba1de9aa722a8dfd27f679 DependenciesID=5c7ba4cc71428cb23e89b3675c3f455f StaticDependenciesID=222a82800ef0e82c9943adcf8f9d5236 
Number of updated asset objects reloaded before import = 0
Number of asset objects unloaded after import = 0
========================================================================
Received Import Request.
  Time of request: 2026-10-01T08:15:31.3809251Z
  Time since last request: 0.0005123 seconds.
  importAddress: GUID: 5a5420665d101df4c8b55860ae8aaa17 - Path: Packages/com.unity.render-pipelines.universal/Editor/Overrides/LiftGammaGainEditor.cs - Importer: ScriptedImporter/UnityEditor.QuickSearchModule:UnityEditor.Search:ASIAI0B
Importing 'GUID: 5a5420665d101df4c8b55860ae8aaa17 - Path: Packages/com.unity.render-pipelines.universal/Editor/Overrides/LiftGammaGainEditor.cs - Importer: ScriptedImporter/UnityEditor.QuickSearchModule:UnityEditor.Search:ASIAI0B' with importer (ScriptedImporter : UnityEditor.QuickSearchModule:UnityEditor.Search:ASIAI0B)
Imported 'GUID: 5a5420665d101df4c8b55860ae8aaa17' -> (Import Result ID: 'dd2f7400737c72831955e591d6f818fd') in 0.002 seconds [static and dynamic dependencies]. Details - ImportResultOutputID=0db236b31f1d5068b5699c49a5f54b12 DependenciesID=e4eaeacf664e12b9ce5750b2a7820a9d StaticDependenciesID=ae8daa029b8fb405721394de995cb976 
Number of updated asset objects reloaded before import = 0
Number of asset objects unloaded after import = 0
========================================================================
Received Import Request.
  Time of request: 2026-10-01T08:15:31.4113202Z
  Time since last request: 0.0194285 seconds.
  importAddress: GUID: 478c8ec8473e14f4597a729050dc56f3 - Path: Packages/com.unity.render-pipelines.universal/Editor/ShaderGUI/ShadergraphSpriteGUI.cs - Importer: ScriptedImporter/UnityEditor.QuickSearchModule:UnityEditor.Search:ASIAI0B
Importing 'GUID: 478c8ec8473e14f4597a729050dc56f3 - Path: Packages/com.unity.render-pipelines.universal/Editor/ShaderGUI/ShadergraphSpriteGUI.cs - Importer: ScriptedImporter/UnityEditor.QuickSearchModule:UnityEditor.Search:ASIAI0B' with importer (ScriptedImporter : UnityEditor.QuickSearchModule:UnityEditor.Search:ASIAI0B)
Imported 'GUID: 478c8ec8473e14f4597a729050dc56f3' -> (Import Result ID: 'c45da585cfc91ba7f7c35f314e21cefd') in 0.002 seconds [static and dynamic dependencies]. Details - ImportResultOutputID=bee6508cf1225ee9498a43e20165faba DependenciesID=fcdf69915f2c619f6aaeb0144d758295 StaticDependenciesID=87250c6d7f0f73ee771677f87a1275db 
Number of updated asset objects reloaded before import = 0
Number of asset objects unloaded after import = 0
========================================================================
Received Import Request.
  Time of request: 2026-10-01T08:15:31.4234863Z
  Time since last request: 0.0003583 seconds.
  importAddress: GUID: 19860e28f507465db66c1b9c82b7bc41 - Path: Packages/com.unity.render-pipelines.universal/Editor/VFXGraph/VFXShaderGraphGUI.cs - Importer: ScriptedImporter/UnityEditor.QuickSearchModule:UnityEditor.Search:ASIAI0B
Importing 'GUID: 19860e28f507465db66c1b9c82b7bc41 - Path: Packages/com.unity.render-pipelines.universal/Editor/VFXGraph/VFXShaderGraphGUI.cs - Importer: ScriptedImporter/UnityEditor.QuickSearchModule:UnityEditor.Search:ASIAI0B' with importer (ScriptedImporter : UnityEditor.QuickSearchModule:UnityEditor.Search:ASIAI0B)
Imported 'GUID: 19860e28f507465db66c1b9c82b7bc41' -> (Import Result ID: '446fa3677855259a04e81823fe408e16') in 0.002 seconds [static and dynamic dependencies]. Details - ImportResultOutputID=eccf256d3248b97841058dbd881646e2 DependenciesID=f123598ea6a60b96bb915a15af5a70a8 StaticDependenciesID=59f092515a6cbe007d2e3989469c32ab 
Number of updated asset objects reloaded before import = 0
Number of asset objects unloaded after import = 0
========================================================================
Received Import Request.
  Time of request: 2026-10-01T08:15:31.4358663Z
  Time since last request: 0.0002547 seconds.
  importAddress: GUID: a3003080e2504b14e80ae61a46e929e1 - Path: Packages/com.unity.render-pipelines.universal/Editor/UniversalRenderPipelineAsset/UniversalRenderPipelineAssetUI.Skin.cs - Importer: ScriptedImporter/UnityEditor.QuickSearchModule:UnityEditor.Search:ASIAI0B
Importing 'GUID: a3003080e2504b14e80ae61a46e929e1 - Path: Packages/com.unity.render-pipelines.universal/Editor/UniversalRenderPipelineAsset/UniversalRenderPipelineAssetUI.Skin.cs - Importer: ScriptedImporter/UnityEditor.QuickSearchModule:UnityEditor.Search:ASIAI0B' with importer (ScriptedImporter : UnityEditor.QuickSearchModule:UnityEditor.Search:ASIAI0B)
Imported 'GUID: a3003080e2504b14e80ae61a46e929e1' -> (Import Result ID: '04ee125754f6e4cc39679cc14f96c6f9') in 0.003 seconds [static and dynamic dependencies]. Details - ImportResultOutputID=655493e03b36ecc51d10b383b3adaafc DependenciesID=36d93e0aa6fef6f855358fb98ec2ba98 StaticDependenciesID=bdef5941b3aacd6285103e694ead4c49 
Number of updated asset objects reloaded before import = 0
Number of asset objects unloaded after import = 0
========================================================================
Received Import Request.
  Time of request: 2026-10-01T08:15:31.4472498Z
  Time since last request: 0.000355 seconds.
  importAddress: GUID: 76586561fc958cb488c6bbede8bf83c2 - Path: Packages/com.unity.render-pipelines.universal/Editor/RendererFeatures/ScreenSpaceReflectionRendererFeatureEditor.cs - Importer: ScriptedImporter/UnityEditor.QuickSearchModule:UnityEditor.Search:ASIAI0B
Importing 'GUID: 76586561fc958cb488c6bbede8bf83c2 - Path: Packages/com.unity.render-pipelines.universal/Editor/RendererFeatures/ScreenSpaceReflectionRendererFeatureEditor.cs - Importer: ScriptedImporter/UnityEditor.QuickSearchModule:UnityEditor.Search:ASIAI0B' with importer (ScriptedImporter : UnityEditor.QuickSearchModule:UnityEditor.Search:ASIAI0B)
Imported 'GUID: 76586561fc958cb488c6bbede8bf83c2' -> (Import Result ID: 'cbc1fe1d5df5dde7319a4fd7d7b6eec0') in 0.001 seconds [static and dynamic dependencies]. Details - ImportResultOutputID=52a3ebbd8231669af7d91124b91a3745 DependenciesID=d6fb7d9c4ea3807440814da757eb1b1c StaticDependenciesID=9f4b7f56feca2594035a92e291bd9d23 
Number of updated asset objects reloaded before import = 0
Number of asset objects unloaded after import = 0
========================================================================
Received Import Request.
  Time of request: 2026-10-01T08:15:31.4580674Z
  Time since last request: 0.0005812 seconds.
  importAddress: GUID: 9d187c8728d2b4c398f45befcacc2827 - Path: Packages/com.unity.render-pipelines.universal/Editor/SceneTemplates/Standard.scenetemplate - Importer: ScriptedImporter/UnityEditor.QuickSearchModule:UnityEditor.Search:ASIAI0B
Importing 'GUID: 9d187c8728d2b4c398f45befcacc2827 - Path: Packages/com.unity.render-pipelines.universal/Editor/SceneTemplates/Standard.scenetemplate - Importer: ScriptedImporter/UnityEditor.QuickSearchModule:UnityEditor.Search:ASIAI0B' with importer (ScriptedImporter : UnityEditor.QuickSearchModule:UnityEditor.Search:ASIAI0B)
Imported 'GUID: 9d187c8728d2b4c398f45befcacc2827' -> (Import Result ID: '68570c3730b0b0a282679da3f6b8f2b5') in 0.027 seconds [static and dynamic dependencies]. Details - ImportResultOutputID=b79284804791339ce9235d407d2d6cc3 DependenciesID=47c1991a80918b88dd46e3534e16c964 StaticDependenciesID=1074cb8d4e75c246632868d00a07dbd9 
Number of updated asset objects reloaded before import = 0
Number of asset objects unloaded after import = 76
========================================================================
Received Import Request.
  Time of request: 2026-10-01T08:15:31.5157042Z
  Time since last request: 0.0220548 seconds.
  importAddress: GUID: eeb1feab11794b99b3f42243ad341369 - Path: Packages/com.unity.render-pipelines.universal/Runtime/FrameData/UniversalResourceData.cs - Importer: ScriptedImporter/UnityEditor.QuickSearchModule:UnityEditor.Search:ASIAI0B
Importing 'GUID: eeb1feab11794b99b3f42243ad341369 - Path: Packages/com.unity.render-pipelines.universal/Runtime/FrameData/UniversalResourceData.cs - Importer: ScriptedImporter/UnityEditor.QuickSearchModule:UnityEditor.Search:ASIAI0B' with importer (ScriptedImporter : UnityEditor.QuickSearchModule:UnityEditor.Search:ASIAI0B)
Imported 'GUID: eeb1feab11794b99b3f42243ad341369' -> (Import Result ID: 'be8a1d88a4c4afb27de42bac004976c1') in 0.003 seconds [static and dynamic dependencies]. Details - ImportResultOutputID=a35bb525b5cbae1043e397facc9ddc56 DependenciesID=584a0397e771889c7bc46ff8005935ca StaticDependenciesID=6f07f9f520aa712b6612e7191d17ab02 
Number of updated asset objects reloaded before import = 0
Number of asset objects unloaded after import = 0
========================================================================
Received Import Request.
  Time of request: 2026-10-01T08:15:31.5268853Z
  Time since last request: 0.0002761 seconds.
  importAddress: GUID: b0ecc0d40b758794593fe6ee53c2b117 - Path: Packages/com.unity.render-pipelines.universal/Runtime/History/ColorHistory.cs - Importer: ScriptedImporter/UnityEditor.QuickSearchModule:UnityEditor.Search:ASIAI0B
Importing 'GUID: b0ecc0d40b758794593fe6ee53c2b117 - Path: Packages/com.unity.render-pipelines.universal/Runtime/History/ColorHistory.cs - Importer: ScriptedImporter/UnityEditor.QuickSearchModule:UnityEditor.Search:ASIAI0B' with importer (ScriptedImporter : UnityEditor.QuickSearchModule:UnityEditor.Search:ASIAI0B)
Imported 'GUID: b0ecc0d40b758794593fe6ee53c2b117' -> (Import Result ID: 'b866cb79b1d3ca1e76944f7b72a49626') in 0.002 seconds [static and dynamic dependencies]. Details - ImportResultOutputID=afa064fe973f76a1c0620fc4863fb8e2 DependenciesID=e1deb59fb5e3c7b969f0d6061ea76086 StaticDependenciesID=b5bbdd169561b16f9e602a3aad5ad07a 
Number of updated asset objects reloaded before import = 0
Number of asset objects unloaded after import = 0
========================================================================
Received Import Request.
  Time of request: 2026-10-01T08:15:31.5381484Z
  Time since last request: 0.0004256 seconds.
  importAddress: GUID: b697f6a938056384e968ccf6527dac83 - Path: Packages/com.unity.render-pipelines.universal/Runtime/Materials/RenderAs2D-Flattening.mat - Importer: ScriptedImporter/UnityEditor.QuickSearchModule:UnityEditor.Search:ASIAI0B
Importing 'GUID: b697f6a938056384e968ccf6527dac83 - Path: Packages/com.unity.render-pipelines.universal/Runtime/Materials/RenderAs2D-Flattening.mat - Importer: ScriptedImporter/UnityEditor.QuickSearchModule:UnityEditor.Search:ASIAI0B' with importer (ScriptedImporter : UnityEditor.QuickSearchModule:UnityEditor.Search:ASIAI0B)
Imported 'GUID: b697f6a938056384e968ccf6527dac83' -> (Import Result ID: '70b0edf168b9153179af1f8884a786b8') in 0.003 seconds [static and dynamic dependencies]. Details - ImportResultOutputID=99467cfe5d5a66ca915fcec07b36c7b3 DependenciesID=a5852ae7012a46eb2064594fcb2d5863 StaticDependenciesID=a1ab77634d2118d830a923b027cec8e6 
Number of updated asset objects reloaded before import = 0
Number of asset objects unloaded after import = 1
========================================================================
Received Import Request.
  Time of request: 2026-10-01T08:15:31.5504011Z
  Time since last request: 0.0005525 seconds.
  importAddress: GUID: 4ae95b242bca4cbc9098ad3ca788d0cc - Path: Packages/com.unity.render-pipelines.universal/Runtime/FrameData/UniversalRenderingData.cs - Importer: ScriptedImporter/UnityEditor.QuickSearchModule:UnityEditor.Search:ASIAI0B
Importing 'GUID: 4ae95b242bca4cbc9098ad3ca788d0cc - Path: Packages/com.unity.render-pipelines.universal/Runtime/FrameData/UniversalRenderingData.cs - Importer: ScriptedImporter/UnityEditor.QuickSearchModule:UnityEditor.Search:ASIAI0B' with importer (ScriptedImporter : UnityEditor.QuickSearchModule:UnityEditor.Search:ASIAI0B)
Imported 'GUID: 4ae95b242bca4cbc9098ad3ca788d0cc' -> (Import Result ID: 'f85de9f277fab02aa1db712c32812298') in 0.002 seconds [static and dynamic dependencies]. Details - ImportResultOutputID=170c9685e249236ae4aa632b33bc15cf DependenciesID=b8966151d72d385cf6f09a28f2b7af30 StaticDependenciesID=50daabdf6b3f560313345e4c0cd5d0b7 
Number of updated asset objects reloaded before import = 0
Number of asset objects unloaded after import = 0
========================================================================
Received Import Request.
  Time of request: 2026-10-01T08:15:31.5611713Z
  Time since last request: 0.0003739 seconds.
  importAddress: GUID: a684da720c3a43aaa94d1c3e9de4321f - Path: Packages/com.unity.render-pipelines.universal/Runtime/Debug/DebugHandler.cs - Importer: ScriptedImporter/UnityEditor.QuickSearchModule:UnityEditor.Search:ASIAI0B
Importing 'GUID: a684da720c3a43aaa94d1c3e9de4321f - Path: Packages/com.unity.render-pipelines.universal/Runtime/Debug/DebugHandler.cs - Importer: ScriptedImporter/UnityEditor.QuickSearchModule:UnityEditor.Search:ASIAI0B' with importer (ScriptedImporter : UnityEditor.QuickSearchModule:UnityEditor.Search:ASIAI0B)
Imported 'GUID: a684da720c3a43aaa94d1c3e9de4321f' -> (Import Result ID: 'ba43a525d1877084915ad1ce541453a8') in 0.002 seconds [static and dynamic dependencies]. Details - ImportResultOutputID=82de83c2684e98d47c778e4b67ab11cf DependenciesID=1d584453aeb004b37df31ca237dcfc79 StaticDependenciesID=84366c4340b088e4e0c7a3d1118c9ab1 
Number of updated asset objects reloaded before import = 0
Number of asset objects unloaded after import = 0
========================================================================
Received Import Request.
  Time of request: 2026-10-01T08:15:31.5722529Z
  Time since last request: 0.0004544 seconds.
  importAddress: GUID: e28016542c8e4854a545aa24a49c882e - Path: Packages/com.unity.render-pipelines.universal/Runtime/FrameData/UniversalCameraData.cs - Importer: ScriptedImporter/UnityEditor.QuickSearchModule:UnityEditor.Search:ASIAI0B
Importing 'GUID: e28016542c8e4854a545aa24a49c882e - Path: Packages/com.unity.render-pipelines.universal/Runtime/FrameData/UniversalCameraData.cs - Importer: ScriptedImporter/UnityEditor.QuickSearchModule:UnityEditor.Search:ASIAI0B' with importer (ScriptedImporter : UnityEditor.QuickSearchModule:UnityEditor.Search:ASIAI0B)
Imported 'GUID: e28016542c8e4854a545aa24a49c882e' -> (Import Result ID: '959d93b16738a4866c6b189ee8c91c8a') in 0.002 seconds [static and dynamic dependencies]. Details - ImportResultOutputID=bb971b7eeaec6cfc6b3dac51b7a0dd9d DependenciesID=717e8f12298d79497a178a6c2b6e0695 StaticDependenciesID=906d330e695a00592b64a695286d5de5 
Number of updated asset objects reloaded before import = 0
Number of asset objects unloaded after import = 0
========================================================================
Received Import Request.
  Time of request: 2026-10-01T08:15:31.5834815Z
  Time since last request: 0.0002618 seconds.
  importAddress: GUID: 89bc0329853842ae999d6f86829fc126 - Path: Packages/com.unity.render-pipelines.universal/Runtime/Debug/DebugDisplaySettingsCommon.cs - Importer: ScriptedImporter/UnityEditor.QuickSearchModule:UnityEditor.Search:ASIAI0B
Importing 'GUID: 89bc0329853842ae999d6f86829fc126 - Path: Packages/com.unity.render-pipelines.universal/Runtime/Debug/DebugDisplaySettingsCommon.cs - Importer: ScriptedImporter/UnityEditor.QuickSearchModule:UnityEditor.Search:ASIAI0B' with importer (ScriptedImporter : UnityEditor.QuickSearchModule:UnityEditor.Search:ASIAI0B)
Imported 'GUID: 89bc0329853842ae999d6f86829fc126' -> (Import Result ID: 'd92d1d3b995d3b558e41db5c960a0fd0') in 0.002 seconds [static and dynamic dependencies]. Details - ImportResultOutputID=173b7c5acdb100b3816a386bfb4d0980 DependenciesID=de4ba927b8777f7f3e518aa700070fa2 StaticDependenciesID=2ae07d7ba3088f35e22698b041c73caf 
Number of updated asset objects reloaded before import = 0
Number of asset objects unloaded after import = 0
========================================================================
Received Import Request.
  Time of request: 2026-10-01T08:15:31.5936805Z
  Time since last request: 0.000513 seconds.
  importAddress: GUID: fdd7cd5780dc4df69afb5e3c7c41ef8c - Path: Packages/com.unity.render-pipelines.universal/Runtime/FrameData/UniversalLightData.cs - Importer: ScriptedImporter/UnityEditor.QuickSearchModule:UnityEditor.Search:ASIAI0B
Importing 'GUID: fdd7cd5780dc4df69afb5e3c7c41ef8c - Path: Packages/com.unity.render-pipelines.universal/Runtime/FrameData/UniversalLightData.cs - Importer: ScriptedImporter/UnityEditor.QuickSearchModule:UnityEditor.Search:ASIAI0B' with importer (ScriptedImporter : UnityEditor.QuickSearchModule:UnityEditor.Search:ASIAI0B)
Imported 'GUID: fdd7cd5780dc4df69afb5e3c7c41ef8c' -> (Import Result ID: '4c4d9febfdc033a3bf147e4d9fd93758') in 0.002 seconds [static and dynamic dependencies]. Details - ImportResultOutputID=41052a7dc462ca782a6a1165cbfc1468 DependenciesID=2fb5b5cb613c49bc1ec417fa0009ed32 StaticDependenciesID=c8eb54e9a60f73e19fd7f189897fcf6c 
Number of updated asset objects reloaded before import = 0
Number of asset objects unloaded after import = 0
========================================================================
Received Import Request.
  Time of request: 2026-10-01T08:15:31.6197952Z
  Time since last request: 0.0157336 seconds.
  importAddress: GUID: ae3e4e9915f7b6347b65203987c4f8b0 - Path: Packages/com.unity.render-pipelines.universal/Runtime/Passes/DrawSkyboxPass.cs - Importer: ScriptedImporter/UnityEditor.QuickSearchModule:UnityEditor.Search:ASIAI0B
Importing 'GUID: ae3e4e9915f7b6347b65203987c4f8b0 - Path: Packages/com.unity.render-pipelines.universal/Runtime/Passes/DrawSkyboxPass.cs - Importer: ScriptedImporter/UnityEditor.QuickSearchModule:UnityEditor.Search:ASIAI0B' with importer (ScriptedImporter : UnityEditor.QuickSearchModule:UnityEditor.Search:ASIAI0B)
Imported 'GUID: ae3e4e9915f7b6347b65203987c4f8b0' -> (Import Result ID: 'c5976191849b2de03577ff210c9b8beb') in 0.001 seconds [static and dynamic dependencies]. Details - ImportResultOutputID=b6936c9b9d0f5e4b720e4c7d5296a3d2 DependenciesID=1cf9d76e974802ca5fc3c97e019078c1 StaticDependenciesID=5197089516bd7e31c8ca3228a4c99fee 
Number of updated asset objects reloaded before import = 0
Number of asset objects unloaded after import = 0
========================================================================
Received Import Request.
  Time of request: 2026-10-01T08:15:31.6298689Z
  Time since last request: 0.0004148 seconds.
  importAddress: GUID: 06437c1ff663d574d9447842ba0a72e4 - Path: Packages/com.unity.render-pipelines.universal/Runtime/Overrides/ScreenSpaceLensFlare.cs - Importer: ScriptedImporter/UnityEditor.QuickSearchModule:UnityEditor.Search:ASIAI0B
Importing 'GUID: 06437c1ff663d574d9447842ba0a72e4 - Path: Packages/com.unity.render-pipelines.universal/Runtime/Overrides/ScreenSpaceLensFlare.cs - Importer: ScriptedImporter/UnityEditor.QuickSearchModule:UnityEditor.Search:ASIAI0B' with importer (ScriptedImporter : UnityEditor.QuickSearchModule:UnityEditor.Search:ASIAI0B)
Imported 'GUID: 06437c1ff663d574d9447842ba0a72e4' -> (Import Result ID: '76bcd08c56b258c2ffc53d6e01791637') in 0.002 seconds [static and dynamic dependencies]. Details - ImportResultOutputID=304ac508cc5ee7bafcd77e4931bc8627 DependenciesID=41233ceefec81e391bfdefc5d660e275 StaticDependenciesID=d7ef5d68c0d5f9c18316c4bddb9dde49 
Number of updated asset objects reloaded before import = 0
Number of asset objects unloaded after import = 0
========================================================================
Received Import Request.
  Time of request: 2026-10-01T08:15:31.6398923Z
  Time since last request: 0.0004517 seconds.
  importAddress: GUID: 221518ef91623a7438a71fef23660601 - Path: Packages/com.unity.render-pipelines.universal/Runtime/Overrides/WhiteBalance.cs - Importer: ScriptedImporter/UnityEditor.QuickSearchModule:UnityEditor.Search:ASIAI0B
Importing 'GUID: 221518ef91623a7438a71fef23660601 - Path: Packages/com.unity.render-pipelines.universal/Runtime/Overrides/WhiteBalance.cs - Importer: ScriptedImporter/UnityEditor.QuickSearchModule:UnityEditor.Search:ASIAI0B' with importer (ScriptedImporter : UnityEditor.QuickSearchModule:UnityEditor.Search:ASIAI0B)
Imported 'GUID: 221518ef91623a7438a71fef23660601' -> (Import Result ID: '31c0843912d0479a2d6edbf0a9b6389d') in 0.002 seconds [static and dynamic dependencies]. Details - ImportResultOutputID=1befa40b4790b624051ae0fbc9c6fd2b DependenciesID=bf784db6f9cdeda8a7388d017705cef3 StaticDependenciesID=c09464c1cb080af619980adb6095b54c 
Number of updated asset objects reloaded before import = 0
Number of asset objects unloaded after import = 0
========================================================================
Received Import Request.
  Time of request: 2026-10-01T08:15:31.6500778Z
  Time since last request: 0.0003116 seconds.
  importAddress: GUID: 49ced51ad19fca94e8a5a29f28b976f3 - Path: Packages/com.unity.render-pipelines.universal/Runtime/RenderPipelineResources/UniversalRenderPipelineRuntimeXRResources.cs - Importer: ScriptedImporter/UnityEditor.QuickSearchModule:UnityEditor.Search:ASIAI0B
Importing 'GUID: 49ced51ad19fca94e8a5a29f28b976f3 - Path: Packages/com.unity.render-pipelines.universal/Runtime/RenderPipelineResources/UniversalRenderPipelineRuntimeXRResources.cs - Importer: ScriptedImporter/UnityEditor.QuickSearchModule:UnityEditor.Search:ASIAI0B' with importer (ScriptedImporter : UnityEditor.QuickSearchModule:UnityEditor.Search:ASIAI0B)
Imported 'GUID: 49ced51ad19fca94e8a5a29f28b976f3' -> (Import Result ID: 'd8878b573c180aa09003cf78f2affd6e') in 0.002 seconds [static and dynamic dependencies]. Details - ImportResultOutputID=c55c8637474c7c2acc8b64a012cdcbe5 DependenciesID=04c7808cd1424d9cb92188221b10ad33 StaticDependenciesID=bdd350954d8d3ec446168d12746b9c90 
Number of updated asset objects reloaded before import = 0
Number of asset objects unloaded after import = 0
========================================================================
Received Import Request.
  Time of request: 2026-10-01T08:15:31.6613349Z
  Time since last request: 0.0003797 seconds.
  importAddress: GUID: b36ba7cbaee8126479c1513e0e95ece8 - Path: Packages/com.unity.render-pipelines.universal/Runtime/RenderPipelineResources/UniversalRenderPipelineEditorMaterials.cs - Importer: ScriptedImporter/UnityEditor.QuickSearchModule:UnityEditor.Search:ASIAI0B
Importing 'GUID: b36ba7cbaee8126479c1513e0e95ece8 - Path: Packages/com.unity.render-pipelines.universal/Runtime/RenderPipelineResources/UniversalRenderPipelineEditorMaterials.cs - Importer: ScriptedImporter/UnityEditor.QuickSearchModule:UnityEditor.Search:ASIAI0B' with importer (ScriptedImporter : UnityEditor.QuickSearchModule:UnityEditor.Search:ASIAI0B)
Imported 'GUID: b36ba7cbaee8126479c1513e0e95ece8' -> (Import Result ID: '2a89cc9d895bc8c4608957d362e3675d') in 0.002 seconds [static and dynamic dependencies]. Details - ImportResultOutputID=e728b98c3d3adaf8144b6f3118902e19 DependenciesID=809e7465634b5569009c1459121e13d4 StaticDependenciesID=27150045067b1afcdfe9d06bd0d7e9cd 
Number of updated asset objects reloaded before import = 0
Number of asset objects unloaded after import = 0
========================================================================
Received Import Request.
  Time of request: 2026-10-01T08:15:31.6735867Z
  Time since last request: 0.0006814 seconds.
  importAddress: GUID: e2fb6109d22997344ab15423c6b63b45 - Path: Packages/com.unity.render-pipelines.universal/Runtime/RendererFeatures/OnTilePostProcessFeature.cs - Importer: ScriptedImporter/UnityEditor.QuickSearchModule:UnityEditor.Search:ASIAI0B
Importing 'GUID: e2fb6109d22997344ab15423c6b63b45 - Path: Packages/com.unity.render-pipelines.universal/Runtime/RendererFeatures/OnTilePostProcessFeature.cs - Importer: ScriptedImporter/UnityEditor.QuickSearchModule:UnityEditor.Search:ASIAI0B' with importer (ScriptedImporter : UnityEditor.QuickSearchModule:UnityEditor.Search:ASIAI0B)
Imported 'GUID: e2fb6109d22997344ab15423c6b63b45' -> (Import Result ID: '91a8997413704bbca8c9b2e1724edf5a') in 0.002 seconds [static and dynamic dependencies]. Details - ImportResultOutputID=24233058c6ac6e4efa61c6ba8fe1d059 DependenciesID=00cf283f04e057ace17694d82201c638 StaticDependenciesID=9bb08f823c746ada3769ececc746e1a0 
Number of updated asset objects reloaded before import = 0
Number of asset objects unloaded after import = 0
========================================================================
Received Import Request.
  Time of request: 2026-10-01T08:15:31.6861296Z
  Time since last request: 0.0002367 seconds.
  importAddress: GUID: 3eb4b772797da9440885e8bd939e9560 - Path: Packages/com.unity.render-pipelines.universal/Runtime/Overrides/ColorCurves.cs - Importer: ScriptedImporter/UnityEditor.QuickSearchModule:UnityEditor.Search:ASIAI0B
Importing 'GUID: 3eb4b772797da9440885e8bd939e9560 - Path: Packages/com.unity.render-pipelines.universal/Runtime/Overrides/ColorCurves.cs - Importer: ScriptedImporter/UnityEditor.QuickSearchModule:UnityEditor.Search:ASIAI0B' with importer (ScriptedImporter : UnityEditor.QuickSearchModule:UnityEditor.Search:ASIAI0B)
Imported 'GUID: 3eb4b772797da9440885e8bd939e9560' -> (Import Result ID: '6d03ed96f5df06a726761f1c4872e4af') in 0.002 seconds [static and dynamic dependencies]. Details - ImportResultOutputID=f3fbd457dac77d4ff51031f296882379 DependenciesID=42bbf0598e01acffdb26be34d3138eff StaticDependenciesID=02ad4a9511b888dbae2a514a4fdbb62a 
Number of updated asset objects reloaded before import = 0
Number of asset objects unloaded after import = 0
========================================================================
Received Import Request.
  Time of request: 2026-10-01T08:15:31.7086527Z
  Time since last request: 0.0126675 seconds.
  importAddress: GUID: 8c3bb6de0c0e7c047b65c077249507e5 - Path: Packages/com.unity.render-pipelines.universal/Shaders/2D/Mesh2D-Unlit-Default.shader - Importer: ScriptedImporter/UnityEditor.QuickSearchModule:UnityEditor.Search:ASIAI0B
Importing 'GUID: 8c3bb6de0c0e7c047b65c077249507e5 - Path: Packages/com.unity.render-pipelines.universal/Shaders/2D/Mesh2D-Unlit-Default.shader - Importer: ScriptedImporter/UnityEditor.QuickSearchModule:UnityEditor.Search:ASIAI0B' with importer (ScriptedImporter : UnityEditor.QuickSearchModule:UnityEditor.Search:ASIAI0B)
Imported 'GUID: 8c3bb6de0c0e7c047b65c077249507e5' -> (Import Result ID: '1dd7faac5bdd674ab3f382964e6d1927') in 0.002 seconds [static and dynamic dependencies]. Details - ImportResultOutputID=fc76a893e377d8e5f0e754777c55b04d DependenciesID=1fae45abbc594e2fb39a3717a7454cbf StaticDependenciesID=9bc8e5edcae75cbe004727c39c53df25 
Number of updated asset objects reloaded before import = 0
Number of asset objects unloaded after import = 1
========================================================================
Received Import Request.
  Time of request: 2026-10-01T08:15:31.7196896Z
  Time since last request: 0.0003695 seconds.
  importAddress: GUID: e39bd598ce13f44ba8af997d3e42cd18 - Path: Packages/com.unity.render-pipelines.universal/Shaders/2D/Sprite-Mask.shader - Importer: ScriptedImporter/UnityEditor.QuickSearchModule:UnityEditor.Search:ASIAI0B
Importing 'GUID: e39bd598ce13f44ba8af997d3e42cd18 - Path: Packages/com.unity.render-pipelines.universal/Shaders/2D/Sprite-Mask.shader - Importer: ScriptedImporter/UnityEditor.QuickSearchModule:UnityEditor.Search:ASIAI0B' with importer (ScriptedImporter : UnityEditor.QuickSearchModule:UnityEditor.Search:ASIAI0B)
Imported 'GUID: e39bd598ce13f44ba8af997d3e42cd18' -> (Import Result ID: '07b977b5be88ef3c2785e0a1ea428216') in 0.003 seconds [static and dynamic dependencies]. Details - ImportResultOutputID=e22ce62c3c6e942b9c987249bbefd112 DependenciesID=a37bc10c960e4967ea26bc8d848220ef StaticDependenciesID=9694b30bf8450201ea8963c12c1233a4 
Number of updated asset objects reloaded before import = 0
Number of asset objects unloaded after import = 1
========================================================================
Received Import Request.
  Time of request: 2026-10-01T08:15:31.7315236Z
  Time since last request: 0.0004491 seconds.
  importAddress: GUID: 0cf625ee415e13145960c2d843523d39 - Path: Packages/com.unity.render-pipelines.universal/Runtime/Settings/RenderGraphSettings.cs - Importer: ScriptedImporter/UnityEditor.QuickSearchModule:UnityEditor.Search:ASIAI0B
Importing 'GUID: 0cf625ee415e13145960c2d843523d39 - Path: Packages/com.unity.render-pipelines.universal/Runtime/Settings/RenderGraphSettings.cs - Importer: ScriptedImporter/UnityEditor.QuickSearchModule:UnityEditor.Search:ASIAI0B' with importer (ScriptedImporter : UnityEditor.QuickSearchModule:UnityEditor.Search:ASIAI0B)
Imported 'GUID: 0cf625ee415e13145960c2d843523d39' -> (Import Result ID: '61aee9b82028905bfbcccc22b5325955') in 0.002 seconds [static and dynamic dependencies]. Details - ImportResultOutputID=1b08511077d408df6f516807abb8ecac DependenciesID=6822e618a409ab9d2a35a93842539854 StaticDependenciesID=6bf92df86e59ec3b5a3e5d08f3f8b611 
Number of updated asset objects reloaded before import = 0
Number of asset objects unloaded after import = 0
========================================================================
Received Import Request.
  Time of request: 2026-10-01T08:15:31.7423765Z
  Time since last request: 0.0004307 seconds.
  importAddress: GUID: 394c5e9a352f74e998cb797d7aa461d4 - Path: Packages/com.unity.render-pipelines.universal/ShaderLibrary/LightCookie/LightCookieTypes.hlsl - Importer: ScriptedImporter/UnityEditor.QuickSearchModule:UnityEditor.Search:ASIAI0B
Importing 'GUID: 394c5e9a352f74e998cb797d7aa461d4 - Path: Packages/com.unity.render-pipelines.universal/ShaderLibrary/LightCookie/LightCookieTypes.hlsl - Importer: ScriptedImporter/UnityEditor.QuickSearchModule:UnityEditor.Search:ASIAI0B' with importer (ScriptedImporter : UnityEditor.QuickSearchModule:UnityEditor.Search:ASIAI0B)
Imported 'GUID: 394c5e9a352f74e998cb797d7aa461d4' -> (Import Result ID: '400e1873d25a814f1d02a57b08497ada') in 0.002 seconds [static and dynamic dependencies]. Details - ImportResultOutputID=a53a0d24a1b75138bea9e24e466ebea8 DependenciesID=7d68184dfbc78b121270f74edfb91720 StaticDependenciesID=d0ca9f554a33c724c044d0fd2cb98cc1 
Number of updated asset objects reloaded before import = 0
Number of asset objects unloaded after import = 1
========================================================================
Received Import Request.
  Time of request: 2026-10-01T08:15:31.7526792Z
  Time since last request: 0.0002587 seconds.
  importAddress: GUID: 8878828335bd847b493e10211fcbf825 - Path: Packages/com.unity.render-pipelines.universal/ShaderLibrary/LightCookie/LightCookie.hlsl - Importer: ScriptedImporter/UnityEditor.QuickSearchModule:UnityEditor.Search:ASIAI0B
Importing 'GUID: 8878828335bd847b493e10211fcbf825 - Path: Packages/com.unity.render-pipelines.universal/ShaderLibrary/LightCookie/LightCookie.hlsl - Importer: ScriptedImporter/UnityEditor.QuickSearchModule:UnityEditor.Search:ASIAI0B' with importer (ScriptedImporter : UnityEditor.QuickSearchModule:UnityEditor.Search:ASIAI0B)
Imported 'GUID: 8878828335bd847b493e10211fcbf825' -> (Import Result ID: 'f3be407c59afb7cec1ae7760ac860dab') in 0.002 seconds [static and dynamic dependencies]. Details - ImportResultOutputID=89f845f72864560415fa73a3c181448f DependenciesID=5a3c8b2485c4575d6d257525db14c5e9 StaticDependenciesID=bcc686b37d484de9b0e165501ec00a21 
Number of updated asset objects reloaded before import = 0
Number of asset objects unloaded after import = 1
========================================================================
Received Import Request.
  Time of request: 2026-10-01T08:15:31.7630575Z
  Time since last request: 0.0004209 seconds.
  importAddress: GUID: 74659692f6350ba46b88180d9c826630 - Path: Packages/com.unity.render-pipelines.universal/Shaders/2D/RenderAs2D-Flattening.shader - Importer: ScriptedImporter/UnityEditor.QuickSearchModule:UnityEditor.Search:ASIAI0B
Importing 'GUID: 74659692f6350ba46b88180d9c826630 - Path: Packages/com.unity.render-pipelines.universal/Shaders/2D/RenderAs2D-Flattening.shader - Importer: ScriptedImporter/UnityEditor.QuickSearchModule:UnityEditor.Search:ASIAI0B' with importer (ScriptedImporter : UnityEditor.QuickSearchModule:UnityEditor.Search:ASIAI0B)
Imported 'GUID: 74659692f6350ba46b88180d9c826630' -> (Import Result ID: 'dd22cac01c18f518a21c4aaf291bd69e') in 0.002 seconds [static and dynamic dependencies]. Details - ImportResultOutputID=021642217d360522b7b98a3b9c085b87 DependenciesID=92e255fc4aa488c195ed53c789ac4fb2 StaticDependenciesID=81d08400597c5f3dbe81c43e64eaed68 
Number of updated asset objects reloaded before import = 0
Number of asset objects unloaded after import = 1
========================================================================
Received Import Request.
  Time of request: 2026-10-01T08:15:31.7764378Z
  Time since last request: 0.0005026 seconds.
  importAddress: GUID: d8ae717b647341719f2a89f20faaf51b - Path: Packages/com.unity.render-pipelines.universal/ShaderLibrary/Debug/Debugging3D.hlsl - Importer: ScriptedImporter/UnityEditor.QuickSearchModule:UnityEditor.Search:ASIAI0B
Importing 'GUID: d8ae717b647341719f2a89f20faaf51b - Path: Packages/com.unity.render-pipelines.universal/ShaderLibrary/Debug/Debugging3D.hlsl - Importer: ScriptedImporter/UnityEditor.QuickSearchModule:UnityEditor.Search:ASIAI0B' with importer (ScriptedImporter : UnityEditor.QuickSearchModule:UnityEditor.Search:ASIAI0B)
Imported 'GUID: d8ae717b647341719f2a89f20faaf51b' -> (Import Result ID: '27f3c1202f6cc24b5a84f7e222febf72') in 0.002 seconds [static and dynamic dependencies]. Details - ImportResultOutputID=824fca6c57a66df7d38dd2617a9f5ea0 DependenciesID=2cca99374c6f9a1a54b248e22ff72268 StaticDependenciesID=39c92c927620db9cdea396bf45ef3950 
Number of updated asset objects reloaded before import = 0
Number of asset objects unloaded after import = 1
========================================================================
Received Import Request.
  Time of request: 2026-10-01T08:15:31.7875179Z
  Time since last request: 0.0002656 seconds.
  importAddress: GUID: f3f941933e171854386001194281536f - Path: Packages/com.unity.render-pipelines.universal/Shaders/Nature/SpeedTree7Passes.hlsl - Importer: ScriptedImporter/UnityEditor.QuickSearchModule:UnityEditor.Search:ASIAI0B
Importing 'GUID: f3f941933e171854386001194281536f - Path: Packages/com.unity.render-pipelines.universal/Shaders/Nature/SpeedTree7Passes.hlsl - Importer: ScriptedImporter/UnityEditor.QuickSearchModule:UnityEditor.Search:ASIAI0B' with importer (ScriptedImporter : UnityEditor.QuickSearchModule:UnityEditor.Search:ASIAI0B)
Imported 'GUID: f3f941933e171854386001194281536f' -> (Import Result ID: '5d94e3629b6dfdbe06ab48df365641cd') in 0.001 seconds [static and dynamic dependencies]. Details - ImportResultOutputID=b18f564cb6c93cd870ed8286bbc6f382 DependenciesID=aebdd151ed40e271b111e0d9994941a5 StaticDependenciesID=00687068cdb1f6e82a0aeed6b3c3f675 
Number of updated asset objects reloaded before import = 0
Number of asset objects unloaded after import = 1
========================================================================
Received Import Request.
  Time of request: 2026-10-01T08:15:31.8142432Z
  Time since last request: 0.017437 seconds.
  importAddress: GUID: 2aed67ad60045d54ba3a00c91e2d2631 - Path: Packages/com.unity.render-pipelines.universal/Shaders/PostProcessing/BokehDepthOfField.shader - Importer: ScriptedImporter/UnityEditor.QuickSearchModule:UnityEditor.Search:ASIAI0B
Importing 'GUID: 2aed67ad60045d54ba3a00c91e2d2631 - Path: Packages/com.unity.render-pipelines.universal/Shaders/PostProcessing/BokehDepthOfField.shader - Importer: ScriptedImporter/UnityEditor.QuickSearchModule:UnityEditor.Search:ASIAI0B' with importer (ScriptedImporter : UnityEditor.QuickSearchModule:UnityEditor.Search:ASIAI0B)
Imported 'GUID: 2aed67ad60045d54ba3a00c91e2d2631' -> (Import Result ID: 'b5e171b9e33bae9729233ad811daa49a') in 0.002 seconds [static and dynamic dependencies]. Details - ImportResultOutputID=e421f1233f77908fe8a11ce83eb25f2c DependenciesID=1fff4eb3f49fae7ff87e3edc18b279fb StaticDependenciesID=d5d3fcbf6acb694e15eba7e6e83319b4 
Number of updated asset objects reloaded before import = 0
Number of asset objects unloaded after import = 1
========================================================================
Received Import Request.
  Time of request: 2026-10-01T08:15:31.8256404Z
  Time since last request: 0.0006505 seconds.
  importAddress: GUID: 3f1f7ec9e0c852a48826fe085f257d80 - Path: Packages/com.unity.render-pipelines.universal/Shaders/PostProcessing/SubpixelMorphologicalAntialiasing.hlsl - Importer: ScriptedImporter/UnityEditor.QuickSearchModule:UnityEditor.Search:ASIAI0B
Importing 'GUID: 3f1f7ec9e0c852a48826fe085f257d80 - Path: Packages/com.unity.render-pipelines.universal/Shaders/PostProcessing/SubpixelMorphologicalAntialiasing.hlsl - Importer: ScriptedImporter/UnityEditor.QuickSearchModule:UnityEditor.Search:ASIAI0B' with importer (ScriptedImporter : UnityEditor.QuickSearchModule:UnityEditor.Search:ASIAI0B)
Imported 'GUID: 3f1f7ec9e0c852a48826fe085f257d80' -> (Import Result ID: '12130d71b0b819cec770abd6e967acd3') in 0.002 seconds [static and dynamic dependencies]. Details - ImportResultOutputID=f78fa0ce65e401802dba131ce1e2edb3 DependenciesID=8411f50435bca266e3cbae8efba4d8b2 StaticDependenciesID=562581c9dc7642670279c81d9064ce29 
Number of updated asset objects reloaded before import = 0
Number of asset objects unloaded after import = 1
========================================================================
Received Import Request.
  Time of request: 2026-10-01T08:15:31.8353418Z
  Time since last request: 0.0003867 seconds.
  importAddress: GUID: c17132b1f77d20942aa75f8429c0f8bc - Path: Packages/com.unity.render-pipelines.universal/Shaders/Utils/Blit.shader - Importer: ScriptedImporter/UnityEditor.QuickSearchModule:UnityEditor.Search:ASIAI0B
Importing 'GUID: c17132b1f77d20942aa75f8429c0f8bc - Path: Packages/com.unity.render-pipelines.universal/Shaders/Utils/Blit.shader - Importer: ScriptedImporter/UnityEditor.QuickSearchModule:UnityEditor.Search:ASIAI0B' with importer (ScriptedImporter : UnityEditor.QuickSearchModule:UnityEditor.Search:ASIAI0B)
Imported 'GUID: c17132b1f77d20942aa75f8429c0f8bc' -> (Import Result ID: 'f9f0e8078a91465bf40f8e3f4305c4de') in 0.002 seconds [static and dynamic dependencies]. Details - ImportResultOutputID=b874c3e4774c4b4c2c60d07e53662a71 DependenciesID=fd67a95137d0d5a110ad3a18b7578416 StaticDependenciesID=643d5a6b00d872a18402fee7c85f16c9 
Number of updated asset objects reloaded before import = 0
Number of asset objects unloaded after import = 1
========================================================================
Received Import Request.
  Time of request: 2026-10-01T08:15:31.8454083Z
  Time since last request: 0.0003212 seconds.
  importAddress: GUID: 5fd9a8feb75a4b5894c241777f519d4e - Path: Packages/com.unity.render-pipelines.universal/Shaders/Utils/MaterialError.shader - Importer: ScriptedImporter/UnityEditor.QuickSearchModule:UnityEditor.Search:ASIAI0B
Importing 'GUID: 5fd9a8feb75a4b5894c241777f519d4e - Path: Packages/com.unity.render-pipelines.universal/Shaders/Utils/MaterialError.shader - Importer: ScriptedImporter/UnityEditor.QuickSearchModule:UnityEditor.Search:ASIAI0B' with importer (ScriptedImporter : UnityEditor.QuickSearchModule:UnityEditor.Search:ASIAI0B)
Imported 'GUID: 5fd9a8feb75a4b5894c241777f519d4e' -> (Import Result ID: 'ccc1790bf4c3cad705e13e3fdde5dec0') in 0.002 seconds [static and dynamic dependencies]. Details - ImportResultOutputID=ad43d08cf0d5ba4d109e67dafc29b36c DependenciesID=8b683b1df8049283bf96a106fc50ff81 StaticDependenciesID=d47d55ae065b675f96276426d801070a 
Number of updated asset objects reloaded before import = 0
Number of asset objects unloaded after import = 1
========================================================================
Received Import Request.
  Time of request: 2026-10-01T08:15:31.8560311Z
  Time since last request: 0.0003325 seconds.
  importAddress: GUID: a817cb90496894b368593402e13b040c - Path: Packages/com.unity.render-pipelines.universal/Shaders/Terrain/TerrainLitInput.hlsl - Importer: ScriptedImporter/UnityEditor.QuickSearchModule:UnityEditor.Search:ASIAI0B
Importing 'GUID: a817cb90496894b368593402e13b040c - Path: Packages/com.unity.render-pipelines.universal/Shaders/Terrain/TerrainLitInput.hlsl - Importer: ScriptedImporter/UnityEditor.QuickSearchModule:UnityEditor.Search:ASIAI0B' with importer (ScriptedImporter : UnityEditor.QuickSearchModule:UnityEditor.Search:ASIAI0B)
Imported 'GUID: a817cb90496894b368593402e13b040c' -> (Import Result ID: '826f9cb1f71aabfe7e7d5df8fe2ce516') in 0.002 seconds [static and dynamic dependencies]. Details - ImportResultOutputID=44519aa28ecb626b89b53a7da7888c0a DependenciesID=ae63b5fe499d7f724899c6954013b12e StaticDependenciesID=ad4db7b864eaa25a5724759f816408be 
Number of updated asset objects reloaded before import = 0
Number of asset objects unloaded after import = 1
========================================================================
Received Import Request.
  Time of request: 2026-10-01T08:15:31.866304Z
  Time since last request: 0.0004982 seconds.
  importAddress: GUID: aa602bf7da734370bdb394a751f56555 - Path: Packages/com.unity.render-pipelines.universal/Shaders/Terrain/TerrainTextureNode.hlsl - Importer: ScriptedImporter/UnityEditor.QuickSearchModule:UnityEditor.Search:ASIAI0B
Importing 'GUID: aa602bf7da734370bdb394a751f56555 - Path: Packages/com.unity.render-pipelines.universal/Shaders/Terrain/TerrainTextureNode.hlsl - Importer: ScriptedImporter/UnityEditor.QuickSearchModule:UnityEditor.Search:ASIAI0B' with importer (ScriptedImporter : UnityEditor.QuickSearchModule:UnityEditor.Search:ASIAI0B)
Imported 'GUID: aa602bf7da734370bdb394a751f56555' -> (Import Result ID: 'aa1fda02a0e006cb8a449630e800df53') in 0.002 seconds [static and dynamic dependencies]. Details - ImportResultOutputID=19c21066adaa0b42893fab19f67d820d DependenciesID=52944d9d194b96dedae30a3e783bb797 StaticDependenciesID=f275f706415577a184234955fde0a774 
Number of updated asset objects reloaded before import = 0
Number of asset objects unloaded after import = 1
========================================================================
Received Import Request.
  Time of request: 2026-10-01T08:15:31.877471Z
  Time since last request: 0.0003081 seconds.
  importAddress: GUID: b4bc78a1364154f15b718a412e9710b6 - Path: Packages/com.unity.render-pipelines.universal/Shaders/Terrain/WavingGrassPasses.hlsl - Importer: ScriptedImporter/UnityEditor.QuickSearchModule:UnityEditor.Search:ASIAI0B
Importing 'GUID: b4bc78a1364154f15b718a412e9710b6 - Path: Packages/com.unity.render-pipelines.universal/Shaders/Terrain/WavingGrassPasses.hlsl - Importer: ScriptedImporter/UnityEditor.QuickSearchModule:UnityEditor.Search:ASIAI0B' with importer (ScriptedImporter : UnityEditor.QuickSearchModule:UnityEditor.Search:ASIAI0B)
Imported 'GUID: b4bc78a1364154f15b718a412e9710b6' -> (Import Result ID: 'f0e76de4fbdda1d25b15af5693c88024') in 0.002 seconds [static and dynamic dependencies]. Details - ImportResultOutputID=2db395b3d0068cce9e5982f9274a6850 DependenciesID=b3aab0ffbd1746e1d8b167f479b9d72a StaticDependenciesID=9d3030cf886042e586935287e00269c8 
Number of updated asset objects reloaded before import = 0
Number of asset objects unloaded after import = 1
========================================================================
Received Import Request.
  Time of request: 2026-10-01T08:15:31.8872151Z
  Time since last request: 0.0004024 seconds.
  importAddress: GUID: e507fdfead5ca47e8b9a768b51c291a1 - Path: Packages/com.unity.render-pipelines.universal/Shaders/Terrain/WavingGrass.shader - Importer: ScriptedImporter/UnityEditor.QuickSearchModule:UnityEditor.Search:ASIAI0B
Importing 'GUID: e507fdfead5ca47e8b9a768b51c291a1 - Path: Packages/com.unity.render-pipelines.universal/Shaders/Terrain/WavingGrass.shader - Importer: ScriptedImporter/UnityEditor.QuickSearchModule:UnityEditor.Search:ASIAI0B' with importer (ScriptedImporter : UnityEditor.QuickSearchModule:UnityEditor.Search:ASIAI0B)
Imported 'GUID: e507fdfead5ca47e8b9a768b51c291a1' -> (Import Result ID: '60c707a14f2c675b93a71f4cb2e4dbd4') in 0.003 seconds [static and dynamic dependencies]. Details - ImportResultOutputID=868fa19f1fe4121a8e4d8120b8b87e3c DependenciesID=316751da67d1948a4e2be57e88d768ee StaticDependenciesID=762df8e1a403b8bbb9f91d5ddaffdec7 
Number of updated asset objects reloaded before import = 0
Number of asset objects unloaded after import = 1
========================================================================
Received Import Request.
  Time of request: 2026-10-01T08:15:31.9179433Z
  Time since last request: 0.0193581 seconds.
  importAddress: GUID: dd77ffd079630404e879388999033049 - Path: Packages/com.unity.render-pipelines.universal/Textures/FilmGrain/Thin02.png - Importer: ScriptedImporter/UnityEditor.QuickSearchModule:UnityEditor.Search:ASIAI0B
Importing 'GUID: dd77ffd079630404e879388999033049 - Path: Packages/com.unity.render-pipelines.universal/Textures/FilmGrain/Thin02.png - Importer: ScriptedImporter/UnityEditor.QuickSearchModule:UnityEditor.Search:ASIAI0B' with importer (ScriptedImporter : UnityEditor.QuickSearchModule:UnityEditor.Search:ASIAI0B)
Imported 'GUID: dd77ffd079630404e879388999033049' -> (Import Result ID: '0a95e80e6d4b8ad83631eca396973bb9') in 0.006 seconds [static and dynamic dependencies]. Details - ImportResultOutputID=0389a4a10b8b8235645dfc603d89af2e DependenciesID=99de319bc37efdb3de6be50a10e0ac09 StaticDependenciesID=b4aea83c88847ab8e5f59abee6e6dd3b 
Number of updated asset objects reloaded before import = 0
Number of asset objects unloaded after import = 1
========================================================================
Received Import Request.
  Time of request: 2026-10-01T08:15:31.9326765Z
  Time since last request: 0.0002686 seconds.
  importAddress: GUID: 3db6f9b04a31ea949aa7369a94fbbb8e - Path: Packages/com.unity.render-pipelines.universal/Tests/Runtime/LightTests.cs - Importer: ScriptedImporter/UnityEditor.QuickSearchModule:UnityEditor.Search:ASIAI0B
Importing 'GUID: 3db6f9b04a31ea949aa7369a94fbbb8e - Path: Packages/com.unity.render-pipelines.universal/Tests/Runtime/LightTests.cs - Importer: ScriptedImporter/UnityEditor.QuickSearchModule:UnityEditor.Search:ASIAI0B' with importer (ScriptedImporter : UnityEditor.QuickSearchModule:UnityEditor.Search:ASIAI0B)
Imported 'GUID: 3db6f9b04a31ea949aa7369a94fbbb8e' -> (Import Result ID: 'ae0a62e899ec80190b23d431a7b9b1de') in 0.002 seconds [static and dynamic dependencies]. Details - ImportResultOutputID=7c8a940a71246739d7a5927f56ee78e6 DependenciesID=532e756e9df046a20d0dd524df2b3096 StaticDependenciesID=21742f67fe311ee8c93e135f0d2e3bc3 
Number of updated asset objects reloaded before import = 0
Number of asset objects unloaded after import = 0
========================================================================
Received Import Request.
  Time of request: 2026-10-01T08:15:31.9425728Z
  Time since last request: 0.0002016 seconds.
  importAddress: GUID: f0b67500f7fad3b4c9f2b13e8f41ba6e - Path: Packages/com.unity.render-pipelines.universal/Textures/FilmGrain/Medium02.png - Importer: ScriptedImporter/UnityEditor.QuickSearchModule:UnityEditor.Search:ASIAI0B
Importing 'GUID: f0b67500f7fad3b4c9f2b13e8f41ba6e - Path: Packages/com.unity.render-pipelines.universal/Textures/FilmGrain/Medium02.png - Importer: ScriptedImporter/UnityEditor.QuickSearchModule:UnityEditor.Search:ASIAI0B' with importer (ScriptedImporter : UnityEditor.QuickSearchModule:UnityEditor.Search:ASIAI0B)
Imported 'GUID: f0b67500f7fad3b4c9f2b13e8f41ba6e' -> (Import Result ID: '59fd840c6b37823561c92c2216755804') in 0.006 seconds [static and dynamic dependencies]. Details - ImportResultOutputID=27224440fb9317fc89483c10e758fef4 DependenciesID=75cf449551c31f3e8255bbff545d58f4 StaticDependenciesID=d5e95e89ee4ab5790dbc6e62dd2e5cf6 
Number of updated asset objects reloaded before import = 0
Number of asset objects unloaded after import = 1
========================================================================
Received Import Request.
  Time of request: 2026-10-01T08:15:31.9589795Z
  Time since last request: 0.0002424 seconds.
  importAddress: GUID: 6a71f4ac0efe4c4b952be60885c37082 - Path: Packages/com.unity.render-pipelines.universal/Tests/Editor/FilmGrainResourcesStripperTests.cs - Importer: ScriptedImporter/UnityEditor.QuickSearchModule:UnityEditor.Search:ASIAI0B
Importing 'GUID: 6a71f4ac0efe4c4b952be60885c37082 - Path: Packages/com.unity.render-pipelines.universal/Tests/Editor/FilmGrainResourcesStripperTests.cs - Importer: ScriptedImporter/UnityEditor.QuickSearchModule:UnityEditor.Search:ASIAI0B' with importer (ScriptedImporter : UnityEditor.QuickSearchModule:UnityEditor.Search:ASIAI0B)
Imported 'GUID: 6a71f4ac0efe4c4b952be60885c37082' -> (Import Result ID: 'c7b4c5debba330ad5f47d558bc956628') in 0.003 seconds [static and dynamic dependencies]. Details - ImportResultOutputID=3ed2fedad6563ea97524822d2d3b4dbd DependenciesID=2359adb11128571fd55aa4486adb44af StaticDependenciesID=e5778e0430a1874254df138d36f7d9a8 
Number of updated asset objects reloaded before import = 0
Number of asset objects unloaded after import = 0
========================================================================
Received Import Request.
  Time of request: 2026-10-01T08:15:31.971338Z
  Time since last request: 0.0003876 seconds.
  importAddress: GUID: da9d116cbd3a95840aeb4f28ba5146da - Path: Packages/com.unity.render-pipelines.universal/Tests/Editor/RenderPassCullingTests.cs - Importer: ScriptedImporter/UnityEditor.QuickSearchModule:UnityEditor.Search:ASIAI0B
Importing 'GUID: da9d116cbd3a95840aeb4f28ba5146da - Path: Packages/com.unity.render-pipelines.universal/Tests/Editor/RenderPassCullingTests.cs - Importer: ScriptedImporter/UnityEditor.QuickSearchModule:UnityEditor.Search:ASIAI0B' with importer (ScriptedImporter : UnityEditor.QuickSearchModule:UnityEditor.Search:ASIAI0B)
Imported 'GUID: da9d116cbd3a95840aeb4f28ba5146da' -> (Import Result ID: 'dffd763ecacd07d43d691421d44a3dc4') in 0.002 seconds [static and dynamic dependencies]. Details - ImportResultOutputID=902b001020f4a86e894690394fe4aa8e DependenciesID=c532956431ad13910481a55c2c914ef1 StaticDependenciesID=4dc3f3450dca4a0f9dcfde0026b17053 
Number of updated asset objects reloaded before import = 0
Number of asset objects unloaded after import = 0
========================================================================
Received Import Request.
  Time of request: 2026-10-01T08:15:31.9849933Z
  Time since last request: 0.0001871 seconds.
  importAddress: GUID: 4431b1f1f743fbf4eb310a967890cbea - Path: Packages/com.unity.render-pipelines.universal/Shaders/XR/XROcclusionMesh.shader - Importer: ScriptedImporter/UnityEditor.QuickSearchModule:UnityEditor.Search:ASIAI0B
Importing 'GUID: 4431b1f1f743fbf4eb310a967890cbea - Path: Packages/com.unity.render-pipelines.universal/Shaders/XR/XROcclusionMesh.shader - Importer: ScriptedImporter/UnityEditor.QuickSearchModule:UnityEditor.Search:ASIAI0B' with importer (ScriptedImporter : UnityEditor.QuickSearchModule:UnityEditor.Search:ASIAI0B)
Imported 'GUID: 4431b1f1f743fbf4eb310a967890cbea' -> (Import Result ID: 'a6ea7e704982c4666d2ba9584dd8a050') in 0.002 seconds [static and dynamic dependencies]. Details - ImportResultOutputID=7835622ef078d06ddc1c97ec6c7dd2fa DependenciesID=1a45803cc0b39225b637de28b8dfbb85 StaticDependenciesID=018bafd043e81a3bd8ef1903a6a44de6 
Number of updated asset objects reloaded before import = 0
Number of asset objects unloaded after import = 1
========================================================================
Received Import Request.
  Time of request: 2026-10-01T08:15:31.994968Z
  Time since last request: 0.000321 seconds.
  importAddress: GUID: 51eee22c2a633ef4aada830eed57c3fd - Path: Packages/com.unity.render-pipelines.universal/Textures/SMAA/SearchTex.tga - Importer: ScriptedImporter/UnityEditor.QuickSearchModule:UnityEditor.Search:ASIAI0B
Importing 'GUID: 51eee22c2a633ef4aada830eed57c3fd - Path: Packages/com.unity.render-pipelines.universal/Textures/SMAA/SearchTex.tga - Importer: ScriptedImporter/UnityEditor.QuickSearchModule:UnityEditor.Search:ASIAI0B' with importer (ScriptedImporter : UnityEditor.QuickSearchModule:UnityEditor.Search:ASIAI0B)
Imported 'GUID: 51eee22c2a633ef4aada830eed57c3fd' -> (Import Result ID: '2a393f6cd00a1633f77affa27ffdabd4') in 0.004 seconds [static and dynamic dependencies]. Details - ImportResultOutputID=024ad241c4ab0b632f9e8c45bea9f2a8 DependenciesID=624a405a8dc8d179bd72db5893c0113c StaticDependenciesID=d82c8afbb87ebf5e69e0b0328e11c019 
Number of updated asset objects reloaded before import = 0
Number of asset objects unloaded after import = 1
========================================================================
Received Import Request.
  Time of request: 2026-10-01T08:15:32.0221965Z
  Time since last request: 0.0146766 seconds.
  importAddress: GUID: a56824d790f2d894b87761a6d3c6f176 - Path: Packages/com.unity.render-pipelines.universal/Editor/2D/Converter/BuiltInToURP2DRenderSettingsConverter.cs - Importer: ScriptedImporter/UnityEditor.QuickSearchModule:UnityEditor.Search:ASIAI0B
Importing 'GUID: a56824d790f2d894b87761a6d3c6f176 - Path: Packages/com.unity.render-pipelines.universal/Editor/2D/Converter/BuiltInToURP2DRenderSettingsConverter.cs - Importer: ScriptedImporter/UnityEditor.QuickSearchModule:UnityEditor.Search:ASIAI0B' with importer (ScriptedImporter : UnityEditor.QuickSearchModule:UnityEditor.Search:ASIAI0B)
Imported 'GUID: a56824d790f2d894b87761a6d3c6f176' -> (Import Result ID: '677910f6aba27dbbbbbce20e4b6a2ea9') in 0.002 seconds [static and dynamic dependencies]. Details - ImportResultOutputID=e7b3493b20496b34dd304d6ce5cb6051 DependenciesID=38c4ed38354c4784604a73305fe7c805 StaticDependenciesID=faaeaf377104dd83c2a303b3db5c9ba3 
Number of updated asset objects reloaded before import = 0
Number of asset objects unloaded after import = 0
========================================================================
Received Import Request.
  Time of request: 2026-10-01T08:15:32.0338383Z
  Time since last request: 0.0003912 seconds.
  importAddress: GUID: bde473d70341e914d94eb75dadeae951 - Path: Packages/com.unity.render-pipelines.universal/Editor/2D/Provider2D/Provider2DSources_PropertyDrawer.cs - Importer: ScriptedImporter/UnityEditor.QuickSearchModule:UnityEditor.Search:ASIAI0B
Importing 'GUID: bde473d70341e914d94eb75dadeae951 - Path: Packages/com.unity.render-pipelines.universal/Editor/2D/Provider2D/Provider2DSources_PropertyDrawer.cs - Importer: ScriptedImporter/UnityEditor.QuickSearchModule:UnityEditor.Search:ASIAI0B' with importer (ScriptedImporter : UnityEditor.QuickSearchModule:UnityEditor.Search:ASIAI0B)
Imported 'GUID: bde473d70341e914d94eb75dadeae951' -> (Import Result ID: '7c5245f884159d8982f876235ee59115') in 0.002 seconds [static and dynamic dependencies]. Details - ImportResultOutputID=bd8dbe1e7721dd2fb1637208afbbc67a DependenciesID=f23cac4679293900f88782b1cec48caf StaticDependenciesID=245109cf5d55819d4b7cf89e339e4c9c 
Number of updated asset objects reloaded before import = 0
Number of asset objects unloaded after import = 0
========================================================================
Received Import Request.
  Time of request: 2026-10-01T08:15:32.0444542Z
  Time since last request: 0.0005401 seconds.
  importAddress: GUID: d1195c569e7940f897cc1c8677d24104 - Path: Packages/com.unity.render-pipelines.universal/Editor/BuildProcessors/GraphicsSettingsStrippers/ScreenSpaceAmbientOcclusionStripper.cs - Importer: ScriptedImporter/UnityEditor.QuickSearchModule:UnityEditor.Search:ASIAI0B
Importing 'GUID: d1195c569e7940f897cc1c8677d24104 - Path: Packages/com.unity.render-pipelines.universal/Editor/BuildProcessors/GraphicsSettingsStrippers/ScreenSpaceAmbientOcclusionStripper.cs - Importer: ScriptedImporter/UnityEditor.QuickSearchModule:UnityEditor.Search:ASIAI0B' with importer (ScriptedImporter : UnityEditor.QuickSearchModule:UnityEditor.Search:ASIAI0B)
Imported 'GUID: d1195c569e7940f897cc1c8677d24104' -> (Import Result ID: '3e35b256bd767e6a1df8b9fd904c4891') in 0.002 seconds [static and dynamic dependencies]. Details - ImportResultOutputID=28ccc8231e96d971e2f2534b409b0b98 DependenciesID=58e29cea211eeeb224469913e78e5226 StaticDependenciesID=2bff1f42e0cb17c569c84cc77ef16e1c 
Number of updated asset objects reloaded before import = 0
Number of asset objects unloaded after import = 0
========================================================================
Received Import Request.
  Time of request: 2026-10-01T08:15:32.0556785Z
  Time since last request: 0.0003877 seconds.
  importAddress: GUID: 4328012bbeb186e40812b29daf0fcbc5 - Path: Packages/com.unity.render-pipelines.universal/Editor/2D/Provider2D/Provider2D_ProperyDrawer.cs - Importer: ScriptedImporter/UnityEditor.QuickSearchModule:UnityEditor.Search:ASIAI0B
Importing 'GUID: 4328012bbeb186e40812b29daf0fcbc5 - Path: Packages/com.unity.render-pipelines.universal/Editor/2D/Provider2D/Provider2D_ProperyDrawer.cs - Importer: ScriptedImporter/UnityEditor.QuickSearchModule:UnityEditor.Search:ASIAI0B' with importer (ScriptedImporter : UnityEditor.QuickSearchModule:UnityEditor.Search:ASIAI0B)
Imported 'GUID: 4328012bbeb186e40812b29daf0fcbc5' -> (Import Result ID: '3304a18a71b4be66f7678c9e53116021') in 0.002 seconds [static and dynamic dependencies]. Details - ImportResultOutputID=729f681aa08c20724195a06ca773ddef DependenciesID=25e19d4143372409f4bacf3d5de7cb73 StaticDependenciesID=ac25d5a512f00e0a40bfbb9d4b6da8c1 
Number of updated asset objects reloaded before import = 0
Number of asset objects unloaded after import = 0
========================================================================
Received Import Request.
  Time of request: 2026-10-01T08:15:32.0655528Z
  Time since last request: 0.0003287 seconds.
  importAddress: GUID: 2cc0da5e119f39940a554dcaeec9f3ca - Path: Packages/com.unity.render-pipelines.universal/Editor/2D/Shadows/ShadowCaster2DEditor.cs - Importer: ScriptedImporter/UnityEditor.QuickSearchModule:UnityEditor.Search:ASIAI0B
Importing 'GUID: 2cc0da5e119f39940a554dcaeec9f3ca - Path: Packages/com.unity.render-pipelines.universal/Editor/2D/Shadows/ShadowCaster2DEditor.cs - Importer: ScriptedImporter/UnityEditor.QuickSearchModule:UnityEditor.Search:ASIAI0B' with importer (ScriptedImporter : UnityEditor.QuickSearchModule:UnityEditor.Search:ASIAI0B)
Imported 'GUID: 2cc0da5e119f39940a554dcaeec9f3ca' -> (Import Result ID: 'f9fb4a47e99f0ef95d05e0794d29780b') in 0.002 seconds [static and dynamic dependencies]. Details - ImportResultOutputID=4eaa3240c9f73c09d51b64b30e2da5bd DependenciesID=5a0aa889415bd298e0badec3c4d0c41c StaticDependenciesID=dc0b3db6946cd0d7f49fafd60e74fe06 
Number of updated asset objects reloaded before import = 0
Number of asset objects unloaded after import = 0
========================================================================
Received Import Request.
  Time of request: 2026-10-01T08:15:32.0788641Z
  Time since last request: 0.0003783 seconds.
  importAddress: GUID: 6f5f3e944558b294093fde8026e4d36e - Path: Packages/com.unity.render-pipelines.universal/Editor/SceneTemplates/Indoors/Indoors Baking Set.asset - Importer: ScriptedImporter/UnityEditor.QuickSearchModule:UnityEditor.Search:ASIAI0B
Importing 'GUID: 6f5f3e944558b294093fde8026e4d36e - Path: Packages/com.unity.render-pipelines.universal/Editor/SceneTemplates/Indoors/Indoors Baking Set.asset - Importer: ScriptedImporter/UnityEditor.QuickSearchModule:UnityEditor.Search:ASIAI0B' with importer (ScriptedImporter : UnityEditor.QuickSearchModule:UnityEditor.Search:ASIAI0B)
Imported 'GUID: 6f5f3e944558b294093fde8026e4d36e' -> (Import Result ID: '1671c416a3e6133b14b253ba40f546fd') in 0.028 seconds [static and dynamic dependencies]. Details - ImportResultOutputID=2e352b64fd90a362c24f391094099bf2 DependenciesID=cc771169c1f726989ac2be8568020ab0 StaticDependenciesID=3c14d6285aa117ef0c676189bf410f15 
Number of updated asset objects reloaded before import = 0
Number of asset objects unloaded after import = 1
========================================================================
Received Import Request.
  Time of request: 2026-10-01T08:15:32.1272825Z
  Time since last request: 0.0111878 seconds.
  importAddress: GUID: 6120e053fa5537949a54c661e2a57a39 - Path: Packages/com.unity.render-pipelines.universal/Editor/ShaderGraph/AssetCallbacks/CreateUnlitShaderGraph.cs - Importer: ScriptedImporter/UnityEditor.QuickSearchModule:UnityEditor.Search:ASIAI0B
Importing 'GUID: 6120e053fa5537949a54c661e2a57a39 - Path: Packages/com.unity.render-pipelines.universal/Editor/ShaderGraph/AssetCallbacks/CreateUnlitShaderGraph.cs - Importer: ScriptedImporter/UnityEditor.QuickSearchModule:UnityEditor.Search:ASIAI0B' with importer (ScriptedImporter : UnityEditor.QuickSearchModule:UnityEditor.Search:ASIAI0B)
Imported 'GUID: 6120e053fa5537949a54c661e2a57a39' -> (Import Result ID: '2abea4c1f56de5c7ee3d762eba908aab') in 0.002 seconds [static and dynamic dependencies]. Details - ImportResultOutputID=717224254b3475b62d71ef9da05ecbbd DependenciesID=0d39ea04ac5418e161f318aaa9fe02ca StaticDependenciesID=397d1cba24594f42ecf45c83873e1a8e 
Number of updated asset objects reloaded before import = 0
Number of asset objects unloaded after import = 0
========================================================================
Received Import Request.
  Time of request: 2026-10-01T08:15:32.1380883Z
  Time since last request: 0.0004253 seconds.
  importAddress: GUID: 0738648e2f2f84b489a2f0076b69e30a - Path: Packages/com.unity.render-pipelines.universal/Editor/ShaderGraph/GraphTemplates/UITKBasicTemplate.shadergraph - Importer: ScriptedImporter/UnityEditor.QuickSearchModule:UnityEditor.Search:ASIAI0B
Importing 'GUID: 0738648e2f2f84b489a2f0076b69e30a - Path: Packages/com.unity.render-pipelines.universal/Editor/ShaderGraph/GraphTemplates/UITKBasicTemplate.shadergraph - Importer: ScriptedImporter/UnityEditor.QuickSearchModule:UnityEditor.Search:ASIAI0B' with importer (ScriptedImporter : UnityEditor.QuickSearchModule:UnityEditor.Search:ASIAI0B)
Imported 'GUID: 0738648e2f2f84b489a2f0076b69e30a' -> (Import Result ID: '509ce0e3a84c044ffc4f3e9c6011e1f5') in 0.008 seconds [static and dynamic dependencies]. Details - ImportResultOutputID=c02a68b79d2cedbc5074bf63d67ff6bd DependenciesID=95d99d1ab81f6afd6977704715a71b92 StaticDependenciesID=8afe27628a1cd8e4e53f79191c170f31 
Number of updated asset objects reloaded before import = 0
Number of asset objects unloaded after import = 5
========================================================================
Received Import Request.
  Time of request: 2026-10-01T08:15:32.1547649Z
  Time since last request: 0.0004066 seconds.
  importAddress: GUID: f6cdcb0f9c306bf4895b74013d29ed47 - Path: Packages/com.unity.render-pipelines.universal/Editor/ShaderGraph/Targets/UniversalDecalSubTarget.cs - Importer: ScriptedImporter/UnityEditor.QuickSearchModule:UnityEditor.Search:ASIAI0B
Importing 'GUID: f6cdcb0f9c306bf4895b74013d29ed47 - Path: Packages/com.unity.render-pipelines.universal/Editor/ShaderGraph/Targets/UniversalDecalSubTarget.cs - Importer: ScriptedImporter/UnityEditor.QuickSearchModule:UnityEditor.Search:ASIAI0B' with importer (ScriptedImporter : UnityEditor.QuickSearchModule:UnityEditor.Search:ASIAI0B)
Imported 'GUID: f6cdcb0f9c306bf4895b74013d29ed47' -> (Import Result ID: 'eb548ec46ac28dc0a8215769ee4d4148') in 0.003 seconds [static and dynamic dependencies]. Details - ImportResultOutputID=15bb28be11147fe2b2d34d890661fa7d DependenciesID=fc3bffa4b4eedb39ddefe99264bd92c8 StaticDependenciesID=7d2757a8883deb4a0ed8ae97eb015d9f 
Number of updated asset objects reloaded before import = 0
Number of asset objects unloaded after import = 0
========================================================================
Received Import Request.
  Time of request: 2026-10-01T08:15:32.1677116Z
  Time since last request: 0.0003434 seconds.
  importAddress: GUID: fb4cc07de95d2c14bbd0d0a735e84eb0 - Path: Packages/com.unity.render-pipelines.universal/Editor/ShaderGraph/AssetCallbacks/CreateTerrainShaderGraph.cs - Importer: ScriptedImporter/UnityEditor.QuickSearchModule:UnityEditor.Search:ASIAI0B
Importing 'GUID: fb4cc07de95d2c14bbd0d0a735e84eb0 - Path: Packages/com.unity.render-pipelines.universal/Editor/ShaderGraph/AssetCallbacks/CreateTerrainShaderGraph.cs - Importer: ScriptedImporter/UnityEditor.QuickSearchModule:UnityEditor.Search:ASIAI0B' with importer (ScriptedImporter : UnityEditor.QuickSearchModule:UnityEditor.Search:ASIAI0B)
Imported 'GUID: fb4cc07de95d2c14bbd0d0a735e84eb0' -> (Import Result ID: '72f1546460659e7075545111b45f229f') in 0.002 seconds [static and dynamic dependencies]. Details - ImportResultOutputID=d41067c3c962954e55106d7afd504d2f DependenciesID=b61ca60d0ff2a48474663b1b72de71a7 StaticDependenciesID=22ed3f34cb944a73d2083e8826abdd9c 
Number of updated asset objects reloaded before import = 0
Number of asset objects unloaded after import = 0
========================================================================
Received Import Request.
  Time of request: 2026-10-01T08:15:32.1788994Z
  Time since last request: 0.0003355 seconds.
  importAddress: GUID: b33851187d4324530b9f7abfe14d0137 - Path: Packages/com.unity.render-pipelines.universal/Editor/ShaderGUI/ShadingModels/LitGUI.cs - Importer: ScriptedImporter/UnityEditor.QuickSearchModule:UnityEditor.Search:ASIAI0B
Importing 'GUID: b33851187d4324530b9f7abfe14d0137 - Path: Packages/com.unity.render-pipelines.universal/Editor/ShaderGUI/ShadingModels/LitGUI.cs - Importer: ScriptedImporter/UnityEditor.QuickSearchModule:UnityEditor.Search:ASIAI0B' with importer (ScriptedImporter : UnityEditor.QuickSearchModule:UnityEditor.Search:ASIAI0B)
Imported 'GUID: b33851187d4324530b9f7abfe14d0137' -> (Import Result ID: '1ff6e4957eee26d6a16f7117451fe7d2') in 0.002 seconds [static and dynamic dependencies]. Details - ImportResultOutputID=72cb2ea4ad8c5f062e28836c038d1244 DependenciesID=84ce5778f373341d1fabd43ae1eb66af StaticDependenciesID=25772a171414bd45e4e9769a6b007cba 
Number of updated asset objects reloaded before import = 0
Number of asset objects unloaded after import = 0
========================================================================
Received Import Request.
  Time of request: 2026-10-01T08:15:32.1902484Z
  Time since last request: 0.0003322 seconds.
  importAddress: GUID: 3d80ff2d19402463c8a2a52558deaf43 - Path: Packages/com.unity.render-pipelines.universal/Editor/ShaderGUI/Shaders/ParticlesSimpleLitShader.cs - Importer: ScriptedImporter/UnityEditor.QuickSearchModule:UnityEditor.Search:ASIAI0B
Importing 'GUID: 3d80ff2d19402463c8a2a52558deaf43 - Path: Packages/com.unity.render-pipelines.universal/Editor/ShaderGUI/Shaders/ParticlesSimpleLitShader.cs - Importer: ScriptedImporter/UnityEditor.QuickSearchModule:UnityEditor.Search:ASIAI0B' with importer (ScriptedImporter : UnityEditor.QuickSearchModule:UnityEditor.Search:ASIAI0B)
Imported 'GUID: 3d80ff2d19402463c8a2a52558deaf43' -> (Import Result ID: 'ffe9619fc585c60365200198c4250a8f') in 0.002 seconds [static and dynamic dependencies]. Details - ImportResultOutputID=05b12eb90a024ea5f7f45889b2dc3a15 DependenciesID=1956a8b2a03c2df9618a9ce11f68dbfe StaticDependenciesID=ff80ea68b5e4f105f51fa7cbd2ac56a8 
Number of updated asset objects reloaded before import = 0
Number of asset objects unloaded after import = 0
========================================================================
Received Import Request.
  Time of request: 2026-10-01T08:15:32.2007531Z
  Time since last request: 0.000322 seconds.
  importAddress: GUID: 84e6c97ce450449128b4f193da9c0263 - Path: Packages/com.unity.render-pipelines.universal/Editor/ShaderGUI/Shaders/ParticlesUnlitShader.cs - Importer: ScriptedImporter/UnityEditor.QuickSearchModule:UnityEditor.Search:ASIAI0B
Importing 'GUID: 84e6c97ce450449128b4f193da9c0263 - Path: Packages/com.unity.render-pipelines.universal/Editor/ShaderGUI/Shaders/ParticlesUnlitShader.cs - Importer: ScriptedImporter/UnityEditor.QuickSearchModule:UnityEditor.Search:ASIAI0B' with importer (ScriptedImporter : UnityEditor.QuickSearchModule:UnityEditor.Search:ASIAI0B)
Imported 'GUID: 84e6c97ce450449128b4f193da9c0263' -> (Import Result ID: '2d92cf8bb840e877b978fbf99b5fdb3b') in 0.002 seconds [static and dynamic dependencies]. Details - ImportResultOutputID=ce8fb0edd66a9f32328ffff2a15d7573 DependenciesID=45cb1e6f3a802500095bae94728fe48a StaticDependenciesID=3d4a1b0f562b90950f27510d959b32a6 
Number of updated asset objects reloaded before import = 0
Number of asset objects unloaded after import = 0
========================================================================
Received Import Request.
  Time of request: 2026-10-01T08:15:32.2170535Z
  Time since last request: 0.0064838 seconds.
  importAddress: GUID: 704a37a0ce184459805c0b7719a25a60 - Path: Packages/com.unity.render-pipelines.universal/Runtime/2D/Lights/Light2DCullResult.cs - Importer: ScriptedImporter/UnityEditor.QuickSearchModule:UnityEditor.Search:ASIAI0B
Importing 'GUID: 704a37a0ce184459805c0b7719a25a60 - Path: Packages/com.unity.render-pipelines.universal/Runtime/2D/Lights/Light2DCullResult.cs - Importer: ScriptedImporter/UnityEditor.QuickSearchModule:UnityEditor.Search:ASIAI0B' with importer (ScriptedImporter : UnityEditor.QuickSearchModule:UnityEditor.Search:ASIAI0B)
Imported 'GUID: 704a37a0ce184459805c0b7719a25a60' -> (Import Result ID: 'ab3cd83778718540ec71308d2c00f37f') in 0.002 seconds [static and dynamic dependencies]. Details - ImportResultOutputID=5b2d2cc26d2df05907e37b85c61b982a DependenciesID=1adbc9e9dcf2b50f93058c7d28334fb3 StaticDependenciesID=03b08de6661431396c3c15f5bd169d3a 
Number of updated asset objects reloaded before import = 0
Number of asset objects unloaded after import = 0
========================================================================
Received Import Request.
  Time of request: 2026-10-01T08:15:32.2283644Z
  Time since last request: 0.0004312 seconds.
  importAddress: GUID: b182b2f5194c5574eb1983f8bb8b3d04 - Path: Packages/com.unity.render-pipelines.universal/Editor/VFXGraph/Shaders/VFXLit.template - Importer: ScriptedImporter/UnityEditor.QuickSearchModule:UnityEditor.Search:ASIAI0B
Importing 'GUID: b182b2f5194c5574eb1983f8bb8b3d04 - Path: Packages/com.unity.render-pipelines.universal/Editor/VFXGraph/Shaders/VFXLit.template - Importer: ScriptedImporter/UnityEditor.QuickSearchModule:UnityEditor.Search:ASIAI0B' with importer (ScriptedImporter : UnityEditor.QuickSearchModule:UnityEditor.Search:ASIAI0B)
Imported 'GUID: b182b2f5194c5574eb1983f8bb8b3d04' -> (Import Result ID: '8cb0d176cfd03c529be99ad129015859') in 0.003 seconds [static and dynamic dependencies]. Details - ImportResultOutputID=04eea38cb41dbda128cb7a3bf4bfbdf4 DependenciesID=02d858cf8e8f509e41eba3aafa48c3cd StaticDependenciesID=d748ef017e92f997d8efef1c873ea5df 
Number of updated asset objects reloaded before import = 0
Number of asset objects unloaded after import = 1
========================================================================
Received Import Request.
  Time of request: 2026-10-01T08:15:32.2393601Z
  Time since last request: 0.0001579 seconds.
  importAddress: GUID: 074e9a8a8d8919e469b8dd79c7dc69a9 - Path: Packages/com.unity.render-pipelines.universal/Runtime/2D/Lights/Light2DShape.cs - Importer: ScriptedImporter/UnityEditor.QuickSearchModule:UnityEditor.Search:ASIAI0B
Importing 'GUID: 074e9a8a8d8919e469b8dd79c7dc69a9 - Path: Packages/com.unity.render-pipelines.universal/Runtime/2D/Lights/Light2DShape.cs - Importer: ScriptedImporter/UnityEditor.QuickSearchModule:UnityEditor.Search:ASIAI0B' with importer (ScriptedImporter : UnityEditor.QuickSearchModule:UnityEditor.Search:ASIAI0B)
Imported 'GUID: 074e9a8a8d8919e469b8dd79c7dc69a9' -> (Import Result ID: '421d82b6c3461dfb02f51923c68671c1') in 0.002 seconds [static and dynamic dependencies]. Details - ImportResultOutputID=04f47ab646a4dbb5da8b81b72b3c7cf3 DependenciesID=c894c6ef1f5391c0b4610c8eaaf84b79 StaticDependenciesID=f2e932cc2d827c0502ee23637b8093f2 
Number of updated asset objects reloaded before import = 0
Number of asset objects unloaded after import = 0
========================================================================
Received Import Request.
  Time of request: 2026-10-01T08:15:32.2494011Z
  Time since last request: 0.0005014 seconds.
  importAddress: GUID: 8fe5351dffe46e648adb2abd7a167ce7 - Path: Packages/com.unity.render-pipelines.universal/Editor/Tools/MaterialUpgrader/UpgradeCommon.cs - Importer: ScriptedImporter/UnityEditor.QuickSearchModule:UnityEditor.Search:ASIAI0B
Importing 'GUID: 8fe5351dffe46e648adb2abd7a167ce7 - Path: Packages/com.unity.render-pipelines.universal/Editor/Tools/MaterialUpgrader/UpgradeCommon.cs - Importer: ScriptedImporter/UnityEditor.QuickSearchModule:UnityEditor.Search:ASIAI0B' with importer (ScriptedImporter : UnityEditor.QuickSearchModule:UnityEditor.Search:ASIAI0B)
Imported 'GUID: 8fe5351dffe46e648adb2abd7a167ce7' -> (Import Result ID: '554ce7113e48536330f30bf50e09549b') in 0.002 seconds [static and dynamic dependencies]. Details - ImportResultOutputID=d68de8228e435502404c5094e712f2a3 DependenciesID=9aaedd33bd050fadd9d16f16e7641e7e StaticDependenciesID=5fb2bdee954a89d714a4854787d5e1eb 
Number of updated asset objects reloaded before import = 0
Number of asset objects unloaded after import = 0
========================================================================
Received Import Request.
  Time of request: 2026-10-01T08:15:32.2592399Z
  Time since last request: 0.0002487 seconds.
  importAddress: GUID: fd90885134624894ba845bbc692698a0 - Path: Packages/com.unity.render-pipelines.universal/Runtime/2D/Lights/LightUtility.cs - Importer: ScriptedImporter/UnityEditor.QuickSearchModule:UnityEditor.Search:ASIAI0B
Importing 'GUID: fd90885134624894ba845bbc692698a0 - Path: Packages/com.unity.render-pipelines.universal/Runtime/2D/Lights/LightUtility.cs - Importer: ScriptedImporter/UnityEditor.QuickSearchModule:UnityEditor.Search:ASIAI0B' with importer (ScriptedImporter : UnityEditor.QuickSearchModule:UnityEditor.Search:ASIAI0B)
Imported 'GUID: fd90885134624894ba845bbc692698a0' -> (Import Result ID: '4418ce08857c7895553156d49e8f9a4e') in 0.002 seconds [static and dynamic dependencies]. Details - ImportResultOutputID=c6c2ffd1694589ae6687d1d6b50b3598 DependenciesID=f7ac77059eda53e78a1efa381edbc548 StaticDependenciesID=96a67d9751b116e4a54befda16f49b7b 
Number of updated asset objects reloaded before import = 0
Number of asset objects unloaded after import = 0
========================================================================
Received Import Request.
  Time of request: 2026-10-01T08:15:32.271882Z
  Time since last request: 0.0002495 seconds.
  importAddress: GUID: 38f48a8d66b2adc46887f23a3a88ac01 - Path: Packages/com.unity.render-pipelines.universal/Runtime/2D/Shadows/CompositeShadowCaster2D.cs - Importer: ScriptedImporter/UnityEditor.QuickSearchModule:UnityEditor.Search:ASIAI0B
Importing 'GUID: 38f48a8d66b2adc46887f23a3a88ac01 - Path: Packages/com.unity.render-pipelines.universal/Runtime/2D/Shadows/CompositeShadowCaster2D.cs - Importer: ScriptedImporter/UnityEditor.QuickSearchModule:UnityEditor.Search:ASIAI0B' with importer (ScriptedImporter : UnityEditor.QuickSearchModule:UnityEditor.Search:ASIAI0B)
Imported 'GUID: 38f48a8d66b2adc46887f23a3a88ac01' -> (Import Result ID: 'f913c21c3c71c6d69783b8075346dbe1') in 0.002 seconds [static and dynamic dependencies]. Details - ImportResultOutputID=4b6d160fe20896eab9cc826cc5f3902e DependenciesID=9197a6076daebc774ed4b7090cbdec5d StaticDependenciesID=e2427fda99dd914389c9a38ae64e504f 
Number of updated asset objects reloaded before import = 0
Number of asset objects unloaded after import = 0
========================================================================
Received Import Request.
  Time of request: 2026-10-01T08:15:32.305473Z
  Time since last request: 0.0228409 seconds.
  importAddress: GUID: a2a23360f57994b0d825d87e4ce62755 - Path: Packages/com.unity.render-pipelines.universal/Runtime/Passes/PostProcess/SmaaPostProcessPass.cs - Importer: ScriptedImporter/UnityEditor.QuickSearchModule:UnityEditor.Search:ASIAI0B
Importing 'GUID: a2a23360f57994b0d825d87e4ce62755 - Path: Packages/com.unity.render-pipelines.universal/Runtime/Passes/PostProcess/SmaaPostProcessPass.cs - Importer: ScriptedImporter/UnityEditor.QuickSearchModule:UnityEditor.Search:ASIAI0B' with importer (ScriptedImporter : UnityEditor.QuickSearchModule:UnityEditor.Search:ASIAI0B)
Imported 'GUID: a2a23360f57994b0d825d87e4ce62755' -> (Import Result ID: '4b5215287f3fea5d3355bb12347048ee') in 0.002 seconds [static and dynamic dependencies]. Details - ImportResultOutputID=ea0eae780e2e9ed8e75ede2e48124633 DependenciesID=39daa380f862f92b4d0cbd1728c7f5d0 StaticDependenciesID=23c6035635671db19ed0bd25b45104c8 
Number of updated asset objects reloaded before import = 0
Number of asset objects unloaded after import = 0
========================================================================
Received Import Request.
  Time of request: 2026-10-01T08:15:32.3150452Z
  Time since last request: 0.0003813 seconds.
  importAddress: GUID: 3fce2db4cb62a33459ea6809881ae780 - Path: Packages/com.unity.render-pipelines.universal/Runtime/2D/Sources/Provider2DSource.cs - Importer: ScriptedImporter/UnityEditor.QuickSearchModule:UnityEditor.Search:ASIAI0B
Importing 'GUID: 3fce2db4cb62a33459ea6809881ae780 - Path: Packages/com.unity.render-pipelines.universal/Runtime/2D/Sources/Provider2DSource.cs - Importer: ScriptedImporter/UnityEditor.QuickSearchModule:UnityEditor.Search:ASIAI0B' with importer (ScriptedImporter : UnityEditor.QuickSearchModule:UnityEditor.Search:ASIAI0B)
Imported 'GUID: 3fce2db4cb62a33459ea6809881ae780' -> (Import Result ID: '45d094358677c94529432181bab37c86') in 0.002 seconds [static and dynamic dependencies]. Details - ImportResultOutputID=bfc568e832e89992d72945cb32dc3131 DependenciesID=f849d9f60b500c845fe0d85f1beb8ccf StaticDependenciesID=537410e8cb1d4bb41d1e7da021bda016 
Number of updated asset objects reloaded before import = 0
Number of asset objects unloaded after import = 0
========================================================================
Received Import Request.
  Time of request: 2026-10-01T08:15:32.3250265Z
  Time since last request: 0.0004374 seconds.
  importAddress: GUID: 389e75599c6f47399ec151a887fef961 - Path: Packages/com.unity.render-pipelines.universal/Runtime/Passes/PostProcess/PostProcessPass.cs - Importer: ScriptedImporter/UnityEditor.QuickSearchModule:UnityEditor.Search:ASIAI0B
Importing 'GUID: 389e75599c6f47399ec151a887fef961 - Path: Packages/com.unity.render-pipelines.universal/Runtime/Passes/PostProcess/PostProcessPass.cs - Importer: ScriptedImporter/UnityEditor.QuickSearchModule:UnityEditor.Search:ASIAI0B' with importer (ScriptedImporter : UnityEditor.QuickSearchModule:UnityEditor.Search:ASIAI0B)
Imported 'GUID: 389e75599c6f47399ec151a887fef961' -> (Import Result ID: '2dddb25b02746ebe6b4e1e8c8fee6912') in 0.002 seconds [static and dynamic dependencies]. Details - ImportResultOutputID=41d4ce2e297640b9c6f4f9ab66dc7bf1 DependenciesID=5a848772b88f7c8acd4315779bdce6cf StaticDependenciesID=823275b9fa867feb7140a602e8a478fd 
Number of updated asset objects reloaded before import = 0
Number of asset objects unloaded after import = 0
========================================================================
Received Import Request.
  Time of request: 2026-10-01T08:15:32.3355561Z
  Time since last request: 0.0005171 seconds.
  importAddress: GUID: 28969cfddd9ef3f4e94b971690146a4f - Path: Packages/com.unity.render-pipelines.universal/Runtime/MipGen/Shaders/ColorPyramid.compute - Importer: ScriptedImporter/UnityEditor.QuickSearchModule:UnityEditor.Search:ASIAI0B
Importing 'GUID: 28969cfddd9ef3f4e94b971690146a4f - Path: Packages/com.unity.render-pipelines.universal/Runtime/MipGen/Shaders/ColorPyramid.compute - Importer: ScriptedImporter/UnityEditor.QuickSearchModule:UnityEditor.Search:ASIAI0B' with importer (ScriptedImporter : UnityEditor.QuickSearchModule:UnityEditor.Search:ASIAI0B)
Imported 'GUID: 28969cfddd9ef3f4e94b971690146a4f' -> (Import Result ID: '3bae8debb56331450d2b1e58539120cc') in 0.002 seconds [static and dynamic dependencies]. Details - ImportResultOutputID=059873cd0261bb08898d9e693fbdd3d4 DependenciesID=a26405c8f49df705b99d2c3ca7c80286 StaticDependenciesID=3ae2ddd348c28a6bf22f1ffd6b817b0f 
Number of updated asset objects reloaded before import = 0
Number of asset objects unloaded after import = 1
========================================================================
Received Import Request.
  Time of request: 2026-10-01T08:15:32.3472402Z
  Time since last request: 0.0004674 seconds.
  importAddress: GUID: 50b950943744ab94c835f03c29638265 - Path: Packages/com.unity.render-pipelines.universal/Runtime/Passes/ScreenSpaceAmbientOcclusion/GTAOPass.cs - Importer: ScriptedImporter/UnityEditor.QuickSearchModule:UnityEditor.Search:ASIAI0B
Importing 'GUID: 50b950943744ab94c835f03c29638265 - Path: Packages/com.unity.render-pipelines.universal/Runtime/Passes/ScreenSpaceAmbientOcclusion/GTAOPass.cs - Importer: ScriptedImporter/UnityEditor.QuickSearchModule:UnityEditor.Search:ASIAI0B' with importer (ScriptedImporter : UnityEditor.QuickSearchModule:UnityEditor.Search:ASIAI0B)
Imported 'GUID: 50b950943744ab94c835f03c29638265' -> (Import Result ID: '26a797d221a519ecd27f8b50d1440556') in 0.002 seconds [static and dynamic dependencies]. Details - ImportResultOutputID=3c3ac90af4a47eecce2e429b04480a69 DependenciesID=fbee6f2d6d19aec056b38cb649de4b39 StaticDependenciesID=912981e25fc8c2a71c2849497cbace2f 
Number of updated asset objects reloaded before import = 0
Number of asset objects unloaded after import = 0
========================================================================
Received Import Request.
  Time of request: 2026-10-01T08:15:32.3586645Z
  Time since last request: 0.0005183 seconds.
  importAddress: GUID: 013fd020dbca2ff4aa86ad4cf51ab0ef - Path: Packages/com.unity.render-pipelines.universal/Runtime/2D/Sources/Shadow2DSource_ShapeEditor.cs - Importer: ScriptedImporter/UnityEditor.QuickSearchModule:UnityEditor.Search:ASIAI0B
Importing 'GUID: 013fd020dbca2ff4aa86ad4cf51ab0ef - Path: Packages/com.unity.render-pipelines.universal/Runtime/2D/Sources/Shadow2DSource_ShapeEditor.cs - Importer: ScriptedImporter/UnityEditor.QuickSearchModule:UnityEditor.Search:ASIAI0B' with importer (ScriptedImporter : UnityEditor.QuickSearchModule:UnityEditor.Search:ASIAI0B)
Imported 'GUID: 013fd020dbca2ff4aa86ad4cf51ab0ef' -> (Import Result ID: 'b96698c40fc6d3ad505144da9a5d15c5') in 0.002 seconds [static and dynamic dependencies]. Details - ImportResultOutputID=a40c1abb0bcbeb6d85ca781685b577e0 DependenciesID=80fff827cb6daa238de0d4f70ee534c6 StaticDependenciesID=aa2480766aacbdb8ad3912b3ce0c30e5 
Number of updated asset objects reloaded before import = 0
Number of asset objects unloaded after import = 0
========================================================================
Received Import Request.
  Time of request: 2026-10-01T08:15:32.3694845Z
  Time since last request: 0.0004071 seconds.
  importAddress: GUID: 421501d8e4bd2014dbd1dbe80ec2bb5a - Path: Packages/com.unity.render-pipelines.universal/Runtime/RendererFeatures/SurfaceCacheGIRendererFeature/FallbackMaterial.shader - Importer: ScriptedImporter/UnityEditor.QuickSearchModule:UnityEditor.Search:ASIAI0B
Importing 'GUID: 421501d8e4bd2014dbd1dbe80ec2bb5a - Path: Packages/com.unity.render-pipelines.universal/Runtime/RendererFeatures/SurfaceCacheGIRendererFeature/FallbackMaterial.shader - Importer: ScriptedImporter/UnityEditor.QuickSearchModule:UnityEditor.Search:ASIAI0B' with importer (ScriptedImporter : UnityEditor.QuickSearchModule:UnityEditor.Search:ASIAI0B)
Imported 'GUID: 421501d8e4bd2014dbd1dbe80ec2bb5a' -> (Import Result ID: '29b7cfc4ddf56dccedbe852eea574d19') in 0.002 seconds [static and dynamic dependencies]. Details - ImportResultOutputID=8a5d42b11479345b8770e1fb62090eb0 DependenciesID=31776a703fcf1dc6a97a679f2fe39a18 StaticDependenciesID=f6d49df2166d0b293d7357610ab756b9 
Number of updated asset objects reloaded before import = 0
Number of asset objects unloaded after import = 1
========================================================================
Received Import Request.
  Time of request: 2026-10-01T08:15:32.392189Z
  Time since last request: 0.011308 seconds.
  importAddress: GUID: e707208f874722b45a81cf2f59f81458 - Path: Packages/com.unity.render-pipelines.universal/Shaders/2D/Include/2DCommon.hlsl - Importer: ScriptedImporter/UnityEditor.QuickSearchModule:UnityEditor.Search:ASIAI0B
Importing 'GUID: e707208f874722b45a81cf2f59f81458 - Path: Packages/com.unity.render-pipelines.universal/Shaders/2D/Include/2DCommon.hlsl - Importer: ScriptedImporter/UnityEditor.QuickSearchModule:UnityEditor.Search:ASIAI0B' with importer (ScriptedImporter : UnityEditor.QuickSearchModule:UnityEditor.Search:ASIAI0B)
Imported 'GUID: e707208f874722b45a81cf2f59f81458' -> (Import Result ID: '545643491871548fb8ecd9ee1177a73e') in 0.003 seconds [static and dynamic dependencies]. Details - ImportResultOutputID=ed88f3115f6cace593c1cf8ca814661a DependenciesID=51b598d8cc35d5d87a89ba94d4285070 StaticDependenciesID=e5a4b3dbdf77e0395f1803a4cc95a5ae 
Number of updated asset objects reloaded before import = 0
Number of asset objects unloaded after import = 1
========================================================================
Received Import Request.
  Time of request: 2026-10-01T08:15:32.4045381Z
  Time since last request: 0.0003537 seconds.
  importAddress: GUID: b9c3f97797bd9374cb2607614554fe54 - Path: Packages/com.unity.render-pipelines.universal/Shaders/2D/Include/NormalsRenderingShared.hlsl - Importer: ScriptedImporter/UnityEditor.QuickSearchModule:UnityEditor.Search:ASIAI0B
Importing 'GUID: b9c3f97797bd9374cb2607614554fe54 - Path: Packages/com.unity.render-pipelines.universal/Shaders/2D/Include/NormalsRenderingShared.hlsl - Importer: ScriptedImporter/UnityEditor.QuickSearchModule:UnityEditor.Search:ASIAI0B' with importer (ScriptedImporter : UnityEditor.QuickSearchModule:UnityEditor.Search:ASIAI0B)
Imported 'GUID: b9c3f97797bd9374cb2607614554fe54' -> (Import Result ID: '1c69e877bbfcf99cb37fd5efd60056d9') in 0.002 seconds [static and dynamic dependencies]. Details - ImportResultOutputID=3235cd07ca7d6d38c496a11d3766756c DependenciesID=14f7eac0a1f1b5205a9176c451c9ba0b StaticDependenciesID=b0252294a29a8630932038f315d06d42 
Number of updated asset objects reloaded before import = 0
Number of asset objects unloaded after import = 1
========================================================================
Received Import Request.
  Time of request: 2026-10-01T08:15:32.4156702Z
  Time since last request: 0.0002581 seconds.
  importAddress: GUID: e7b20d8e594294f4380ea14212e1b042 - Path: Packages/com.unity.render-pipelines.universal/Tests/Editor/PostProcessDataTests/PostProcessData BloomPS Different.asset - Importer: ScriptedImporter/UnityEditor.QuickSearchModule:UnityEditor.Search:ASIAI0B
Importing 'GUID: e7b20d8e594294f4380ea14212e1b042 - Path: Packages/com.unity.render-pipelines.universal/Tests/Editor/PostProcessDataTests/PostProcessData BloomPS Different.asset - Importer: ScriptedImporter/UnityEditor.QuickSearchModule:UnityEditor.Search:ASIAI0B' with importer (ScriptedImporter : UnityEditor.QuickSearchModule:UnityEditor.Search:ASIAI0B)
Imported 'GUID: e7b20d8e594294f4380ea14212e1b042' -> (Import Result ID: '43ad88ee7c5d8b402513771d8a4ed937') in 0.015 seconds [static and dynamic dependencies]. Details - ImportResultOutputID=062f9af6427959d80ee665a8c6d1d11d DependenciesID=ec47bef86812f5c416534a70579e93e0 StaticDependenciesID=9fe94cbb9bff702657e14cafc9dc3bda 
Number of updated asset objects reloaded before import = 0
Number of asset objects unloaded after import = 45
========================================================================
Received Import Request.
  Time of request: 2026-10-01T08:15:32.4602625Z
  Time since last request: 0.0220598 seconds.
  importAddress: GUID: 68e5bb6e60bebc046b26d3c3100a523b - Path: Packages/com.unity.render-pipelines.universal/Editor/2D/Resources/InspectorIcons/FreeformLight.png - Importer: ScriptedImporter/UnityEditor.QuickSearchModule:UnityEditor.Search:ASIAI0B
Importing 'GUID: 68e5bb6e60bebc046b26d3c3100a523b - Path: Packages/com.unity.render-pipelines.universal/Editor/2D/Resources/InspectorIcons/FreeformLight.png - Importer: ScriptedImporter/UnityEditor.QuickSearchModule:UnityEditor.Search:ASIAI0B' with importer (ScriptedImporter : UnityEditor.QuickSearchModule:UnityEditor.Search:ASIAI0B)
Imported 'GUID: 68e5bb6e60bebc046b26d3c3100a523b' -> (Import Result ID: 'b371e977b10a03d2ab959a9c705870ef') in 0.006 seconds [static and dynamic dependencies]. Details - ImportResultOutputID=b7ed4f0c93926c377392d209d962949d DependenciesID=c30d14f4fa27a6716dc1d9b2622de648 StaticDependenciesID=cf2b396395770cd2b05b182f2cfe7728 
Number of updated asset objects reloaded before import = 0
Number of asset objects unloaded after import = 1
========================================================================
Received Import Request.
  Time of request: 2026-10-01T08:15:32.4749538Z
  Time since last request: 0.0003216 seconds.
  importAddress: GUID: e1feb27120f96ae4ea48e922cbfd93da - Path: Packages/com.unity.render-pipelines.universal/Editor/2D/Resources/SceneViewIcons/PointLight.png - Importer: ScriptedImporter/UnityEditor.QuickSearchModule:UnityEditor.Search:ASIAI0B
Importing 'GUID: e1feb27120f96ae4ea48e922cbfd93da - Path: Packages/com.unity.render-pipelines.universal/Editor/2D/Resources/SceneViewIcons/PointLight.png - Importer: ScriptedImporter/UnityEditor.QuickSearchModule:UnityEditor.Search:ASIAI0B' with importer (ScriptedImporter : UnityEditor.QuickSearchModule:UnityEditor.Search:ASIAI0B)
Imported 'GUID: e1feb27120f96ae4ea48e922cbfd93da' -> (Import Result ID: 'fe140a5ef59fafbd5acec6ac4a21f8ff') in 0.005 seconds [static and dynamic dependencies]. Details - ImportResultOutputID=f08868b44480ce370cab221ac3b6c2d3 DependenciesID=0c810868c4de520d6728d314d3e3dd50 StaticDependenciesID=d8569f212c9b63a5dde156e2d5a8fd91 
Number of updated asset objects reloaded before import = 0
Number of asset objects unloaded after import = 1
========================================================================
Received Import Request.
  Time of request: 2026-10-01T08:15:32.4898921Z
  Time since last request: 0.0002578 seconds.
  importAddress: GUID: d50c5e07c9911a74982bddf7f3075e7b - Path: Packages/com.unity.render-pipelines.universal/Textures/BlueNoise16/L/LDR_LLL1_1.png - Importer: ScriptedImporter/UnityEditor.QuickSearchModule:UnityEditor.Search:ASIAI0B
Importing 'GUID: d50c5e07c9911a74982bddf7f3075e7b - Path: Packages/com.unity.render-pipelines.universal/Textures/BlueNoise16/L/LDR_LLL1_1.png - Importer: ScriptedImporter/UnityEditor.QuickSearchModule:UnityEditor.Search:ASIAI0B' with importer (ScriptedImporter : UnityEditor.QuickSearchModule:UnityEditor.Search:ASIAI0B)
Imported 'GUID: d50c5e07c9911a74982bddf7f3075e7b' -> (Import Result ID: 'f7f921fc2442f853113f959025004f72') in 0.005 seconds [static and dynamic dependencies]. Details - ImportResultOutputID=65bee2aba1aa947244922713dce2bca7 DependenciesID=ee142748492a3369c071125076fb2c85 StaticDependenciesID=7be1e8f1875a114bee68cb5b2fd2239b 
Number of updated asset objects reloaded before import = 0
Number of asset objects unloaded after import = 1
========================================================================
Received Import Request.
  Time of request: 2026-10-01T08:15:32.5056641Z
  Time since last request: 0.0003318 seconds.
  importAddress: GUID: 70d16a5f04690d74ab9b1ddcbefd47bb - Path: Packages/com.unity.render-pipelines.universal/Editor/2D/Resources/SceneViewIcons/SpriteLight.png - Importer: ScriptedImporter/UnityEditor.QuickSearchModule:UnityEditor.Search:ASIAI0B
Importing 'GUID: 70d16a5f04690d74ab9b1ddcbefd47bb - Path: Packages/com.unity.render-pipelines.universal/Editor/2D/Resources/SceneViewIcons/SpriteLight.png - Importer: ScriptedImporter/UnityEditor.QuickSearchModule:UnityEditor.Search:ASIAI0B' with importer (ScriptedImporter : UnityEditor.QuickSearchModule:UnityEditor.Search:ASIAI0B)
Imported 'GUID: 70d16a5f04690d74ab9b1ddcbefd47bb' -> (Import Result ID: 'cdcab52bc05f34b2fd6b8fa8a1953ea4') in 0.004 seconds [static and dynamic dependencies]. Details - ImportResultOutputID=abdef32089224c395ce68beecbf9183d DependenciesID=0ecfcaac935bd9f9ee97eb83ca04204e StaticDependenciesID=4365556583005cac12d27b703d09ddfd 
Number of updated asset objects reloaded before import = 0
Number of asset objects unloaded after import = 1
========================================================================
Received Import Request.
  Time of request: 2026-10-01T08:15:32.5190204Z
  Time since last request: 0.0003856 seconds.
  importAddress: GUID: c89564426827c76479d8772adb43e6e4 - Path: Packages/com.unity.render-pipelines.universal/Editor/2D/Resources/SceneViewIcons/FreeformLight.png - Importer: ScriptedImporter/UnityEditor.QuickSearchModule:UnityEditor.Search:ASIAI0B
Importing 'GUID: c89564426827c76479d8772adb43e6e4 - Path: Packages/com.unity.render-pipelines.universal/Editor/2D/Resources/SceneViewIcons/FreeformLight.png - Importer: ScriptedImporter/UnityEditor.QuickSearchModule:UnityEditor.Search:ASIAI0B' with importer (ScriptedImporter : UnityEditor.QuickSearchModule:UnityEditor.Search:ASIAI0B)
Imported 'GUID: c89564426827c76479d8772adb43e6e4' -> (Import Result ID: 'b880ace9050677e3e17364c101c3fef2') in 0.004 seconds [static and dynamic dependencies]. Details - ImportResultOutputID=cae6672763d6b967dbbfde3041d50555 DependenciesID=bfe70b93bee2ddbb6744c506a97f4074 StaticDependenciesID=7f6a4b886ce5f99a4b147917e740e928 
Number of updated asset objects reloaded before import = 0
Number of asset objects unloaded after import = 1
========================================================================
Received Import Request.
  Time of request: 2026-10-01T08:15:32.533106Z
  Time since last request: 0.0005675 seconds.
  importAddress: GUID: e957854850ccb7140a538f7a93f8761b - Path: Packages/com.unity.render-pipelines.universal/Editor/2D/Resources/InspectorIcons/ParametricLight.png - Importer: ScriptedImporter/UnityEditor.QuickSearchModule:UnityEditor.Search:ASIAI0B
Importing 'GUID: e957854850ccb7140a538f7a93f8761b - Path: Packages/com.unity.render-pipelines.universal/Editor/2D/Resources/InspectorIcons/ParametricLight.png - Importer: ScriptedImporter/UnityEditor.QuickSearchModule:UnityEditor.Search:ASIAI0B' with importer (ScriptedImporter : UnityEditor.QuickSearchModule:UnityEditor.Search:ASIAI0B)
Imported 'GUID: e957854850ccb7140a538f7a93f8761b' -> (Import Result ID: 'c7060141570c450f72d1c4b1634b7609') in 0.004 seconds [static and dynamic dependencies]. Details - ImportResultOutputID=03b2f445a55b041edb665f49137ace94 DependenciesID=40928ec7ef2caeca1b26344955ae5ef6 StaticDependenciesID=cdfbc9aead4e9979f30a95af47920733 
Number of updated asset objects reloaded before import = 0
Number of asset objects unloaded after import = 1
========================================================================
Received Import Request.
  Time of request: 2026-10-01T08:15:32.5483383Z
  Time since last request: 0.0004224 seconds.
  importAddress: GUID: 39451254daebd6d40b52899c1f1c0c1b - Path: Packages/com.unity.render-pipelines.universal/Textures/BlueNoise16/L/LDR_LLL1_6.png - Importer: ScriptedImporter/UnityEditor.QuickSearchModule:UnityEditor.Search:ASIAI0B
Importing 'GUID: 39451254daebd6d40b52899c1f1c0c1b - Path: Packages/com.unity.render-pipelines.universal/Textures/BlueNoise16/L/LDR_LLL1_6.png - Importer: ScriptedImporter/UnityEditor.QuickSearchModule:UnityEditor.Search:ASIAI0B' with importer (ScriptedImporter : UnityEditor.QuickSearchModule:UnityEditor.Search:ASIAI0B)
Imported 'GUID: 39451254daebd6d40b52899c1f1c0c1b' -> (Import Result ID: '3f01ac5495f8266c81601965ae194b6d') in 0.004 seconds [static and dynamic dependencies]. Details - ImportResultOutputID=30540c5ca0316804bf7ac98a4e31aeac DependenciesID=0f29fa8ef6f4f80d9a29a9b7f64ca524 StaticDependenciesID=27a5a37887f5ef5c1c2376d649d66bc5 
Number of updated asset objects reloaded before import = 0
Number of asset objects unloaded after import = 1
========================================================================
Received Import Request.
  Time of request: 2026-10-01T08:15:32.5637606Z
  Time since last request: 0.0003744 seconds.
  importAddress: GUID: e63eef8f54aa9dc4da9a5ac094b503b5 - Path: Packages/com.unity.render-pipelines.universal/Textures/BlueNoise16/L/LDR_LLL1_5.png - Importer: ScriptedImporter/UnityEditor.QuickSearchModule:UnityEditor.Search:ASIAI0B
Importing 'GUID: e63eef8f54aa9dc4da9a5ac094b503b5 - Path: Packages/com.unity.render-pipelines.universal/Textures/BlueNoise16/L/LDR_LLL1_5.png - Importer: ScriptedImporter/UnityEditor.QuickSearchModule:UnityEditor.Search:ASIAI0B' with importer (ScriptedImporter : UnityEditor.QuickSearchModule:UnityEditor.Search:ASIAI0B)
Imported 'GUID: e63eef8f54aa9dc4da9a5ac094b503b5' -> (Import Result ID: '03937b10ee2a8cf87a1a5a3b7ed5bc36') in 0.006 seconds [static and dynamic dependencies]. Details - ImportResultOutputID=3a8c6a7dea6f28360357afb9b1129634 DependenciesID=45ee8e24a2e2d15a092a651182b3f8fd StaticDependenciesID=7653280820722485d2e6f74a0ef22db9 
Number of updated asset objects reloaded before import = 0
Number of asset objects unloaded after import = 1
========================================================================
Received Import Request.
  Time of request: 2026-10-01T08:15:32.58484Z
  Time since last request: 0.0042891 seconds.
  importAddress: GUID: 5c847e0daeb638146931797574071502 - Path: Packages/com.unity.render-pipelines.universal/Runtime/VFXGraph/Utility/PropertyBinders/URPCameraBinder.cs - Importer: ScriptedImporter/UnityEditor.QuickSearchModule:UnityEditor.Search:ASIAI0B
Importing 'GUID: 5c847e0daeb638146931797574071502 - Path: Packages/com.unity.render-pipelines.universal/Runtime/VFXGraph/Utility/PropertyBinders/URPCameraBinder.cs - Importer: ScriptedImporter/UnityEditor.QuickSearchModule:UnityEditor.Search:ASIAI0B' with importer (ScriptedImporter : UnityEditor.QuickSearchModule:UnityEditor.Search:ASIAI0B)
Imported 'GUID: 5c847e0daeb638146931797574071502' -> (Import Result ID: '5565a14ad590ea7cdaad09d87c38200d') in 0.002 seconds [static and dynamic dependencies]. Details - ImportResultOutputID=677e29df97602e4a58c0cee50d78d2f2 DependenciesID=8fbada341696666c57f73bccf0fd8793 StaticDependenciesID=7919b48b1f8f754cc0cca8f7587c0d72 
Number of updated asset objects reloaded before import = 0
Number of asset objects unloaded after import = 0
========================================================================
Received Import Request.
  Time of request: 2026-10-01T08:15:32.5958376Z
  Time since last request: 0.0007613 seconds.
  importAddress: GUID: 995fdaab737f1d14d94e74bd8aee25e4 - Path: Packages/com.unity.render-pipelines.universal/Runtime/2D/Shadows/Shadow Provider Utility/ShadowMesh2D.cs - Importer: ScriptedImporter/UnityEditor.QuickSearchModule:UnityEditor.Search:ASIAI0B
Importing 'GUID: 995fdaab737f1d14d94e74bd8aee25e4 - Path: Packages/com.unity.render-pipelines.universal/Runtime/2D/Shadows/Shadow Provider Utility/ShadowMesh2D.cs - Importer: ScriptedImporter/UnityEditor.QuickSearchModule:UnityEditor.Search:ASIAI0B' with importer (ScriptedImporter : UnityEditor.QuickSearchModule:UnityEditor.Search:ASIAI0B)
Imported 'GUID: 995fdaab737f1d14d94e74bd8aee25e4' -> (Import Result ID: 'f07748665d8daf24c8f69543d577e3bc') in 0.002 seconds [static and dynamic dependencies]. Details - ImportResultOutputID=1aa4a7d13f3af6cde4b52558b20ac3ab DependenciesID=df4b56c7b78fc521cce0038176aaf6bd StaticDependenciesID=c4701f330cdc683c8c5787e560315756 
Number of updated asset objects reloaded before import = 0
Number of asset objects unloaded after import = 0
========================================================================
Received Import Request.
  Time of request: 2026-10-01T08:15:32.6069354Z
  Time since last request: 0.0006462 seconds.
  importAddress: GUID: b8fd50c1927bb714b8fe5141cb40f34a - Path: Packages/com.unity.render-pipelines.universal/Editor/VFXGraph/Shaders/Templates/VFXParticleDecal.template - Importer: ScriptedImporter/UnityEditor.QuickSearchModule:UnityEditor.Search:ASIAI0B
Importing 'GUID: b8fd50c1927bb714b8fe5141cb40f34a - Path: Packages/com.unity.render-pipelines.universal/Editor/VFXGraph/Shaders/Templates/VFXParticleDecal.template - Importer: ScriptedImporter/UnityEditor.QuickSearchModule:UnityEditor.Search:ASIAI0B' with importer (ScriptedImporter : UnityEditor.QuickSearchModule:UnityEditor.Search:ASIAI0B)
Imported 'GUID: b8fd50c1927bb714b8fe5141cb40f34a' -> (Import Result ID: '529d70e367beac91ef7c9cd63a10eb7e') in 0.002 seconds [static and dynamic dependencies]. Details - ImportResultOutputID=20fce8b06d588908951b642e30f9ae57 DependenciesID=0b82b5a32e670cb8f4eb81b753b65935 StaticDependenciesID=61531278856b18f306749f7188ecfc1f 
Number of updated asset objects reloaded before import = 0
Number of asset objects unloaded after import = 1
========================================================================
Received Import Request.
  Time of request: 2026-10-01T08:15:32.6180931Z
  Time since last request: 0.0003015 seconds.
  importAddress: GUID: 8813ce52b5a413e40b14da5290946105 - Path: Packages/com.unity.render-pipelines.universal/Editor/2D/ShaderGraph/Targets/Universal2DSubTargetDescriptors.cs - Importer: ScriptedImporter/UnityEditor.QuickSearchModule:UnityEditor.Search:ASIAI0B
Importing 'GUID: 8813ce52b5a413e40b14da5290946105 - Path: Packages/com.unity.render-pipelines.universal/Editor/2D/ShaderGraph/Targets/Universal2DSubTargetDescriptors.cs - Importer: ScriptedImporter/UnityEditor.QuickSearchModule:UnityEditor.Search:ASIAI0B' with importer (ScriptedImporter : UnityEditor.QuickSearchModule:UnityEditor.Search:ASIAI0B)
Imported 'GUID: 8813ce52b5a413e40b14da5290946105' -> (Import Result ID: 'ff3b28d165dc794107850a25d41f7e6a') in 0.002 seconds [static and dynamic dependencies]. Details - ImportResultOutputID=1d75b0769054f4a7eb1111bbd620f108 DependenciesID=860d8e85d3fc96ef0a8245a991566592 StaticDependenciesID=fae09ee1e07c8e461ce85caabadef25e 
Number of updated asset objects reloaded before import = 0
Number of asset objects unloaded after import = 0
========================================================================
Received Import Request.
  Time of request: 2026-10-01T08:15:32.6286545Z
  Time since last request: 0.0003307 seconds.
  importAddress: GUID: 837cbe89c0a94e149f5b494ae9c69a51 - Path: Packages/com.unity.render-pipelines.universal/Runtime/2D/Passes/Utility/LayerUtility.cs - Importer: ScriptedImporter/UnityEditor.QuickSearchModule:UnityEditor.Search:ASIAI0B
Importing 'GUID: 837cbe89c0a94e149f5b494ae9c69a51 - Path: Packages/com.unity.render-pipelines.universal/Runtime/2D/Passes/Utility/LayerUtility.cs - Importer: ScriptedImporter/UnityEditor.QuickSearchModule:UnityEditor.Search:ASIAI0B' with importer (ScriptedImporter : UnityEditor.QuickSearchModule:UnityEditor.Search:ASIAI0B)
Imported 'GUID: 837cbe89c0a94e149f5b494ae9c69a51' -> (Import Result ID: 'b1da61ac94e67428da1345c77f4ec638') in 0.001 seconds [static and dynamic dependencies]. Details - ImportResultOutputID=589f9b1d728805098c76259429294efe DependenciesID=386c04fe1d2ce7401f6e507f9f8fa742 StaticDependenciesID=8ded709fbd8d5cfe4850fbba167eb5bf 
Number of updated asset objects reloaded before import = 0
Number of asset objects unloaded after import = 0
========================================================================
Received Import Request.
  Time of request: 2026-10-01T08:15:32.6392352Z
  Time since last request: 0.0002443 seconds.
  importAddress: GUID: 89952a5e365cbf54699031f6ee002f48 - Path: Packages/com.unity.render-pipelines.universal/Editor/Tools/Converters/PPv2/PPv2ConversionIndexers.cs - Importer: ScriptedImporter/UnityEditor.QuickSearchModule:UnityEditor.Search:ASIAI0B
Importing 'GUID: 89952a5e365cbf54699031f6ee002f48 - Path: Packages/com.unity.render-pipelines.universal/Editor/Tools/Converters/PPv2/PPv2ConversionIndexers.cs - Importer: ScriptedImporter/UnityEditor.QuickSearchModule:UnityEditor.Search:ASIAI0B' with importer (ScriptedImporter : UnityEditor.QuickSearchModule:UnityEditor.Search:ASIAI0B)
Imported 'GUID: 89952a5e365cbf54699031f6ee002f48' -> (Import Result ID: '030251fc5fd78cd8ce7d3dea19dfc092') in 0.001 seconds [static and dynamic dependencies]. Details - ImportResultOutputID=e744a15ebc3efa49ba7753e9c9613e72 DependenciesID=0bd69d7f6c6ac7ce5aeb243fb598d044 StaticDependenciesID=ef595c52d8e44b571ca46018ef01f28e 
Number of updated asset objects reloaded before import = 0
Number of asset objects unloaded after import = 0
========================================================================
Received Import Request.
  Time of request: 2026-10-01T08:15:32.6513754Z
  Time since last request: 0.0003015 seconds.
  importAddress: GUID: e1c9418ea80ea1f438a3b984293b811c - Path: Packages/com.unity.render-pipelines.universal/Editor/VFXGraph/Shaders/Templates/VFXParticleMeshes.template - Importer: ScriptedImporter/UnityEditor.QuickSearchModule:UnityEditor.Search:ASIAI0B
Importing 'GUID: e1c9418ea80ea1f438a3b984293b811c - Path: Packages/com.unity.render-pipelines.universal/Editor/VFXGraph/Shaders/Templates/VFXParticleMeshes.template - Importer: ScriptedImporter/UnityEditor.QuickSearchModule:UnityEditor.Search:ASIAI0B' with importer (ScriptedImporter : UnityEditor.QuickSearchModule:UnityEditor.Search:ASIAI0B)
Imported 'GUID: e1c9418ea80ea1f438a3b984293b811c' -> (Import Result ID: '50e3c471f45cba7a5d55bcd4a294ab63') in 0.002 seconds [static and dynamic dependencies]. Details - ImportResultOutputID=b00d841ad9159b54c894af9bd5d8f103 DependenciesID=635876665a7b3f674496f2575c1db4b8 StaticDependenciesID=e5aa89bfc708d611d0c277005edbc086 
Number of updated asset objects reloaded before import = 0
Number of asset objects unloaded after import = 1
========================================================================
Received Import Request.
  Time of request: 2026-10-01T08:15:32.6765873Z
  Time since last request: 0.0149694 seconds.
  importAddress: GUID: cdf8e92f00a22414cb19f05f0e6299b8 - Path: Packages/com.unity.render-pipelines.universal/Editor/2D/Profiler/UI/U2DGraphicsHierarchyView/U2DGraphicsHierarchyView.cs - Importer: ScriptedImporter/UnityEditor.QuickSearchModule:UnityEditor.Search:ASIAI0B
Importing 'GUID: cdf8e92f00a22414cb19f05f0e6299b8 - Path: Packages/com.unity.render-pipelines.universal/Editor/2D/Profiler/UI/U2DGraphicsHierarchyView/U2DGraphicsHierarchyView.cs - Importer: ScriptedImporter/UnityEditor.QuickSearchModule:UnityEditor.Search:ASIAI0B' with importer (ScriptedImporter : UnityEditor.QuickSearchModule:UnityEditor.Search:ASIAI0B)
Imported 'GUID: cdf8e92f00a22414cb19f05f0e6299b8' -> (Import Result ID: '975c6e572098b5360aa279da489304d3') in 0.002 seconds [static and dynamic dependencies]. Details - ImportResultOutputID=3c68e487856c19c8fa1801dd97f6962a DependenciesID=4c93f6e46e333d69750906acdaeb81a4 StaticDependenciesID=323096dd4b91b2731528ca0f1a567c12 
Number of updated asset objects reloaded before import = 0
Number of asset objects unloaded after import = 0
========================================================================
Received Import Request.
  Time of request: 2026-10-01T08:15:32.71178Z
  Time since last request: 0.02334 seconds.
  importAddress: GUID: 5d1c67b3de6d65a44b641566a9d529b4 - Path: Packages/com.unity.render-pipelines.universal/Editor/Tools/Converters/PPv2/EffectConverters/MotionBlurConverter.cs - Importer: ScriptedImporter/UnityEditor.QuickSearchModule:UnityEditor.Search:ASIAI0B
Importing 'GUID: 5d1c67b3de6d65a44b641566a9d529b4 - Path: Packages/com.unity.render-pipelines.universal/Editor/Tools/Converters/PPv2/EffectConverters/MotionBlurConverter.cs - Importer: ScriptedImporter/UnityEditor.QuickSearchModule:UnityEditor.Search:ASIAI0B' with importer (ScriptedImporter : UnityEditor.QuickSearchModule:UnityEditor.Search:ASIAI0B)
Imported 'GUID: 5d1c67b3de6d65a44b641566a9d529b4' -> (Import Result ID: 'd64c9e814a7b1c8689ecb12e27f6e0c8') in 0.002 seconds [static and dynamic dependencies]. Details - ImportResultOutputID=0b0a6e1ac12e0db2f028b32a6197d2c0 DependenciesID=665f237130dde4dafaf1d41e3cb6f25f StaticDependenciesID=ed6e928e7d3a45407b450680c9975d9e 
Number of updated asset objects reloaded before import = 0
Number of asset objects unloaded after import = 0
========================================================================
Received Import Request.
  Time of request: 2026-10-01T08:15:32.7217767Z
  Time since last request: 0.0005453 seconds.
  importAddress: GUID: 40cf578c410cce34895b4a55f12d31d1 - Path: Packages/com.unity.render-pipelines.universal/Editor/VFXGraph/Shaders/Templates/ParticlePlanarPrimitivesLit/PassVelocity.template - Importer: ScriptedImporter/UnityEditor.QuickSearchModule:UnityEditor.Search:ASIAI0B
Importing 'GUID: 40cf578c410cce34895b4a55f12d31d1 - Path: Packages/com.unity.render-pipelines.universal/Editor/VFXGraph/Shaders/Templates/ParticlePlanarPrimitivesLit/PassVelocity.template - Importer: ScriptedImporter/UnityEditor.QuickSearchModule:UnityEditor.Search:ASIAI0B' with importer (ScriptedImporter : UnityEditor.QuickSearchModule:UnityEditor.Search:ASIAI0B)
Imported 'GUID: 40cf578c410cce34895b4a55f12d31d1' -> (Import Result ID: '1daf8b99ef2f7cdb7c9b016c0efe44cc') in 0.002 seconds [static and dynamic dependencies]. Details - ImportResultOutputID=e763a0167f6e59f2527218e51f50e540 DependenciesID=8514e76810fff6d05fe24456ad4ec04e StaticDependenciesID=450ecb23edeb60052a2c23bbd59b22d7 
Number of updated asset objects reloaded before import = 0
Number of asset objects unloaded after import = 1
========================================================================
Received Import Request.
  Time of request: 2026-10-01T08:15:32.7319098Z
  Time since last request: 0.0003706 seconds.
  importAddress: GUID: 526188e7c1965614aa36043f95c18390 - Path: Packages/com.unity.render-pipelines.universal/Editor/VFXGraph/Shaders/Templates/ParticleLinesSW/PassForward2D.template - Importer: ScriptedImporter/UnityEditor.QuickSearchModule:UnityEditor.Search:ASIAI0B
Importing 'GUID: 526188e7c1965614aa36043f95c18390 - Path: Packages/com.unity.render-pipelines.universal/Editor/VFXGraph/Shaders/Templates/ParticleLinesSW/PassForward2D.template - Importer: ScriptedImporter/UnityEditor.QuickSearchModule:UnityEditor.Search:ASIAI0B' with importer (ScriptedImporter : UnityEditor.QuickSearchModule:UnityEditor.Search:ASIAI0B)
Imported 'GUID: 526188e7c1965614aa36043f95c18390' -> (Import Result ID: '4e3a39d2bb0287974bba423b300bba26') in 0.002 seconds [static and dynamic dependencies]. Details - ImportResultOutputID=b7b53777b2b21f7661f52aaa4416ea20 DependenciesID=5f14401798125e83bb5e098e1e74eea7 StaticDependenciesID=5ed7e6dc10344025e11c077939c39d9b 
Number of updated asset objects reloaded before import = 0
Number of asset objects unloaded after import = 1
========================================================================
Received Import Request.
  Time of request: 2026-10-01T08:15:32.7425451Z
  Time since last request: 0.0004229 seconds.
  importAddress: GUID: fce1ffd6e78acfd4aa944af71b8a07d9 - Path: Packages/com.unity.render-pipelines.universal/Editor/Tools/Converters/PPv2/EffectConverters/PostProcessEffectSettingsConverter.cs - Importer: ScriptedImporter/UnityEditor.QuickSearchModule:UnityEditor.Search:ASIAI0B
Importing 'GUID: fce1ffd6e78acfd4aa944af71b8a07d9 - Path: Packages/com.unity.render-pipelines.universal/Editor/Tools/Converters/PPv2/EffectConverters/PostProcessEffectSettingsConverter.cs - Importer: ScriptedImporter/UnityEditor.QuickSearchModule:UnityEditor.Search:ASIAI0B' with importer (ScriptedImporter : UnityEditor.QuickSearchModule:UnityEditor.Search:ASIAI0B)
Imported 'GUID: fce1ffd6e78acfd4aa944af71b8a07d9' -> (Import Result ID: '13ec014b3571615d8ca4e692ea7095ce') in 0.002 seconds [static and dynamic dependencies]. Details - ImportResultOutputID=826c5fa7abde33603050f400ce517651 DependenciesID=85d332040b9e461602b200c5bb9ece68 StaticDependenciesID=b1dcd7e938a7d504509cfe5ce785c584 
Number of updated asset objects reloaded before import = 0
Number of asset objects unloaded after import = 0
========================================================================
Received Import Request.
  Time of request: 2026-10-01T08:15:32.7530534Z
  Time since last request: 0.0006668 seconds.
  importAddress: GUID: b1a0121f4ab34ed9a0480537b0f8e6f5 - Path: Packages/com.unity.render-pipelines.universal/Editor/VFXGraph/Shaders/Templates/URPDecal/PassDBuffer.template - Importer: ScriptedImporter/UnityEditor.QuickSearchModule:UnityEditor.Search:ASIAI0B
Importing 'GUID: b1a0121f4ab34ed9a0480537b0f8e6f5 - Path: Packages/com.unity.render-pipelines.universal/Editor/VFXGraph/Shaders/Templates/URPDecal/PassDBuffer.template - Importer: ScriptedImporter/UnityEditor.QuickSearchModule:UnityEditor.Search:ASIAI0B' with importer (ScriptedImporter : UnityEditor.QuickSearchModule:UnityEditor.Search:ASIAI0B)
Imported 'GUID: b1a0121f4ab34ed9a0480537b0f8e6f5' -> (Import Result ID: 'ea78ef34f761fc875c683823a266291c') in 0.001 seconds [static and dynamic dependencies]. Details - ImportResultOutputID=26afa4fe1917a83dd6028bcc9524f63d DependenciesID=d024d4d26c13755272a8ca416de9fb60 StaticDependenciesID=1eab47b932dad91938cb90537126648e 
Number of updated asset objects reloaded before import = 0
Number of asset objects unloaded after import = 1
========================================================================
Received Import Request.
  Time of request: 2026-10-01T08:15:32.766771Z
  Time since last request: 0.0040081 seconds.
  importAddress: GUID: 6758f1c983038e7449f699022bddab75 - Path: Packages/com.unity.graph-authoring/Editor/Unity.GraphAuthoring.Editor.asmdef - Importer: ScriptedImporter/UnityEditor.QuickSearchModule:UnityEditor.Search:ASIAI0B
Importing 'GUID: 6758f1c983038e7449f699022bddab75 - Path: Packages/com.unity.graph-authoring/Editor/Unity.GraphAuthoring.Editor.asmdef - Importer: ScriptedImporter/UnityEditor.QuickSearchModule:UnityEditor.Search:ASIAI0B' with importer (ScriptedImporter : UnityEditor.QuickSearchModule:UnityEditor.Search:ASIAI0B)
Imported 'GUID: 6758f1c983038e7449f699022bddab75' -> (Import Result ID: 'e9d3596d12229d74f5f0c82146e16cb5') in 0.002 seconds [static and dynamic dependencies]. Details - ImportResultOutputID=7dcf0cf88c3d09e3515940b6eb2a60cb DependenciesID=ec0b380b5aaba4c15e3dd8ab31607d03 StaticDependenciesID=7b3a299dc8eca724191faf8736d6a481 
Number of updated asset objects reloaded before import = 0
Number of asset objects unloaded after import = 1
========================================================================
Received Import Request.
  Time of request: 2026-10-01T08:15:32.7772636Z
  Time since last request: 0.00059 seconds.
  importAddress: GUID: 3cc1ebf2abb7fef6871ad48f499b6e21 - Path: Packages/com.unity.modules.vectorgraphics/package.ModuleCompilationTrigger - Importer: ScriptedImporter/UnityEditor.QuickSearchModule:UnityEditor.Search:ASIAI0B
Importing 'GUID: 3cc1ebf2abb7fef6871ad48f499b6e21 - Path: Packages/com.unity.modules.vectorgraphics/package.ModuleCompilationTrigger - Importer: ScriptedImporter/UnityEditor.QuickSearchModule:UnityEditor.Search:ASIAI0B' with importer (ScriptedImporter : UnityEditor.QuickSearchModule:UnityEditor.Search:ASIAI0B)
Imported 'GUID: 3cc1ebf2abb7fef6871ad48f499b6e21' -> (Import Result ID: '2408d54f1e2585c27f5d33a2436bec6a') in 0.002 seconds [static and dynamic dependencies]. Details - ImportResultOutputID=056581583c25eb94d5144c379794c44a DependenciesID=a7611574c2e980a5d0b4daa40ad8e84c StaticDependenciesID=2d34e4e9dcc8c0bd0277901bdc025c2f 
Number of updated asset objects reloaded before import = 0
Number of asset objects unloaded after import = 1
========================================================================
Received Import Request.
  Time of request: 2026-10-01T08:15:32.7875038Z
  Time since last request: 0.0004066 seconds.
  importAddress: GUID: e249558d9733962439006f1c00140d66 - Path: Packages/com.unity.graph-authoring/package.json - Importer: ScriptedImporter/UnityEditor.QuickSearchModule:UnityEditor.Search:ASIAI0B
Importing 'GUID: e249558d9733962439006f1c00140d66 - Path: Packages/com.unity.graph-authoring/package.json - Importer: ScriptedImporter/UnityEditor.QuickSearchModule:UnityEditor.Search:ASIAI0B' with importer (ScriptedImporter : UnityEditor.QuickSearchModule:UnityEditor.Search:ASIAI0B)
Imported 'GUID: e249558d9733962439006f1c00140d66' -> (Import Result ID: 'ae0e7ab7278cd44ef2e9734be5aac5bf') in 0.001 seconds [static and dynamic dependencies]. Details - ImportResultOutputID=c59c2ec146ef1c3ae586ac3711f5d484 DependenciesID=c0aa8182a25ad6ce97db74326cb41627 StaticDependenciesID=540255df905d926a6f46308a95d79c84 
Number of updated asset objects reloaded before import = 0
Number of asset objects unloaded after import = 1
========================================================================
Received Import Request.
  Time of request: 2026-10-01T08:15:32.7992034Z
  Time since last request: 0.0007888 seconds.
  importAddress: GUID: 78e5667e52329c3ceef41288763404ae - Path: Packages/com.unity.modules.vectorgraphics/package.json - Importer: ScriptedImporter/UnityEditor.QuickSearchModule:UnityEditor.Search:ASIAI0B
Importing 'GUID: 78e5667e52329c3ceef41288763404ae - Path: Packages/com.unity.modules.vectorgraphics/package.json - Importer: ScriptedImporter/UnityEditor.QuickSearchModule:UnityEditor.Search:ASIAI0B' with importer (ScriptedImporter : UnityEditor.QuickSearchModule:UnityEditor.Search:ASIAI0B)
Imported 'GUID: 78e5667e52329c3ceef41288763404ae' -> (Import Result ID: 'e13dc087fe483efb9cd0e34baff883fe') in 0.002 seconds [static and dynamic dependencies]. Details - ImportResultOutputID=cf129ec633c2e609b2169a68d72da457 DependenciesID=20574f64766b030f75559e7d604e7c69 StaticDependenciesID=f57669b0f8b09007ff9e336fd85e5b0a 
Number of updated asset objects reloaded before import = 0
Number of asset objects unloaded after import = 1
========================================================================
Received Import Request.
  Time of request: 2026-10-01T08:15:32.8227902Z
  Time since last request: 0.0140784 seconds.
  importAddress: GUID: f7250ae0d09b4f228bb132e8f30d3f6e - Path: Packages/com.unity.test-framework.performance/Runtime/Measurements/ScopeMeasurement.cs - Importer: ScriptedImporter/UnityEditor.QuickSearchModule:UnityEditor.Search:ASIAI0B
Importing 'GUID: f7250ae0d09b4f228bb132e8f30d3f6e - Path: Packages/com.unity.test-framework.performance/Runtime/Measurements/ScopeMeasurement.cs - Importer: ScriptedImporter/UnityEditor.QuickSearchModule:UnityEditor.Search:ASIAI0B' with importer (ScriptedImporter : UnityEditor.QuickSearchModule:UnityEditor.Search:ASIAI0B)
Imported 'GUID: f7250ae0d09b4f228bb132e8f30d3f6e' -> (Import Result ID: '38ce89528c810175c4076b02847fd499') in 0.002 seconds [static and dynamic dependencies]. Details - ImportResultOutputID=9d322be492d956d1ff1db1b954980d47 DependenciesID=c63de1fe64e76540e80a3a7b4a67e6fd StaticDependenciesID=f4170520b264a44ebd223306af8fdc67 
Number of updated asset objects reloaded before import = 0
Number of asset objects unloaded after import = 0
========================================================================
Received Import Request.
  Time of request: 2026-10-01T08:15:32.834308Z
  Time since last request: 0.0002344 seconds.
  importAddress: GUID: d2ec2d1228c8e67cdd913cb5609176a2 - Path: Packages/com.unity.modules.unitywebrequest/package.ModuleCompilationTrigger - Importer: ScriptedImporter/UnityEditor.QuickSearchModule:UnityEditor.Search:ASIAI0B
Importing 'GUID: d2ec2d1228c8e67cdd913cb5609176a2 - Path: Packages/com.unity.modules.unitywebrequest/package.ModuleCompilationTrigger - Importer: ScriptedImporter/UnityEditor.QuickSearchModule:UnityEditor.Search:ASIAI0B' with importer (ScriptedImporter : UnityEditor.QuickSearchModule:UnityEditor.Search:ASIAI0B)
Imported 'GUID: d2ec2d1228c8e67cdd913cb5609176a2' -> (Import Result ID: '67a0284347550816df22cfe1d89c6213') in 0.002 seconds [static and dynamic dependencies]. Details - ImportResultOutputID=ac4f9b267cf2cc5cd927219f102d1437 DependenciesID=5be1e9255c8088a2a2930781bc82a8a5 StaticDependenciesID=b3265fb9e747d6b7d3e1cf4f440b1825 
Number of updated asset objects reloaded before import = 0
Number of asset objects unloaded after import = 1
========================================================================
Received Import Request.
  Time of request: 2026-10-01T08:15:32.8448864Z
  Time since last request: 0.0006688 seconds.
  importAddress: GUID: 62eec8a012ecc7c4a8b5a38b5dc130e4 - Path: Packages/com.unity.test-framework.performance/Editor/PerformanceTestRunSaver.cs - Importer: ScriptedImporter/UnityEditor.QuickSearchModule:UnityEditor.Search:ASIAI0B
Importing 'GUID: 62eec8a012ecc7c4a8b5a38b5dc130e4 - Path: Packages/com.unity.test-framework.performance/Editor/PerformanceTestRunSaver.cs - Importer: ScriptedImporter/UnityEditor.QuickSearchModule:UnityEditor.Search:ASIAI0B' with importer (ScriptedImporter : UnityEditor.QuickSearchModule:UnityEditor.Search:ASIAI0B)
Imported 'GUID: 62eec8a012ecc7c4a8b5a38b5dc130e4' -> (Import Result ID: 'd1f8444bb2299df52e732a0b708d184c') in 0.002 seconds [static and dynamic dependencies]. Details - ImportResultOutputID=22e3d3da36efabe2d99d742c0b0fdf06 DependenciesID=e238a262d3ca615aee3e95455b7efa7b StaticDependenciesID=127ec374b611b68830dae25a4cc6d405 
Number of updated asset objects reloaded before import = 0
Number of asset objects unloaded after import = 0
========================================================================
Received Import Request.
  Time of request: 2026-10-01T08:15:32.8547909Z
  Time since last request: 0.0002315 seconds.
  importAddress: GUID: 3fdd83b151eb8d25c5e2f82fc39dcb04 - Path: Packages/com.unity.modules.unitywebrequest/package.json - Importer: ScriptedImporter/UnityEditor.QuickSearchModule:UnityEditor.Search:ASIAI0B
Importing 'GUID: 3fdd83b151eb8d25c5e2f82fc39dcb04 - Path: Packages/com.unity.modules.unitywebrequest/package.json - Importer: ScriptedImporter/UnityEditor.QuickSearchModule:UnityEditor.Search:ASIAI0B' with importer (ScriptedImporter : UnityEditor.QuickSearchModule:UnityEditor.Search:ASIAI0B)
Imported 'GUID: 3fdd83b151eb8d25c5e2f82fc39dcb04' -> (Import Result ID: '7ac6df7d8dce64496224c378a8bd6a8e') in 0.002 seconds [static and dynamic dependencies]. Details - ImportResultOutputID=543e16972827741b5cce08c5be9fe141 DependenciesID=819a7a1763f2fc2dcaee587654c36f65 StaticDependenciesID=cb272e7f1c545e34547abb8d1db412b5 
Number of updated asset objects reloaded before import = 0
Number of asset objects unloaded after import = 1
========================================================================
Received Import Request.
  Time of request: 2026-10-01T08:15:32.8659899Z
  Time since last request: 0.0004542 seconds.
  importAddress: GUID: 6ad2e365b2be44c3aedc5892edc0ae8d - Path: Packages/com.unity.test-framework.performance/Editor/TestResultsParser.cs - Importer: ScriptedImporter/UnityEditor.QuickSearchModule:UnityEditor.Search:ASIAI0B
Importing 'GUID: 6ad2e365b2be44c3aedc5892edc0ae8d - Path: Packages/com.unity.test-framework.performance/Editor/TestResultsParser.cs - Importer: ScriptedImporter/UnityEditor.QuickSearchModule:UnityEditor.Search:ASIAI0B' with importer (ScriptedImporter : UnityEditor.QuickSearchModule:UnityEditor.Search:ASIAI0B)
Imported 'GUID: 6ad2e365b2be44c3aedc5892edc0ae8d' -> (Import Result ID: 'e7d0c644e015cd7e0698173b2c65e27d') in 0.002 seconds [static and dynamic dependencies]. Details - ImportResultOutputID=e6a503cbbe0be5bb7d9cd9914bbf15cd DependenciesID=4f8d48b6a5307b60047ee916fa7fde65 StaticDependenciesID=dfe59cf24390ffbb1899001bbc3c561f 
Number of updated asset objects reloaded before import = 0
Number of asset objects unloaded after import = 0
========================================================================
Received Import Request.
  Time of request: 2026-10-01T08:15:32.8757073Z
  Time since last request: 0.0003949 seconds.
  importAddress: GUID: 451a2d412ec85674b870cfe148524e5c - Path: Packages/com.unity.test-framework.performance/Runtime/Data/Player.cs - Importer: ScriptedImporter/UnityEditor.QuickSearchModule:UnityEditor.Search:ASIAI0B
Importing 'GUID: 451a2d412ec85674b870cfe148524e5c - Path: Packages/com.unity.test-framework.performance/Runtime/Data/Player.cs - Importer: ScriptedImporter/UnityEditor.QuickSearchModule:UnityEditor.Search:ASIAI0B' with importer (ScriptedImporter : UnityEditor.QuickSearchModule:UnityEditor.Search:ASIAI0B)
Imported 'GUID: 451a2d412ec85674b870cfe148524e5c' -> (Import Result ID: '43a5555e245a46fc890bd369aa33284e') in 0.002 seconds [static and dynamic dependencies]. Details - ImportResultOutputID=8e41f744b2b7f40d5371ee92504eb2be DependenciesID=8e1aec026137e43dc9b80196ab0689f2 StaticDependenciesID=7e9755659924de90dc48ddd382a41a0c 
Number of updated asset objects reloaded before import = 0
Number of asset objects unloaded after import = 0
========================================================================
Received Import Request.
  Time of request: 2026-10-01T08:15:32.8863523Z
  Time since last request: 0.0002422 seconds.
  importAddress: GUID: 9f2b7554f46f00c488dabcaaf44ed09e - Path: Packages/com.unity.test-framework.performance/Runtime/Measurements/FramesMeasurement.cs - Importer: ScriptedImporter/UnityEditor.QuickSearchModule:UnityEditor.Search:ASIAI0B
Importing 'GUID: 9f2b7554f46f00c488dabcaaf44ed09e - Path: Packages/com.unity.test-framework.performance/Runtime/Measurements/FramesMeasurement.cs - Importer: ScriptedImporter/UnityEditor.QuickSearchModule:UnityEditor.Search:ASIAI0B' with importer (ScriptedImporter : UnityEditor.QuickSearchModule:UnityEditor.Search:ASIAI0B)
Imported 'GUID: 9f2b7554f46f00c488dabcaaf44ed09e' -> (Import Result ID: '66a49fca9b5c8e756368c8a21e6b04a0') in 0.002 seconds [static and dynamic dependencies]. Details - ImportResultOutputID=5564a113575f559d36034c08d47f6fe1 DependenciesID=ea89185e46ed0d575203cd1498a99534 StaticDependenciesID=3b0d3176644e1420471a682f4b876f98 
Number of updated asset objects reloaded before import = 0
Number of asset objects unloaded after import = 0
========================================================================
Received Import Request.
  Time of request: 2026-10-01T08:15:32.9097318Z
  Time since last request: 0.0135566 seconds.
  importAddress: GUID: 2677a59243824b90add157da8988edde - Path: Packages/com.unity.test-framework.performance/Runtime/Statistics/MeasurementsStatistics.cs - Importer: ScriptedImporter/UnityEditor.QuickSearchModule:UnityEditor.Search:ASIAI0B
Importing 'GUID: 2677a59243824b90add157da8988edde - Path: Packages/com.unity.test-framework.performance/Runtime/Statistics/MeasurementsStatistics.cs - Importer: ScriptedImporter/UnityEditor.QuickSearchModule:UnityEditor.Search:ASIAI0B' with importer (ScriptedImporter : UnityEditor.QuickSearchModule:UnityEditor.Search:ASIAI0B)
Imported 'GUID: 2677a59243824b90add157da8988edde' -> (Import Result ID: '5bfb9f3901e8a3d694713b5d2dbc3e4d') in 0.002 seconds [static and dynamic dependencies]. Details - ImportResultOutputID=e737b44c1f3f544907f1c931e6c03711 DependenciesID=98975c4afe89f8a41e1a46f89edeb5f3 StaticDependenciesID=fec60fcfb7972395968d37887015a619 
Number of updated asset objects reloaded before import = 0
Number of asset objects unloaded after import = 0
========================================================================
Received Prepare
AcceleratorClientConnectionCallback - disconnected - :0
WARNING: Shader Unsupported: 'Hidden/Universal Render Pipeline/Terrain/Lit (Base Pass)' - All subshaders removed
WARNING: Shader Did you use #pragma only_renderers and omit this platform?
WARNING: Shader If subshaders removal was intentional, you may have forgotten turning Fallback off?
WARNING: Shader Unsupported: 'Universal Render Pipeline/Terrain/Lit' - All subshaders removed
WARNING: Shader Did you use #pragma only_renderers and omit this platform?
WARNING: Shader If subshaders removal was intentional, you may have forgotten turning Fallback off?
Refreshing native plugins compatible for Editor in 7.60 ms, found 4 plugins.
Unloading 59 Unused Serialized files (Serialized files now loaded: 0)
Unloading 324 unused Assets / (5.4 MB). Loaded Objects now: 7363.
Memory consumption went from 337.7 MB to 332.3 MB.
Total: 21.701000 ms (FindLiveObjects: 1.635800 ms CreateObjectMapping: 0.316300 ms MarkObjects: 16.944500 ms  DeleteObjects: 2.040100 ms)

Prepare: number of updated asset objects reloaded= 0
Editor requested this worker to shutdown with reason: Editor is closing down
AssetImportWorkerClient::OnTransportError - code=2 error=End of file
AcceleratorClientConnectionCallback - disconnected - :0
AssetImportWorker is now disconnected from the server
Process exiting
[ExitDontLaunchBugReporter] Exiting without the bug reporter. Application will exit with return code 0
