[UnityConnectServicesConfig] Local config successfully read: "/usr/share/unity3d/config/services-config.json"
[UnityConnectServicesConfig] Service configuration:
    "servicesConfigBaseUrl": "",
    "disableServicesWindow": false,
    "disableUserLogin": false,
    "entitlementCacheTimeoutInSeconds": 60,
    "clientConnectTimeoutSec": 60,
    "clientHandshakeTimeoutSec": 30,
    "clientResolveEntitlementsTimeoutSec": 30,
    "clientUpdateLicenseTimeoutSec": 30,
    "licensingServiceBaseUrl": "",
    "enableProxyAutoconfig": "false"

Unity Editor version:    6000.6.3f1 (45d8eee7de74)
Branch:                  6000.6/staging
Build type:              Release
Batch mode:              NO
System name:             Linux
Distro version:          #1 SMP PREEMPT_DYNAMIC Sat, 26 Sep 2026 19:43:45 +0000
Kernel version:          7.2.8-1-cachyos
Architecture:            x86_64
Window Protocol:         Wayland (XWayland)
Available memory:        64047 MB
Date:                    2026-10-02T14:23:45Z
VBCSCompilerPreWarmer: watching VBCSCompiler (PID 408534)
VBCSCompilerPreWarmer: pre-warm launched (dotnet PID 408536)
VBCSCompiler prewarm took 11.27 ms
[Licensing::Module] Trying to connect to existing licensing client channel...
[Licensing::IpcConnector] Successfully connected to: "LicenseClient-mage" at "2026-10-02T14:23:45.947806Z"
[SignatureVerifier] Application signature verification not supported on this platform.
[Licensing::Client] Error: HandshakeResponse reported an error:
	ResponseCode: 505
	ResponseStatus: Unsupported protocol version '1.18.3'.
[Licensing::Module] Error: Failed to handshake to channel: "LicenseClient-mage"
[Licensing::IpcConnector] LicenseClient-mage channel disconnected successfully.
[Licensing::IpcConnector] Channel LicenseClient-mage-6000.6.3 doesn't exist
[Licensing::Module] Successfully launched the LicensingClient (PId: 408541)
[Licensing::IpcConnector] Successfully connected to: "LicenseClient-mage-6000.6.3" at "2026-10-02T14:23:46.111407Z"
[SignatureVerifier] Application signature verification not supported on this platform.
[Licensing::Client] Handshaking with LicensingClient:
  Version:                 1.18.3+d7ffd15
  Session Id:              90bae3c7a3ca4c12ae6f3fef698ef1ca
  Correlation Id:          738925bd1715f1e5c61aca61178681ec
  External correlation Id: 7575489351526664933
  Machine Id:              ff0yPQTja/m1oU2eAGX0rdG7sdg=
[Licensing::Module] Successfully connected to LicensingClient on channel: "LicenseClient-mage-6000.6.3" (connect: 0.16s, validation: 0.04s, handshake: 0.00s)
[Licensing::IpcConnector] Successfully connected to: "LicenseClient-mage-6000.6.3-notifications" at "2026-10-02T14:23:46.147585Z"
[Licensing::Module] Connected to LicensingClient (PId: 408541, launch time: 0.00, total connection time: 0.20s)
[Licensing::Client] Successfully updated the access token
[Licensing::Module] Successfully updated the access token v95RQ5uSFS...
[Licensing::Client] Successfully resolved entitlement details
[Licensing::Module] License group:
  Id: 10171631020690-UnityPersXXXX
  Product: Unity Personal
  Type: Assigned
  Expiration: Unlimited
[Licensing::Client] Successfully updated license, isAsync: True, time: 0.01
[Licensing::Client] Successfully resolved entitlement details
[Licensing::Module] Licensing Background thread has ended after 0.23s
Selected window backend: (null) 
Desktop is 2560 x 1600 @ 60 Hz
Initialize udev device monitor.

COMMAND LINE ARGUMENTS:
/home/mage/Unity/Hub/Editor/6000.6.3f1/Editor/unityhub-unity-editor-6000.6.3f1
-projectpath
/home/mage/opd-lab-2
-acceptSoftwareTermsForThisRunOnly
-useHub
-hubIPC
-cloudEnvironment
production
-licensingIpc
LicenseClient-mage
-hubSessionId
59294ffd-4dc1-4826-9cd2-be34465a8667
-accessToken
v95RQ5uSFSkjMD76eA_jeNnDL1mou12awY3c37N5yaU009f
Successfully changed project path to: /home/mage/opd-lab-2
/home/mage/opd-lab-2
[UnityMemory] Configuration Parameters - Can be set up in boot.config
    "memorysetup-temp-allocator-size-gi-baking-worker=262144"
    "memorysetup-temp-allocator-size-gi-baking-worker=262144"
    "memorysetup-temp-allocator-size-gi-baking-worker=262144"
    "memorysetup-temp-allocator-size-gi-baking-worker=262144"
    "memorysetup-temp-allocator-size-gi-baking-worker=262144"
    "memorysetup-temp-allocator-size-nav-mesh-worker=65536"
    "memorysetup-temp-allocator-size-audio-worker=65536"
    "memorysetup-temp-allocator-size-cloud-worker=32768"
    "memorysetup-temp-allocator-size-preload-manager=33554432"
    "memorysetup-remapper-allocator-initial-capacity=32768"
    "memorysetup-temp-allocator-size-gfx=262144"
    "memorysetup-allocator-temp-initial-block-size-main=262144"
    "memorysetup-allocator-temp-initial-block-size-worker=262144"
    "memorysetup-temp-allocator-size-background-worker=32768"
    "memorysetup-temp-allocator-size-job-worker=262144"
    "memorysetup-bucket-allocator-granularity=16"
    "memorysetup-bucket-allocator-bucket-count=8"
    "memorysetup-bucket-allocator-block-size=33554432"
    "memorysetup-bucket-allocator-block-count=8"
    "memorysetup-main-allocator-block-size=16777216"
    "memorysetup-thread-allocator-block-size=16777216"
    "memorysetup-main-allocator-mimalloc-enabled=1"
    "memorysetup-gfx-main-allocator-block-size=16777216"
    "memorysetup-gfx-thread-allocator-block-size=16777216"
    "memorysetup-cache-allocator-block-size=4194304"
    "memorysetup-typetree-allocator-block-size=2097152"
    "memorysetup-profiler-bucket-allocator-granularity=16"
    "memorysetup-profiler-bucket-allocator-bucket-count=8"
    "memorysetup-profiler-bucket-allocator-block-size=33554432"
    "memorysetup-profiler-bucket-allocator-block-count=8"
    "memorysetup-profiler-allocator-block-size=16777216"
    "memorysetup-profiler-editor-allocator-block-size=1048576"
    "memorysetup-temp-allocator-size-main=16777216"
    "memorysetup-job-temp-allocator-block-size=2097152"
    "memorysetup-job-temp-allocator-block-size-background=1048576"
    "memorysetup-job-temp-allocator-reduction-small-platforms=262144"
Player connection [140136815635200]  Target information:

Player connection [140136815635200]  * "[IP] 100.117.44.127 [Port] 55504 [Flags] 2 [Guid] 3499871302 [EditorId] 3499871302 [Version] 1048832 [Id] LinuxEditor(16,10.8.1.77) [Debug] 1 [PackageName] LinuxEditor [ProjectName] Editor" 

Player connection [140136815635200]  * "[IP] 10.8.1.77 [Port] 55504 [Flags] 2 [Guid] 3499871302 [EditorId] 3499871302 [Version] 1048832 [Id] LinuxEditor(16,10.8.1.77) [Debug] 1 [PackageName] LinuxEditor [ProjectName] Editor" 

Player connection [140136815635200] Host joined multi-casting on [225.0.0.222:54997]...
Player connection [140136815635200] Host joined alternative multi-casting on [225.0.0.222:34997]...
Input System module state changed to: Initialized.
[Physics::Module] Initialized fallback backend.
[Physics::Module] Id: 0xdecafbad
Initialising UDS system complete:
  - System type: Client
  - Resource namespace: ebf5b63daa3dd5fb9bc7c1f7fbbc222f
  - Shared memory size: 1073741824
  - Command buffer id: 1052624
  - Command buffer size: 8192
  - Hashmap size: 4194304
  - Service connected: false
[Package Manager] Connected to IPC stream "Upm-408409" after 0.1 seconds.
[Licensing::Client] Successfully resolved entitlement details
Library Redirect Path: Library/
Launching Unity Data Store - /home/mage/Unity/Hub/Editor/6000.6.3f1/Editor/Data/Tools/Unity.DataStore 
Unity Data Store artifact dir = Library/DataStore, working dir = /home/mage/opd-lab-2Serialized file "ProjectSettings/AudioManager.asset" contains a AudioManager object at version 1, below the supported minimum (2). Open and re-save the file to upgrade.
Serialized file "ProjectSettings/DynamicsManager.asset" contains a PhysicsManager object at version 7, below the supported minimum (13). Open and re-save the file to upgrade.
Serialized file "ProjectSettings/Physics2DSettings.asset" contains a Physics2DSettings object at version 3, below the supported minimum (4). Open and re-save the file to upgrade.
Unity Data Store running and initialised
Unsupported platform: Windows, switching to default Linux platform.
[Physics::Module] Selected backend (deferred post-plugins).
[Physics::Module] Name: PhysX
[Physics::Module] Id: 0xf2b8ea05
[Physics::Module] SDK Version: 4.1.2
[Physics::Module] Integration Version: 1.0.0
[Physics::Module] Threading Mode: Multi-Threaded
Initialize engine version: 6000.6.3f1 (45d8eee7de74)
[EntityIdStore] init: VM path (explicit commit), pageSize=4096, blockCount=1048576, entitiesPerBlock=256, slots reserved=4294967296 bytes
[Subsystems] Discovering subsystems at path /home/mage/Unity/Hub/Editor/6000.6.3f1/Editor/Data/Resources/UnitySubsystems
[Subsystems] Discovering subsystems at path /home/mage/opd-lab-2/Assets
kGfxThreadingModeThreaded is not supported on OpenGL Core. Reverting to kGfxThreadingModeDirect instead.
GfxDevice: creating device client; kGfxThreadingModeDirect
GLX Extensions: GLX_ARB_get_proc_address GLX_ARB_multisample GLX_EXT_visual_info GLX_EXT_visual_rating GLX_SGIX_fbconfig GLX_SGIX_pbuffer GLX_SGI_swap_control GLX_EXT_swap_control GLX_EXT_buffer_age GLX_ARB_create_context GLX_ARB_create_context_profile GLX_ARB_fbconfig_float GLX_EXT_fbconfig_packed_float GLX_EXT_framebuffer_sRGB GLX_NV_copy_image GLX_NV_copy_buffer GLX_EXT_create_context_es_profile GLX_EXT_create_context_es2_profile GLX_ARB_create_context_no_error GLX_ARB_create_context_robustness GLX_ARB_context_flush_control 
Renderer: NVIDIA GeForce RTX 4080 Laptop GPU/PCIe/SSE2
Vendor:   NVIDIA Corporation
Version:  4.5.0 NVIDIA 615.71.09
GLES:     0
 GL_AMD_multi_draw_indirect GL_AMD_seamless_cubemap_per_texture GL_AMD_vertex_shader_viewport_index GL_AMD_vertex_shader_layer GL_ARB_arrays_of_arrays GL_ARB_base_instance GL_ARB_bindless_texture GL_ARB_blend_func_extended GL_ARB_buffer_storage GL_ARB_clear_buffer_object GL_ARB_clear_texture GL_ARB_clip_control GL_ARB_color_buffer_float GL_ARB_compressed_texture_pixel_storage GL_ARB_conservative_depth GL_ARB_compute_shader GL_ARB_compute_variable_group_size GL_ARB_conditional_render_inverted GL_ARB_copy_buffer GL_ARB_copy_image GL_ARB_cull_distance GL_ARB_debug_output GL_ARB_depth_buffer_float GL_ARB_depth_clamp GL_ARB_depth_texture GL_ARB_derivative_control GL_ARB_direct_state_access GL_ARB_draw_buffers GL_ARB_draw_buffers_blend GL_ARB_draw_indirect GL_ARB_draw_elements_base_vertex GL_ARB_draw_instanced GL_ARB_enhanced_layouts GL_ARB_ES2_compatibility GL_ARB_ES3_compatibility GL_ARB_ES3_1_compatibility GL_ARB_ES3_2_compatibility GL_ARB_explicit_attrib_location GL_ARB_explicit_uniform_location GL_ARB_fragmen
t_coord_conventions GL_ARB_fragment_layer_viewport GL_ARB_fragment_program GL_ARB_fragment_program_shadow GL_ARB_fragment_shader GL_ARB_fragment_shader_interlock GL_ARB_framebuffer_no_attachments GL_ARB_framebuffer_object GL_ARB_framebuffer_sRGB GL_ARB_geometry_shader4 GL_ARB_get_program_binary GL_ARB_get_texture_sub_image GL_ARB_gl_spirv GL_ARB_gpu_shader5 GL_ARB_gpu_shader_fp64 GL_ARB_gpu_shader_int64 GL_ARB_half_float_pixel GL_ARB_half_float_vertex GL_ARB_imaging GL_ARB_indirect_parameters GL_ARB_instanced_arrays GL_ARB_internalformat_query GL_ARB_internalformat_query2 GL_ARB_invalidate_subdata GL_ARB_map_buffer_alignment GL_ARB_map_buffer_range GL_ARB_multi_bind GL_ARB_multi_draw_indirect GL_ARB_multisample GL_ARB_multitexture GL_ARB_occlusion_query GL_ARB_occlusion_query2 GL_ARB_parallel_shader_compile GL_ARB_pipeline_statistics_query GL_ARB_pixel_buffer_object GL_ARB_point_parameters GL_ARB_point_sprite GL_ARB_polygon_offset_clamp GL_ARB_post_depth_coverage GL_ARB_program_interface_query GL_ARB_provoki
ng_vertex GL_ARB_query_buffer_object GL_ARB_robust_buffer_access_behavior GL_ARB_robustness GL_ARB_sample_locations GL_ARB_sample_shading GL_ARB_sampler_objects GL_ARB_seamless_cube_map GL_ARB_seamless_cubemap_per_texture GL_ARB_separate_shader_objects GL_ARB_shader_atomic_counter_ops GL_ARB_shader_atomic_counters GL_ARB_shader_ballot GL_ARB_shader_bit_encoding GL_ARB_shader_clock GL_EXT_shader_realtime_clock GL_ARB_shader_draw_parameters GL_ARB_shader_group_vote GL_ARB_shader_image_load_store GL_ARB_shader_image_size GL_ARB_shader_objects GL_ARB_shader_precision GL_ARB_shader_storage_buffer_object GL_ARB_shader_subroutine GL_ARB_shader_texture_image_samples GL_ARB_shader_texture_lod GL_ARB_shading_language_100 GL_ARB_shader_viewport_layer_array GL_ARB_shading_language_420pack GL_ARB_shading_language_include GL_ARB_shading_language_packing GL_ARB_shadow GL_ARB_sparse_buffer GL_ARB_sparse_texture GL_ARB_sparse_texture2 GL_ARB_sparse_texture_clamp GL_ARB_spirv_extensions GL_ARB_stencil_texturing GL_ARB_sync GL
_ARB_tessellation_shader GL_ARB_texture_barrier GL_ARB_texture_border_clamp GL_ARB_texture_buffer_object GL_ARB_texture_buffer_object_rgb32 GL_ARB_texture_buffer_range GL_ARB_texture_compression GL_ARB_texture_compression_bptc GL_ARB_texture_compression_rgtc GL_ARB_texture_cube_map GL_ARB_texture_cube_map_array GL_ARB_texture_env_add GL_ARB_texture_env_combine GL_ARB_texture_env_crossbar GL_ARB_texture_env_dot3 GL_ARB_texture_filter_anisotropic GL_ARB_texture_filter_minmax GL_ARB_texture_float GL_ARB_texture_gather GL_ARB_texture_mirror_clamp_to_edge GL_ARB_texture_mirrored_repeat GL_ARB_texture_multisample GL_ARB_texture_non_power_of_two GL_ARB_texture_query_levels GL_ARB_texture_query_lod GL_ARB_texture_rectangle GL_ARB_texture_rg GL_ARB_texture_rgb10_a2ui GL_ARB_texture_stencil8 GL_ARB_texture_storage GL_ARB_texture_storage_multisample GL_ARB_texture_swizzle GL_ARB_texture_view GL_ARB_timer_query GL_ARB_transform_feedback2 GL_ARB_transform_feedback3 GL_ARB_transform_feedback_instanced GL_ARB_transform_fee
dback_overflow_query GL_ARB_transpose_matrix GL_ARB_uniform_buffer_object GL_ARB_vertex_array_bgra GL_ARB_vertex_array_object GL_ARB_vertex_attrib_64bit GL_ARB_vertex_attrib_binding GL_ARB_vertex_buffer_object GL_ARB_vertex_program GL_ARB_vertex_shader GL_ARB_vertex_type_10f_11f_11f_rev GL_ARB_vertex_type_2_10_10_10_rev GL_ARB_viewport_array GL_ARB_window_pos GL_ATI_draw_buffers GL_ATI_texture_float GL_ATI_texture_mirror_once GL_S3_s3tc GL_EXT_texture_env_add GL_EXT_abgr GL_EXT_bgra GL_EXT_bindable_uniform GL_EXT_blend_color GL_EXT_blend_equation_separate GL_EXT_blend_func_separate GL_EXT_blend_minmax GL_EXT_blend_subtract GL_EXT_compiled_vertex_array GL_EXT_Cg_shader GL_EXT_depth_bounds_test GL_EXT_direct_state_access GL_EXT_draw_buffers2 GL_EXT_draw_instanced GL_EXT_draw_range_elements GL_EXT_fog_coord GL_EXT_framebuffer_blit GL_EXT_framebuffer_multisample GL_EXTX_framebuffer_mixed_formats GL_EXT_framebuffer_multisample_blit_scaled GL_EXT_framebuffer_object GL_EXT_framebuffer_sRGB GL_EXT_geometry_shader4 G
L_EXT_gpu_program_parameters GL_EXT_gpu_shader4 GL_EXT_multi_draw_arrays GL_EXT_multiview_texture_multisample GL_EXT_multiview_timer_query GL_EXT_packed_depth_stencil GL_EXT_packed_float GL_EXT_packed_pixels GL_EXT_pixel_buffer_object GL_EXT_point_parameters GL_EXT_polygon_offset_clamp GL_EXT_post_depth_coverage GL_EXT_provoking_vertex GL_EXT_raster_multisample GL_EXT_rescale_normal GL_EXT_secondary_color GL_EXT_separate_shader_objects GL_EXT_separate_specular_color GL_EXT_shader_image_load_formatted GL_EXT_shader_image_load_store GL_EXT_shader_integer_mix GL_EXT_shadow_funcs GL_EXT_sparse_texture2 GL_EXT_stencil_two_side GL_EXT_stencil_wrap GL_EXT_texture3D GL_EXT_texture_array GL_EXT_texture_buffer_object GL_EXT_texture_compression_dxt1 GL_EXT_texture_compression_latc GL_EXT_texture_compression_rgtc GL_EXT_texture_compression_s3tc GL_EXT_texture_cube_map GL_EXT_texture_edge_clamp GL_EXT_texture_env_combine GL_EXT_texture_env_dot3 GL_EXT_texture_filter_anisotropic GL_EXT_texture_filter_minmax GL_EXT_texture
_integer GL_EXT_texture_lod GL_EXT_texture_lod_bias GL_EXT_texture_mirror_clamp GL_EXT_texture_object GL_EXT_texture_shadow_lod GL_EXT_texture_shared_exponent GL_EXT_texture_sRGB GL_EXT_texture_sRGB_R8 GL_EXT_texture_sRGB_decode GL_EXT_texture_storage GL_EXT_texture_swizzle GL_EXT_timer_query GL_EXT_transform_feedback2 GL_EXT_vertex_array GL_EXT_vertex_array_bgra GL_EXT_vertex_attrib_64bit GL_EXT_window_rectangles GL_EXT_x11_sync_object GL_EXT_import_sync_object GL_NV_robustness_video_memory_purge GL_IBM_rasterpos_clip GL_IBM_texture_mirrored_repeat GL_KHR_context_flush_control GL_KHR_debug GL_EXT_memory_object GL_EXT_memory_object_fd GL_NV_memory_object_sparse GL_KHR_parallel_shader_compile GL_KHR_no_error GL_KHR_robust_buffer_access_behavior GL_KHR_robustness GL_EXT_semaphore GL_EXT_semaphore_fd GL_NV_timeline_semaphore GL_KHR_shader_subgroup GL_KTX_buffer_region GL_NV_alpha_to_coverage_dither_control GL_NV_bindless_multi_draw_indirect GL_NV_bindless_multi_draw_indirect_count GL_NV_bindless_texture GL_NV_b
lend_equation_advanced GL_NV_blend_equation_advanced_coherent GL_NVX_blend_equation_advanced_multi_draw_buffers GL_NV_blend_minmax_factor GL_NV_blend_square GL_NV_clip_space_w_scaling GL_NV_command_list GL_NV_compute_program5 GL_NV_compute_shader_derivatives GL_NV_conditional_render GL_NV_conservative_raster GL_NV_conservative_raster_dilate GL_NV_conservative_raster_pre_snap GL_NV_conservative_raster_pre_snap_triangles GL_NV_conservative_raster_underestimation GL_NV_copy_depth_to_color GL_NV_copy_image GL_NV_depth_buffer_float GL_NV_depth_clamp GL_NV_draw_texture GL_NV_draw_vulkan_image GL_NV_ES1_1_compatibility GL_NV_ES3_1_compatibility GL_NV_explicit_multisample GL_NV_feature_query GL_NV_fence GL_NV_fill_rectangle GL_NV_float_buffer GL_NV_fog_distance GL_NV_fragment_coverage_to_color GL_NV_fragment_program GL_NV_fragment_program_option GL_NV_fragment_program2 GL_NV_fragment_shader_barycentric GL_NV_fragment_shader_interlock GL_NV_framebuffer_mixed_samples GL_NV_framebuffer_multisample_coverage GL_NV_geomet
ry_shader4 GL_NV_geometry_shader_passthrough GL_NV_gpu_program4 GL_NV_internalformat_sample_query GL_NV_gpu_program4_1 GL_NV_gpu_program5 GL_NV_gpu_program5_mem_extended GL_NV_gpu_program_fp64 GL_NV_gpu_program_multiview GL_NV_gpu_shader5 GL_NV_half_float GL_NV_light_max_exponent GL_NV_memory_attachment GL_NV_mesh_shader GL_NV_multisample_coverage GL_NV_multisample_filter_hint GL_NV_occlusion_query GL_NV_packed_depth_stencil GL_NV_parameter_buffer_object GL_NV_parameter_buffer_object2 GL_NV_path_rendering GL_NV_path_rendering_shared_edge GL_NV_pixel_data_range GL_NV_point_sprite GL_NV_primitive_restart GL_NV_primitive_shading_rate GL_NV_query_resource GL_NV_query_resource_tag GL_NV_register_combiners GL_NV_register_combiners2 GL_NV_representative_fragment_test GL_NV_sample_locations GL_NV_sample_mask_override_coverage GL_NV_scissor_exclusive GL_NV_shader_atomic_counters GL_NV_shader_atomic_float GL_NV_shader_atomic_float64 GL_NV_shader_atomic_fp16_vector GL_NV_shader_atomic_int64 GL_NV_shader_buffer_load GL_
NV_shader_storage_buffer_object GL_NV_shader_subgroup_partitioned GL_NV_shader_texture_footprint GL_NV_shading_rate_image GL_NV_stereo_view_rendering GL_NV_texgen_reflection GL_NV_texture_barrier GL_NV_texture_compression_vtc GL_NV_texture_dirty_tile_map GL_NV_texture_env_combine4 GL_NV_texture_multisample GL_NV_texture_rectangle GL_NV_texture_rectangle_compressed GL_NV_texture_shader GL_NV_texture_shader2 GL_NV_texture_shader3 GL_NV_transform_feedback GL_NV_transform_feedback2 GL_NV_uniform_buffer_unified_memory GL_NV_uniform_buffer_std430_layout GL_NV_vdpau_interop GL_NV_vdpau_interop2 GL_NV_vertex_array_range GL_NV_vertex_array_range2 GL_NV_vertex_attrib_integer_64bit GL_NV_vertex_buffer_unified_memory GL_NV_vertex_program GL_NV_vertex_program1_1 GL_NV_vertex_program2 GL_NV_vertex_program2_option GL_NV_vertex_program3 GL_NV_viewport_array2 GL_NV_viewport_swizzle GL_NVX_conditional_render GL_NV_gpu_multicast GL_NVX_progress_fence GL_NVX_gpu_memory_info GL_NVX_nvenc_interop GL_NV_shader_thread_group GL_NV_s
hader_thread_shuffle GL_KHR_blend_equation_advanced GL_KHR_blend_equation_advanced_coherent GL_OVR_multiview GL_OVR_multiview2 GL_SGIS_generate_mipmap GL_SGIS_texture_lod GL_SGIX_depth_texture GL_SGIX_shadow GL_SUN_slice_accum
OPENGL LOG: Creating OpenGL 4.5 graphics device ; Context level  <OpenGL 4.5> ; Context handle 2012840712
Initialize mono
Mono path[0] = '/home/mage/Unity/Hub/Editor/6000.6.3f1/Editor/Data/Managed'
Mono path[1] = '/home/mage/Unity/Hub/Editor/6000.6.3f1/Editor/Data/BCLExtensions/runtime/netstandard2.1'
Mono path[2] = '/home/mage/Unity/Hub/Editor/6000.6.3f1/Editor/Data/MonoBleedingEdge/lib/mono/unityjit-linux'
Mono config path = '/home/mage/Unity/Hub/Editor/6000.6.3f1/Editor/Data/MonoBleedingEdge/etc'
Using monoOptions --debugger-agent=transport=dt_socket,embedding=1,server=y,suspend=n,address=127.0.0.1:56409
CodeReloadManager initialized
ImportWorker Server TCP listen port: 0
AcceleratorClientConnectionCallback - disconnected - :0
Begin MonoManager ReloadAssembly
Registering precompiled unity dll's ...
Register platform support module: /home/mage/Unity/Hub/Editor/6000.6.3f1/Editor/Data/PlaybackEngines/WebGLSupport/UnityEditor.WebGL.Extensions.dll
Register platform support module: /home/mage/Unity/Hub/Editor/6000.6.3f1/Editor/Data/PlaybackEngines/LinuxStandaloneSupport/UnityEditor.LinuxStandalone.Extensions.dll
Registered in 0.000593 seconds.
Native extension for LinuxStandalone target not found
Native extension for WebGL target not found
Package Manager log level set to [2]
[Licensing::Client] Successfully resolved entitlement details
ScheduleIndexationOnStartup MainProcess:False IndexOnStartup:True
Scripting: successfully reloaded assembly
- Finished resetting the current domain, in  4.074 seconds
Domain Reload Profiling: 4384ms
	BeginReloadAssembly (64ms)
		CreateAndSetChildDomain (20ms)
	RebuildCommonClasses (3ms)
	RebuildNativeTypeToScriptingClass (7ms)
	initialDomainReloadingComplete (35ms)
	LoadAllAssembliesAndSetupDomain (200ms)
		LoadAssemblies (43ms)
		TypeCache.Refresh (130ms)
			TypeCache.ScanAssembly (120ms)
		AnalyzeDomain (0ms)
	FinalizeReload (4075ms)
		SetupLoadedEditorAssemblies (0ms)
			BeforeProcessingInitializeOnLoad (66ms)
			ProcessInitializeOnLoadAttributes (63ms)
			ProcessInitializeOnLoadMethodAttributes (3830ms)
[Licensing::Client] Successfully resolved entitlement details
Application.AssetDatabase Initial Refresh Start
[Package Manager] Done resolving packages in 0.89 seconds
[Licensing::Client] Successfully resolved entitlement details
[Package Manager] Registered 60 packages:
  Packages from [https://packages.unity.com]:
    com.unity.ai.navigation@2.0.14 (location: /home/mage/opd-lab-2/Library/PackageCache/com.unity.ai.navigation@134dd6a3b97b)
    com.unity.collab-proxy@2.13.6 (location: /home/mage/opd-lab-2/Library/PackageCache/com.unity.collab-proxy@4628d2ba6ea4)
    com.unity.ide.rider@3.0.38 (location: /home/mage/opd-lab-2/Library/PackageCache/com.unity.ide.rider@1f60b3138684)
    com.unity.ide.visualstudio@2.0.26 (location: /home/mage/opd-lab-2/Library/PackageCache/com.unity.ide.visualstudio@a99d56dec63f)
    com.unity.inputsystem@1.20.0 (location: /home/mage/opd-lab-2/Library/PackageCache/com.unity.inputsystem@7a4e1a2a8194)
    com.unity.visualscripting@1.9.12 (location: /home/mage/opd-lab-2/Library/PackageCache/com.unity.visualscripting@4edfcc09512f)
    com.unity.searcher@4.9.5 (location: /home/mage/opd-lab-2/Library/PackageCache/com.unity.searcher@a463122f2c00)
    com.unity.profiling.core@1.0.3 (location: /home/mage/opd-lab-2/Library/PackageCache/com.unity.profiling.core@8a49f7027d06)
    com.unity.nuget.mono-cecil@1.11.6 (location: /home/mage/opd-lab-2/Library/PackageCache/com.unity.nuget.mono-cecil@ecb9724e46ff)
  Built-in packages:
    com.unity.2d.tilemap@1.0.0 (location: /home/mage/opd-lab-2/Library/PackageCache/com.unity.2d.tilemap@8b3eab090c8c)
    com.unity.render-pipelines.universal@17.6.0 (location: /home/mage/opd-lab-2/Library/PackageCache/com.unity.render-pipelines.universal@0ffb3d4f1461)
    com.unity.test-framework@1.8.0 (location: /home/mage/opd-lab-2/Library/PackageCache/com.unity.test-framework@33f8a1e9aefd)
    com.unity.timeline@6.6.0 (location: /home/mage/opd-lab-2/Library/PackageCache/com.unity.timeline@9cd41035b3ab)
    com.unity.ugui@2.6.0 (location: /home/mage/opd-lab-2/Library/PackageCache/com.unity.ugui@88d0d51315d3)
    com.unity.modules.accessibility@1.0.0 (location: /home/mage/opd-lab-2/Library/PackageCache/com.unity.modules.accessibility)
    com.unity.modules.adaptiveperformance@1.0.0 (location: /home/mage/opd-lab-2/Library/PackageCache/com.unity.modules.adaptiveperformance)
    com.unity.modules.ai@1.0.0 (location: /home/mage/opd-lab-2/Library/PackageCache/com.unity.modules.ai)
    com.unity.modules.androidjni@1.0.0 (location: /home/mage/opd-lab-2/Library/PackageCache/com.unity.modules.androidjni)
    com.unity.modules.animation@1.0.0 (location: /home/mage/opd-lab-2/Library/PackageCache/com.unity.modules.animation)
    com.unity.modules.assetbundle@1.0.0 (location: /home/mage/opd-lab-2/Library/PackageCache/com.unity.modules.assetbundle)
    com.unity.modules.audio@1.0.0 (location: /home/mage/opd-lab-2/Library/PackageCache/com.unity.modules.audio)
    com.unity.modules.cloth@1.0.0 (location: /home/mage/opd-lab-2/Library/PackageCache/com.unity.modules.cloth)
    com.unity.modules.director@1.0.0 (location: /home/mage/opd-lab-2/Library/PackageCache/com.unity.modules.director)
    com.unity.modules.imageconversion@1.0.0 (location: /home/mage/opd-lab-2/Library/PackageCache/com.unity.modules.imageconversion)
    com.unity.modules.imgui@1.0.0 (location: /home/mage/opd-lab-2/Library/PackageCache/com.unity.modules.imgui)
    com.unity.modules.jsonserialize@1.0.0 (location: /home/mage/opd-lab-2/Library/PackageCache/com.unity.modules.jsonserialize)
    com.unity.modules.particlesystem@1.0.0 (location: /home/mage/opd-lab-2/Library/PackageCache/com.unity.modules.particlesystem)
    com.unity.modules.physics@1.0.0 (location: /home/mage/opd-lab-2/Library/PackageCache/com.unity.modules.physics)
    com.unity.modules.physics2d@1.0.0 (location: /home/mage/opd-lab-2/Library/PackageCache/com.unity.modules.physics2d)
    com.unity.modules.physicscore2d@1.0.0 (location: /home/mage/opd-lab-2/Library/PackageCache/com.unity.modules.physicscore2d)
    com.unity.modules.screencapture@1.0.0 (location: /home/mage/opd-lab-2/Library/PackageCache/com.unity.modules.screencapture)
    com.unity.modules.terrain@1.0.0 (location: /home/mage/opd-lab-2/Library/PackageCache/com.unity.modules.terrain)
    com.unity.modules.terrainphysics@1.0.0 (location: /home/mage/opd-lab-2/Library/PackageCache/com.unity.modules.terrainphysics)
    com.unity.modules.tetgen@1.0.0 (location: /home/mage/opd-lab-2/Library/PackageCache/com.unity.modules.tetgen)
    com.unity.modules.tilemap@1.0.0 (location: /home/mage/opd-lab-2/Library/PackageCache/com.unity.modules.tilemap)
    com.unity.modules.timelinefoundation@1.0.0 (location: /home/mage/opd-lab-2/Library/PackageCache/com.unity.modules.timelinefoundation)
    com.unity.modules.ui@1.0.0 (location: /home/mage/opd-lab-2/Library/PackageCache/com.unity.modules.ui)
    com.unity.modules.uielements@1.0.0 (location: /home/mage/opd-lab-2/Library/PackageCache/com.unity.modules.uielements)
    com.unity.modules.umbra@1.0.0 (location: /home/mage/opd-lab-2/Library/PackageCache/com.unity.modules.umbra)
    com.unity.modules.unityanalytics@1.0.0 (location: /home/mage/opd-lab-2/Library/PackageCache/com.unity.modules.unityanalytics)
    com.unity.modules.unitywebrequest@1.0.0 (location: /home/mage/opd-lab-2/Library/PackageCache/com.unity.modules.unitywebrequest)
    com.unity.modules.unitywebrequestassetbundle@1.0.0 (location: /home/mage/opd-lab-2/Library/PackageCache/com.unity.modules.unitywebrequestassetbundle)
    com.unity.modules.unitywebrequestaudio@1.0.0 (location: /home/mage/opd-lab-2/Library/PackageCache/com.unity.modules.unitywebrequestaudio)
    com.unity.modules.unitywebrequesttexture@1.0.0 (location: /home/mage/opd-lab-2/Library/PackageCache/com.unity.modules.unitywebrequesttexture)
    com.unity.modules.unitywebrequestwww@1.0.0 (location: /home/mage/opd-lab-2/Library/PackageCache/com.unity.modules.unitywebrequestwww)
    com.unity.modules.vectorgraphics@1.0.0 (location: /home/mage/opd-lab-2/Library/PackageCache/com.unity.modules.vectorgraphics)
    com.unity.modules.vehicles@1.0.0 (location: /home/mage/opd-lab-2/Library/PackageCache/com.unity.modules.vehicles)
    com.unity.modules.video@1.0.0 (location: /home/mage/opd-lab-2/Library/PackageCache/com.unity.modules.video)
    com.unity.modules.wind@1.0.0 (location: /home/mage/opd-lab-2/Library/PackageCache/com.unity.modules.wind)
    com.unity.modules.xr@1.0.0 (location: /home/mage/opd-lab-2/Library/PackageCache/com.unity.modules.xr)
    com.unity.modules.subsystems@1.0.0 (location: /home/mage/opd-lab-2/Library/PackageCache/com.unity.modules.subsystems)
    com.unity.modules.hierarchycore@1.0.0 (location: /home/mage/opd-lab-2/Library/PackageCache/com.unity.modules.hierarchycore)
    com.unity.ext.nunit@2.1.0 (location: /home/mage/opd-lab-2/Library/PackageCache/com.unity.ext.nunit@508b95ff9afe)
    com.unity.render-pipelines.core@17.6.0 (location: /home/mage/opd-lab-2/Library/PackageCache/com.unity.render-pipelines.core@2862bc571443)
    com.unity.shadergraph@17.6.0 (location: /home/mage/opd-lab-2/Library/PackageCache/com.unity.shadergraph@48089545eeac)
    com.unity.render-pipelines.universal-config@17.6.0 (location: /home/mage/opd-lab-2/Library/PackageCache/com.unity.render-pipelines.universal-config@b1357eef5cd3)
    com.unity.graph-authoring@1.0.0 (location: /home/mage/opd-lab-2/Library/PackageCache/com.unity.graph-authoring@f8926ccf2c8f)
    com.unity.burst@2.0.0 (location: /home/mage/opd-lab-2/Library/PackageCache/com.unity.burst@c3ed5b778d56)
    com.unity.collections@6.6.0 (location: /home/mage/opd-lab-2/Library/PackageCache/com.unity.collections@431b1d558060)
    com.unity.test-framework.performance@6.6.0 (location: /home/mage/opd-lab-2/Library/PackageCache/com.unity.test-framework.performance@530c2523cea5)
[Subsystems] No new subsystems found in resolved package list.
[Package Manager] Done registering packages in 0.00 seconds
Serialized file "ProjectSettings/AudioManager.asset" contains a AudioManager object at version 1, below the supported minimum (2). Open and re-save the file to upgrade.
Serialized file "ProjectSettings/DynamicsManager.asset" contains a PhysicsManager object at version 7, below the supported minimum (13). Open and re-save the file to upgrade.
Serialized file "ProjectSettings/Physics2DSettings.asset" contains a Physics2DSettings object at version 3, below the supported minimum (4). Open and re-save the file to upgrade.
AcceleratorClientConnectionCallback - disconnected - :0
[ScriptCompilation] Requested script compilation because: InitialRefresh: Force Refresh Recompile flag enabled
[ScriptCompilation] Requested script compilation because: AssetDatabase observed changes in script compilation related files
Clearing Bee directory 'Library/Bee', since bee backend hash ('Library/Bee/bee_backend.info') is different, previous hash was f3650d9d865a42bbf7b20a479648d9c1845f994ed4278c00d92d27febcc0cec8 (Unity version: 6000.6.3f1), current hash is e748ceaefab2b413474540e988ff1b641e8a4bb3f5cc672ce3e175edcf361b7d (Unity version: 6000.6.3f1).
Starting: /home/mage/Unity/Hub/Editor/6000.6.3f1/Editor/Data/Tools/BuildPipeline/bee_backend --ipc --defer-dag-verification --dagfile="Library/Bee/2400b0aE.dag" --continue-on-failure --profile="Library/Bee/backend1.traceevents" ScriptAssemblies
WorkingDir: /home/mage/opd-lab-2
ExitCode: 4 Duration: 0s18ms
[             ] Require frontend run.  Library/Bee/2400b0aE.dag couldn't be loaded
Starting: /home/mage/Unity/Hub/Editor/6000.6.3f1/Editor/Data/DotNetSdk/dotnet "/home/mage/Unity/Hub/Editor/6000.6.3f1/Editor/Data/Tools/BuildPipeline/ScriptCompilationBuildProgram.exe" "Library/Bee/2400b0aE.dag.json" "Library/Bee/2400b0aE-inputdata.json" "Library/Bee/buildprogram0.traceevents"
WorkingDir: /home/mage/opd-lab-2
ExitCode: 0 Duration: 1s84ms
Starting: /home/mage/Unity/Hub/Editor/6000.6.3f1/Editor/Data/Tools/BuildPipeline/bee_backend --ipc --defer-dag-verification --dagfile="Library/Bee/2400b0aE.dag" --continue-on-failure --dagfilejson="Library/Bee/2400b0aE.dag.json" --profile="Library/Bee/backend2.traceevents" ScriptAssemblies
WorkingDir: /home/mage/opd-lab-2
warn: Unity.ILPP.Runner.PostProcessingAssemblyLoadContext[0]
      Assembly system.runtime.interopservices.windowsruntime has duplicate hint path. Ignoring "/home/mage/Unity/Hub/Editor/6000.6.3f1/Editor/Data/UnityReferenceAssemblies/unity-4.8-api/Facades/System.Runtime.InteropServices.WindowsRuntime.dll" in favor of "/home/mage/Unity/Hub/Editor/6000.6.3f1/Editor/Data/NetStandard/Extensions/2.0.0/System.Runtime.InteropServices.WindowsRuntime.dll"
warn: Unity.ILPP.Runner.PostProcessingAssemblyLoadContext[0]
      Assembly system.componentmodel.composition has duplicate hint path. Ignoring "/home/mage/Unity/Hub/Editor/6000.6.3f1/Editor/Data/UnityReferenceAssemblies/unity-4.8-api/System.ComponentModel.Composition.dll" in favor of "/home/mage/Unity/Hub/Editor/6000.6.3f1/Editor/Data/NetStandard/compat/2.1.0/shims/netfx/System.ComponentModel.Composition.dll"
ExitCode: 0 Duration: 10s
Finished compiling graph: 911 nodes, 18900 flattened edges (16062 ToBuild, 150 ToUse), maximum node priority 1035
[  1/908    0s] WriteText Library/Bee/artifacts/2400b0aE.dag/UnityEngine.TestRunner.UnityAdditionalFile.txt
[  2/908    0s] WriteText Library/Bee/artifacts/2400b0aE.dag/UnityEngine.TestRunner.rsp2
[  3/908    0s] MovedFromExtractor Library/Bee/artifacts/mvdfrm/UnityEngine.ScreenCaptureModule.dll_FDB992FDE81DF64F.mvfrm
[  4/908    0s] MovedFromExtractor Library/Bee/artifacts/mvdfrm/UnityEngine.InputModule.dll_91F82EB98CC2C29F.mvfrm
[  5/908    0s] MovedFromExtractor Library/Bee/artifacts/mvdfrm/UnityEngine.MathematicsModule.dll_AD15612518F078CB.mvfrm
[  6/908    0s] MovedFromExtractor Library/Bee/artifacts/mvdfrm/UnityEngine.ClothModule.dll_926AC403F0A77CDF.mvfrm
[  7/908    0s] MovedFromExtractor Library/Bee/artifacts/mvdfrm/UnityEngine.RuntimeInitializeOnLoadManagerInitializerModule.dll_9F6686269CDEDBA7.mvfrm
[  8/908    0s] MovedFromExtractor Library/Bee/artifacts/mvdfrm/UnityEngine.GraphicsStateCollectionSerializerModule.dll_735E82C51D274F4B.mvfrm
[  9/908    0s] MovedFromExtractor Library/Bee/artifacts/mvdfrm/UnityEngine.UnityConsentModule.dll_39A94BBC916E52E4.mvfrm
[ 10/908    0s] MovedFromExtractor Library/Bee/artifacts/mvdfrm/UnityEngine.DSPGraphModule.dll_B22A64154A26859C.mvfrm
[ 11/908    0s] MovedFromExtractor Library/Bee/artifacts/mvdfrm/UnityEngine.GIModule.dll_AD60F73F48B0F1C1.mvfrm
[ 12/908    0s] MovedFromExtractor Library/Bee/artifacts/mvdfrm/UnityEngine.CrashReportingModule.dll_650D721BA4052936.mvfrm
[ 13/908    0s] MovedFromExtractor Library/Bee/artifacts/mvdfrm/UnityEngine.ParticleSystemModule.dll_B81FBB681216B4C4.mvfrm
[ 14/908    0s] MovedFromExtractor Library/Bee/artifacts/mvdfrm/UnityEngine.PerformanceReportingModule.dll_5C01725B4FCF919D.mvfrm
[ 15/908    0s] MovedFromExtractor Library/Bee/artifacts/mvdfrm/UnityEngine.BurstModule.dll_947A58613DE0B5E5.mvfrm
[ 16/908    0s] MovedFromExtractor Library/Bee/artifacts/mvdfrm/UnityEngine.CoreModule.dll_71B6ECCEA9FD9EDE.mvfrm
[ 17/908    0s] MovedFromExtractor Library/Bee/artifacts/mvdfrm/UnityEngine.GameCenterModule.dll_85B7A8A15AD793D6.mvfrm
[ 18/908    0s] MovedFromExtractor Library/Bee/artifacts/mvdfrm/UnityEngine.ClusterInputModule.dll_FA40A5973B638EAF.mvfrm
[ 19/908    0s] MovedFromExtractor Library/Bee/artifacts/mvdfrm/UnityEngine.MarshallingModule.dll_306951E088A0AEE9.mvfrm
[ 20/908    0s] MovedFromExtractor Library/Bee/artifacts/mvdfrm/UnityEngine.PhysicsModule.dll_2D49E18F2992A62C.mvfrm
[ 21/908    0s] MovedFromExtractor Library/Bee/artifacts/mvdfrm/UnityEngine.InputLegacyModule.dll_1945CE6A3C6A3788.mvfrm
[ 22/908    0s] MovedFromExtractor Library/Bee/artifacts/mvdfrm/UnityEngine.Physics2DModule.dll_E38650904D96AEDE.mvfrm
[ 23/908    0s] MovedFromExtractor Library/Bee/artifacts/mvdfrm/UnityEngine.PropertiesModule.dll_B2F2E7DFCDC2F812.mvfrm
[ 24/908    0s] MovedFromExtractor Library/Bee/artifacts/mvdfrm/UnityEngine.LocalizationModule.dll_388D6FE9D2DF81A8.mvfrm
[ 25/908    0s] MovedFromExtractor Library/Bee/artifacts/mvdfrm/UnityEngine.PhysicsCore2DModule.dll_717E33E8331B5E4D.mvfrm
[ 26/908    0s] MovedFromExtractor Library/Bee/artifacts/mvdfrm/UnityEngine.PhysicsBackendPhysXModule.dll_33B9748E99B37E0E.mvfrm
[ 27/908    0s] MovedFromExtractor Library/Bee/artifacts/mvdfrm/UnityEngine.RenderAs2DModule.dll_F42AAA65AD1D4249.mvfrm
[ 28/908    0s] MovedFromExtractor Library/Bee/artifacts/mvdfrm/UnityEngine.MultiplayerModule.dll_07A8CFD85D400F0F.mvfrm
[ 29/908    0s] MovedFromExtractor Library/Bee/artifacts/mvdfrm/UnityEngine.InputForUIModule.dll_886A02BABAF83092.mvfrm
[ 30/908    0s] MovedFromExtractor Library/Bee/artifacts/mvdfrm/UnityEngine.GridModule.dll_4F2808BCC25234D5.mvfrm
[ 31/908    0s] MovedFromExtractor Library/Bee/artifacts/mvdfrm/UnityEngine.ManagedKernelModule.dll_A67094C1C3AB9871.mvfrm
[ 32/908    0s] MovedFromExtractor Library/Bee/artifacts/mvdfrm/UnityEngine.JSONSerializeModule.dll_E3D1E578D3B1C9ED.mvfrm
[ 33/908    0s] MovedFromExtractor Library/Bee/artifacts/mvdfrm/UnityEngine.ContentLoadModule.dll_21170C8C72FB2984.mvfrm
[ 34/908    0s] MovedFromExtractor Library/Bee/artifacts/mvdfrm/UnityEngine.AudioModule.dll_2B826709168A9DFB.mvfrm
[ 35/908    0s] MovedFromExtractor Library/Bee/artifacts/mvdfrm/UnityEngine.IMGUIModule.dll_63E2066FDCBC31DC.mvfrm
[ 36/908    0s] MovedFromExtractor Library/Bee/artifacts/mvdfrm/UnityEngine.XRModule.dll_962935E9343DE229.mvfrm
[ 37/908    0s] MovedFromExtractor Library/Bee/artifacts/mvdfrm/UnityEngine.ImageConversionModule.dll_1F99C7645376F2F6.mvfrm
[ 38/908    0s] MovedFromExtractor Library/Bee/artifacts/mvdfrm/UnityEngine.DirectorModule.dll_ACD902ABD7C5B47B.mvfrm
[ 39/908    0s] MovedFromExtractor Library/Bee/artifacts/mvdfrm/UnityEngine.IdentifiersModule.dll_608A3B4166F14FAF.mvfrm
[ 40/908    0s] MovedFromExtractor Library/Bee/artifacts/mvdfrm/UnityEngine.UnityWebRequestWWWModule.dll_BCE18FA4E81DD426.mvfrm
[ 41/908    0s] MovedFromExtractor Library/Bee/artifacts/mvdfrm/UnityEngine.VFXModule.dll_44608E864D52F56D.mvfrm
[ 42/908    0s] MovedFromExtractor Library/Bee/artifacts/mvdfrm/UnityEngine.WindModule.dll_E805C7F73B341D47.mvfrm
[ 43/908    0s] MovedFromExtractor Library/Bee/artifacts/mvdfrm/UnityEngine.VehiclesModule.dll_249BFC2B51EF8416.mvfrm
[ 44/908    0s] MovedFromExtractor Library/Bee/artifacts/mvdfrm/UnityEngine.VideoModule.dll_508BEB73D91CB9A0.mvfrm
[ 45/908    0s] MovedFromExtractor Library/Bee/artifacts/mvdfrm/UnityEngine.ScriptingModule.dll_AE01B9662C2165FC.mvfrm
[ 46/908    0s] MovedFromExtractor Library/Bee/artifacts/mvdfrm/UnityEngine.HierarchyCoreModule.dll_FAD4F9174323C259.mvfrm
[ 47/908    0s] MovedFromExtractor Library/Bee/artifacts/mvdfrm/UnityEngine.VirtualTexturingModule.dll_37B35DB7E6E55FFC.mvfrm
[ 48/908    0s] MovedFromExtractor Library/Bee/artifacts/mvdfrm/UnityEngine.UnityWebRequestAssetBundleModule.dll_C784B57F1D2F3991.mvfrm
[ 49/908    0s] MovedFromExtractor Library/Bee/artifacts/mvdfrm/UnityEngine.VectorGraphicsModule.dll_4F66F19CA41D2B0D.mvfrm
[ 50/908    0s] MovedFromExtractor Library/Bee/artifacts/mvdfrm/UnityEngine.UnityWebRequestAudioModule.dll_D3FDC639D63A5C35.mvfrm
[ 51/908    0s] MovedFromExtractor Library/Bee/artifacts/mvdfrm/UnityEngine.UnityWebRequestModule.dll_3138CF0E5E6B8D75.mvfrm
[ 52/908    0s] MovedFromExtractor Library/Bee/artifacts/mvdfrm/UnityEngine.HotReloadModule.dll_18291EA587CCD2CB.mvfrm
[ 53/908    0s] MovedFromExtractor Library/Bee/artifacts/mvdfrm/UnityEngine.UnityConnectModule.dll_6803B4908463BC94.mvfrm
[ 54/908    0s] MovedFromExtractor Library/Bee/artifacts/mvdfrm/UnityEngine.UnityCurlModule.dll_C9FD01D11CADA936.mvfrm
[ 55/908    0s] MovedFromExtractor Library/Bee/artifacts/mvdfrm/UnityEngine.UnityWebRequestTextureModule.dll_E04DEC55B4E6BAAA.mvfrm
[ 56/908    0s] MovedFromExtractor Library/Bee/artifacts/mvdfrm/UnityEngine.UnityAnalyticsCommonModule.dll_F7402F9F69B82FFB.mvfrm
[ 57/908    0s] MovedFromExtractor Library/Bee/artifacts/mvdfrm/UnityEngine.UmbraModule.dll_A6571321A3B1496E.mvfrm
[ 58/908    0s] MovedFromExtractor Library/Bee/artifacts/mvdfrm/Unity.Scripting.dll_B25E110ACFA66895.mvfrm
[ 59/908    0s] MovedFromExtractor Library/Bee/artifacts/mvdfrm/UnityEngine.UnityAnalyticsModule.dll_D7BF2C31BE3E06C0.mvfrm
[ 60/908    0s] MovedFromExtractor Library/Bee/artifacts/mvdfrm/UnityEngine.ShaderVariantAnalyticsModule.dll_A1080A0660B2F625.mvfrm
[ 61/908    0s] MovedFromExtractor Library/Bee/artifacts/mvdfrm/UnityEngine.AssetBundleModule.dll_8800B34BA4788197.mvfrm
[ 62/908    0s] MovedFromExtractor Library/Bee/artifacts/mvdfrm/UnityEngine.SubsystemsModule.dll_D99181934A8F1163.mvfrm
[ 63/908    0s] MovedFromExtractor Library/Bee/artifacts/mvdfrm/UnityEngine.SpriteMaskModule.dll_6EE41B317C472950.mvfrm
[ 64/908    0s] MovedFromExtractor Library/Bee/artifacts/mvdfrm/UnityEngine.StreamingModule.dll_4B754DEFFC216E87.mvfrm
[ 65/908    0s] MovedFromExtractor Library/Bee/artifacts/mvdfrm/UnityEngine.SpriteShapeModule.dll_A161E0A65A1AB9A1.mvfrm
[ 66/908    0s] MovedFromExtractor Library/Bee/artifacts/mvdfrm/UnityEngine.SubstanceModule.dll_2820623947746C95.mvfrm
[ 67/908    0s] MovedFromExtractor Library/Bee/artifacts/mvdfrm/UnityEngine.dll_5C718C4DB9F39457.mvfrm
[ 68/908    0s] MovedFromExtractor Library/Bee/artifacts/mvdfrm/UnityEngine.TextCoreTextEngineModule.dll_F21F4A48F85E17BA.mvfrm
[ 69/908    0s] MovedFromExtractor Library/Bee/artifacts/mvdfrm/UnityEngine.TextCoreFontEngineModule.dll_AA3713D768DA5E9C.mvfrm
[ 70/908    0s] MovedFromExtractor Library/Bee/artifacts/mvdfrm/UnityEngine.TilemapModule.dll_E68CC47F170DD023.mvfrm
[ 71/908    0s] MovedFromExtractor Library/Bee/artifacts/mvdfrm/UnityEngine.TetgenModule.dll_5345B9FE58C4688C.mvfrm
[ 72/908    0s] MovedFromExtractor Library/Bee/artifacts/mvdfrm/UnityEngine.TimelineFoundationModule.dll_AC7C92E4032CC3D3.mvfrm
[ 73/908    0s] MovedFromExtractor Library/Bee/artifacts/mvdfrm/UnityEngine.TextRenderingModule.dll_26F905089F557644.mvfrm
[ 74/908    0s] MovedFromExtractor Library/Bee/artifacts/mvdfrm/UnityEditor.GraphicsStateCollectionSerializerModule.dll_6A6AB5D5502805E6.mvfrm
[ 75/908    0s] MovedFromExtractor Library/Bee/artifacts/mvdfrm/UnityEngine.U2DRuntimeModule.dll_AA6DD25A1AEA8770.mvfrm
[ 76/908    0s] MovedFromExtractor Library/Bee/artifacts/mvdfrm/UnityEditor.GraphViewModule.dll_C85AE476D23CE2A3.mvfrm
[ 77/908    0s] MovedFromExtractor Library/Bee/artifacts/mvdfrm/UnityEngine.TLSModule.dll_C381F61776E58C00.mvfrm
[ 78/908    0s] MovedFromExtractor Library/Bee/artifacts/mvdfrm/UnityEngine.TerrainModule.dll_47905CFDFF50EF1A.mvfrm
[ 79/908    0s] MovedFromExtractor Library/Bee/artifacts/mvdfrm/UnityEngine.UIModule.dll_10984C5F09490F53.mvfrm
[ 80/908    0s] MovedFromExtractor Library/Bee/artifacts/mvdfrm/UnityEditor.Physics2DModule.dll_2DA05FA76816FCF9.mvfrm
[ 81/908    0s] MovedFromExtractor Library/Bee/artifacts/mvdfrm/UnityEditor.PhysicsCore2DModule.dll_E53D41C0BA22DB28.mvfrm
[ 82/908    0s] MovedFromExtractor Library/Bee/artifacts/mvdfrm/UnityEditor.QuickSearchModule.dll_4417805A4211CCA5.mvfrm
[ 83/908    0s] MovedFromExtractor Library/Bee/artifacts/mvdfrm/UnityEditor.ProjectAuditorModule.dll_47B004324AC2E619.mvfrm
[ 84/908    0s] MovedFromExtractor Library/Bee/artifacts/mvdfrm/UnityEditor.PhysicsModule.dll_3ACF28E4C483BEE7.mvfrm
[ 85/908    0s] MovedFromExtractor Library/Bee/artifacts/mvdfrm/UnityEngine.UIElementsModule.dll_DDCFE2FB4DBB4D5A.mvfrm
[ 86/908    0s] MovedFromExtractor Library/Bee/artifacts/mvdfrm/UnityEngine.TerrainPhysicsModule.dll_B89A643B2B59AF51.mvfrm
[ 87/908    0s] MovedFromExtractor Library/Bee/artifacts/mvdfrm/UnityEditor.GridAndSnapModule.dll_C2C0E5CE6C9F8D3B.mvfrm
[ 88/908    0s] MovedFromExtractor Library/Bee/artifacts/mvdfrm/UnityEditor.GridModule.dll_2C07356A1A4CC9AA.mvfrm
[ 89/908    0s] MovedFromExtractor Library/Bee/artifacts/mvdfrm/UnityEditor.HierarchyModule.dll_B5CEEB52901C2165.mvfrm
[ 90/908    0s] MovedFromExtractor Library/Bee/artifacts/mvdfrm/UnityEditor.PropertiesModule.dll_B2447A97CB7EDEC7.mvfrm
[ 91/908    0s] MovedFromExtractor Library/Bee/artifacts/mvdfrm/UnityEditor.PlayModeModule.dll_F7B631E4F2C3EC5B.mvfrm
[ 92/908    0s] MovedFromExtractor Library/Bee/artifacts/mvdfrm/UnityEditor.PresetsUIModule.dll_83C11D58D4953AA8.mvfrm
[ 93/908    0s] MovedFromExtractor Library/Bee/artifacts/mvdfrm/UnityEditor.AIModule.dll_D6B61CA24184D5DC.mvfrm
[ 94/908    0s] MovedFromExtractor Library/Bee/artifacts/mvdfrm/UnityEditor.BuildAnalysisModule.dll_4FC2A797FD57EE5A.mvfrm
[ 95/908    0s] MovedFromExtractor Library/Bee/artifacts/mvdfrm/UnityEditor.MediaModule.dll_3115C4366359F5E4.mvfrm
[ 96/908    0s] MovedFromExtractor Library/Bee/artifacts/mvdfrm/UnityEditor.MathematicsModule.dll_A74F919606B66846.mvfrm
[ 97/908    0s] MovedFromExtractor Library/Bee/artifacts/mvdfrm/UnityEditor.AnimationWindowModule.dll_495EFB1A97251E34.mvfrm
[ 98/908    0s] MovedFromExtractor Library/Bee/artifacts/mvdfrm/UnityEditor.LightingModule.dll_ABC9B7A7A6E6A620.mvfrm
[ 99/908    0s] MovedFromExtractor Library/Bee/artifacts/mvdfrm/UnityEditor.BuildProfileModule.dll_7F6A230B64F7D6CF.mvfrm
[100/908    0s] MovedFromExtractor Library/Bee/artifacts/mvdfrm/UnityEditor.QuickInstallModule.dll_5E49714AA67E4502.mvfrm
[101/908    0s] MovedFromExtractor Library/Bee/artifacts/mvdfrm/UnityEditor.AssetComplianceModule.dll_E6D61730DC5311AB.mvfrm
[102/908    0s] MovedFromExtractor Library/Bee/artifacts/mvdfrm/UnityEditor.AccessibilityModule.dll_F7796A155B7DE63E.mvfrm
[103/908    0s] MovedFromExtractor Library/Bee/artifacts/mvdfrm/UnityEditor.MultiplayerModule.dll_01E300494B05FE8A.mvfrm
[104/908    0s] MovedFromExtractor Library/Bee/artifacts/mvdfrm/UnityEditor.AdaptivePerformanceModule.dll_9915F84B7BB1E84A.mvfrm
[105/908    0s] MovedFromExtractor Library/Bee/artifacts/mvdfrm/UnityEditor.BurstModule.dll_CE4D9BFD0C638540.mvfrm
[106/908    0s] MovedFromExtractor Library/Bee/artifacts/mvdfrm/UnityEditor.ContentLoadModule.dll_1B513CFD60C118FF.mvfrm
[107/908    0s] MovedFromExtractor Library/Bee/artifacts/mvdfrm/UnityEditor.ClothModule.dll_CC3E079FBF2A4C3A.mvfrm
[108/908    0s] MovedFromExtractor Library/Bee/artifacts/mvdfrm/UnityEditor.DiagnosticsModule.dll_B907FF4CE93AD04C.mvfrm
[109/908    0s] MovedFromExtractor Library/Bee/artifacts/mvdfrm/UnityEditor.CoreBusinessMetricsModule.dll_1900F1C5A1F91744.mvfrm
[110/908    0s] MovedFromExtractor Library/Bee/artifacts/mvdfrm/UnityEditor.EditorToolbarModule.dll_2D757FE7D513978E.mvfrm
[111/908    0s] MovedFromExtractor Library/Bee/artifacts/mvdfrm/UnityEditor.GenericRemoteModule.dll_8D7ABFF0BD220F3D.mvfrm
[112/908    0s] MovedFromExtractor Library/Bee/artifacts/mvdfrm/UnityEditor.EmbreeModule.dll_0345C1F9FE47605C.mvfrm
[113/908    0s] MovedFromExtractor Library/Bee/artifacts/mvdfrm/UnityEditor.DeviceSimulatorModule.dll_ADFB074261972D7E.mvfrm
[114/908    0s] MovedFromExtractor Library/Bee/artifacts/mvdfrm/UnityEditor.GIModule.dll_6EF265AFDD33BDF6.mvfrm
[115/908    0s] MovedFromExtractor Library/Bee/artifacts/mvdfrm/UnityEditor.GraphToolkitModule.dll_9B4707B655A70554.mvfrm
[116/908    0s] MovedFromExtractor Library/Bee/artifacts/mvdfrm/UnityEditor.UIBuilderModule.dll_1CE3919344F55BD7.mvfrm
[117/908    0s] MovedFromExtractor Library/Bee/artifacts/mvdfrm/UnityEditor.UIElementsSamplesModule.dll_681FFF669565034E.mvfrm
[118/908    0s] MovedFromExtractor Library/Bee/artifacts/mvdfrm/UnityEditor.UIAutomationModule.dll_300B11FC016B9F8F.mvfrm
[119/908    0s] MovedFromExtractor Library/Bee/artifacts/mvdfrm/UnityEditor.UIElementsModule.dll_DD2175B34B77340F.mvfrm
[120/908    0s] MovedFromExtractor Library/Bee/artifacts/mvdfrm/UnityEditor.UmbraModule.dll_E02A56BD723418C9.mvfrm
[121/908    0s] MovedFromExtractor Library/Bee/artifacts/mvdfrm/UnityEditor.U2DModule.dll_64179716133F47C7.mvfrm
[122/908    0s] MovedFromExtractor Library/Bee/artifacts/mvdfrm/UnityEditor.TreeModule.dll_AC420E8A89BDC8F2.mvfrm
[123/908    0s] MovedFromExtractor Library/Bee/artifacts/mvdfrm/UnityEditor.UIToolkitAuthoringModule.dll_5F2E2D1174632391.mvfrm
[124/908    0s] WriteText Library/Bee/artifacts/2400b0aE.dag/UnityEngine.UI.UnityAdditionalFile.txt
[125/908    0s] WriteText Library/Bee/artifacts/2400b0aE.dag/UnityEngine.UI.rsp2
[126/908    0s] WriteText Library/Bee/artifacts/2400b0aE.dag/UnityEngine.TestRunner.dll.mvfrm.rsp
[127/908    0s] WriteText Library/Bee/artifacts/2400b0aE.dag/UnityEngine.TestRunner.rsp
[128/908    0s] MovedFromExtractor Library/Bee/artifacts/mvdfrm/UnityEditor.UnityConnectModule.dll_7AA4308189DBBBE9.mvfrm
[129/908    0s] MovedFromExtractor Library/Bee/artifacts/mvdfrm/UnityEngine.AIModule.dll_1524AE31AD0209A7.mvfrm
[130/908    0s] MovedFromExtractor Library/Bee/artifacts/mvdfrm/UnityEngine.AndroidJNIModule.dll_5B6A5E869496A2E5.mvfrm
[131/908    0s] MovedFromExtractor Library/Bee/artifacts/mvdfrm/UnityEditor.CoreModule.dll_4E96197C01F833B3.mvfrm
[132/908    0s] MovedFromExtractor Library/Bee/artifacts/mvdfrm/UnityEditor.dll_29CD45755B800772.mvfrm
[133/908    0s] MovedFromExtractor Library/Bee/artifacts/mvdfrm/UnityEngine.AdaptivePerformanceModule.dll_59A58D01B6F73B4F.mvfrm
[134/908    0s] MovedFromExtractor Library/Bee/artifacts/mvdfrm/UnityEditor.TimelineFoundationModule.dll_2E1D1790F02F0508.mvfrm
[135/908    0s] MovedFromExtractor Library/Bee/artifacts/mvdfrm/UnityEngine.AccessibilityModule.dll_83BA5C3CD4766963.mvfrm
[136/908    0s] MovedFromExtractor Library/Bee/artifacts/mvdfrm/UnityEditor.VectorGraphicsModule.dll_9442900188309702.mvfrm
[137/908    0s] MovedFromExtractor Library/Bee/artifacts/mvdfrm/UnityEditor.VideoModule.dll_8A5F2F0FA79F88FB.mvfrm
[138/908    0s] WriteText Library/Bee/artifacts/2400b0aE.dag/UnityEditor.TestRunner.UnityAdditionalFile.txt
[139/908    0s] WriteText Library/Bee/artifacts/2400b0aE.dag/UnityEditor.TestRunner.rsp2
[140/908    0s] WriteText Library/Bee/artifacts/2400b0aE.dag/UnityEngine.UI.dll.mvfrm.rsp
[141/908    0s] MovedFromExtractor Library/Bee/artifacts/mvdfrm/UnityEditor.XRModule.dll_57BAA459C8C0AE5E.mvfrm
[142/908    0s] WriteText Library/Bee/artifacts/2400b0aE.dag/UnityEngine.UI.rsp
[143/908    0s] MovedFromExtractor Library/Bee/artifacts/mvdfrm/UnityEngine.ClusterRendererModule.dll_B3A7C9B3D1523B02.mvfrm
[144/908    0s] MovedFromExtractor Library/Bee/artifacts/mvdfrm/UnityEditor.VFXModule.dll_383EEC32DDA2E768.mvfrm
[145/908    0s] MovedFromExtractor Library/Bee/artifacts/mvdfrm/UnityEditor.ShaderPreprocessorModule.dll_4EBCA22754057268.mvfrm
[146/908    0s] MovedFromExtractor Library/Bee/artifacts/mvdfrm/UnityEditor.ShaderFoundryModule.dll_8FF4C0E8F6AFBE54.mvfrm
[147/908    0s] WriteText Library/Bee/artifacts/2400b0aE.dag/UnityEditor.TestRunner.dll.mvfrm.rsp
[148/908    0s] WriteText Library/Bee/artifacts/2400b0aE.dag/UnityEditor.TestRunner.rsp
[149/908    0s] WriteText Library/Bee/artifacts/2400b0aE.dag/UnityEditor.UI.UnityAdditionalFile.txt
[150/908    0s] WriteText Library/Bee/artifacts/2400b0aE.dag/UnityEditor.UI.rsp2
[151/908    0s] WriteText Library/Bee/artifacts/2400b0aE.dag/UnityEditor.UI.dll.mvfrm.rsp
[152/908    0s] WriteText Library/Bee/artifacts/2400b0aE.dag/UnityEditor.UI.rsp
[153/908    0s] WriteText Library/Bee/artifacts/2400b0aE.dag/Unity.Burst.UnityAdditionalFile.txt
[154/908    0s] WriteText Library/Bee/artifacts/2400b0aE.dag/Unity.Burst.rsp2
[155/908    0s] WriteText Library/Bee/artifacts/2400b0aE.dag/Unity.Burst.dll.mvfrm.rsp
[156/908    0s] WriteText Library/Bee/artifacts/2400b0aE.dag/Unity.Burst.rsp
[157/908    0s] WriteText Library/Bee/artifacts/2400b0aE.dag/Unity.Collections.rsp2
[158/908    0s] WriteText Library/Bee/artifacts/2400b0aE.dag/Unity.Collections.UnityAdditionalFile.txt
[159/908    0s] WriteText Library/Bee/artifacts/2400b0aE.dag/Unity.Collections.dll.mvfrm.rsp
[160/908    0s] WriteText Library/Bee/artifacts/2400b0aE.dag/Unity.Collections.rsp
[161/908    0s] WriteText Library/Bee/artifacts/2400b0aE.dag/Unity.InputSystem.UnityAdditionalFile.txt
[162/908    0s] MovedFromExtractor Library/Bee/artifacts/mvdfrm/UnityEditor.SubstanceModule.dll_723A715061F4BAB0.mvfrm
[163/908    0s] WriteText Library/Bee/artifacts/2400b0aE.dag/Unity.InputSystem.rsp2
[164/908    0s] WriteText Library/Bee/artifacts/2400b0aE.dag/Unity.InputSystem.dll.mvfrm.rsp
[165/908    0s] WriteText Library/Bee/artifacts/2400b0aE.dag/Unity.InputSystem.rsp
[166/908    0s] WriteText Library/Bee/artifacts/2400b0aE.dag/Unity.Collections.CodeGen.UnityAdditionalFile.txt
[167/908    0s] WriteText Library/Bee/artifacts/2400b0aE.dag/Unity.Collections.CodeGen.rsp2
[168/908    0s] WriteText Library/Bee/artifacts/2400b0aE.dag/Unity.RenderPipelines.Core.Runtime.UnityAdditionalFile.txt
[169/908    0s] WriteText Library/Bee/artifacts/2400b0aE.dag/Unity.RenderPipelines.Core.Runtime.rsp2
[170/908    0s] WriteText Library/Bee/artifacts/2400b0aE.dag/Unity.UnifiedRayTracing.Runtime.rsp2
[171/908    0s] WriteText Library/Bee/artifacts/2400b0aE.dag/Unity.UnifiedRayTracing.Runtime.UnityAdditionalFile.txt
[172/908    0s] WriteText Library/Bee/artifacts/2400b0aE.dag/Unity.RenderPipelines.Core.Runtime.dll.mvfrm.rsp
[173/908    0s] WriteText Library/Bee/artifacts/2400b0aE.dag/Unity.UnifiedRayTracing.Runtime.dll.mvfrm.rsp
[174/908    0s] WriteText Library/Bee/artifacts/2400b0aE.dag/Unity.RenderPipelines.Core.Runtime.rsp
[175/908    0s] WriteText Library/Bee/artifacts/2400b0aE.dag/Unity.UnifiedRayTracing.Runtime.rsp
[176/908    0s] WriteText Library/Bee/artifacts/2400b0aE.dag/Unity.Collections.CodeGen.dll.mvfrm.rsp
[177/908    0s] MovedFromExtractor Library/Bee/artifacts/mvdfrm/UnityEditor.ShaderCompilationModule.dll_73EE61DE7868F81E.mvfrm
[178/908    0s] WriteText Library/Bee/artifacts/2400b0aE.dag/Unity.Collections.CodeGen.rsp
[179/908    0s] WriteText Library/Bee/artifacts/2400b0aE.dag/Unity.VisualScripting.Core.rsp2
[180/908    0s] WriteText Library/Bee/artifacts/2400b0aE.dag/Unity.PathTracing.Runtime.rsp2
[181/908    0s] MovedFromExtractor Library/Bee/artifacts/mvdfrm/UnityEngine.AnimationModule.dll_96E0609FAC99B749.mvfrm
[182/908    0s] WriteText Library/Bee/artifacts/2400b0aE.dag/Unity.VisualScripting.Core.UnityAdditionalFile.txt
[183/908    0s] WriteText Library/Bee/artifacts/2400b0aE.dag/Unity.PathTracing.Runtime.UnityAdditionalFile.txt
[184/908    0s] WriteText Library/Bee/artifacts/2400b0aE.dag/Unity.Profiling.Core.UnityAdditionalFile.txt
[185/908    0s] WriteText Library/Bee/artifacts/2400b0aE.dag/Unity.Profiling.Core.rsp2
[186/908    0s] WriteText Library/Bee/artifacts/2400b0aE.dag/Unity.VisualScripting.Core.dll.mvfrm.rsp
[187/908    0s] WriteText Library/Bee/artifacts/2400b0aE.dag/Unity.PathTracing.Runtime.dll.mvfrm.rsp
[188/908    0s] WriteText Library/Bee/artifacts/2400b0aE.dag/Unity.VisualScripting.Core.rsp
[189/908    0s] WriteText Library/Bee/artifacts/2400b0aE.dag/Unity.Profiling.Core.dll.mvfrm.rsp
[190/908    0s] WriteText Library/Bee/artifacts/2400b0aE.dag/Unity.PathTracing.Runtime.rsp
[191/908    0s] WriteText Library/Bee/artifacts/2400b0aE.dag/Unity.Profiling.Core.rsp
[192/908    0s] WriteText Library/Bee/artifacts/2400b0aE.dag/Unity.InternalAPIEngineBridge.RenderPipelines.Core.Runtime.Shared.rsp2
[193/908    0s] WriteText Library/Bee/artifacts/2400b0aE.dag/Unity.InternalAPIEngineBridge.RenderPipelines.Core.Runtime.Shared.UnityAdditionalFile.txt
[194/908    0s] WriteText Library/Bee/artifacts/2400b0aE.dag/Unity.RenderPipelines.GPUDriven.Runtime.rsp2
[195/908    0s] WriteText Library/Bee/artifacts/2400b0aE.dag/Unity.RenderPipelines.GPUDriven.Runtime.UnityAdditionalFile.txt
[196/908    0s] WriteText Library/Bee/artifacts/2400b0aE.dag/Unity.VisualScripting.Flow.UnityAdditionalFile.txt
[197/908    0s] WriteText Library/Bee/artifacts/2400b0aE.dag/Unity.InternalAPIEngineBridge.RenderPipelines.Core.Runtime.Shared.dll.mvfrm.rsp
[198/908    0s] WriteText Library/Bee/artifacts/2400b0aE.dag/Unity.InternalAPIEngineBridge.RenderPipelines.Core.Runtime.Shared.rsp
[199/908    0s] WriteText Library/Bee/artifacts/2400b0aE.dag/Unity.InternalAPIEngineBridge.RenderPipelines.Core.Editor.rsp2
[200/908    0s] WriteText Library/Bee/artifacts/2400b0aE.dag/Unity.InternalAPIEngineBridge.RenderPipelines.Core.Editor.UnityAdditionalFile.txt
[201/908    0s] WriteText Library/Bee/artifacts/2400b0aE.dag/Unity.PathTracing.Editor.rsp2
[202/908    0s] WriteText Library/Bee/artifacts/2400b0aE.dag/Unity.PathTracing.Editor.UnityAdditionalFile.txt
[203/908    0s] WriteText Library/Bee/artifacts/2400b0aE.dag/Unity.VisualScripting.Core.Editor.rsp2
[204/908    0s] WriteText Library/Bee/artifacts/2400b0aE.dag/Unity.RenderPipelines.Core.Runtime.Shared.UnityAdditionalFile.txt
[205/908    0s] WriteText Library/Bee/artifacts/2400b0aE.dag/Unity.VisualScripting.Flow.rsp2
[206/908    0s] WriteText Library/Bee/artifacts/2400b0aE.dag/Unity.VisualScripting.Core.Editor.UnityAdditionalFile.txt
[207/908    0s] WriteText Library/Bee/artifacts/2400b0aE.dag/Unity.RenderPipelines.Core.Runtime.Shared.rsp2
[208/908    0s] WriteText Library/Bee/artifacts/2400b0aE.dag/Unity.RenderPipelines.GPUDriven.Runtime.dll.mvfrm.rsp
[209/908    0s] WriteText Library/Bee/artifacts/2400b0aE.dag/Unity.RenderPipeline.Universal.ShaderLibrary.rsp2
[210/908    0s] WriteText Library/Bee/artifacts/2400b0aE.dag/Unity.RenderPipeline.Universal.ShaderLibrary.UnityAdditionalFile.txt
[211/908    0s] WriteText Library/Bee/artifacts/2400b0aE.dag/Unity.RenderPipelines.GPUDriven.Runtime.rsp
[212/908    0s] WriteText Library/Bee/artifacts/2400b0aE.dag/Unity.SurfaceCache.Runtime.rsp2
[213/908    0s] WriteText Library/Bee/artifacts/2400b0aE.dag/Unity.SurfaceCache.Runtime.UnityAdditionalFile.txt
[214/908    0s] WriteText Library/Bee/artifacts/2400b0aE.dag/Unity.InternalAPIEngineBridge.ObjectDispatcher.Runtime.rsp2
[215/908    0s] WriteText Library/Bee/artifacts/2400b0aE.dag/Unity.VisualScripting.Flow.dll.mvfrm.rsp
[216/908    0s] WriteText Library/Bee/artifacts/2400b0aE.dag/Unity.RenderPipelines.Universal.Config.Runtime.UnityAdditionalFile.txt
[217/908    0s] WriteText Library/Bee/artifacts/2400b0aE.dag/Unity.RenderPipelines.Universal.Config.Runtime.rsp2
[218/908    0s] WriteText Library/Bee/artifacts/2400b0aE.dag/Unity.InternalAPIEngineBridge.ObjectDispatcher.Runtime.UnityAdditionalFile.txt
[219/908    0s] WriteText Library/Bee/artifacts/2400b0aE.dag/Unity.InternalAPIEngineBridge.RenderPipelines.Core.Editor.dll.mvfrm.rsp
[220/908    0s] WriteText Library/Bee/artifacts/2400b0aE.dag/Unity.InternalAPIEngineBridge.RenderPipelines.Core.Editor.rsp
[221/908    0s] WriteText Library/Bee/artifacts/2400b0aE.dag/Unity.VisualScripting.Flow.rsp
[222/908    0s] WriteText Library/Bee/artifacts/2400b0aE.dag/Unity.PathTracing.Editor.dll.mvfrm.rsp
[223/908    0s] WriteText Library/Bee/artifacts/2400b0aE.dag/Unity.PathTracing.Editor.rsp
[224/908    0s] WriteText Library/Bee/artifacts/2400b0aE.dag/Unity.RenderPipelines.Core.Runtime.Shared.dll.mvfrm.rsp
[225/908    0s] WriteText Library/Bee/artifacts/2400b0aE.dag/Unity.VisualScripting.Core.Editor.dll.mvfrm.rsp
[226/908    0s] WriteText Library/Bee/artifacts/2400b0aE.dag/Unity.SurfaceCache.Runtime.dll.mvfrm.rsp
[227/908    0s] MovedFromExtractor Library/Bee/artifacts/mvdfrm/UnityEditor.SketchUpModule.dll_99D7257B9F2C790B.mvfrm
[228/908    0s] WriteText Library/Bee/artifacts/2400b0aE.dag/Unity.RenderPipeline.Universal.ShaderLibrary.dll.mvfrm.rsp
[229/908    0s] WriteText Library/Bee/artifacts/2400b0aE.dag/Unity.RenderPipelines.Core.Runtime.Shared.rsp
[230/908    0s] WriteText Library/Bee/artifacts/2400b0aE.dag/Unity.InternalAPIEngineBridge.ObjectDispatcher.Runtime.dll.mvfrm.rsp
[231/908    0s] WriteText Library/Bee/artifacts/2400b0aE.dag/Unity.VisualScripting.Core.Editor.rsp
[232/908    0s] WriteText Library/Bee/artifacts/2400b0aE.dag/Unity.SurfaceCache.Runtime.rsp
[233/908    0s] WriteText Library/Bee/artifacts/2400b0aE.dag/Unity.RenderPipelines.Universal.Config.Runtime.dll.mvfrm.rsp
[234/908    0s] WriteText Library/Bee/artifacts/2400b0aE.dag/Unity.RenderPipelines.Universal.Config.Runtime.rsp
[235/908    0s] WriteText Library/Bee/artifacts/2400b0aE.dag/Unity.RenderPipelines.Core.Editor.rsp2
[236/908    0s] WriteText Library/Bee/artifacts/2400b0aE.dag/Unity.RenderPipeline.Universal.ShaderLibrary.rsp
[237/908    0s] WriteText Library/Bee/artifacts/2400b0aE.dag/Unity.RenderPipelines.Universal.Runtime.rsp2
[238/908    0s] WriteText Library/Bee/artifacts/2400b0aE.dag/Unity.RenderPipelines.Universal.Runtime.UnityAdditionalFile.txt
[239/908    0s] WriteText Library/Bee/artifacts/2400b0aE.dag/Unity.VisualScripting.Flow.Editor.UnityAdditionalFile.txt
[240/908    0s] WriteText Library/Bee/artifacts/2400b0aE.dag/Unity.RenderPipelines.Core.Editor.UnityAdditionalFile.txt
[241/908    0s] WriteText Library/Bee/artifacts/2400b0aE.dag/Unity.VisualScripting.State.UnityAdditionalFile.txt
[242/908    0s] WriteText Library/Bee/artifacts/2400b0aE.dag/Unity.InternalAPIEngineBridge.ObjectDispatcher.Runtime.rsp
[243/908    0s] WriteText Library/Bee/artifacts/2400b0aE.dag/Unity.VisualScripting.State.rsp2
[244/908    0s] WriteText Library/Bee/artifacts/2400b0aE.dag/Unity.Searcher.Editor.UnityAdditionalFile.txt
[245/908    0s] WriteText Library/Bee/artifacts/2400b0aE.dag/Unity.VisualScripting.Flow.Editor.rsp2
[246/908    0s] WriteText Library/Bee/artifacts/2400b0aE.dag/Unity.Searcher.Editor.rsp2
[247/908    0s] WriteText Library/Bee/artifacts/2400b0aE.dag/Unity.InternalAPIEngineBridge.004.UnityAdditionalFile.txt
[248/908    0s] MovedFromExtractor Library/Bee/artifacts/mvdfrm/UnityEditor.ShaderBuildSettingsModule.dll_A13C3EF44EB1198C.mvfrm
[249/908    0s] WriteText Library/Bee/artifacts/2400b0aE.dag/Unity.InternalAPIEngineBridge.004.rsp2
[250/908    0s] WriteText Library/Bee/artifacts/2400b0aE.dag/Unity.InternalAPIEditorBridge.ShaderGraph.Editor.UnityAdditionalFile.txt
[251/908    0s] WriteText Library/Bee/artifacts/2400b0aE.dag/Unity.InternalAPIEditorBridge.ShaderGraph.Editor.rsp2
[252/908    0s] WriteText Library/Bee/artifacts/2400b0aE.dag/Unity.GraphAuthoring.Editor.rsp2
[253/908    0s] WriteText Library/Bee/artifacts/2400b0aE.dag/Unity.AI.Navigation.UnityAdditionalFile.txt
[254/908    0s] WriteText Library/Bee/artifacts/2400b0aE.dag/Unity.RenderPipelines.Core.Editor.dll.mvfrm.rsp
[255/908    0s] WriteText Library/Bee/artifacts/2400b0aE.dag/Unity.AI.Navigation.Editor.ConversionSystem.rsp2
[256/908    0s] MovedFromExtractor Library/Bee/artifacts/mvdfrm/UnityEditor.SceneViewModule.dll_070AC77EC75FAFB1.mvfrm
[257/908    0s] WriteText Library/Bee/artifacts/2400b0aE.dag/Unity.AI.Navigation.Editor.ConversionSystem.UnityAdditionalFile.txt
[258/908    0s] WriteText Library/Bee/artifacts/2400b0aE.dag/Unity.GraphAuthoring.Editor.UnityAdditionalFile.txt
[259/908    0s] WriteText Library/Bee/artifacts/2400b0aE.dag/Unity.ShaderGraph.Utilities.rsp2
[260/908    0s] WriteText Library/Bee/artifacts/2400b0aE.dag/Unity.RenderPipelines.Universal.Runtime.dll.mvfrm.rsp
[261/908    0s] WriteText Library/Bee/artifacts/2400b0aE.dag/Unity.ShaderGraph.Utilities.UnityAdditionalFile.txt
[262/908    0s] WriteText Library/Bee/artifacts/2400b0aE.dag/Unity.AI.Navigation.rsp2
[263/908    0s] WriteText Library/Bee/artifacts/2400b0aE.dag/Unity.VisualScripting.State.dll.mvfrm.rsp
[264/908    0s] WriteText Library/Bee/artifacts/2400b0aE.dag/Unity.RenderPipelines.Universal.Runtime.rsp
[265/908    0s] WriteText Library/Bee/artifacts/2400b0aE.dag/Unity.RenderPipelines.Core.Editor.rsp
[266/908    0s] WriteText Library/Bee/artifacts/2400b0aE.dag/Unity.InternalAPIEditorBridge.ShaderGraph.Editor.dll.mvfrm.rsp
[267/908    0s] WriteText Library/Bee/artifacts/2400b0aE.dag/Unity.VisualScripting.Flow.Editor.dll.mvfrm.rsp
[268/908    0s] WriteText Library/Bee/artifacts/2400b0aE.dag/Unity.GraphAuthoring.Editor.dll.mvfrm.rsp
[269/908    0s] WriteText Library/Bee/artifacts/2400b0aE.dag/Unity.Searcher.Editor.dll.mvfrm.rsp
[270/908    0s] WriteText Library/Bee/artifacts/2400b0aE.dag/Unity.VisualScripting.Flow.Editor.rsp
[271/908    0s] WriteText Library/Bee/artifacts/2400b0aE.dag/Unity.AI.Navigation.dll.mvfrm.rsp
[272/908    0s] WriteText Library/Bee/artifacts/2400b0aE.dag/Unity.AI.Navigation.Editor.ConversionSystem.dll.mvfrm.rsp
[273/908    0s] MovedFromExtractor Library/Bee/artifacts/mvdfrm/UnityEditor.SceneTemplateModule.dll_5114F0A5D40041C6.mvfrm
[274/908    0s] WriteText Library/Bee/artifacts/2400b0aE.dag/Unity.InternalAPIEngineBridge.004.rsp
[275/908    0s] WriteText Library/Bee/artifacts/2400b0aE.dag/Unity.InternalAPIEngineBridge.004.dll.mvfrm.rsp
[276/908    0s] WriteText Library/Bee/artifacts/2400b0aE.dag/Unity.InternalAPIEditorBridge.ShaderGraph.Editor.rsp
[277/908    0s] WriteText Library/Bee/artifacts/2400b0aE.dag/Unity.VisualScripting.State.rsp
[278/908    0s] WriteText Library/Bee/artifacts/2400b0aE.dag/Unity.Searcher.Editor.rsp
[279/908    0s] WriteText Library/Bee/artifacts/2400b0aE.dag/Unity.AI.Navigation.rsp
[280/908    0s] WriteText Library/Bee/artifacts/2400b0aE.dag/Unity.GraphAuthoring.Editor.rsp
[281/908    0s] WriteText Library/Bee/artifacts/2400b0aE.dag/Unity.ShaderGraph.Utilities.dll.mvfrm.rsp
[282/908    0s] WriteText Library/Bee/artifacts/2400b0aE.dag/Unity.PlasticSCM.Editor.rsp2
[283/908    0s] WriteText Library/Bee/artifacts/2400b0aE.dag/Unity.ShaderGraph.Utilities.rsp
[284/908    0s] WriteText Library/Bee/artifacts/2400b0aE.dag/Unity.PlasticSCM.Editor.UnityAdditionalFile.txt
[285/908    0s] WriteText Library/Bee/artifacts/2400b0aE.dag/Unity.AI.Navigation.Editor.ConversionSystem.rsp
[286/908    0s] WriteText Library/Bee/artifacts/2400b0aE.dag/Unity.ShaderGraph.Editor.rsp2
[287/908    0s] WriteText Library/Bee/artifacts/2400b0aE.dag/Unity.ShaderGraph.Editor.UnityAdditionalFile.txt
[288/908    0s] MovedFromExtractor Library/Bee/artifacts/mvdfrm/UnityEditor.TextCoreTextEngineModule.dll_73BFCEF5E56058EF.mvfrm
[289/908    0s] WriteText Library/Bee/artifacts/2400b0aE.dag/Unity.RenderPipelines.Core.Editor.Shared.UnityAdditionalFile.txt
[290/908    0s] WriteText Library/Bee/artifacts/2400b0aE.dag/Unity.PlasticSCM.Editor.dll.mvfrm.rsp
[291/908    0s] WriteText Library/Bee/artifacts/2400b0aE.dag/Unity.TextMeshPro.UnityAdditionalFile.txt
[292/908    0s] WriteText Library/Bee/artifacts/2400b0aE.dag/Unity.VisualScripting.State.Editor.UnityAdditionalFile.txt
[293/908    0s] WriteText Library/Bee/artifacts/2400b0aE.dag/Unity.VisualScripting.State.Editor.rsp2
[294/908    0s] WriteText Library/Bee/artifacts/2400b0aE.dag/Unity.RenderPipelines.Universal.2D.Runtime.rsp2
[295/908    0s] WriteText Library/Bee/artifacts/2400b0aE.dag/Unity.RenderPipelines.Core.Editor.Shared.rsp2
[296/908    0s] WriteText Library/Bee/artifacts/2400b0aE.dag/Unity.RenderPipelines.Universal.2D.Runtime.UnityAdditionalFile.txt
[297/908    0s] WriteText Library/Bee/artifacts/2400b0aE.dag/Unity.Timeline.rsp2
[298/908    0s] WriteText Library/Bee/artifacts/2400b0aE.dag/Unity.TextMeshPro.rsp2
[299/908    0s] WriteText Library/Bee/artifacts/2400b0aE.dag/Unity.InputSystem.ForUI.rsp2
[300/908    0s] WriteText Library/Bee/artifacts/2400b0aE.dag/Unity.AI.Navigation.Editor.rsp2
[301/908    0s] WriteText Library/Bee/artifacts/2400b0aE.dag/Unity.InputSystem.ForUI.UnityAdditionalFile.txt
[302/908    0s] WriteText Library/Bee/artifacts/2400b0aE.dag/Unity.PlasticSCM.Editor.rsp
[303/908    0s] WriteText Library/Bee/artifacts/2400b0aE.dag/Unity.Timeline.UnityAdditionalFile.txt
[304/908    0s] WriteText Library/Bee/artifacts/2400b0aE.dag/Unity.ShaderGraph.Editor.dll.mvfrm.rsp
[305/908    0s] WriteText Library/Bee/artifacts/2400b0aE.dag/Unity.TextMeshPro.dll.mvfrm.rsp
[306/908    0s] WriteText Library/Bee/artifacts/2400b0aE.dag/Unity.AI.Navigation.Editor.UnityAdditionalFile.txt
[307/908    0s] WriteText Library/Bee/artifacts/2400b0aE.dag/Unity.RenderPipelines.Core.Editor.Shared.dll.mvfrm.rsp
[308/908    0s] WriteText Library/Bee/artifacts/2400b0aE.dag/Unity.RenderPipelines.Universal.2D.Runtime.dll.mvfrm.rsp
[309/908    0s] WriteText Library/Bee/artifacts/2400b0aE.dag/Unity.RenderPipelines.Universal.2D.Runtime.rsp
[310/908    0s] WriteText Library/Bee/artifacts/2400b0aE.dag/Unity.ShaderGraph.Editor.rsp
[311/908    0s] WriteText Library/Bee/artifacts/2400b0aE.dag/Unity.VisualScripting.State.Editor.rsp
[312/908    0s] WriteText Library/Bee/artifacts/2400b0aE.dag/Unity.AI.Navigation.Editor.rsp
[313/908    0s] WriteText Library/Bee/artifacts/2400b0aE.dag/Unity.Timeline.rsp
[314/908    0s] WriteText Library/Bee/artifacts/2400b0aE.dag/Unity.InputSystem.ForUI.dll.mvfrm.rsp
[315/908    0s] WriteText Library/Bee/artifacts/2400b0aE.dag/Unity.AI.Navigation.Editor.dll.mvfrm.rsp
[316/908    0s] WriteText Library/Bee/artifacts/2400b0aE.dag/Unity.VisualScripting.State.Editor.dll.mvfrm.rsp
[317/908    0s] WriteText Library/Bee/artifacts/2400b0aE.dag/Unity.Rider.Editor.rsp2
[318/908    0s] WriteText Library/Bee/artifacts/2400b0aE.dag/Unity.Rider.Editor.UnityAdditionalFile.txt
[319/908    0s] WriteText Library/Bee/artifacts/2400b0aE.dag/Unity.VisualStudio.Editor.rsp2
[320/908    0s] WriteText Library/Bee/artifacts/2400b0aE.dag/Unity.Collections.Tests.CoreCLR.PublicJobPrivateGeneric.UnityAdditionalFile.txt
[321/908    0s] WriteText Library/Bee/artifacts/2400b0aE.dag/Unity.Timeline.dll.mvfrm.rsp
[322/908    0s] WriteText Library/Bee/artifacts/2400b0aE.dag/Unity.TextMeshPro.rsp
[323/908    0s] WriteText Library/Bee/artifacts/2400b0aE.dag/Unity.RenderPipelines.Core.Editor.Shared.rsp
[324/908    0s] WriteText Library/Bee/artifacts/2400b0aE.dag/Unity.InputSystem.ForUI.Editor.UnityAdditionalFile.txt
[325/908    0s] WriteText Library/Bee/artifacts/2400b0aE.dag/Unity.PlasticSCM.Editor.Assistant.UnityAdditionalFile.txt
[326/908    0s] WriteText Library/Bee/artifacts/2400b0aE.dag/Unity.InputSystem.ForUI.rsp
[327/908    0s] WriteText Library/Bee/artifacts/2400b0aE.dag/Unity.VisualStudio.Editor.UnityAdditionalFile.txt
[328/908    0s] WriteText Library/Bee/artifacts/2400b0aE.dag/Unity.Collections.Tests.CoreCLR.PublicJobPrivateGeneric.rsp2
[329/908    0s] WriteText Library/Bee/artifacts/2400b0aE.dag/Unity.VisualScripting.SettingsProvider.Editor.rsp2
[330/908    0s] WriteText Library/Bee/artifacts/2400b0aE.dag/Unity.RenderPipelines.Universal.Editor.rsp2
[331/908    0s] WriteText Library/Bee/artifacts/2400b0aE.dag/Unity.RenderPipelines.ShaderGraph.ShaderGraphLibrary.UnityAdditionalFile.txt
[332/908    0s] WriteText Library/Bee/artifacts/2400b0aE.dag/Unity.Timeline.Editor.UnityAdditionalFile.txt
[333/908    0s] WriteText Library/Bee/artifacts/2400b0aE.dag/Unity.RenderPipelines.ShaderGraph.ShaderGraphLibrary.rsp2
[334/908    0s] WriteText Library/Bee/artifacts/2400b0aE.dag/Unity.VisualScripting.SettingsProvider.Editor.UnityAdditionalFile.txt
[335/908    0s] WriteText Library/Bee/artifacts/2400b0aE.dag/Unity.RenderPipelines.Universal.2D.Editor.Overrides.UnityAdditionalFile.txt
[336/908    0s] WriteText Library/Bee/artifacts/2400b0aE.dag/Unity.RenderPipelines.Universal.Editor.UnityAdditionalFile.txt
[337/908    0s] WriteText Library/Bee/artifacts/2400b0aE.dag/Unity.RenderPipelines.Universal.Shaders.rsp2
[338/908    0s] WriteText Library/Bee/artifacts/2400b0aE.dag/Unity.RenderPipelines.Universal.2D.Editor.Overrides.rsp2
[339/908    0s] WriteText Library/Bee/artifacts/2400b0aE.dag/Unity.VisualScripting.Shared.Editor.UnityAdditionalFile.txt
[340/908    0s] WriteText Library/Bee/artifacts/2400b0aE.dag/Unity.Collections.Tests.CoreCLR.ProtectedJobNested.rsp2
[341/908    0s] WriteText Library/Bee/artifacts/2400b0aE.dag/Unity.RenderPipelines.Core.ShaderLibrary.UnityAdditionalFile.txt
[342/908    0s] WriteText Library/Bee/artifacts/2400b0aE.dag/Unity.InputSystem.ForUI.Editor.rsp2
[343/908    0s] WriteText Library/Bee/artifacts/2400b0aE.dag/Unity.PlasticSCM.Editor.Assistant.rsp2
[344/908    0s] WriteText Library/Bee/artifacts/2400b0aE.dag/Unity.RenderPipelines.Universal.Shaders.UnityAdditionalFile.txt
[345/908    0s] WriteText Library/Bee/artifacts/2400b0aE.dag/Unity.RenderPipelines.Core.ShaderLibrary.rsp2
[346/908    0s] WriteText Library/Bee/artifacts/2400b0aE.dag/Unity.2D.Tilemap.Editor.rsp2
[347/908    0s] WriteText Library/Bee/artifacts/2400b0aE.dag/Unity.Collections.Editor.UnityAdditionalFile.txt
[348/908    0s] WriteText Library/Bee/artifacts/2400b0aE.dag/Unity.AI.Navigation.Updater.UnityAdditionalFile.txt
[349/908    0s] WriteText Library/Bee/artifacts/2400b0aE.dag/UnityEditor.UI.Analytics.UnityAdditionalFile.txt
[350/908    0s] WriteText Library/Bee/artifacts/2400b0aE.dag/Unity.Collections.Tests.CoreCLR.InternalJobNestedPrivate.UnityAdditionalFile.txt
[351/908    0s] WriteText Library/Bee/artifacts/2400b0aE.dag/Unity.AI.Navigation.Updater.rsp2
[352/908    0s] WriteText Library/Bee/artifacts/2400b0aE.dag/Unity.TextMeshPro.Editor.UnityAdditionalFile.txt
[353/908    0s] WriteText Library/Bee/artifacts/2400b0aE.dag/Unity.2D.Tilemap.Editor.UnityAdditionalFile.txt
[354/908    0s] WriteText Library/Bee/artifacts/2400b0aE.dag/Unity.Collections.Tests.CoreCLR.PrivateJobNested.UnityAdditionalFile.txt
[355/908    0s] WriteText Library/Bee/artifacts/2400b0aE.dag/Unity.Collections.Tests.CoreCLR.InternalJobNestedPrivate.rsp2
[356/908    0s] WriteText Library/Bee/artifacts/2400b0aE.dag/UnityEditor.UI.Analytics.rsp2
[357/908    0s] WriteText Library/Bee/artifacts/2400b0aE.dag/Unity.Collections.Editor.rsp2
[358/908    0s] WriteText Library/Bee/artifacts/2400b0aE.dag/Unity.VisualScripting.Shared.Editor.rsp2
[359/908    0s] WriteText Library/Bee/artifacts/2400b0aE.dag/Unity.Rendering.LightTransport.Editor.UnityAdditionalFile.txt
[360/908    0s] WriteText Library/Bee/artifacts/2400b0aE.dag/Unity.Timeline.Editor.rsp2
[361/908    0s] WriteText Library/Bee/artifacts/2400b0aE.dag/Unity.VisualStudio.Editor.dll.mvfrm.rsp
[362/908    0s] WriteText Library/Bee/artifacts/2400b0aE.dag/Unity.RenderPipelines.Universal.Editor.dll.mvfrm.rsp
[363/908    0s] WriteText Library/Bee/artifacts/2400b0aE.dag/Unity.Rendering.LightTransport.Editor.dll.mvfrm.rsp
[364/908    0s] WriteText Library/Bee/artifacts/2400b0aE.dag/Unity.RenderPipelines.Universal.Shaders.dll.mvfrm.rsp
[365/908    0s] WriteText Library/Bee/artifacts/2400b0aE.dag/UnityEditor.UI.Analytics.dll.mvfrm.rsp
[366/908    0s] WriteText Library/Bee/artifacts/2400b0aE.dag/Unity.2D.Tilemap.Editor.dll.mvfrm.rsp
[367/908    0s] WriteText Library/Bee/artifacts/2400b0aE.dag/Unity.AI.Navigation.Updater.dll.mvfrm.rsp
[368/908    0s] WriteText Library/Bee/artifacts/2400b0aE.dag/Unity.Collections.Editor.dll.mvfrm.rsp
[369/908    0s] WriteText Library/Bee/artifacts/2400b0aE.dag/Unity.Collections.Tests.CoreCLR.InternalJobNestedPrivate.dll.mvfrm.rsp
[370/908    0s] WriteText Library/Bee/artifacts/2400b0aE.dag/Unity.TextMeshPro.Editor.dll.mvfrm.rsp
[371/908    0s] WriteText Library/Bee/artifacts/2400b0aE.dag/Unity.Rendering.LightTransport.Editor.rsp2
[372/908    0s] WriteText Library/Bee/artifacts/2400b0aE.dag/Unity.Collections.Tests.CoreCLR.ProtectedJobNested.UnityAdditionalFile.txt
[373/908    0s] WriteText Library/Bee/artifacts/2400b0aE.dag/Unity.Collections.Tests.CoreCLR.PrivateJobNested.dll.mvfrm.rsp
[374/908    0s] WriteText Library/Bee/artifacts/2400b0aE.dag/Unity.Collections.Tests.CoreCLR.PublicJobPrivateGeneric.dll.mvfrm.rsp
[375/908    0s] WriteText Library/Bee/artifacts/2400b0aE.dag/Unity.TextMeshPro.Editor.rsp2
[376/908    0s] WriteText Library/Bee/artifacts/2400b0aE.dag/Unity.Collections.Tests.CoreCLR.PrivateJobNested.rsp2
[377/908    0s] WriteText Library/Bee/artifacts/2400b0aE.dag/Unity.InputSystem.ForUI.Editor.dll.mvfrm.rsp
[378/908    0s] WriteText Library/Bee/artifacts/2400b0aE.dag/Unity.Rider.Editor.dll.mvfrm.rsp
[379/908    0s] WriteText Library/Bee/artifacts/2400b0aE.dag/Unity.VisualScripting.SettingsProvider.Editor.dll.mvfrm.rsp
[380/908    0s] WriteText Library/Bee/artifacts/2400b0aE.dag/Unity.RenderPipelines.Core.ShaderLibrary.dll.mvfrm.rsp
[381/908    0s] WriteText Library/Bee/artifacts/2400b0aE.dag/Unity.PlasticSCM.Editor.Assistant.dll.mvfrm.rsp
[382/908    0s] WriteText Library/Bee/artifacts/2400b0aE.dag/Unity.VisualScripting.Shared.Editor.dll.mvfrm.rsp
[383/908    0s] WriteText Library/Bee/artifacts/2400b0aE.dag/Unity.RenderPipelines.ShaderGraph.ShaderGraphLibrary.dll.mvfrm.rsp
[384/908    0s] WriteText Library/Bee/artifacts/2400b0aE.dag/Unity.Timeline.Editor.dll.mvfrm.rsp
[385/908    0s] WriteText Library/Bee/artifacts/2400b0aE.dag/Unity.RenderPipelines.Universal.2D.Editor.Overrides.dll.mvfrm.rsp
[386/908    0s] WriteText Library/Bee/artifacts/2400b0aE.dag/Unity.Collections.Tests.CoreCLR.ProtectedJobNested.dll.mvfrm.rsp
[387/908    0s] WriteText Library/Bee/artifacts/2400b0aE.dag/Unity.VisualStudio.Editor.rsp
[388/908    0s] WriteText Library/Bee/artifacts/2400b0aE.dag/Unity.VisualScripting.Shared.Editor.rsp
[389/908    0s] WriteText Library/Bee/artifacts/2400b0aE.dag/Unity.VisualScripting.SettingsProvider.Editor.rsp
[390/908    0s] WriteText Library/Bee/artifacts/2400b0aE.dag/Unity.RenderPipelines.ShaderGraph.ShaderGraphLibrary.rsp
[391/908    0s] WriteText Library/Bee/artifacts/2400b0aE.dag/Unity.Collections.Editor.rsp
[392/908    0s] WriteText Library/Bee/artifacts/2400b0aE.dag/Unity.Rider.Editor.rsp
[393/908    0s] WriteText Library/Bee/artifacts/2400b0aE.dag/Unity.Collections.Tests.CoreCLR.InternalJobNestedPrivate.rsp
[394/908    0s] WriteText Library/Bee/artifacts/2400b0aE.dag/Unity.Collections.Tests.CoreCLR.ProtectedJobNested.rsp
[395/908    0s] WriteText Library/Bee/artifacts/2400b0aE.dag/Unity.Timeline.Editor.rsp
[396/908    0s] WriteText Library/Bee/artifacts/2400b0aE.dag/Unity.Collections.Tests.CoreCLR.PublicJobPrivateGeneric.rsp
[397/908    0s] WriteText Library/Bee/artifacts/2400b0aE.dag/UnityEditor.UI.Analytics.rsp
[398/908    0s] WriteText Library/Bee/artifacts/2400b0aE.dag/Unity.2D.Tilemap.Editor.rsp
[399/908    0s] WriteText Library/Bee/artifacts/2400b0aE.dag/Unity.Collections.Tests.CoreCLR.PrivateJobNested.rsp
[400/908    0s] WriteText Library/Bee/artifacts/2400b0aE.dag/Unity.AI.Navigation.Updater.rsp
[401/908    0s] WriteText Library/Bee/artifacts/2400b0aE.dag/Unity.RenderPipelines.Core.ShaderLibrary.rsp
[402/908    0s] WriteText Library/Bee/artifacts/2400b0aE.dag/Unity.InputSystem.ForUI.Editor.rsp
[403/908    0s] WriteText Library/Bee/artifacts/2400b0aE.dag/Unity.PlasticSCM.Editor.Assistant.rsp
[404/908    0s] WriteText Library/Bee/artifacts/2400b0aE.dag/Unity.RenderPipelines.Universal.2D.Editor.Overrides.rsp
[405/908    0s] WriteText Library/Bee/artifacts/2400b0aE.dag/Unity.RenderPipelines.Universal.Editor.rsp
[406/908    0s] WriteText Library/Bee/artifacts/2400b0aE.dag/Unity.PerformanceTesting.UnityAdditionalFile.txt
[407/908    0s] WriteText Library/Bee/artifacts/2400b0aE.dag/Unity.RenderPipelines.Universal.Shaders.rsp
[408/908    0s] WriteText Library/Bee/artifacts/2400b0aE.dag/Unity.PerformanceTesting.rsp2
[409/908    0s] WriteText Library/Bee/artifacts/2400b0aE.dag/Unity.PerformanceTesting.dll.mvfrm.rsp
[410/908    0s] WriteText Library/Bee/artifacts/2400b0aE.dag/Unity.PerformanceTesting.rsp
[411/908    0s] WriteText Library/Bee/artifacts/2400b0aE.dag/Unity.Rendering.LightTransport.Editor.rsp
[412/908    0s] WriteText Library/Bee/artifacts/2400b0aE.dag/Assembly-CSharp.dll.mvfrm.rsp
[413/908    0s] WriteText Library/Bee/artifacts/2400b0aE.dag/Unity.InputSystem.TestFramework.dll.mvfrm.rsp
[414/908    0s] WriteText Library/Bee/artifacts/2400b0aE.dag/Assembly-CSharp.rsp
[415/908    0s] WriteText Library/Bee/artifacts/2400b0aE.dag/Unity.TextMeshPro.Editor.rsp
[416/908    0s] WriteText Library/Bee/artifacts/2400b0aE.dag/Unity.VisualScripting.DocCodeExamples.rsp2
[417/908    0s] WriteText Library/Bee/artifacts/2400b0aE.dag/Unity.VisualScripting.DocCodeExamples.dll.mvfrm.rsp
[418/908    0s] WriteText Library/Bee/artifacts/2400b0aE.dag/Assembly-CSharp.UnityAdditionalFile.txt
[419/908    0s] WriteText Library/Bee/artifacts/2400b0aE.dag/Unity.VisualScripting.DocCodeExamples.UnityAdditionalFile.txt
[420/908    0s] WriteText Library/Bee/artifacts/2400b0aE.dag/Unity.PlasticSCM.Editor.Entities.dll.mvfrm.rsp
[421/908    0s] WriteText Library/Bee/artifacts/2400b0aE.dag/Unity.PerformanceTesting.Editor.dll.mvfrm.rsp
[422/908    0s] MovedFromExtractor Library/Bee/artifacts/mvdfrm/UnityEditor.SafeModeModule.dll_B1C2402B53FADCF4.mvfrm
[423/908    0s] WriteText Library/Bee/artifacts/2400b0aE.dag/Assembly-CSharp.rsp2
[424/908    0s] WriteText Library/Bee/artifacts/2400b0aE.dag/Unity.InputSystem.TestFramework.UnityAdditionalFile.txt
[425/908    0s] WriteText Library/Bee/artifacts/2400b0aE.dag/Unity.InputSystem.DocCodeSamples.UnityAdditionalFile.txt
[426/908    0s] WriteText Library/Bee/artifacts/2400b0aE.dag/Unity.InputSystem.DocCodeSamples.dll.mvfrm.rsp
[427/908    0s] WriteText Library/Bee/artifacts/2400b0aE.dag/Assembly-CSharp-Editor.rsp2
[428/908    0s] WriteText Library/Bee/artifacts/2400b0aE.dag/Unity.CollabProxy.Editor.dll.mvfrm.rsp
[429/908    0s] WriteText Library/Bee/artifacts/2400b0aE.dag/Assembly-CSharp-Editor.dll.mvfrm.rsp
[430/908    0s] WriteText Library/Bee/artifacts/2400b0aE.dag/Unity.InputSystem.DocCodeSamples.rsp2
[431/908    0s] WriteText Library/Bee/artifacts/2400b0aE.dag/Unity.InputSystem.TestFramework.rsp2
[432/908    0s] WriteText Library/Bee/artifacts/2400b0aE.dag/Assembly-CSharp-Editor.UnityAdditionalFile.txt
[433/908    0s] WriteText Library/Bee/artifacts/2400b0aE.dag/Unity.PlasticSCM.Editor.Entities.rsp2
[434/908    0s] WriteText Library/Bee/artifacts/2400b0aE.dag/Unity.VisualScripting.DocCodeExamples.rsp
[435/908    0s] WriteText Library/Bee/artifacts/2400b0aE.dag/Unity.CollabProxy.Editor.rsp2
[436/908    0s] MovedFromExtractor Library/Bee/artifacts/mvdfrm/UnityEditor.SpriteMaskModule.dll_6E35ADE97A031005.mvfrm
[437/908    0s] WriteText Library/Bee/artifacts/2400b0aE.dag/Unity.PerformanceTesting.Editor.rsp2
[438/908    0s] WriteText Library/Bee/artifacts/2400b0aE.dag/Unity.InputSystem.TestFramework.rsp
[439/908    0s] WriteText Library/Bee/artifacts/2400b0aE.dag/Unity.PerformanceTesting.Editor.UnityAdditionalFile.txt
[440/908    0s] WriteText Library/Bee/artifacts/2400b0aE.dag/Unity.InputSystem.DocCodeSamples.rsp
[441/908    0s] WriteText Library/Bee/artifacts/2400b0aE.dag/Unity.CollabProxy.Editor.UnityAdditionalFile.txt
[442/908    0s] WriteText Library/Bee/artifacts/2400b0aE.dag/Unity.PlasticSCM.Editor.Entities.UnityAdditionalFile.txt
[443/908    0s] WriteText Library/Bee/artifacts/2400b0aE.dag/Unity.PerformanceTesting.Editor.rsp
[444/908    0s] WriteText Library/Bee/artifacts/2400b0aE.dag/Unity.PlasticSCM.Editor.Entities.rsp
[445/908    0s] WriteText Library/Bee/artifacts/2400b0aE.dag/Unity.CollabProxy.Editor.rsp
[446/908    0s] WriteText Library/Bee/artifacts/2400b0aE.dag/Assembly-CSharp-Editor.rsp
[447/908    0s] MovedFromExtractor Library/Bee/artifacts/mvdfrm/UnityEditor.SpriteShapeModule.dll_9B9C111747E0A91C.mvfrm
[448/908    0s] MovedFromExtractor Library/Bee/artifacts/mvdfrm/UnityEditor.TextRenderingModule.dll_9AB812E1265CF31F.mvfrm
[449/908    0s] MovedFromExtractor Library/Bee/artifacts/mvdfrm/UnityEditor.TextCoreFontEngineModule.dll_2BD7988455DC9FD1.mvfrm
[450/908    0s] MovedFromExtractor Library/Bee/artifacts/mvdfrm/UnityEditor.TerrainModule.dll_5515A4539A4207D5.mvfrm
[451/908    0s] MovedFromExtractor Library/Bee/artifacts/mvdfrm/UnityEditor.SyntaxTreeModule.dll_2A72742BA44EFA15.mvfrm
[452/908    0s] MovedFromExtractor Library/Bee/artifacts/mvdfrm/UnityEditor.LinuxStandalone.Extensions.dll_7EAC690CAEF98E0D.mvfrm
[453/908    0s] MovedFromExtractor Library/Bee/artifacts/mvdfrm/Unity.VisualScripting.Antlr3.Runtime.dll_E9EF366BD634428A.mvfrm
[454/908    0s] MovedFromExtractor Library/Bee/artifacts/mvdfrm/UnityEditor.Graphs.dll_EE2804BDA43B4AE5.mvfrm
[455/908    0s] MovedFromExtractor Library/Bee/artifacts/mvdfrm/Unity.Plastic.Newtonsoft.Json.dll_ED3944E5E8A516CB.mvfrm
[456/908    0s] MovedFromExtractor Library/Bee/artifacts/mvdfrm/Unity.Collections.LowLevel.ILSupport.dll_5B067B513AA9542B.mvfrm
[457/908    0s] MovedFromExtractor Library/Bee/artifacts/mvdfrm/UnityEditor.WebGL.Extensions.dll_81B0672DB498A5AD.mvfrm
[458/908    0s] MovedFromExtractor Library/Bee/artifacts/mvdfrm/UnityEditor.TilemapModule.dll_F4120BD4B1FEE8DE.mvfrm
[459/908    0s] MovedFromExtractor Library/Bee/artifacts/mvdfrm/Unity.VisualScripting.TextureAssets.dll_CFA038DE66389063.mvfrm
[460/908    0s] MovedFromExtractor Library/Bee/artifacts/mvdfrm/Unity.VisualScripting.IonicZip.dll_415BC0E8E440EB61.mvfrm
[461/908    0s] MovedFromExtractor Library/Bee/artifacts/mvdfrm/UnityEngine.AMDModule.dll_C4F232B24FB510AD.mvfrm
[462/908    0s] MovedFromExtractor Library/Bee/artifacts/mvdfrm/UnityEngine.ARModule.dll_CE9773350A1F6870.mvfrm
[463/908    0s] MovedFromExtractor Library/Bee/artifacts/mvdfrm/Unity.VisualScripting.YamlDotNet.dll_38820F8AA56B326B.mvfrm
[464/908    0s] MovedFromExtractor Library/Bee/artifacts/mvdfrm/UnityEngine.InsightsModule.dll_469FCB3C624303FA.mvfrm
[465/908    0s] MovedFromExtractor Library/Bee/artifacts/mvdfrm/UnityEngine.HierarchyModule.dll_6BB4DC3B759BD34A.mvfrm
[466/908    0s] MovedFromExtractor Library/Bee/artifacts/mvdfrm/Unity.Plastic.Antlr3.Runtime.dll_4A7ACD353CCE2CCA.mvfrm
[467/908    0s] MovedFromExtractor Library/Bee/artifacts/mvdfrm/UnityEngine.NVIDIAModule.dll_5B56D9E15BE47B0A.mvfrm
[468/908    0s] MovedFromExtractor Library/Bee/artifacts/mvdfrm/Unity.CompilationPipeline.Common.dll_BA45EEDE7B49F801.mvfrm
[469/908    0s] MovedFromExtractor-Combine Library/Bee/artifacts/2400b0aE.dag/UnityEngine.TestRunner.dll.mvfrm
[470/908    0s] MovedFromExtractor-Combine Library/Bee/artifacts/2400b0aE.dag/UnityEngine.UI.dll.mvfrm
[           0s] Csc Library/Bee/artifacts/2400b0aE.dag/UnityEngine.UI.dll (+2 others) [CacheMiss f3d070ae58e757a2da4ac527e77f36c300000000000000000000000000000006]
[470/908    0s] Csc Library/Bee/artifacts/2400b0aE.dag/UnityEngine.TestRunner.dll (+2 others) [CacheHit b319fca251a84656cea1411fe11194a500000000000000000000000000000006]
[471/908    0s] Csc Library/Bee/artifacts/2400b0aE.dag/UnityEngine.TestRunner.dll (+2 others)
[473/908    0s] MovedFromExtractor Library/Bee/artifacts/mvdfrm/UnityEngine.TestRunner.ref.dll_F1B32A9E2F71E054.mvfrm
[474/908    0s] MovedFromExtractor-Combine Library/Bee/artifacts/2400b0aE.dag/UnityEditor.TestRunner.dll.mvfrm
[473/908    0s] Csc Library/Bee/artifacts/2400b0aE.dag/UnityEditor.TestRunner.dll (+2 others) [CacheHit 22db1e9717763e30d996001b57ae7afb00000000000000000000000000000006]
[475/908    0s] Csc Library/Bee/artifacts/2400b0aE.dag/UnityEditor.TestRunner.dll (+2 others)
[477/908    0s] MovedFromExtractor Library/Bee/artifacts/mvdfrm/UnityEditor.TestRunner.ref.dll_2594DFF003AE8269.mvfrm
[478/908    0s] Csc Library/Bee/artifacts/2400b0aE.dag/UnityEngine.UI.dll (+2 others)
[           0s] Csc Library/Bee/artifacts/2400b0aE.dag/UnityEngine.UI.dll (+2 others) [CacheWrite f3d070ae58e757a2da4ac527e77f36c300000000000000000000000000000006]
[479/908    0s] MovedFromExtractor Library/Bee/artifacts/mvdfrm/UnityEngine.UI.ref.dll_01958F46DE82E516.mvfrm
[480/908    0s] MovedFromExtractor-Combine Library/Bee/artifacts/2400b0aE.dag/UnityEditor.UI.dll.mvfrm
[           0s] Csc Library/Bee/artifacts/2400b0aE.dag/UnityEditor.UI.dll (+2 others) [CacheMiss d9497993582c2de4ba0657ff2c6c5cc200000000000000000000000000000006]
[481/908    0s] Csc Library/Bee/artifacts/2400b0aE.dag/UnityEditor.UI.dll (+2 others)
[           0s] Csc Library/Bee/artifacts/2400b0aE.dag/UnityEditor.UI.dll (+2 others) [CacheWrite d9497993582c2de4ba0657ff2c6c5cc200000000000000000000000000000006]
[482/908    0s] MovedFromExtractor Library/Bee/artifacts/mvdfrm/UnityEditor.UI.ref.dll_452FB8EBD860BCAB.mvfrm
[483/908    0s] MovedFromExtractor-Combine Library/Bee/artifacts/2400b0aE.dag/Unity.InternalAPIEditorBridge.ShaderGraph.Editor.dll.mvfrm
[484/908    0s] MovedFromExtractor-Combine Library/Bee/artifacts/2400b0aE.dag/Unity.Rendering.LightTransport.Editor.dll.mvfrm
[485/908    0s] MovedFromExtractor-Combine Library/Bee/artifacts/2400b0aE.dag/Unity.Profiling.Core.dll.mvfrm
[486/908    0s] MovedFromExtractor-Combine Library/Bee/artifacts/2400b0aE.dag/Unity.AI.Navigation.Editor.ConversionSystem.dll.mvfrm
[487/908    0s] MovedFromExtractor-Combine Library/Bee/artifacts/2400b0aE.dag/Unity.PerformanceTesting.dll.mvfrm
[           0s] Csc Library/Bee/artifacts/2400b0aE.dag/Unity.Profiling.Core.dll (+2 others) [CacheMiss 10bf2390e2e651d673318997f5f9df0e00000000000000000000000000000006]
[           0s] Csc Library/Bee/artifacts/2400b0aE.dag/Unity.InternalAPIEditorBridge.ShaderGraph.Editor.dll (+2 others) [CacheMiss ca876cbf322612fd3da41556feca772600000000000000000000000000000006]
[           0s] Csc Library/Bee/artifacts/2400b0aE.dag/Unity.AI.Navigation.Editor.ConversionSystem.dll (+2 others) [CacheMiss a6f96863ee7c10a9897815cae4aa657000000000000000000000000000000006]
[           0s] Csc Library/Bee/artifacts/2400b0aE.dag/Unity.Rendering.LightTransport.Editor.dll (+2 others) [CacheMiss 5e101c1956dc18996ca73ec1c18adaa600000000000000000000000000000006]
[488/908    0s] MovedFromExtractor-Combine Library/Bee/artifacts/2400b0aE.dag/Unity.VisualStudio.Editor.dll.mvfrm
[489/908    0s] MovedFromExtractor-Combine Library/Bee/artifacts/2400b0aE.dag/Unity.RenderPipelines.Core.ShaderLibrary.dll.mvfrm
[           0s] Csc Library/Bee/artifacts/2400b0aE.dag/Unity.RenderPipelines.Core.ShaderLibrary.dll (+2 others) [CacheMiss 7732544d0572ec744df31e467fc5fd9f00000000000000000000000000000006]
[490/908    0s] MovedFromExtractor-Combine Library/Bee/artifacts/2400b0aE.dag/Unity.Searcher.Editor.dll.mvfrm
[491/908    0s] MovedFromExtractor-Combine Library/Bee/artifacts/2400b0aE.dag/Unity.InternalAPIEngineBridge.004.dll.mvfrm
[492/908    0s] MovedFromExtractor-Combine Library/Bee/artifacts/2400b0aE.dag/Unity.GraphAuthoring.Editor.dll.mvfrm
[493/908    0s] MovedFromExtractor-Combine Library/Bee/artifacts/2400b0aE.dag/Unity.AI.Navigation.dll.mvfrm
[494/908    0s] MovedFromExtractor-Combine Library/Bee/artifacts/2400b0aE.dag/Unity.Burst.dll.mvfrm
[495/908    0s] MovedFromExtractor-Combine Library/Bee/artifacts/2400b0aE.dag/Unity.RenderPipelines.Universal.Shaders.dll.mvfrm
[496/908    0s] MovedFromExtractor-Combine Library/Bee/artifacts/2400b0aE.dag/Unity.InternalAPIEngineBridge.RenderPipelines.Core.Editor.dll.mvfrm
[497/908    0s] MovedFromExtractor-Combine Library/Bee/artifacts/2400b0aE.dag/Unity.InternalAPIEngineBridge.RenderPipelines.Core.Runtime.Shared.dll.mvfrm
[498/908    0s] MovedFromExtractor-Combine Library/Bee/artifacts/2400b0aE.dag/Unity.InputSystem.dll.mvfrm
[499/908    0s] MovedFromExtractor-Combine Library/Bee/artifacts/2400b0aE.dag/Unity.InternalAPIEngineBridge.ObjectDispatcher.Runtime.dll.mvfrm
[           0s] Csc Library/Bee/artifacts/2400b0aE.dag/Unity.InternalAPIEngineBridge.004.dll (+2 others) [CacheMiss 3a078674b3565b0058f623345c0a7b2900000000000000000000000000000006]
[           0s] Csc Library/Bee/artifacts/2400b0aE.dag/Unity.AI.Navigation.dll (+2 others) [CacheMiss 1a7b154568ab7c5e67784f95d1f9ec0900000000000000000000000000000006]
[500/908    0s] MovedFromExtractor-Combine Library/Bee/artifacts/2400b0aE.dag/Unity.Rider.Editor.dll.mvfrm
[501/908    0s] MovedFromExtractor-Combine Library/Bee/artifacts/2400b0aE.dag/Unity.2D.Tilemap.Editor.dll.mvfrm
[502/908    0s] MovedFromExtractor-Combine Library/Bee/artifacts/2400b0aE.dag/Unity.ShaderGraph.Utilities.dll.mvfrm
[503/908    0s] MovedFromExtractor-Combine Library/Bee/artifacts/2400b0aE.dag/Unity.Timeline.dll.mvfrm
[504/908    0s] MovedFromExtractor-Combine Library/Bee/artifacts/2400b0aE.dag/Unity.RenderPipelines.ShaderGraph.ShaderGraphLibrary.dll.mvfrm
[           0s] Csc Library/Bee/artifacts/2400b0aE.dag/Unity.GraphAuthoring.Editor.dll (+2 others) [CacheMiss 044c8a70999b6065f75cb6e92a1d93ab00000000000000000000000000000006]
[505/908    0s] MovedFromExtractor-Combine Library/Bee/artifacts/2400b0aE.dag/Unity.PlasticSCM.Editor.dll.mvfrm
[           0s] Csc Library/Bee/artifacts/2400b0aE.dag/Unity.InternalAPIEngineBridge.ObjectDispatcher.Runtime.dll (+2 others) [CacheMiss cffd151c4187d59891fb0eb82df434ff00000000000000000000000000000006]
[           0s] Csc Library/Bee/artifacts/2400b0aE.dag/Unity.InternalAPIEngineBridge.RenderPipelines.Core.Editor.dll (+2 others) [CacheMiss 6979786cd0371dcd23ee4ece277c63ee00000000000000000000000000000006]
[           0s] Csc Library/Bee/artifacts/2400b0aE.dag/Unity.Burst.dll (+2 others) [CacheMiss 2fc63f25652e2337794932339718fb9100000000000000000000000000000006]
[           0s] Csc Library/Bee/artifacts/2400b0aE.dag/Unity.RenderPipelines.Universal.Shaders.dll (+2 others) [CacheMiss 09325487a4c987f6bce7a6619ea2545700000000000000000000000000000006]
[           0s] Csc Library/Bee/artifacts/2400b0aE.dag/Unity.InternalAPIEngineBridge.RenderPipelines.Core.Runtime.Shared.dll (+2 others) [CacheMiss 533c85a71126c1b45f8cf7ffc392be1f00000000000000000000000000000006]
[503/908    0s] Csc Library/Bee/artifacts/2400b0aE.dag/Unity.Searcher.Editor.dll (+2 others) [CacheHit bdac5343c3a28443bded2396ddb6174f00000000000000000000000000000006]
[506/908    0s] Csc Library/Bee/artifacts/2400b0aE.dag/Unity.Searcher.Editor.dll (+2 others)
[504/908    0s] Csc Library/Bee/artifacts/2400b0aE.dag/Unity.PerformanceTesting.dll (+2 others) [CacheHit 56ff3685cb9b2657e54075dfc00fc0bb00000000000000000000000000000006]
[508/908    0s] Csc Library/Bee/artifacts/2400b0aE.dag/Unity.PerformanceTesting.dll (+2 others)
[505/908    0s] Csc Library/Bee/artifacts/2400b0aE.dag/Unity.VisualStudio.Editor.dll (+2 others) [CacheHit 70da20fbad9c40c7a97f6853ff9144db00000000000000000000000000000006]
[510/908    0s] Csc Library/Bee/artifacts/2400b0aE.dag/Unity.VisualStudio.Editor.dll (+2 others)
[512/908    0s] CopyFiles Library/ScriptAssemblies/Unity.VisualStudio.Editor.pdb
[513/908    0s] CopyFiles Library/ScriptAssemblies/Unity.VisualStudio.Editor.dll
[           0s] Csc Library/Bee/artifacts/2400b0aE.dag/Unity.ShaderGraph.Utilities.dll (+2 others) [CacheMiss fff0ee2fc9e97d8b703cf4f046c3f66a00000000000000000000000000000006]
[           0s] Csc Library/Bee/artifacts/2400b0aE.dag/Unity.RenderPipelines.ShaderGraph.ShaderGraphLibrary.dll (+2 others) [CacheMiss a76c5e43281d05eed596af03fdfe4f8800000000000000000000000000000006]
[           0s] Csc Library/Bee/artifacts/2400b0aE.dag/Unity.Timeline.dll (+2 others) [CacheMiss d1226fd3bee46ee53d922d19d6ebcae600000000000000000000000000000006]
[           0s] Csc Library/Bee/artifacts/2400b0aE.dag/Unity.2D.Tilemap.Editor.dll (+2 others) [CacheMiss 174a9569eac4d72b270a71abbca4521b00000000000000000000000000000006]
[508/908    0s] Csc Library/Bee/artifacts/2400b0aE.dag/Unity.Rider.Editor.dll (+2 others) [CacheHit ab82b5ccb9ebceee718413e552622ae000000000000000000000000000000006]
[514/908    0s] Csc Library/Bee/artifacts/2400b0aE.dag/Unity.Rider.Editor.dll (+2 others)
[516/908    0s] CopyFiles Library/ScriptAssemblies/Unity.Rider.Editor.pdb
[517/908    0s] CopyFiles Library/ScriptAssemblies/Unity.Rider.Editor.dll
[           0s] Csc Library/Bee/artifacts/2400b0aE.dag/Unity.PlasticSCM.Editor.dll (+2 others) [CacheMiss 259733ac75ee40b03d46a0baa259753e00000000000000000000000000000006]
[511/908    0s] Csc Library/Bee/artifacts/2400b0aE.dag/Unity.InputSystem.dll (+2 others) [CacheHit 6a3de1a1ba51d90a18fda4d1262788f300000000000000000000000000000006]
[518/908    0s] Csc Library/Bee/artifacts/2400b0aE.dag/Unity.InputSystem.dll (+2 others)
[520/908    0s] MovedFromExtractor Library/Bee/artifacts/mvdfrm/Unity.VisualStudio.Editor.ref.dll_45A2A186C05004D7.mvfrm
[521/908    0s] MovedFromExtractor Library/Bee/artifacts/mvdfrm/Unity.Rider.Editor.ref.dll_9145F68A59D35CE5.mvfrm
[522/908    0s] MovedFromExtractor Library/Bee/artifacts/mvdfrm/Unity.InputSystem.ref.dll_06424321BA44ABAB.mvfrm
[523/908    0s] Csc Library/Bee/artifacts/2400b0aE.dag/Unity.InternalAPIEditorBridge.ShaderGraph.Editor.dll (+2 others)
[           0s] Csc Library/Bee/artifacts/2400b0aE.dag/Unity.InternalAPIEditorBridge.ShaderGraph.Editor.dll (+2 others) [CacheWrite ca876cbf322612fd3da41556feca772600000000000000000000000000000006]
[524/908    0s] Csc Library/Bee/artifacts/2400b0aE.dag/Unity.Profiling.Core.dll (+2 others)
[           0s] Csc Library/Bee/artifacts/2400b0aE.dag/Unity.Profiling.Core.dll (+2 others) [CacheWrite 10bf2390e2e651d673318997f5f9df0e00000000000000000000000000000006]
[525/908    0s] Csc Library/Bee/artifacts/2400b0aE.dag/Unity.RenderPipelines.Core.ShaderLibrary.dll (+2 others)
[           0s] Csc Library/Bee/artifacts/2400b0aE.dag/Unity.RenderPipelines.Core.ShaderLibrary.dll (+2 others) [CacheWrite 7732544d0572ec744df31e467fc5fd9f00000000000000000000000000000006]
[526/908    0s] MovedFromExtractor-Combine Library/Bee/artifacts/2400b0aE.dag/Unity.InputSystem.DocCodeSamples.dll.mvfrm
[527/908    0s] MovedFromExtractor-Combine Library/Bee/artifacts/2400b0aE.dag/Unity.InputSystem.TestFramework.dll.mvfrm
[528/908    0s] MovedFromExtractor-Combine Library/Bee/artifacts/2400b0aE.dag/Unity.VisualScripting.Core.dll.mvfrm
[529/908    0s] MovedFromExtractor-Combine Library/Bee/artifacts/2400b0aE.dag/Unity.InputSystem.ForUI.dll.mvfrm
[           0s] Csc Library/Bee/artifacts/2400b0aE.dag/Unity.VisualScripting.Core.dll (+2 others) [CacheMiss 94534f59580c6b8256c6d821ff2d24df00000000000000000000000000000006]
[522/908    0s] Csc Library/Bee/artifacts/2400b0aE.dag/Unity.InputSystem.ForUI.dll (+2 others) [CacheHit cc42c305b8216755ae76ed87849c046700000000000000000000000000000006]
[530/908    0s] Csc Library/Bee/artifacts/2400b0aE.dag/Unity.InputSystem.ForUI.dll (+2 others)
[523/908    0s] Csc Library/Bee/artifacts/2400b0aE.dag/Unity.InputSystem.DocCodeSamples.dll (+2 others) [CacheHit b9157fb254e7ab142739c717ec1e9ade00000000000000000000000000000006]
[532/908    0s] Csc Library/Bee/artifacts/2400b0aE.dag/Unity.InputSystem.DocCodeSamples.dll (+2 others)
[524/908    0s] Csc Library/Bee/artifacts/2400b0aE.dag/Unity.InputSystem.TestFramework.dll (+2 others) [CacheHit 904a8521b2b4b1ff38e4d829d5ec2f7b00000000000000000000000000000006]
[534/908    0s] Csc Library/Bee/artifacts/2400b0aE.dag/Unity.InputSystem.TestFramework.dll (+2 others)
[536/908    0s] MovedFromExtractor Library/Bee/artifacts/mvdfrm/Unity.InternalAPIEditorBridge.ShaderGraph.Editor.ref.dll_4552C936559C07D1.mvfrm
[537/908    0s] MovedFromExtractor Library/Bee/artifacts/mvdfrm/Unity.Profiling.Core.ref.dll_BB57BE87EB72E14B.mvfrm
[538/908    0s] Csc Library/Bee/artifacts/2400b0aE.dag/Unity.Rendering.LightTransport.Editor.dll (+2 others)
[539/908    0s] Csc Library/Bee/artifacts/2400b0aE.dag/Unity.AI.Navigation.Editor.ConversionSystem.dll (+2 others)
[540/908    0s] MovedFromExtractor Library/Bee/artifacts/mvdfrm/Unity.InputSystem.ForUI.ref.dll_CFD7856823C3CD5A.mvfrm
[           0s] Csc Library/Bee/artifacts/2400b0aE.dag/Unity.Rendering.LightTransport.Editor.dll (+2 others) [CacheWrite 5e101c1956dc18996ca73ec1c18adaa600000000000000000000000000000006]
[541/908    0s] MovedFromExtractor Library/Bee/artifacts/mvdfrm/Unity.RenderPipelines.Core.ShaderLibrary.ref.dll_BDA8D2A48981208E.mvfrm
[           0s] Csc Library/Bee/artifacts/2400b0aE.dag/Unity.AI.Navigation.Editor.ConversionSystem.dll (+2 others) [CacheWrite a6f96863ee7c10a9897815cae4aa657000000000000000000000000000000006]
[542/908    0s] MovedFromExtractor-Combine Library/Bee/artifacts/2400b0aE.dag/Unity.InputSystem.ForUI.Editor.dll.mvfrm
[543/908    0s] MovedFromExtractor Library/Bee/artifacts/mvdfrm/Unity.Rendering.LightTransport.Editor.ref.dll_7EDFCE24688A3F58.mvfrm
[533/908    0s] Csc Library/Bee/artifacts/2400b0aE.dag/Unity.InputSystem.ForUI.Editor.dll (+2 others) [CacheHit b363f96366f8a6469b3ed84fed8003dd00000000000000000000000000000006]
[544/908    0s] Csc Library/Bee/artifacts/2400b0aE.dag/Unity.InputSystem.ForUI.Editor.dll (+2 others)
[546/908    0s] Csc Library/Bee/artifacts/2400b0aE.dag/Unity.RenderPipelines.ShaderGraph.ShaderGraphLibrary.dll (+2 others)
[           0s] Csc Library/Bee/artifacts/2400b0aE.dag/Unity.RenderPipelines.ShaderGraph.ShaderGraphLibrary.dll (+2 others) [CacheWrite a76c5e43281d05eed596af03fdfe4f8800000000000000000000000000000006]
[547/908    0s] MovedFromExtractor Library/Bee/artifacts/mvdfrm/Unity.AI.Navigation.Editor.ConversionSystem.ref.dll_0D6E4E7A57F11024.mvfrm
[548/908    0s] MovedFromExtractor Library/Bee/artifacts/mvdfrm/Unity.InputSystem.ForUI.Editor.ref.dll_ABAE4D2CBCDD0DF7.mvfrm
[549/908    0s] MovedFromExtractor Library/Bee/artifacts/mvdfrm/Unity.PerformanceTesting.ref.dll_9CA924C712E203D4.mvfrm
[550/908    0s] Csc Library/Bee/artifacts/2400b0aE.dag/Unity.Burst.dll (+2 others)
[551/908    0s] Csc Library/Bee/artifacts/2400b0aE.dag/Unity.InternalAPIEngineBridge.RenderPipelines.Core.Runtime.Shared.dll (+2 others)
[552/908    0s] Csc Library/Bee/artifacts/2400b0aE.dag/Unity.InternalAPIEngineBridge.ObjectDispatcher.Runtime.dll (+2 others)
[553/908    0s] Csc Library/Bee/artifacts/2400b0aE.dag/Unity.RenderPipelines.Universal.Shaders.dll (+2 others)
[           0s] Csc Library/Bee/artifacts/2400b0aE.dag/Unity.InternalAPIEngineBridge.RenderPipelines.Core.Runtime.Shared.dll (+2 others) [CacheWrite 533c85a71126c1b45f8cf7ffc392be1f00000000000000000000000000000006]
[554/908    0s] MovedFromExtractor Library/Bee/artifacts/mvdfrm/Unity.Searcher.Editor.ref.dll_593125D8983B03B8.mvfrm
[555/908    0s] Csc Library/Bee/artifacts/2400b0aE.dag/Unity.InternalAPIEngineBridge.RenderPipelines.Core.Editor.dll (+2 others)
[           0s] Csc Library/Bee/artifacts/2400b0aE.dag/Unity.RenderPipelines.Universal.Shaders.dll (+2 others) [CacheWrite 09325487a4c987f6bce7a6619ea2545700000000000000000000000000000006]
[556/908    0s] Csc Library/Bee/artifacts/2400b0aE.dag/Unity.ShaderGraph.Utilities.dll (+2 others)
[           0s] Csc Library/Bee/artifacts/2400b0aE.dag/Unity.ShaderGraph.Utilities.dll (+2 others) [CacheWrite fff0ee2fc9e97d8b703cf4f046c3f66a00000000000000000000000000000006]
[557/908    0s] MovedFromExtractor Library/Bee/artifacts/mvdfrm/Unity.RenderPipelines.ShaderGraph.ShaderGraphLibrary.ref.dll_07E617934899330E.mvfrm
[           0s] Csc Library/Bee/artifacts/2400b0aE.dag/Unity.Burst.dll (+2 others) [CacheWrite 2fc63f25652e2337794932339718fb9100000000000000000000000000000006]
[558/908    0s] MovedFromExtractor-Combine Library/Bee/artifacts/2400b0aE.dag/Unity.PerformanceTesting.Editor.dll.mvfrm
[559/908    0s] MovedFromExtractor Library/Bee/artifacts/mvdfrm/Unity.RenderPipelines.Universal.Shaders.ref.dll_AD1117A4F86F700A.mvfrm
[           0s] Csc Library/Bee/artifacts/2400b0aE.dag/Unity.InternalAPIEngineBridge.ObjectDispatcher.Runtime.dll (+2 others) [CacheWrite cffd151c4187d59891fb0eb82df434ff00000000000000000000000000000006]
[           0s] Csc Library/Bee/artifacts/2400b0aE.dag/Unity.InternalAPIEngineBridge.RenderPipelines.Core.Editor.dll (+2 others) [CacheWrite 6979786cd0371dcd23ee4ece277c63ee00000000000000000000000000000006]
[560/908    0s] MovedFromExtractor Library/Bee/artifacts/mvdfrm/Unity.InternalAPIEngineBridge.RenderPipelines.Core.Runtime.Shared.ref.dll_CAC25CA7E525D873.mvfrm
[561/908    0s] MovedFromExtractor Library/Bee/artifacts/mvdfrm/Unity.ShaderGraph.Utilities.ref.dll_2CC501C32FF68407.mvfrm
[562/908    0s] Csc Library/Bee/artifacts/2400b0aE.dag/Unity.InternalAPIEngineBridge.004.dll (+2 others)
[563/908    0s] Csc Library/Bee/artifacts/2400b0aE.dag/Unity.AI.Navigation.dll (+2 others)
[           0s] Csc Library/Bee/artifacts/2400b0aE.dag/Unity.AI.Navigation.dll (+2 others) [CacheWrite 1a7b154568ab7c5e67784f95d1f9ec0900000000000000000000000000000006]
[           0s] Csc Library/Bee/artifacts/2400b0aE.dag/Unity.InternalAPIEngineBridge.004.dll (+2 others) [CacheWrite 3a078674b3565b0058f623345c0a7b2900000000000000000000000000000006]
[552/908    0s] Csc Library/Bee/artifacts/2400b0aE.dag/Unity.PerformanceTesting.Editor.dll (+2 others) [CacheHit 0b8c42d6659523750c36a5e4ef21dd3600000000000000000000000000000006]
[564/908    0s] Csc Library/Bee/artifacts/2400b0aE.dag/Unity.PerformanceTesting.Editor.dll (+2 others)
[566/908    0s] MovedFromExtractor Library/Bee/artifacts/mvdfrm/Unity.Burst.ref.dll_9CE15340CD9598D2.mvfrm
[567/908    0s] MovedFromExtractor Library/Bee/artifacts/mvdfrm/Unity.InternalAPIEngineBridge.ObjectDispatcher.Runtime.ref.dll_484EFE3DDFC02FBA.mvfrm
[568/908    0s] MovedFromExtractor Library/Bee/artifacts/mvdfrm/Unity.InternalAPIEngineBridge.RenderPipelines.Core.Editor.ref.dll_E38979A5B78B8D45.mvfrm
[569/908    0s] MovedFromExtractor-Combine Library/Bee/artifacts/2400b0aE.dag/Unity.Collections.dll.mvfrm
[570/908    0s] MovedFromExtractor Library/Bee/artifacts/mvdfrm/Unity.InternalAPIEngineBridge.004.ref.dll_9DD979BE3F8C8350.mvfrm
[           0s] Csc Library/Bee/artifacts/2400b0aE.dag/Unity.Collections.dll (+2 others) [CacheMiss 2743d1f0e1cc91f6a68b94e78f7097ca00000000000000000000000000000006]
[571/908    0s] MovedFromExtractor Library/Bee/artifacts/mvdfrm/Unity.AI.Navigation.ref.dll_DE872EE15FE1F97C.mvfrm
[572/908    0s] Csc Library/Bee/artifacts/2400b0aE.dag/Unity.GraphAuthoring.Editor.dll (+2 others)
[           0s] Csc Library/Bee/artifacts/2400b0aE.dag/Unity.GraphAuthoring.Editor.dll (+2 others) [CacheWrite 044c8a70999b6065f75cb6e92a1d93ab00000000000000000000000000000006]
[573/908    0s] MovedFromExtractor-Combine Library/Bee/artifacts/2400b0aE.dag/Unity.AI.Navigation.Editor.dll.mvfrm
[           0s] Csc Library/Bee/artifacts/2400b0aE.dag/Unity.AI.Navigation.Editor.dll (+2 others) [CacheMiss 48f0b080c460d3c1a9c6b660006e3e3300000000000000000000000000000006]
[574/908    0s] MovedFromExtractor Library/Bee/artifacts/mvdfrm/Unity.GraphAuthoring.Editor.ref.dll_A1E83A3007316514.mvfrm
[575/908    0s] Csc Library/Bee/artifacts/2400b0aE.dag/Unity.Timeline.dll (+2 others)
[           0s] Csc Library/Bee/artifacts/2400b0aE.dag/Unity.Timeline.dll (+2 others) [CacheWrite d1226fd3bee46ee53d922d19d6ebcae600000000000000000000000000000006]
[576/908    0s] MovedFromExtractor Library/Bee/artifacts/mvdfrm/Unity.Timeline.ref.dll_5AB3C2EE9968C745.mvfrm
[577/908    0s] MovedFromExtractor-Combine Library/Bee/artifacts/2400b0aE.dag/Unity.Timeline.Editor.dll.mvfrm
[           0s] Csc Library/Bee/artifacts/2400b0aE.dag/Unity.Timeline.Editor.dll (+2 others) [CacheMiss edaf379010f008f669174787199db64800000000000000000000000000000006]
[578/908    0s] Csc Library/Bee/artifacts/2400b0aE.dag/Unity.AI.Navigation.Editor.dll (+2 others)
[           0s] Csc Library/Bee/artifacts/2400b0aE.dag/Unity.AI.Navigation.Editor.dll (+2 others) [CacheWrite 48f0b080c460d3c1a9c6b660006e3e3300000000000000000000000000000006]
[579/908    0s] MovedFromExtractor Library/Bee/artifacts/mvdfrm/Unity.AI.Navigation.Editor.ref.dll_9C82A0E57CE4B9F5.mvfrm
[580/908    0s] MovedFromExtractor-Combine Library/Bee/artifacts/2400b0aE.dag/Unity.AI.Navigation.Updater.dll.mvfrm
[581/908    1s] Csc Library/Bee/artifacts/2400b0aE.dag/Unity.2D.Tilemap.Editor.dll (+2 others)
[           0s] Csc Library/Bee/artifacts/2400b0aE.dag/Unity.AI.Navigation.Updater.dll (+2 others) [CacheMiss 0cffd17f1224596498581429938e0e4c00000000000000000000000000000006]
[           0s] Csc Library/Bee/artifacts/2400b0aE.dag/Unity.2D.Tilemap.Editor.dll (+2 others) [CacheWrite 174a9569eac4d72b270a71abbca4521b00000000000000000000000000000006]
[582/908    0s] MovedFromExtractor Library/Bee/artifacts/mvdfrm/Unity.2D.Tilemap.Editor.ref.dll_0ECADD1123B5277B.mvfrm
[583/908    0s] Csc Library/Bee/artifacts/2400b0aE.dag/Unity.AI.Navigation.Updater.dll (+2 others)
[           0s] Csc Library/Bee/artifacts/2400b0aE.dag/Unity.AI.Navigation.Updater.dll (+2 others) [CacheWrite 0cffd17f1224596498581429938e0e4c00000000000000000000000000000006]
[584/908    0s] MovedFromExtractor Library/Bee/artifacts/mvdfrm/Unity.AI.Navigation.Updater.ref.dll_5C59D206EB3550D7.mvfrm
[585/908    1s] MovedFromExtractor-Combine Library/Bee/artifacts/2400b0aE.dag/Unity.TextMeshPro.dll.mvfrm
[           0s] Csc Library/Bee/artifacts/2400b0aE.dag/Unity.TextMeshPro.dll (+2 others) [CacheMiss e23070a45407f0bb1450c47e7f6be5f600000000000000000000000000000006]
[586/908    1s] Csc Library/Bee/artifacts/2400b0aE.dag/Unity.VisualScripting.Core.dll (+2 others)
[           0s] Csc Library/Bee/artifacts/2400b0aE.dag/Unity.VisualScripting.Core.dll (+2 others) [CacheWrite 94534f59580c6b8256c6d821ff2d24df00000000000000000000000000000006]
[587/908    0s] MovedFromExtractor Library/Bee/artifacts/mvdfrm/Unity.VisualScripting.Core.ref.dll_FA56F406C264152A.mvfrm
[588/908    0s] MovedFromExtractor-Combine Library/Bee/artifacts/2400b0aE.dag/Unity.VisualScripting.Flow.dll.mvfrm
[           0s] Csc Library/Bee/artifacts/2400b0aE.dag/Unity.VisualScripting.Flow.dll (+2 others) [CacheMiss f2d8454a038acfb7715a36466d000a3f00000000000000000000000000000006]
[589/908    0s] MovedFromExtractor-Combine Library/Bee/artifacts/2400b0aE.dag/Unity.VisualScripting.Core.Editor.dll.mvfrm
[           0s] Csc Library/Bee/artifacts/2400b0aE.dag/Unity.VisualScripting.Core.Editor.dll (+2 others) [CacheMiss 2cae1404881a462800ce17a1e35ca9cb00000000000000000000000000000006]
[590/908    1s] Csc Library/Bee/artifacts/2400b0aE.dag/Unity.Collections.dll (+2 others)
[           0s] Csc Library/Bee/artifacts/2400b0aE.dag/Unity.Collections.dll (+2 others) [CacheWrite 2743d1f0e1cc91f6a68b94e78f7097ca00000000000000000000000000000006]
[591/908    1s] Csc Library/Bee/artifacts/2400b0aE.dag/Unity.Timeline.Editor.dll (+2 others)
[           0s] Csc Library/Bee/artifacts/2400b0aE.dag/Unity.Timeline.Editor.dll (+2 others) [CacheWrite edaf379010f008f669174787199db64800000000000000000000000000000006]
[592/908    0s] MovedFromExtractor Library/Bee/artifacts/mvdfrm/Unity.Collections.ref.dll_6E80EEB68CD969F7.mvfrm
[593/908    0s] MovedFromExtractor Library/Bee/artifacts/mvdfrm/Unity.Timeline.Editor.ref.dll_53B6806BAD4EBBBC.mvfrm
[594/908    0s] MovedFromExtractor-Combine Library/Bee/artifacts/2400b0aE.dag/Unity.RenderPipelines.Core.Runtime.dll.mvfrm
[595/908    0s] MovedFromExtractor-Combine Library/Bee/artifacts/2400b0aE.dag/Unity.Collections.Editor.dll.mvfrm
[596/908    0s] MovedFromExtractor-Combine Library/Bee/artifacts/2400b0aE.dag/Unity.Collections.Tests.CoreCLR.ProtectedJobNested.dll.mvfrm
[597/908    0s] MovedFromExtractor-Combine Library/Bee/artifacts/2400b0aE.dag/Unity.Collections.CodeGen.dll.mvfrm
[598/908    0s] MovedFromExtractor-Combine Library/Bee/artifacts/2400b0aE.dag/Unity.Collections.Tests.CoreCLR.PublicJobPrivateGeneric.dll.mvfrm
[599/908    0s] MovedFromExtractor-Combine Library/Bee/artifacts/2400b0aE.dag/Unity.Collections.Tests.CoreCLR.InternalJobNestedPrivate.dll.mvfrm
[600/908    0s] MovedFromExtractor-Combine Library/Bee/artifacts/2400b0aE.dag/Unity.Collections.Tests.CoreCLR.PrivateJobNested.dll.mvfrm
[601/908    0s] MovedFromExtractor-Combine Library/Bee/artifacts/2400b0aE.dag/Unity.UnifiedRayTracing.Runtime.dll.mvfrm
[           0s] Csc Library/Bee/artifacts/2400b0aE.dag/Unity.Collections.Tests.CoreCLR.ProtectedJobNested.dll (+2 others) [CacheMiss 27548c1e46bb2b098a540e9fdf8a0b2a00000000000000000000000000000006]
[           0s] Csc Library/Bee/artifacts/2400b0aE.dag/Unity.Collections.Tests.CoreCLR.InternalJobNestedPrivate.dll (+2 others) [CacheMiss 2a9a84d2e5244ccde8a4dd946528d66500000000000000000000000000000006]
[           0s] Csc Library/Bee/artifacts/2400b0aE.dag/Unity.Collections.Editor.dll (+2 others) [CacheMiss 4dde6555d1fc216e27b349f54cbec9e700000000000000000000000000000006]
[           0s] Csc Library/Bee/artifacts/2400b0aE.dag/Unity.Collections.CodeGen.dll (+2 others) [CacheMiss 05c9720e3d03f807e720a82333ceed1e00000000000000000000000000000006]
[           0s] Csc Library/Bee/artifacts/2400b0aE.dag/Unity.Collections.Tests.CoreCLR.PrivateJobNested.dll (+2 others) [CacheMiss 047e9cb784ec309e5c58395061ba5e7200000000000000000000000000000006]
[           0s] Csc Library/Bee/artifacts/2400b0aE.dag/Unity.UnifiedRayTracing.Runtime.dll (+2 others) [CacheMiss 3bed2e58c543a6495eed3abf1dd93a1000000000000000000000000000000006]
[           0s] Csc Library/Bee/artifacts/2400b0aE.dag/Unity.Collections.Tests.CoreCLR.PublicJobPrivateGeneric.dll (+2 others) [CacheMiss 18f396eee25f31b38d441c6a7c7639d000000000000000000000000000000006]
[           0s] Csc Library/Bee/artifacts/2400b0aE.dag/Unity.RenderPipelines.Core.Runtime.dll (+2 others) [CacheMiss c681e304eebff7ed152f6fe20e9eecb100000000000000000000000000000006]
[602/908    0s] Csc Library/Bee/artifacts/2400b0aE.dag/Unity.Collections.Tests.CoreCLR.PrivateJobNested.dll (+2 others)
[           0s] Csc Library/Bee/artifacts/2400b0aE.dag/Unity.Collections.Tests.CoreCLR.PrivateJobNested.dll (+2 others) [CacheWrite 047e9cb784ec309e5c58395061ba5e7200000000000000000000000000000006]
[603/908    0s] Csc Library/Bee/artifacts/2400b0aE.dag/Unity.Collections.Editor.dll (+2 others)
[604/908    0s] Csc Library/Bee/artifacts/2400b0aE.dag/Unity.Collections.Tests.CoreCLR.InternalJobNestedPrivate.dll (+2 others)
[           0s] Csc Library/Bee/artifacts/2400b0aE.dag/Unity.Collections.Editor.dll (+2 others) [CacheWrite 4dde6555d1fc216e27b349f54cbec9e700000000000000000000000000000006]
[605/908    0s] Csc Library/Bee/artifacts/2400b0aE.dag/Unity.Collections.Tests.CoreCLR.PublicJobPrivateGeneric.dll (+2 others)
[           0s] Csc Library/Bee/artifacts/2400b0aE.dag/Unity.Collections.Tests.CoreCLR.InternalJobNestedPrivate.dll (+2 others) [CacheWrite 2a9a84d2e5244ccde8a4dd946528d66500000000000000000000000000000006]
[606/908    0s] MovedFromExtractor Library/Bee/artifacts/mvdfrm/Unity.Collections.Tests.CoreCLR.PrivateJobNested.ref.dll_3960FC489A1C46EF.mvfrm
[607/908    0s] MovedFromExtractor Library/Bee/artifacts/mvdfrm/Unity.Collections.Editor.ref.dll_87547A3728288A2A.mvfrm
[           0s] Csc Library/Bee/artifacts/2400b0aE.dag/Unity.Collections.Tests.CoreCLR.PublicJobPrivateGeneric.dll (+2 others) [CacheWrite 18f396eee25f31b38d441c6a7c7639d000000000000000000000000000000006]
[608/908    0s] MovedFromExtractor Library/Bee/artifacts/mvdfrm/Unity.Collections.Tests.CoreCLR.InternalJobNestedPrivate.ref.dll_C9D2401B45F34C7A.mvfrm
[609/908    0s] MovedFromExtractor Library/Bee/artifacts/mvdfrm/Unity.Collections.Tests.CoreCLR.PublicJobPrivateGeneric.ref.dll_45960028BE29E080.mvfrm
[610/908    0s] Csc Library/Bee/artifacts/2400b0aE.dag/Unity.Collections.CodeGen.dll (+2 others)
[           0s] Csc Library/Bee/artifacts/2400b0aE.dag/Unity.Collections.CodeGen.dll (+2 others) [CacheWrite 05c9720e3d03f807e720a82333ceed1e00000000000000000000000000000006]
[611/908    0s] CopyFiles Library/ScriptAssemblies/Unity.Collections.CodeGen.dll
[612/908    0s] CopyFiles Library/ScriptAssemblies/Unity.Collections.CodeGen.pdb
[613/908    1s] Csc Library/Bee/artifacts/2400b0aE.dag/Unity.TextMeshPro.dll (+2 others)
[           0s] Csc Library/Bee/artifacts/2400b0aE.dag/Unity.TextMeshPro.dll (+2 others) [CacheWrite e23070a45407f0bb1450c47e7f6be5f600000000000000000000000000000006]
[614/908    0s] Csc Library/Bee/artifacts/2400b0aE.dag/Unity.Collections.Tests.CoreCLR.ProtectedJobNested.dll (+2 others)
[615/908    0s] Csc Library/Bee/artifacts/2400b0aE.dag/Unity.UnifiedRayTracing.Runtime.dll (+2 others)
[           0s] Csc Library/Bee/artifacts/2400b0aE.dag/Unity.UnifiedRayTracing.Runtime.dll (+2 others) [CacheWrite 3bed2e58c543a6495eed3abf1dd93a1000000000000000000000000000000006]
[           0s] Csc Library/Bee/artifacts/2400b0aE.dag/Unity.Collections.Tests.CoreCLR.ProtectedJobNested.dll (+2 others) [CacheWrite 27548c1e46bb2b098a540e9fdf8a0b2a00000000000000000000000000000006]
[616/908    0s] ILPP-Configuration Library/ilpp-configuration.nevergeneratedoutput
[617/908    0s] MovedFromExtractor Library/Bee/artifacts/mvdfrm/Unity.TextMeshPro.ref.dll_8DB7A3E3632A4E05.mvfrm
[618/908    0s] MovedFromExtractor Library/Bee/artifacts/mvdfrm/Unity.Collections.Tests.CoreCLR.ProtectedJobNested.ref.dll_8CDC234183FFF494.mvfrm
[619/908    0s] MovedFromExtractor Library/Bee/artifacts/mvdfrm/Unity.UnifiedRayTracing.Runtime.ref.dll_3A55711EDCF371F6.mvfrm
[620/908    0s] MovedFromExtractor-Combine Library/Bee/artifacts/2400b0aE.dag/UnityEditor.UI.Analytics.dll.mvfrm
[           0s] Csc Library/Bee/artifacts/2400b0aE.dag/UnityEditor.UI.Analytics.dll (+2 others) [CacheMiss 365f8e87fa946b79e8e7e5bc2c3a13a000000000000000000000000000000006]
[621/908    1s] Csc Library/Bee/artifacts/2400b0aE.dag/Unity.VisualScripting.Flow.dll (+2 others)
[           0s] Csc Library/Bee/artifacts/2400b0aE.dag/Unity.VisualScripting.Flow.dll (+2 others) [CacheWrite f2d8454a038acfb7715a36466d000a3f00000000000000000000000000000006]
[622/908    0s] MovedFromExtractor Library/Bee/artifacts/mvdfrm/Unity.VisualScripting.Flow.ref.dll_4167D45D446D89D9.mvfrm
[623/908    0s] Csc Library/Bee/artifacts/2400b0aE.dag/UnityEditor.UI.Analytics.dll (+2 others)
[           0s] Csc Library/Bee/artifacts/2400b0aE.dag/UnityEditor.UI.Analytics.dll (+2 others) [CacheWrite 365f8e87fa946b79e8e7e5bc2c3a13a000000000000000000000000000000006]
[624/908    0s] MovedFromExtractor-Combine Library/Bee/artifacts/2400b0aE.dag/Unity.VisualScripting.State.dll.mvfrm
[           0s] Csc Library/Bee/artifacts/2400b0aE.dag/Unity.VisualScripting.State.dll (+2 others) [CacheMiss 2f845b42a412299269badc4f1805457f00000000000000000000000000000006]
[625/908    0s] MovedFromExtractor Library/Bee/artifacts/mvdfrm/UnityEditor.UI.Analytics.ref.dll_DE700142083182D3.mvfrm
[626/908    0s] MovedFromExtractor-Combine Library/Bee/artifacts/2400b0aE.dag/Unity.VisualScripting.DocCodeExamples.dll.mvfrm
[           0s] Csc Library/Bee/artifacts/2400b0aE.dag/Unity.VisualScripting.DocCodeExamples.dll (+2 others) [CacheMiss 7a5c7d62e2a960326d638d7065b3cd4700000000000000000000000000000006]
[627/908    0s] Csc Library/Bee/artifacts/2400b0aE.dag/Unity.VisualScripting.State.dll (+2 others)
[           0s] Csc Library/Bee/artifacts/2400b0aE.dag/Unity.VisualScripting.State.dll (+2 others) [CacheWrite 2f845b42a412299269badc4f1805457f00000000000000000000000000000006]
[628/908    0s] MovedFromExtractor Library/Bee/artifacts/mvdfrm/Unity.VisualScripting.State.ref.dll_00B85F0613CA4DCC.mvfrm
[629/908    0s] Csc Library/Bee/artifacts/2400b0aE.dag/Unity.VisualScripting.DocCodeExamples.dll (+2 others)
[           0s] Csc Library/Bee/artifacts/2400b0aE.dag/Unity.VisualScripting.DocCodeExamples.dll (+2 others) [CacheWrite 7a5c7d62e2a960326d638d7065b3cd4700000000000000000000000000000006]
[630/908    3s] Csc Library/Bee/artifacts/2400b0aE.dag/Unity.PlasticSCM.Editor.dll (+2 others)
[631/908    0s] ILPostProcess Library/Bee/artifacts/2400b0aE.dag/post-processed/Unity.VisualScripting.State.dll (+pdb)
Processing assembly Library/Bee/artifacts/2400b0aE.dag/Unity.VisualScripting.State.dll, with 141 defines and 305 references
processors: Unity.Jobs.CodeGen.JobsILPostProcessor, zzzUnity.Burst.CodeGen.BurstILPostProcessor
1 processor(s) skipped this assembly
running Unity.Jobs.CodeGen.JobsILPostProcessor
[632/908    1s] Csc Library/Bee/artifacts/2400b0aE.dag/Unity.VisualScripting.Core.Editor.dll (+2 others)
[           0s] Csc Library/Bee/artifacts/2400b0aE.dag/Unity.PlasticSCM.Editor.dll (+2 others) [CacheWrite 259733ac75ee40b03d46a0baa259753e00000000000000000000000000000006]
[633/908    0s] ILPostProcess Library/Bee/artifacts/2400b0aE.dag/post-processed/Unity.VisualScripting.DocCodeExamples.dll (+pdb)
Processing assembly Library/Bee/artifacts/2400b0aE.dag/Unity.VisualScripting.DocCodeExamples.dll, with 141 defines and 291 references
processors: Unity.Jobs.CodeGen.JobsILPostProcessor, zzzUnity.Burst.CodeGen.BurstILPostProcessor
1 processor(s) skipped this assembly
running Unity.Jobs.CodeGen.JobsILPostProcessor
[           0s] Csc Library/Bee/artifacts/2400b0aE.dag/Unity.VisualScripting.Core.Editor.dll (+2 others) [CacheWrite 2cae1404881a462800ce17a1e35ca9cb00000000000000000000000000000006]
[634/908    0s] MovedFromExtractor Library/Bee/artifacts/mvdfrm/Unity.VisualScripting.Core.Editor.ref.dll_EC0FF0FDA4803327.mvfrm
[635/908    0s] MovedFromExtractor Library/Bee/artifacts/mvdfrm/Unity.PlasticSCM.Editor.ref.dll_F0D9BA1F3F167740.mvfrm
[636/908    0s] ILPostProcess Library/Bee/artifacts/2400b0aE.dag/post-processed/Unity.PerformanceTesting.Editor.dll (+pdb)
Processing assembly Library/Bee/artifacts/2400b0aE.dag/Unity.PerformanceTesting.Editor.dll, with 140 defines and 301 references
processors: Unity.Jobs.CodeGen.JobsILPostProcessor, zzzUnity.Burst.CodeGen.BurstILPostProcessor
1 processor(s) skipped this assembly
running Unity.Jobs.CodeGen.JobsILPostProcessor
[637/908    0s] MovedFromExtractor-Combine Library/Bee/artifacts/2400b0aE.dag/Unity.CollabProxy.Editor.dll.mvfrm
[638/908    0s] MovedFromExtractor-Combine Library/Bee/artifacts/2400b0aE.dag/Unity.PlasticSCM.Editor.Assistant.dll.mvfrm
[639/908    0s] MovedFromExtractor-Combine Library/Bee/artifacts/2400b0aE.dag/Unity.VisualScripting.Flow.Editor.dll.mvfrm
[           0s] Csc Library/Bee/artifacts/2400b0aE.dag/Unity.PlasticSCM.Editor.Assistant.dll (+2 others) [CacheMiss 96acd2aedea63f079874ab9949cbf17600000000000000000000000000000006]
[           0s] Csc Library/Bee/artifacts/2400b0aE.dag/Unity.VisualScripting.Flow.Editor.dll (+2 others) [CacheMiss 94ef58f07e7742ce7ab0b3db8185918d00000000000000000000000000000006]
[640/908    0s] MovedFromExtractor-Combine Library/Bee/artifacts/2400b0aE.dag/Unity.PlasticSCM.Editor.Entities.dll.mvfrm
[           0s] Csc Library/Bee/artifacts/2400b0aE.dag/Unity.PlasticSCM.Editor.Entities.dll (+2 others) [CacheMiss 3fb31ed665c2686d673abe84c142cf4d00000000000000000000000000000006]
[641/908    0s] Csc Library/Bee/artifacts/2400b0aE.dag/Unity.PlasticSCM.Editor.Assistant.dll (+2 others)
[           0s] Csc Library/Bee/artifacts/2400b0aE.dag/Unity.PlasticSCM.Editor.Assistant.dll (+2 others) [CacheWrite 96acd2aedea63f079874ab9949cbf17600000000000000000000000000000006]
[642/908    0s] Csc Library/Bee/artifacts/2400b0aE.dag/Unity.PlasticSCM.Editor.Entities.dll (+2 others)
[           0s] Csc Library/Bee/artifacts/2400b0aE.dag/Unity.PlasticSCM.Editor.Entities.dll (+2 others) [CacheWrite 3fb31ed665c2686d673abe84c142cf4d00000000000000000000000000000006]
[           0s] Csc Library/Bee/artifacts/2400b0aE.dag/Unity.CollabProxy.Editor.dll (+2 others) [CacheMiss 9f2ca2f621d4ad314970a53a8916756500000000000000000000000000000006]
[643/908    0s] MovedFromExtractor Library/Bee/artifacts/mvdfrm/Unity.PlasticSCM.Editor.Assistant.ref.dll_8C7745DFD6ADC950.mvfrm
[644/908    0s] ILPostProcess Library/Bee/artifacts/2400b0aE.dag/post-processed/Unity.PlasticSCM.Editor.Assistant.dll (+pdb)
Processing assembly Library/Bee/artifacts/2400b0aE.dag/Unity.PlasticSCM.Editor.Assistant.dll, with 139 defines and 315 references
processors: Unity.Jobs.CodeGen.JobsILPostProcessor, zzzUnity.Burst.CodeGen.BurstILPostProcessor
1 processor(s) skipped this assembly
running Unity.Jobs.CodeGen.JobsILPostProcessor
[645/908    0s] ILPostProcess Library/Bee/artifacts/2400b0aE.dag/post-processed/Unity.ShaderGraph.Utilities.dll (+pdb)
Processing assembly Library/Bee/artifacts/2400b0aE.dag/Unity.ShaderGraph.Utilities.dll, with 139 defines and 314 references
processors: Unity.Jobs.CodeGen.JobsILPostProcessor, zzzUnity.Burst.CodeGen.BurstILPostProcessor
1 processor(s) skipped this assembly
running Unity.Jobs.CodeGen.JobsILPostProcessor
[646/908    0s] ILPostProcess Library/Bee/artifacts/2400b0aE.dag/post-processed/Unity.VisualScripting.Flow.dll (+pdb)
Processing assembly Library/Bee/artifacts/2400b0aE.dag/Unity.VisualScripting.Flow.dll, with 149 defines and 305 references
processors: Unity.Jobs.CodeGen.JobsILPostProcessor, zzzUnity.Burst.CodeGen.BurstILPostProcessor
1 processor(s) skipped this assembly
running Unity.Jobs.CodeGen.JobsILPostProcessor
[647/908    0s] Csc Library/Bee/artifacts/2400b0aE.dag/Unity.CollabProxy.Editor.dll (+2 others)
[           0s] Csc Library/Bee/artifacts/2400b0aE.dag/Unity.CollabProxy.Editor.dll (+2 others) [CacheWrite 9f2ca2f621d4ad314970a53a8916756500000000000000000000000000000006]
[648/908    0s] ILPostProcess Library/Bee/artifacts/2400b0aE.dag/post-processed/UnityEditor.UI.Analytics.dll (+pdb)
Processing assembly Library/Bee/artifacts/2400b0aE.dag/UnityEditor.UI.Analytics.dll, with 139 defines and 315 references
processors: Unity.Jobs.CodeGen.JobsILPostProcessor, zzzUnity.Burst.CodeGen.BurstILPostProcessor
1 processor(s) skipped this assembly
running Unity.Jobs.CodeGen.JobsILPostProcessor
[649/908    0s] ILPostProcess Library/Bee/artifacts/2400b0aE.dag/post-processed/Unity.InputSystem.ForUI.Editor.dll (+pdb)
Processing assembly Library/Bee/artifacts/2400b0aE.dag/Unity.InputSystem.ForUI.Editor.dll, with 139 defines and 316 references
processors: Unity.Jobs.CodeGen.JobsILPostProcessor, zzzUnity.Burst.CodeGen.BurstILPostProcessor
1 processor(s) skipped this assembly
running Unity.Jobs.CodeGen.JobsILPostProcessor
[650/908    0s] ILPostProcess Library/Bee/artifacts/2400b0aE.dag/post-processed/Unity.InternalAPIEditorBridge.ShaderGraph.Editor.dll (+pdb)
Processing assembly Library/Bee/artifacts/2400b0aE.dag/Unity.InternalAPIEditorBridge.ShaderGraph.Editor.dll, with 139 defines and 314 references
processors: Unity.Jobs.CodeGen.JobsILPostProcessor, zzzUnity.Burst.CodeGen.BurstILPostProcessor
1 processor(s) skipped this assembly
running Unity.Jobs.CodeGen.JobsILPostProcessor
[651/908    0s] ILPostProcess Library/Bee/artifacts/2400b0aE.dag/post-processed/Unity.InternalAPIEngineBridge.RenderPipelines.Core.Editor.dll (+pdb)
Processing assembly Library/Bee/artifacts/2400b0aE.dag/Unity.InternalAPIEngineBridge.RenderPipelines.Core.Editor.dll, with 139 defines and 314 references
processors: Unity.Jobs.CodeGen.JobsILPostProcessor, zzzUnity.Burst.CodeGen.BurstILPostProcessor
1 processor(s) skipped this assembly
running Unity.Jobs.CodeGen.JobsILPostProcessor
[652/908    0s] ILPostProcess Library/Bee/artifacts/2400b0aE.dag/post-processed/Unity.Rendering.LightTransport.Editor.dll (+pdb)
Processing assembly Library/Bee/artifacts/2400b0aE.dag/Unity.Rendering.LightTransport.Editor.dll, with 139 defines and 314 references
processors: Unity.Jobs.CodeGen.JobsILPostProcessor, zzzUnity.Burst.CodeGen.BurstILPostProcessor
1 processor(s) skipped this assembly
running Unity.Jobs.CodeGen.JobsILPostProcessor
[653/908    1s] Csc Library/Bee/artifacts/2400b0aE.dag/Unity.RenderPipelines.Core.Runtime.dll (+2 others)
[654/908    0s] ILPostProcess Library/Bee/artifacts/2400b0aE.dag/post-processed/Unity.AI.Navigation.dll (+pdb)
Processing assembly Library/Bee/artifacts/2400b0aE.dag/Unity.AI.Navigation.dll, with 142 defines and 303 references
processors: Unity.Jobs.CodeGen.JobsILPostProcessor, zzzUnity.Burst.CodeGen.BurstILPostProcessor
1 processor(s) skipped this assembly
running Unity.Jobs.CodeGen.JobsILPostProcessor
[655/908    0s] ILPostProcess Library/Bee/artifacts/2400b0aE.dag/post-processed/Unity.PerformanceTesting.dll (+pdb)
Processing assembly Library/Bee/artifacts/2400b0aE.dag/Unity.PerformanceTesting.dll, with 142 defines and 288 references
processors: Unity.Jobs.CodeGen.JobsILPostProcessor, zzzUnity.Burst.CodeGen.BurstILPostProcessor
1 processor(s) skipped this assembly
running Unity.Jobs.CodeGen.JobsILPostProcessor
[656/908    0s] ILPostProcess Library/Bee/artifacts/2400b0aE.dag/post-processed/Unity.Timeline.Editor.dll (+pdb)
Processing assembly Library/Bee/artifacts/2400b0aE.dag/Unity.Timeline.Editor.dll, with 140 defines and 315 references
processors: Unity.Jobs.CodeGen.JobsILPostProcessor, zzzUnity.Burst.CodeGen.BurstILPostProcessor
1 processor(s) skipped this assembly
running Unity.Jobs.CodeGen.JobsILPostProcessor
[           0s] Csc Library/Bee/artifacts/2400b0aE.dag/Unity.RenderPipelines.Core.Runtime.dll (+2 others) [CacheWrite c681e304eebff7ed152f6fe20e9eecb100000000000000000000000000000006]
[657/908    0s] Csc Library/Bee/artifacts/2400b0aE.dag/Unity.VisualScripting.Flow.Editor.dll (+2 others)
[           0s] Csc Library/Bee/artifacts/2400b0aE.dag/Unity.VisualScripting.Flow.Editor.dll (+2 others) [CacheWrite 94ef58f07e7742ce7ab0b3db8185918d00000000000000000000000000000006]
[658/908    0s] ILPostProcess Library/Bee/artifacts/2400b0aE.dag/post-processed/Unity.InputSystem.DocCodeSamples.dll (+pdb)
Processing assembly Library/Bee/artifacts/2400b0aE.dag/Unity.InputSystem.DocCodeSamples.dll, with 139 defines and 301 references
processors: Unity.Jobs.CodeGen.JobsILPostProcessor, zzzUnity.Burst.CodeGen.BurstILPostProcessor
1 processor(s) skipped this assembly
running Unity.Jobs.CodeGen.JobsILPostProcessor
[659/908    0s] MovedFromExtractor Library/Bee/artifacts/mvdfrm/Unity.VisualScripting.Flow.Editor.ref.dll_6940D9ACB35EBE68.mvfrm
[660/908    0s] MovedFromExtractor Library/Bee/artifacts/mvdfrm/Unity.RenderPipelines.Core.Runtime.ref.dll_D1F0D7E10096C640.mvfrm
[661/908    0s] ILPostProcess Library/Bee/artifacts/2400b0aE.dag/post-processed/Unity.AI.Navigation.Editor.ConversionSystem.dll (+pdb)
Processing assembly Library/Bee/artifacts/2400b0aE.dag/Unity.AI.Navigation.Editor.ConversionSystem.dll, with 139 defines and 314 references
processors: Unity.Jobs.CodeGen.JobsILPostProcessor, zzzUnity.Burst.CodeGen.BurstILPostProcessor
1 processor(s) skipped this assembly
running Unity.Jobs.CodeGen.JobsILPostProcessor
[662/908    0s] ILPostProcess Library/Bee/artifacts/2400b0aE.dag/post-processed/Unity.AI.Navigation.Editor.dll (+pdb)
Processing assembly Library/Bee/artifacts/2400b0aE.dag/Unity.AI.Navigation.Editor.dll, with 140 defines and 316 references
processors: Unity.Jobs.CodeGen.JobsILPostProcessor, zzzUnity.Burst.CodeGen.BurstILPostProcessor
1 processor(s) skipped this assembly
running Unity.Jobs.CodeGen.JobsILPostProcessor
[663/908    0s] MovedFromExtractor-Combine Library/Bee/artifacts/2400b0aE.dag/Unity.VisualScripting.State.Editor.dll.mvfrm
[664/908    0s] MovedFromExtractor-Combine Library/Bee/artifacts/2400b0aE.dag/Unity.RenderPipelines.Core.Runtime.Shared.dll.mvfrm
[665/908    0s] MovedFromExtractor-Combine Library/Bee/artifacts/2400b0aE.dag/Unity.RenderPipelines.GPUDriven.Runtime.dll.mvfrm
[           0s] Csc Library/Bee/artifacts/2400b0aE.dag/Unity.RenderPipelines.Core.Runtime.Shared.dll (+2 others) [CacheMiss db96e347f6f58c6d7e1014e0e9720fef00000000000000000000000000000006]
[           0s] Csc Library/Bee/artifacts/2400b0aE.dag/Unity.RenderPipelines.GPUDriven.Runtime.dll (+2 others) [CacheMiss 78318a44d875fa173f95c101f933a48e00000000000000000000000000000006]
[666/908    0s] ILPostProcess Library/Bee/artifacts/2400b0aE.dag/post-processed/Unity.2D.Tilemap.Editor.dll (+pdb)
Processing assembly Library/Bee/artifacts/2400b0aE.dag/Unity.2D.Tilemap.Editor.dll, with 139 defines and 314 references
processors: Unity.Jobs.CodeGen.JobsILPostProcessor, zzzUnity.Burst.CodeGen.BurstILPostProcessor
1 processor(s) skipped this assembly
running Unity.Jobs.CodeGen.JobsILPostProcessor
[667/908    0s] MovedFromExtractor-Combine Library/Bee/artifacts/2400b0aE.dag/Unity.PathTracing.Runtime.dll.mvfrm
[           0s] Csc Library/Bee/artifacts/2400b0aE.dag/Unity.PathTracing.Runtime.dll (+2 others) [CacheMiss ec40e58f0a397f598bf21654b347be9c00000000000000000000000000000006]
[668/908    0s] MovedFromExtractor-Combine Library/Bee/artifacts/2400b0aE.dag/Unity.RenderPipeline.Universal.ShaderLibrary.dll.mvfrm
[           0s] Csc Library/Bee/artifacts/2400b0aE.dag/Unity.RenderPipeline.Universal.ShaderLibrary.dll (+2 others) [CacheMiss 333918df6a6dfb5782e1688755b9fde300000000000000000000000000000006]
[669/908    0s] MovedFromExtractor-Combine Library/Bee/artifacts/2400b0aE.dag/Unity.RenderPipelines.Universal.Config.Runtime.dll.mvfrm
[           0s] Csc Library/Bee/artifacts/2400b0aE.dag/Unity.RenderPipelines.Universal.Config.Runtime.dll (+2 others) [CacheMiss fd6cc9c4047dcca295081d3f5c5705dd00000000000000000000000000000006]
[670/908    0s] ILPostProcess Library/Bee/artifacts/2400b0aE.dag/post-processed/Unity.VisualScripting.Flow.Editor.dll (+pdb)
Processing assembly Library/Bee/artifacts/2400b0aE.dag/Unity.VisualScripting.Flow.Editor.dll, with 141 defines and 318 references
processors: Unity.Jobs.CodeGen.JobsILPostProcessor, zzzUnity.Burst.CodeGen.BurstILPostProcessor
1 processor(s) skipped this assembly
running Unity.Jobs.CodeGen.JobsILPostProcessor
[           0s] Csc Library/Bee/artifacts/2400b0aE.dag/Unity.VisualScripting.State.Editor.dll (+2 others) [CacheMiss a583a6ca0c5dfab21e2e81644f69cf4c00000000000000000000000000000006]
[671/908    1s] ILPostProcess Library/Bee/artifacts/2400b0aE.dag/post-processed/UnityEngine.UI.dll (+pdb)
Processing assembly Library/Bee/artifacts/2400b0aE.dag/UnityEngine.UI.dll, with 147 defines and 301 references
processors: Unity.Jobs.CodeGen.JobsILPostProcessor, zzzUnity.Burst.CodeGen.BurstILPostProcessor
1 processor(s) skipped this assembly
running Unity.Jobs.CodeGen.JobsILPostProcessor
[672/908    1s] ILPostProcess Library/Bee/artifacts/2400b0aE.dag/post-processed/Unity.Burst.dll (+pdb)
Processing assembly Library/Bee/artifacts/2400b0aE.dag/Unity.Burst.dll, with 141 defines and 303 references
processors: Unity.Jobs.CodeGen.JobsILPostProcessor, zzzUnity.Burst.CodeGen.BurstILPostProcessor
running Unity.Jobs.CodeGen.JobsILPostProcessor
running zzzUnity.Burst.CodeGen.BurstILPostProcessor
[673/908    1s] ILPostProcess Library/Bee/artifacts/2400b0aE.dag/post-processed/Unity.Collections.Tests.CoreCLR.ProtectedJobNested.dll (+pdb)
Processing assembly Library/Bee/artifacts/2400b0aE.dag/Unity.Collections.Tests.CoreCLR.ProtectedJobNested.dll, with 141 defines and 304 references
processors: Unity.Jobs.CodeGen.JobsILPostProcessor, zzzUnity.Burst.CodeGen.BurstILPostProcessor
1 processor(s) skipped this assembly
running Unity.Jobs.CodeGen.JobsILPostProcessor
[674/908    1s] ILPostProcess Library/Bee/artifacts/2400b0aE.dag/post-processed/Unity.InputSystem.ForUI.dll (+pdb)
Processing assembly Library/Bee/artifacts/2400b0aE.dag/Unity.InputSystem.ForUI.dll, with 141 defines and 304 references
processors: Unity.Jobs.CodeGen.JobsILPostProcessor, zzzUnity.Burst.CodeGen.BurstILPostProcessor
1 processor(s) skipped this assembly
running Unity.Jobs.CodeGen.JobsILPostProcessor
[675/908    1s] ILPostProcess Library/Bee/artifacts/2400b0aE.dag/post-processed/Unity.RenderPipelines.Core.ShaderLibrary.dll (+pdb)
Processing assembly Library/Bee/artifacts/2400b0aE.dag/Unity.RenderPipelines.Core.ShaderLibrary.dll, with 141 defines and 303 references
processors: Unity.Jobs.CodeGen.JobsILPostProcessor, zzzUnity.Burst.CodeGen.BurstILPostProcessor
1 processor(s) skipped this assembly
running Unity.Jobs.CodeGen.JobsILPostProcessor
[676/908    1s] ILPostProcess Library/Bee/artifacts/2400b0aE.dag/post-processed/Unity.Collections.Tests.CoreCLR.PrivateJobNested.dll (+pdb)
Processing assembly Library/Bee/artifacts/2400b0aE.dag/Unity.Collections.Tests.CoreCLR.PrivateJobNested.dll, with 141 defines and 304 references
processors: Unity.Jobs.CodeGen.JobsILPostProcessor, zzzUnity.Burst.CodeGen.BurstILPostProcessor
1 processor(s) skipped this assembly
running Unity.Jobs.CodeGen.JobsILPostProcessor
[677/908    1s] ILPostProcess Library/Bee/artifacts/2400b0aE.dag/post-processed/Unity.InternalAPIEngineBridge.RenderPipelines.Core.Runtime.Shared.dll (+pdb)
Processing assembly Library/Bee/artifacts/2400b0aE.dag/Unity.InternalAPIEngineBridge.RenderPipelines.Core.Runtime.Shared.dll, with 141 defines and 303 references
processors: Unity.Jobs.CodeGen.JobsILPostProcessor, zzzUnity.Burst.CodeGen.BurstILPostProcessor
1 processor(s) skipped this assembly
running Unity.Jobs.CodeGen.JobsILPostProcessor
[678/908    1s] ILPostProcess Library/Bee/artifacts/2400b0aE.dag/post-processed/Unity.Timeline.dll (+pdb)
Processing assembly Library/Bee/artifacts/2400b0aE.dag/Unity.Timeline.dll, with 142 defines and 303 references
processors: Unity.Jobs.CodeGen.JobsILPostProcessor, zzzUnity.Burst.CodeGen.BurstILPostProcessor
1 processor(s) skipped this assembly
running Unity.Jobs.CodeGen.JobsILPostProcessor
[679/908    1s] ILPostProcess Library/Bee/artifacts/2400b0aE.dag/post-processed/Unity.InputSystem.TestFramework.dll (+pdb)
Processing assembly Library/Bee/artifacts/2400b0aE.dag/Unity.InputSystem.TestFramework.dll, with 143 defines and 290 references
processors: Unity.Jobs.CodeGen.JobsILPostProcessor, zzzUnity.Burst.CodeGen.BurstILPostProcessor
1 processor(s) skipped this assembly
running Unity.Jobs.CodeGen.JobsILPostProcessor
[680/908    1s] ILPostProcess Library/Bee/artifacts/2400b0aE.dag/post-processed/Unity.Collections.Tests.CoreCLR.InternalJobNestedPrivate.dll (+pdb)
Processing assembly Library/Bee/artifacts/2400b0aE.dag/Unity.Collections.Tests.CoreCLR.InternalJobNestedPrivate.dll, with 141 defines and 304 references
processors: Unity.Jobs.CodeGen.JobsILPostProcessor, zzzUnity.Burst.CodeGen.BurstILPostProcessor
1 processor(s) skipped this assembly
running Unity.Jobs.CodeGen.JobsILPostProcessor
[681/908    1s] ILPostProcess Library/Bee/artifacts/2400b0aE.dag/post-processed/Unity.InternalAPIEngineBridge.ObjectDispatcher.Runtime.dll (+pdb)
Processing assembly Library/Bee/artifacts/2400b0aE.dag/Unity.InternalAPIEngineBridge.ObjectDispatcher.Runtime.dll, with 141 defines and 303 references
processors: Unity.Jobs.CodeGen.JobsILPostProcessor, zzzUnity.Burst.CodeGen.BurstILPostProcessor
1 processor(s) skipped this assembly
running Unity.Jobs.CodeGen.JobsILPostProcessor
[682/908    1s] ILPostProcess Library/Bee/artifacts/2400b0aE.dag/post-processed/Unity.RenderPipelines.ShaderGraph.ShaderGraphLibrary.dll (+pdb)
Processing assembly Library/Bee/artifacts/2400b0aE.dag/Unity.RenderPipelines.ShaderGraph.ShaderGraphLibrary.dll, with 141 defines and 303 references
processors: Unity.Jobs.CodeGen.JobsILPostProcessor, zzzUnity.Burst.CodeGen.BurstILPostProcessor
1 processor(s) skipped this assembly
running Unity.Jobs.CodeGen.JobsILPostProcessor
[683/908    1s] ILPostProcess Library/Bee/artifacts/2400b0aE.dag/post-processed/Unity.AI.Navigation.Updater.dll (+pdb)
Processing assembly Library/Bee/artifacts/2400b0aE.dag/Unity.AI.Navigation.Updater.dll, with 139 defines and 317 references
processors: Unity.Jobs.CodeGen.JobsILPostProcessor, zzzUnity.Burst.CodeGen.BurstILPostProcessor
1 processor(s) skipped this assembly
running Unity.Jobs.CodeGen.JobsILPostProcessor
[684/908    1s] ILPostProcess Library/Bee/artifacts/2400b0aE.dag/post-processed/Unity.InternalAPIEngineBridge.004.dll (+pdb)
Processing assembly Library/Bee/artifacts/2400b0aE.dag/Unity.InternalAPIEngineBridge.004.dll, with 141 defines and 303 references
processors: Unity.Jobs.CodeGen.JobsILPostProcessor, zzzUnity.Burst.CodeGen.BurstILPostProcessor
1 processor(s) skipped this assembly
running Unity.Jobs.CodeGen.JobsILPostProcessor
[685/908    1s] ILPostProcess Library/Bee/artifacts/2400b0aE.dag/post-processed/Unity.Searcher.Editor.dll (+pdb)
Processing assembly Library/Bee/artifacts/2400b0aE.dag/Unity.Searcher.Editor.dll, with 139 defines and 314 references
processors: Unity.Jobs.CodeGen.JobsILPostProcessor, zzzUnity.Burst.CodeGen.BurstILPostProcessor
1 processor(s) skipped this assembly
running Unity.Jobs.CodeGen.JobsILPostProcessor
[686/908    1s] ILPostProcess Library/Bee/artifacts/2400b0aE.dag/post-processed/Unity.RenderPipelines.Universal.Shaders.dll (+pdb)
Processing assembly Library/Bee/artifacts/2400b0aE.dag/Unity.RenderPipelines.Universal.Shaders.dll, with 141 defines and 303 references
processors: Unity.Jobs.CodeGen.JobsILPostProcessor, zzzUnity.Burst.CodeGen.BurstILPostProcessor
1 processor(s) skipped this assembly
running Unity.Jobs.CodeGen.JobsILPostProcessor
[687/908    1s] ILPostProcess Library/Bee/artifacts/2400b0aE.dag/post-processed/Unity.VisualScripting.Core.dll (+pdb)
Processing assembly Library/Bee/artifacts/2400b0aE.dag/Unity.VisualScripting.Core.dll, with 146 defines and 304 references
processors: Unity.Jobs.CodeGen.JobsILPostProcessor, zzzUnity.Burst.CodeGen.BurstILPostProcessor
1 processor(s) skipped this assembly
running Unity.Jobs.CodeGen.JobsILPostProcessor
[688/908    1s] ILPostProcess Library/Bee/artifacts/2400b0aE.dag/post-processed/Unity.Profiling.Core.dll (+pdb)
Processing assembly Library/Bee/artifacts/2400b0aE.dag/Unity.Profiling.Core.dll, with 141 defines and 303 references
processors: Unity.Jobs.CodeGen.JobsILPostProcessor, zzzUnity.Burst.CodeGen.BurstILPostProcessor
1 processor(s) skipped this assembly
running Unity.Jobs.CodeGen.JobsILPostProcessor
[689/908    1s] ILPostProcess Library/Bee/artifacts/2400b0aE.dag/post-processed/Unity.Collections.Tests.CoreCLR.PublicJobPrivateGeneric.dll (+pdb)
Processing assembly Library/Bee/artifacts/2400b0aE.dag/Unity.Collections.Tests.CoreCLR.PublicJobPrivateGeneric.dll, with 141 defines and 304 references
processors: Unity.Jobs.CodeGen.JobsILPostProcessor, zzzUnity.Burst.CodeGen.BurstILPostProcessor
1 processor(s) skipped this assembly
running Unity.Jobs.CodeGen.JobsILPostProcessor
[690/908    1s] ILPostProcess Library/Bee/artifacts/2400b0aE.dag/post-processed/UnityEngine.TestRunner.dll (+pdb)
Processing assembly Library/Bee/artifacts/2400b0aE.dag/UnityEngine.TestRunner.dll, with 142 defines and 285 references
processors: Unity.Jobs.CodeGen.JobsILPostProcessor, zzzUnity.Burst.CodeGen.BurstILPostProcessor
1 processor(s) skipped this assembly
running Unity.Jobs.CodeGen.JobsILPostProcessor
[691/908    1s] ILPostProcess Library/Bee/artifacts/2400b0aE.dag/post-processed/Unity.TextMeshPro.dll (+pdb)
Processing assembly Library/Bee/artifacts/2400b0aE.dag/Unity.TextMeshPro.dll, with 142 defines and 304 references
processors: Unity.Jobs.CodeGen.JobsILPostProcessor, zzzUnity.Burst.CodeGen.BurstILPostProcessor
1 processor(s) skipped this assembly
running Unity.Jobs.CodeGen.JobsILPostProcessor
[692/908    0s] Csc Library/Bee/artifacts/2400b0aE.dag/Unity.RenderPipelines.Core.Runtime.Shared.dll (+2 others)
[           0s] Csc Library/Bee/artifacts/2400b0aE.dag/Unity.RenderPipelines.Core.Runtime.Shared.dll (+2 others) [CacheWrite db96e347f6f58c6d7e1014e0e9720fef00000000000000000000000000000006]
[693/908    0s] Csc Library/Bee/artifacts/2400b0aE.dag/Unity.RenderPipeline.Universal.ShaderLibrary.dll (+2 others)
[           0s] Csc Library/Bee/artifacts/2400b0aE.dag/Unity.RenderPipeline.Universal.ShaderLibrary.dll (+2 others) [CacheWrite 333918df6a6dfb5782e1688755b9fde300000000000000000000000000000006]
[694/908    0s] Csc Library/Bee/artifacts/2400b0aE.dag/Unity.RenderPipelines.Universal.Config.Runtime.dll (+2 others)
[           0s] Csc Library/Bee/artifacts/2400b0aE.dag/Unity.RenderPipelines.Universal.Config.Runtime.dll (+2 others) [CacheWrite fd6cc9c4047dcca295081d3f5c5705dd00000000000000000000000000000006]
[695/908    0s] CopyFiles Library/ScriptAssemblies/UnityEngine.TestRunner.dll
[696/908    0s] CopyFiles Library/ScriptAssemblies/Unity.Burst.dll
[697/908    0s] CopyFiles Library/ScriptAssemblies/Unity.Timeline.dll
[698/908    0s] CopyFiles Library/ScriptAssemblies/Unity.TextMeshPro.dll
[699/908    0s] CopyFiles Library/ScriptAssemblies/Unity.Collections.Tests.CoreCLR.ProtectedJobNested.dll
[700/908    0s] CopyFiles Library/ScriptAssemblies/Unity.RenderPipelines.Universal.Shaders.dll
[701/908    0s] CopyFiles Library/ScriptAssemblies/Unity.VisualScripting.State.dll
[702/908    0s] CopyFiles Library/ScriptAssemblies/Unity.VisualScripting.DocCodeExamples.dll
[703/908    0s] CopyFiles Library/ScriptAssemblies/Unity.VisualScripting.Flow.dll
[704/908    0s] CopyFiles Library/ScriptAssemblies/Unity.Collections.Tests.CoreCLR.InternalJobNestedPrivate.dll
[705/908    0s] CopyFiles Library/ScriptAssemblies/Unity.Collections.Tests.CoreCLR.PrivateJobNested.dll
[706/908    0s] CopyFiles Library/ScriptAssemblies/Unity.Profiling.Core.dll
[707/908    0s] CopyFiles Library/ScriptAssemblies/UnityEngine.UI.dll
[708/908    0s] CopyFiles Library/ScriptAssemblies/Unity.PerformanceTesting.dll
[709/908    0s] CopyFiles Library/ScriptAssemblies/Unity.InternalAPIEngineBridge.RenderPipelines.Core.Runtime.Shared.dll
[710/908    0s] CopyFiles Library/ScriptAssemblies/Unity.InputSystem.TestFramework.dll
[711/908    0s] CopyFiles Library/ScriptAssemblies/Unity.AI.Navigation.dll
[712/908    0s] CopyFiles Library/ScriptAssemblies/Unity.PerformanceTesting.pdb
[713/908    0s] CopyFiles Library/ScriptAssemblies/Unity.Timeline.pdb
[714/908    0s] CopyFiles Library/ScriptAssemblies/Unity.RenderPipelines.ShaderGraph.ShaderGraphLibrary.dll
[715/908    0s] CopyFiles Library/ScriptAssemblies/Unity.PlasticSCM.Editor.Assistant.pdb
[716/908    0s] CopyFiles Library/ScriptAssemblies/Unity.Collections.Tests.CoreCLR.PublicJobPrivateGeneric.dll
[717/908    0s] CopyFiles Library/ScriptAssemblies/Unity.AI.Navigation.Editor.pdb
[718/908    0s] CopyFiles Library/ScriptAssemblies/Unity.AI.Navigation.Editor.ConversionSystem.dll
[719/908    0s] CopyFiles Library/ScriptAssemblies/UnityEditor.UI.Analytics.dll
[720/908    0s] CopyFiles Library/ScriptAssemblies/Unity.InputSystem.ForUI.Editor.dll
[721/908    0s] CopyFiles Library/ScriptAssemblies/Unity.VisualScripting.Flow.Editor.pdb
[722/908    0s] CopyFiles Library/ScriptAssemblies/Unity.RenderPipelines.Core.ShaderLibrary.dll
[723/908    0s] CopyFiles Library/ScriptAssemblies/Unity.PlasticSCM.Editor.Assistant.dll
[724/908    0s] CopyFiles Library/ScriptAssemblies/Unity.InputSystem.DocCodeSamples.dll
[725/908    0s] CopyFiles Library/ScriptAssemblies/Unity.VisualScripting.DocCodeExamples.pdb
[726/908    0s] CopyFiles Library/ScriptAssemblies/Unity.Rendering.LightTransport.Editor.pdb
[727/908    0s] CopyFiles Library/ScriptAssemblies/Unity.PerformanceTesting.Editor.dll
[728/908    0s] CopyFiles Library/ScriptAssemblies/Unity.AI.Navigation.Editor.ConversionSystem.pdb
[729/908    0s] CopyFiles Library/ScriptAssemblies/UnityEngine.TestRunner.pdb
[730/908    0s] CopyFiles Library/ScriptAssemblies/Unity.2D.Tilemap.Editor.dll
[731/908    0s] CopyFiles Library/ScriptAssemblies/Unity.Collections.Tests.CoreCLR.InternalJobNestedPrivate.pdb
[732/908    0s] CopyFiles Library/ScriptAssemblies/Unity.InputSystem.TestFramework.pdb
[733/908    0s] CopyFiles Library/ScriptAssemblies/Unity.InputSystem.DocCodeSamples.pdb
[734/908    0s] CopyFiles Library/ScriptAssemblies/Unity.InternalAPIEditorBridge.ShaderGraph.Editor.pdb
[735/908    0s] CopyFiles Library/ScriptAssemblies/UnityEditor.UI.Analytics.pdb
[736/908    0s] CopyFiles Library/ScriptAssemblies/Unity.InputSystem.ForUI.dll
[737/908    0s] CopyFiles Library/ScriptAssemblies/Unity.InternalAPIEngineBridge.RenderPipelines.Core.Runtime.Shared.pdb
[738/908    0s] CopyFiles Library/ScriptAssemblies/Unity.Collections.Tests.CoreCLR.PrivateJobNested.pdb
[739/908    0s] CopyFiles Library/ScriptAssemblies/Unity.Searcher.Editor.dll
[740/908    0s] CopyFiles Library/ScriptAssemblies/Unity.InternalAPIEngineBridge.004.dll
[741/908    0s] CopyFiles Library/ScriptAssemblies/Unity.ShaderGraph.Utilities.dll
[742/908    0s] CopyFiles Library/ScriptAssemblies/Unity.Collections.Tests.CoreCLR.PublicJobPrivateGeneric.pdb
[743/908    0s] CopyFiles Library/ScriptAssemblies/Unity.VisualScripting.Flow.Editor.dll
[744/908    0s] CopyFiles Library/ScriptAssemblies/Unity.TextMeshPro.pdb
[745/908    0s] CopyFiles Library/ScriptAssemblies/UnityEngine.UI.pdb
[746/908    0s] CopyFiles Library/ScriptAssemblies/Unity.InternalAPIEngineBridge.RenderPipelines.Core.Editor.dll
[747/908    0s] CopyFiles Library/ScriptAssemblies/Unity.Collections.Tests.CoreCLR.ProtectedJobNested.pdb
[748/908    0s] CopyFiles Library/ScriptAssemblies/Unity.Rendering.LightTransport.Editor.dll
[749/908    0s] CopyFiles Library/ScriptAssemblies/Unity.Timeline.Editor.dll
[750/908    0s] CopyFiles Library/ScriptAssemblies/Unity.Timeline.Editor.pdb
[751/908    0s] CopyFiles Library/ScriptAssemblies/Unity.2D.Tilemap.Editor.pdb
[752/908    0s] CopyFiles Library/ScriptAssemblies/Unity.Burst.pdb
[753/908    0s] CopyFiles Library/ScriptAssemblies/Unity.RenderPipelines.Core.ShaderLibrary.pdb
[754/908    0s] CopyFiles Library/ScriptAssemblies/Unity.AI.Navigation.Editor.dll
[755/908    0s] CopyFiles Library/ScriptAssemblies/Unity.Searcher.Editor.pdb
[756/908    0s] CopyFiles Library/ScriptAssemblies/Unity.InternalAPIEditorBridge.ShaderGraph.Editor.dll
[757/908    0s] CopyFiles Library/ScriptAssemblies/Unity.AI.Navigation.pdb
[758/908    0s] CopyFiles Library/ScriptAssemblies/Unity.VisualScripting.Flow.pdb
[759/908    0s] CopyFiles Library/ScriptAssemblies/Unity.AI.Navigation.Updater.dll
[760/908    0s] CopyFiles Library/ScriptAssemblies/Unity.AI.Navigation.Updater.pdb
[761/908    0s] CopyFiles Library/ScriptAssemblies/Unity.RenderPipelines.ShaderGraph.ShaderGraphLibrary.pdb
[762/908    0s] CopyFiles Library/ScriptAssemblies/Unity.Profiling.Core.pdb
[763/908    0s] CopyFiles Library/ScriptAssemblies/Unity.PerformanceTesting.Editor.pdb
[764/908    0s] CopyFiles Library/ScriptAssemblies/Unity.VisualScripting.Core.pdb
[765/908    0s] CopyFiles Library/ScriptAssemblies/Unity.RenderPipelines.Universal.Shaders.pdb
[766/908    0s] CopyFiles Library/ScriptAssemblies/Unity.InputSystem.ForUI.Editor.pdb
[767/908    0s] CopyFiles Library/ScriptAssemblies/Unity.ShaderGraph.Utilities.pdb
[768/908    0s] CopyFiles Library/ScriptAssemblies/Unity.VisualScripting.State.pdb
[769/908    0s] CopyFiles Library/ScriptAssemblies/Unity.InternalAPIEngineBridge.RenderPipelines.Core.Editor.pdb
[770/908    0s] CopyFiles Library/ScriptAssemblies/Unity.InternalAPIEngineBridge.ObjectDispatcher.Runtime.pdb
[771/908    0s] CopyFiles Library/ScriptAssemblies/Unity.VisualScripting.Core.dll
[772/908    0s] CopyFiles Library/ScriptAssemblies/Unity.InternalAPIEngineBridge.ObjectDispatcher.Runtime.dll
[773/908    0s] CopyFiles Library/ScriptAssemblies/Unity.InputSystem.ForUI.pdb
[774/908    0s] CopyFiles Library/ScriptAssemblies/Unity.InternalAPIEngineBridge.004.pdb
[775/908    0s] ILPostProcess Library/Bee/artifacts/2400b0aE.dag/post-processed/Unity.Collections.Editor.dll (+pdb)
Processing assembly Library/Bee/artifacts/2400b0aE.dag/Unity.Collections.Editor.dll, with 140 defines and 315 references
processors: Unity.Jobs.CodeGen.JobsILPostProcessor, zzzUnity.Burst.CodeGen.BurstILPostProcessor
1 processor(s) skipped this assembly
running Unity.Jobs.CodeGen.JobsILPostProcessor
[776/908    0s] ILPostProcess Library/Bee/artifacts/2400b0aE.dag/post-processed/Unity.CollabProxy.Editor.dll (+pdb)
Processing assembly Library/Bee/artifacts/2400b0aE.dag/Unity.CollabProxy.Editor.dll, with 139 defines and 315 references
processors: Unity.Jobs.CodeGen.JobsILPostProcessor, zzzUnity.Burst.CodeGen.BurstILPostProcessor
1 processor(s) skipped this assembly
running Unity.Jobs.CodeGen.JobsILPostProcessor
[777/908    0s] CopyFiles Library/ScriptAssemblies/Unity.Collections.Editor.dll
[778/908    0s] CopyFiles Library/ScriptAssemblies/Unity.Collections.Editor.pdb
[779/908    0s] CopyFiles Library/ScriptAssemblies/Unity.CollabProxy.Editor.dll
[780/908    0s] CopyFiles Library/ScriptAssemblies/Unity.CollabProxy.Editor.pdb
[781/908    0s] MovedFromExtractor-Combine Library/Bee/artifacts/2400b0aE.dag/Unity.VisualScripting.SettingsProvider.Editor.dll.mvfrm
[           0s] Csc Library/Bee/artifacts/2400b0aE.dag/Unity.VisualScripting.SettingsProvider.Editor.dll (+2 others) [CacheMiss cbcf89fcd7f9101691d7c8512d26f6a200000000000000000000000000000006]
[782/908    0s] MovedFromExtractor-Combine Library/Bee/artifacts/2400b0aE.dag/Unity.TextMeshPro.Editor.dll.mvfrm
[           0s] Csc Library/Bee/artifacts/2400b0aE.dag/Unity.TextMeshPro.Editor.dll (+2 others) [CacheMiss 7f391f518b03b5d3b62cc53b744b35f000000000000000000000000000000006]
[783/908    0s] MovedFromExtractor Library/Bee/artifacts/mvdfrm/Unity.RenderPipelines.Universal.Config.Runtime.ref.dll_A9D64A2136C99BF6.mvfrm
[784/908    0s] ILPostProcess Library/Bee/artifacts/2400b0aE.dag/post-processed/Unity.RenderPipelines.Universal.Config.Runtime.dll (+pdb)
Processing assembly Library/Bee/artifacts/2400b0aE.dag/Unity.RenderPipelines.Universal.Config.Runtime.dll, with 141 defines and 304 references
processors: Unity.Jobs.CodeGen.JobsILPostProcessor, zzzUnity.Burst.CodeGen.BurstILPostProcessor
1 processor(s) skipped this assembly
running Unity.Jobs.CodeGen.JobsILPostProcessor
[785/908    0s] ILPostProcess Library/Bee/artifacts/2400b0aE.dag/post-processed/Unity.RenderPipeline.Universal.ShaderLibrary.dll (+pdb)
Processing assembly Library/Bee/artifacts/2400b0aE.dag/Unity.RenderPipeline.Universal.ShaderLibrary.dll, with 141 defines and 304 references
processors: Unity.Jobs.CodeGen.JobsILPostProcessor, zzzUnity.Burst.CodeGen.BurstILPostProcessor
1 processor(s) skipped this assembly
running Unity.Jobs.CodeGen.JobsILPostProcessor
[786/908    0s] MovedFromExtractor Library/Bee/artifacts/mvdfrm/Unity.RenderPipelines.Core.Runtime.Shared.ref.dll_EB59ACBB4531F4E9.mvfrm
[787/908    0s] MovedFromExtractor Library/Bee/artifacts/mvdfrm/Unity.RenderPipeline.Universal.ShaderLibrary.ref.dll_DFD8F2B83DCEE681.mvfrm
[788/908    0s] CopyFiles Library/ScriptAssemblies/Unity.RenderPipelines.Universal.Config.Runtime.pdb
[789/908    0s] CopyFiles Library/ScriptAssemblies/Unity.RenderPipelines.Universal.Config.Runtime.dll
[790/908    0s] CopyFiles Library/ScriptAssemblies/Unity.RenderPipeline.Universal.ShaderLibrary.pdb
[791/908    0s] CopyFiles Library/ScriptAssemblies/Unity.RenderPipeline.Universal.ShaderLibrary.dll
[792/908    0s] ILPostProcess Library/Bee/artifacts/2400b0aE.dag/post-processed/Unity.RenderPipelines.Core.Runtime.Shared.dll (+pdb)
Processing assembly Library/Bee/artifacts/2400b0aE.dag/Unity.RenderPipelines.Core.Runtime.Shared.dll, with 141 defines and 306 references
processors: Unity.Jobs.CodeGen.JobsILPostProcessor, zzzUnity.Burst.CodeGen.BurstILPostProcessor
1 processor(s) skipped this assembly
running Unity.Jobs.CodeGen.JobsILPostProcessor
[793/908    0s] CopyFiles Library/ScriptAssemblies/Unity.RenderPipelines.Core.Runtime.Shared.dll
[794/908    0s] CopyFiles Library/ScriptAssemblies/Unity.RenderPipelines.Core.Runtime.Shared.pdb
[795/908    0s] ILPostProcess Library/Bee/artifacts/2400b0aE.dag/post-processed/Unity.GraphAuthoring.Editor.dll (+pdb)
Processing assembly Library/Bee/artifacts/2400b0aE.dag/Unity.GraphAuthoring.Editor.dll, with 139 defines and 314 references
processors: Unity.Jobs.CodeGen.JobsILPostProcessor, zzzUnity.Burst.CodeGen.BurstILPostProcessor
1 processor(s) skipped this assembly
running Unity.Jobs.CodeGen.JobsILPostProcessor
[796/908    0s] CopyFiles Library/ScriptAssemblies/Unity.GraphAuthoring.Editor.dll
[797/908    0s] CopyFiles Library/ScriptAssemblies/Unity.GraphAuthoring.Editor.pdb
[798/908    0s] Csc Library/Bee/artifacts/2400b0aE.dag/Unity.PathTracing.Runtime.dll (+2 others)
[           0s] Csc Library/Bee/artifacts/2400b0aE.dag/Unity.PathTracing.Runtime.dll (+2 others) [CacheWrite ec40e58f0a397f598bf21654b347be9c00000000000000000000000000000006]
[799/908    0s] ILPostProcess Library/Bee/artifacts/2400b0aE.dag/post-processed/UnityEditor.UI.dll (+pdb)
Processing assembly Library/Bee/artifacts/2400b0aE.dag/UnityEditor.UI.dll, with 142 defines and 313 references
processors: Unity.Jobs.CodeGen.JobsILPostProcessor, zzzUnity.Burst.CodeGen.BurstILPostProcessor
1 processor(s) skipped this assembly
running Unity.Jobs.CodeGen.JobsILPostProcessor
[800/908    0s] Csc Library/Bee/artifacts/2400b0aE.dag/Unity.VisualScripting.SettingsProvider.Editor.dll (+2 others)
[801/908    0s] CopyFiles Library/ScriptAssemblies/UnityEditor.UI.pdb
[802/908    0s] CopyFiles Library/ScriptAssemblies/UnityEditor.UI.dll
[           0s] Csc Library/Bee/artifacts/2400b0aE.dag/Unity.VisualScripting.SettingsProvider.Editor.dll (+2 others) [CacheWrite cbcf89fcd7f9101691d7c8512d26f6a200000000000000000000000000000006]
[803/908    0s] MovedFromExtractor Library/Bee/artifacts/mvdfrm/Unity.PathTracing.Runtime.ref.dll_AE8EB1A4ADBF4619.mvfrm
[804/908    0s] MovedFromExtractor Library/Bee/artifacts/mvdfrm/Unity.VisualScripting.SettingsProvider.Editor.ref.dll_B8324D455948C852.mvfrm
[805/908    0s] ILPostProcess Library/Bee/artifacts/2400b0aE.dag/post-processed/Unity.VisualScripting.SettingsProvider.Editor.dll (+pdb)
Processing assembly Library/Bee/artifacts/2400b0aE.dag/Unity.VisualScripting.SettingsProvider.Editor.dll, with 139 defines and 319 references
processors: Unity.Jobs.CodeGen.JobsILPostProcessor, zzzUnity.Burst.CodeGen.BurstILPostProcessor
1 processor(s) skipped this assembly
running Unity.Jobs.CodeGen.JobsILPostProcessor
[806/908    0s] CopyFiles Library/ScriptAssemblies/Unity.VisualScripting.SettingsProvider.Editor.pdb
[807/908    0s] CopyFiles Library/ScriptAssemblies/Unity.VisualScripting.SettingsProvider.Editor.dll
[808/908    0s] MovedFromExtractor-Combine Library/Bee/artifacts/2400b0aE.dag/Unity.SurfaceCache.Runtime.dll.mvfrm
[           0s] Csc Library/Bee/artifacts/2400b0aE.dag/Unity.SurfaceCache.Runtime.dll (+2 others) [CacheMiss d0375c48b9f399cecb348ba80d2e617000000000000000000000000000000006]
[809/908    0s] MovedFromExtractor-Combine Library/Bee/artifacts/2400b0aE.dag/Unity.PathTracing.Editor.dll.mvfrm
[           0s] Csc Library/Bee/artifacts/2400b0aE.dag/Unity.PathTracing.Editor.dll (+2 others) [CacheMiss ef8a30988b4d2c83656e9e62d0a1795000000000000000000000000000000006]
[810/908    0s] Csc Library/Bee/artifacts/2400b0aE.dag/Unity.VisualScripting.State.Editor.dll (+2 others)
[           0s] Csc Library/Bee/artifacts/2400b0aE.dag/Unity.VisualScripting.State.Editor.dll (+2 others) [CacheWrite a583a6ca0c5dfab21e2e81644f69cf4c00000000000000000000000000000006]
[811/908    0s] Csc Library/Bee/artifacts/2400b0aE.dag/Unity.RenderPipelines.GPUDriven.Runtime.dll (+2 others)
[           0s] Csc Library/Bee/artifacts/2400b0aE.dag/Unity.RenderPipelines.GPUDriven.Runtime.dll (+2 others) [CacheWrite 78318a44d875fa173f95c101f933a48e00000000000000000000000000000006]
[812/908    0s] MovedFromExtractor Library/Bee/artifacts/mvdfrm/Unity.VisualScripting.State.Editor.ref.dll_E3BEEDFEAAF21AA5.mvfrm
[813/908    0s] MovedFromExtractor Library/Bee/artifacts/mvdfrm/Unity.RenderPipelines.GPUDriven.Runtime.ref.dll_AD9DACDE34895289.mvfrm
[814/908    0s] MovedFromExtractor-Combine Library/Bee/artifacts/2400b0aE.dag/Unity.VisualScripting.Shared.Editor.dll.mvfrm
[           0s] Csc Library/Bee/artifacts/2400b0aE.dag/Unity.VisualScripting.Shared.Editor.dll (+2 others) [CacheMiss da50cd2dcff68eb3b11b233be3b67b0400000000000000000000000000000006]
[815/908    0s] ILPostProcess Library/Bee/artifacts/2400b0aE.dag/post-processed/UnityEditor.TestRunner.dll (+pdb)
Processing assembly Library/Bee/artifacts/2400b0aE.dag/UnityEditor.TestRunner.dll, with 140 defines and 301 references
processors: Unity.Jobs.CodeGen.JobsILPostProcessor, zzzUnity.Burst.CodeGen.BurstILPostProcessor
1 processor(s) skipped this assembly
running Unity.Jobs.CodeGen.JobsILPostProcessor
[816/908    0s] ILPostProcess Library/Bee/artifacts/2400b0aE.dag/post-processed/Unity.PlasticSCM.Editor.Entities.dll (+pdb)
Processing assembly Library/Bee/artifacts/2400b0aE.dag/Unity.PlasticSCM.Editor.Entities.dll, with 139 defines and 315 references
processors: Unity.Jobs.CodeGen.JobsILPostProcessor, zzzUnity.Burst.CodeGen.BurstILPostProcessor
1 processor(s) skipped this assembly
running Unity.Jobs.CodeGen.JobsILPostProcessor
[817/908    0s] CopyFiles Library/ScriptAssemblies/Unity.PlasticSCM.Editor.Entities.pdb
[818/908    0s] CopyFiles Library/ScriptAssemblies/Unity.PlasticSCM.Editor.Entities.dll
[819/908    0s] CopyFiles Library/ScriptAssemblies/UnityEditor.TestRunner.pdb
[820/908    0s] CopyFiles Library/ScriptAssemblies/UnityEditor.TestRunner.dll
[821/908    0s] Csc Library/Bee/artifacts/2400b0aE.dag/Unity.SurfaceCache.Runtime.dll (+2 others)
[           0s] Csc Library/Bee/artifacts/2400b0aE.dag/Unity.SurfaceCache.Runtime.dll (+2 others) [CacheWrite d0375c48b9f399cecb348ba80d2e617000000000000000000000000000000006]
[822/908    1s] ILPostProcess Library/Bee/artifacts/2400b0aE.dag/post-processed/Unity.UnifiedRayTracing.Runtime.dll (+pdb)
Processing assembly Library/Bee/artifacts/2400b0aE.dag/Unity.UnifiedRayTracing.Runtime.dll, with 143 defines and 305 references
processors: Unity.Jobs.CodeGen.JobsILPostProcessor, zzzUnity.Burst.CodeGen.BurstILPostProcessor
running Unity.Jobs.CodeGen.JobsILPostProcessor
running zzzUnity.Burst.CodeGen.BurstILPostProcessor
[823/908    0s] CopyFiles Library/ScriptAssemblies/Unity.UnifiedRayTracing.Runtime.dll
[824/908    0s] CopyFiles Library/ScriptAssemblies/Unity.UnifiedRayTracing.Runtime.pdb
[825/908    0s] ILPostProcess Library/Bee/artifacts/2400b0aE.dag/post-processed/Unity.VisualScripting.State.Editor.dll (+pdb)
Processing assembly Library/Bee/artifacts/2400b0aE.dag/Unity.VisualScripting.State.Editor.dll, with 139 defines and 319 references
processors: Unity.Jobs.CodeGen.JobsILPostProcessor, zzzUnity.Burst.CodeGen.BurstILPostProcessor
1 processor(s) skipped this assembly
running Unity.Jobs.CodeGen.JobsILPostProcessor
[826/908    0s] CopyFiles Library/ScriptAssemblies/Unity.VisualScripting.State.Editor.pdb
[827/908    0s] CopyFiles Library/ScriptAssemblies/Unity.VisualScripting.State.Editor.dll
[828/908    0s] MovedFromExtractor Library/Bee/artifacts/mvdfrm/Unity.SurfaceCache.Runtime.ref.dll_4279B157D1C77793.mvfrm
[829/908    0s] ILPostProcess Library/Bee/artifacts/2400b0aE.dag/post-processed/Unity.SurfaceCache.Runtime.dll (+pdb)
Processing assembly Library/Bee/artifacts/2400b0aE.dag/Unity.SurfaceCache.Runtime.dll, with 142 defines and 306 references
processors: Unity.Jobs.CodeGen.JobsILPostProcessor, zzzUnity.Burst.CodeGen.BurstILPostProcessor
1 processor(s) skipped this assembly
running Unity.Jobs.CodeGen.JobsILPostProcessor
[830/908    0s] CopyFiles Library/ScriptAssemblies/Unity.SurfaceCache.Runtime.dll
[831/908    0s] CopyFiles Library/ScriptAssemblies/Unity.SurfaceCache.Runtime.pdb
[832/908    0s] Csc Library/Bee/artifacts/2400b0aE.dag/Unity.TextMeshPro.Editor.dll (+2 others)
[           0s] Csc Library/Bee/artifacts/2400b0aE.dag/Unity.TextMeshPro.Editor.dll (+2 others) [CacheWrite 7f391f518b03b5d3b62cc53b744b35f000000000000000000000000000000006]
[833/908    0s] Csc Library/Bee/artifacts/2400b0aE.dag/Unity.PathTracing.Editor.dll (+2 others)
[834/908    0s] MovedFromExtractor-Combine Library/Bee/artifacts/2400b0aE.dag/Unity.RenderPipelines.Universal.Runtime.dll.mvfrm
[           0s] Csc Library/Bee/artifacts/2400b0aE.dag/Unity.PathTracing.Editor.dll (+2 others) [CacheWrite ef8a30988b4d2c83656e9e62d0a1795000000000000000000000000000000006]
[           0s] Csc Library/Bee/artifacts/2400b0aE.dag/Unity.RenderPipelines.Universal.Runtime.dll (+2 others) [CacheMiss d2693fcfa14e8fd3396d106bd9c200f300000000000000000000000000000006]
[835/908    0s] Csc Library/Bee/artifacts/2400b0aE.dag/Unity.VisualScripting.Shared.Editor.dll (+2 others)
[           0s] Csc Library/Bee/artifacts/2400b0aE.dag/Unity.VisualScripting.Shared.Editor.dll (+2 others) [CacheWrite da50cd2dcff68eb3b11b233be3b67b0400000000000000000000000000000006]
[836/908    0s] MovedFromExtractor Library/Bee/artifacts/mvdfrm/Unity.TextMeshPro.Editor.ref.dll_B8A961BBD8ABE0FC.mvfrm
[837/908    0s] MovedFromExtractor Library/Bee/artifacts/mvdfrm/Unity.PathTracing.Editor.ref.dll_742D6C2A6A5073F2.mvfrm
[838/908    0s] ILPostProcess Library/Bee/artifacts/2400b0aE.dag/post-processed/Unity.VisualScripting.Shared.Editor.dll (+pdb)
Processing assembly Library/Bee/artifacts/2400b0aE.dag/Unity.VisualScripting.Shared.Editor.dll, with 139 defines and 320 references
processors: Unity.Jobs.CodeGen.JobsILPostProcessor, zzzUnity.Burst.CodeGen.BurstILPostProcessor
1 processor(s) skipped this assembly
running Unity.Jobs.CodeGen.JobsILPostProcessor
[839/908    0s] MovedFromExtractor Library/Bee/artifacts/mvdfrm/Unity.VisualScripting.Shared.Editor.ref.dll_F54BA3F421A71E21.mvfrm
[840/908    0s] CopyFiles Library/ScriptAssemblies/Unity.VisualScripting.Shared.Editor.dll
[841/908    0s] CopyFiles Library/ScriptAssemblies/Unity.VisualScripting.Shared.Editor.pdb
[842/908    0s] ILPostProcess Library/Bee/artifacts/2400b0aE.dag/post-processed/Unity.VisualScripting.Core.Editor.dll (+pdb)
Processing assembly Library/Bee/artifacts/2400b0aE.dag/Unity.VisualScripting.Core.Editor.dll, with 139 defines and 315 references
processors: Unity.Jobs.CodeGen.JobsILPostProcessor, zzzUnity.Burst.CodeGen.BurstILPostProcessor
1 processor(s) skipped this assembly
running Unity.Jobs.CodeGen.JobsILPostProcessor
[843/908    0s] ILPostProcess Library/Bee/artifacts/2400b0aE.dag/post-processed/Unity.PathTracing.Editor.dll (+pdb)
Processing assembly Library/Bee/artifacts/2400b0aE.dag/Unity.PathTracing.Editor.dll, with 140 defines and 317 references
processors: Unity.Jobs.CodeGen.JobsILPostProcessor, zzzUnity.Burst.CodeGen.BurstILPostProcessor
1 processor(s) skipped this assembly
running Unity.Jobs.CodeGen.JobsILPostProcessor
[844/908    0s] MovedFromExtractor-Combine Library/Bee/artifacts/2400b0aE.dag/Unity.RenderPipelines.Core.Editor.dll.mvfrm
[845/908    0s] CopyFiles Library/ScriptAssemblies/Unity.VisualScripting.Core.Editor.pdb
[846/908    0s] CopyFiles Library/ScriptAssemblies/Unity.VisualScripting.Core.Editor.dll
[847/908    0s] CopyFiles Library/ScriptAssemblies/Unity.PathTracing.Editor.pdb
[848/908    0s] CopyFiles Library/ScriptAssemblies/Unity.PathTracing.Editor.dll
[849/908    0s] ILPostProcess Library/Bee/artifacts/2400b0aE.dag/post-processed/Unity.TextMeshPro.Editor.dll (+pdb)
Processing assembly Library/Bee/artifacts/2400b0aE.dag/Unity.TextMeshPro.Editor.dll, with 139 defines and 316 references
processors: Unity.Jobs.CodeGen.JobsILPostProcessor, zzzUnity.Burst.CodeGen.BurstILPostProcessor
1 processor(s) skipped this assembly
running Unity.Jobs.CodeGen.JobsILPostProcessor
[850/908    0s] CopyFiles Library/ScriptAssemblies/Unity.TextMeshPro.Editor.pdb
[851/908    0s] CopyFiles Library/ScriptAssemblies/Unity.TextMeshPro.Editor.dll
[852/908    0s] ILPostProcess Library/Bee/artifacts/2400b0aE.dag/post-processed/Unity.PathTracing.Runtime.dll (+pdb)
Processing assembly Library/Bee/artifacts/2400b0aE.dag/Unity.PathTracing.Runtime.dll, with 144 defines and 306 references
processors: Unity.Jobs.CodeGen.JobsILPostProcessor, zzzUnity.Burst.CodeGen.BurstILPostProcessor
1 processor(s) skipped this assembly
running Unity.Jobs.CodeGen.JobsILPostProcessor
[           0s] Csc Library/Bee/artifacts/2400b0aE.dag/Unity.RenderPipelines.Core.Editor.dll (+2 others) [CacheMiss 67de160ee166801c4c6b25ff60f0331900000000000000000000000000000006]
[853/908    0s] CopyFiles Library/ScriptAssemblies/Unity.PathTracing.Runtime.dll
[854/908    0s] CopyFiles Library/ScriptAssemblies/Unity.PathTracing.Runtime.pdb
[855/908    1s] ILPostProcess Library/Bee/artifacts/2400b0aE.dag/post-processed/Unity.RenderPipelines.Core.Runtime.dll (+pdb)
Processing assembly Library/Bee/artifacts/2400b0aE.dag/Unity.RenderPipelines.Core.Runtime.dll, with 146 defines and 306 references
processors: Unity.Jobs.CodeGen.JobsILPostProcessor, zzzUnity.Burst.CodeGen.BurstILPostProcessor
1 processor(s) skipped this assembly
running Unity.Jobs.CodeGen.JobsILPostProcessor
[856/908    0s] CopyFiles Library/ScriptAssemblies/Unity.RenderPipelines.Core.Runtime.pdb
[857/908    0s] CopyFiles Library/ScriptAssemblies/Unity.RenderPipelines.Core.Runtime.dll
[858/908    2s] ILPostProcess Library/Bee/artifacts/2400b0aE.dag/post-processed/Unity.InputSystem.dll (+pdb)
Processing assembly Library/Bee/artifacts/2400b0aE.dag/Unity.InputSystem.dll, with 154 defines and 303 references
processors: Unity.Jobs.CodeGen.JobsILPostProcessor, zzzUnity.Burst.CodeGen.BurstILPostProcessor
1 processor(s) skipped this assembly
running Unity.Jobs.CodeGen.JobsILPostProcessor
[859/908    2s] ILPostProcess Library/Bee/artifacts/2400b0aE.dag/post-processed/Unity.Collections.dll (+pdb)
Processing assembly Library/Bee/artifacts/2400b0aE.dag/Unity.Collections.dll, with 143 defines and 304 references
processors: Unity.Jobs.CodeGen.JobsILPostProcessor, zzzUnity.Burst.CodeGen.BurstILPostProcessor
running Unity.Jobs.CodeGen.JobsILPostProcessor
running zzzUnity.Burst.CodeGen.BurstILPostProcessor
[860/908    0s] CopyFiles Library/ScriptAssemblies/Unity.Collections.pdb
[861/908    0s] CopyFiles Library/ScriptAssemblies/Unity.Collections.dll
[862/908    0s] CopyFiles Library/ScriptAssemblies/Unity.InputSystem.pdb
[863/908    0s] CopyFiles Library/ScriptAssemblies/Unity.InputSystem.dll
[864/908    0s] ILPostProcess Library/Bee/artifacts/2400b0aE.dag/post-processed/Unity.RenderPipelines.GPUDriven.Runtime.dll (+pdb)
Processing assembly Library/Bee/artifacts/2400b0aE.dag/Unity.RenderPipelines.GPUDriven.Runtime.dll, with 142 defines and 307 references
processors: Unity.Jobs.CodeGen.JobsILPostProcessor, zzzUnity.Burst.CodeGen.BurstILPostProcessor
running Unity.Jobs.CodeGen.JobsILPostProcessor
running zzzUnity.Burst.CodeGen.BurstILPostProcessor
[865/908    0s] CopyFiles Library/ScriptAssemblies/Unity.RenderPipelines.GPUDriven.Runtime.dll
[866/908    0s] CopyFiles Library/ScriptAssemblies/Unity.RenderPipelines.GPUDriven.Runtime.pdb
[867/908    1s] ILPostProcess Library/Bee/artifacts/2400b0aE.dag/post-processed/Unity.PlasticSCM.Editor.dll (+pdb)
Processing assembly Library/Bee/artifacts/2400b0aE.dag/Unity.PlasticSCM.Editor.dll, with 140 defines and 304 references
processors: Unity.Jobs.CodeGen.JobsILPostProcessor, zzzUnity.Burst.CodeGen.BurstILPostProcessor
1 processor(s) skipped this assembly
running Unity.Jobs.CodeGen.JobsILPostProcessor
[868/908    0s] CopyFiles Library/ScriptAssemblies/Unity.PlasticSCM.Editor.pdb
[869/908    0s] CopyFiles Library/ScriptAssemblies/Unity.PlasticSCM.Editor.dll
[870/908    0s] Csc Library/Bee/artifacts/2400b0aE.dag/Unity.RenderPipelines.Universal.Runtime.dll (+2 others)
[           0s] Csc Library/Bee/artifacts/2400b0aE.dag/Unity.RenderPipelines.Universal.Runtime.dll (+2 others) [CacheWrite d2693fcfa14e8fd3396d106bd9c200f300000000000000000000000000000006]
[871/908    0s] MovedFromExtractor Library/Bee/artifacts/mvdfrm/Unity.RenderPipelines.Universal.Runtime.ref.dll_6CA9085BBA00D4D4.mvfrm
[872/908    0s] Csc Library/Bee/artifacts/2400b0aE.dag/Unity.RenderPipelines.Core.Editor.dll (+2 others)
[           0s] Csc Library/Bee/artifacts/2400b0aE.dag/Unity.RenderPipelines.Core.Editor.dll (+2 others) [CacheWrite 67de160ee166801c4c6b25ff60f0331900000000000000000000000000000006]
[873/908    0s] MovedFromExtractor-Combine Library/Bee/artifacts/2400b0aE.dag/Unity.RenderPipelines.Universal.2D.Runtime.dll.mvfrm
[           0s] Csc Library/Bee/artifacts/2400b0aE.dag/Unity.RenderPipelines.Universal.2D.Runtime.dll (+2 others) [CacheMiss 29419031a5eda154c78886bb40efce0400000000000000000000000000000006]
[874/908    0s] MovedFromExtractor Library/Bee/artifacts/mvdfrm/Unity.RenderPipelines.Core.Editor.ref.dll_453323577D6CEEBB.mvfrm
[875/908    0s] MovedFromExtractor-Combine Library/Bee/artifacts/2400b0aE.dag/Unity.RenderPipelines.Core.Editor.Shared.dll.mvfrm
[876/908    0s] MovedFromExtractor-Combine Library/Bee/artifacts/2400b0aE.dag/Unity.ShaderGraph.Editor.dll.mvfrm
[           0s] Csc Library/Bee/artifacts/2400b0aE.dag/Unity.RenderPipelines.Core.Editor.Shared.dll (+2 others) [CacheMiss 6574f425f3a4dcc308a04ca81b0e0af000000000000000000000000000000006]
[           0s] Csc Library/Bee/artifacts/2400b0aE.dag/Unity.ShaderGraph.Editor.dll (+2 others) [CacheMiss 6aa17e2ea8f10fb03aec9b87c83f3c0300000000000000000000000000000006]
[877/908    0s] ILPostProcess Library/Bee/artifacts/2400b0aE.dag/post-processed/Unity.RenderPipelines.Universal.Runtime.dll (+pdb)
Processing assembly Library/Bee/artifacts/2400b0aE.dag/Unity.RenderPipelines.Universal.Runtime.dll, with 149 defines and 313 references
processors: Unity.Jobs.CodeGen.JobsILPostProcessor, zzzUnity.Burst.CodeGen.BurstILPostProcessor
running Unity.Jobs.CodeGen.JobsILPostProcessor
running zzzUnity.Burst.CodeGen.BurstILPostProcessor
[878/908    0s] CopyFiles Library/ScriptAssemblies/Unity.RenderPipelines.Universal.Runtime.pdb
[879/908    0s] CopyFiles Library/ScriptAssemblies/Unity.RenderPipelines.Universal.Runtime.dll
[880/908    0s] ILPostProcess Library/Bee/artifacts/2400b0aE.dag/post-processed/Unity.RenderPipelines.Core.Editor.dll (+pdb)
Processing assembly Library/Bee/artifacts/2400b0aE.dag/Unity.RenderPipelines.Core.Editor.dll, with 143 defines and 322 references
processors: Unity.Jobs.CodeGen.JobsILPostProcessor, zzzUnity.Burst.CodeGen.BurstILPostProcessor
1 processor(s) skipped this assembly
running Unity.Jobs.CodeGen.JobsILPostProcessor
[881/908    0s] CopyFiles Library/ScriptAssemblies/Unity.RenderPipelines.Core.Editor.pdb
[882/908    0s] CopyFiles Library/ScriptAssemblies/Unity.RenderPipelines.Core.Editor.dll
[883/908    0s] Csc Library/Bee/artifacts/2400b0aE.dag/Unity.RenderPipelines.Core.Editor.Shared.dll (+2 others)
[           0s] Csc Library/Bee/artifacts/2400b0aE.dag/Unity.RenderPipelines.Core.Editor.Shared.dll (+2 others) [CacheWrite 6574f425f3a4dcc308a04ca81b0e0af000000000000000000000000000000006]
[884/908    0s] ILPostProcess Library/Bee/artifacts/2400b0aE.dag/post-processed/Unity.RenderPipelines.Core.Editor.Shared.dll (+pdb)
Processing assembly Library/Bee/artifacts/2400b0aE.dag/Unity.RenderPipelines.Core.Editor.Shared.dll, with 139 defines and 321 references
processors: Unity.Jobs.CodeGen.JobsILPostProcessor, zzzUnity.Burst.CodeGen.BurstILPostProcessor
1 processor(s) skipped this assembly
running Unity.Jobs.CodeGen.JobsILPostProcessor
[885/908    0s] CopyFiles Library/ScriptAssemblies/Unity.RenderPipelines.Core.Editor.Shared.pdb
[886/908    0s] CopyFiles Library/ScriptAssemblies/Unity.RenderPipelines.Core.Editor.Shared.dll
[887/908    0s] MovedFromExtractor Library/Bee/artifacts/mvdfrm/Unity.RenderPipelines.Core.Editor.Shared.ref.dll_392028955DEA8D1E.mvfrm
[888/908    0s] Csc Library/Bee/artifacts/2400b0aE.dag/Unity.RenderPipelines.Universal.2D.Runtime.dll (+2 others)
[           0s] Csc Library/Bee/artifacts/2400b0aE.dag/Unity.RenderPipelines.Universal.2D.Runtime.dll (+2 others) [CacheWrite 29419031a5eda154c78886bb40efce0400000000000000000000000000000006]
[889/908    0s] MovedFromExtractor Library/Bee/artifacts/mvdfrm/Unity.RenderPipelines.Universal.2D.Runtime.ref.dll_DFDA5D4CA31262A6.mvfrm
[890/908    0s] ILPostProcess Library/Bee/artifacts/2400b0aE.dag/post-processed/Unity.RenderPipelines.Universal.2D.Runtime.dll (+pdb)
Processing assembly Library/Bee/artifacts/2400b0aE.dag/Unity.RenderPipelines.Universal.2D.Runtime.dll, with 144 defines and 308 references
processors: Unity.Jobs.CodeGen.JobsILPostProcessor, zzzUnity.Burst.CodeGen.BurstILPostProcessor
running Unity.Jobs.CodeGen.JobsILPostProcessor
running zzzUnity.Burst.CodeGen.BurstILPostProcessor
[891/908    0s] CopyFiles Library/ScriptAssemblies/Unity.RenderPipelines.Universal.2D.Runtime.dll
[892/908    0s] CopyFiles Library/ScriptAssemblies/Unity.RenderPipelines.Universal.2D.Runtime.pdb
[893/908    1s] Csc Library/Bee/artifacts/2400b0aE.dag/Unity.ShaderGraph.Editor.dll (+2 others)
[           0s] Csc Library/Bee/artifacts/2400b0aE.dag/Unity.ShaderGraph.Editor.dll (+2 others) [CacheWrite 6aa17e2ea8f10fb03aec9b87c83f3c0300000000000000000000000000000006]
[894/908    0s] MovedFromExtractor Library/Bee/artifacts/mvdfrm/Unity.ShaderGraph.Editor.ref.dll_B25B70C7A7E5DF46.mvfrm
[895/908    0s] MovedFromExtractor-Combine Library/Bee/artifacts/2400b0aE.dag/Unity.RenderPipelines.Universal.Editor.dll.mvfrm
[896/908    0s] MovedFromExtractor-Combine Library/Bee/artifacts/2400b0aE.dag/Unity.RenderPipelines.Universal.2D.Editor.Overrides.dll.mvfrm
[           0s] Csc Library/Bee/artifacts/2400b0aE.dag/Unity.RenderPipelines.Universal.2D.Editor.Overrides.dll (+2 others) [CacheMiss 2d8f2a2f2bd0dcc12c58524c9c378da300000000000000000000000000000006]
[           0s] Csc Library/Bee/artifacts/2400b0aE.dag/Unity.RenderPipelines.Universal.Editor.dll (+2 others) [CacheMiss 31f02bf0aac373d0ad7d478e6161a30b00000000000000000000000000000006]
[897/908    0s] Csc Library/Bee/artifacts/2400b0aE.dag/Unity.RenderPipelines.Universal.2D.Editor.Overrides.dll (+2 others)
[898/908    0s] ILPostProcess Library/Bee/artifacts/2400b0aE.dag/post-processed/Unity.ShaderGraph.Editor.dll (+pdb)
Processing assembly Library/Bee/artifacts/2400b0aE.dag/Unity.ShaderGraph.Editor.dll, with 139 defines and 320 references
processors: Unity.Jobs.CodeGen.JobsILPostProcessor, zzzUnity.Burst.CodeGen.BurstILPostProcessor
1 processor(s) skipped this assembly
running Unity.Jobs.CodeGen.JobsILPostProcessor
[899/908    0s] CopyFiles Library/ScriptAssemblies/Unity.ShaderGraph.Editor.pdb
[900/908    0s] CopyFiles Library/ScriptAssemblies/Unity.ShaderGraph.Editor.dll
[           1s] Csc Library/Bee/artifacts/2400b0aE.dag/Unity.RenderPipelines.Universal.2D.Editor.Overrides.dll (+2 others) [CacheWrite 2d8f2a2f2bd0dcc12c58524c9c378da300000000000000000000000000000006]
[901/908    1s] Csc Library/Bee/artifacts/2400b0aE.dag/Unity.RenderPipelines.Universal.Editor.dll (+2 others)
[           0s] Csc Library/Bee/artifacts/2400b0aE.dag/Unity.RenderPipelines.Universal.Editor.dll (+2 others) [CacheWrite 31f02bf0aac373d0ad7d478e6161a30b00000000000000000000000000000006]
[902/908    0s] ILPostProcess Library/Bee/artifacts/2400b0aE.dag/post-processed/Unity.RenderPipelines.Universal.2D.Editor.Overrides.dll (+pdb)
Processing assembly Library/Bee/artifacts/2400b0aE.dag/Unity.RenderPipelines.Universal.2D.Editor.Overrides.dll, with 140 defines and 322 references
processors: Unity.Jobs.CodeGen.JobsILPostProcessor, zzzUnity.Burst.CodeGen.BurstILPostProcessor
1 processor(s) skipped this assembly
running Unity.Jobs.CodeGen.JobsILPostProcessor
[903/908    0s] CopyFiles Library/ScriptAssemblies/Unity.RenderPipelines.Universal.2D.Editor.Overrides.dll
[904/908    0s] CopyFiles Library/ScriptAssemblies/Unity.RenderPipelines.Universal.2D.Editor.Overrides.pdb
[905/908    0s] MovedFromExtractor Library/Bee/artifacts/mvdfrm/Unity.RenderPipelines.Universal.2D.Editor.Overrides.ref.dll_9F94AC807C2ECCEE.mvfrm
[906/908    0s] MovedFromExtractor Library/Bee/artifacts/mvdfrm/Unity.RenderPipelines.Universal.Editor.ref.dll_677466F504AC0F67.mvfrm
[907/908    0s] ILPostProcess Library/Bee/artifacts/2400b0aE.dag/post-processed/Unity.RenderPipelines.Universal.Editor.dll (+pdb)
Processing assembly Library/Bee/artifacts/2400b0aE.dag/Unity.RenderPipelines.Universal.Editor.dll, with 143 defines and 326 references
processors: Unity.Jobs.CodeGen.JobsILPostProcessor, zzzUnity.Burst.CodeGen.BurstILPostProcessor
1 processor(s) skipped this assembly
running Unity.Jobs.CodeGen.JobsILPostProcessor
[908/908    0s] CopyFiles Library/ScriptAssemblies/Unity.RenderPipelines.Universal.Editor.pdb
[909/908    0s] CopyFiles Library/ScriptAssemblies/Unity.RenderPipelines.Universal.Editor.dll
[910/908    0s] MovedFromExtractor-Combine Library/Bee/artifacts/2400b0aE.dag/Assembly-CSharp.dll.mvfrm
[911/908    0s] MovedFromExtractor-Combine Library/Bee/artifacts/2400b0aE.dag/Assembly-CSharp-Editor.dll.mvfrm
[912/908    0s] Csc Library/Bee/artifacts/2400b0aE.dag/Assembly-CSharp.dll (+2 others)
[913/908    0s] ILPostProcess Library/Bee/artifacts/2400b0aE.dag/post-processed/Assembly-CSharp.dll (+pdb)
Processing assembly Library/Bee/artifacts/2400b0aE.dag/Assembly-CSharp.dll, with 141 defines and 350 references
processors: Unity.Jobs.CodeGen.JobsILPostProcessor, zzzUnity.Burst.CodeGen.BurstILPostProcessor
1 processor(s) skipped this assembly
running Unity.Jobs.CodeGen.JobsILPostProcessor
[914/908    0s] CopyFiles Library/ScriptAssemblies/Assembly-CSharp.dll
[915/908    0s] CopyFiles Library/ScriptAssemblies/Assembly-CSharp.pdb
[916/908    0s] Csc Library/Bee/artifacts/2400b0aE.dag/Assembly-CSharp-Editor.dll (+2 others)
Assets/IndieMarc/TopDownDemo/Editor/ImportPackage.cs(22,13): warning CS0618: 'EditorApplication.hierarchyWindowChanged' is obsolete: 'Use EditorApplication.hierarchyChanged'
Assets/IndieMarc/PlatformerDemo/Editor/ImportPackage.cs(21,13): warning CS0618: 'EditorApplication.hierarchyWindowChanged' is obsolete: 'Use EditorApplication.hierarchyChanged'
Assets/IndieMarc/TopDownDemo/Editor/FixZ.cs(49,41): warning CS0618: 'Object.FindObjectsOfType<T>()' is obsolete: 'Object.FindObjectsOfType has been deprecated. Use Object.FindObjectsByType instead which lets you decide whether you need the results sorted or not.  FindObjectsOfType sorts the results by InstanceID but if you do not need this using FindObjectSortMode.None is considerably faster.'
Assets/IndieMarc/TopDownDemo/Editor/FixZ.cs(50,41): warning CS0618: 'Object.FindObjectsOfType<T>()' is obsolete: 'Object.FindObjectsOfType has been deprecated. Use Object.FindObjectsByType instead which lets you decide whether you need the results sorted or not.  FindObjectsOfType sorts the results by InstanceID but if you do not need this using FindObjectSortMode.None is considerably faster.'
[917/908    0s] ILPostProcess Library/Bee/artifacts/2400b0aE.dag/post-processed/Assembly-CSharp-Editor.dll (+pdb)
Processing assembly Library/Bee/artifacts/2400b0aE.dag/Assembly-CSharp-Editor.dll, with 139 defines and 375 references
processors: Unity.Jobs.CodeGen.JobsILPostProcessor, zzzUnity.Burst.CodeGen.BurstILPostProcessor
1 processor(s) skipped this assembly
running Unity.Jobs.CodeGen.JobsILPostProcessor
[918/908    0s] CopyFiles Library/ScriptAssemblies/Assembly-CSharp-Editor.pdb
[919/908    0s] CopyFiles Library/ScriptAssemblies/Assembly-CSharp-Editor.dll
*** Tundra build success (10.31 seconds), 895 items updated, 908 evaluated
Assets/IndieMarc/TopDownDemo/Editor/ImportPackage.cs(22,13): warning CS0618: 'EditorApplication.hierarchyWindowChanged' is obsolete: 'Use EditorApplication.hierarchyChanged'
Assets/IndieMarc/PlatformerDemo/Editor/ImportPackage.cs(21,13): warning CS0618: 'EditorApplication.hierarchyWindowChanged' is obsolete: 'Use EditorApplication.hierarchyChanged'
Assets/IndieMarc/TopDownDemo/Editor/FixZ.cs(49,41): warning CS0618: 'Object.FindObjectsOfType<T>()' is obsolete: 'Object.FindObjectsOfType has been deprecated. Use Object.FindObjectsByType instead which lets you decide whether you need the results sorted or not.  FindObjectsOfType sorts the results by InstanceID but if you do not need this using FindObjectSortMode.None is considerably faster.'
Assets/IndieMarc/TopDownDemo/Editor/FixZ.cs(50,41): warning CS0618: 'Object.FindObjectsOfType<T>()' is obsolete: 'Object.FindObjectsOfType has been deprecated. Use Object.FindObjectsByType instead which lets you decide whether you need the results sorted or not.  FindObjectsOfType sorts the results by InstanceID but if you do not need this using FindObjectSortMode.None is considerably faster.'
Assets/IndieMarc/TopDownDemo/Editor/FixZ.cs(49,41): warning CS0618: 'Object.FindObjectsOfType<T>()' is obsolete: 'Object.FindObjectsOfType has been deprecated. Use Object.FindObjectsByType instead which lets you decide whether you need the results sorted or not.  FindObjectsOfType sorts the results by InstanceID but if you do not need this using FindObjectSortMode.None is considerably faster.'
Assets/IndieMarc/TopDownDemo/Editor/FixZ.cs(50,41): warning CS0618: 'Object.FindObjectsOfType<T>()' is obsolete: 'Object.FindObjectsOfType has been deprecated. Use Object.FindObjectsByType instead which lets you decide whether you need the results sorted or not.  FindObjectsOfType sorts the results by InstanceID but if you do not need this using FindObjectSortMode.None is considerably faster.'
Total cache size 159732600
AssetDatabase: script compilation time: 11.884903s
Total cache size after purge 159732600, took 00:00:00.0364275
Begin MonoManager ReloadAssembly
'Packages/com.unity.render-pipelines.core/Editor/Deprecated.cs' contains partial class of Unity.Object, exactly 1 of the partial classes needs to be in a file with the same filename. This is to know the one that can be referenced from ie. GameObjects
'Packages/com.unity.render-pipelines.core/Editor/Deprecated.cs' contains partial class of Unity.Object, exactly 1 of the partial classes needs to be in a file with the same filename. This is to know the one that can be referenced from ie. GameObjects
Importing 'GUID: 00000000000000002000000000000000 - Path: ProjectSettings/InputManager.asset' with importer (LibraryAssetImporter)
Imported 'GUID: 00000000000000002000000000000000' -> (Import Result ID: '721525c8279209804c6548c03326f559') in 0.013 seconds [static dependencies only]. Details - ImportResultOutputID=6ef5aadfef77827e2c23b904de4fe67c DependenciesID=44ac1639d298357eb8e2cc627a6ca232 StaticDependenciesID=1677dc9c3529e8652c47927c94ce1e44 
Importing 'GUID: 00000000000000006000000000000000 - Path: ProjectSettings/AudioManager.asset' with importer (LibraryAssetImporter)
Imported 'GUID: 00000000000000006000000000000000' -> (Import Result ID: '7c3f70514ba0ead1c7cd7351778b9b41') in 0.000 seconds [static dependencies only]. Details - ImportResultOutputID=d41ed101cdcb18327994de285944fd39 DependenciesID=ee6b52672d8135479f3d0580381a2e46 StaticDependenciesID=a3c7054ef746e50d7e65d299fe0a850f 
Importing 'GUID: 00000000000000007000000000000000 - Path: ProjectSettings/TimeManager.asset' with importer (LibraryAssetImporter)
Imported 'GUID: 00000000000000007000000000000000' -> (Import Result ID: '836436edb060df060ab9ed7b8aa80752') in 0.000 seconds [static dependencies only]. Details - ImportResultOutputID=888360dbe4cb337dfbc4897083ee474b DependenciesID=63769c5cfc16a983f1cfad26755fed3d StaticDependenciesID=56185312460c56583a76cdfd75e6bd98 
Importing 'GUID: 00000000000000008000000000000000 - Path: ProjectSettings/DynamicsManager.asset' with importer (LibraryAssetImporter)
Imported 'GUID: 00000000000000008000000000000000' -> (Import Result ID: '43ca7f7e717fbd85aa21c0c493f841f7') in 0.000 seconds [static dependencies only]. Details - ImportResultOutputID=f4e5ea74158efa9a7415a6abc5cfeedf DependenciesID=e22fce178e48015396a2f0ccaf0c9519 StaticDependenciesID=c263fb8d55bda104c9b589c7e75ec566 
Importing 'GUID: 00000000000000009000000000000000 - Path: ProjectSettings/QualitySettings.asset' with importer (LibraryAssetImporter)
Imported 'GUID: 00000000000000009000000000000000' -> (Import Result ID: 'cd6fcd6579721bdeb46d21516eb5ca20') in 0.000 seconds [static dependencies only]. Details - ImportResultOutputID=2a108b3da874f726c62fbe5f12be4a8a DependenciesID=f4fac91b4c4c8fc42d5e555a84ba737e StaticDependenciesID=9c06e9837650ad0e13713a746d3c0a47 
Importing 'GUID: 00000000000000004100000000000000 - Path: ProjectSettings/NavMeshAreas.asset' with importer (LibraryAssetImporter)
Imported 'GUID: 00000000000000004100000000000000' -> (Import Result ID: '1b49d051de5345b1ea474334c4567790') in 0.000 seconds [static dependencies only]. Details - ImportResultOutputID=431705ea786ba1fb0433b092fce391ed DependenciesID=5bb3c05a9d16cec6c5b7802476111074 StaticDependenciesID=0d7da21c8081357871087ed68220f451 
Importing 'GUID: 00000000000000005100000000000000 - Path: ProjectSettings/Physics2DSettings.asset' with importer (LibraryAssetImporter)
Imported 'GUID: 00000000000000005100000000000000' -> (Import Result ID: 'd3892d594aab7e383969b0fbf972c465') in 0.000 seconds [static dependencies only]. Details - ImportResultOutputID=d4b28e6b7b96fa6bea7060628c401421 DependenciesID=030bd0b704b06c5dd7f8abe9f3e949d7 StaticDependenciesID=62b70f9085b6c0c0447ae9366e5715fb 
Importing 'GUID: 00000000000000007100000000000000 - Path: ProjectSettings/ClusterInputManager.asset' with importer (LibraryAssetImporter)
Imported 'GUID: 00000000000000007100000000000000' -> (Import Result ID: '8b2639835f617a8cc4a6d5700c2d349c') in 0.000 seconds [static dependencies only]. Details - ImportResultOutputID=588fc89fed83f51a5c1aa7c8db0cdfd8 DependenciesID=d1cf642007960b4b48fd712639d5e706 StaticDependenciesID=8551dfd6d84e41d9986952666a9ba359 
Importing 'GUID: 0000000000000000a100000000000000 - Path: ProjectSettings/UnityConnectSettings.asset' with importer (LibraryAssetImporter)
Imported 'GUID: 0000000000000000a100000000000000' -> (Import Result ID: '67ce9b726672c58caf6ec6adc93ebb03') in 0.000 seconds [static dependencies only]. Details - ImportResultOutputID=a2c5944bc70168a38041609ba26dc022 DependenciesID=67fdd4d40e4e2df6ba68e4e546133bbb StaticDependenciesID=a49c2c2e0907c1c737af39f0bf9ff6f6 
Importing 'GUID: a0cda88f8baa0529d1bb4ecb1162fe2c - Path: Packages/com.unity.test-framework' with importer (DefaultImporter)
Imported 'GUID: a0cda88f8baa0529d1bb4ecb1162fe2c' -> (Import Result ID: '0c28b96f245ba6b8a10e6d629578928b') in 0.000 seconds [static dependencies only]. Details - ImportResultOutputID=01d8515deec440f861b88d655ade5600 DependenciesID=75372e1fad9d2bfd139e2622e7347d60 StaticDependenciesID=8456ccfee708751be15a0fa5d6c2dd4b 
Importing 'GUID: d0108361f3541a579c52944b9ec75067 - Path: Packages/com.unity.render-pipelines.universal-config' with importer (DefaultImporter)
Imported 'GUID: d0108361f3541a579c52944b9ec75067' -> (Import Result ID: 'c9213d2030d3e4bb1a0167551b114c92') in 0.000 seconds [static dependencies only]. Details - ImportResultOutputID=a25857b9a50f6a77c367c915a5cb59cb DependenciesID=97395fee5e31ea0e175918d4d372e57d StaticDependenciesID=c04c7c42168a1e3112d546cfca8cc0d9 
Importing 'GUID: 118e2887dec1abd2b124eca39fb12531 - Path: Packages/com.unity.timeline' with importer (DefaultImporter)
Imported 'GUID: 118e2887dec1abd2b124eca39fb12531' -> (Import Result ID: 'c96138e93e11cae2f6993cc735597d07') in 0.000 seconds [static dependencies only]. Details - ImportResultOutputID=06e8d2394c904211d080a3dfd74d8968 DependenciesID=5e49c291302627ea2e921317a5130dd5 StaticDependenciesID=9f0dee4566005abd82d5cc150e448529 
Importing 'GUID: e3def23d9e04b0bbba2e35bb28bdab3b - Path: Packages/com.unity.ugui' with importer (DefaultImporter)
Imported 'GUID: e3def23d9e04b0bbba2e35bb28bdab3b' -> (Import Result ID: '1531c1aff6203854b55829fa9a11c171') in 0.000 seconds [static dependencies only]. Details - ImportResultOutputID=62150b7b2caa3eaf9c4e0a954704feaf DependenciesID=afeaa3aee35d92b7c9bf6402cb834f58 StaticDependenciesID=1770b4c882c45d841a646d4ca361ef2c 
Importing 'GUID: 050d309fbb16e5c739c3a0f366544fbe - Path: Packages/com.unity.test-framework.performance' with importer (DefaultImporter)
Imported 'GUID: 050d309fbb16e5c739c3a0f366544fbe' -> (Import Result ID: 'f352aa6e7ef4a91e37b629ca2b312426') in 0.000 seconds [static dependencies only]. Details - ImportResultOutputID=fae7ac0b3a26b3dae56f7ca10d6afe2f DependenciesID=cf210abed8c65c1baef6b919a115166f StaticDependenciesID=41ca2b7c995d23b3f617a229e328f3de 
Importing 'GUID: 17815fcc41126affcc01c9f1a699a868 - Path: Packages/com.unity.render-pipelines.core' with importer (DefaultImporter)
Imported 'GUID: 17815fcc41126affcc01c9f1a699a868' -> (Import Result ID: '8abd02350af69b03e729a762f4672896') in 0.000 seconds [static dependencies only]. Details - ImportResultOutputID=9beea5058f5bb3187461ecba34ad3330 DependenciesID=b0b1ec1dc01637adab4b6297ef037678 StaticDependenciesID=fa3da68a402447123d0cb8acca789492 
Importing 'GUID: 67d56a1dd5b77ab0f60760daa507b876 - Path: Packages/com.unity.ext.nunit' with importer (DefaultImporter)
Imported 'GUID: 67d56a1dd5b77ab0f60760daa507b876' -> (Import Result ID: '5102546ebcceb537826ac77daddf5da4') in 0.000 seconds [static dependencies only]. Details - ImportResultOutputID=8167442646180ee863f9d090f4a3d411 DependenciesID=c6fb934c062bbbdbdf75479555c13b79 StaticDependenciesID=069e688dfa2d12983d73d47e6c785e8d 
Importing 'GUID: f7474055625a8a670ad6579242c6f8fd - Path: Packages/com.unity.burst' with importer (DefaultImporter)
Imported 'GUID: f7474055625a8a670ad6579242c6f8fd' -> (Import Result ID: 'ea6faff838d5bebe7e6952c6a6012893') in 0.000 seconds [static dependencies only]. Details - ImportResultOutputID=cc459ffa5a79ce145f6e5dfe0d3944a0 DependenciesID=c123137025918d3deb324fb2547b8a61 StaticDependenciesID=9131182d48310eec55c9d3290ceafa34 
Importing 'GUID: 29a13e8ee6b98ea0ebab2c0d14cd6789 - Path: Packages/com.unity.graph-authoring' with importer (DefaultImporter)
Imported 'GUID: 29a13e8ee6b98ea0ebab2c0d14cd6789' -> (Import Result ID: 'c2e955e0ded3e54d776217c42f95eaef') in 0.000 seconds [static dependencies only]. Details - ImportResultOutputID=d913f37a679d195ddf43f4de6daefcdc DependenciesID=956e6ce4792d41cb5ba31acca0282b3a StaticDependenciesID=a3e57801daec870a83cef2132299ecb0 
Importing 'GUID: 2bcbffd6bb3c7bc72fdf5e48842ddd16 - Path: Packages/com.unity.render-pipelines.universal' with importer (DefaultImporter)
Imported 'GUID: 2bcbffd6bb3c7bc72fdf5e48842ddd16' -> (Import Result ID: '8d7bbdad7f5a36cac432f2b80e25f076') in 0.000 seconds [static dependencies only]. Details - ImportResultOutputID=fc403894b86406caa7810f2012c8f270 DependenciesID=c97331c2a823a7849bc7b3a841e7e564 StaticDependenciesID=4bc4960039dbbbdc47153d244baf0b07 
Importing 'GUID: 1c360e7a4ae4acd50ec64e05d00c19a8 - Path: Packages/com.unity.collections' with importer (DefaultImporter)
Imported 'GUID: 1c360e7a4ae4acd50ec64e05d00c19a8' -> (Import Result ID: '8599e160955638b0cbe529f35ab28cb5') in 0.000 seconds [static dependencies only]. Details - ImportResultOutputID=d41b6d28851da633bb63008cb388b482 DependenciesID=1e851002b4aa8e88ffa1737c81f61653 StaticDependenciesID=e2a41296b82225e7be80515e7af21ae7 
Importing 'GUID: bd40db3e76f7f6cdb3b5290282866716 - Path: Packages/com.unity.2d.tilemap' with importer (DefaultImporter)
Imported 'GUID: bd40db3e76f7f6cdb3b5290282866716' -> (Import Result ID: '5810b2f81ad57922865c54c7ccfee54a') in 0.000 seconds [static dependencies only]. Details - ImportResultOutputID=fc327c732c1999a8e0a4e8308e3ed31d DependenciesID=872eed2ee55d7012728d15fcd3bd5532 StaticDependenciesID=3f0b03575f4c3edef626b35aeab332de 
Importing 'GUID: 2f137613dd0a5ca4edf1039112ed4a4d - Path: Packages/com.unity.shadergraph' with importer (DefaultImporter)
Imported 'GUID: 2f137613dd0a5ca4edf1039112ed4a4d' -> (Import Result ID: '556b5f177684cfdbf9032002f6474ecf') in 0.000 seconds [static dependencies only]. Details - ImportResultOutputID=207fed794ff2fcec8ad82677ff87e672 DependenciesID=9b44dcdf3fd63f7340b75dbc9ed9468f StaticDependenciesID=e617192c1d64259473c5b69dcd50435e 
Importing 'GUID: f068dd67df4805e4287335af88f26c7c - Path: Assets/IndieMarc/PlatformerDemo/Prefabs' with importer (DefaultImporter)
Imported 'GUID: f068dd67df4805e4287335af88f26c7c' -> (Import Result ID: '49a1c444a9766c499c4361c3daebd9cf') in 0.000 seconds [static dependencies only]. Details - ImportResultOutputID=3aa9355707c9e88c9918c20587d20389 DependenciesID=2ae4171593c434d809f30056bc938e18 StaticDependenciesID=e6d73afd18ae22bc6cfb85dad3033f3c 
Importing 'GUID: 614306b560283fc488f1f8d5d3db783e - Path: Assets/IndieMarc/PlatformerDemo/Sprites' with importer (DefaultImporter)
Imported 'GUID: 614306b560283fc488f1f8d5d3db783e' -> (Import Result ID: '24c86edbcd4654b9caae8c86192edf5c') in 0.000 seconds [static dependencies only]. Details - ImportResultOutputID=361e2b73a426c69094383133d3279936 DependenciesID=df700de0db27f8f5fd791f7744a6afff StaticDependenciesID=e562770298cbfea6fe3c20c2ce390297 
Importing 'GUID: e9c8335ec074d2a489b7a1afbde0106a - Path: Assets/IndieMarc/PlatformerDemo/Tilemap' with importer (DefaultImporter)
Imported 'GUID: e9c8335ec074d2a489b7a1afbde0106a' -> (Import Result ID: '12fd315f83dc749ee3fe79778ba3c4c6') in 0.000 seconds [static dependencies only]. Details - ImportResultOutputID=9b7c3f8dc1697f5a5253de7bc1553571 DependenciesID=634048e4859c4af015bdc67d38e11097 StaticDependenciesID=52482a2a31924e1273af97f83a77195d 
Importing 'GUID: 708286403ab16af4f8970f8fc8b1996f - Path: Assets/IndieMarc/PlatformerDemo/Sprites/Background' with importer (DefaultImporter)
Imported 'GUID: 708286403ab16af4f8970f8fc8b1996f' -> (Import Result ID: 'f5831392a50c89330c03ccf84ffaadd8') in 0.000 seconds [static dependencies only]. Details - ImportResultOutputID=8eb6282741f409807c1c257acd618c32 DependenciesID=2a1ac22094657b1755e6fc2fb0b305ea StaticDependenciesID=c00fae3de8900ad5d7c11f915bb75843 
Importing 'GUID: 2352cead022bc224ca49c4e2333b3789 - Path: Assets/IndieMarc/PlatformerDemo/Tilemap/Old' with importer (DefaultImporter)
Imported 'GUID: 2352cead022bc224ca49c4e2333b3789' -> (Import Result ID: '87036f28749f26c91551e81ac2c33ddf') in 0.000 seconds [static dependencies only]. Details - ImportResultOutputID=330a0d903edaf18d0ee378fbfa66635e DependenciesID=441d0cfc83b744d5721093d278cd0558 StaticDependenciesID=17b094d1bd570f4159522a5962ba21ed 
Importing 'GUID: 54be27fb08510e34dbd19671f582af2a - Path: Assets/IndieMarc/PlatformerDemo/Tilemap/Black' with importer (DefaultImporter)
Imported 'GUID: 54be27fb08510e34dbd19671f582af2a' -> (Import Result ID: '2a7022eeb353143cca8eff56a203724b') in 0.000 seconds [static dependencies only]. Details - ImportResultOutputID=f758cd0bd4298b7fc5a67c6653723013 DependenciesID=d3f1db1782debb910c17b756792ccce3 StaticDependenciesID=6fddf7316a0533c068d027c11123f90e 
Importing 'GUID: 2dac19656abf01f4a800539b0abb526e - Path: Assets/IndieMarc/PlatformerDemo/Sprites/Character' with importer (DefaultImporter)
Imported 'GUID: 2dac19656abf01f4a800539b0abb526e' -> (Import Result ID: '8d2431de33b90dfa778ee14f2a14f4a4') in 0.000 seconds [static dependencies only]. Details - ImportResultOutputID=196f6bc55422041db4284600e69fa2ee DependenciesID=507503b334a52427b47807ae8fc6c4d8 StaticDependenciesID=6859f2166bec7187a5297addb53188d5 
Importing 'GUID: 0b1525bda7254587be55ddfe956a7b96 - Path: Packages/com.unity.visualscripting/Editor/VisualScripting.State/Plugin/Migrations' with importer (DefaultImporter)
Imported 'GUID: 0b1525bda7254587be55ddfe956a7b96' -> (Import Result ID: 'ab543419d887eebb91da0c7feb8510eb') in 0.000 seconds [static dependencies only]. Details - ImportResultOutputID=c66e3714760e3c4df5c93568dfe2cbd3 DependenciesID=7a3917794a4686547d84d00dc5be7918 StaticDependenciesID=7ef031c80e3dcdd7eee27e32fa37f1c2 
Native extension for LinuxStandalone target not found
Native extension for WebGL target not found
ScheduleIndexationOnStartup MainProcess:True IndexOnStartup:True
Scripting: successfully reloaded assembly
- Finished resetting the current domain, in  0.497 seconds
Domain Reload Profiling: 1071ms
	BeginReloadAssembly (121ms)
		DisableScriptedObjects (11ms)
		CreateAndSetChildDomain (32ms)
	RebuildCommonClasses (6ms)
	RebuildNativeTypeToScriptingClass (7ms)
	initialDomainReloadingComplete (25ms)
	LoadAllAssembliesAndSetupDomain (415ms)
		LoadAssemblies (204ms)
		TypeCache.Refresh (107ms)
			TypeCache.ScanAssembly (98ms)
		AnalyzeDomain (42ms)
			BuildScriptInfoCaches (36ms)
			ResolveRequiredComponents (5ms)
	FinalizeReload (498ms)
		SetupLoadedEditorAssemblies (0ms)
			BeforeProcessingInitializeOnLoad (71ms)
			ProcessInitializeOnLoadAttributes (211ms)
			ProcessInitializeOnLoadMethodAttributes (50ms)
		AwakeInstancesAfterBackupRestoration (15ms)
Starting new worker id: 0 with log in /home/mage/opd-lab-2/Logs/AssetImportWorkerHW0.log
[UnityConnectServicesConfig] Local config successfully read: "/usr/share/unity3d/config/services-config.json"
[UnityConnectServicesConfig] Service configuration:
    "servicesConfigBaseUrl": "",
    "disableServicesWindow": false,
    "disableUserLogin": false,
    "entitlementCacheTimeoutInSeconds": 60,
    "clientConnectTimeoutSec": 60,
    "clientHandshakeTimeoutSec": 30,
    "clientResolveEntitlementsTimeoutSec": 30,
    "clientUpdateLicenseTimeoutSec": 30,
    "licensingServiceBaseUrl": "",
    "enableProxyAutoconfig": "false"

Importing 'GUID: 200e63f12ebe79f4aa306481ce8ce4a4 - Path: Packages/com.unity.render-pipelines.core/Runtime/PathTracing/Shaders/ExpansionHelpers.compute' with importer (ComputeShaderImporter)
AutoLocale: current locale expects 'C' but got 'en_US.UTF-8'Launched and connected shader compiler UnityShaderCompiler after 0.01 seconds
Imported 'GUID: 200e63f12ebe79f4aa306481ce8ce4a4' -> (Import Result ID: 'ba40d2e160946f813df04a5bf208d704') in 0.030 seconds [static and dynamic dependencies]. Details - ImportResultOutputID=9708006fa0ecd3ed0f0ead8236bb4bb1 DependenciesID=e2cfb1016151ae57e49500f80d6890fc StaticDependenciesID=a6f8afeb16bfa58784a266e0230c1416 
Importing 'GUID: 50b406436c6214c49aaaa6011b71dde8 - Path: Packages/com.unity.shadergraph/Editor/Resources/Shaders/BlitNoAlpha.shader' with importer (ShaderImporter)
Imported 'GUID: 50b406436c6214c49aaaa6011b71dde8' -> (Import Result ID: 'e49f730e28aa2ac6318ef3276e5efdbd') in 0.006 seconds [static and dynamic dependencies]. Details - ImportResultOutputID=b8ace69cc0f647f5c0e8ce354446bae2 DependenciesID=67751c2f6e930558dcc4043b8250c1a2 StaticDependenciesID=fd52023893c181a4f2afd0916de7cf40 
Importing 'GUID: 60e10855641b4d84da68ec72e6f6eeb8 - Path: Packages/com.unity.render-pipelines.universal/Shaders/SpatialMappingOcclusion.shader' with importer (ShaderImporter)
Imported 'GUID: 60e10855641b4d84da68ec72e6f6eeb8' -> (Import Result ID: '542f2110fdb1d8402f09211cca25d32e') in 0.007 seconds [static and dynamic dependencies]. Details - ImportResultOutputID=664d5a0d20da038f1488f5290b05a1ad DependenciesID=bc6147c6c10b250eac33966632344697 StaticDependenciesID=e8dd76b7b647a499e943e0726fd4e408 
Importing 'GUID: 7057bb795f794bc44a4e34ca79be6e54 - Path: Packages/com.unity.render-pipelines.universal/Tests/Editor/CustomDepthBlit.shader' with importer (ShaderImporter)
Imported 'GUID: 7057bb795f794bc44a4e34ca79be6e54' -> (Import Result ID: '3d2c587b9137e8866e4ca21199d2c9ad') in 0.005 seconds [static and dynamic dependencies]. Details - ImportResultOutputID=0e160a8bd2e04439641ab6b7491be5d8 DependenciesID=793a478adc8e48a8ac8ab131b84aac7a StaticDependenciesID=e12030fe52a228792adc81885870cbd6 
Importing 'GUID: 701880fecb344ea4c9cd0db3407ab287 - Path: Packages/com.unity.render-pipelines.universal/Shaders/PostProcessing/LensFlareScreenSpace.shader' with importer (ShaderImporter)
Imported 'GUID: 701880fecb344ea4c9cd0db3407ab287' -> (Import Result ID: 'd676636f7258b4f1fcb81c758c8723f8') in 0.008 seconds [static and dynamic dependencies]. Details - ImportResultOutputID=185afad70dfa55c57b53c5c72e638ece DependenciesID=38e543ff96ef56c86ebfcc4ec3aee169 StaticDependenciesID=9cb4a2e840046602386c381643f1e7d5 
Importing 'GUID: 90a204702cd44e54cac7ed4fc6e5d86b - Path: Packages/com.unity.render-pipelines.universal/Runtime/MipGen/Shaders/DepthPyramid.compute' with importer (ComputeShaderImporter)
Imported 'GUID: 90a204702cd44e54cac7ed4fc6e5d86b' -> (Import Result ID: '5e11b1273c411a628e4feb078668e5bd') in 0.002 seconds [static and dynamic dependencies]. Details - ImportResultOutputID=34e2b145f7ba02078608594247ca6c5a DependenciesID=cf3c77b1e4c3d007dd45fd1729e65b26 StaticDependenciesID=311dd69e7690b44689233dda71a59c5e 
Importing 'GUID: f056d8bd2a1c7e44e9729144b4c70395 - Path: Packages/com.unity.render-pipelines.universal/Runtime/Decal/DBuffer/DBufferClear.shader' with importer (ShaderImporter)
Imported 'GUID: f056d8bd2a1c7e44e9729144b4c70395' -> (Import Result ID: '58b369e8d870f55a6bc1bf59488a0543') in 0.005 seconds [static and dynamic dependencies]. Details - ImportResultOutputID=1caa3279bfeb5fcb5cdfeb1ef3ddd22e DependenciesID=087eedb809c4be4196e6d1be54b0b641 StaticDependenciesID=37c3cd51fb72386bbaeb16f165ce52fe 
Importing 'GUID: 1121bb4e615ca3c48b214e79e841e823 - Path: Packages/com.unity.render-pipelines.universal/Shaders/PostProcessing/StopNaN.shader' with importer (ShaderImporter)
Imported 'GUID: 1121bb4e615ca3c48b214e79e841e823' -> (Import Result ID: 'b47e6bf818c4fb9ee1570cfeaf690ece') in 0.004 seconds [static and dynamic dependencies]. Details - ImportResultOutputID=4a085e74deeb1dbb4088f0ac3cb7c97b DependenciesID=727f0b82d60a016b91623abd782407e6 StaticDependenciesID=505dca819db7a7887fc6350b8d98bd2e 
Importing 'GUID: 21322c8b137c66e49b86085d3c8161f6 - Path: Packages/com.unity.render-pipelines.universal/Shaders/Terrain/TerrainLitBase.shader' with importer (ShaderImporter)
WARNING: Shader Unsupported: 'Hidden/Universal Render Pipeline/Terrain/Lit (Base Pass)' - All subshaders removed
WARNING: Shader Did you use #pragma only_renderers and omit this platform?
WARNING: Shader If subshaders removal was intentional, you may have forgotten turning Fallback off?
WARNING: Shader Unsupported: 'Hidden/Universal Render Pipeline/Terrain/Lit (Base Pass)' - All subshaders removed
WARNING: Shader Did you use #pragma only_renderers and omit this platform?
WARNING: Shader If subshaders removal was intentional, you may have forgotten turning Fallback off?
Imported 'GUID: 21322c8b137c66e49b86085d3c8161f6' -> (Import Result ID: 'bc1311d5fc5ba09d14acb9a8563a038d') in 0.021 seconds [static and dynamic dependencies]. Details - ImportResultOutputID=945a69015d707ec6cd006b5c40bbef4e DependenciesID=6afc778ec9dc8361bcdf88661bd18338 StaticDependenciesID=974de03d20ea997fe949406c50a01220 
Importing 'GUID: 61e53729ad706d049b12a441f328fe34 - Path: Packages/com.unity.render-pipelines.core/Tests/Editor/ShaderStripping/DummyPipelineShader.shader' with importer (ShaderImporter)
Imported 'GUID: 61e53729ad706d049b12a441f328fe34' -> (Import Result ID: 'ed22b634c31bfab3c2b80d0350a56421') in 0.002 seconds [static and dynamic dependencies]. Details - ImportResultOutputID=7081788beb22f1c6eecf1532d1a626d7 DependenciesID=487279eb969a21571056ef7b3c7dcf71 StaticDependenciesID=0829b07c13c3b82720e084c6c814248d 
Importing 'GUID: 6196f34ed825db14b81fb3eb0ea8d931 - Path: Packages/com.unity.render-pipelines.core/Runtime/Lighting/ProbeVolume/ProbeVolumeUploadDataL2.compute' with importer (ComputeShaderImporter)
Imported 'GUID: 6196f34ed825db14b81fb3eb0ea8d931' -> (Import Result ID: 'a80a8eaf52952533e908be27c16e39f3') in 0.003 seconds [static and dynamic dependencies]. Details - ImportResultOutputID=4155b2a94c9ba58502ff3efc15d96465 DependenciesID=b89cbffffea8d545e0c0f858cf33890b StaticDependenciesID=7214769f72d84a3a70ed778a2aa5fd1b 
Importing 'GUID: 815c625bb9d4fe240a4ccf42ca3899cb - Path: Packages/com.unity.render-pipelines.universal/Shaders/Utils/BlitFullPrecision.shader' with importer (ShaderImporter)
Imported 'GUID: 815c625bb9d4fe240a4ccf42ca3899cb' -> (Import Result ID: '157e6cda693450c8e24aa3468a8ea155') in 0.004 seconds [static and dynamic dependencies]. Details - ImportResultOutputID=705f9245c01318b606c81345bda9169b DependenciesID=525baa101f7719510313e48e7506d4a7 StaticDependenciesID=e2c38e5973f110d2d2b39a73ab224e86 
Importing 'GUID: a183a2d0b1da4904fb3bd71c6111ebb1 - Path: Packages/com.unity.render-pipelines.core/Runtime/Lighting/SurfaceCache/Defrag.compute' with importer (ComputeShaderImporter)
Imported 'GUID: a183a2d0b1da4904fb3bd71c6111ebb1' -> (Import Result ID: 'f590471eca8f501be208773780fa0bab') in 0.004 seconds [static and dynamic dependencies]. Details - ImportResultOutputID=af80a952163f66c3b6b60a8390eab091 DependenciesID=cabb99c0ddf26b4bd2968873ec2f8f56 StaticDependenciesID=e007109b49ebaa0c5b573804f8625290 
Importing 'GUID: a176945d0e562084691bce8e11084c6a - Path: Packages/com.unity.render-pipelines.universal/Tests/Editor/PostProcessDataTests/1.shader' with importer (ShaderImporter)
Imported 'GUID: a176945d0e562084691bce8e11084c6a' -> (Import Result ID: 'af4fb3c416ab8de7b10a9595f42b6d6a') in 0.108 seconds [static and dynamic dependencies]. Details - ImportResultOutputID=781c8b54eec273a22f85f68192c79250 DependenciesID=8cfd6fe13cab090a4e3a5d5c4e3912fa StaticDependenciesID=4392284c66c5bd4e4141b147d5b26d37 
Importing 'GUID: a15b78cf8ca26ca4fb2090293153c62c - Path: Packages/com.unity.render-pipelines.universal/Shaders/PostProcessing/PaniniProjection.shader' with importer (ShaderImporter)
Imported 'GUID: a15b78cf8ca26ca4fb2090293153c62c' -> (Import Result ID: '7b5ab279186d3b61bc2295a9f8b48598') in 0.009 seconds [static and dynamic dependencies]. Details - ImportResultOutputID=1050350951ea5965bac57d8a0d4c91f9 DependenciesID=9997e3b91d33f2c2b9367fc706572663 StaticDependenciesID=d568e02f73dc0ddd12a3000a89736b8c 
Importing 'GUID: c17132b1f77d20942aa75f8429c0f8bc - Path: Packages/com.unity.render-pipelines.universal/Shaders/Utils/Blit.shader' with importer (ShaderImporter)
Imported 'GUID: c17132b1f77d20942aa75f8429c0f8bc' -> (Import Result ID: '6e770abb70d6439b17e96ede52729fc0') in 0.005 seconds [static and dynamic dependencies]. Details - ImportResultOutputID=2879cf32bc25942c5ba4ad3a38e7ab2e DependenciesID=bc265a2d68cc0143d79b221899510318 StaticDependenciesID=42f70e0e4068f6ccc07c33b3b876fd5f 
Importing 'GUID: c1e7adc3cf9b84be0b845973cedd828b - Path: Packages/com.unity.render-pipelines.core/Runtime/PathTracing/Shaders/Lightmapping/ChartRasterizerSoftware.shader' with importer (ShaderImporter)
Imported 'GUID: c1e7adc3cf9b84be0b845973cedd828b' -> (Import Result ID: '0d1d08be150a10b7886c450d44d07262') in 0.002 seconds [static and dynamic dependencies]. Details - ImportResultOutputID=a9a3db9a315742430eab65e0941741f9 DependenciesID=2ce0ced42f4448f2f955321dcb94476e StaticDependenciesID=1717c2720b395243f73634ab576756b7 
Importing 'GUID: d104b2fc1ca6445babb8e90b0758136b - Path: Packages/com.unity.render-pipelines.universal/Shaders/Utils/CoreBlitColorAndDepth.shader' with importer (ShaderImporter)
Imported 'GUID: d104b2fc1ca6445babb8e90b0758136b' -> (Import Result ID: '389fc59c1648984e824bc12cf8f93b2b') in 0.005 seconds [static and dynamic dependencies]. Details - ImportResultOutputID=b888d9a2543d7d68cdfdf0161392bf90 DependenciesID=e1dcec76eba581a3d0b642de5b41f97d StaticDependenciesID=027778bf99a04960ae4023297f352101 
Importing 'GUID: 12dc59547ea167a4ab435097dd0f9add - Path: Packages/com.unity.render-pipelines.core/Shaders/CoreCopy.shader' with importer (ShaderImporter)
Imported 'GUID: 12dc59547ea167a4ab435097dd0f9add' -> (Import Result ID: '81d4d5ceff1e44d2141c58c36fec7c60') in 0.004 seconds [static and dynamic dependencies]. Details - ImportResultOutputID=b55ba5a86d06aecdad3a0cc7b8f91200 DependenciesID=eb3bb27232d27d0f5e0df8dff1ce2ff4 StaticDependenciesID=99ee172c7d7c4c6abf05259724288a49 
Importing 'GUID: 120ea264a7bdc294f86074ea0303c88f - Path: Packages/com.unity.render-pipelines.core/Tests/Editor/SimpleDots.shader' with importer (ShaderImporter)
Imported 'GUID: 120ea264a7bdc294f86074ea0303c88f' -> (Import Result ID: '4e32f2bef6ebe227c2d882330be177e1') in 0.003 seconds [static and dynamic dependencies]. Details - ImportResultOutputID=a953adad83ca8931e0d5f334e37b8153 DependenciesID=98fb7c4041bf93ac0ea724bab573ed54 StaticDependenciesID=137054bef4ca407abdc792f255f1c1e9 
Importing 'GUID: 222cce62363a44a380c36bf03b392608 - Path: Packages/com.unity.render-pipelines.universal/Shaders/Utils/ClusterDeferred.shader' with importer (ShaderImporter)
WARNING: Shader Unsupported: 'Hidden/Universal Render Pipeline/ClusterDeferred' - All subshaders removed
WARNING: Shader Did you use #pragma only_renderers and omit this platform?
WARNING: Shader If subshaders removal was intentional, you may have forgotten turning Fallback off?
WARNING: Shader Unsupported: 'Hidden/Universal Render Pipeline/ClusterDeferred' - All subshaders removed
WARNING: Shader Did you use #pragma only_renderers and omit this platform?
WARNING: Shader If subshaders removal was intentional, you may have forgotten turning Fallback off?
Imported 'GUID: 222cce62363a44a380c36bf03b392608' -> (Import Result ID: '7dbc564b45d6955181cc629d0a192a9c') in 0.010 seconds [static and dynamic dependencies]. Details - ImportResultOutputID=0760f63591d6df189a2a53dc124ba7cb DependenciesID=19ca9a0c20069c8864010ecd07d8c5af StaticDependenciesID=7fc1522e3c723a99b7a714fbaaa20df2 
WARNING: Shader Unsupported: 'Hidden/Universal Render Pipeline/ClusterDeferred' - All subshaders removed
WARNING: Shader Did you use #pragma only_renderers and omit this platform?
WARNING: Shader If subshaders removal was intentional, you may have forgotten turning Fallback off?
Importing 'GUID: 421501d8e4bd2014dbd1dbe80ec2bb5a - Path: Packages/com.unity.render-pipelines.universal/Runtime/RendererFeatures/SurfaceCacheGIRendererFeature/FallbackMaterial.shader' with importer (ShaderImporter)
Imported 'GUID: 421501d8e4bd2014dbd1dbe80ec2bb5a' -> (Import Result ID: '63a4ae830e9b801701966fb32707b553') in 0.003 seconds [static and dynamic dependencies]. Details - ImportResultOutputID=62da527c51af0e25f4f1e924e26f7bce DependenciesID=46db4acb3bd24a10d389ef50738261d4 StaticDependenciesID=ff733cb9f48690d0b95c826cadaf541b 
Importing 'GUID: 620b55b8040a88d468e94abe55bed5ba - Path: Packages/com.unity.render-pipelines.core/Runtime/Vrs/Shaders/VrsVisualization.shader' with importer (ShaderImporter)
Imported 'GUID: 620b55b8040a88d468e94abe55bed5ba' -> (Import Result ID: '96d3301e66b09695a5ce90eabb40dc06') in 0.003 seconds [static and dynamic dependencies]. Details - ImportResultOutputID=142178af8af520747a6bae57432cffdc DependenciesID=1ba14973d580dfd65248a1ab70419627 StaticDependenciesID=dfc851a8b65891437b10ed464372a403 
Importing 'GUID: a2eaeefdac4637a44b734e85b7be9186 - Path: Packages/com.unity.render-pipelines.core/Runtime/UnifiedRayTracing/Compute/RadeonRays/kernels/scatter.compute' with importer (ComputeShaderImporter)
Imported 'GUID: a2eaeefdac4637a44b734e85b7be9186' -> (Import Result ID: '3cd913260ffb0b17441b245a33040d6e') in 0.001 seconds [static and dynamic dependencies]. Details - ImportResultOutputID=15cba020071d9073c95af0d4753b0aa9 DependenciesID=a38ed8665a5dc065f394c2049200fc70 StaticDependenciesID=4faeb8465e5febe4ae4cbb0ad3d756c8 
Importing 'GUID: b271ec1ddd8048458fa529e8e7cfe960 - Path: Packages/com.unity.render-pipelines.core/Runtime/Lighting/SurfaceCache/PatchAllocation.compute' with importer (ComputeShaderImporter)
Imported 'GUID: b271ec1ddd8048458fa529e8e7cfe960' -> (Import Result ID: 'ccd361b88bbbee21f8e9dcb28bec5509') in 0.001 seconds [static and dynamic dependencies]. Details - ImportResultOutputID=54262b652868491d1854f28ef1eddb24 DependenciesID=aab3ab840ea0223ac966a1358cd23283 StaticDependenciesID=5a3584f06fe670a205fb31dcb1e5d2aa 
Importing 'GUID: b23e766bcf50ca4438ef186b174557df - Path: Packages/com.unity.render-pipelines.core/Runtime/RenderPipelineResources/GPUDriven/OcclusionCullingDebug.compute' with importer (ComputeShaderImporter)
Imported 'GUID: b23e766bcf50ca4438ef186b174557df' -> (Import Result ID: '703550c45965ac95bfd98806fe060f5e') in 0.002 seconds [static and dynamic dependencies]. Details - ImportResultOutputID=e951ab9fbc1bd1fef8e34836cf7cbde7 DependenciesID=17deee3206241caa8205fbb7cdbe9f1e StaticDependenciesID=ea28e924761c57d8e9b55d5e8d62d638 
Importing 'GUID: c23523f04780d754f927b9daf4f975b9 - Path: Packages/com.unity.render-pipelines.core/Runtime/Lighting/SurfaceCache/TemporalFiltering.compute' with importer (ComputeShaderImporter)
Imported 'GUID: c23523f04780d754f927b9daf4f975b9' -> (Import Result ID: '02934cad336659c08961a114244cd8b1') in 0.001 seconds [static and dynamic dependencies]. Details - ImportResultOutputID=0ddbfd15c46ee46dd5527b025db7f821 DependenciesID=d31a59b137afed035fd9b75207027c09 StaticDependenciesID=5cf6f22e48137e3a766cad0338162814 
Importing 'GUID: d28d1bc84c83fd54a85bd554d8b5c9c7 - Path: Packages/com.unity.render-pipelines.core/Runtime/PathTracing/Shaders/Lightmapping/UVFallbackBufferGeneration.shader' with importer (ShaderImporter)
Imported 'GUID: d28d1bc84c83fd54a85bd554d8b5c9c7' -> (Import Result ID: '2d7a16456b2a3566c9785b55effd6546') in 0.002 seconds [static and dynamic dependencies]. Details - ImportResultOutputID=07f652bb6eb7419092fbb595d35e7027 DependenciesID=c09081c85629b9ec0b775e377aa33e62 StaticDependenciesID=fabe9bb8e9a70e908f65ab3b08f2d384 
Importing 'GUID: e260cfa7296ee7642b167f1eb5be5023 - Path: Packages/com.unity.render-pipelines.universal/Shaders/2D/Sprite-Lit-Default.shader' with importer (ShaderImporter)
Imported 'GUID: e260cfa7296ee7642b167f1eb5be5023' -> (Import Result ID: 'aacee7432ac2280909d22af7fb0a4f31') in 0.007 seconds [static and dynamic dependencies]. Details - ImportResultOutputID=ea57844d9f080f2ea6af0853c8c3cda0 DependenciesID=7e17891681150db9c4adf1a4be914692 StaticDependenciesID=0bbffd70cf86ad3bf53bb3ca426fbd57 
Importing 'GUID: 13c02b14c4d048fa9653293d54f6e0e1 - Path: Packages/com.unity.render-pipelines.universal/Shaders/2D/Sprite-Unlit-Default.shader' with importer (ShaderImporter)
Imported 'GUID: 13c02b14c4d048fa9653293d54f6e0e1' -> (Import Result ID: '66721779d28732fb58634ad7e73b9067') in 0.004 seconds [static and dynamic dependencies]. Details - ImportResultOutputID=508a17306bbf97b555fcdb9cbfce6448 DependenciesID=b8e9b6ba0e8ede94badff01d90a0b4cb StaticDependenciesID=74552150fe73f6a82992f2c4e582a4d8 
Importing 'GUID: 134e9451a58aaba43ba713adbd103d92 - Path: Packages/com.unity.render-pipelines.universal/Runtime/RendererFeatures/SurfaceCacheGIRendererFeature/FlatNormalResolution.compute' with importer (ComputeShaderImporter)
Imported 'GUID: 134e9451a58aaba43ba713adbd103d92' -> (Import Result ID: 'b7416a9f871cb9389e4bb925e5dd59f5') in 0.004 seconds [static and dynamic dependencies]. Details - ImportResultOutputID=23c35fd8efce6bbadd4d79d2d46a4e1b DependenciesID=509923802c8eb8b4d5a40d8de7507f7a StaticDependenciesID=51d8c2392b5d7d083718463e829b454e 
Importing 'GUID: 33be2e9a5506b2843bdb2bdff9cad5e1 - Path: Packages/com.unity.render-pipelines.core/Runtime/STP/StpSetup.compute' with importer (ComputeShaderImporter)
Imported 'GUID: 33be2e9a5506b2843bdb2bdff9cad5e1' -> (Import Result ID: '3414ed5b59d595db3e80009fff36d959') in 0.005 seconds [static and dynamic dependencies]. Details - ImportResultOutputID=3d7c4f18857fae2f0cf4416f7337a9cd DependenciesID=6994d67b217e63d4fd43578597a6013c StaticDependenciesID=8d720d7cc890bef06ec9b4cf77f82201 
Importing 'GUID: 53626a513ea68ce47b59dc1299fe3959 - Path: Packages/com.unity.render-pipelines.universal/Shaders/Debug/ProbeVolumeSamplingDebugPositionNormal.compute' with importer (ComputeShaderImporter)
Imported 'GUID: 53626a513ea68ce47b59dc1299fe3959' -> (Import Result ID: '8be3446c0fddef3265ee33e4ff03a920') in 0.003 seconds [static and dynamic dependencies]. Details - ImportResultOutputID=e94b7cfe857a0d68bd880cb20f8f8408 DependenciesID=715ca23e50bdf6dd8952493f8711bbef StaticDependenciesID=8840191f5af0c347456ec1dd2dcddca6 
Importing 'GUID: 53864816eb00f2343b60e1a2c5a262ef - Path: Packages/com.unity.render-pipelines.core/Runtime/RenderPipelineResources/GPUDriven/InstanceDataBufferUploadKernels.compute' with importer (ComputeShaderImporter)
Imported 'GUID: 53864816eb00f2343b60e1a2c5a262ef' -> (Import Result ID: '17deb4de83cbe8c9ddc45a060669f246') in 0.000 seconds [static and dynamic dependencies]. Details - ImportResultOutputID=e7c2ee61deabb50addaa6a7eaabbb1e9 DependenciesID=93432f2fc2d1e0a5eda389e9dded739f StaticDependenciesID=23bbd006c385909305a19c7c9286af5f 
Importing 'GUID: 63e59de460463bb4c9d64bc58051d12c - Path: Packages/com.unity.render-pipelines.core/Runtime/Lighting/SurfaceCache/SpatialFiltering.compute' with importer (ComputeShaderImporter)
Imported 'GUID: 63e59de460463bb4c9d64bc58051d12c' -> (Import Result ID: '8c84440b53580e0478d3048d6d84983e') in 0.001 seconds [static and dynamic dependencies]. Details - ImportResultOutputID=5750dbd31fc4d186c10ab0308db53306 DependenciesID=097620d1e4dcbcf2a627908b89bbccea StaticDependenciesID=90bdc4dba9d09372523c9dc0a9d204af 
Importing 'GUID: 63b92baba208e314c8fdebe52ca0cc34 - Path: Packages/com.unity.render-pipelines.universal/Runtime/MipGen/Shaders/ColorPyramidPS.shader' with importer (ShaderImporter)
Imported 'GUID: 63b92baba208e314c8fdebe52ca0cc34' -> (Import Result ID: '580956e6c99b1a12033ea797f44f6b9d') in 0.005 seconds [static and dynamic dependencies]. Details - ImportResultOutputID=af01aeb8f68be71d93313099e30c3e47 DependenciesID=c88752806f35bb461d73040b2cf83c62 StaticDependenciesID=5e7f20908192b69e2fd8fadf6c1e30de 
Importing 'GUID: 63eaba0ebfb82cc43bde059b4a8c65f6 - Path: Packages/com.unity.render-pipelines.universal/Shaders/PostProcessing/SubpixelMorphologicalAntialiasing.shader' with importer (ShaderImporter)
Imported 'GUID: 63eaba0ebfb82cc43bde059b4a8c65f6' -> (Import Result ID: '8c3c639761d59b070c7bc393ff2277d8') in 0.008 seconds [static and dynamic dependencies]. Details - ImportResultOutputID=ddde238ca5d6acf7e9d739ad88ddac78 DependenciesID=0edc800a244ea9c31a2f9d52cc5f1ed5 StaticDependenciesID=7bcd645a2a8fd89d9e5e25cea653c14f 
Importing 'GUID: 93446b5c5339d4f00b85c159e1159b7c - Path: Packages/com.unity.render-pipelines.universal/Shaders/Utils/CoreBlit.shader' with importer (ShaderImporter)
Imported 'GUID: 93446b5c5339d4f00b85c159e1159b7c' -> (Import Result ID: 'f5efa5bbf355c769b156332e73923dee') in 0.025 seconds [static and dynamic dependencies]. Details - ImportResultOutputID=d9cc5daf8c974f6a7f9056d2a3e6c84f DependenciesID=00faad1e33c3bf9c853e01eb0ee19bb4 StaticDependenciesID=d61330d75e7d825e1432dcba45fce2cd 
Importing 'GUID: 933532a4fcc9baf4fa0491de14d08ed7 - Path: Packages/com.unity.render-pipelines.universal/Shaders/Lit.shader' with importer (ShaderImporter)
Imported 'GUID: 933532a4fcc9baf4fa0491de14d08ed7' -> (Import Result ID: 'ff18e2c233b908b0c98876c7c9d3f2a5') in 0.023 seconds [static and dynamic dependencies]. Details - ImportResultOutputID=258ebb21f5f3b2cb55a020e7dbe19987 DependenciesID=f92d2200273b4d9fa12811655f6c68b9 StaticDependenciesID=703aa2297536c01c7f6bce4bbb11c347 
Importing 'GUID: a3f7b8c99de28a94684cb1daebeccf5d - Path: Packages/com.unity.render-pipelines.core/Runtime/Lighting/ProbeVolume/ProbeVolumeBlendStates.compute' with importer (ComputeShaderImporter)
Imported 'GUID: a3f7b8c99de28a94684cb1daebeccf5d' -> (Import Result ID: '668cc3d67034ae7aa8498537bfba80e9') in 0.002 seconds [static and dynamic dependencies]. Details - ImportResultOutputID=d4e8d2ef2b5dbf0cd23136a70dc579e5 DependenciesID=e4e6fdc8b84fecccd8ee54ef6f65b590 StaticDependenciesID=ee694e2e0b9c71768452d0c753bcd851 
Importing 'GUID: b3c92426a88625841ab15ca6a7917248 - Path: Packages/com.unity.render-pipelines.core/Runtime/RenderPipelineResources/GPUDriven/DebugOccluder.shader' with importer (ShaderImporter)
Imported 'GUID: b3c92426a88625841ab15ca6a7917248' -> (Import Result ID: '2ba61f386923a91cd5b547b756bf6c3b') in 0.002 seconds [static and dynamic dependencies]. Details - ImportResultOutputID=e892fb7721f2a2e0c2311868f5f8fbf1 DependenciesID=21a1cbc5e9d4216a6f5272eb5618a7ab StaticDependenciesID=3c1252399be49a779bedd9ef27524c85 
Importing 'GUID: d3f0849180c2d0944bc71060693df100 - Path: Packages/com.unity.render-pipelines.core/Runtime/RenderPipelineResources/GPUDriven/DebugOcclusionTest.shader' with importer (ShaderImporter)
Imported 'GUID: d3f0849180c2d0944bc71060693df100' -> (Import Result ID: '9acd0216aa357569be87f0a9e72a041c') in 0.003 seconds [static and dynamic dependencies]. Details - ImportResultOutputID=ce6cac64b5134950ef3d329cb440c2bd DependenciesID=8af57be84503a7a9fab16d7825a0d962 StaticDependenciesID=aa7ed96a2b4b4beb5dabe02a3a534e25 
Importing 'GUID: e39bd598ce13f44ba8af997d3e42cd18 - Path: Packages/com.unity.render-pipelines.universal/Shaders/2D/Sprite-Mask.shader' with importer (ShaderImporter)
Imported 'GUID: e39bd598ce13f44ba8af997d3e42cd18' -> (Import Result ID: '75cd498ea92b3d7259d91323d40b8640') in 0.005 seconds [static and dynamic dependencies]. Details - ImportResultOutputID=440c4ecafde9eff9cd38a12a4a0a92f3 DependenciesID=35f13e709f218610bb4f6f884d1eccb6 StaticDependenciesID=213c78561e8f9a8a0eac9e15c5410b2c 
Importing 'GUID: 04c410c9937594faa893a11dceb85f7e - Path: Packages/com.unity.render-pipelines.universal/Shaders/Utils/Sampling.shader' with importer (ShaderImporter)
Imported 'GUID: 04c410c9937594faa893a11dceb85f7e' -> (Import Result ID: '6374355282c5b9438db1717e84c0fc0e') in 0.003 seconds [static and dynamic dependencies]. Details - ImportResultOutputID=e964dc6e86362078d0ff66b744358e71 DependenciesID=19a975c77bb88d8274ed967d198f7b18 StaticDependenciesID=ade54049964ba0fcc4919cf209dae6a9 
Importing 'GUID: 0406db5a14f94604a8c57ccfbc9f3b46 - Path: Packages/com.unity.render-pipelines.universal/Shaders/Particles/ParticlesUnlit.shader' with importer (ShaderImporter)
Imported 'GUID: 0406db5a14f94604a8c57ccfbc9f3b46' -> (Import Result ID: 'e89bc7ac7983a93aa81a978750635fa9') in 0.020 seconds [static and dynamic dependencies]. Details - ImportResultOutputID=a6a7158a52f8b54481bc69214d2ef8d5 DependenciesID=00dc01d58e452edecb8f7c7dfaee18e4 StaticDependenciesID=0d327271c4e0142a4ee6348b2e844d89 
Importing 'GUID: 4431b1f1f743fbf4eb310a967890cbea - Path: Packages/com.unity.render-pipelines.universal/Shaders/XR/XROcclusionMesh.shader' with importer (ShaderImporter)
Imported 'GUID: 4431b1f1f743fbf4eb310a967890cbea' -> (Import Result ID: 'cae45fdd023cccd332ed63dc271d9678') in 0.003 seconds [static and dynamic dependencies]. Details - ImportResultOutputID=7a6961a8b71075b5a92482bb5a1c0752 DependenciesID=273f0391f0d5aecd81bb2aea757f6aae StaticDependenciesID=178ec415672d30cea929cbd082e42b94 
Importing 'GUID: 44fc62292b65ab04eabcf310e799ccf6 - Path: Packages/com.unity.render-pipelines.universal/Shaders/2D/Shadow2D-Shadow-Sprite.shader' with importer (ShaderImporter)
Imported 'GUID: 44fc62292b65ab04eabcf310e799ccf6' -> (Import Result ID: 'c2f1524d2b56ed4980c3c572aff49e99') in 0.004 seconds [static and dynamic dependencies]. Details - ImportResultOutputID=f6b5187074f973467e830bd062fa50df DependenciesID=57dad973b923e1898e26d22788102746 StaticDependenciesID=5157a929f6e6bfb756ea25abe47d7eae 
Importing 'GUID: 74b1585886a85614aa34e2c8e303c77a - Path: Packages/com.unity.render-pipelines.universal/Shaders/BRGPicking.shader' with importer (ShaderImporter)
Imported 'GUID: 74b1585886a85614aa34e2c8e303c77a' -> (Import Result ID: '5528cc97c384bc8d1de75715e330240a') in 0.005 seconds [static and dynamic dependencies]. Details - ImportResultOutputID=75a584510f46f70aa56ebabf37c4d671 DependenciesID=61bb5d88b356e604d927d622eb6270e6 StaticDependenciesID=184dd813fa5dff15884e343019b54088 
Importing 'GUID: 74659692f6350ba46b88180d9c826630 - Path: Packages/com.unity.render-pipelines.universal/Shaders/2D/RenderAs2D-Flattening.shader' with importer (ShaderImporter)
Imported 'GUID: 74659692f6350ba46b88180d9c826630' -> (Import Result ID: 'f8fd8d52eeedfa023491f4ae1b79c79f') in 0.005 seconds [static and dynamic dependencies]. Details - ImportResultOutputID=d37e8ab79bfbbcc41711d0c8e6398111 DependenciesID=25e6d724845efc63dfd1c40d89a8548b StaticDependenciesID=26f56decae35f2b850c2b26f01072f01 
Importing 'GUID: c49e63ed1bbcb334780a3bd19dfed403 - Path: Packages/com.unity.render-pipelines.universal/Shaders/PostProcessing/FinalPost.shader' with importer (ShaderImporter)
Imported 'GUID: c49e63ed1bbcb334780a3bd19dfed403' -> (Import Result ID: 'c287ad8b0b9dcf8694e4449fae493246') in 0.014 seconds [static and dynamic dependencies]. Details - ImportResultOutputID=8be1b6df158afea032ab217089c86f0b DependenciesID=35807472898d6539e4fecc4cbfe6e66d StaticDependenciesID=c817db9d36879ed693bf9e88e1a16e7a 
Importing 'GUID: 557fa399e33bf7647bda5697c5c158df - Path: Packages/com.unity.render-pipelines.core/Runtime/PathTracing/Shaders/BlitCookie.compute' with importer (ComputeShaderImporter)
Imported 'GUID: 557fa399e33bf7647bda5697c5c158df' -> (Import Result ID: '7183278f1d943c6e5ef9386847812639') in 0.001 seconds [static and dynamic dependencies]. Details - ImportResultOutputID=d3c9b3db3dfbef33913463f7edcdaffc DependenciesID=9d000ccc14c028b0a566c4d89698b4a0 StaticDependenciesID=00bf75a0da40c18f4ab7f8dd9ba9cbf8 
Importing 'GUID: 650dd9526735d5b46b79224bc6e94025 - Path: Packages/com.unity.render-pipelines.universal/Shaders/Unlit.shader' with importer (ShaderImporter)
Imported 'GUID: 650dd9526735d5b46b79224bc6e94025' -> (Import Result ID: 'f589f950aa5df9177d4cfacfdc047843') in 0.019 seconds [static and dynamic dependencies]. Details - ImportResultOutputID=75af3099b8a004a8cb6f9026fb383f16 DependenciesID=91d3b38e56d1d27c69e8633860a2c58e StaticDependenciesID=7f15a62f5a48a76a1504b77ad6d64783 
Importing 'GUID: 65df88701913c224d95fc554db28381a - Path: Packages/com.unity.render-pipelines.universal/Shaders/PostProcessing/LutBuilderLdr.shader' with importer (ShaderImporter)
Imported 'GUID: 65df88701913c224d95fc554db28381a' -> (Import Result ID: '77a2bb32904294232af14553c6f82010') in 0.008 seconds [static and dynamic dependencies]. Details - ImportResultOutputID=58003d2ad7718899eb0281b096aacc49 DependenciesID=e3b43a5e4e8cea3519a6a2e2a648fe3b StaticDependenciesID=41efa06855eab8f190d613c5fdf773f1 
Importing 'GUID: 8516d7a69675844a7a0b7095af7c46af - Path: Packages/com.unity.render-pipelines.universal/Shaders/Particles/ParticlesSimpleLit.shader' with importer (ShaderImporter)
Imported 'GUID: 8516d7a69675844a7a0b7095af7c46af' -> (Import Result ID: 'c6fb32f4b9689b780c7c0a2967ffad8e') in 0.024 seconds [static and dynamic dependencies]. Details - ImportResultOutputID=8207366d94c18d6b4ca609ac07ab8ef4 DependenciesID=01f0b2e917fc0b727289993064c47adf StaticDependenciesID=95ef8a550a0a1213902bcf6e7a5f48a6 
Importing 'GUID: 95e15a77195eb574ab82aaac18b1c796 - Path: Packages/com.unity.render-pipelines.universal/Editor/Overrides/Shaders/ShadowsMidtonesHighlightsCurves.shader' with importer (ShaderImporter)
Imported 'GUID: 95e15a77195eb574ab82aaac18b1c796' -> (Import Result ID: '98cd115adfc9f17472cbb9c91f69bb84') in 0.002 seconds [static and dynamic dependencies]. Details - ImportResultOutputID=5149a729b9d8da867f075c024b0ee1ae DependenciesID=070f42575c0952c001ae4d713b7245c0 StaticDependenciesID=4032682d7348a77804afdaa7a678babb 
Importing 'GUID: c56b7e0d4c7cb484e959caeeedae9bbf - Path: Packages/com.unity.render-pipelines.universal/Shaders/CameraMotionVectors.shader' with importer (ShaderImporter)
Imported 'GUID: c56b7e0d4c7cb484e959caeeedae9bbf' -> (Import Result ID: '3c7465e6628fa632a2b3623479e09bfa') in 0.005 seconds [static and dynamic dependencies]. Details - ImportResultOutputID=535f64e6bcf1d71bbd441e4dfcec99e4 DependenciesID=1d6f8a9014decbb44d036c64d665d06b StaticDependenciesID=2735ca903f4d05b38318364b6f7b4267 
Importing 'GUID: d5a307c014552314b9f560906d708772 - Path: Packages/com.unity.render-pipelines.universal/Shaders/XR/XRMirrorView.shader' with importer (ShaderImporter)
Imported 'GUID: d5a307c014552314b9f560906d708772' -> (Import Result ID: 'd136283f2fd4fe1686f56dde994a9a10') in 0.004 seconds [static and dynamic dependencies]. Details - ImportResultOutputID=2ff05a18e09b718703e9633ea7cb9122 DependenciesID=8858225d2a6142958a840144bf5dcf08 StaticDependenciesID=748f66e360aa11d366c6856fe4d1969d 
Importing 'GUID: e507fdfead5ca47e8b9a768b51c291a1 - Path: Packages/com.unity.render-pipelines.universal/Shaders/Terrain/WavingGrass.shader' with importer (ShaderImporter)
Imported 'GUID: e507fdfead5ca47e8b9a768b51c291a1' -> (Import Result ID: '979c3f41b837b1160097d8ee6fc43ba4') in 0.018 seconds [static and dynamic dependencies]. Details - ImportResultOutputID=b8a2306ee996c483ec9fdcafb79e3800 DependenciesID=b1485eaec18759c74309dbb00336da40 StaticDependenciesID=25a6479413c7ffbb1dbe93f5387fff75 
Importing 'GUID: 065a0fb9495518147aaf6f482d53ff42 - Path: Packages/com.unity.render-pipelines.core/Runtime/PathTracing/Shaders/SegmentedReduction.compute' with importer (ComputeShaderImporter)
Imported 'GUID: 065a0fb9495518147aaf6f482d53ff42' -> (Import Result ID: '8f693b3b57273490b216f806aecb12bb') in 0.001 seconds [static and dynamic dependencies]. Details - ImportResultOutputID=8827b65554eb597493a84192f850a163 DependenciesID=b235af382a0252dd7b2844da0a1f4870 StaticDependenciesID=7f21930d37606371429e0f60e709c8e2 
Importing 'GUID: 16e47c1641bd0104e92b624601457bb0 - Path: Packages/com.unity.render-pipelines.core/Runtime/PathTracing/Shaders/BuildLightGrid.compute' with importer (ComputeShaderImporter)
Imported 'GUID: 16e47c1641bd0104e92b624601457bb0' -> (Import Result ID: 'bb9422bce8a16d39a3044a15a3a63143') in 0.004 seconds [static and dynamic dependencies]. Details - ImportResultOutputID=fb58a75a5b047a36104582db4fdc05b4 DependenciesID=5abf22ef93deaabad51521686e106cb9 StaticDependenciesID=f4f4664c70cfe600c87e59a0d3ad1ef3 
Importing 'GUID: 36e335017ad71d54fbb10842863188ae - Path: Packages/com.unity.render-pipelines.core/Runtime/RenderPipelineResources/FallbackShader.shader' with importer (ShaderImporter)
Imported 'GUID: 36e335017ad71d54fbb10842863188ae' -> (Import Result ID: 'f1b8ca1709216b649932f7397b89917c') in 0.002 seconds [static and dynamic dependencies]. Details - ImportResultOutputID=1094814d41f92b082a04078b24874628 DependenciesID=af021a50ada6e0601fea30f2699059b2 StaticDependenciesID=27b9328314e6f86afb082e66aa8ee0be 
Importing 'GUID: 56641cb88dcb31a4398a4997ef7a7a8c - Path: Packages/com.unity.render-pipelines.core/Runtime/UnifiedRayTracing/Compute/RadeonRays/kernels/restructure_bvh.compute' with importer (ComputeShaderImporter)
Imported 'GUID: 56641cb88dcb31a4398a4997ef7a7a8c' -> (Import Result ID: 'a38e6cbe4100b52cbe989b1610988ba9') in 0.001 seconds [static and dynamic dependencies]. Details - ImportResultOutputID=6cfcfa5c0b6cdae222600826f15417de DependenciesID=f9a8425ed41adce2286a18d738af60b2 StaticDependenciesID=ab5b99b612dcf3a42371864f2b1a85a1 
Importing 'GUID: 562b7ae4f629f144aa97780546fce7c6 - Path: Packages/com.unity.render-pipelines.universal/Shaders/PostProcessing/EdgeAdaptiveSpatialUpsampling.shader' with importer (ShaderImporter)
Imported 'GUID: 562b7ae4f629f144aa97780546fce7c6' -> (Import Result ID: 'dce53d0f9c3355ca04795ffa01bf687f') in 0.005 seconds [static and dynamic dependencies]. Details - ImportResultOutputID=7dd19e8750cdd21a5d5c68dbf677b6ae DependenciesID=bcdac26a16e1604a60376f989172a0c5 StaticDependenciesID=84e938a12d5adc44eb45a9515e7558b6 
Importing 'GUID: 6666e5f03ff07054dbb7a7ac6e6aaee0 - Path: Packages/com.unity.render-pipelines.core/Tests/Editor/CopyDepthToBuffer.compute' with importer (ComputeShaderImporter)
Imported 'GUID: 6666e5f03ff07054dbb7a7ac6e6aaee0' -> (Import Result ID: '6fbbb915715483c65ad6de2b712ef9d2') in 0.000 seconds [static and dynamic dependencies]. Details - ImportResultOutputID=fc34c564beed8b93eb41e4130d2f56a4 DependenciesID=2644f595f1b91fc2d3709ef152dbf166 StaticDependenciesID=18b84650c7af960dbbac49243c192f27 
Importing 'GUID: 8670f7ce4b60cef43bed36148aa1b0a2 - Path: Packages/com.unity.render-pipelines.core/Runtime/UnifiedRayTracing/Compute/RadeonRays/kernels/bit_histogram.compute' with importer (ComputeShaderImporter)
Imported 'GUID: 8670f7ce4b60cef43bed36148aa1b0a2' -> (Import Result ID: '7c3a04c44898cd1b3e2410bc42a4ea63') in 0.000 seconds [static and dynamic dependencies]. Details - ImportResultOutputID=35b821a5008089a813e648086ca732ac DependenciesID=d8461d89d2e77dd25a2f46d93e12901b StaticDependenciesID=ebc2972affb586fb56d305764b38b581 
Importing 'GUID: a679dba8ec4d9ce45884a270b0e22dda - Path: Packages/com.unity.render-pipelines.core/Runtime/STP/StpPreTaa.compute' with importer (ComputeShaderImporter)
Imported 'GUID: a679dba8ec4d9ce45884a270b0e22dda' -> (Import Result ID: '1e92d7223ec64b1322c3b884b9f9042d') in 0.002 seconds [static and dynamic dependencies]. Details - ImportResultOutputID=5a421851c5fe07c746acc4054b0dd807 DependenciesID=5971b329173f632b749cee1e48341ccb StaticDependenciesID=c47bae2123e5cb117e2c647abb82e1b1 
Importing 'GUID: d6dae50ee9e1bfa4db75f19f99355220 - Path: Packages/com.unity.render-pipelines.universal/Shaders/Utils/CopyDepth.shader' with importer (ShaderImporter)
Imported 'GUID: d6dae50ee9e1bfa4db75f19f99355220' -> (Import Result ID: '20c99172cb5d5b21a3ba31ede7fbf845') in 0.004 seconds [static and dynamic dependencies]. Details - ImportResultOutputID=29f0712b2a018ccc276df15555f568bd DependenciesID=7fc67a2e4998432a347a1372e0fb966f StaticDependenciesID=b1838f8b52c461022095fbbfdf23ccd5 
Importing 'GUID: e6e9a19c3678ded42a3bc431ebef7dbd - Path: Packages/com.unity.render-pipelines.universal/Shaders/Utils/FallbackError.shader' with importer (ShaderImporter)
Imported 'GUID: e6e9a19c3678ded42a3bc431ebef7dbd' -> (Import Result ID: '5ed1fb2ce94752072a635556bf7aae0e') in 0.002 seconds [static and dynamic dependencies]. Details - ImportResultOutputID=93c3f5b909396e26ea1638f0396d8483 DependenciesID=eacdd415b7ec7a9077e7326a57e73ead StaticDependenciesID=af79af6e460e0b1cd5587958c229414c 
Importing 'GUID: f6d223acabc2f974795a5a7864b50e6c - Path: Packages/com.unity.render-pipelines.core/Runtime/RenderPipelineResources/GPUDriven/InstanceOcclusionCullingKernels.compute' with importer (ComputeShaderImporter)
Imported 'GUID: f6d223acabc2f974795a5a7864b50e6c' -> (Import Result ID: '6a550308196e704b932d32209f1327ef') in 0.002 seconds [static and dynamic dependencies]. Details - ImportResultOutputID=240303c4c91615069453407cf8f77ce9 DependenciesID=406358714ca05ef982f446a08b2bc551 StaticDependenciesID=87e3cfdb45fda6c810730ba9609d09f7 
Importing 'GUID: f6783ab646d374f94b199774402a5144 - Path: Packages/com.unity.render-pipelines.universal/Shaders/Terrain/TerrainDetailLit.shader' with importer (ShaderImporter)
Imported 'GUID: f6783ab646d374f94b199774402a5144' -> (Import Result ID: '8f5ec97732bd4518d9d6bba1a1b2de2d') in 0.014 seconds [static and dynamic dependencies]. Details - ImportResultOutputID=f47038439ed4f615238b832acb2b169a DependenciesID=0959d5a0697d3a1b3a9c0e55468c06ee StaticDependenciesID=2ca1f60febf1248c9917ccabf4c6a502 
Importing 'GUID: 3765a7ac691541038de4d587b94ae768 - Path: Packages/com.unity.render-pipelines.core/Runtime/PathTracing/Environment/SolidColor.shader' with importer (ShaderImporter)
Imported 'GUID: 3765a7ac691541038de4d587b94ae768' -> (Import Result ID: '7eef03cf6c7b6f0db23282fb43ddfeb7') in 0.003 seconds [static and dynamic dependencies]. Details - ImportResultOutputID=97e85fe42a2afa1ccccd67187dcd81c8 DependenciesID=201cfb064ec59c1f953f9f7612a376ca StaticDependenciesID=0397a2b599139631e969f74ac5f39157 
Importing 'GUID: 47bbc3edf61978b498603cc2a1b87eea - Path: Packages/com.unity.render-pipelines.core/Runtime/Lighting/SurfaceCache/Scrolling.compute' with importer (ComputeShaderImporter)
Imported 'GUID: 47bbc3edf61978b498603cc2a1b87eea' -> (Import Result ID: '01465dc0ad05c639eedffb7ecd1e301d') in 0.001 seconds [static and dynamic dependencies]. Details - ImportResultOutputID=617368e583e95920366ea80cf6f21bf7 DependenciesID=a73c05d1b98678a95d94d4b367029fcf StaticDependenciesID=43598fb7e5b1d653e896cc7baa318314 
Importing 'GUID: 573620ae32aec764abd4d728906d2587 - Path: Packages/com.unity.render-pipelines.universal/Shaders/Debug/HDRDebugView.shader' with importer (ShaderImporter)
Imported 'GUID: 573620ae32aec764abd4d728906d2587' -> (Import Result ID: '38b1aae547666f94d591f44e8b7ec188') in 0.005 seconds [static and dynamic dependencies]. Details - ImportResultOutputID=f7b98fc05b4359788912f424b9a88147 DependenciesID=93368bcb26f2a42a2926af9f6022beda StaticDependenciesID=a0bbfce8e8b9e3debfff349da7e6d962 
Importing 'GUID: 77f6c3e00d2daf84ba7b57e205d5dd64 - Path: Packages/com.unity.render-pipelines.core/Tests/Runtime/Threading/FunctionTestsGroup.compute' with importer (ComputeShaderImporter)
Imported 'GUID: 77f6c3e00d2daf84ba7b57e205d5dd64' -> (Import Result ID: '8ba134d0235354a6c248b858f809a2f2') in 0.003 seconds [static and dynamic dependencies]. Details - ImportResultOutputID=040360cdb15efd3e6b469a5396fc7bf0 DependenciesID=853b6bf0817b03aea6923e07a0db2ace StaticDependenciesID=471e777a4c5f746cb84b9db4f40f3a5d 
Importing 'GUID: 77774d9009bb81447b048c907d4c6273 - Path: Packages/com.unity.render-pipelines.universal/Shaders/2D/Shadow2D-Unshadow-Geometry.shader' with importer (ShaderImporter)
Imported 'GUID: 77774d9009bb81447b048c907d4c6273' -> (Import Result ID: '6fe13db408f5a469e3edf5a97c0e45dc') in 0.004 seconds [static and dynamic dependencies]. Details - ImportResultOutputID=8e194896ff352f80045d62956dc130b5 DependenciesID=39129c0beb0d1db54755217ed38c51fa StaticDependenciesID=bc99324e11d90751bac20e089ee7d6d0 
Importing 'GUID: 77cfa04f893eb8745b6a454a3d51b43c - Path: Packages/com.unity.render-pipelines.universal/Editor/Overrides/Shaders/TrackballEditor.shader' with importer (ShaderImporter)
Imported 'GUID: 77cfa04f893eb8745b6a454a3d51b43c' -> (Import Result ID: '653a90cdc48f9d6851ed2e6e1ccb44c4') in 0.002 seconds [static and dynamic dependencies]. Details - ImportResultOutputID=06af2558d0066ea8eb7114ad4cee75d5 DependenciesID=bb8ba1eb959b2ab6bf3b16636daebbb6 StaticDependenciesID=74d28b3563421586cd5cd1fc5a244a39 
Importing 'GUID: a796fe586e0ddba4cae031b0ab585286 - Path: Packages/com.unity.render-pipelines.core/Editor/PostProcessing/LensFlareResource/LensFlareDataDriven.shader' with importer (ShaderImporter)
Imported 'GUID: a796fe586e0ddba4cae031b0ab585286' -> (Import Result ID: '14ea98b440267412e0522f1cd0d5d4ac') in 0.005 seconds [static and dynamic dependencies]. Details - ImportResultOutputID=c5c1131e0dfa2b0d1b005389244a2a09 DependenciesID=84400f266e4045fa13a594b63fa36418 StaticDependenciesID=710439a767b825ef08155f9ba2a1af2d 
Importing 'GUID: b7839dad95683814aa64166edc107ae2 - Path: Packages/com.unity.render-pipelines.universal/Shaders/Particles/ParticlesLit.shader' with importer (ShaderImporter)
Imported 'GUID: b7839dad95683814aa64166edc107ae2' -> (Import Result ID: '63af4fab5a05e4894a505844d171ffca') in 0.023 seconds [static and dynamic dependencies]. Details - ImportResultOutputID=2c11d4f8927c6e8e4bef1a57e0243207 DependenciesID=2348bffb4b516e72d87d1aeaa61f85e0 StaticDependenciesID=1934291915e26bd61e026479b92f278d 
Importing 'GUID: c7715b638c6f5c849a6ec12234ae264c - Path: Packages/com.unity.test-framework.performance/Editor/TestReportGraph/TestReportShader.shader' with importer (ShaderImporter)
Imported 'GUID: c7715b638c6f5c849a6ec12234ae264c' -> (Import Result ID: 'd85fdb95e52115057e3f9d9a90c7728a') in 0.002 seconds [static and dynamic dependencies]. Details - ImportResultOutputID=6ee51d967960fcaab2ae110d5f0fabe8 DependenciesID=49feef7b1527b9527dce2bdda1f2167a StaticDependenciesID=38eccf12795cef00dbb066f5e5e56a28 
Importing 'GUID: e7857e9d0c934dc4f83f270f8447b006 - Path: Packages/com.unity.render-pipelines.universal/Shaders/PostProcessing/UberPost.shader' with importer (ShaderImporter)
Imported 'GUID: e7857e9d0c934dc4f83f270f8447b006' -> (Import Result ID: '157e459f0450498614e60f23a6c1c4f5') in 0.007 seconds [static and dynamic dependencies]. Details - ImportResultOutputID=df70fce82b2b536236207ed6b45e00ea DependenciesID=aeefa9b63f38649fd7097c3c3fe82197 StaticDependenciesID=f0d5f5305afc774fbec0f8ecf20ad73a 
Importing 'GUID: 08b2b5fb307b0d249860612774a987da - Path: Packages/com.unity.render-pipelines.core/Runtime/RenderPipelineResources/GPUDriven/OccluderDepthPyramidKernels.compute' with importer (ComputeShaderImporter)
Imported 'GUID: 08b2b5fb307b0d249860612774a987da' -> (Import Result ID: '18f4e1d075b14d4f0d0538d90ee243ee') in 0.001 seconds [static and dynamic dependencies]. Details - ImportResultOutputID=a50e0323be578611c629f2d18a6fd997 DependenciesID=1dd533c007b6b691f1376e1e7d657599 StaticDependenciesID=0db5dd78ba75ed1aee57a6cce93da78e 
Importing 'GUID: 0849e84e3d62649e8882e9d6f056a017 - Path: Packages/com.unity.render-pipelines.universal/Shaders/Utils/ScreenSpaceAmbientOcclusion.shader' with importer (ShaderImporter)
Imported 'GUID: 0849e84e3d62649e8882e9d6f056a017' -> (Import Result ID: '21d45ff0249bbe225383efe36ef9619d') in 0.014 seconds [static and dynamic dependencies]. Details - ImportResultOutputID=e86bccc250a07210897ecbabc9dafd85 DependenciesID=aa9372a85ab7048c6ca19557ff385c0f StaticDependenciesID=a862ec09d21eaeebdb19e67162e47756 
Importing 'GUID: 28969cfddd9ef3f4e94b971690146a4f - Path: Packages/com.unity.render-pipelines.universal/Runtime/MipGen/Shaders/ColorPyramid.compute' with importer (ComputeShaderImporter)
Imported 'GUID: 28969cfddd9ef3f4e94b971690146a4f' -> (Import Result ID: '1f4ecc23751256f1fa964e77e8e9ad0a') in 0.001 seconds [static and dynamic dependencies]. Details - ImportResultOutputID=bb7be5532f462aca682d27fa28d334e0 DependenciesID=f5a9e83bbae16a9cd39b6192a86ee911 StaticDependenciesID=769c1b0760ac3602f3a512c42482440f 
Importing 'GUID: 98e3d58cae7210c4786f67f504c9e899 - Path: Packages/com.unity.render-pipelines.core/Runtime/UnifiedRayTracing/Common/GeometryPool/GeometryPoolKernels.compute' with importer (ComputeShaderImporter)
Imported 'GUID: 98e3d58cae7210c4786f67f504c9e899' -> (Import Result ID: '17c45c6fb307ac3de96d07cffc048f85') in 0.001 seconds [static and dynamic dependencies]. Details - ImportResultOutputID=83932f92cad800b6e3fd5e245a5b0ea0 DependenciesID=c956ebb7b6630e4830144b9ea4e3b59e StaticDependenciesID=e6a7ade94380ea0e37420123f7030896 
Importing 'GUID: a89bee29cffa951418fc1e2da94d1959 - Path: Packages/com.unity.render-pipelines.universal/Shaders/Utils/BlitHDROverlay.shader' with importer (ShaderImporter)
Imported 'GUID: a89bee29cffa951418fc1e2da94d1959' -> (Import Result ID: '3caab3ed008da9ba316781fa95f7d85e') in 0.006 seconds [static and dynamic dependencies]. Details - ImportResultOutputID=6d0f74e75fd86ddb67fae4e7ac7c080e DependenciesID=48a661b0b0940835e1d8c66d47f12d6b StaticDependenciesID=6785ada06cd07c58ce750965fea11504 
Importing 'GUID: c8b6a681c7b4e2e4785ffab093907f9e - Path: Packages/com.unity.render-pipelines.core/Editor/Lighting/ProbeVolume/VoxelizeScene.shader' with importer (ShaderImporter)
Imported 'GUID: c8b6a681c7b4e2e4785ffab093907f9e' -> (Import Result ID: '155e1215938779eb69790f20f644d470') in 0.003 seconds [static and dynamic dependencies]. Details - ImportResultOutputID=ece263f27390bf641e6b25c4a5ed5151 DependenciesID=d6490ea28a535cec5c12f0a9e524cda0 StaticDependenciesID=a0cf6b90b2f279b619bf1fdbf0c33e3c 
Importing 'GUID: e8b802ac01d87144b91f12f40c1f2659 - Path: Packages/com.unity.render-pipelines.universal/Shaders/SpatialMappingWireframe.shader' with importer (ShaderImporter)
Imported 'GUID: e8b802ac01d87144b91f12f40c1f2659' -> (Import Result ID: 'b36f477123eda74666ded73f04c6e257') in 0.004 seconds [static and dynamic dependencies]. Details - ImportResultOutputID=c1a92b6e813c4a521ae87038bc4fcda3 DependenciesID=36b2f2939901382476afe6ff70b2e8c5 StaticDependenciesID=78501858fa857467ad5b245cebdde5f6 
Importing 'GUID: e8ee25143a34b8c4388709ea947055d1 - Path: Packages/com.unity.render-pipelines.universal/Shaders/PostProcessing/ScalingSetup.shader' with importer (ShaderImporter)
Imported 'GUID: e8ee25143a34b8c4388709ea947055d1' -> (Import Result ID: '550f770d4f1d5ca4c3ec265a1811400d') in 0.005 seconds [static and dynamic dependencies]. Details - ImportResultOutputID=7a6b33802b6616d8aa2ef9ff8ffe1c21 DependenciesID=376a24763e0c445857f719045d330b29 StaticDependenciesID=69d004d2a784aca40627623393731a96 
Importing 'GUID: f89aac1e4f84468418fe30e611dff395 - Path: Packages/com.unity.render-pipelines.universal/Shaders/XR/XRMotionVector.shader' with importer (ShaderImporter)
Imported 'GUID: f89aac1e4f84468418fe30e611dff395' -> (Import Result ID: '634e4f19381acea920f7a703502f54f4') in 0.004 seconds [static and dynamic dependencies]. Details - ImportResultOutputID=e04adef6701b61e6402ecb1b88f7a322 DependenciesID=4ffc6d1d795b4b415d1c844a0308a60a StaticDependenciesID=41549047dfa083d3fc0fffeaee0f7152 
Importing 'GUID: 0951de5992461754fa73650732c4954c - Path: Packages/com.unity.render-pipelines.core/Runtime/Lighting/ProbeVolume/ProbeVolumeUploadData.compute' with importer (ComputeShaderImporter)
Imported 'GUID: 0951de5992461754fa73650732c4954c' -> (Import Result ID: 'e7aee1471c3aa7688546fcb318130618') in 0.002 seconds [static and dynamic dependencies]. Details - ImportResultOutputID=6fa7a3af583c4247db7e3a486a7c731d DependenciesID=4b1f4e8b6175bddf0ce4be147f7e304a StaticDependenciesID=f2431cd7fbae2ce8c1007bfd93b6bcca 
Importing 'GUID: 19349a0f9a7ed4c48a27445bcf92e5e1 - Path: Packages/com.unity.render-pipelines.universal/Shaders/2D/Shadow2D-Shadow-Geometry.shader' with importer (ShaderImporter)
Imported 'GUID: 19349a0f9a7ed4c48a27445bcf92e5e1' -> (Import Result ID: '3e21af589a0db689eb8b6b885389a0de') in 0.005 seconds [static and dynamic dependencies]. Details - ImportResultOutputID=d1fd30c2985778c620577cc1440bf399 DependenciesID=746d8806e717d318d3a9ed7eafc6c719 StaticDependenciesID=189345beee667d9d0ed6651aaa7e707c 
Importing 'GUID: 19dfbb09098c9584a83c956fbd6c5d79 - Path: Packages/com.unity.render-pipelines.core/Editor/PostProcessing/LensFlareResource/LensFlareDataDrivenPreview.shader' with importer (ShaderImporter)
Imported 'GUID: 19dfbb09098c9584a83c956fbd6c5d79' -> (Import Result ID: 'e0178246f9db6ae277b5834e61573a9e') in 0.003 seconds [static and dynamic dependencies]. Details - ImportResultOutputID=1401df7b0e1be5c14584a0c198368e59 DependenciesID=c3c0ed461ffa603a3189939e99054a0c StaticDependenciesID=a44890daaf5a6daa601e0ec2385f222e 
Importing 'GUID: 29868e73b638e48ca99a19ea58c48d90 - Path: Packages/com.unity.render-pipelines.universal/Shaders/Terrain/WavingGrassBillboard.shader' with importer (ShaderImporter)
Imported 'GUID: 29868e73b638e48ca99a19ea58c48d90' -> (Import Result ID: '76584c2b19378d7f905ec10721d2e824') in 0.011 seconds [static and dynamic dependencies]. Details - ImportResultOutputID=ab1545c93e318e302865ffe939adc9a4 DependenciesID=6653086a0b2c3bbfe7c57dc5263d2070 StaticDependenciesID=78342fd9983d74ebd746de1ff8b3df24 
Importing 'GUID: 3990aa41cea4e4fa79ec155970b62e32 - Path: Packages/com.unity.render-pipelines.core/Tests/Runtime/PathTracing/UniformAlbedoMetaPass.shader' with importer (ShaderImporter)
Imported 'GUID: 3990aa41cea4e4fa79ec155970b62e32' -> (Import Result ID: 'f6a52110b76fa50eaa2d3d611d2c6f3c') in 0.002 seconds [static and dynamic dependencies]. Details - ImportResultOutputID=a706a9c5c8cb937b2a42d6f5aad822d5 DependenciesID=0ee82987378ded33d5f1c04b6ab95d70 StaticDependenciesID=f7ec13e461960ea841e4588ec423969f 
Importing 'GUID: 3923900e2b41b5e47bc25bfdcbcdc9e6 - Path: Packages/com.unity.render-pipelines.core/Runtime/STP/StpTaa.compute' with importer (ComputeShaderImporter)
Imported 'GUID: 3923900e2b41b5e47bc25bfdcbcdc9e6' -> (Import Result ID: '8a9aaa06a032f6218dad7e10068b1c44') in 0.002 seconds [static and dynamic dependencies]. Details - ImportResultOutputID=cedffde256cccfa88ea1ba4a18b89886 DependenciesID=b3c9b8f7f0bb0e3c0eeade69d4ad303e StaticDependenciesID=d988056249b1d12aa39921adf879762b 
Importing 'GUID: 397e4e1ab7fcb41b9842c2e464a0d58a - Path: Packages/com.unity.render-pipelines.core/Tests/Runtime/PathTracing/UniformCubemap.shader' with importer (ShaderImporter)
Imported 'GUID: 397e4e1ab7fcb41b9842c2e464a0d58a' -> (Import Result ID: '3285e50f0a487b85846495ee1d66bbce') in 0.001 seconds [static and dynamic dependencies]. Details - ImportResultOutputID=0f805d90eabf12d324ee4ec73b522e9e DependenciesID=01c31ecf0b20ec326fb394fa87caa188 StaticDependenciesID=1262296683367a2eb6198e43d1ab8f40 
Importing 'GUID: 592b8faa1d5c42841bcb3308316baf9e - Path: Packages/com.unity.render-pipelines.core/Runtime/PathTracing/Shaders/ProbePostProcessing.compute' with importer (ComputeShaderImporter)
Imported 'GUID: 592b8faa1d5c42841bcb3308316baf9e' -> (Import Result ID: 'c649e6b3a7a93654b2f9ecd81b5d2792') in 0.002 seconds [static and dynamic dependencies]. Details - ImportResultOutputID=051ad222bbb52f41241d201a01406cb5 DependenciesID=b032752c3260aee18d07625188a1bac0 StaticDependenciesID=8595cf0079f4533b49d8dacd8752af6b 
Importing 'GUID: 69c1f799e772cb6438f56c23efccb782 - Path: Packages/com.unity.render-pipelines.universal/Shaders/Terrain/TerrainLit.shader' with importer (ShaderImporter)
Shader 'Universal Render Pipeline/Terrain/Lit': dependency 'AddPassShader' shader 'Hidden/Universal Render Pipeline/Terrain/Lit (Add Pass)' not found
WARNING: Shader Unsupported: 'Hidden/Universal Render Pipeline/Terrain/Lit (Base Pass)' - All subshaders removed
WARNING: Shader Did you use #pragma only_renderers and omit this platform?
WARNING: Shader If subshaders removal was intentional, you may have forgotten turning Fallback off?
Shader 'Universal Render Pipeline/Terrain/Lit': dependency 'BaseMapGenShader' shader 'Hidden/Universal Render Pipeline/Terrain/Lit (Basemap Gen)' not found
WARNING: Shader Unsupported: 'Universal Render Pipeline/Terrain/Lit' - All subshaders removed
WARNING: Shader Did you use #pragma only_renderers and omit this platform?
WARNING: Shader If subshaders removal was intentional, you may have forgotten turning Fallback off?
Shader 'Universal Render Pipeline/Terrain/Lit': dependency 'AddPassShader' shader 'Hidden/Universal Render Pipeline/Terrain/Lit (Add Pass)' not found
Shader 'Universal Render Pipeline/Terrain/Lit': dependency 'BaseMapGenShader' shader 'Hidden/Universal Render Pipeline/Terrain/Lit (Basemap Gen)' not found
WARNING: Shader Unsupported: 'Universal Render Pipeline/Terrain/Lit' - All subshaders removed
WARNING: Shader Did you use #pragma only_renderers and omit this platform?
WARNING: Shader If subshaders removal was intentional, you may have forgotten turning Fallback off?
Imported 'GUID: 69c1f799e772cb6438f56c23efccb782' -> (Import Result ID: 'af2b4512173cad4ca413b40c9713d809') in 0.021 seconds [static and dynamic dependencies]. Details - ImportResultOutputID=9bf40655f86f544021b91614aa983daf DependenciesID=ee8576a83203edbd69d3ffbeab12793c StaticDependenciesID=ad95b52c65b7bd5437991816070568eb 
Importing 'GUID: 891acea040e321148ab512076f084f6c - Path: Packages/com.unity.render-pipelines.core/Runtime/PathTracing/Shaders/LightmapOccupancy.compute' with importer (ComputeShaderImporter)
Imported 'GUID: 891acea040e321148ab512076f084f6c' -> (Import Result ID: 'e5c3f700c3b5cbd8b00033a2a87ec0e3') in 0.001 seconds [static and dynamic dependencies]. Details - ImportResultOutputID=0ca5911b3a0c2f1dd4637bdd695a8dba DependenciesID=801745cb46a82bb66cfb7991ad83afff StaticDependenciesID=ea4e63b4aa7895209e3e3cea9dcec5b6 
Importing 'GUID: 99134b1f0c27d54469a840832a28fadf - Path: Packages/com.unity.render-pipelines.universal/Shaders/Nature/SpeedTree8.shader' with importer (ShaderImporter)
Imported 'GUID: 99134b1f0c27d54469a840832a28fadf' -> (Import Result ID: '59b68ddbc8b8430b54f32f8480d54729') in 0.021 seconds [static and dynamic dependencies]. Details - ImportResultOutputID=adf5d0730a57e1dacba6dbc617267fa6 DependenciesID=483768678c04f1087305cff087cc7c33 StaticDependenciesID=d8013b7c4f969f1eaa0f9c82f899cdb6 
Importing 'GUID: c9f2aeed6ef396f4d9134e4da1edfe19 - Path: Packages/com.unity.render-pipelines.core/Runtime/Lighting/SurfaceCache/Eviction.compute' with importer (ComputeShaderImporter)
Imported 'GUID: c9f2aeed6ef396f4d9134e4da1edfe19' -> (Import Result ID: 'feb93b84642b8d000023be7b033f1377') in 0.001 seconds [static and dynamic dependencies]. Details - ImportResultOutputID=e46e3d38ec0eedbeb04e4fb6aa80ccba DependenciesID=33056c526d5112c09517a22e010b3e16 StaticDependenciesID=bb8a360ae3d0261325117b6bc20f50ef 
Importing 'GUID: d9225443dcd40974c9a13cb6e166ca5f - Path: Packages/com.unity.render-pipelines.core/Runtime/PathTracing/Shaders/ResolveAccumulation.compute' with importer (ComputeShaderImporter)
Imported 'GUID: d9225443dcd40974c9a13cb6e166ca5f' -> (Import Result ID: '8a70e3921af116eedd453d4daaa18fad') in 0.001 seconds [static and dynamic dependencies]. Details - ImportResultOutputID=68fe9ab9a97cc62981433cbfc79e0307 DependenciesID=9096f60299b6fed269155ae3ea4c82a6 StaticDependenciesID=e5cbafb3b0bfb891af6f988f9558b51d 
Importing 'GUID: e9155b26e1bc55942a41e518703fe304 - Path: Packages/com.unity.render-pipelines.universal/Shaders/Utils/StencilDeferred.shader' with importer (ShaderImporter)
WARNING: Shader Unsupported: 'Hidden/Universal Render Pipeline/StencilDeferred' - All subshaders removed
WARNING: Shader Did you use #pragma only_renderers and omit this platform?
WARNING: Shader If subshaders removal was intentional, you may have forgotten turning Fallback off?
WARNING: Shader Unsupported: 'Hidden/Universal Render Pipeline/StencilDeferred' - All subshaders removed
WARNING: Shader Did you use #pragma only_renderers and omit this platform?
WARNING: Shader If subshaders removal was intentional, you may have forgotten turning Fallback off?
Imported 'GUID: e9155b26e1bc55942a41e518703fe304' -> (Import Result ID: '6c3543a74ea2da178283a92d9cf922a7') in 0.019 seconds [static and dynamic dependencies]. Details - ImportResultOutputID=79af94e407c892533f1d0a18a5eba177 DependenciesID=946eea3b27776354ffc245f720b70ce8 StaticDependenciesID=74a15d4d3a66a4d568df7c382cb538dd 
WARNING: Shader Unsupported: 'Hidden/Universal Render Pipeline/StencilDeferred' - All subshaders removed
WARNING: Shader Did you use #pragma only_renderers and omit this platform?
WARNING: Shader If subshaders removal was intentional, you may have forgotten turning Fallback off?
Importing 'GUID: f984aeb540ded8b4fbb8a2047ab5b2e2 - Path: Packages/com.unity.render-pipelines.core/Runtime/RenderPipelineResources/GPUDriven/InstanceDataBufferCopyKernels.compute' with importer (ComputeShaderImporter)
Imported 'GUID: f984aeb540ded8b4fbb8a2047ab5b2e2' -> (Import Result ID: '540af45bc17b3f5a4438c9c1660f5389') in 0.001 seconds [static and dynamic dependencies]. Details - ImportResultOutputID=91b7ba3a29ddb1df12908e02de9b022c DependenciesID=7a26409c2acdaa2190897e2d9c4cdc02 StaticDependenciesID=44a196295ae6efb1c88847b3de451abe 
Importing 'GUID: 0a7e590f3cf1d4ee8a8fab5b6eff09ef - Path: Packages/com.unity.render-pipelines.universal/Shaders/Terrain/TerrainLitAdd.shader' with importer (ShaderImporter)
Imported 'GUID: 0a7e590f3cf1d4ee8a8fab5b6eff09ef' -> (Import Result ID: 'ae5cd7071853c99aaec8defcbe61c7ab') in 0.009 seconds [static and dynamic dependencies]. Details - ImportResultOutputID=f6eab6e19d9d603faed01fcca1ba1787 DependenciesID=89bc1c6080e774068fd7956a070c7ab3 StaticDependenciesID=2a8148ac93deaff588cfe6010f9dcaf5 
Importing 'GUID: 1a030e4984617e340bf47a116a1d0f9c - Path: Packages/com.unity.render-pipelines.core/Runtime/PathTracing/Shaders/Lightmapping/BilinearOverlaps.compute' with importer (ComputeShaderImporter)
Imported 'GUID: 1a030e4984617e340bf47a116a1d0f9c' -> (Import Result ID: '22ae70b2f30a6d435b74354f297edf39') in 0.003 seconds [static and dynamic dependencies]. Details - ImportResultOutputID=d7c056d1f84f89c3a687d11b89897e7e DependenciesID=cddcad56f563fa08483fc20db906f15f StaticDependenciesID=25d38d75050a0fb76b0dac802a06f4d7 
Importing 'GUID: 1ad53a96b58d3c3488dde4f14db1aaeb - Path: Packages/com.unity.render-pipelines.core/Runtime/UnifiedRayTracing/Compute/RadeonRays/kernels/CopyPositions.compute' with importer (ComputeShaderImporter)
Imported 'GUID: 1ad53a96b58d3c3488dde4f14db1aaeb' -> (Import Result ID: '8b311f84cd0c792e38ba72e9d0814fdd') in 0.001 seconds [static and dynamic dependencies]. Details - ImportResultOutputID=7b587cf0d4c0a8ee42c427f6907f49f3 DependenciesID=eae7c721283becdfff3d849422f6d5b4 StaticDependenciesID=d1877fc8bd41a0fd29d9535a51d70ba7 
Importing 'GUID: 2a567b9b2733f8d47a700c3c85bed75b - Path: Packages/com.unity.render-pipelines.core/Runtime/RenderPipelineResources/GPUDriven/InstanceTransformUpdateKernels.compute' with importer (ComputeShaderImporter)
Imported 'GUID: 2a567b9b2733f8d47a700c3c85bed75b' -> (Import Result ID: '48d6c3051dff8152a1947c79e38b99eb') in 0.002 seconds [static and dynamic dependencies]. Details - ImportResultOutputID=aeb38dd8ec73668f10eeccd91145831e DependenciesID=45b3d2145bf0e35399613747c5ac7449 StaticDependenciesID=424d11d02968d8db67447f1c0db7bfd1 
Importing 'GUID: 2aed67ad60045d54ba3a00c91e2d2631 - Path: Packages/com.unity.render-pipelines.universal/Shaders/PostProcessing/BokehDepthOfField.shader' with importer (ShaderImporter)
Imported 'GUID: 2aed67ad60045d54ba3a00c91e2d2631' -> (Import Result ID: '82fceb8d4715bafe31343cdc969376a3') in 0.014 seconds [static and dynamic dependencies]. Details - ImportResultOutputID=4e7d620c91d558e5286c335686629e50 DependenciesID=9d87cf095db16c1099398a8d81cf3e83 StaticDependenciesID=3995aa36b639613aaa1b25a594672edc 
Importing 'GUID: 3a80877c579b9144ebdcc6d923bca303 - Path: Packages/com.unity.render-pipelines.core/Runtime/Debug/ProbeVolumeFragmentationDebug.shader' with importer (ShaderImporter)
Imported 'GUID: 3a80877c579b9144ebdcc6d923bca303' -> (Import Result ID: 'cdb9a819cc712ec5def8629b395e6912') in 0.003 seconds [static and dynamic dependencies]. Details - ImportResultOutputID=d94e0a93ab25bbe30dbe617c57bc3fe2 DependenciesID=295c0606215b0703573138ea2db7e43a StaticDependenciesID=1e57bff413813f7cf26f2533152702e9 
Importing 'GUID: 5a992812cb320d146a66cc600200cce7 - Path: Packages/com.unity.render-pipelines.core/Runtime/PathTracing/Shaders/BlitCubemap.compute' with importer (ComputeShaderImporter)
Imported 'GUID: 5a992812cb320d146a66cc600200cce7' -> (Import Result ID: '6483fc7f9cc013c432e5e419fb579cbd') in 0.001 seconds [static and dynamic dependencies]. Details - ImportResultOutputID=bfa1cf20a34b63eda38996f99de18da7 DependenciesID=037ce4376fe958eb9b017d0ba9befa34 StaticDependenciesID=e552c4323a36fb54f88177b6d31229e2 
Importing 'GUID: 9ac9bae9f40d7dc4a80dbf809b9544aa - Path: Packages/com.unity.render-pipelines.universal/Shaders/2D/RenderingLayerMask.shader' with importer (ShaderImporter)
Imported 'GUID: 9ac9bae9f40d7dc4a80dbf809b9544aa' -> (Import Result ID: 'b02f8d0247ec70dc3831d002e3dee2fe') in 0.004 seconds [static and dynamic dependencies]. Details - ImportResultOutputID=9d407ea104a01518b1fe1133630f4f27 DependenciesID=381d3d69df2980c656544c58e43aabdc StaticDependenciesID=0fa1434a441400bfd0e276097ef8b72e 
Importing 'GUID: cacb30de6c40c7444bbc78cb0a81fd2a - Path: Packages/com.unity.render-pipelines.core/Runtime/Vrs/Shaders/VrsTexture.compute' with importer (ComputeShaderImporter)
Imported 'GUID: cacb30de6c40c7444bbc78cb0a81fd2a' -> (Import Result ID: 'e137686ce52cc95af9eaa851abc80973') in 0.001 seconds [static and dynamic dependencies]. Details - ImportResultOutputID=507c1187f1bf1016b6b8276277b53614 DependenciesID=204066072e86f931daf6d48be02f731a StaticDependenciesID=9e256d35f599a1a76eb4e6949dd741be 
Importing 'GUID: da07703fcc09f8d4799221050659bd55 - Path: Packages/com.unity.shadergraph/Editor/Resources/Shaders/FallbackError.shader' with importer (ShaderImporter)
Imported 'GUID: da07703fcc09f8d4799221050659bd55' -> (Import Result ID: 'e30b1d5782f5f8c211e1d2f6d60f2afb') in 0.002 seconds [static and dynamic dependencies]. Details - ImportResultOutputID=0ec8de9273a3be6cdd96b183f434914f DependenciesID=4a3d63a2d38c58c3096116354dca4f92 StaticDependenciesID=654ae9914caf9de10dd2236c30a015fa 
Importing 'GUID: 1b95b5dcf48d1914c9e1e7405c7660e3 - Path: Packages/com.unity.render-pipelines.core/Runtime/UnifiedRayTracing/Common/Utilities/CopyBuffer.compute' with importer (ComputeShaderImporter)
Imported 'GUID: 1b95b5dcf48d1914c9e1e7405c7660e3' -> (Import Result ID: '5af32bf44850ff8bec595b4b79b67204') in 0.000 seconds [static and dynamic dependencies]. Details - ImportResultOutputID=2f93dee3a16d3fb355924cea19d5e458 DependenciesID=6f5b32379204f3688c36919d23eff0b4 StaticDependenciesID=02d4ca2bd67f6297f7181d59631cb4b5 
Importing 'GUID: 1b17e2b3936490f4294522a1b1784702 - Path: Assets/IndieMarc/TopDownDemo/Materials/Sprite3D-unlit.shader' with importer (ShaderImporter)
Imported 'GUID: 1b17e2b3936490f4294522a1b1784702' -> (Import Result ID: '4973aefe51268e5e497db0bbcfed657c') in 0.002 seconds [static and dynamic dependencies]. Details - ImportResultOutputID=444961d1eabef78c1de23ea353d3c0fd DependenciesID=156fc1ff2e7828224d434dabe16c3617 StaticDependenciesID=1392bdb70ec05302edc8ef39ebb507cd 
Importing 'GUID: 2b06b6233ca86cd4886e99d0e9d1124e - Path: Packages/com.unity.render-pipelines.core/Tests/Editor/SimpleSpeedTreeDots.shader' with importer (ShaderImporter)
Imported 'GUID: 2b06b6233ca86cd4886e99d0e9d1124e' -> (Import Result ID: 'a4876c986d675a510823594dd8fc7e74') in 0.003 seconds [static and dynamic dependencies]. Details - ImportResultOutputID=c031a3712ba1b9e8970aac0de576c2db DependenciesID=7bb61fe7ab3904c809845e8a0ebef532 StaticDependenciesID=03a6624f9a88a897798f112adee3554c 
Importing 'GUID: 2ba9c897a5bfc8c4e8faefab864e2a59 - Path: Packages/com.unity.render-pipelines.core/Runtime/PathTracing/Shaders/ComputeHelpers.compute' with importer (ComputeShaderImporter)
Imported 'GUID: 2ba9c897a5bfc8c4e8faefab864e2a59' -> (Import Result ID: '283312b1c74aaf1e33ce7d189bbdecd2') in 0.001 seconds [static and dynamic dependencies]. Details - ImportResultOutputID=14500633f53365f44e8dd0f6306b600e DependenciesID=06c46eea8edb5c887445f18efe5dfd60 StaticDependenciesID=a119fcf41fde1e0bb5cbd8ec89938a88 
Importing 'GUID: 2b4c09693691e204a84dcc8446966a42 - Path: Assets/IndieMarc/TopDownDemo/Materials/Sprite3D-diffuse.shader' with importer (ShaderImporter)
Imported 'GUID: 2b4c09693691e204a84dcc8446966a42' -> (Import Result ID: 'c808db3d3761bd28a73b3b02645dc7d5') in 0.097 seconds [static and dynamic dependencies]. Details - ImportResultOutputID=f440176e41401c2507048c3dd0e61be8 DependenciesID=796eea232c32faa9f2fb9a6c58181c5f StaticDependenciesID=c95a17c79581ef6f1028c1e9e0d3b044 
Importing 'GUID: 3b21275fd12d65f49babb5286f040f2d - Path: Packages/com.unity.render-pipelines.core/Runtime/Debug/ProbeVolumeDebug.shader' with importer (ShaderImporter)
Imported 'GUID: 3b21275fd12d65f49babb5286f040f2d' -> (Import Result ID: 'c6595cddd6546d0bf65753e80ccb0dbe') in 0.007 seconds [static and dynamic dependencies]. Details - ImportResultOutputID=d601b59a918a1a587c16c690b1b651b3 DependenciesID=274625aa8486d888431b799e3af78334 StaticDependenciesID=6e85672334cd9852d624c72aaeee5012 
Importing 'GUID: 5bb2534d2411d344cbc54f880232640f - Path: Packages/com.unity.render-pipelines.core/Runtime/PathTracing/Environment/EnvironmentImportanceSamplingBuild.compute' with importer (ComputeShaderImporter)
Imported 'GUID: 5bb2534d2411d344cbc54f880232640f' -> (Import Result ID: '740fcfe1412724fdce34300eccae26f3') in 0.002 seconds [static and dynamic dependencies]. Details - ImportResultOutputID=789e6de11e7f1483006181306e17b5a6 DependenciesID=c74e1e1f41ffda260843b5498b4f7503 StaticDependenciesID=97750b9bfa662959a765e3e96a354298 
Importing 'GUID: 6bb382f7de370af41b775f54182e491d - Path: Packages/com.unity.render-pipelines.core/Editor/Lighting/ProbeVolume/ProbeVolumeCellDilation.compute' with importer (ComputeShaderImporter)
Imported 'GUID: 6bb382f7de370af41b775f54182e491d' -> (Import Result ID: '3f120701901cef544dc513d3cb7d268c') in 0.002 seconds [static and dynamic dependencies]. Details - ImportResultOutputID=bd4f2255cf4aaafe8cd637b67705f3ac DependenciesID=f60990957b1a6f8a22f54212a4d4347a StaticDependenciesID=bcd132e5c384935b3c01e4cafe99a70f 
Importing 'GUID: 7b3e6785f5f6b634794df3a85a2a35da - Path: Packages/com.unity.render-pipelines.universal/Shaders/Utils/ComputeScreenSpaceReflection.shader' with importer (ShaderImporter)
Imported 'GUID: 7b3e6785f5f6b634794df3a85a2a35da' -> (Import Result ID: 'ce398547ca52054d26a07042c4eb9da5') in 0.009 seconds [static and dynamic dependencies]. Details - ImportResultOutputID=3bdd04bb61478ad57e58c3d7bc71fd95 DependenciesID=b72a760cb0f40cb8d6dbfb051afd6778 StaticDependenciesID=61df8e4ceeb2bb393ef67ff60342bc1a 
Importing 'GUID: 7b3ede40266cd49a395def176e1bc486 - Path: Packages/com.unity.render-pipelines.universal/Shaders/ObjectMotionVectorFallback.shader' with importer (ShaderImporter)
Imported 'GUID: 7b3ede40266cd49a395def176e1bc486' -> (Import Result ID: '8b6d733d887398d6f8aa468cb9c47165') in 0.005 seconds [static and dynamic dependencies]. Details - ImportResultOutputID=3916da7f1789cf9040116997374d4c9d DependenciesID=d3a8c3f42c99a7382e89c0351d4747e9 StaticDependenciesID=9f2f1a98c854e8fcb826c1ef4d13cd01 
Importing 'GUID: 8ba6ac699baf35242857feaf27c9cc2a - Path: Packages/com.unity.render-pipelines.core/Tests/Editor/BufferCopyTest.compute' with importer (ComputeShaderImporter)
Imported 'GUID: 8ba6ac699baf35242857feaf27c9cc2a' -> (Import Result ID: 'df6b6384f4f6fc11e040067c1bd072d7') in 0.000 seconds [static and dynamic dependencies]. Details - ImportResultOutputID=1e56994442c0fe01d7ee4d9c1e062096 DependenciesID=f4e28d0324343270d12b1e72ba4dd388 StaticDependenciesID=cacf5d1f60bffcb4244460df972328c8 
Importing 'GUID: 8b69d394493d90648bb31414187ae4db - Path: Packages/com.unity.render-pipelines.core/Runtime/PathTracing/Shaders/ProbeOcclusionLightIndexMapping.compute' with importer (ComputeShaderImporter)
Imported 'GUID: 8b69d394493d90648bb31414187ae4db' -> (Import Result ID: '8f47ec46463bf5f8ed77ca0ba52e97b9') in 0.000 seconds [static and dynamic dependencies]. Details - ImportResultOutputID=8dcdcab7888e8ef6178245136e4e738e DependenciesID=44ddb3c2b8b00a9b058e7bcb7f697e64 StaticDependenciesID=4dc208e597c8c6b8580772538343adfd 
Importing 'GUID: 8b3d1e6f4c5a4d219a72f8e1c0b3d4a7 - Path: Packages/com.unity.render-pipelines.universal/Shaders/Utils/UIBackdropFilterComposite.shader' with importer (ShaderImporter)
Imported 'GUID: 8b3d1e6f4c5a4d219a72f8e1c0b3d4a7' -> (Import Result ID: 'ad0a538476b3a50ebcc511aef15e3117') in 0.004 seconds [static and dynamic dependencies]. Details - ImportResultOutputID=5daded44331e62888773b1d82be1db75 DependenciesID=2e501819c999f54796f73ba227f082ff StaticDependenciesID=65aba461e4824710f743ac2021f84648 
Importing 'GUID: bb86f1f0af829fd45b2ebddda1245c22 - Path: Packages/com.unity.render-pipelines.core/Editor/Lighting/ProbeVolume/ProbeVolumeSubdivide.compute' with importer (ComputeShaderImporter)
Imported 'GUID: bb86f1f0af829fd45b2ebddda1245c22' -> (Import Result ID: '30118ac7c879320a945288cc90693a7e') in 0.002 seconds [static and dynamic dependencies]. Details - ImportResultOutputID=15af9a1da4d4b27e55f478a5b5a754c3 DependenciesID=e35d0e0c66fa11a1696990bd3da901ee StaticDependenciesID=25975289a7ad18504de59c9057086755 
Importing 'GUID: db8bd7436dc2c5f4c92655307d198381 - Path: Packages/com.unity.render-pipelines.core/Runtime/Debug/ProbeVolumeOffsetDebug.shader' with importer (ShaderImporter)
Imported 'GUID: db8bd7436dc2c5f4c92655307d198381' -> (Import Result ID: 'e9b458cb8fb3bd1311228a93c2f8160e') in 0.003 seconds [static and dynamic dependencies]. Details - ImportResultOutputID=1c07b89a6e5deb95c8dea889120648f7 DependenciesID=0500d52c7d888512aa5bd29beb05d07d StaticDependenciesID=5ea813a53faa5de5efc7c9b394814b8e 
Importing 'GUID: 0ca6dca7396eb48e5849247ffd444914 - Path: Packages/com.unity.render-pipelines.universal/Shaders/BakedLit.shader' with importer (ShaderImporter)
Imported 'GUID: 0ca6dca7396eb48e5849247ffd444914' -> (Import Result ID: '854f09234db6bd67cab2d81685cc10e2') in 0.018 seconds [static and dynamic dependencies]. Details - ImportResultOutputID=11137fcd2ddb1e5ad1ecca66f66e22c3 DependenciesID=2819b9ae22bbf2bec5b61e7edd730676 StaticDependenciesID=535f8891d4c89024a88cc5f6b47c830d 
Importing 'GUID: 5caf62d8bd7c44596ace77ef9eb8ea31 - Path: Packages/com.unity.shadergraph/Editor/Resources/Shaders/Checkerboard.shader' with importer (ShaderImporter)
Imported 'GUID: 5caf62d8bd7c44596ace77ef9eb8ea31' -> (Import Result ID: '9e1975159d85cebf221c03a9a5e5fc07') in 0.002 seconds [static and dynamic dependencies]. Details - ImportResultOutputID=391c6686cc9b084dde149c555befaeac DependenciesID=cbcf61240104514712f221b7ec9b6fb0 StaticDependenciesID=883896a8906a5d70853acd2c67198812 
Importing 'GUID: 6cda457ac28612740adb23da5d39ea92 - Path: Packages/com.unity.render-pipelines.universal/Shaders/PostProcessing/LensFlareDataDriven.shader' with importer (ShaderImporter)
Imported 'GUID: 6cda457ac28612740adb23da5d39ea92' -> (Import Result ID: '413019c79c23066a07c73416acc2767b') in 0.011 seconds [static and dynamic dependencies]. Details - ImportResultOutputID=98d8ba0a0df580288b0cfdf525eed6c1 DependenciesID=37ebd8f8acbb60caf5d51d9e04658a81 StaticDependenciesID=e548e9ea60e3c1304cd133784e9e3223 
Importing 'GUID: 7c302ee1d7410a6458981a5f329520b4 - Path: Packages/com.unity.render-pipelines.universal/Runtime/RendererFeatures/SurfaceCacheGIRendererFeature/ScreenResolveUpsampling.compute' with importer (ComputeShaderImporter)
Imported 'GUID: 7c302ee1d7410a6458981a5f329520b4' -> (Import Result ID: '73747afb4366b1ce3f2b241222c7c3bf') in 0.004 seconds [static and dynamic dependencies]. Details - ImportResultOutputID=6da11d7e3d224039bebf3382cd9aebe3 DependenciesID=0a8cc44a0a9d0b320855683ad46b4498 StaticDependenciesID=caaf2f6696ba99bd86815d24c939e2a5 
Importing 'GUID: 7cce01e3b2c07a34b8a6cfa8dcd99d0b - Path: Packages/com.unity.render-pipelines.core/Tests/Runtime/Threading/FunctionTestsWave.compute' with importer (ComputeShaderImporter)
Imported 'GUID: 7cce01e3b2c07a34b8a6cfa8dcd99d0b' -> (Import Result ID: '8e23baa4fd48e741f6a72233f3a451dd') in 0.004 seconds [static and dynamic dependencies]. Details - ImportResultOutputID=b132e52d200654f62b20c501b0380e5f DependenciesID=b5ca01200c10c97ea17c5b27edd74f95 StaticDependenciesID=64c8d63bacb11238af3c8d38f94335b5 
Importing 'GUID: 8c3bb6de0c0e7c047b65c077249507e5 - Path: Packages/com.unity.render-pipelines.universal/Shaders/2D/Mesh2D-Unlit-Default.shader' with importer (ShaderImporter)
Imported 'GUID: 8c3bb6de0c0e7c047b65c077249507e5' -> (Import Result ID: '796fe391da03d787f36fca8f74f1e357') in 0.006 seconds [static and dynamic dependencies]. Details - ImportResultOutputID=47937177abebf78f516d7f07bd006eb3 DependenciesID=24859bfc18c1425d751507a2d5469677 StaticDependenciesID=bc8e472e0597e934be3ce23d976017a3 
Importing 'GUID: 8c3ee818f2efa514c889881ccb2e95a2 - Path: Packages/com.unity.render-pipelines.universal/Shaders/Utils/StencilDitherMaskSeed.shader' with importer (ShaderImporter)
Imported 'GUID: 8c3ee818f2efa514c889881ccb2e95a2' -> (Import Result ID: 'f8d64ade301aed9e2ac1db96be4b6335') in 0.004 seconds [static and dynamic dependencies]. Details - ImportResultOutputID=eb8b6df6cd95dd6d5a1c124d1787345a DependenciesID=63c9dda90654d401498b65b949cf9731 StaticDependenciesID=daf4b620001283178ee07192e8c4a8c9 
Importing 'GUID: 9c70c1a35ff15f340b38ea84842358bf - Path: Packages/com.unity.render-pipelines.universal/Shaders/PostProcessing/TemporalAA.shader' with importer (ShaderImporter)
Imported 'GUID: 9c70c1a35ff15f340b38ea84842358bf' -> (Import Result ID: 'b1890b7bc55a9e534711cd5a994ba6f0') in 0.010 seconds [static and dynamic dependencies]. Details - ImportResultOutputID=f3c658b2679d6afe34cc8d2ebad13d73 DependenciesID=19eb8ee1ee0c7f95bcec422dee11c45a StaticDependenciesID=6b2f7802adfc424a167dd0a23e0a8bba 
Importing 'GUID: 9c442dc870b456e48b615cd8add0e9ef - Path: Packages/com.unity.ugui/Editor Resources/Shaders/TMP_SDF Internal Editor.shader' with importer (ShaderImporter)
Imported 'GUID: 9c442dc870b456e48b615cd8add0e9ef' -> (Import Result ID: '1aae97d2303e8a3ced5b02353d0cae4c') in 0.002 seconds [static and dynamic dependencies]. Details - ImportResultOutputID=217ae37ec1a2551cd23c1f2dfd06aa4a DependenciesID=08335154e25450756a860910f22d7b94 StaticDependenciesID=44e1e3cc417c08023b5102c2d5784f16 
Importing 'GUID: ace59f7f124432f4f923bd3bfa93e0ad - Path: Packages/com.unity.render-pipelines.universal/Tests/Editor/PostProcessDataTests/2.shader' with importer (ShaderImporter)
Imported 'GUID: ace59f7f124432f4f923bd3bfa93e0ad' -> (Import Result ID: 'b6a35035bd0b65eec38218fd52b60812') in 0.097 seconds [static and dynamic dependencies]. Details - ImportResultOutputID=95ae2804fbcc532fd853cd456448a678 DependenciesID=90a1526801acb3a1aac6837953bdf36b StaticDependenciesID=45b5b79185e619dc85aac29992d33a22 
Importing 'GUID: ccc7ffe6cf9c542919823f6486edde9d - Path: Packages/com.unity.render-pipelines.core/Runtime/PathTracing/Shaders/Lightmapping/ChartRasterizerHardware.shader' with importer (ShaderImporter)
Imported 'GUID: ccc7ffe6cf9c542919823f6486edde9d' -> (Import Result ID: '5d6d6af38e502f43cfee4567161bc94c') in 0.004 seconds [static and dynamic dependencies]. Details - ImportResultOutputID=f71b3332c4bfef92d2b25e6e3cee5616 DependenciesID=f0dc35ad409efd3cc3e6137824e961a4 StaticDependenciesID=f12af1ac87fbfb17cbe38352d57713f7 
Importing 'GUID: ec9fec698a3456d4fb18cf8bacb7a2bc - Path: Packages/com.unity.render-pipelines.universal/Shaders/PostProcessing/LutBuilderHdr.shader' with importer (ShaderImporter)
Imported 'GUID: ec9fec698a3456d4fb18cf8bacb7a2bc' -> (Import Result ID: 'ae6b9b9cc168608ecb8029b1e29de6e5') in 0.004 seconds [static and dynamic dependencies]. Details - ImportResultOutputID=2ac67127db2d3651d96216d5a4a9d0c3 DependenciesID=1d8f1fbf134f1cd0c23d6aa7bf79b236 StaticDependenciesID=30ce9e1aaef1a398bef63b78151ea75f 
Importing 'GUID: 0d0f817524897904ba47a6a1d55e7668 - Path: Packages/com.unity.render-pipelines.universal/Editor/Overrides/Shaders/CurveBackground.shader' with importer (ShaderImporter)
Imported 'GUID: 0d0f817524897904ba47a6a1d55e7668' -> (Import Result ID: 'f9347ad42374732a118c02eb1c16e800') in 0.002 seconds [static and dynamic dependencies]. Details - ImportResultOutputID=a4485fdfc513c2d8036543532c1d4672 DependenciesID=64e53118d621e55be9b00acc14f4658b StaticDependenciesID=6e609312ad2482f049b813b8a9bd13d9 
Importing 'GUID: 2d70cd6be91bd7843a39a54b51c15b13 - Path: Packages/com.unity.render-pipelines.core/Runtime/UnifiedRayTracing/Compute/RadeonRays/kernels/build_hlbvh.compute' with importer (ComputeShaderImporter)
Imported 'GUID: 2d70cd6be91bd7843a39a54b51c15b13' -> (Import Result ID: '287aae5f0ec06976bb61af1b4a859651') in 0.001 seconds [static and dynamic dependencies]. Details - ImportResultOutputID=823bcc4e1c62b6889e42b07c2491b487 DependenciesID=1ac7eec0a01fcde5f568f01918273ecf StaticDependenciesID=c5f1b812606adf8628065eafc1060601 
Importing 'GUID: 2df96b66b5510f94b98df2ac6f926ef4 - Path: Packages/com.unity.render-pipelines.core/Editor/Gizmo/UnlitGizmo.shader' with importer (ShaderImporter)
Imported 'GUID: 2df96b66b5510f94b98df2ac6f926ef4' -> (Import Result ID: '9c657f279b5aeead26eba887f8103f36') in 0.001 seconds [static and dynamic dependencies]. Details - ImportResultOutputID=2db374aa2e2092fd3be61a41663356ea DependenciesID=29ea44883abd4466abf6ca1e2617960e StaticDependenciesID=095e2b7ef4e0619fa57cf65215d546e0 
Importing 'GUID: 3d9fc4c0ae8e22f49a8ebefad82718d9 - Path: Packages/com.unity.render-pipelines.universal/Runtime/RendererFeatures/SurfaceCacheGIRendererFeature/PatchAllocation.compute' with importer (ComputeShaderImporter)
Imported 'GUID: 3d9fc4c0ae8e22f49a8ebefad82718d9' -> (Import Result ID: 'fa8d2d0e023d49b9e33a2a5d7a9aac56') in 0.002 seconds [static and dynamic dependencies]. Details - ImportResultOutputID=cf84fbeaf55ef8888ea616b8a5a64ca7 DependenciesID=404f7cdebdbd56f19048b8cb88160fff StaticDependenciesID=7178e3fe5a0b21f96174f06eef896844 
Importing 'GUID: 4d40202dfa5473d44bcdc97e00d74703 - Path: Packages/com.unity.render-pipelines.universal/Runtime/RendererFeatures/SurfaceCacheGIRendererFeature/Debug.compute' with importer (ComputeShaderImporter)
Imported 'GUID: 4d40202dfa5473d44bcdc97e00d74703' -> (Import Result ID: '1af909ed7eb948884c6fc3953c0e9c01') in 0.002 seconds [static and dynamic dependencies]. Details - ImportResultOutputID=c447072dad5dad9f4e929c4b8b296fdc DependenciesID=cd6de4d4bbab0eddf3d9dedff9f45860 StaticDependenciesID=b76353bee55ccfc3bdd9be9017267022 
Importing 'GUID: 4d271c06564c6784392d81f949558e5c - Path: Packages/com.unity.render-pipelines.universal/Runtime/RendererFeatures/SurfaceCacheGIRendererFeature/ScreenResolveLookup.compute' with importer (ComputeShaderImporter)
Imported 'GUID: 4d271c06564c6784392d81f949558e5c' -> (Import Result ID: 'f8ae18e8dfd2c5966922e72cea0f3fc2') in 0.002 seconds [static and dynamic dependencies]. Details - ImportResultOutputID=c1eb9b6211b9bc4189bd8c38cb109a97 DependenciesID=66201ded955e6909e5cf210f775760fd StaticDependenciesID=20543fd6aa906dfe68eb2d7831291f29 
Importing 'GUID: 4d6d5de35fa45ef4a92119397a045cc9 - Path: Packages/com.unity.render-pipelines.core/Runtime/UnifiedRayTracing/Compute/RadeonRays/kernels/block_scan.compute' with importer (ComputeShaderImporter)
Imported 'GUID: 4d6d5de35fa45ef4a92119397a045cc9' -> (Import Result ID: 'f7b600812126797fce7c5997c6a02b0a') in 0.000 seconds [static and dynamic dependencies]. Details - ImportResultOutputID=6ef8d07ba88484913119d3dbab504fb5 DependenciesID=2c98a4db4c21f63017b738d9b74027a9 StaticDependenciesID=09616adc1072034db2c3ee0b5ab51b39 
Importing 'GUID: 8d2bb70cbf9db8d4da26e15b26e74248 - Path: Packages/com.unity.render-pipelines.universal/Shaders/SimpleLit.shader' with importer (ShaderImporter)
Imported 'GUID: 8d2bb70cbf9db8d4da26e15b26e74248' -> (Import Result ID: 'd684240ba1f79d8fd375b08aded0873b') in 0.019 seconds [static and dynamic dependencies]. Details - ImportResultOutputID=9dcf94140e699c18080e5b13005c68dc DependenciesID=70400ad5527415d107133398c787027e StaticDependenciesID=b1e181c9316202b7dd7e76fcf2a7c1dc 
Importing 'GUID: fde76746e4fd0ed418c224f6b4084114 - Path: Packages/com.unity.render-pipelines.core/Runtime/RenderPipelineResources/GPUDriven/InstanceWindDataUpdateKernels.compute' with importer (ComputeShaderImporter)
Imported 'GUID: fde76746e4fd0ed418c224f6b4084114' -> (Import Result ID: '142d6f61d2df579ed31803e3c4b83690') in 0.001 seconds [static and dynamic dependencies]. Details - ImportResultOutputID=ca79588975b8fe0223d574a3eb174a90 DependenciesID=310456b89f898686084287b0f26f75ab StaticDependenciesID=aeb6b29717e07a05309d82353f0dd6a7 
Importing 'GUID: 0e79c0fbcc6ffc642834ff60779ad086 - Path: Packages/com.unity.render-pipelines.universal/Shaders/Utils/GTAO.compute' with importer (ComputeShaderImporter)
Imported 'GUID: 0e79c0fbcc6ffc642834ff60779ad086' -> (Import Result ID: 'b21fbab87cfa0bcebec3d2af1b072a66') in 0.004 seconds [static and dynamic dependencies]. Details - ImportResultOutputID=8e8409e35b5081011e487c73e67acd39 DependenciesID=24952f91931f4833bff3f94c8840ca33 StaticDependenciesID=8593d238f98dec3e55a0a8eef3330fca 
Importing 'GUID: 1edcd131364091c46a17cbff0b1de97a - Path: Packages/com.unity.render-pipelines.universal/Shaders/PostProcessing/CameraMotionBlur.shader' with importer (ShaderImporter)
Imported 'GUID: 1edcd131364091c46a17cbff0b1de97a' -> (Import Result ID: 'ed72a81c12add20aa3cfd6d0ba5ec2f1') in 0.009 seconds [static and dynamic dependencies]. Details - ImportResultOutputID=2283d1c3653c808a906bbfc1a9dcc015 DependenciesID=9c24d7f039665e94138af6172fe7da25 StaticDependenciesID=ea1dc7b5ff3975de59694f60e979fecf 
Importing 'GUID: 4e90a8289da1f3943885176e4f83e35c - Path: Packages/com.unity.render-pipelines.universal/Shaders/2D/Mesh2D-Lit-Default.shader' with importer (ShaderImporter)
Imported 'GUID: 4e90a8289da1f3943885176e4f83e35c' -> (Import Result ID: '1abce5d0fc77736a95f14069bf4b3a55') in 0.005 seconds [static and dynamic dependencies]. Details - ImportResultOutputID=054f78ce3761b69144560ba02da4c907 DependenciesID=99f69fc59bc62db56b4159489ae3682f StaticDependenciesID=e02620ab6d384e65b9d3c0c60063cb1e 
Importing 'GUID: 4e034cc8ea2635c4e9f063e5ddc7ea7a - Path: Packages/com.unity.render-pipelines.core/Runtime/UnifiedRayTracing/Compute/RadeonRays/kernels/block_reduce_part.compute' with importer (ComputeShaderImporter)
Imported 'GUID: 4e034cc8ea2635c4e9f063e5ddc7ea7a' -> (Import Result ID: 'e2590241a4ff44db11442865cdfd4a25') in 0.001 seconds [static and dynamic dependencies]. Details - ImportResultOutputID=3062bd9c6595b22ab7016a2d300e456a DependenciesID=1d50b3a938bd0b90c5ffa50b84283a57 StaticDependenciesID=61ecada1b20f58ebd00621b832042dde 
Importing 'GUID: 5e7134d6e63e0bc47a1dd2669cedb379 - Path: Packages/com.unity.render-pipelines.universal/Shaders/PostProcessing/GaussianDepthOfField.shader' with importer (ShaderImporter)
Imported 'GUID: 5e7134d6e63e0bc47a1dd2669cedb379' -> (Import Result ID: '70ddd5a9fcb27c96fe4bc6956dc83920') in 0.008 seconds [static and dynamic dependencies]. Details - ImportResultOutputID=26a1e9896e8fa5dffd3a4bb719e2a537 DependenciesID=fe62e913b673bcd7b12749f51b8f2000 StaticDependenciesID=6e15655e31fcc1b2caa8582b5dab0e0f 
Importing 'GUID: 5ec81c81908db34429b4f6ddecadd3bd - Path: Packages/com.unity.render-pipelines.universal/Shaders/Nature/SpeedTree7Billboard.shader' with importer (ShaderImporter)
Imported 'GUID: 5ec81c81908db34429b4f6ddecadd3bd' -> (Import Result ID: '166c5cf53ea78936735e37b89584b558') in 0.016 seconds [static and dynamic dependencies]. Details - ImportResultOutputID=27ec32b39486faccbd3007907fd5309d DependenciesID=9718acdac48d81aed5999eeab2d13833 StaticDependenciesID=122c89f3cdeb17319dc86cd8663de8c2 
Importing 'GUID: 5efaea0e81c66334aa9d062d6573e6fd - Path: Packages/com.unity.render-pipelines.core/Runtime/PathTracing/Shaders/SetAlphaChannel.compute' with importer (ComputeShaderImporter)
Imported 'GUID: 5efaea0e81c66334aa9d062d6573e6fd' -> (Import Result ID: '07cde7b2a7a71c8df60b6870d8e742f3') in 0.001 seconds [static and dynamic dependencies]. Details - ImportResultOutputID=3d0f35cddcedea96586cd5ff6b717cc5 DependenciesID=7d1a1e0987dbc6c71f4509dcef700188 StaticDependenciesID=5b53db9a619358277c49aed05ab57907 
Importing 'GUID: 5e4da360906ed014eb18ce666f57cc46 - Path: Packages/com.unity.render-pipelines.core/Runtime/PathTracing/Shaders/PassthroughSkybox.shader' with importer (ShaderImporter)
Imported 'GUID: 5e4da360906ed014eb18ce666f57cc46' -> (Import Result ID: 'f53bd821c0f1d0d28075371099020a22') in 0.002 seconds [static and dynamic dependencies]. Details - ImportResultOutputID=152fe685fed406ed1189906d994ccc92 DependenciesID=30fdaa917bb57c01c67760c5efe631e7 StaticDependenciesID=80fc557b946b9531a1c535652d911885 
Importing 'GUID: ce09d4a80b88c5a4eb9768fab4f1ee00 - Path: Packages/com.unity.render-pipelines.universal/Shaders/2D/Shadow2D-Projected.shader' with importer (ShaderImporter)
Imported 'GUID: ce09d4a80b88c5a4eb9768fab4f1ee00' -> (Import Result ID: 'c9be71591df13c48ef96af2fc059c7ad') in 0.005 seconds [static and dynamic dependencies]. Details - ImportResultOutputID=993748dfd9ae568889aefc5f83cdfa0a DependenciesID=10c1a1e4f3f1a6948888e1ad7c73800a StaticDependenciesID=4492ee9cc12fc541ce27ebf8d448cbc0 
Importing 'GUID: de02b375720b5c445afe83cd483bedf3 - Path: Packages/com.unity.render-pipelines.universal/Shaders/2D/Shadow2D-Unshadow-Sprite.shader' with importer (ShaderImporter)
Imported 'GUID: de02b375720b5c445afe83cd483bedf3' -> (Import Result ID: '82c18784f923b896892dddcc604196ff') in 0.005 seconds [static and dynamic dependencies]. Details - ImportResultOutputID=6fbb9587052abd1424cac33aef092efe DependenciesID=36765dbbdc32a07576e9e14e5507a686 StaticDependenciesID=530146817915a9dd2c07d96080b9afc5 
Importing 'GUID: ee7e4c9a5f6364b688a332c67fc32cca - Path: Packages/com.unity.render-pipelines.universal/Shaders/ComplexLit.shader' with importer (ShaderImporter)
Imported 'GUID: ee7e4c9a5f6364b688a332c67fc32cca' -> (Import Result ID: 'efb17a674317c3c11479c2a735469b86') in 0.022 seconds [static and dynamic dependencies]. Details - ImportResultOutputID=ae07f1468d913ac6b80952079c795a13 DependenciesID=949e9b3cab43c48ce69d54ae2972c6fb StaticDependenciesID=84c88d490226a0ac5632d013cfa26f14 
Importing 'GUID: fe4f13c1004a07d4ea1e30bfd0326d9e - Path: Packages/com.unity.render-pipelines.universal/Runtime/RendererFeatures/OnTileUberPost.shader' with importer (ShaderImporter)
Imported 'GUID: fe4f13c1004a07d4ea1e30bfd0326d9e' -> (Import Result ID: 'ffe9ac90d9b0951a4c62443223349743') in 0.016 seconds [static and dynamic dependencies]. Details - ImportResultOutputID=b9b3b15f7fd03c22873a819d8abbca29 DependenciesID=e6719fdcde21faeafcdc9b5b9f278177 StaticDependenciesID=38aa785d97c943327ef9f6d814852fd5 
Importing 'GUID: 0f4122b9a743b744abe2fb6a0a88868b - Path: Packages/com.unity.render-pipelines.universal/Shaders/Nature/SpeedTree7.shader' with importer (ShaderImporter)
Imported 'GUID: 0f4122b9a743b744abe2fb6a0a88868b' -> (Import Result ID: 'f74f3b5fc0af0b2055e8e0cc057e0165') in 0.023 seconds [static and dynamic dependencies]. Details - ImportResultOutputID=d21e8bcb128ee66642813b35f26ffe3a DependenciesID=27a65e346487049c4ad61bb61acb0c3e StaticDependenciesID=df6455e7c1940810cb50c95a61a1b1aa 
Importing 'GUID: 0f854b35a0cf61a429bd5dcfea30eddd - Path: Packages/com.unity.render-pipelines.universal/Shaders/Utils/ScreenSpaceShadows.shader' with importer (ShaderImporter)
Imported 'GUID: 0f854b35a0cf61a429bd5dcfea30eddd' -> (Import Result ID: '3f81ec1ab19ce1f4190a61cb3d1de674') in 0.005 seconds [static and dynamic dependencies]. Details - ImportResultOutputID=147b9bce2ba25ece205aee1d3adbf940 DependenciesID=053e042d595d7e9dc42e3230e97ccbf4 StaticDependenciesID=318539a9cc841fe39493635da601e809 
Importing 'GUID: 3f6c848ca3d7bca4bbe846546ac701a1 - Path: Packages/com.unity.render-pipelines.universal/Shaders/2D/Light2D.shader' with importer (ShaderImporter)
Imported 'GUID: 3f6c848ca3d7bca4bbe846546ac701a1' -> (Import Result ID: '5119bc6ed18ea3dc95ceb636c0443ed3') in 0.004 seconds [static and dynamic dependencies]. Details - ImportResultOutputID=d790ac08664a9a44dad84aaa17569336 DependenciesID=b855039bdc907d27a4af6a61098b874e StaticDependenciesID=d880abda643c5e4de02ca26545bd41c4 
Importing 'GUID: 5f1864addb451f54bae8c86d230f736e - Path: Packages/com.unity.render-pipelines.universal/Shaders/PostProcessing/Bloom.shader' with importer (ShaderImporter)
Imported 'GUID: 5f1864addb451f54bae8c86d230f736e' -> (Import Result ID: '288d497cae650bc5d78f68adcf3f342c') in 0.015 seconds [static and dynamic dependencies]. Details - ImportResultOutputID=9e559e4b8de3770c29636779e3b99a39 DependenciesID=3828dd70be3e9378ab9513eca6bd5469 StaticDependenciesID=de0fbdb54716c282165ad24e6cb6c0e6 
Importing 'GUID: 5fd9a8feb75a4b5894c241777f519d4e - Path: Packages/com.unity.render-pipelines.universal/Shaders/Utils/MaterialError.shader' with importer (ShaderImporter)
Imported 'GUID: 5fd9a8feb75a4b5894c241777f519d4e' -> (Import Result ID: '0655b3644909ed6007a87857752ca846') in 0.004 seconds [static and dynamic dependencies]. Details - ImportResultOutputID=c74ac71e6659d751211087444254f3d0 DependenciesID=d0754884f010c639905c89fe9994af5a StaticDependenciesID=976e4900f33b4dfd9485c74a2253c905 
Importing 'GUID: 7f888aff2ac86494babad1c2c5daeee2 - Path: Packages/com.unity.render-pipelines.universal/Shaders/Utils/FallbackLoading.shader' with importer (ShaderImporter)
Imported 'GUID: 7f888aff2ac86494babad1c2c5daeee2' -> (Import Result ID: '2b6113d8fde85870aaaabfee8963d743') in 0.003 seconds [static and dynamic dependencies]. Details - ImportResultOutputID=5aa5a1587ea6e601f1c6111894b7f7fa DependenciesID=e20a5d0eae540ceb08c328c0b1138de8 StaticDependenciesID=3110efd0a7bad11963d0e6936a91b1b2 
Importing 'GUID: 8fbe92a9edfe6074e841d6dd1509bc59 - Path: Packages/com.unity.render-pipelines.universal/Shaders/Terrain/TerrainLitBasemapGen.shader' with importer (ShaderImporter)
Imported 'GUID: 8fbe92a9edfe6074e841d6dd1509bc59' -> (Import Result ID: '6397036572c508d9667606e960a0e15a') in 0.010 seconds [static and dynamic dependencies]. Details - ImportResultOutputID=fe2fd15b5115ed84d2585b6c5f94ba62 DependenciesID=113a08d1a0be7361677178943674707b StaticDependenciesID=b308d40846e37231409ba54ca86d1ba0 
Importing 'GUID: bf54e6528c79a224e96346799064c393 - Path: Packages/com.unity.render-pipelines.core/Runtime/Debug/ProbeVolumeSamplingDebug.shader' with importer (ShaderImporter)
Imported 'GUID: bf54e6528c79a224e96346799064c393' -> (Import Result ID: 'da31f475c870150463b03f959298c7a4') in 0.006 seconds [static and dynamic dependencies]. Details - ImportResultOutputID=209d421e6f31e25d276f81d2f59e8398 DependenciesID=c39df1d24c4d22d69c6e79cd6c736721 StaticDependenciesID=a524b584dbf69e5b9a32912df26af13a 
Importing 'GUID: cf852408f2e174538bcd9b7fda1c5ae7 - Path: Packages/com.unity.render-pipelines.universal/Shaders/Debug/DebugReplacement.shader' with importer (ShaderImporter)
Imported 'GUID: cf852408f2e174538bcd9b7fda1c5ae7' -> (Import Result ID: '312c13ddc47820ae7275858eb56417b4') in 0.008 seconds [static and dynamic dependencies]. Details - ImportResultOutputID=dccc488ae65a9627ca88c518c1958f3e DependenciesID=a0e3124abf9a79aead8df3df914885d4 StaticDependenciesID=c6922ac31b7c3dd1b0aa94243b4399f2 
Importing 'GUID: 288222b991fd00440a5577a610510cc9 - Path: Assets/IndieMarc/PlatformerDemo/Tilemap/Tilemap.mat' with importer (NativeFormatImporter)
Imported 'GUID: 288222b991fd00440a5577a610510cc9' -> (Import Result ID: '599b30cc35bb9d4813efb470b750b437') in 0.001 seconds [static dependencies only]. Details - ImportResultOutputID=0f74f7bf25ae6f38c960fc0b0496a7d1 DependenciesID=91dfc8e069a3412869a4c4e3dd549192 StaticDependenciesID=94fd9f880c8ae3c3d1679560fe6638d1 
Importing 'GUID: 1062c701058745940ae5dca6219c64c8 - Path: Packages/com.unity.searcher/Editor/Resources/FlatSkin/Font/Roboto-Black.ttf' with importer (TrueTypeFontImporter)
Imported 'GUID: 1062c701058745940ae5dca6219c64c8' -> (Import Result ID: '9f4e64ee0e48f94b10b5dc859363bf1b') in 0.008 seconds [static and dynamic dependencies]. Details - ImportResultOutputID=e30303389e25c719bef386a07278fa0b DependenciesID=2e76fa0f890c8635f330476835fcafa3 StaticDependenciesID=e2ee45bc9bda40848d894b5d925d8fb9 
Importing 'GUID: 30dc370b164eefc43b95744fc796dad0 - Path: Packages/com.unity.searcher/Editor/Resources/FlatSkin/Font/Roboto-Regular.ttf' with importer (TrueTypeFontImporter)
Imported 'GUID: 30dc370b164eefc43b95744fc796dad0' -> (Import Result ID: '45ddd7a3da3835b67ecc1e5b93bada27') in 0.004 seconds [static and dynamic dependencies]. Details - ImportResultOutputID=3aa95c1d19a03c3517f4e3d7c3be9fc5 DependenciesID=6fa546ad9a1f90a11937652b3f925eff StaticDependenciesID=0fd19dd781a863feb1d43c38a03c03b7 
Importing 'GUID: 9229ae5dbc38f488d921156ff75869e9 - Path: Packages/com.unity.collab-proxy/Editor/Assets/Fonts/Cascadia.ttf' with importer (TrueTypeFontImporter)
Imported 'GUID: 9229ae5dbc38f488d921156ff75869e9' -> (Import Result ID: '1b14e1edeec4448fbd27edc59be4aaa2') in 0.001 seconds [static and dynamic dependencies]. Details - ImportResultOutputID=7d998c810d727331c5bfef29ffaaf03d DependenciesID=1968b2bd403d4d836dcb6d7f666acb23 StaticDependenciesID=cc9ce94a1164c144a8252bc1800805ff 
Importing 'GUID: b2ea3b3f1765e544b9eb5bd1a93a91ce - Path: Packages/com.unity.searcher/Editor/Resources/FlatSkin/Font/Roboto-ThinItalic.ttf' with importer (TrueTypeFontImporter)
Imported 'GUID: b2ea3b3f1765e544b9eb5bd1a93a91ce' -> (Import Result ID: '0cf6d4a27f47042485a105de9a519a01') in 0.001 seconds [static and dynamic dependencies]. Details - ImportResultOutputID=ae406f7c5175f3f538a8fc31f869ffbc DependenciesID=a01be764ed6b17df1a890a2834d083e6 StaticDependenciesID=6ac72b2ae289ee9d0cc264d84a9b476e 
Importing 'GUID: a51a3aebb43ac044989270407476b208 - Path: Packages/com.unity.searcher/Editor/Resources/FlatSkin/Font/Roboto-Medium.ttf' with importer (TrueTypeFontImporter)
Imported 'GUID: a51a3aebb43ac044989270407476b208' -> (Import Result ID: '7fefd22233bb6ad8d050079950d3d1f5') in 0.001 seconds [static and dynamic dependencies]. Details - ImportResultOutputID=f2572a08ce5730d51eb132ee34da70a9 DependenciesID=21b625a2aa524d3f2e3fb415464ba8b3 StaticDependenciesID=6957315c8c97bb873c907db8e06905d2 
Importing 'GUID: 3750c318f40cab44a97d3a81beaefeb3 - Path: Packages/com.unity.searcher/Editor/Resources/FlatSkin/Font/Roboto-Bold.ttf' with importer (TrueTypeFontImporter)
Imported 'GUID: 3750c318f40cab44a97d3a81beaefeb3' -> (Import Result ID: '06068cf1c8f9f68984b1858b77fe8bcf') in 0.001 seconds [static and dynamic dependencies]. Details - ImportResultOutputID=1a104907eb4998228d8dd947763a0273 DependenciesID=465463d8ae9fc6d29a13270bfb7841f3 StaticDependenciesID=9bb3d539eef24e8b0dd3cbf283efc462 
Importing 'GUID: c839255fc8f6b4b4d90bf8c1af9f9bd1 - Path: Packages/com.unity.searcher/Editor/Resources/FlatSkin/Font/Roboto-Italic.ttf' with importer (TrueTypeFontImporter)
Imported 'GUID: c839255fc8f6b4b4d90bf8c1af9f9bd1' -> (Import Result ID: '3e906f9f5d88194aa0f863dfe6e06196') in 0.001 seconds [static and dynamic dependencies]. Details - ImportResultOutputID=cfaba81e8a8660a0b0f63349e130cece DependenciesID=024a9e0ff51a8695c76e6d1c596e2440 StaticDependenciesID=7d0701264bdfa847d1c516a465d5e94b 
Importing 'GUID: 19a9abb883540be48b75b951a927ae03 - Path: Packages/com.unity.searcher/Editor/Resources/FlatSkin/Font/Roboto-Thin.ttf' with importer (TrueTypeFontImporter)
Imported 'GUID: 19a9abb883540be48b75b951a927ae03' -> (Import Result ID: 'ff27fecd9659e9c30668b1186c288033') in 0.001 seconds [static and dynamic dependencies]. Details - ImportResultOutputID=21fda2836c64c8f851d39d9acea80bd4 DependenciesID=317a7ede5acd4500c4f88f425cce1ace StaticDependenciesID=120c69c735606fd062d8aabd1d87c7b1 
Importing 'GUID: d93c1bc57fdf1ac4dad1bf04fac05464 - Path: Packages/com.unity.searcher/Editor/Resources/FlatSkin/Font/Roboto-MediumItalic.ttf' with importer (TrueTypeFontImporter)
Imported 'GUID: d93c1bc57fdf1ac4dad1bf04fac05464' -> (Import Result ID: '3978a1de0f767093edf8cbbeba101b62') in 0.001 seconds [static and dynamic dependencies]. Details - ImportResultOutputID=88a1115d5784b377afba34e34fed4755 DependenciesID=73cbd3328d64f0eb37ad54b9a7fbeb66 StaticDependenciesID=420044756eb173f6c2b4c23a6fefdeb5 
Importing 'GUID: f95147a9bab9fe649b8070170fa7ebd2 - Path: Packages/com.unity.searcher/Editor/Resources/FlatSkin/Font/Roboto-BlackItalic.ttf' with importer (TrueTypeFontImporter)
Imported 'GUID: f95147a9bab9fe649b8070170fa7ebd2' -> (Import Result ID: '5b167fc36dc4b004e4cec5733290c428') in 0.001 seconds [static and dynamic dependencies]. Details - ImportResultOutputID=d29bdbc2aa297e1efaed29fdfa535c04 DependenciesID=3dc8604348b2a59dc623353ca384d030 StaticDependenciesID=ee088453025ff54ae6b73b4b49c3df68 
Importing 'GUID: 2a29e27936eb547458f646f71125b264 - Path: Packages/com.unity.searcher/Editor/Resources/FlatSkin/Font/Roboto-Light.ttf' with importer (TrueTypeFontImporter)
Imported 'GUID: 2a29e27936eb547458f646f71125b264' -> (Import Result ID: 'a7655c3094e44653183d14c53cbadb68') in 0.001 seconds [static and dynamic dependencies]. Details - ImportResultOutputID=93f089457806e43fcc53353fd81957d9 DependenciesID=2d6aa368f7ba2c787535d35a14255ed1 StaticDependenciesID=8161905d774a5baf9244ac79bcd2f861 
Importing 'GUID: 5e63515167650a541b309ba3bfd4db3d - Path: Packages/com.unity.searcher/Editor/Resources/FlatSkin/Font/Roboto-LightItalic.ttf' with importer (TrueTypeFontImporter)
Imported 'GUID: 5e63515167650a541b309ba3bfd4db3d' -> (Import Result ID: '6d47786b3cb0129143ee30172d6528bc') in 0.001 seconds [static and dynamic dependencies]. Details - ImportResultOutputID=1496d61411de28ef418bca194b93cdbb DependenciesID=634a6ac92707549b77a13eb93579bf8a StaticDependenciesID=0be1cea8d712457d76d80cde6276d8f1 
Importing 'GUID: dfb97a9307a577a41bcacba34b9a7e32 - Path: Packages/com.unity.searcher/Editor/Resources/FlatSkin/Font/Roboto-BoldItalic.ttf' with importer (TrueTypeFontImporter)
Imported 'GUID: dfb97a9307a577a41bcacba34b9a7e32' -> (Import Result ID: '3ff5d6e8c1d6782d19969afffe39cd0f') in 0.001 seconds [static and dynamic dependencies]. Details - ImportResultOutputID=44e19d8180b6d2e61073a04044abc6e9 DependenciesID=fc05272e6f2e9d32675858505183ce03 StaticDependenciesID=d222af8e5c5ca40e47a66fd9819b7ba0 
Importing 'GUID: 2019d78ad3d1c5c4a8d309a857ca449f - Path: Packages/com.unity.shadergraph/GraphTemplates/BuiltIn/BuiltIn Lit Basic.shadergraph' with importer (ScriptedImporter : Unity.ShaderGraph.Editor:UnityEditor.ShaderGraph:ShaderGraphImporter)
Worker ready: AssetImportWorkerHW0 0
Imported 'GUID: 2019d78ad3d1c5c4a8d309a857ca449f' -> (Import Result ID: 'd0ffd5e966844b14c8410a175bff0dd1') in 0.301 seconds [static and dynamic dependencies]. Details - ImportResultOutputID=787247c5dfc2ece3c964eb56aa18ae41 DependenciesID=8adeb082c15d9421584dca301dbce39f StaticDependenciesID=76fdc3816458813a52530f0382844c3d 
Importing 'GUID: 30fa68ce467463643a86b839ca0eb195 - Path: Packages/com.unity.render-pipelines.universal/Runtime/Materials/ArnoldStandardSurface/ArnoldStandardSurfaceTransparent.shadergraph' with importer (ScriptedImporter : Unity.ShaderGraph.Editor:UnityEditor.ShaderGraph:ShaderGraphImporter)
Imported 'GUID: 30fa68ce467463643a86b839ca0eb195' -> (Import Result ID: '1b313d04deebecd494402506cc9cd383') in 0.099 seconds [static and dynamic dependencies]. Details - ImportResultOutputID=e1afa268d6550b088df05392e9cbd490 DependenciesID=b1ced53e21bd44e3d4be9dcfe57684b5 StaticDependenciesID=af5b80e704ac285fea28663e21888f22 
Importing 'GUID: 80aa867ac363ac043847b06ad71604cd - Path: Packages/com.unity.render-pipelines.universal/Shaders/AutodeskInteractive/AutodeskInteractiveMasked.shadergraph' with importer (ScriptedImporter : Unity.ShaderGraph.Editor:UnityEditor.ShaderGraph:ShaderGraphImporter)
Imported 'GUID: 80aa867ac363ac043847b06ad71604cd' -> (Import Result ID: '2d8f750d9d8a5815a62d8292e8e7131f') in 0.078 seconds [static and dynamic dependencies]. Details - ImportResultOutputID=da0b7d94ff3808affed78d8eb40658c7 DependenciesID=1d1f4ecc701e58c34f488aed519d4c61 StaticDependenciesID=bac745bd408480f362ca81641423b31e 
Importing 'GUID: a2407126e3372f64cacb75ed466a5621 - Path: Packages/com.unity.shadergraph/GraphTemplates/Cross Pipeline/0_Lit Basic.shadergraph' with importer (ScriptedImporter : Unity.ShaderGraph.Editor:UnityEditor.ShaderGraph:ShaderGraphImporter)
Imported 'GUID: a2407126e3372f64cacb75ed466a5621' -> (Import Result ID: 'bc48aaa64aa6233a873d775e995316c7') in 0.072 seconds [static and dynamic dependencies]. Details - ImportResultOutputID=30b80a124e6c5a1fa17f58b2f298cff5 DependenciesID=22b85592594b99898e0276965def8d89 StaticDependenciesID=536cfd781cd991dd821a78729f222cd9 
Importing 'GUID: 2476a2d151e824143af40dce1fc93a12 - Path: Packages/com.unity.shadergraph/GraphTemplates/Cross Pipeline/Unlit Simple.shadergraph' with importer (ScriptedImporter : Unity.ShaderGraph.Editor:UnityEditor.ShaderGraph:ShaderGraphImporter)
Imported 'GUID: 2476a2d151e824143af40dce1fc93a12' -> (Import Result ID: 'ebc526dfe7bb43eb77652f50bcadab4a') in 0.053 seconds [static and dynamic dependencies]. Details - ImportResultOutputID=c7b5f77a25dd1cdbe10cf5bfc3167ca7 DependenciesID=502fae3c3c3883e49d9b360e493dd9ff StaticDependenciesID=3fbb087469239fda3cec204b31ed2f51 
Importing 'GUID: 24a73dccd7b6fad4798be282f96a21f4 - Path: Packages/com.unity.render-pipelines.universal/Shaders/2D/VFXSpriteLit.shadergraph' with importer (ScriptedImporter : Unity.ShaderGraph.Editor:UnityEditor.ShaderGraph:ShaderGraphImporter)
Imported 'GUID: 24a73dccd7b6fad4798be282f96a21f4' -> (Import Result ID: '36dd819620a1c93ad1890be996a10ae4') in 0.051 seconds [static and dynamic dependencies]. Details - ImportResultOutputID=bda52eb05292eefbb03bc600689a4657 DependenciesID=024603243dc59cfd58697653986cd386 StaticDependenciesID=48601dd25c295c599b16c215f2ecbe86 
Importing 'GUID: 44245ab89240f51459a5077d7145c452 - Path: Packages/com.unity.render-pipelines.universal/Runtime/Materials/PhysicalMaterial3DsMax/PhysicalMaterial3DsMax.shadergraph' with importer (ScriptedImporter : Unity.ShaderGraph.Editor:UnityEditor.ShaderGraph:ShaderGraphImporter)
Imported 'GUID: 44245ab89240f51459a5077d7145c452' -> (Import Result ID: '8dd427539ba325d567d7c6a2df1abc40') in 0.081 seconds [static and dynamic dependencies]. Details - ImportResultOutputID=4a182277df9bd6e0051b719d781e1a56 DependenciesID=21ae5c354dd2e9532200e50f6a98cfea StaticDependenciesID=42a796c37d22efb8ea0fced7f1244364 
Importing 'GUID: 25a0ebb4827f3cc47a1af2c79005f65b - Path: Packages/com.unity.render-pipelines.universal/Editor/ShaderGraph/GraphTemplates/2D/1_2D Sprite Unlit.shadergraph' with importer (ScriptedImporter : Unity.ShaderGraph.Editor:UnityEditor.ShaderGraph:ShaderGraphImporter)
Imported 'GUID: 25a0ebb4827f3cc47a1af2c79005f65b' -> (Import Result ID: '25c8252df50bf58f518be3f9d3c39467') in 0.054 seconds [static and dynamic dependencies]. Details - ImportResultOutputID=99c62879506f9565f37619c1e4bb5091 DependenciesID=ff41db97350430c95a65c32e1d866936 StaticDependenciesID=c889c3ad91e733374ee6e5c29c47d518 
Importing 'GUID: 9618d41bb71f74048bb6cace8785b93d - Path: Packages/com.unity.shadergraph/GraphTemplates/BuiltIn/BuiltIn Unlit Basic.shadergraph' with importer (ScriptedImporter : Unity.ShaderGraph.Editor:UnityEditor.ShaderGraph:ShaderGraphImporter)
Imported 'GUID: 9618d41bb71f74048bb6cace8785b93d' -> (Import Result ID: '62a9686c233dbd6223307d9c2531aa17') in 0.119 seconds [static and dynamic dependencies]. Details - ImportResultOutputID=19face469c3b6b8507c567090c119e8c DependenciesID=6f8ef413259c33e5606baacf1afe462c StaticDependenciesID=f197a877168823dabcbbc06588733feb 
Importing 'GUID: a680d9a9f8b66514abbfd3ae1c8f77f7 - Path: Packages/com.unity.shadergraph/GraphTemplates/Cross Pipeline/2_Particle Lit.shadergraph' with importer (ScriptedImporter : Unity.ShaderGraph.Editor:UnityEditor.ShaderGraph:ShaderGraphImporter)
Imported 'GUID: a680d9a9f8b66514abbfd3ae1c8f77f7' -> (Import Result ID: 'f0978545de6311da58d94c3fe1750c1c') in 0.253 seconds [static and dynamic dependencies]. Details - ImportResultOutputID=dae6379831d19540ab2d78d27061ba6b DependenciesID=3f173c7cb175e25550ae6f1a1844c2a9 StaticDependenciesID=797229ab3c79c3bd21487d5e550156ed 
Importing 'GUID: 0738648e2f2f84b489a2f0076b69e30a - Path: Packages/com.unity.render-pipelines.universal/Editor/ShaderGraph/GraphTemplates/UITKBasicTemplate.shadergraph' with importer (ScriptedImporter : Unity.ShaderGraph.Editor:UnityEditor.ShaderGraph:ShaderGraphImporter)
Imported 'GUID: 0738648e2f2f84b489a2f0076b69e30a' -> (Import Result ID: '72b56884fc9cf1de1fddfa76cffcbc08') in 0.058 seconds [static and dynamic dependencies]. Details - ImportResultOutputID=4a10a35eaf8140ecb659503129fae203 DependenciesID=9797aab208fe0c0c0b327642d32af343 StaticDependenciesID=f57391f59252c3c660874c1a2e92767a 
Importing 'GUID: 1716ff8c1e51af14280cc97fbcba3b11 - Path: Packages/com.unity.shadergraph/GraphTemplates/Cross Pipeline/1_Decal Material Volume.shadergraph' with importer (ScriptedImporter : Unity.ShaderGraph.Editor:UnityEditor.ShaderGraph:ShaderGraphImporter)
Imported 'GUID: 1716ff8c1e51af14280cc97fbcba3b11' -> (Import Result ID: '9a0fc8ee09f3ff9bd7de4d57d2cb5235') in 0.106 seconds [static and dynamic dependencies]. Details - ImportResultOutputID=f58616a992e3a29b2ff059c0f3288e65 DependenciesID=340ae8380f8a79fb2deb2bd892d5fa34 StaticDependenciesID=e8d641af8b6dcad8fa8e3485043e713b 
Importing 'GUID: 3739e562a03fc0b4982d8aa66cc50865 - Path: Packages/com.unity.render-pipelines.universal/Runtime/Materials/ArnoldStandardSurface/ArnoldStandardSurface.shadergraph' with importer (ScriptedImporter : Unity.ShaderGraph.Editor:UnityEditor.ShaderGraph:ShaderGraphImporter)
Imported 'GUID: 3739e562a03fc0b4982d8aa66cc50865' -> (Import Result ID: 'acd6a0ae15e8ce23a6d429ef85eb49ff') in 0.097 seconds [static and dynamic dependencies]. Details - ImportResultOutputID=ea14241a747b3b4e91fea91f28eb9357 DependenciesID=2c8a827d59546dea74b4d3a8dace3de6 StaticDependenciesID=0b3166c9b45f71c11d8691c47bb12cca 
Importing 'GUID: d7288f66e4fb0634c9afef98c31b722a - Path: Packages/com.unity.render-pipelines.universal/Shaders/2D/VFXSpriteUnlit.shadergraph' with importer (ScriptedImporter : Unity.ShaderGraph.Editor:UnityEditor.ShaderGraph:ShaderGraphImporter)
Imported 'GUID: d7288f66e4fb0634c9afef98c31b722a' -> (Import Result ID: '13be6b9f0c1e90f2dd4b0bdd1c935887') in 0.037 seconds [static and dynamic dependencies]. Details - ImportResultOutputID=e80df5156314dfc642bdd63a5b9c65a6 DependenciesID=199035d89123d834c054f5e7dd7f5c0a StaticDependenciesID=7c146aad0b6fcb508fd6e490f8328949 
Importing 'GUID: 39144937a5efe954dac51acbbe54157e - Path: Packages/com.unity.shadergraph/GraphTemplates/Cross Pipeline/0_Decal Simple.shadergraph' with importer (ScriptedImporter : Unity.ShaderGraph.Editor:UnityEditor.ShaderGraph:ShaderGraphImporter)
Imported 'GUID: 39144937a5efe954dac51acbbe54157e' -> (Import Result ID: '6e2327b6b2b8ec23ed6621de27c48868') in 0.070 seconds [static and dynamic dependencies]. Details - ImportResultOutputID=8daac3b57116fd8e6b7cc4c3ca906714 DependenciesID=eba343fd9d43865ec4a172e4d229336c StaticDependenciesID=44b17c0263b17b5a1f1d64bdcd72ffc8 
Importing 'GUID: 9920c1f1781549a46ba081a2a15a16ec - Path: Packages/com.unity.render-pipelines.universal/Shaders/Nature/SpeedTree8_PBRLit.shadergraph' with importer (ScriptedImporter : Unity.ShaderGraph.Editor:UnityEditor.ShaderGraph:ShaderGraphImporter)
Imported 'GUID: 9920c1f1781549a46ba081a2a15a16ec' -> (Import Result ID: 'defbe3bed6ade8596a94157e97d502ae') in 0.215 seconds [static and dynamic dependencies]. Details - ImportResultOutputID=ddc71d37254b514cf138476eb602a713 DependenciesID=bb3b8fb4cefcd8592d84c8e2a28a6b10 StaticDependenciesID=62e4b8a3eb28c8d12b68e84ed50b4114 
Importing 'GUID: 1a207e3bee00db44b940e6f362a8e148 - Path: Packages/com.unity.render-pipelines.universal/Runtime/Materials/PhysicalMaterial3DsMax/PhysicalMaterial3DsMaxTransparent.shadergraph' with importer (ScriptedImporter : Unity.ShaderGraph.Editor:UnityEditor.ShaderGraph:ShaderGraphImporter)
Imported 'GUID: 1a207e3bee00db44b940e6f362a8e148' -> (Import Result ID: '890457e07333d023b7381b67fdddcecd') in 0.100 seconds [static and dynamic dependencies]. Details - ImportResultOutputID=81d225007c14950f520772e9a25b6c88 DependenciesID=18d4fbf3498b0f843b47974412360a47 StaticDependenciesID=898d0961f4df79f17f0042f5a23d7d4d 
Importing 'GUID: 5a4a765e921b8554eb959f7cf697b3be - Path: Packages/com.unity.shadergraph/GraphTemplates/Cross Pipeline/UGUI Canvas Basic.shadergraph' with importer (ScriptedImporter : Unity.ShaderGraph.Editor:UnityEditor.ShaderGraph:ShaderGraphImporter)
Imported 'GUID: 5a4a765e921b8554eb959f7cf697b3be' -> (Import Result ID: '6275dba3882798b4bbc212ca77b351c8') in 0.038 seconds [static and dynamic dependencies]. Details - ImportResultOutputID=beaa08f12544b68936f9a465b8a5a62f DependenciesID=8cfb3df9bc7583d0f38590432669a45f StaticDependenciesID=773ed9598de245e2a072eb6b8eba5921 
Importing 'GUID: 9b4e681081e2b4c469111bb649e2f7ee - Path: Packages/com.unity.render-pipelines.universal/Shaders/Decal.shadergraph' with importer (ScriptedImporter : Unity.ShaderGraph.Editor:UnityEditor.ShaderGraph:ShaderGraphImporter)
Imported 'GUID: 9b4e681081e2b4c469111bb649e2f7ee' -> (Import Result ID: '4009c438d68d0f33d2fa128457b8a5d3') in 0.048 seconds [static and dynamic dependencies]. Details - ImportResultOutputID=f83fdd588b27b5e6de9b9e910baad370 DependenciesID=c09de250b6371f0e6e3deba4959679bd StaticDependenciesID=aa93bc01171bb25c12a3bd2c6f6c8ee0 
Importing 'GUID: cbd3e1cc4ae141c42a30e33b4d666a61 - Path: Packages/com.unity.render-pipelines.universal/Shaders/Nature/SpeedTree9_URP.shadergraph' with importer (ScriptedImporter : Unity.ShaderGraph.Editor:UnityEditor.ShaderGraph:ShaderGraphImporter)
Imported 'GUID: cbd3e1cc4ae141c42a30e33b4d666a61' -> (Import Result ID: 'be7781f530f44f77dc1bd44d6efab890') in 0.128 seconds [static and dynamic dependencies]. Details - ImportResultOutputID=861d56f6380bc43d329d47793ec46bd8 DependenciesID=227989d1e4f228fc71c5da4d2c6cf284 StaticDependenciesID=48f70a8ef6aa5af10441ea78677fe262 
Importing 'GUID: fb6390f650ca44a5ba3246d8dda47927 - Path: Packages/com.unity.render-pipelines.universal/Shaders/FullscreenInvertColors.shadergraph' with importer (ScriptedImporter : Unity.ShaderGraph.Editor:UnityEditor.ShaderGraph:ShaderGraphImporter)
Imported 'GUID: fb6390f650ca44a5ba3246d8dda47927' -> (Import Result ID: 'b81bdcc8bf07cbdece3bd355fb31e592') in 0.025 seconds [static and dynamic dependencies]. Details - ImportResultOutputID=046a23ae944c70ca6d2cc5be73b62054 DependenciesID=1fb8c1cf43748d18bff2010af605e1a2 StaticDependenciesID=e2ee9604c8c1d6e1a3f463a3843c51ff 
Importing 'GUID: 5c81372d981403744adbdda4433c9c11 - Path: Packages/com.unity.render-pipelines.universal/Shaders/AutodeskInteractive/AutodeskInteractiveTransparent.shadergraph' with importer (ScriptedImporter : Unity.ShaderGraph.Editor:UnityEditor.ShaderGraph:ShaderGraphImporter)
Imported 'GUID: 5c81372d981403744adbdda4433c9c11' -> (Import Result ID: '361757f6f2d3ca7cfa7d4307f8f0c68b') in 0.071 seconds [static and dynamic dependencies]. Details - ImportResultOutputID=e2e28fad460e534ff348aff7ed5787f7 DependenciesID=f1f7f80ed8b0a8d48ebfca863cc7ca6d StaticDependenciesID=819bb43a9ae682ab724748d19820eb40 
Importing 'GUID: bc3def193b270c649b041063a70a1a1f - Path: Packages/com.unity.render-pipelines.universal/Editor/ShaderGraph/GraphTemplates/Terrain Standard 4 Layers URP.shadergraph' with importer (ScriptedImporter : Unity.ShaderGraph.Editor:UnityEditor.ShaderGraph:ShaderGraphImporter)
Shader 'Hidden/Terrain/Terrain Standard 4 Layers URP': dependency 'AddPassShader' shader 'Hidden/Hidden/Terrain/Terrain Standard 4 Layers URP_AddPass' not found
Shader 'Hidden/Terrain/Terrain Standard 4 Layers URP': dependency 'BaseMapGenShader' shader 'Hidden/Hidden/Terrain/Terrain Standard 4 Layers URP_BaseMapGen' not found
WARNING: Shader Unsupported: 'Hidden/Universal Render Pipeline/Terrain/Lit (Base Pass)' - All subshaders removed
WARNING: Shader Did you use #pragma only_renderers and omit this platform?
WARNING: Shader If subshaders removal was intentional, you may have forgotten turning Fallback off?
Shader 'Hidden/Terrain/Terrain Standard 4 Layers URP': dependency 'AddPassShader' shader 'Hidden/Hidden/Terrain/Terrain Standard 4 Layers URP_AddPass' not found
Shader 'Hidden/Terrain/Terrain Standard 4 Layers URP': dependency 'BaseMapGenShader' shader 'Hidden/Hidden/Terrain/Terrain Standard 4 Layers URP_BaseMapGen' not found
Imported 'GUID: bc3def193b270c649b041063a70a1a1f' -> (Import Result ID: '01f5df41f6c74b8159d7c9ead18856bd') in 0.211 seconds [static and dynamic dependencies]. Details - ImportResultOutputID=d4fea9606a0004aba141e4ffcaad5d48 DependenciesID=912d5c8bc3d109316da60f5840501adc StaticDependenciesID=fc6a2a58743d287baca2266d12b8d913 
Importing 'GUID: 9d4e8ca8c5046914c87ca6ccef140dac - Path: Packages/com.unity.shadergraph/GraphTemplates/Cross Pipeline/UGUI Canvas Meter.shadergraph' with importer (ScriptedImporter : Unity.ShaderGraph.Editor:UnityEditor.ShaderGraph:ShaderGraphImporter)
Imported 'GUID: 9d4e8ca8c5046914c87ca6ccef140dac' -> (Import Result ID: '8bfdb9a604f6757e3fdae0c80f24a2f9') in 0.030 seconds [static and dynamic dependencies]. Details - ImportResultOutputID=38fff24f7c8cdc7de68ea7d5f24d0eca DependenciesID=6ad050e3449e43c0bd9311a0fa8e8605 StaticDependenciesID=1cdc862f899e9b1eb857a7901f03c56a 
Importing 'GUID: bde135b320597544b9ac325092409f8b - Path: Packages/com.unity.render-pipelines.universal/Editor/ShaderGraph/GraphTemplates/2D/0_2D Sprite Lit.shadergraph' with importer (ScriptedImporter : Unity.ShaderGraph.Editor:UnityEditor.ShaderGraph:ShaderGraphImporter)
Imported 'GUID: bde135b320597544b9ac325092409f8b' -> (Import Result ID: '1bf0ac3de5461db58e8b60ad5869281a') in 0.039 seconds [static and dynamic dependencies]. Details - ImportResultOutputID=0be52406cb49cf91f43a9d63b612bb77 DependenciesID=4ca4ad700ce329ef682f21486a7bd0ce StaticDependenciesID=223bd376eb018f92eaf3144128395375 
Importing 'GUID: 0e9d5a909a1f7e84882a534d0d11e49f - Path: Packages/com.unity.render-pipelines.universal/Shaders/AutodeskInteractive/AutodeskInteractive.shadergraph' with importer (ScriptedImporter : Unity.ShaderGraph.Editor:UnityEditor.ShaderGraph:ShaderGraphImporter)
Imported 'GUID: 0e9d5a909a1f7e84882a534d0d11e49f' -> (Import Result ID: 'bbe1ba3147bed68d43506fe9a1d37f04') in 0.061 seconds [static and dynamic dependencies]. Details - ImportResultOutputID=219ae7194007ed8eb21e8aae178aa5db DependenciesID=c2eb829aa24483294f14b0ef8f620cd5 StaticDependenciesID=a2f1398662494d2afe2b1104bb7297fc 
Importing 'GUID: 3e01bbae25716b24ea9da11102b44902 - Path: Packages/com.unity.render-pipelines.universal/Editor/ShaderGraph/GraphTemplates/UITKFullTemplate.shadergraph' with importer (ScriptedImporter : Unity.ShaderGraph.Editor:UnityEditor.ShaderGraph:ShaderGraphImporter)
Imported 'GUID: 3e01bbae25716b24ea9da11102b44902' -> (Import Result ID: '463b5d0bb3dfb0e7c5e262b1a7e03b69') in 0.033 seconds [static and dynamic dependencies]. Details - ImportResultOutputID=4c844dda4b61a8f90fc6ee6abf9a109d DependenciesID=d64c7a130eab65c030641815e2500cbb StaticDependenciesID=787562bcd1feec6d227a8a658ecf76b0 
Importing 'GUID: 7ef2cf71ad164fe479662ae612dff99e - Path: Packages/com.unity.shadergraph/GraphTemplates/Custom Render Texture.shadergraph' with importer (ScriptedImporter : Unity.ShaderGraph.Editor:UnityEditor.ShaderGraph:ShaderGraphImporter)
Imported 'GUID: 7ef2cf71ad164fe479662ae612dff99e' -> (Import Result ID: 'a8b61178ec63a9a21685e4b2787f6125') in 0.010 seconds [static and dynamic dependencies]. Details - ImportResultOutputID=dd0552a8c2655bd5d70c7ca10b0c0218 DependenciesID=df768e0ebf86ac1317809b5dd4349914 StaticDependenciesID=de3398d04c349b2d55ab40895207d9f4 
Importing 'GUID: aee84ce0dab81b049bb88017d78a63cd - Path: Packages/com.unity.shadergraph/GraphTemplates/Cross Pipeline/1_Lit Full.shadergraph' with importer (ScriptedImporter : Unity.ShaderGraph.Editor:UnityEditor.ShaderGraph:ShaderGraphImporter)
Imported 'GUID: aee84ce0dab81b049bb88017d78a63cd' -> (Import Result ID: 'a8d00adc9252bb031b5233a25c130311') in 0.119 seconds [static and dynamic dependencies]. Details - ImportResultOutputID=f4453f15361c9aa3ad1d1f6be8446811 DependenciesID=0d6acaffbd707bb5185a01c0b4c8e632 StaticDependenciesID=c4a5bbbfe2b62d60f9f3ca43100ca59c 
Importing 'GUID: def488a52add6574d9f295a507032cb8 - Path: Packages/com.unity.shadergraph/GraphTemplates/Cross Pipeline/Terrain Simple.shadergraph' with importer (ScriptedImporter : Unity.ShaderGraph.Editor:UnityEditor.ShaderGraph:ShaderGraphImporter)
Shader 'Hidden/Terrain/Terrain Simple': dependency 'AddPassShader' shader 'Hidden/Hidden/Terrain/Terrain Simple_AddPass' not found
Shader 'Hidden/Terrain/Terrain Simple': dependency 'BaseMapGenShader' shader 'Hidden/Hidden/Terrain/Terrain Simple_BaseMapGen' not found
Shader 'Hidden/Terrain/Terrain Simple': dependency 'AddPassShader' shader 'Hidden/Hidden/Terrain/Terrain Simple_AddPass' not found
Shader 'Hidden/Terrain/Terrain Simple': dependency 'BaseMapGenShader' shader 'Hidden/Hidden/Terrain/Terrain Simple_BaseMapGen' not found
Imported 'GUID: def488a52add6574d9f295a507032cb8' -> (Import Result ID: 'c664d4a81274e95fcffe3215be4a7164') in 0.131 seconds [static and dynamic dependencies]. Details - ImportResultOutputID=33b4af50fe27c60dd7bf8e11bfffc389 DependenciesID=5f652c8c78fb7139051ee39273fda216 StaticDependenciesID=ad647defe5b24f8479de74338a12b798 
Importing 'GUID: af66091e0eca0c04a9c3584ae867418a - Path: Packages/com.unity.shadergraph/GraphTemplates/Cross Pipeline/0_Particle Unlit.shadergraph' with importer (ScriptedImporter : Unity.ShaderGraph.Editor:UnityEditor.ShaderGraph:ShaderGraphImporter)
Imported 'GUID: af66091e0eca0c04a9c3584ae867418a' -> (Import Result ID: '5698cf0bba1aaead6daefcca403d1e69') in 0.070 seconds [static and dynamic dependencies]. Details - ImportResultOutputID=858c956333850f7228af58ac4e060d7d DependenciesID=81203f595bdf20635db43bacc6249725 StaticDependenciesID=71bf97413bc97cb3f7c1638b3bc8ddda 
Importing 'GUID: bfad0aba0faa90547b68abd10bb6be86 - Path: Packages/com.unity.render-pipelines.universal/Editor/ShaderGraph/GraphTemplates/2D/2_2D Sprite Custom Lit.shadergraph' with importer (ScriptedImporter : Unity.ShaderGraph.Editor:UnityEditor.ShaderGraph:ShaderGraphImporter)
Imported 'GUID: bfad0aba0faa90547b68abd10bb6be86' -> (Import Result ID: 'd9cd3a18e2a2061314e2a3175e2d9ca3') in 0.049 seconds [static and dynamic dependencies]. Details - ImportResultOutputID=6a751de93b502cd96a4e507c96fb9592 DependenciesID=3af68baf6b646140c1b34ff319962533 StaticDependenciesID=61f6944c46c44ead2ebfc4906ed197fd 
Importing 'GUID: df41eefe8c13d444ca890dddbbc61f8d - Path: Packages/com.unity.render-pipelines.universal/Editor/ShaderGraph/GraphTemplates/Fullscreen Basic URP.shadergraph' with importer (ScriptedImporter : Unity.ShaderGraph.Editor:UnityEditor.ShaderGraph:ShaderGraphImporter)
Imported 'GUID: df41eefe8c13d444ca890dddbbc61f8d' -> (Import Result ID: '398a8a781995a091b8b387516425f1d9') in 0.026 seconds [static and dynamic dependencies]. Details - ImportResultOutputID=4ebd8614e6a24cab687dc643b42aca26 DependenciesID=65440183b239f313e636f820a2a32bdb StaticDependenciesID=4ebf6b92dab8c9c0b807af3b1cddbae8 
Importing 'GUID: 124a11c81bd6d03479673691ab06e2eb - Path: Assets/IndieMarc/PlatformerDemo/Tilemap/Black/tilemap_13.asset' with importer (NativeFormatImporter)
Imported 'GUID: 124a11c81bd6d03479673691ab06e2eb' -> (Import Result ID: '31990c8ab06241afe076d0e238cd996f') in 0.001 seconds [static dependencies only]. Details - ImportResultOutputID=9bd09bd5f61c3835469cb1ed65f2c0b5 DependenciesID=d8756978e86a6f97cd5c6d22990b61fa StaticDependenciesID=fa23f280b04229bcbd247b4af2ecac0e 
Importing 'GUID: b23e11badbd1c834da49f69458eb169c - Path: Assets/IndieMarc/PlatformerDemo/Tilemap/Black/tilemap_7.asset' with importer (NativeFormatImporter)
Imported 'GUID: b23e11badbd1c834da49f69458eb169c' -> (Import Result ID: 'e865981684f7d200c6aabb5bf286b93a') in 0.000 seconds [static dependencies only]. Details - ImportResultOutputID=2c2acb951206bd628542722be981e271 DependenciesID=df89d38df72390d53e4b0e77c1dc4a18 StaticDependenciesID=8134fffd957ce8e12067221a880e4b03 
Importing 'GUID: 03ce0cd312718b7489e027fe32ae4160 - Path: Assets/IndieMarc/PlatformerDemo/Tilemap/Black/tilemap_2.asset' with importer (NativeFormatImporter)
Imported 'GUID: 03ce0cd312718b7489e027fe32ae4160' -> (Import Result ID: '4d9f6ed8e9add81223a9ec4e50388e30') in 0.000 seconds [static dependencies only]. Details - ImportResultOutputID=1b556353224e50210583090273af1b82 DependenciesID=088786ba042b7391a65d56e3ac44fcfc StaticDependenciesID=e13ded18cc5ca399df91b86339583df6 
Importing 'GUID: 732424989e347fa4cadc5c837451a7c7 - Path: Assets/IndieMarc/PlatformerDemo/Tilemap/Black/tilemap_4.asset' with importer (NativeFormatImporter)
Imported 'GUID: 732424989e347fa4cadc5c837451a7c7' -> (Import Result ID: '09d0c5d2dae2f2f29657b07dd1af925a') in 0.000 seconds [static dependencies only]. Details - ImportResultOutputID=92f20c28d5e723c39d4bdeff3b7454fc DependenciesID=4238aae58c43945d0b186f487b1a7990 StaticDependenciesID=4d5254522b095953c4888c8668cbc87e 
Importing 'GUID: 84c89209ecaab8143ad3cf14f2be3043 - Path: Assets/IndieMarc/PlatformerDemo/Tilemap/Black/tilemap_3.asset' with importer (NativeFormatImporter)
Imported 'GUID: 84c89209ecaab8143ad3cf14f2be3043' -> (Import Result ID: 'e96e915821284fb1f408144a3f88b8b7') in 0.000 seconds [static dependencies only]. Details - ImportResultOutputID=58d5d5549f602e0d06cd601cbc8f41ce DependenciesID=9fdacb415c83b326b1239bd0ac22d70a StaticDependenciesID=2e79e6e05c9769e3e57c6220b15a6936 
Importing 'GUID: 15f1a2dd6e73cb44b87ce9fa4e0f8ebe - Path: Assets/IndieMarc/PlatformerDemo/Tilemap/Black/tilemap_8.asset' with importer (NativeFormatImporter)
Imported 'GUID: 15f1a2dd6e73cb44b87ce9fa4e0f8ebe' -> (Import Result ID: '6aefec260d334260d1b107fcc01657a7') in 0.000 seconds [static dependencies only]. Details - ImportResultOutputID=4a609e6fa7d4336647dd2b1b83b7cb73 DependenciesID=28d3f1ea68714bd68c9bb70b862455a3 StaticDependenciesID=c3344b1ed1abc9ce96da7e323084cf8a 
Importing 'GUID: 868bfc083d111bc4fb3199b0409700e4 - Path: Assets/IndieMarc/PlatformerDemo/Tilemap/Black/tilemap_5.asset' with importer (NativeFormatImporter)
Imported 'GUID: 868bfc083d111bc4fb3199b0409700e4' -> (Import Result ID: 'b99502e28f70589e12e1d98b20e9dbca') in 0.000 seconds [static dependencies only]. Details - ImportResultOutputID=01f1ff8eeee039149bc23a8c1af3d2bb DependenciesID=aa7388b17611d51558ea7eafadf289ec StaticDependenciesID=dd428ed1d6c776cf4717430700860e79 
Importing 'GUID: f76f60250da364240b7a27c02694449e - Path: Assets/IndieMarc/PlatformerDemo/Tilemap/Black/tilemap_14.asset' with importer (NativeFormatImporter)
Imported 'GUID: f76f60250da364240b7a27c02694449e' -> (Import Result ID: '212ff2b16bcd249479b2f238cb963571') in 0.000 seconds [static dependencies only]. Details - ImportResultOutputID=16f628e94c3368c5d1978e8f4cd916cd DependenciesID=0a1b09087b3691ace380154529b1d7ae StaticDependenciesID=5887297474c0a85a1eaae7282b19bf5e 
Importing 'GUID: b8f5a40b7e8287643909acb1479b1e0e - Path: Assets/IndieMarc/PlatformerDemo/Tilemap/Black/tilemap_10.asset' with importer (NativeFormatImporter)
Imported 'GUID: b8f5a40b7e8287643909acb1479b1e0e' -> (Import Result ID: '1154b3e03fc27e89fa18beb8dbb85dd8') in 0.000 seconds [static dependencies only]. Details - ImportResultOutputID=e81bd94110d49120ec58f79171c8d246 DependenciesID=1278cd186ba11dc3eef63e75889c6839 StaticDependenciesID=70925eb6bf8e6889d5a1936421f8b469 
Importing 'GUID: c84e5a06601ad0948b413e67f21b4b94 - Path: Assets/IndieMarc/PlatformerDemo/Tilemap/Black/tilemap_12.asset' with importer (NativeFormatImporter)
Imported 'GUID: c84e5a06601ad0948b413e67f21b4b94' -> (Import Result ID: 'd5e4b3befb0a0a98becfd61f9f48a5c1') in 0.000 seconds [static dependencies only]. Details - ImportResultOutputID=43b9fc93f75f1aadbce9bf4e060aea62 DependenciesID=c8b19b4bc1ce5e776c97536e3d373f68 StaticDependenciesID=82bec4c7466b8ebfcc963277af46ac27 
Importing 'GUID: 09fdae6fda6d6c942b840d4b7389de95 - Path: Assets/IndieMarc/PlatformerDemo/Tilemap/Black/tilemap_0.asset' with importer (NativeFormatImporter)
Imported 'GUID: 09fdae6fda6d6c942b840d4b7389de95' -> (Import Result ID: 'e044a17bed8001079f9590a1440c60f1') in 0.000 seconds [static dependencies only]. Details - ImportResultOutputID=2d20711cd9cc33372e98e516388b4df2 DependenciesID=a2fd2e4fb352ca81bf0be3368888dfd6 StaticDependenciesID=e28250ac6273fe225c6d0a175b7d593b 
Importing 'GUID: 4c3a4c38924408144ae04a47190c5db8 - Path: Assets/IndieMarc/PlatformerDemo/Tilemap/Black/tilemap_6.asset' with importer (NativeFormatImporter)
Imported 'GUID: 4c3a4c38924408144ae04a47190c5db8' -> (Import Result ID: '0d4351cd61593e7d1d5b56cf48df8186') in 0.000 seconds [static dependencies only]. Details - ImportResultOutputID=0495bf419027a7b4beb5ae4e5c3f47d6 DependenciesID=5f0d6d0fc840cc6c980465f0ec9fdd3a StaticDependenciesID=03f2a906d2902728ccf51cf2423ccc1a 
Importing 'GUID: fd9c6be6b2909544c98085d0c337bfcc - Path: Assets/IndieMarc/PlatformerDemo/Tilemap/Black/tilemap_9.asset' with importer (NativeFormatImporter)
Imported 'GUID: fd9c6be6b2909544c98085d0c337bfcc' -> (Import Result ID: 'de452cf4925dc79dc156f29ab36095e7') in 0.000 seconds [static dependencies only]. Details - ImportResultOutputID=bf30f683c4b99cc1469c40dd4d880f37 DependenciesID=42612db4a3dd2446cac334124d8953cb StaticDependenciesID=69f1179c6fc9bac4a7a1ab6035b6fbf3 
Importing 'GUID: 8e20ae6049bf2784fac477472c172487 - Path: Assets/IndieMarc/PlatformerDemo/Tilemap/Black/tilemap_11.asset' with importer (NativeFormatImporter)
Imported 'GUID: 8e20ae6049bf2784fac477472c172487' -> (Import Result ID: '22468aeb13ba3a385cb46f9762d71a7c') in 0.000 seconds [static dependencies only]. Details - ImportResultOutputID=41c32b4a1f69264f901057b379abb16b DependenciesID=3fb87128436aea36d94a566547d2ae38 StaticDependenciesID=aabe98541fec340b506c455ef877d49b 
Importing 'GUID: 5fe1d3b9c2ba44c408340f4db04454d7 - Path: Assets/IndieMarc/PlatformerDemo/Tilemap/Black/tilemap_1.asset' with importer (NativeFormatImporter)
Imported 'GUID: 5fe1d3b9c2ba44c408340f4db04454d7' -> (Import Result ID: '89aa9727ea46c661f5cd64bf475441ef') in 0.000 seconds [static dependencies only]. Details - ImportResultOutputID=c8db428f8590827852bc6b07d576cf8e DependenciesID=59cf27c8b9d2096b6de906c22ad054e6 StaticDependenciesID=24bede87e92e081364137ae8eb0107b0 
Importing 'GUID: 30b312a167534621b316172253b08723 - Path: Packages/com.unity.modules.subsystems/package.json' with importer (PackageManifestImporter)
Imported 'GUID: 30b312a167534621b316172253b08723' -> (Import Result ID: 'b10024a0f6cebe899b1affa2e39b6698') in 0.000 seconds [static dependencies only]. Details - ImportResultOutputID=03007febde6dcb0b426482d765f2ff7c DependenciesID=78fa1e8a2c7d232f7b9025619ee0dfca StaticDependenciesID=af1eae6eceec3c9dcbe0a132f3f40bdf 
Importing 'GUID: 30648b8d550465f4bb77f1e1afd0b37d - Path: Packages/com.unity.render-pipelines.universal/package.json' with importer (PackageManifestImporter)
Imported 'GUID: 30648b8d550465f4bb77f1e1afd0b37d' -> (Import Result ID: '0b18e2d59c72a3c6c66b1a6dd04d97d5') in 0.000 seconds [static dependencies only]. Details - ImportResultOutputID=2f566e0ae81ec5470b5ccd76024eff53 DependenciesID=7f628457c9fe99f4e629870850891eaf StaticDependenciesID=1da495d61ceeab981c2cf7ef47c61b32 
Importing 'GUID: 40bf3cec17fa0b49fe04443c8332d638 - Path: Packages/com.unity.modules.jsonserialize/package.json' with importer (PackageManifestImporter)
Imported 'GUID: 40bf3cec17fa0b49fe04443c8332d638' -> (Import Result ID: '8ee46477189e27b29e382890acc79627') in 0.000 seconds [static dependencies only]. Details - ImportResultOutputID=5dea240f20e69e37c96e2b4918a54663 DependenciesID=acc0992a0b92b18883c332ba2e62ff77 StaticDependenciesID=91a7035b5e22578c64f5bdd63cce6aab 
Importing 'GUID: 80beef77cb19e713c7c2d481b65ed485 - Path: Packages/com.unity.modules.screencapture/package.json' with importer (PackageManifestImporter)
Imported 'GUID: 80beef77cb19e713c7c2d481b65ed485' -> (Import Result ID: '8a16c09587273fd72c5e4cbd8ee9b0ef') in 0.000 seconds [static dependencies only]. Details - ImportResultOutputID=c29d507898bc94d8d4266b1d0331d615 DependenciesID=dafb29e651dc40f7f680e038bf9dc263 StaticDependenciesID=ccdb4e81466e52e721ca5d74596c4f5a 
Importing 'GUID: 906c12bc9cd95d3963c6d58f62522c78 - Path: Packages/com.unity.modules.cloth/package.json' with importer (PackageManifestImporter)
Imported 'GUID: 906c12bc9cd95d3963c6d58f62522c78' -> (Import Result ID: 'd4ede5783155fd27e67d64cc1389d4f2') in 0.000 seconds [static dependencies only]. Details - ImportResultOutputID=67d33117acba2887bee1e591b0fa67d5 DependenciesID=74f1b9f492be6ee5dc106e5ae16321e8 StaticDependenciesID=212caa1b1964462c534150fe73e6a2e2 
Importing 'GUID: b030b7e8a4c531241b496403efc884ab - Path: Packages/com.unity.test-framework.performance/package.json' with importer (PackageManifestImporter)
Imported 'GUID: b030b7e8a4c531241b496403efc884ab' -> (Import Result ID: '9ec688f75630fb8f23c0dc35e844bbf1') in 0.000 seconds [static dependencies only]. Details - ImportResultOutputID=2ac1bf4b8c85ece6f2046bfca0d4185c DependenciesID=95d1544cb5f6ff875f01b756dbb92c80 StaticDependenciesID=d4afb20dbfbf7be21c752a4b548c04b3 
Importing 'GUID: d0e3ad91972c66f5238f5b9b7d5ae58a - Path: Packages/com.unity.modules.unitywebrequesttexture/package.json' with importer (PackageManifestImporter)
Imported 'GUID: d0e3ad91972c66f5238f5b9b7d5ae58a' -> (Import Result ID: '21c72bbdaaa16f84ed48c3a5ee0dcc6d') in 0.000 seconds [static dependencies only]. Details - ImportResultOutputID=b2ea28ad09e6f59e6577d48bb18c89b7 DependenciesID=2691c4b4b4ff993b2c70e4fae8052c3b StaticDependenciesID=45fb7b6b7ac5503d3e0d3a7bcc7f4a04 
Importing 'GUID: f0f13f2ab3d6d13cfc6e4656824bfca8 - Path: Packages/com.unity.modules.ai/package.json' with importer (PackageManifestImporter)
Imported 'GUID: f0f13f2ab3d6d13cfc6e4656824bfca8' -> (Import Result ID: 'fcbf6bd9948a065a0ad3c3a496e386fc') in 0.000 seconds [static dependencies only]. Details - ImportResultOutputID=09eecc33a494288a458e9a859efddc1d DependenciesID=06cdb2ab3fdef474862627273a7ef26e StaticDependenciesID=98c2d98a51d39665a931f64a1d8df4d4 
Importing 'GUID: 319b8889f363f5947acf209c17a94149 - Path: Packages/com.unity.ugui/package.json' with importer (PackageManifestImporter)
Imported 'GUID: 319b8889f363f5947acf209c17a94149' -> (Import Result ID: '58e3a4a244f030b7ec4052d1b74fd0fe') in 0.000 seconds [static dependencies only]. Details - ImportResultOutputID=5c7da8cf0d8c3a3eef770dedb4912239 DependenciesID=8b71b0e03752a3f6a75a30f96702612f StaticDependenciesID=5e5e193c06f4901fff5e79de19c96d15 
Importing 'GUID: 51797d68d3132bb419217a229e09fc47 - Path: Packages/com.unity.2d.tilemap/package.json' with importer (PackageManifestImporter)
Imported 'GUID: 51797d68d3132bb419217a229e09fc47' -> (Import Result ID: '6a3ea90791ec269f3e7c25b7ce3fbb58') in 0.000 seconds [static dependencies only]. Details - ImportResultOutputID=18d302a4a47bfc9df662963d03b1e030 DependenciesID=82d6b8de41e284b6bea2dde09b6d820d StaticDependenciesID=92870747caddcdc74583df031b3d338f 
Importing 'GUID: 8143d3a8390f2c64685e3bc272bd9e90 - Path: Packages/com.unity.ext.nunit/package.json' with importer (PackageManifestImporter)
Imported 'GUID: 8143d3a8390f2c64685e3bc272bd9e90' -> (Import Result ID: '6d8d6790101c5c13a06d2454f310cfc2') in 0.000 seconds [static dependencies only]. Details - ImportResultOutputID=6773ebe0e4b9638a6809590197d1c364 DependenciesID=2f96238fd014582f032e06b9b3d85e49 StaticDependenciesID=cb6a5acd68a2f48f2bd067d3456728fa 
Importing 'GUID: b13c5df96839b924b85df50f9659b9e4 - Path: Packages/com.unity.render-pipelines.universal-config/package.json' with importer (PackageManifestImporter)
Imported 'GUID: b13c5df96839b924b85df50f9659b9e4' -> (Import Result ID: '9dee1646732be58b7492dc0a4d61557b') in 0.000 seconds [static dependencies only]. Details - ImportResultOutputID=022656f55436cfe6841ed1f62205f70b DependenciesID=8e43de6abe10cee19ec02de90ab032ba StaticDependenciesID=f9c8eab9a3175d09d1c520be27b2d316 
Importing 'GUID: d19f4f8a13b6edb48b986a47ec96402e - Path: Packages/com.unity.render-pipelines.core/Runtime/PathTracing/Shaders/LightmapShadowMaskIntegration.urtshader' with importer (ScriptedImporter : Unity.Rendering.LightTransport.Editor:UnityEditor.Rendering.UnifiedRayTracing:UnifiedRTShaderImporter)
Imported 'GUID: d19f4f8a13b6edb48b986a47ec96402e' -> (Import Result ID: '16cd6d8d393509e4443addf6c1f1585b') in 0.006 seconds [static and dynamic dependencies]. Details - ImportResultOutputID=cc41819ef84ecaa68151ebc63307b34d DependenciesID=9a5fc6d8e7fa2206ae361d2906658176 StaticDependenciesID=9fd4e9b2e1ad89e7cbffc601eff4d03f 
Importing 'GUID: e1ef8466c8fd01a549f10baa4d51fa17 - Path: Packages/com.unity.modules.assetbundle/package.json' with importer (PackageManifestImporter)
Imported 'GUID: e1ef8466c8fd01a549f10baa4d51fa17' -> (Import Result ID: 'd25cc29dcd9708b34f1b837ef1515389') in 0.000 seconds [static dependencies only]. Details - ImportResultOutputID=4f7232b0524a7a9e9f68142dba21776d DependenciesID=fdd3aa4f729e2bb41c54a5331eab7352 StaticDependenciesID=028b95d98be75b8f25ecd53d6d869378 
Importing 'GUID: 42fe78c8fe682715a2cb531422e6ccb3 - Path: Packages/com.unity.modules.imgui/package.json' with importer (PackageManifestImporter)
Imported 'GUID: 42fe78c8fe682715a2cb531422e6ccb3' -> (Import Result ID: 'ebbe571c2ca4b43d498828030c4f9e2f') in 0.000 seconds [static dependencies only]. Details - ImportResultOutputID=6adb48f425d52956e39c99c15221075b DependenciesID=781b26c3f30d49addec1e6031a07fa35 StaticDependenciesID=876e146632b3ef542bbee7abc5efa6cb 
Importing 'GUID: 92a378669877c05c6071d0fed687bb95 - Path: Packages/com.unity.modules.tilemap/package.json' with importer (PackageManifestImporter)
Imported 'GUID: 92a378669877c05c6071d0fed687bb95' -> (Import Result ID: '3421d60220671ce371fcab839041e149') in 0.000 seconds [static dependencies only]. Details - ImportResultOutputID=f25cf0b4926161f7334d0ca35155bde2 DependenciesID=b05d09332b53216b9e55553844c23b02 StaticDependenciesID=8befe2861ffc634d667827e21d8f2e5f 
Importing 'GUID: e249558d9733962439006f1c00140d66 - Path: Packages/com.unity.graph-authoring/package.json' with importer (PackageManifestImporter)
Imported 'GUID: e249558d9733962439006f1c00140d66' -> (Import Result ID: '5277d7b7c8b947a7551d6baf2d041013') in 0.000 seconds [static dependencies only]. Details - ImportResultOutputID=0340be06badcf1692e644baf088c183c DependenciesID=a4ef74e36a87d46fddd8ec5394c74a4c StaticDependenciesID=6fe87fd417bdf3fee028cf3f185f43e7 
Importing 'GUID: 13a9c1b4df2e489e8eb9cacca7429596 - Path: Packages/com.unity.timeline/package.json' with importer (PackageManifestImporter)
Imported 'GUID: 13a9c1b4df2e489e8eb9cacca7429596' -> (Import Result ID: 'ba70af2af9b61d83fea811af8215163c') in 0.000 seconds [static dependencies only]. Details - ImportResultOutputID=b48c07a9aaf77792058e5663005af835 DependenciesID=5cc6e14237553868a822318e332bd363 StaticDependenciesID=1bcc7ec98dc855d5bc9f909aefc7e515 
Importing 'GUID: 43674d438e19b89d7fe6af07234f3252 - Path: Packages/com.unity.modules.accessibility/package.json' with importer (PackageManifestImporter)
Imported 'GUID: 43674d438e19b89d7fe6af07234f3252' -> (Import Result ID: 'b8a515087c40a379543e9634dbc8bb3b') in 0.000 seconds [static dependencies only]. Details - ImportResultOutputID=36998c71967bbee4e01f8ef09b931695 DependenciesID=1a3c148184d6138319ea0c5f8cea01d3 StaticDependenciesID=b0de0cdecc06d892053d0a98e5ec217e 
Importing 'GUID: 737a1597422c12547a8714d76a9406ec - Path: Packages/com.unity.render-pipelines.core/Runtime/PathTracing/Shaders/LightmapGBufferDebug.urtshader' with importer (ScriptedImporter : Unity.Rendering.LightTransport.Editor:UnityEditor.Rendering.UnifiedRayTracing:UnifiedRTShaderImporter)
Imported 'GUID: 737a1597422c12547a8714d76a9406ec' -> (Import Result ID: '9c83144203e7fe9701241daabfcd6511') in 0.002 seconds [static and dynamic dependencies]. Details - ImportResultOutputID=5853326670f6d0e39a9d69c8248e837d DependenciesID=67639c1387ab5e0c27abd552ad85914f StaticDependenciesID=b513b01e29d0aa4d28825e4d4fb57fb4 
Importing 'GUID: 939b89fc6b924ea2e821fc1be1b09f56 - Path: Packages/com.unity.modules.tetgen/package.json' with importer (PackageManifestImporter)
Imported 'GUID: 939b89fc6b924ea2e821fc1be1b09f56' -> (Import Result ID: 'baba85694bf7fec9aca16652fd60d5c5') in 0.000 seconds [static dependencies only]. Details - ImportResultOutputID=7557f740443104c98d6cc805afa57bac DependenciesID=767dfcf4394f5aaf28048304bec3ef55 StaticDependenciesID=f9532bb256f42aefcacef62f6b3563c0 
Importing 'GUID: d3cbe921f7b3d9a3257e7c61a5761796 - Path: Packages/com.unity.modules.terrainphysics/package.json' with importer (PackageManifestImporter)
Imported 'GUID: d3cbe921f7b3d9a3257e7c61a5761796' -> (Import Result ID: '112e5a23c2023ea5979211d3873e4a26') in 0.000 seconds [static dependencies only]. Details - ImportResultOutputID=b0b6b92b3ae9e56ba37e3a9f9f48c15a DependenciesID=750b5a73890d293ecfffdf64d30814d1 StaticDependenciesID=465d1f1a183c47da9f85df4a031489b7 
Importing 'GUID: f32463968f29423cad25aee15a14b9f1 - Path: Packages/com.unity.render-pipelines.core/Runtime/Lighting/SurfaceCache/PunctualLightSampling.urtshader' with importer (ScriptedImporter : Unity.Rendering.LightTransport.Editor:UnityEditor.Rendering.UnifiedRayTracing:UnifiedRTShaderImporter)
Imported 'GUID: f32463968f29423cad25aee15a14b9f1' -> (Import Result ID: '4be113de96e9bdf037f565a00a44bc38') in 0.002 seconds [static and dynamic dependencies]. Details - ImportResultOutputID=46d7d57bc980e2933496a4ef42205e10 DependenciesID=3f8c3a99eb3e49f4d19575e94539191f StaticDependenciesID=b63d74c4e924df89cb98a36e44fc1845 
Importing 'GUID: 1451d029813b192429211be28181beab - Path: Packages/com.unity.render-pipelines.core/Runtime/PathTracing/Shaders/LightmapNormalIntegration.urtshader' with importer (ScriptedImporter : Unity.Rendering.LightTransport.Editor:UnityEditor.Rendering.UnifiedRayTracing:UnifiedRTShaderImporter)
Imported 'GUID: 1451d029813b192429211be28181beab' -> (Import Result ID: '07e4a88b95af187d9efe3b4c288d3659') in 0.005 seconds [static and dynamic dependencies]. Details - ImportResultOutputID=4f41896a73c3527a1068437d7b238451 DependenciesID=c805d15cc66c90948d2d313a35b223c3 StaticDependenciesID=5afd8eadeec03e368f74c3a5603c453d 
Importing 'GUID: 2479a4656ed89570ebd1de1fdda3dae5 - Path: Packages/com.unity.modules.timelinefoundation/package.json' with importer (PackageManifestImporter)
Imported 'GUID: 2479a4656ed89570ebd1de1fdda3dae5' -> (Import Result ID: '08728476361bc26519fcad5346cdf6dd') in 0.000 seconds [static dependencies only]. Details - ImportResultOutputID=ef058a8e520247d77baf54b6409fc3bd DependenciesID=94ac8ffad4df7752102bfcbd0c400eb8 StaticDependenciesID=755213a65743514ed964ab29df50615f 
Importing 'GUID: 94a070d33e408384bafc1dea4a565df9 - Path: Packages/com.unity.render-pipelines.core/Editor/Lighting/ProbeVolume/RenderingLayerMask/TraceRenderingLayerMask.urtshader' with importer (ScriptedImporter : Unity.Rendering.LightTransport.Editor:UnityEditor.Rendering.UnifiedRayTracing:UnifiedRTShaderImporter)
Imported 'GUID: 94a070d33e408384bafc1dea4a565df9' -> (Import Result ID: '3baf6424f998239beea2f906c79881a3') in 0.002 seconds [static and dynamic dependencies]. Details - ImportResultOutputID=5ee717dad414d5c5d0a2e5adb36597b5 DependenciesID=6bed9b9cb59d02538e091d27acda8ebf StaticDependenciesID=25a592d065c9c4788553066128367c57 
Importing 'GUID: 94a39d12848d8d64ca962a72b74e7c50 - Path: Packages/com.unity.render-pipelines.core/Runtime/Lighting/SurfaceCache/Estimation.urtshader' with importer (ScriptedImporter : Unity.Rendering.LightTransport.Editor:UnityEditor.Rendering.UnifiedRayTracing:UnifiedRTShaderImporter)
Imported 'GUID: 94a39d12848d8d64ca962a72b74e7c50' -> (Import Result ID: '4c7a41d6e57f41326de02d9ae0b6965b') in 0.002 seconds [static and dynamic dependencies]. Details - ImportResultOutputID=ed4223d07456b113f3de7bf319f72f6b DependenciesID=dcdf67196cc495c5ae943348a39914a7 StaticDependenciesID=ffb0a11028fb7b99287455d15347e1d8 
Importing 'GUID: 05f7f519769978b79b31d063a7fc6fa1 - Path: Packages/com.unity.modules.unitywebrequestassetbundle/package.json' with importer (PackageManifestImporter)
Imported 'GUID: 05f7f519769978b79b31d063a7fc6fa1' -> (Import Result ID: '57f9aff7f07529738fe659be085c8493') in 0.000 seconds [static dependencies only]. Details - ImportResultOutputID=034e5292045bd5ab82aeb7bf28d749cb DependenciesID=32fabb8b151fe63f008df50e4e0ff789 StaticDependenciesID=2aa32c2534dc9bcb5d0d0a38aeaecd58 
Importing 'GUID: 753d1ac2429a21a44ac5f937cbbb409f - Path: Packages/com.unity.render-pipelines.core/package.json' with importer (PackageManifestImporter)
Imported 'GUID: 753d1ac2429a21a44ac5f937cbbb409f' -> (Import Result ID: 'cc293c5bc9b69d51602efbbf47ab6e4c') in 0.000 seconds [static dependencies only]. Details - ImportResultOutputID=03d7d9047525039f5e491e48e4be33b7 DependenciesID=30dbd8267416e92b2c095fbc34f1c4b4 StaticDependenciesID=716b5d88b74086c89d8da85de65d358d 
Importing 'GUID: 953fab16d15d5885b3600fcd6388b2ad - Path: Packages/com.unity.modules.imageconversion/package.json' with importer (PackageManifestImporter)
Imported 'GUID: 953fab16d15d5885b3600fcd6388b2ad' -> (Import Result ID: '6937f20965d2433fd08b9f13823926f6') in 0.000 seconds [static dependencies only]. Details - ImportResultOutputID=9a89992024d25cf696c949fd94e17bb9 DependenciesID=e5f239e2e18f73deaa4f50beb297213d StaticDependenciesID=b3fea9d2b352a679c8b405a7ce64f941 
Importing 'GUID: b5930dbc378b45d406aeb881f06b6dfa - Path: Packages/com.unity.modules.physicscore2d/package.json' with importer (PackageManifestImporter)
Imported 'GUID: b5930dbc378b45d406aeb881f06b6dfa' -> (Import Result ID: '335aeb3912fba0e17704be379c875718') in 0.000 seconds [static dependencies only]. Details - ImportResultOutputID=12a7bd56fbba929e8dc4264d96bd62ed DependenciesID=d3afc64fd591d51e49ea525037716c27 StaticDependenciesID=33b77f452d30ba430c2e9fbb48a36b74 
Importing 'GUID: d5ac453c34e359d439de9d724772ed3d - Path: Packages/com.unity.shadergraph/package.json' with importer (PackageManifestImporter)
Imported 'GUID: d5ac453c34e359d439de9d724772ed3d' -> (Import Result ID: 'd1ff263904d2756e63188079b03bc43f') in 0.000 seconds [static dependencies only]. Details - ImportResultOutputID=f08cd7c8a106554464717ffb465c33f0 DependenciesID=56c5803d4b976c6a6f81304c86744d33 StaticDependenciesID=afa19c76560dc9d71cd460ecc3258d7e 
Importing 'GUID: f5ba4d424d4566249b3d94cf81a3e916 - Path: Packages/com.unity.render-pipelines.core/Runtime/PathTracing/Shaders/LightmapDirectDirectionalAndEnvironmentIntegration.urtshader' with importer (ScriptedImporter : Unity.Rendering.LightTransport.Editor:UnityEditor.Rendering.UnifiedRayTracing:UnifiedRTShaderImporter)
Imported 'GUID: f5ba4d424d4566249b3d94cf81a3e916' -> (Import Result ID: '882eba713f40493d2d5b37da0a77e629') in 0.002 seconds [static and dynamic dependencies]. Details - ImportResultOutputID=c6d306b6302a72bdf94a867c87ac490d DependenciesID=60caa5a638347516e77a73a4d53f5356 StaticDependenciesID=d4bdfd2147f181839dcd88d16b4cc45b 
Importing 'GUID: 26a4f29db434fd79025c91f6126382cc - Path: Packages/com.unity.modules.unityanalytics/package.json' with importer (PackageManifestImporter)
Imported 'GUID: 26a4f29db434fd79025c91f6126382cc' -> (Import Result ID: '58007aaad1db4b2f22993257254fa723') in 0.000 seconds [static dependencies only]. Details - ImportResultOutputID=9849a0fd59cb101c9ef8806d7b73ee5c DependenciesID=9d5230a9c65db807fa98f2780a5e5fc0 StaticDependenciesID=19771bde3126a64645041e2bfd67579f 
Importing 'GUID: 7624adbeb148b5c48ab5ab660cc2602a - Path: Packages/com.unity.render-pipelines.core/Runtime/PathTracing/Shaders/LightmapIndirectIntegration.urtshader' with importer (ScriptedImporter : Unity.Rendering.LightTransport.Editor:UnityEditor.Rendering.UnifiedRayTracing:UnifiedRTShaderImporter)
Imported 'GUID: 7624adbeb148b5c48ab5ab660cc2602a' -> (Import Result ID: 'a38ad3c336dc2eb05f839de933c03d27') in 0.002 seconds [static and dynamic dependencies]. Details - ImportResultOutputID=12ca6e21998da3eb86ec8baa3cc4465f DependenciesID=34ea0de240a947c7fda563b3ab2a087e StaticDependenciesID=637eaa30376abb268136eb146f59c034 
Importing 'GUID: 96d14b71b907bb52333b2886e665aba6 - Path: Packages/com.unity.modules.video/package.json' with importer (PackageManifestImporter)
Imported 'GUID: 96d14b71b907bb52333b2886e665aba6' -> (Import Result ID: 'ec629efd76ed33fdd850653f83fcb2e1') in 0.000 seconds [static dependencies only]. Details - ImportResultOutputID=7bb455f6c590609569e367d451c9eaac DependenciesID=98a16c26f61b2486f0efd50f43e15b07 StaticDependenciesID=ad179a09fd1ed1aad5a0417462c1aac0 
Importing 'GUID: d6a2e6e4803de7b43baacdc355fc144d - Path: Packages/com.unity.test-framework/package.json' with importer (PackageManifestImporter)
Imported 'GUID: d6a2e6e4803de7b43baacdc355fc144d' -> (Import Result ID: '45803899b75dff850c7c69bb292f3a82') in 0.000 seconds [static dependencies only]. Details - ImportResultOutputID=b85245c2c18a9668379e33fc7fcb3c51 DependenciesID=0bce5952890ab663b1ca4ec6fd3c71e4 StaticDependenciesID=018df15a37e6a4b3682877e8a4b19e24 
Importing 'GUID: 87d720faa37005c08600090e04d8c739 - Path: Packages/com.unity.modules.particlesystem/package.json' with importer (PackageManifestImporter)
Imported 'GUID: 87d720faa37005c08600090e04d8c739' -> (Import Result ID: '1df5a9cecaef489dd441d85c827bfb82') in 0.000 seconds [static dependencies only]. Details - ImportResultOutputID=599f20e24f220ce6206f8878997bdd06 DependenciesID=ba04e18368886bd689f66994a6935a76 StaticDependenciesID=0f728e4cde1d915cb96524dc80f277cf 
Importing 'GUID: f7a8357347c80dc69c08d0b1a05e2122 - Path: Packages/com.unity.modules.physics2d/package.json' with importer (PackageManifestImporter)
Imported 'GUID: f7a8357347c80dc69c08d0b1a05e2122' -> (Import Result ID: 'f3f9cc7486364b5858ab335208b41558') in 0.000 seconds [static dependencies only]. Details - ImportResultOutputID=2a2089d23a749789d624cf8b10f38919 DependenciesID=66de86ce187ac9af74b290e478b59e7c StaticDependenciesID=e141893bff89cbf295bc44470d441989 
Importing 'GUID: 78e5667e52329c3ceef41288763404ae - Path: Packages/com.unity.modules.vectorgraphics/package.json' with importer (PackageManifestImporter)
Imported 'GUID: 78e5667e52329c3ceef41288763404ae' -> (Import Result ID: '827b9ece7eb21c50a11a1c752c3e49be') in 0.000 seconds [static dependencies only]. Details - ImportResultOutputID=8733afcfaecdae9a65a62a542fbdf833 DependenciesID=0fbc0a906d93674f381804b8d10b0849 StaticDependenciesID=7181f82d112539e3d91ef21ad2652435 
Importing 'GUID: b83f06ac0c0696e9563230865ca72b81 - Path: Packages/com.unity.modules.wind/package.json' with importer (PackageManifestImporter)
Imported 'GUID: b83f06ac0c0696e9563230865ca72b81' -> (Import Result ID: 'a8656f25d2cf91e3ca982c71ed653e02') in 0.000 seconds [static dependencies only]. Details - ImportResultOutputID=798de0cf37792f6be40fafe019891a26 DependenciesID=dd9aa48000ccd0dd063210e9eb55b3a0 StaticDependenciesID=de55668f10a1cae6a27a96eac77f7236 
Importing 'GUID: d85e5eeaf8f135aeaaebdc8aa3cff6c3 - Path: Packages/com.unity.modules.umbra/package.json' with importer (PackageManifestImporter)
Imported 'GUID: d85e5eeaf8f135aeaaebdc8aa3cff6c3' -> (Import Result ID: '64cc3a1bf58a40c9e79d1324d4e1ef16') in 0.000 seconds [static dependencies only]. Details - ImportResultOutputID=4c146a7d688e6d2166c4942b24a533e3 DependenciesID=6c28e29c1b829243a4b54d9ecb9ffb70 StaticDependenciesID=6edfc4a1c56e8c63d01589507d7ed00f 
Importing 'GUID: 5951703b3d165764c95c653e98350884 - Path: Packages/com.unity.render-pipelines.core/Runtime/PathTracing/Shaders/LightmapDirectBRDFIntegration.urtshader' with importer (ScriptedImporter : Unity.Rendering.LightTransport.Editor:UnityEditor.Rendering.UnifiedRayTracing:UnifiedRTShaderImporter)
Imported 'GUID: 5951703b3d165764c95c653e98350884' -> (Import Result ID: '9d548ce0418490929c0a02a762237ec4') in 0.002 seconds [static and dynamic dependencies]. Details - ImportResultOutputID=0db17dae0e343f2035d5bdbf6925708f DependenciesID=3ee18fd922c3d51ca36fc9b31499492b StaticDependenciesID=059ad849da4bff5dcc29e3cff7813344 
Importing 'GUID: 99ac6221b6ecd7b479be13e8b9866300 - Path: Packages/com.unity.render-pipelines.core/Tests/Editor/PathTracing/Shaders/TerrainRayMarchingTest.urtshader' with importer (ScriptedImporter : Unity.Rendering.LightTransport.Editor:UnityEditor.Rendering.UnifiedRayTracing:UnifiedRTShaderImporter)
Imported 'GUID: 99ac6221b6ecd7b479be13e8b9866300' -> (Import Result ID: '95096a66bd33e8d0d103a53bbf294a97') in 0.002 seconds [static and dynamic dependencies]. Details - ImportResultOutputID=64c70df4c7dc0e35920781bfa9cc427a DependenciesID=ead848026cc0afff6d85ce83831a7cd3 StaticDependenciesID=dc53200b7c0c8c0e6f9de4f99348b559 
Importing 'GUID: e9f4de6d1e07fb94f9a60d35b618f724 - Path: Packages/com.unity.render-pipelines.core/Runtime/PathTracing/Shaders/LightmapGBufferIntegration.urtshader' with importer (ScriptedImporter : Unity.Rendering.LightTransport.Editor:UnityEditor.Rendering.UnifiedRayTracing:UnifiedRTShaderImporter)
Imported 'GUID: e9f4de6d1e07fb94f9a60d35b618f724' -> (Import Result ID: '40b020d9da2d88379c04877c7cc9b971') in 0.002 seconds [static and dynamic dependencies]. Details - ImportResultOutputID=5b1c11716dad2823d74a7c64a5c322fe DependenciesID=5b08251859bf09e60f80d7f622416958 StaticDependenciesID=3c625e26646b7228663e0de2b2c1d69b 
Importing 'GUID: e9df95f53f1c1d0c9199e235d6c42b50 - Path: Packages/com.unity.modules.audio/package.json' with importer (PackageManifestImporter)
Imported 'GUID: e9df95f53f1c1d0c9199e235d6c42b50' -> (Import Result ID: '9a8fd475b09f068f6093ea8f94bf33c2') in 0.000 seconds [static dependencies only]. Details - ImportResultOutputID=dd50e64e35666ab7aa809aa9c67640e0 DependenciesID=f07260f6ec74bf2f20e60e4417086729 StaticDependenciesID=e268fbe4703ea45e8c6f745ec6462067 
Importing 'GUID: 1a4266815e998967becf686f9c71f0a6 - Path: Packages/com.unity.modules.physics/package.json' with importer (PackageManifestImporter)
Imported 'GUID: 1a4266815e998967becf686f9c71f0a6' -> (Import Result ID: '1c1ea763b3fdd4924ab8c5375bb12361') in 0.000 seconds [static dependencies only]. Details - ImportResultOutputID=51c9b085d6d330face3873f47bdeb94c DependenciesID=efc08e4957367c85def6f0109dc26745 StaticDependenciesID=68a0cfbac14a1f9119ccd29a0d28905d 
Importing 'GUID: 5a2a534753fbdb44e96c3c78b5a6999d - Path: Packages/com.unity.render-pipelines.core/Editor/Lighting/ProbeVolume/DynamicGI/DynamicGISkyOcclusion.urtshader' with importer (ScriptedImporter : Unity.Rendering.LightTransport.Editor:UnityEditor.Rendering.UnifiedRayTracing:UnifiedRTShaderImporter)
Imported 'GUID: 5a2a534753fbdb44e96c3c78b5a6999d' -> (Import Result ID: '35755d0cb4b69923245529b7cca9e286') in 0.002 seconds [static and dynamic dependencies]. Details - ImportResultOutputID=d1ba832f932dfda7a1e754c2e5468431 DependenciesID=e46f11b1ed78e98abfcb25a34a0a245b StaticDependenciesID=72ee5fda06862b709c15f6cbb7db6f05 
Importing 'GUID: 6afb166a156df2d20433d981f4bb2832 - Path: Packages/com.unity.modules.vehicles/package.json' with importer (PackageManifestImporter)
Imported 'GUID: 6afb166a156df2d20433d981f4bb2832' -> (Import Result ID: '427ac2cb5fd6c4af6fc4fca786595c08') in 0.000 seconds [static dependencies only]. Details - ImportResultOutputID=707c224d06d3d86b0e0c675283577f8f DependenciesID=7650ead1c382395276a880f3fbf97bec StaticDependenciesID=245e09dfff64d84a843ba08e0bc8bdb9 
Importing 'GUID: fa27413e9edb06a6058d6c894eca0338 - Path: Packages/com.unity.modules.unitywebrequestwww/package.json' with importer (PackageManifestImporter)
Imported 'GUID: fa27413e9edb06a6058d6c894eca0338' -> (Import Result ID: 'ceaf2b363342015c0784bd7da5e3761d') in 0.000 seconds [static dependencies only]. Details - ImportResultOutputID=c53c1407298d003a4df162739fd8b6e3 DependenciesID=c205e8ce220e67039e99360b1eeab0e3 StaticDependenciesID=b3886e20f6647ad9dda07a4116cc30ec 
Importing 'GUID: 4b518b37798c97b0f860962cbf615533 - Path: Packages/com.unity.modules.unitywebrequestaudio/package.json' with importer (PackageManifestImporter)
Imported 'GUID: 4b518b37798c97b0f860962cbf615533' -> (Import Result ID: '2e922349c5a7c213b55edb4de38e460f') in 0.000 seconds [static dependencies only]. Details - ImportResultOutputID=d5c366ffefc51e328c5f1d22060e1b93 DependenciesID=e85c58c5e0cdb04e9da54e968d78786e StaticDependenciesID=4cf61b3e504ad54fe656661add038048 
Importing 'GUID: 5bbebdef5916845478fcef13fa10d89f - Path: Packages/com.unity.render-pipelines.core/Runtime/PathTracing/Shaders/LightmapDirectStochasticLightIntegration.urtshader' with importer (ScriptedImporter : Unity.Rendering.LightTransport.Editor:UnityEditor.Rendering.UnifiedRayTracing:UnifiedRTShaderImporter)
Imported 'GUID: 5bbebdef5916845478fcef13fa10d89f' -> (Import Result ID: '6d870220730e557635ad6342114f563b') in 0.002 seconds [static and dynamic dependencies]. Details - ImportResultOutputID=317ebf6908705eca1c39447a588e5f84 DependenciesID=636163982b5b44ad506062f966a58b70 StaticDependenciesID=471ca71b6b19c4611a46691a7356c8a6 
Importing 'GUID: 9b1a5759726ef9d39a0ab82047b615f1 - Path: Packages/com.unity.modules.hierarchycore/package.json' with importer (PackageManifestImporter)
Imported 'GUID: 9b1a5759726ef9d39a0ab82047b615f1' -> (Import Result ID: 'cd6e5823db696bf00ee2e28ceb470b0b') in 0.000 seconds [static dependencies only]. Details - ImportResultOutputID=c5273c29b22b21d56134ce8289d506f4 DependenciesID=980c75d015977560c7529502741d852c StaticDependenciesID=d32c07cf20487af6b7fb9c63a9993c95 
Importing 'GUID: 1c410815c01ce1d4d82c645c0cd45747 - Path: Packages/com.unity.render-pipelines.core/Runtime/PathTracing/Shaders/LightmapAOIntegration.urtshader' with importer (ScriptedImporter : Unity.Rendering.LightTransport.Editor:UnityEditor.Rendering.UnifiedRayTracing:UnifiedRTShaderImporter)
Imported 'GUID: 1c410815c01ce1d4d82c645c0cd45747' -> (Import Result ID: '4986f5cafe5d52347494740960118727') in 0.002 seconds [static and dynamic dependencies]. Details - ImportResultOutputID=4093b465de0996e7389d366611494ed3 DependenciesID=d65c4306e0934b7fd8c5094d638e26bb StaticDependenciesID=219d1b7269d01f2442d424f53e04d073 
Importing 'GUID: 2c814623cb42764d304be0c5ddd03ceb - Path: Packages/com.unity.modules.xr/package.json' with importer (PackageManifestImporter)
Imported 'GUID: 2c814623cb42764d304be0c5ddd03ceb' -> (Import Result ID: '9a95f6b5a7516444ab60cb0653c532b3') in 0.000 seconds [static dependencies only]. Details - ImportResultOutputID=3fc3435fccc2112b33ddd9b17fbb4471 DependenciesID=721698b05d3552c385612cd0c2125f4f StaticDependenciesID=413ecbc7a897f290f9f8c9239009e58c 
Importing 'GUID: 2c32233d92a2d0745930664c087c5c9a - Path: Packages/com.unity.render-pipelines.core/Runtime/PathTracing/Shaders/ProbeIntegrationValidity.urtshader' with importer (ScriptedImporter : Unity.Rendering.LightTransport.Editor:UnityEditor.Rendering.UnifiedRayTracing:UnifiedRTShaderImporter)
Imported 'GUID: 2c32233d92a2d0745930664c087c5c9a' -> (Import Result ID: '87fa160c6b1322394017414c6ec27606') in 0.002 seconds [static and dynamic dependencies]. Details - ImportResultOutputID=e8249f0a7e7fa3d100f88dc2c9285cef DependenciesID=6ffbc7e0f37d75ae658b4f30b076dfed StaticDependenciesID=89ce6b5e76d568c473e42bb2e82d857d 
Importing 'GUID: 4c413a81cadcce7038e446e56570117e - Path: Packages/com.unity.modules.adaptiveperformance/package.json' with importer (PackageManifestImporter)
Imported 'GUID: 4c413a81cadcce7038e446e56570117e' -> (Import Result ID: '71432847c635a1def0cbe13b3dcf1af1') in 0.000 seconds [static dependencies only]. Details - ImportResultOutputID=038584777620e7109cffebf720f12591 DependenciesID=2cca13ab3da739eaae65095962865788 StaticDependenciesID=4e3877d3945e35f2b1a32763767a0862 
Importing 'GUID: ace95ac84e213794891b4bd7c9b3c158 - Path: Packages/com.unity.render-pipelines.core/Runtime/PathTracing/Shaders/LightmapValidityIntegration.urtshader' with importer (ScriptedImporter : Unity.Rendering.LightTransport.Editor:UnityEditor.Rendering.UnifiedRayTracing:UnifiedRTShaderImporter)
Imported 'GUID: ace95ac84e213794891b4bd7c9b3c158' -> (Import Result ID: 'a60079815119abf61c9d5be518f84b31') in 0.002 seconds [static and dynamic dependencies]. Details - ImportResultOutputID=abac020e34cdeb041d6abe74a96469f7 DependenciesID=997f591f80d79123d856087742dde5bc StaticDependenciesID=af3a8789fbe725883be9c99ebb7cf5e2 
Importing 'GUID: ec02776fe29df900b897106d61977735 - Path: Packages/com.unity.modules.director/package.json' with importer (PackageManifestImporter)
Imported 'GUID: ec02776fe29df900b897106d61977735' -> (Import Result ID: 'f306582db0a67f34c2ea4fe066ab7378') in 0.000 seconds [static dependencies only]. Details - ImportResultOutputID=c2c95c2e44325e1c7bac81e8c5834f8f DependenciesID=edfcb3e4004d229713ef6d1748716d22 StaticDependenciesID=bf409faa275a2b0c74deccccf6596876 
Importing 'GUID: 6d56244f8c39a851975d3c0bd432c66f - Path: Packages/com.unity.modules.terrain/package.json' with importer (PackageManifestImporter)
Imported 'GUID: 6d56244f8c39a851975d3c0bd432c66f' -> (Import Result ID: '2bbcf80a3e584bb6c9cf9dbaf43efe56') in 0.000 seconds [static dependencies only]. Details - ImportResultOutputID=90502d6040aeadff5802490839dbfee1 DependenciesID=fab4b86cd00b4fce9cda8e4348874541 StaticDependenciesID=993556da7b89ddaffe6f0c99edcba35b 
Importing 'GUID: bd605698a338c4de88bb5b3c4632af68 - Path: Packages/com.unity.collections/package.json' with importer (PackageManifestImporter)
Imported 'GUID: bd605698a338c4de88bb5b3c4632af68' -> (Import Result ID: '1ad52041708c3a0efcd4c07631550a0f') in 0.000 seconds [static dependencies only]. Details - ImportResultOutputID=92b19873f9a6cbe7aa4710f6cfabd050 DependenciesID=1519ea70c613b25ce55527457018cee0 StaticDependenciesID=0101bda5764ea91b3b71ec849f58be20 
Importing 'GUID: bd1af0a6633ee94ae21c7d1d702cdc12 - Path: Packages/com.unity.modules.androidjni/package.json' with importer (PackageManifestImporter)
Imported 'GUID: bd1af0a6633ee94ae21c7d1d702cdc12' -> (Import Result ID: 'c8eb1833efe8e4eb85e56a45144f91a9') in 0.000 seconds [static dependencies only]. Details - ImportResultOutputID=d8e18e22f7cdfb17b302bb640c48380a DependenciesID=88e536a76047426dcc1e9e1ea4f686e4 StaticDependenciesID=21eca367ba0f562905a289ef8a4ce2fb 
Importing 'GUID: 5ecdabd800f05984696f22ba95284516 - Path: Packages/com.unity.render-pipelines.core/Runtime/PathTracing/Shaders/ProbeIntegrationIndirect.urtshader' with importer (ScriptedImporter : Unity.Rendering.LightTransport.Editor:UnityEditor.Rendering.UnifiedRayTracing:UnifiedRTShaderImporter)
Imported 'GUID: 5ecdabd800f05984696f22ba95284516' -> (Import Result ID: '28b8854de8b0fa0caa8bfd482090e3a7') in 0.002 seconds [static and dynamic dependencies]. Details - ImportResultOutputID=7ae505ae281acd0a56eb2a7c2c58cbe6 DependenciesID=46b1f20f20c0bbee9d22364278fe9a85 StaticDependenciesID=1ad901001e2e557153e1de5753d25220 
Importing 'GUID: 6e0b547bab30a804c8123974120d583f - Path: Packages/com.unity.render-pipelines.core/Tests/Runtime/PathTracing/PathIteratorTest.urtshader' with importer (ScriptedImporter : Unity.Rendering.LightTransport.Editor:UnityEditor.Rendering.UnifiedRayTracing:UnifiedRTShaderImporter)
Imported 'GUID: 6e0b547bab30a804c8123974120d583f' -> (Import Result ID: 'b37a30cb941f6dec7d3cb90992925631') in 0.002 seconds [static and dynamic dependencies]. Details - ImportResultOutputID=320b0dd2e145c8ce8a90cd4647d788d7 DependenciesID=11f1f2165cb1dacdf4cccbe623e75534 StaticDependenciesID=e24ea404bb4dabe55ffbcaa7b840b299 
Importing 'GUID: 7ef8348b8ea834d7e1bc214b07f7fb87 - Path: Packages/com.unity.modules.animation/package.json' with importer (PackageManifestImporter)
Imported 'GUID: 7ef8348b8ea834d7e1bc214b07f7fb87' -> (Import Result ID: '4cedd5d8a5f85afffbb4104145632e3c') in 0.000 seconds [static dependencies only]. Details - ImportResultOutputID=f0395056a319dcc75221c01663f54258 DependenciesID=9ed3cd840b867a0e993924e005f0563a StaticDependenciesID=502ba29d34a7eaa356d268e861452a60 
Importing 'GUID: de3013e16d99f2746ab1735ec06a660b - Path: Packages/com.unity.render-pipelines.core/Runtime/PathTracing/Shaders/ProbeIntegrationOcclusion.urtshader' with importer (ScriptedImporter : Unity.Rendering.LightTransport.Editor:UnityEditor.Rendering.UnifiedRayTracing:UnifiedRTShaderImporter)
Imported 'GUID: de3013e16d99f2746ab1735ec06a660b' -> (Import Result ID: '850e67f164ee7c9101914b476c1052a3') in 0.002 seconds [static and dynamic dependencies]. Details - ImportResultOutputID=47a1942229b943f2f03e3b61acc1de6f DependenciesID=fe4360fc829300402c5b8d38553e3403 StaticDependenciesID=d23a0c4a2896e547ad436f2fd232bb27 
Importing 'GUID: fe7f1a959d1d3f544a208b7e8805e6cd - Path: Packages/com.unity.render-pipelines.core/Runtime/PathTracing/Shaders/ProbeIntegrationDirectDirectionalAndEnvironment.urtshader' with importer (ScriptedImporter : Unity.Rendering.LightTransport.Editor:UnityEditor.Rendering.UnifiedRayTracing:UnifiedRTShaderImporter)
Imported 'GUID: fe7f1a959d1d3f544a208b7e8805e6cd' -> (Import Result ID: '4f5ed8464c8406323685b3c60e542338') in 0.002 seconds [static and dynamic dependencies]. Details - ImportResultOutputID=33b6d689f9ec9a5ca554dc29a0b93f8b DependenciesID=1b43d4f7f1143bf9c7416b32e703eec7 StaticDependenciesID=b8525778ccd6bf87644fae631483c773 
Importing 'GUID: 1f9bfe60b4ad75943a5281839c1a4e5c - Path: Packages/com.unity.render-pipelines.core/Runtime/PathTracing/Shaders/ProbeIntegrationDirectStochasticLight.urtshader' with importer (ScriptedImporter : Unity.Rendering.LightTransport.Editor:UnityEditor.Rendering.UnifiedRayTracing:UnifiedRTShaderImporter)
Imported 'GUID: 1f9bfe60b4ad75943a5281839c1a4e5c' -> (Import Result ID: 'e91259d540221ae41207b916aff0cc27') in 0.002 seconds [static and dynamic dependencies]. Details - ImportResultOutputID=de918b5954e5001b33ee23690da91283 DependenciesID=054a69bd9dd3b5773904007812415e91 StaticDependenciesID=bb23e9aed0fe8778db1283cad6c57003 
Importing 'GUID: 3fdd83b151eb8d25c5e2f82fc39dcb04 - Path: Packages/com.unity.modules.unitywebrequest/package.json' with importer (PackageManifestImporter)
Imported 'GUID: 3fdd83b151eb8d25c5e2f82fc39dcb04' -> (Import Result ID: 'e5571088788d23fd4428e22f22f6a7db') in 0.000 seconds [static dependencies only]. Details - ImportResultOutputID=fb8e163230bc012e15d941d177bea461 DependenciesID=c91d13f21e3bccad2ef7e00744c5338f StaticDependenciesID=1d0d866e68fcd5cfddcc71e552e10922 
Importing 'GUID: 4f0f9b9f3ed97ad2b9ba8f1a8e4666c2 - Path: Packages/com.unity.modules.uielements/package.json' with importer (PackageManifestImporter)
Imported 'GUID: 4f0f9b9f3ed97ad2b9ba8f1a8e4666c2' -> (Import Result ID: '1bfc9901bb418f11ca0fe621fc71cb09') in 0.002 seconds [static dependencies only]. Details - ImportResultOutputID=5e68ba001faff14c1f83189ade4f3a4c DependenciesID=f491a41b1d4b31d83eae0f98a02c8ece StaticDependenciesID=420466f27035391e9a7f45e6db91820b 
Importing 'GUID: 5f23a75ebd8dc4ad0a7515c06ffbe647 - Path: Packages/com.unity.burst/package.json' with importer (PackageManifestImporter)
Imported 'GUID: 5f23a75ebd8dc4ad0a7515c06ffbe647' -> (Import Result ID: '7ea84ad638c0601328b2bf1d4ac44b72') in 0.000 seconds [static dependencies only]. Details - ImportResultOutputID=f9c759c965da25333d71bf51213590b2 DependenciesID=35971f218a3dcea784cc7133673cf067 StaticDependenciesID=8bbb3e0e964dfadccbbbc5ac46c4c632 
Importing 'GUID: bfd567a3d1631a761bca9e99fa53d86d - Path: Packages/com.unity.modules.ui/package.json' with importer (PackageManifestImporter)
Imported 'GUID: bfd567a3d1631a761bca9e99fa53d86d' -> (Import Result ID: '71527be87ea8332350c2bf76566808c9') in 0.000 seconds [static dependencies only]. Details - ImportResultOutputID=070ad3ec6f93776b9863adf83de66b8a DependenciesID=1f402c60828fd6721e0203754a1dac0a StaticDependenciesID=31160e5343129fb35579ace2b4415f68 
Importing 'GUID: ff2cbab5da58bf04d82c5f34037ed123 - Path: Packages/com.unity.render-pipelines.core/Editor/Lighting/ProbeVolume/VirtualOffset/TraceVirtualOffset.urtshader' with importer (ScriptedImporter : Unity.Rendering.LightTransport.Editor:UnityEditor.Rendering.UnifiedRayTracing:UnifiedRTShaderImporter)
Imported 'GUID: ff2cbab5da58bf04d82c5f34037ed123' -> (Import Result ID: '1d4abfdca46780cb63ebb5c326f032a7') in 0.002 seconds [static and dynamic dependencies]. Details - ImportResultOutputID=42715fd27dc91017608cba6fbd07cbb5 DependenciesID=2459897d3b21552e5cc8f772068b5acb StaticDependenciesID=577fb2ca56f9c9cef1dba593cc7f61b6 
Importing 'GUID: 91529c2350cce4a0eae08093c4300e94 - Path: Assets/IndieMarc/PlatformerDemo/Prefabs/TreeBackground.prefab' with importer (PrefabImporter)
Serialized file "Assets/IndieMarc/PlatformerDemo/Prefabs/TreeBackground.prefab" contains a GameObject object at version 5, below the supported minimum (6). Open and re-save the file to upgrade.
Imported 'GUID: 91529c2350cce4a0eae08093c4300e94' -> (Import Result ID: '271c8b70aa7e561a8d343b078e27e31e') in 0.002 seconds [static and dynamic dependencies]. Details - ImportResultOutputID=507487af77d5bcdf4dbf004e24b042f1 DependenciesID=8cfd3a7b259e1b5c765c843e091e55f4 StaticDependenciesID=8119b8da8035b0ee1b623d1231b8effb 
WARNING: Shader Unsupported: 'Hidden/Universal Render Pipeline/Terrain/Lit (Base Pass)' - All subshaders removed
WARNING: Shader Did you use #pragma only_renderers and omit this platform?
WARNING: Shader If subshaders removal was intentional, you may have forgotten turning Fallback off?
WARNING: Shader Unsupported: 'Universal Render Pipeline/Terrain/Lit' - All subshaders removed
WARNING: Shader Did you use #pragma only_renderers and omit this platform?
WARNING: Shader If subshaders removal was intentional, you may have forgotten turning Fallback off?
Launched and connected shader compiler UnityShaderCompiler after 0.01 seconds
Launched and connected shader compiler UnityShaderCompiler after 0.01 seconds
Launched and connected shader compiler UnityShaderCompiler after 0.01 seconds
Launched and connected shader compiler UnityShaderCompiler after 0.01 seconds
Launched and connected shader compiler UnityShaderCompiler after 0.01 seconds
Launched and connected shader compiler UnityShaderCompiler after 0.01 seconds
Launched and connected shader compiler UnityShaderCompiler after 0.01 seconds
Launched and connected shader compiler UnityShaderCompiler after 0.01 seconds
Launched and connected shader compiler UnityShaderCompiler after 0.01 seconds
Launched and connected shader compiler UnityShaderCompiler after 0.01 seconds
Launched and connected shader compiler UnityShaderCompiler after 0.01 seconds
Launched and connected shader compiler UnityShaderCompiler after 0.01 seconds
Launched and connected shader compiler UnityShaderCompiler after 0.01 seconds
Launched and connected shader compiler UnityShaderCompiler after 0.02 seconds
Refreshing native plugins compatible for Editor in 22.17 ms, found 0 plugins.

Asset Pipeline Refresh (id=f9b1cc4a163a5f81681d2ea2c42d8e6d): Total: 19.747 seconds - Initiated by InitialRefreshV2(ForceSynchronousImport)
	(Values over 0.05ms)
	Summary:
		Imports: total=337 (actual=337, local cache=0, cache server=0)
		Asset DB Process Time: managed=13 ms, native=5636 ms
		Asset DB Callback time: managed=302 ms, native=1282 ms
		Scripting: domain reloads=1, domain reload time=591 ms, compile time=11886 ms, other=33 ms
		Project Asset Count: scripts=1401, non-scripts=2575
		Asset File Changes: new=13, changed=179, moved=0, deleted=13
		Scan Filter Count: 1
	InvokePackagesCallback: 897.554ms
	ApplyChangesToAssetFolders: 0.305ms
	Scan: 391.461ms
	Collect global state as custom dependencies: 6.385ms
	OnSourceAssetsModified: 1.219ms
	CategorizeScriptCompilationAssets: 29.729ms
	ProcessAssetsWithTransientArtifactChanges: 55.885ms
	CategorizeAssets: 26.688ms
	CompileScripts: 11886.482ms
	ImportOutOfDateAssets: 4999.309ms (501.620ms without children)
		ImportManagerImport: 4471.126ms (98.286ms without children)
			UpdateCategorizedAssets: 4.487ms
		UnloadImportedAssets: 4.967ms
		ReloadImportedAssets: 31.499ms
		EnsureUptoDateAssetsAreRegisteredWithGuidPM: 0.429ms
		ImportSchedulerStart: 21.167ms
	PostProcessAllAssets: 659.068ms
		ShaderAssetModifiedCallback 320.358ms
		ComputeShaderImportPostprocess 24.302ms
		RaytracingShaderImportPostprocess 2.653ms
		VCAutoAddAssetPostprocess 0.713ms
		PostProcessCallbackCreateDeferredMaterials 0.562ms
		SpeedTreeImporter.PostprocessAllAssets 0.280ms
		AssemblyValidation.PostprocessAllAssets 0.261ms
		LocalizationDatabase.AssetDatabasePostprocessCallback 0.255ms
		XRBuildSystem.XRAssetImported 0.251ms
		BlockShaderImporter.PostprocessAllAssets 0.246ms
		MonoPostProcessAllAssets: 301.479ms
			UniversalRenderPipelineGlobalSettingsPostprocessor.OnPostprocessAllAssets 90.054ms
			AssetPostprocessor.OnPostprocessAllAssets 70.653ms
			ShaderGraphAssetPostProcessor.OnPostprocessAllAssets 32.393ms
			StyleCatalogPostProcessor.OnPostprocessAllAssets 21.527ms
			RetainedModeAssetPostprocessor.OnPostprocessAllAssets 11.826ms
			SpeedTree9Postprocessor.OnPostprocessAllAssets 10.555ms
			BuilderAssetPostprocessor.OnPostprocessAllAssets 10.536ms
			AssetChangedListener.OnPostprocessAllAssets 9.856ms
			MaterialPostprocessor.OnPostprocessAllAssets 4.218ms
			TextAssetPostProcessor.OnPostprocessAllAssets 4.092ms
			PostProcessor.OnPostprocessAllAssets 3.832ms
			InputActionAssetPostprocessor.OnPostprocessAllAssets 3.081ms
			InputActionJsonNameModifierAssetProcessor.OnPostprocessAllAssets 3.012ms
			ProjectSettingsPostprocessor.OnPostprocessAllAssets 2.424ms
			WindowAssetPostprocessingWatcher.OnPostprocessAllAssets 1.150ms
			ReferencedClipsPostProcessor.OnPostprocessAllAssets 0.735ms
			ShaderReflectionAssetPostProcessor.OnPostprocessAllAssets 0.715ms
			UVCSAssetPostprocessor.OnPostprocessAllAssets 0.633ms
			EditModeScopePostprocessor.OnPostprocessAllAssets 0.582ms
			SpeedTreePostProcessor.OnPostprocessAllAssets 0.525ms
			ArtifactBrowserPostProcessor.OnPostprocessAllAssets 0.477ms
			TerrainToolbarOverlayPostProcessor.OnPostprocessAllAssets 0.419ms
			AssetProcessor.OnPostprocessAllAssets 0.323ms
			AssetEvents.OnPostprocessAllAssets 0.309ms
			AudioMixerPostprocessor.OnPostprocessAllAssets 0.242ms
			ThemePostprocessor.OnPostprocessAllAssets 0.222ms
			TMPro_TexturePostProcessor.OnPostprocessAllAssets 0.183ms
			SamplePostprocessor.OnPostprocessAllAssets 0.175ms
			SyncVS.PostprocessSyncProject 0.135ms
			AssetDatabaseCallbacks.OnPostprocessAllAssets 0.127ms
			ConfigAssetsTracker.OnPostprocessAllAssets 0.117ms
			RenderPipelineGlobalSettingsPostprocessor.OnPostprocessAllAssets 0.105ms
			ScenarioDriftAssetsTracker.OnPostprocessAllAssets 0.097ms
			AudioContainerPostProcessor.OnPostprocessAllAssets 0.077ms
			AssetReloadNotifier.OnPostprocessAllAssets 0.074ms
	PostAssetChangesProfiler: 28.259ms
	UnloadStreamsBegin: 3.116ms
	PersistCurrentRevisions: 0.461ms
	GenerateScriptTypeHashes: 1.289ms
	GenerateScriptTypeSerializationHashes: 2.433ms
	Untracked: 707.652ms

Application.AssetDatabase Initial Refresh End
Launched and connected shader compiler UnityShaderCompiler after 0.02 seconds
Launched and connected shader compiler UnityShaderCompiler after 0.02 seconds
Launched and connected shader compiler UnityShaderCompiler after 0.01 seconds
Launched and connected shader compiler UnityShaderCompiler after 0.01 seconds
Launched and connected shader compiler UnityShaderCompiler after 0.01 seconds
Launched and connected shader compiler UnityShaderCompiler after 0.02 seconds
Launched and connected shader compiler UnityShaderCompiler after 0.01 seconds
Launched and connected shader compiler UnityShaderCompiler after 0.01 seconds
Launched and connected shader compiler UnityShaderCompiler after 0.02 seconds
Launched and connected shader compiler UnityShaderCompiler after 0.02 seconds
Launched and connected shader compiler UnityShaderCompiler after 0.02 seconds
Launched and connected shader compiler UnityShaderCompiler after 0.02 seconds
Launched and connected shader compiler UnityShaderCompiler after 0.02 seconds
Launched and connected shader compiler UnityShaderCompiler after 0.02 seconds
Launched and connected shader compiler UnityShaderCompiler after 0.02 seconds
Launched and connected shader compiler UnityShaderCompiler after 0.02 seconds
Launched and connected shader compiler UnityShaderCompiler after 0.02 seconds
Scanning for USB devices : 2.503ms
Initializing Unity extensions:
UpdateMenuTitleForLanguage: 10
[MODES] ModeService[none].Initialize
[MODES] ModeService[none].LoadModes
[MODES] Loading mode Default (0) for mode-current-id-OPD_laba_2
LightingSettings: switching bake backend from 2 to 1.
Unloading 195 Unused Serialized files (Serialized files now loaded: 0)
Loaded scene 'Assets/IndieMarc/PlatformerDemo/PlatformerDemo.unity'
	Deserialize:            3.220 ms
	Integration:            48.168 ms
	Integration of assets:  0.009 ms
	Thread Wait Time:       0.018 ms
	Total Operation Time:   51.416 ms
Unloading 6844 unused Assets / (16.1 MB). Loaded Objects now: 8100.
Memory consumption went from 336.7 MB to 320.6 MB.
Total: 16.384270 ms (FindLiveObjects: 0.676931 ms CreateObjectMapping: 0.366802 ms MarkObjects: 10.644070 ms  DeleteObjects: 4.357623 ms)

[LAYOUT] About to load UserSettings/Layouts/default-6000.dwlt, keepMainWindow=False
Unhandled description string [
Unhandled description string ]
GLX Extensions: GLX_ARB_get_proc_address GLX_ARB_multisample GLX_EXT_visual_info GLX_EXT_visual_rating GLX_SGIX_fbconfig GLX_SGIX_pbuffer GLX_SGI_swap_control GLX_EXT_swap_control GLX_EXT_buffer_age GLX_ARB_create_context GLX_ARB_create_context_profile GLX_ARB_fbconfig_float GLX_EXT_fbconfig_packed_float GLX_EXT_framebuffer_sRGB GLX_NV_copy_image GLX_NV_copy_buffer GLX_EXT_create_context_es_profile GLX_EXT_create_context_es2_profile GLX_ARB_create_context_no_error GLX_ARB_create_context_robustness GLX_ARB_context_flush_control 
GLX Extensions: GLX_ARB_get_proc_address GLX_ARB_multisample GLX_EXT_visual_info GLX_EXT_visual_rating GLX_SGIX_fbconfig GLX_SGIX_pbuffer GLX_SGI_swap_control GLX_EXT_swap_control GLX_EXT_buffer_age GLX_ARB_create_context GLX_ARB_create_context_profile GLX_ARB_fbconfig_float GLX_EXT_fbconfig_packed_float GLX_EXT_framebuffer_sRGB GLX_NV_copy_image GLX_NV_copy_buffer GLX_EXT_create_context_es_profile GLX_EXT_create_context_es2_profile GLX_ARB_create_context_no_error GLX_ARB_create_context_robustness GLX_ARB_context_flush_control 
GLX Extensions: GLX_ARB_get_proc_address GLX_ARB_multisample GLX_EXT_visual_info GLX_EXT_visual_rating GLX_SGIX_fbconfig GLX_SGIX_pbuffer GLX_SGI_swap_control GLX_EXT_swap_control GLX_EXT_buffer_age GLX_ARB_create_context GLX_ARB_create_context_profile GLX_ARB_fbconfig_float GLX_EXT_fbconfig_packed_float GLX_EXT_framebuffer_sRGB GLX_NV_copy_image GLX_NV_copy_buffer GLX_EXT_create_context_es_profile GLX_EXT_create_context_es2_profile GLX_ARB_create_context_no_error GLX_ARB_create_context_robustness GLX_ARB_context_flush_control 
GLX Extensions: GLX_ARB_get_proc_address GLX_ARB_multisample GLX_EXT_visual_info GLX_EXT_visual_rating GLX_SGIX_fbconfig GLX_SGIX_pbuffer GLX_SGI_swap_control GLX_EXT_swap_control GLX_EXT_buffer_age GLX_ARB_create_context GLX_ARB_create_context_profile GLX_ARB_fbconfig_float GLX_EXT_fbconfig_packed_float GLX_EXT_framebuffer_sRGB GLX_NV_copy_image GLX_NV_copy_buffer GLX_EXT_create_context_es_profile GLX_EXT_create_context_es2_profile GLX_ARB_create_context_no_error GLX_ARB_create_context_robustness GLX_ARB_context_flush_control 
GLX Extensions: GLX_ARB_get_proc_address GLX_ARB_multisample GLX_EXT_visual_info GLX_EXT_visual_rating GLX_SGIX_fbconfig GLX_SGIX_pbuffer GLX_SGI_swap_control GLX_EXT_swap_control GLX_EXT_buffer_age GLX_ARB_create_context GLX_ARB_create_context_profile GLX_ARB_fbconfig_float GLX_EXT_fbconfig_packed_float GLX_EXT_framebuffer_sRGB GLX_NV_copy_image GLX_NV_copy_buffer GLX_EXT_create_context_es_profile GLX_EXT_create_context_es2_profile GLX_ARB_create_context_no_error GLX_ARB_create_context_robustness GLX_ARB_context_flush_control 
GLX Extensions: GLX_ARB_get_proc_address GLX_ARB_multisample GLX_EXT_visual_info GLX_EXT_visual_rating GLX_SGIX_fbconfig GLX_SGIX_pbuffer GLX_SGI_swap_control GLX_EXT_swap_control GLX_EXT_buffer_age GLX_ARB_create_context GLX_ARB_create_context_profile GLX_ARB_fbconfig_float GLX_EXT_fbconfig_packed_float GLX_EXT_framebuffer_sRGB GLX_NV_copy_image GLX_NV_copy_buffer GLX_EXT_create_context_es_profile GLX_EXT_create_context_es2_profile GLX_ARB_create_context_no_error GLX_ARB_create_context_robustness GLX_ARB_context_flush_control 
[LAYOUT] About to save layout /home/mage/opd-lab-2/UserSettings/Layouts/default-6000.dwlt
[LAYOUT] About to save layout /home/mage/.config/unity3d/Preferences/Editor-5.x/Layouts/current/default-6000.dwlt
[MODES] ModeService[default].InitializeCurrentMode
[MODES] ModeService[default].RaiseModeChanged(default, default)
This project uses Input Manager, which is marked for deprecation. To manage input in your project, use the <a href="https://docs.unity3d.com/Packages/com.unity.inputsystem@latest">Input System package</a> instead.
Unhandled description string [
Unhandled description string ]
Unhandled description string [
Unhandled description string ]
[Project] Loading completed in 30.073 seconds
	Project init time: 				28.757 seconds
		Template init time: 		0.000 seconds
		Package Manager init time: 		0.117 seconds
		Asset Database init time: 		0.121 seconds
		Global illumination init time: 	0.003 seconds
		Assemblies load time: 			4.399 seconds
		Unity extensions init time: 	0.013 seconds
		Asset Database refresh time: 	19.750 seconds
	Scene opening time: 			0.742 seconds
##utp:{"type":"ProjectInfo","version":2,"phase":"Immediate","time":1790951055999,"processId":408409,"projectLoad":30.072953826000003,"projectInit":28.757472422,"templateInit":0.0,"packageManagerInit":0.117388142,"assetDatabaseInit":0.12086066,"globalIlluminationInit":0.0030279,"assembliesLoad":4.39894861,"unityExtensionsInit":0.012708979,"assetDatabaseRefresh":19.75027844,"sceneOpening":0.7422644}
##utp:{"type":"EditorInfo","version":2,"phase":"Immediate","time":1790951055999,"processId":408409,"editorVersion":"6000.6.3f1 (45d8eee7de74)","branch":"6000.6/staging","buildType":"Release","platform":"Linux"}
Asset Pipeline Refresh (id=f41a8905252dfda0c80c3ed890c21885): Total: 0.152 seconds - Initiated by RefreshV2(AllowForceSynchronousImport)
Asset Pipeline Refresh (id=d4b1356ce8b97c6d8896e6079ea19bb6): Total: 0.050 seconds - Initiated by RefreshV2(ForceSynchronousImport)
[MODES] ModeService[default].LoadModes
[Licensing::Client] Successfully resolved entitlement details
Start Indexing on Editor startup
[Indexing] Starting Initial Indexing for Assets
Unhandled description string [
Unhandled description string ]
[UnityConnectServicesConfig] Service configuration:
    "servicesConfigBaseUrl": "",
    "disableServicesWindow": false,
    "disableUserLogin": false,
    "entitlementCacheTimeoutInSeconds": 60,
    "clientConnectTimeoutSec": 60,
    "clientHandshakeTimeoutSec": 30,
    "clientResolveEntitlementsTimeoutSec": 30,
    "clientUpdateLicenseTimeoutSec": 30,
    "licensingServiceBaseUrl": "",
    "enableProxyAutoconfig": "false"

Created GICache directory at /home/mage/.cache/unity3d/GiCache. Took: 0.001s, timestamps: [30.394 - 30.394]
[Licensing::Client] Successfully resolved entitlement details
[Licensing::Client] Successfully resolved entitlement details
[Licensing::Client] Successfully updated the access token
[Licensing::Module] Successfully updated access token: "v95RQ5uS"... (expires: 2026-10-02T16:09:24Z)
[Licensing::Client] Successfully resolved entitlement details
Starting new worker id: 1 with log in /home/mage/opd-lab-2/Logs/AssetImportWorkerHW1.log
[UnityConnectServicesConfig] Local config successfully read: "/usr/share/unity3d/config/services-config.json"
[UnityConnectServicesConfig] Service configuration:
    "servicesConfigBaseUrl": "",
    "disableServicesWindow": false,
    "disableUserLogin": false,
    "entitlementCacheTimeoutInSeconds": 60,
    "clientConnectTimeoutSec": 60,
    "clientHandshakeTimeoutSec": 30,
    "clientResolveEntitlementsTimeoutSec": 30,
    "clientUpdateLicenseTimeoutSec": 30,
    "licensingServiceBaseUrl": "",
    "enableProxyAutoconfig": "false"

[Worker0] Imported GUID: 238833eb2176e7d429d5020dc9232155 - Path: Packages/com.unity.2d.tilemap/Editor/Icons/d_Grid.FlipX.png - Importer: ScriptedImporter/UnityEditor.QuickSearchModule:UnityEditor.Search:ASIAI0B -> (ImportResultId: 'e952a15bf876ac0c5fd48aec11f3e8e8') in 0.091410453 seconds
Starting new worker id: 2 with log in /home/mage/opd-lab-2/Logs/AssetImportWorkerHW2.log
[Worker0] Imported GUID: ce7c098d3ea5489fa6ab87ebfef6bbd4 - Path: Packages/com.unity.2d.tilemap/Editor/UI/External/GridView.cs - Importer: ScriptedImporter/UnityEditor.QuickSearchModule:UnityEditor.Search:ASIAI0B -> (ImportResultId: '5450335231e454c0625db6ee588fede3') in 0.00829539 seconds
[UnityConnectServicesConfig] Local config successfully read: "/usr/share/unity3d/config/services-config.json"
[UnityConnectServicesConfig] Service configuration:
    "servicesConfigBaseUrl": "",
    "disableServicesWindow": false,
    "disableUserLogin": false,
    "entitlementCacheTimeoutInSeconds": 60,
    "clientConnectTimeoutSec": 60,
    "clientHandshakeTimeoutSec": 30,
    "clientResolveEntitlementsTimeoutSec": 30,
    "clientUpdateLicenseTimeoutSec": 30,
    "licensingServiceBaseUrl": "",
    "enableProxyAutoconfig": "false"

[Worker0] Imported GUID: cf94b5ae9bca88f4a97ce96847235ba3 - Path: Packages/com.unity.2d.tilemap/Editor/Icons/EditorUI.Target.png - Importer: ScriptedImporter/UnityEditor.QuickSearchModule:UnityEditor.Search:ASIAI0B -> (ImportResultId: 'b4c45ae16d9d10d9f258a208fcb2e2c8') in 0.010836971 seconds
[Worker0] Imported GUID: 3b0299838696e2c4f9e31bdc0c8757f9 - Path: Packages/com.unity.2d.tilemap/Editor/TileDragAndDrop.cs - Importer: ScriptedImporter/UnityEditor.QuickSearchModule:UnityEditor.Search:ASIAI0B -> (ImportResultId: '5f0542a2886cb1dd4cfa1a232dc88c9f') in 0.007498237 seconds
[Worker0] Imported GUID: fdc8bace2b7ef504d91d22cca2a5d905 - Path: Packages/com.unity.2d.tilemap/Editor/Icons/EditorUI.TargetHover.png - Importer: ScriptedImporter/UnityEditor.QuickSearchModule:UnityEditor.Search:ASIAI0B -> (ImportResultId: 'ed14fb37a70ccb0225e1dca6c5f03e12') in 0.00937354 seconds
[Worker0] Imported GUID: 949e98ac1c07e424685f43f530864a7c - Path: Packages/com.unity.2d.tilemap/Editor/Icons/GridSelection@2x.png - Importer: ScriptedImporter/UnityEditor.QuickSearchModule:UnityEditor.Search:ASIAI0B -> (ImportResultId: '4344c2f1d0615bf0a8e03572ec93df4f') in 0.00914592 seconds
[Worker0] Imported GUID: 0c19e7bd28bccf048b5791c40449c452 - Path: Packages/com.unity.2d.tilemap/Editor/Icons - Importer: ScriptedImporter/UnityEditor.QuickSearchModule:UnityEditor.Search:ASIAI0B -> (ImportResultId: '19f8c69987bfdd12f989c38e79fe5aa2') in 0.007223836 seconds
[Worker0] Imported GUID: 3342bc6878604f839b28843c3e8cd81b - Path: Packages/com.unity.2d.tilemap/Editor/GridPaletteEditor.cs - Importer: ScriptedImporter/UnityEditor.QuickSearchModule:UnityEditor.Search:ASIAI0B -> (ImportResultId: 'aeabc55e7f8835a70e2021c02088cd68') in 0.006987549 seconds
[Worker0] Imported GUID: 9182e08d6d8be424a98050562de5b053 - Path: Packages/com.unity.2d.tilemap/Editor/Icons/Tilemap.DefaultBrush@2x.png - Importer: ScriptedImporter/UnityEditor.QuickSearchModule:UnityEditor.Search:ASIAI0B -> (ImportResultId: 'a5fe62d0faa9ab9a855cd7f740a23956') in 0.009285868 seconds
[Worker0] Imported GUID: 579a0b120b7d2401b87c032fa708f3db - Path: Packages/com.unity.2d.tilemap/Editor/Icons/Tilemap.CustomBrush.png - Importer: ScriptedImporter/UnityEditor.QuickSearchModule:UnityEditor.Search:ASIAI0B -> (ImportResultId: 'e1102d7a12ecbb21f17109dbab7078dd') in 0.010823637 seconds
[Worker0] Imported GUID: a9a5b304877d58a47859e53d2b2d9fe3 - Path: Packages/com.unity.2d.tilemap/Editor/Icons/d_Tilemap.FocusTilemap.png - Importer: ScriptedImporter/UnityEditor.QuickSearchModule:UnityEditor.Search:ASIAI0B -> (ImportResultId: '6e3febd06b5d8a3fcedee358ab44d70c') in 0.010241828 seconds
[Worker0] Imported GUID: 2af7a09b750644968bf66758786d99d9 - Path: Packages/com.unity.2d.tilemap/Editor/UI/GridPaintPaletteWindowDark.uss - Importer: ScriptedImporter/UnityEditor.QuickSearchModule:UnityEditor.Search:ASIAI0B -> (ImportResultId: 'd86182d7b027f07474affb0eb5519b2c') in 0.028016362 seconds
[Worker0] Imported GUID: c3d98d7d00da4fcc9ee2300bf0bd2749 - Path: Packages/com.unity.2d.tilemap/Editor/UI/External - Importer: ScriptedImporter/UnityEditor.QuickSearchModule:UnityEditor.Search:ASIAI0B -> (ImportResultId: '781ec4ff8daa8ef68a11bff2573ef55a') in 0.006550642 seconds
[Worker0] Imported GUID: 29bbda0803e75b34a9ebd8c1f2c99c80 - Path: Packages/com.unity.2d.tilemap/Editor/GridPaintPaletteWindowPreferences.cs - Importer: ScriptedImporter/UnityEditor.QuickSearchModule:UnityEditor.Search:ASIAI0B -> (ImportResultId: '04865573f30ee2a9abe24daceac98fdb') in 0.006692675 seconds
[Worker0] Imported GUID: 93344cd78b3de491bbc8a90604acb175 - Path: Packages/com.unity.2d.tilemap/Editor/ObjectCreationMenu/GameObjectCreation.cs - Importer: ScriptedImporter/UnityEditor.QuickSearchModule:UnityEditor.Search:ASIAI0B -> (ImportResultId: 'e4f0adcb77b18ed7a54173bdc466ddcd') in 0.006294014 seconds
[Worker0] Imported GUID: 7a52ed59aa46c7047a68558357752bb5 - Path: Packages/com.unity.2d.tilemap/Editor/UI/TilePaletteDragHandler.cs - Importer: ScriptedImporter/UnityEditor.QuickSearchModule:UnityEditor.Search:ASIAI0B -> (ImportResultId: '76ac8972d131919279d77402c9770989') in 0.006329608 seconds
[Worker0] Imported GUID: 01394ea37325e53408caf8359facb36f - Path: Packages/com.unity.2d.tilemap/Editor/UI/SceneViewTilemapFocusOverlay.cs - Importer: ScriptedImporter/UnityEditor.QuickSearchModule:UnityEditor.Search:ASIAI0B -> (ImportResultId: '7b092408c84aeecde88dc7093f70e8c9') in 0.006736 seconds
[Worker0] Imported GUID: 857187d2d610c234587c8a50803e4307 - Path: Packages/com.unity.2d.tilemap/Editor/Icons/d_EditorUI.TargetHover@2x.png - Importer: ScriptedImporter/UnityEditor.QuickSearchModule:UnityEditor.Search:ASIAI0B -> (ImportResultId: '2aa133637e46c0073c0e3e54991a355d') in 0.009147287 seconds
[Worker0] Imported GUID: b46d3a07716bc8b4296166d5ac10e492 - Path: Packages/com.unity.2d.tilemap/Editor/Icons/d_Tilemap.FocusGrid.png - Importer: ScriptedImporter/UnityEditor.QuickSearchModule:UnityEditor.Search:ASIAI0B -> (ImportResultId: '95b6d43ef24942de0a348862298ee0de') in 0.011589578 seconds
[Worker0] Imported GUID: 9cdb1d83bdac1554287041973d268c1d - Path: Packages/com.unity.2d.tilemap/Editor/Icons/EditorUI.TargetHover@4x.png - Importer: ScriptedImporter/UnityEditor.QuickSearchModule:UnityEditor.Search:ASIAI0B -> (ImportResultId: '06cae9f7123cd23b39d16ac12f6e4ad8') in 0.00968403 seconds
[Worker0] Imported GUID: 4d9abe6587844ad5a26d63cc0b42a191 - Path: Packages/com.unity.2d.tilemap/Editor/GridPaintCreateTargetsDropdown.cs - Importer: ScriptedImporter/UnityEditor.QuickSearchModule:UnityEditor.Search:ASIAI0B -> (ImportResultId: '23adc5f21d4c6d61075e6a42b186cb76') in 0.006559925 seconds
[Worker0] Imported GUID: 9919eddc8d3d4729926ac96ef2b1e244 - Path: Packages/com.unity.2d.tilemap/Editor/UI/TilePaletteClipboardFirstUserElement.cs - Importer: ScriptedImporter/UnityEditor.QuickSearchModule:UnityEditor.Search:ASIAI0B -> (ImportResultId: '44375da12339de577244836b222bb01a') in 0.006132286 seconds
[Worker0] Imported GUID: 9806777faa990e24fb0a14a60ef2dbb1 - Path: Packages/com.unity.2d.tilemap/Editor/UI/TilePaletteBrushInspectorElement.cs - Importer: ScriptedImporter/UnityEditor.QuickSearchModule:UnityEditor.Search:ASIAI0B -> (ImportResultId: '8f159aad2675d97952e7d16283c36bf5') in 0.005764986 seconds
[Worker0] Imported GUID: da729b8a61b9b17479b11396776d7651 - Path: Packages/com.unity.2d.tilemap/Editor/UI/GridPaintPaletteWindowSplitView.cs - Importer: ScriptedImporter/UnityEditor.QuickSearchModule:UnityEditor.Search:ASIAI0B -> (ImportResultId: '780bb6a60fcdfa3fa97f7febacbf32ee') in 0.005959392 seconds
[Worker0] Imported GUID: 8e2a754470eca3549bf5b80afcf34aa7 - Path: Packages/com.unity.2d.tilemap/README.md - Importer: ScriptedImporter/UnityEditor.QuickSearchModule:UnityEditor.Search:ASIAI0B -> (ImportResultId: 'df444bddadd7912c29676a27b1ac1ac0') in 0.006565255 seconds
[Worker0] Imported GUID: 84cd96391d8e912479adff56b3500191 - Path: Packages/com.unity.2d.tilemap/Editor/Icons/d_Tilemap.EditPalette.png - Importer: ScriptedImporter/UnityEditor.QuickSearchModule:UnityEditor.Search:ASIAI0B -> (ImportResultId: 'b4a7749cd3406d89dae6677cfaea28d4') in 0.00817886 seconds
[Worker0] Imported GUID: 53da314bfe3845741ad14976e09ee6cf - Path: Packages/com.unity.2d.tilemap/Editor/Icons/d_Grid.RotateACW.png - Importer: ScriptedImporter/UnityEditor.QuickSearchModule:UnityEditor.Search:ASIAI0B -> (ImportResultId: '569562770ff38c57c2e2c06a7aa21f7e') in 0.008163258 seconds
[Worker0] Imported GUID: cb5418bb8817a8c4096007d67d6fd8ba - Path: Packages/com.unity.2d.tilemap/Editor/GridPaletteBrushes.cs - Importer: ScriptedImporter/UnityEditor.QuickSearchModule:UnityEditor.Search:ASIAI0B -> (ImportResultId: '4649589db0fd1ca65d71ec63e1c1ebb3') in 0.007186753 seconds
[Worker0] Imported GUID: 08b339ace3191aa409290fbb8bfe30b9 - Path: Packages/com.unity.2d.tilemap/Editor/EditorTools/SelectTool.cs - Importer: ScriptedImporter/UnityEditor.QuickSearchModule:UnityEditor.Search:ASIAI0B -> (ImportResultId: '93aa369be28ad0abc7de792f8bee862b') in 0.006231028 seconds
[Worker0] Imported GUID: 4e560db51173b924aa59f1e95d7ed195 - Path: Packages/com.unity.2d.tilemap/Editor/UI/BoolFieldOverlayPopupWindow.cs - Importer: ScriptedImporter/UnityEditor.QuickSearchModule:UnityEditor.Search:ASIAI0B -> (ImportResultId: 'aeebca610ee6d5acd69053ca1d3cc2e1') in 0.009462702 seconds
[Worker0] Imported GUID: 7f77f51970704961b70275d21c760418 - Path: Packages/com.unity.2d.tilemap/Editor/TilePaletteWhiteboxSamplesUtility.cs - Importer: ScriptedImporter/UnityEditor.QuickSearchModule:UnityEditor.Search:ASIAI0B -> (ImportResultId: '9ebca1efc6324d325ae98c42254edd23') in 0.005902361 seconds
[Worker0] Imported GUID: e7c9025e8b1fd7f4ba7de0f72eb6f773 - Path: Packages/com.unity.2d.tilemap/Editor/EditorTools/GridSelection/GridSelectionMoveTool.cs - Importer: ScriptedImporter/UnityEditor.QuickSearchModule:UnityEditor.Search:ASIAI0B -> (ImportResultId: 'be3c16bd954795236730d9bcbc3463ce') in 0.005722381 seconds
[Worker0] Imported GUID: 147520b21ddedfe4fbce3cd5a934af90 - Path: Packages/com.unity.2d.tilemap/Editor/UI/TilePaletteBrushesButton.cs - Importer: ScriptedImporter/UnityEditor.QuickSearchModule:UnityEditor.Search:ASIAI0B -> (ImportResultId: '854d09722f214d1518295a34f33467e8') in 0.006736156 seconds
[Worker0] Imported GUID: 63a012608de367444a8cfb3b43e4da64 - Path: Packages/com.unity.2d.tilemap/Editor/Icons/d_GridSelection@2x.png - Importer: ScriptedImporter/UnityEditor.QuickSearchModule:UnityEditor.Search:ASIAI0B -> (ImportResultId: '728eb24da0d927abcfb03db5ab6d25c6') in 0.00790025 seconds
[Worker0] Imported GUID: bd87ef44d388dfd45b295d03e963f0d9 - Path: Packages/com.unity.2d.tilemap/Editor/UI/TilePaletteOverlayUtility.cs - Importer: ScriptedImporter/UnityEditor.QuickSearchModule:UnityEditor.Search:ASIAI0B -> (ImportResultId: '6439f9b450ef5f797da0e2f3a44c49bc') in 0.007556236 seconds
[Worker0] Imported GUID: 4e62fa74d1eac074cac268c2997a658c - Path: Packages/com.unity.2d.tilemap/Editor/Icons/d_Tilemap.GridPaint@4x.png - Importer: ScriptedImporter/UnityEditor.QuickSearchModule:UnityEditor.Search:ASIAI0B -> (ImportResultId: '1756a829338792aca2f6ada6e600be72') in 0.012634711 seconds
[Worker0] Imported GUID: 9f1e0a9724743a74794256ebe791fd41 - Path: Packages/com.unity.2d.tilemap/Editor/PaintableSceneViewGrid.cs - Importer: ScriptedImporter/UnityEditor.QuickSearchModule:UnityEditor.Search:ASIAI0B -> (ImportResultId: '79782f1a8fc3e8bb87ce29e4d157c19e') in 0.00965593 seconds
[Worker0] Imported GUID: 8b5e0f8599da083488da675fc79c5c66 - Path: Packages/com.unity.2d.tilemap/Editor/GridPaletteUtility.cs - Importer: ScriptedImporter/UnityEditor.QuickSearchModule:UnityEditor.Search:ASIAI0B -> (ImportResultId: '79d9f38825d897c88cad27a1f2999d7a') in 0.007074073 seconds
[Worker0] Imported GUID: d5952b29970e2144780a7cd7b621f821 - Path: Packages/com.unity.2d.tilemap/Editor/EditorTools/FillTool.cs - Importer: ScriptedImporter/UnityEditor.QuickSearchModule:UnityEditor.Search:ASIAI0B -> (ImportResultId: 'a7dee89777845c7b749e049f54d03137') in 0.008254677 seconds
[Worker0] Imported GUID: 51797d68d3132bb419217a229e09fc47 - Path: Packages/com.unity.2d.tilemap/package.json - Importer: ScriptedImporter/UnityEditor.QuickSearchModule:UnityEditor.Search:ASIAI0B -> (ImportResultId: '0ae77d055e5013452755a7ed5120cda5') in 0.006013431 seconds
[Worker0] Imported GUID: c54623997d885f6499655af6031a3bf9 - Path: Packages/com.unity.2d.tilemap/Editor/Icons/Tilemap.GridPaint@4x.png - Importer: ScriptedImporter/UnityEditor.QuickSearchModule:UnityEditor.Search:ASIAI0B -> (ImportResultId: 'ee9e98d772c24e414301d4c6072e0d34') in 0.007736809 seconds
[Worker0] Imported GUID: 0de3343905095ab4c9d52addc012a937 - Path: Packages/com.unity.2d.tilemap/Editor/EditorTools/EraseTool.cs - Importer: ScriptedImporter/UnityEditor.QuickSearchModule:UnityEditor.Search:ASIAI0B -> (ImportResultId: '9576c8525aacb7a6c2acdedc04cf6af8') in 0.006729282 seconds
[Worker0] Imported GUID: 7df3ec98f7c6bd740a979da7da668275 - Path: Packages/com.unity.2d.tilemap/Tests/Editor/TilemapPackageTests.cs - Importer: ScriptedImporter/UnityEditor.QuickSearchModule:UnityEditor.Search:ASIAI0B -> (ImportResultId: '5619a6f76db2f416115c5516794c73f8') in 0.006410919 seconds
[Worker0] Imported GUID: c899067ddf12498abd0cafa97b560107 - Path: Packages/com.unity.2d.tilemap/Editor/UI/TilePaletteBrushPickOverlay.cs - Importer: ScriptedImporter/UnityEditor.QuickSearchModule:UnityEditor.Search:ASIAI0B -> (ImportResultId: 'ac8deed823bda07e3425f1f7a46873ad') in 0.006509841 seconds
[Worker0] Imported GUID: b2a7503b9cc7144c1bfe6d3693632d47 - Path: Packages/com.unity.2d.tilemap/Editor/Icons/d_Tilemap.CustomBrush.png - Importer: ScriptedImporter/UnityEditor.QuickSearchModule:UnityEditor.Search:ASIAI0B -> (ImportResultId: 'd76627ec4168ae570ea34a77938d1230') in 0.008271504 seconds
[Worker0] Imported GUID: e883969672bd261498f38ec9e9fc393f - Path: Packages/com.unity.2d.tilemap/Editor/Icons/Grid.FlipX.png - Importer: ScriptedImporter/UnityEditor.QuickSearchModule:UnityEditor.Search:ASIAI0B -> (ImportResultId: 'ef36a8a0552fe2ca8b59c262e5579ee3') in 0.008244886 seconds
[Worker0] Imported GUID: 8f42b5a9ceac4020ab7f132059f79cb1 - Path: Packages/com.unity.2d.tilemap/Editor/UI/TilePaletteClipboardViewElement.cs - Importer: ScriptedImporter/UnityEditor.QuickSearchModule:UnityEditor.Search:ASIAI0B -> (ImportResultId: 'f160b1b55b637d95331ac3565ad16526') in 0.008218786 seconds
[Worker0] Imported GUID: b65aa392762f2014299ba8fbc21b938a - Path: Packages/com.unity.2d.tilemap/Editor/GridPaintingState.cs - Importer: ScriptedImporter/UnityEditor.QuickSearchModule:UnityEditor.Search:ASIAI0B -> (ImportResultId: 'd33ad1f1dfc3dca5ed74ed1b4cd50c2f') in 0.006846199 seconds
[Worker0] Imported GUID: 9bcdd57132ec4d83828b3d2c0ed2c8d8 - Path: Packages/com.unity.2d.tilemap/Editor/EditorTools/TilemapEditorToolPreferencesAsset.cs - Importer: ScriptedImporter/UnityEditor.QuickSearchModule:UnityEditor.Search:ASIAI0B -> (ImportResultId: '6b12308621a0c9a87ee248db1f6467fe') in 0.006385953 seconds
[Worker0] Imported GUID: 401e910567b72dd4abf58be9f7e0518b - Path: Packages/com.unity.2d.tilemap/Editor/Icons/Tilemap.ShowTilePalette@4x.png - Importer: ScriptedImporter/UnityEditor.QuickSearchModule:UnityEditor.Search:ASIAI0B -> (ImportResultId: '2f86a27d5cf218bcc82e6efdbd2d81f3') in 0.007948287 seconds
[Worker0] Imported GUID: db14f501917d4d5084510f472f505a7e - Path: Packages/com.unity.2d.tilemap/Editor/EditorTools/FlipTool.cs - Importer: ScriptedImporter/UnityEditor.QuickSearchModule:UnityEditor.Search:ASIAI0B -> (ImportResultId: '93ca5380e0fa7d4174347313a855b06c') in 0.006737018 seconds
[Worker0] Imported GUID: 0c10d1eefabef044aa513fa1cff210a8 - Path: Packages/com.unity.2d.tilemap/Editor/UI/TilePaletteBrushInspector.cs - Importer: ScriptedImporter/UnityEditor.QuickSearchModule:UnityEditor.Search:ASIAI0B -> (ImportResultId: 'be5fc05782fc93b484809347da809b52') in 0.006371671 seconds
[Worker0] Imported GUID: 070c631c5a8d05e41baf0a64b742067d - Path: Packages/com.unity.2d.tilemap/Editor/Icons/Tilemap.FocusNone@4x.png - Importer: ScriptedImporter/UnityEditor.QuickSearchModule:UnityEditor.Search:ASIAI0B -> (ImportResultId: 'e9f6dab97524752bc9a784e323a83e0f') in 0.007827249 seconds
[Worker0] Imported GUID: 1915f55bbb9484044b7829d1df0b4abf - Path: Packages/com.unity.2d.tilemap/Editor/Icons/Tilemap.GridPaint.png - Importer: ScriptedImporter/UnityEditor.QuickSearchModule:UnityEditor.Search:ASIAI0B -> (ImportResultId: '23891c9103621813af972142749b4328') in 0.009729773 seconds
[Worker0] Imported GUID: f1d766c90aeb37d4fb8c7d1ed3ba1378 - Path: Packages/com.unity.2d.tilemap/Editor/Icons/d_Tilemap.FocusNone@4x.png - Importer: ScriptedImporter/UnityEditor.QuickSearchModule:UnityEditor.Search:ASIAI0B -> (ImportResultId: '6edeb34ac79b0688686b2633b2812b17') in 0.008821406 seconds
[Worker0] Imported GUID: 534112f711642464e8a5b9b5ea20e941 - Path: Packages/com.unity.2d.tilemap/Editor/Icons/Tilemap.FocusTilemap.png - Importer: ScriptedImporter/UnityEditor.QuickSearchModule:UnityEditor.Search:ASIAI0B -> (ImportResultId: 'ea17f29dff3bd080538f0df389b36a55') in 0.010756841 seconds
[Worker0] Imported GUID: b33cda1f9ac0ad7419bbe04d9cc4c8a5 - Path: Packages/com.unity.2d.tilemap/Editor/GridPaintSortingAttribute.cs - Importer: ScriptedImporter/UnityEditor.QuickSearchModule:UnityEditor.Search:ASIAI0B -> (ImportResultId: '9a3629bc83b8da6f9dffb0ba0c66316a') in 0.007949363 seconds
[Worker0] Imported GUID: 3451731abc835d44993075b3bc0935bd - Path: Packages/com.unity.2d.tilemap/Editor/Icons/d_Tilemap.GridPaint@2x.png - Importer: ScriptedImporter/UnityEditor.QuickSearchModule:UnityEditor.Search:ASIAI0B -> (ImportResultId: 'f2c1d19ec1f973523427ce8c5fa62e29') in 0.0088401 seconds
[Worker0] Imported GUID: 51b8cbcbf34a36243a954f42c5d344fc - Path: Packages/com.unity.2d.tilemap/Editor/Icons/Grid.RotateACW@2x.png - Importer: ScriptedImporter/UnityEditor.QuickSearchModule:UnityEditor.Search:ASIAI0B -> (ImportResultId: '93f0fca4d975f71f0968f47cd2343ecb') in 0.008424556 seconds
[Worker0] Imported GUID: 73653b679fcd4ba6941afb0cda629d09 - Path: Packages/com.unity.2d.tilemap/Editor/UI/GridPaintPaletteWindowLight.uss - Importer: ScriptedImporter/UnityEditor.QuickSearchModule:UnityEditor.Search:ASIAI0B -> (ImportResultId: '046480fec4a0c1193e05c63227fda89b') in 0.007655478 seconds
[Worker0] Imported GUID: 95b2d1ff151dd2f479bf1f6321b44179 - Path: Packages/com.unity.2d.tilemap/Editor/Icons/d_Tilemap.ShowTilePalette.png - Importer: ScriptedImporter/UnityEditor.QuickSearchModule:UnityEditor.Search:ASIAI0B -> (ImportResultId: 'beb95ff003fe4b3c7e5f94e5f040d3a5') in 0.008564417 seconds
[Worker0] Imported GUID: 943f98e6f10ab4d4883cdc5198a68118 - Path: Packages/com.unity.2d.tilemap/Editor/Icons/EditorUI.Filter@2x.png - Importer: ScriptedImporter/UnityEditor.QuickSearchModule:UnityEditor.Search:ASIAI0B -> (ImportResultId: '665d05fb1eba9c224d44307a3afa09ec') in 0.008575369 seconds
[Worker0] Imported GUID: 4f15e4da25f5407188ceb3ad49176db9 - Path: Packages/com.unity.2d.tilemap/Editor/UI/External/RenameableLabel.cs - Importer: ScriptedImporter/UnityEditor.QuickSearchModule:UnityEditor.Search:ASIAI0B -> (ImportResultId: '0ad4d626678b9e7642661da7bbb35a4e') in 0.006805851 seconds
[Worker0] Imported GUID: 6fdcfff56bbd49c4bb9843e21b6b386a - Path: Packages/com.unity.2d.tilemap/Editor/UI/TilePaletteClipboardButton.cs - Importer: ScriptedImporter/UnityEditor.QuickSearchModule:UnityEditor.Search:ASIAI0B -> (ImportResultId: '759772943075c4afe1ab3b6622f8658d') in 0.006945758 seconds
[Worker0] Imported GUID: 3f683d99f24875748a6656966ca9cea0 - Path: Packages/com.unity.2d.tilemap/Editor/GridPaintPaletteWindow.cs - Importer: ScriptedImporter/UnityEditor.QuickSearchModule:UnityEditor.Search:ASIAI0B -> (ImportResultId: 'ee0410068fe4b2b432c07de93c006782') in 0.006932878 seconds
[Worker0] Imported GUID: 2d35623559ffd044682af7e09affdcc8 - Path: Packages/com.unity.2d.tilemap/Editor/Icons/d_Tilemap.ShowGrid@4x.png - Importer: ScriptedImporter/UnityEditor.QuickSearchModule:UnityEditor.Search:ASIAI0B -> (ImportResultId: '9deec34c485b79f6697034f09cff299d') in 0.009775272 seconds
[Worker0] Imported GUID: 694abd7b442533d4d906a9f452776a2e - Path: Packages/com.unity.2d.tilemap/Editor/UI/SceneViewOpenTilePaletteOverlay.cs - Importer: ScriptedImporter/UnityEditor.QuickSearchModule:UnityEditor.Search:ASIAI0B -> (ImportResultId: '9242737e537f03559246f92c450d8390') in 0.006818078 seconds
[Worker0] Imported GUID: 97de1f11b5a5dbf41baa1b0bc8ab989e - Path: Packages/com.unity.2d.tilemap/Editor/GridBrushEditorBase.cs - Importer: ScriptedImporter/UnityEditor.QuickSearchModule:UnityEditor.Search:ASIAI0B -> (ImportResultId: '81f9932e1aeb5221327623173ed22b1c') in 0.006747833 seconds
[Worker0] Imported GUID: d88e25b75a7927f4683afb6c74b05a08 - Path: Packages/com.unity.2d.tilemap/Editor/Icons/Tilemap.ShowTilePalette@2x.png - Importer: ScriptedImporter/UnityEditor.QuickSearchModule:UnityEditor.Search:ASIAI0B -> (ImportResultId: '78d982de80977c49acaf7868eeeb5698') in 0.008433479 seconds
[Worker0] Imported GUID: d294f67c39974e25877326f1a68aeb99 - Path: Packages/com.unity.2d.tilemap/Editor/GridPaletteWhiteboxPalettesDropdown.cs - Importer: ScriptedImporter/UnityEditor.QuickSearchModule:UnityEditor.Search:ASIAI0B -> (ImportResultId: 'b22703b5518404d602f1004eae12f13d') in 0.006693723 seconds
[Worker0] Imported GUID: 2d0a76a0816f23441bbec5761e509609 - Path: Packages/com.unity.2d.tilemap/Editor/UI/TilemapEditorToolButton.cs - Importer: ScriptedImporter/UnityEditor.QuickSearchModule:UnityEditor.Search:ASIAI0B -> (ImportResultId: '325f424c4fa9bb142c3c57d69f54fef9') in 0.00686511 seconds
[Worker0] Imported GUID: 1798f66d9f8a40a9bce3f200517613c0 - Path: Packages/com.unity.2d.tilemap/Editor/UI - Importer: ScriptedImporter/UnityEditor.QuickSearchModule:UnityEditor.Search:ASIAI0B -> (ImportResultId: 'fabcdc84a9ae51cacfc078239025279e') in 0.007060611 seconds
[Worker0] Imported GUID: 42fb19d14e266e4409770bbcdbc6a1e5 - Path: Packages/com.unity.2d.tilemap/Editor/Icons/Tilemap.GridPaint@2x.png - Importer: ScriptedImporter/UnityEditor.QuickSearchModule:UnityEditor.Search:ASIAI0B -> (ImportResultId: 'ba9285a090bebeda29c2061c8dc61871') in 0.008467048 seconds
[Worker0] Imported GUID: 2a807ac042c28e546b9d90048ebbc33f - Path: Packages/com.unity.2d.tilemap/Editor/Icons/Grid.FlipY.png - Importer: ScriptedImporter/UnityEditor.QuickSearchModule:UnityEditor.Search:ASIAI0B -> (ImportResultId: 'c5505d635519f35af2a8d6936054424b') in 0.008869849 seconds
[Worker0] Imported GUID: 6c05763976bcac64ebefb1f097e6ef84 - Path: Packages/com.unity.2d.tilemap/Editor/Icons/d_Tilemap.FocusGrid@2x.png - Importer: ScriptedImporter/UnityEditor.QuickSearchModule:UnityEditor.Search:ASIAI0B -> (ImportResultId: 'dcb5f4937f1118a59cdf633403978e4e') in 0.010492088 seconds
[Worker0] Imported GUID: a1bd3db90f5f7314e822ba2e38f901c6 - Path: Packages/com.unity.2d.tilemap/Editor/Icons/Tilemap.FocusGrid@4x.png - Importer: ScriptedImporter/UnityEditor.QuickSearchModule:UnityEditor.Search:ASIAI0B -> (ImportResultId: '07b1b74eb09e65d07f97d1f4d47ebad0') in 0.008264106 seconds
[Worker0] Imported GUID: ee02d9ccf56046b698982b9d83315ff0 - Path: Packages/com.unity.2d.tilemap/Editor/TilePalettePrefabUtility.cs - Importer: ScriptedImporter/UnityEditor.QuickSearchModule:UnityEditor.Search:ASIAI0B -> (ImportResultId: '10556a02fc5c36ca3a7ba9aa69fd5c34') in 0.006382151 seconds
[Worker0] Imported GUID: 62324ebe9a53d9a43b04f4b0e9b961a0 - Path: Packages/com.unity.2d.tilemap/Tests/Editor - Importer: ScriptedImporter/UnityEditor.QuickSearchModule:UnityEditor.Search:ASIAI0B -> (ImportResultId: '75d8544bb378d23abce17059ce68995a') in 0.00650696 seconds
[Worker0] Imported GUID: e25f34c849d45714e86b14d3afbb763e - Path: Packages/com.unity.2d.tilemap/Editor/Icons/Grid.RotateCW.png - Importer: ScriptedImporter/UnityEditor.QuickSearchModule:UnityEditor.Search:ASIAI0B -> (ImportResultId: '60fa52701df2ce51df62ca70f5501c1e') in 0.008424792 seconds
[Worker0] Imported GUID: 4565c53baa224eabaca8f7e4378bce8a - Path: Packages/com.unity.2d.tilemap/Editor/TileSet/PositionTileTemplate.cs - Importer: ScriptedImporter/UnityEditor.QuickSearchModule:UnityEditor.Search:ASIAI0B -> (ImportResultId: '30ace99e4227606f916bd8536ff9be2e') in 0.006475574 seconds
[Worker0] Imported GUID: 86408806ba4819c4494d51cb88d34da4 - Path: Packages/com.unity.2d.tilemap/Editor/Icons/d_Tilemap.TilePalette@4x.png - Importer: ScriptedImporter/UnityEditor.QuickSearchModule:UnityEditor.Search:ASIAI0B -> (ImportResultId: 'ca8147bc08904765e6467a24fa504504') in 0.008348497 seconds
[Worker0] Imported GUID: c7e47ae35297a95488555fe429032567 - Path: Packages/com.unity.2d.tilemap/Editor/TileUtility.cs - Importer: ScriptedImporter/UnityEditor.QuickSearchModule:UnityEditor.Search:ASIAI0B -> (ImportResultId: '128363f4026e4d16683c1e655253e799') in 0.00677774 seconds
[Worker0] Imported GUID: 4858e04232af5e340922812cd3697086 - Path: Packages/com.unity.2d.tilemap/Editor/Icons/Tilemap.EditPalette.png - Importer: ScriptedImporter/UnityEditor.QuickSearchModule:UnityEditor.Search:ASIAI0B -> (ImportResultId: '61ae43688673810aa769b095840fe8f9') in 0.008517986 seconds
[Worker0] Imported GUID: c7d31ce121f6d6841b01dbcf3d909854 - Path: Packages/com.unity.2d.tilemap/Editor/Icons/d_EditorUI.Target@4x.png - Importer: ScriptedImporter/UnityEditor.QuickSearchModule:UnityEditor.Search:ASIAI0B -> (ImportResultId: '66f4c20882461b96cd1bfe1f984910bb') in 0.011010643 seconds
[Worker0] Imported GUID: 47500a6fba22d6849a3f9335aa198ba5 - Path: Packages/com.unity.2d.tilemap/Editor/Icons/Tilemap.BrushSettings@2x.png - Importer: ScriptedImporter/UnityEditor.QuickSearchModule:UnityEditor.Search:ASIAI0B -> (ImportResultId: '41b71d65e8f9d72e3a93ce7f1e7c4fff') in 0.008313298 seconds
[Worker0] Imported GUID: 2383e22400d14d4ba5996366cac987ca - Path: Packages/com.unity.2d.tilemap/Editor/GridBrushPickStore.cs - Importer: ScriptedImporter/UnityEditor.QuickSearchModule:UnityEditor.Search:ASIAI0B -> (ImportResultId: 'a292188f1ac76454f70aa441513e45e3') in 0.006850111 seconds
[Worker0] Imported GUID: 4576408ff459c3a48a69ad3c7d941581 - Path: Packages/com.unity.2d.tilemap/Editor/Icons/d_Tilemap.ShowGrid@2x.png - Importer: ScriptedImporter/UnityEditor.QuickSearchModule:UnityEditor.Search:ASIAI0B -> (ImportResultId: '3af1d8b3754dad8945b6f3f12d1e2aad') in 0.008416768 seconds
[Worker0] Imported GUID: 46b9a1f80f56fdd4d93e4e24e4826cc8 - Path: Packages/com.unity.2d.tilemap/Editor/UI/TilemapEditorToolbarStrip.cs - Importer: ScriptedImporter/UnityEditor.QuickSearchModule:UnityEditor.Search:ASIAI0B -> (ImportResultId: 'f1f557713b23f0711db8031c9da1520c') in 0.006957645 seconds
[Worker0] Imported GUID: 5bd6b2f1d49f437419a2242293d1fe9b - Path: Packages/com.unity.2d.tilemap/Editor/UI/TilePaletteClipboardOverlay.cs - Importer: ScriptedImporter/UnityEditor.QuickSearchModule:UnityEditor.Search:ASIAI0B -> (ImportResultId: '91543995a0d36b6a95684aa27cc2c9f8') in 0.006718717 seconds
[Worker0] Imported GUID: c06100d8ae6a60d44ab25f318a154ce3 - Path: Packages/com.unity.2d.tilemap/Editor/Icons/d_Tilemap.DefaultBrush@2x.png - Importer: ScriptedImporter/UnityEditor.QuickSearchModule:UnityEditor.Search:ASIAI0B -> (ImportResultId: '61aa5b32e0ee9adc2eaa4f507972afb2') in 0.008562529 seconds
[Worker0] Imported GUID: 8cbab190b527bd44e8bf5afbc79095e8 - Path: Packages/com.unity.2d.tilemap/Editor/Icons/d_Tilemap.EditPalette@2x.png - Importer: ScriptedImporter/UnityEditor.QuickSearchModule:UnityEditor.Search:ASIAI0B -> (ImportResultId: 'ffe6407c3a2aff0eb52cd0046eb48bc5') in 0.008343904 seconds
[Worker0] Imported GUID: e3dfa6de9ba76974d864f021fdb7d162 - Path: Packages/com.unity.2d.tilemap/Editor/EditorTools/GridSelection/GridSelectionTool.cs - Importer: ScriptedImporter/UnityEditor.QuickSearchModule:UnityEditor.Search:ASIAI0B -> (ImportResultId: '7253ade6416ad63dcede1d0bdcb4dccf') in 0.006508773 seconds
[Worker0] Imported GUID: f8eef1ebd82d467428620ec2c02bc50a - Path: Packages/com.unity.2d.tilemap/Editor/Icons/EditorUI.Target@2x.png - Importer: ScriptedImporter/UnityEditor.QuickSearchModule:UnityEditor.Search:ASIAI0B -> (ImportResultId: '2a2f4e7ef5d59c98ddbcb856af64f67b') in 0.010793196 seconds
[Worker0] Imported GUID: 513a9a771ecb4df18a851a7a3cbe4d89 - Path: Packages/com.unity.2d.tilemap/Editor/TileSet/TileSet.cs - Importer: ScriptedImporter/UnityEditor.QuickSearchModule:UnityEditor.Search:ASIAI0B -> (ImportResultId: '1ab7b0c1b78ca2cbc98bd01b56a26b8a') in 0.00659529 seconds
[Worker0] Imported GUID: 7d4067dd1e595a64aa7286438069d37c - Path: Packages/com.unity.2d.tilemap/Editor/UI/TilePaletteOverlay.uss - Importer: ScriptedImporter/UnityEditor.QuickSearchModule:UnityEditor.Search:ASIAI0B -> (ImportResultId: '4308d5ee4f94076b6cb15ffda0b88538') in 0.009264251 seconds
[Worker0] Imported GUID: a37449cb15b841deab3dda438bc0ecc9 - Path: Packages/com.unity.2d.tilemap/Editor/TilePaletteActiveTargetsProperties.cs - Importer: ScriptedImporter/UnityEditor.QuickSearchModule:UnityEditor.Search:ASIAI0B -> (ImportResultId: '3b09ef33b32cb430cf0741c06dc00002') in 0.006605491 seconds
[Worker0] Imported GUID: 67c313dc248945dc9c62ded69fae5dee - Path: Packages/com.unity.2d.tilemap/Editor/TileSet/TileSetImporterEditor.cs - Importer: ScriptedImporter/UnityEditor.QuickSearchModule:UnityEditor.Search:ASIAI0B -> (ImportResultId: '73e223ff7da46f8fdf5c91303fe98321') in 0.006636642 seconds
[Worker0] Imported GUID: 3fc02dcfcd4e9ed4abdcb443df9146b5 - Path: Packages/com.unity.2d.tilemap/Editor/TileDragAndDropManager.cs - Importer: ScriptedImporter/UnityEditor.QuickSearchModule:UnityEditor.Search:ASIAI0B -> (ImportResultId: 'a464f10874505fce91216735aee191e1') in 0.006917991 seconds
[Worker0] Imported GUID: 85f3a978696fd26438b3df20ad1eb853 - Path: Packages/com.unity.2d.tilemap/Editor/EditorTools/PaintTool.cs - Importer: ScriptedImporter/UnityEditor.QuickSearchModule:UnityEditor.Search:ASIAI0B -> (ImportResultId: '4ea36b1418a7b7de4235291877291d0e') in 0.006918263 seconds
[Worker0] Imported GUID: 26f3d342b8e95b24da7ec4638d7f2322 - Path: Packages/com.unity.2d.tilemap/Editor/Icons/d_Tilemap.GridPaint.png - Importer: ScriptedImporter/UnityEditor.QuickSearchModule:UnityEditor.Search:ASIAI0B -> (ImportResultId: 'd67f69a72b360bb8f603d98b11cffe99') in 0.008932857 seconds
[Worker0] Imported GUID: 4b4fa89433ae80a4eb9e0230cddc80dd - Path: Packages/com.unity.2d.tilemap/Editor/UI/TilePaletteActiveTargetsPopup.cs - Importer: ScriptedImporter/UnityEditor.QuickSearchModule:UnityEditor.Search:ASIAI0B -> (ImportResultId: 'df06ed138b42527fde4525ff0dfff0c7') in 0.006935224 seconds
[Worker0] Imported GUID: e41a6ab3ac7354642a9006c03183e95e - Path: Packages/com.unity.2d.tilemap/Editor/Icons/d_Grid.RotateCW@2x.png - Importer: ScriptedImporter/UnityEditor.QuickSearchModule:UnityEditor.Search:ASIAI0B -> (ImportResultId: '89e6647bc4e5382b6da09fcf85d8d3c3') in 0.008384456 seconds
[Worker0] Imported GUID: db1e8fc8f15be484bb9f866640b84c04 - Path: Packages/com.unity.2d.tilemap/Editor/Icons/Tilemap.ShowGrid@2x.png - Importer: ScriptedImporter/UnityEditor.QuickSearchModule:UnityEditor.Search:ASIAI0B -> (ImportResultId: '26ff68bbebd2bae258268b7fabc93b74') in 0.008648378 seconds
[Worker0] Imported GUID: 12e04f72413abf04fb4a5f79e70822ff - Path: Packages/com.unity.2d.tilemap/Editor/Icons/d_Tilemap.DefaultBrush.png - Importer: ScriptedImporter/UnityEditor.QuickSearchModule:UnityEditor.Search:ASIAI0B -> (ImportResultId: 'f24154d196a149e338ec272678c88157') in 0.010098671 seconds
[Worker0] Imported GUID: a714f9a492de26847891e2833d0f9235 - Path: Packages/com.unity.2d.tilemap/Editor/GridPaintTargetsDropdown.cs - Importer: ScriptedImporter/UnityEditor.QuickSearchModule:UnityEditor.Search:ASIAI0B -> (ImportResultId: '1f8043dc078c4550120bb9a428ec7ec4') in 0.006968578 seconds
[Worker0] Imported GUID: 6ff589f8277c4d61bb54c6a1a0923c9b - Path: Packages/com.unity.2d.tilemap/Editor/UI/TilePaletteOverlayToolbarElementAttribute.cs - Importer: ScriptedImporter/UnityEditor.QuickSearchModule:UnityEditor.Search:ASIAI0B -> (ImportResultId: 'eea6d59c9a5853cd073d427ce1738b01') in 0.00801759 seconds
[Worker0] Imported GUID: cc6f5506f7e1c664a9745a66e050fab5 - Path: Packages/com.unity.2d.tilemap/Editor/EditorTools/PickingTool.cs - Importer: ScriptedImporter/UnityEditor.QuickSearchModule:UnityEditor.Search:ASIAI0B -> (ImportResultId: 'f2fc860cb6a3e8ea76db43fe6ef1eb91') in 0.006824258 seconds
[Worker0] Imported GUID: 83e34b79b8614e1459c93e81b2dbd135 - Path: Packages/com.unity.2d.tilemap/Editor/EditorTools/GridSelection/GridSelectionTransformTool.cs - Importer: ScriptedImporter/UnityEditor.QuickSearchModule:UnityEditor.Search:ASIAI0B -> (ImportResultId: '8d62ae32e572ca3cb0c5684f75355d20') in 0.006436214 seconds
[Worker0] Imported GUID: 9b35ffc51af54aeaa2384cef4465d664 - Path: Packages/com.unity.2d.tilemap/Editor/GridPaletteAddWhiteboxPopup.cs - Importer: ScriptedImporter/UnityEditor.QuickSearchModule:UnityEditor.Search:ASIAI0B -> (ImportResultId: '876606c40219c0a345bf55c3374802c9') in 0.006657853 seconds
[Worker0] Imported GUID: 643691433f00ba14c9a7656af511f144 - Path: Packages/com.unity.2d.tilemap/Editor/UI/TilePaletteBrushInspectorPopup.cs - Importer: ScriptedImporter/UnityEditor.QuickSearchModule:UnityEditor.Search:ASIAI0B -> (ImportResultId: '6b5651a29362f705fabc026e24b5f6cb') in 0.006709889 seconds
[Worker0] Imported GUID: 86f74056ad052aa4b83fe485546f0521 - Path: Packages/com.unity.2d.tilemap/Editor/Icons/EditorUI.Target@4x.png - Importer: ScriptedImporter/UnityEditor.QuickSearchModule:UnityEditor.Search:ASIAI0B -> (ImportResultId: '405108677d91eef102314e0b5decaf6f') in 0.008316634 seconds
[Worker0] Imported GUID: 95300005b236449d806b320297a7a41c - Path: Packages/com.unity.2d.tilemap/Editor/EditorTools/BrushToolsAttribute.cs - Importer: ScriptedImporter/UnityEditor.QuickSearchModule:UnityEditor.Search:ASIAI0B -> (ImportResultId: 'd5e61092d005aa98b66769953b57bc98') in 0.007595659 seconds
[Worker0] Imported GUID: a84f8a2cae54acb4599de611269e855e - Path: Packages/com.unity.2d.tilemap/Editor/SceneViewGridManager.cs - Importer: ScriptedImporter/UnityEditor.QuickSearchModule:UnityEditor.Search:ASIAI0B -> (ImportResultId: '1a39f598a17555105cf8711bd7e7e854') in 0.006793216 seconds
[Worker0] Imported GUID: ecc64bf4ebc64e2d8487b3a631c5113c - Path: Packages/com.unity.2d.tilemap/Editor/UI/GridPaintPaletteWindow.uss - Importer: ScriptedImporter/UnityEditor.QuickSearchModule:UnityEditor.Search:ASIAI0B -> (ImportResultId: '7b8978c5a948fe321769c06268109037') in 0.007544292 seconds
[Worker0] Imported GUID: 24a4dd7831e4a46f593e94273994b42c - Path: Packages/com.unity.2d.tilemap/Editor/Icons/d_EditorUI.Filter@2x.png - Importer: ScriptedImporter/UnityEditor.QuickSearchModule:UnityEditor.Search:ASIAI0B -> (ImportResultId: '45e2631959b093bb7704519fbd54a7f3') in 0.008208008 seconds
[Worker0] Imported GUID: 0219184e13f92e94896b4df6846db652 - Path: Packages/com.unity.2d.tilemap/Editor/Icons/d_Grid.FlipY.png - Importer: ScriptedImporter/UnityEditor.QuickSearchModule:UnityEditor.Search:ASIAI0B -> (ImportResultId: '11a8fc89b2b0b0d2b6af9955f1601757') in 0.008557555 seconds
[Worker0] Imported GUID: 91d9195ac7084b37a7830c0109334fa6 - Path: Packages/com.unity.2d.tilemap/Editor/UI/TilesetImporterElement.cs - Importer: ScriptedImporter/UnityEditor.QuickSearchModule:UnityEditor.Search:ASIAI0B -> (ImportResultId: '291812615c58fbf92beb81bb49045f8d') in 0.006634436 seconds
[Worker0] Imported GUID: 13c8bd32c985e204eafd19f6360119db - Path: Packages/com.unity.2d.tilemap/Editor/Icons/Tilemap.EditPalette@2x.png - Importer: ScriptedImporter/UnityEditor.QuickSearchModule:UnityEditor.Search:ASIAI0B -> (ImportResultId: '97868b6fdd38a81f47a21de211b77ba1') in 0.010251938 seconds
[Worker0] Imported GUID: 1098fc68a178ced428eb7fe625f54179 - Path: Packages/com.unity.2d.tilemap/Editor/EditorTools/TilemapEditorTool.cs - Importer: ScriptedImporter/UnityEditor.QuickSearchModule:UnityEditor.Search:ASIAI0B -> (ImportResultId: 'b4009b03b0154a4111089d68da586c08') in 0.006791733 seconds
[Worker0] Imported GUID: 211f0721d8ce58a4ea7011a70c455d3a - Path: Packages/com.unity.2d.tilemap/Editor/UI/TilePaletteBrushesDropdownMenu.cs - Importer: ScriptedImporter/UnityEditor.QuickSearchModule:UnityEditor.Search:ASIAI0B -> (ImportResultId: '02959934b12a4eefd1416d0c647b76aa') in 0.007334408 seconds
[Worker0] Imported GUID: abbc28ff73b72b1438f893d41ca52fb0 - Path: Packages/com.unity.2d.tilemap/Editor/Icons/Tilemap.ActiveTargetLayers.png - Importer: ScriptedImporter/UnityEditor.QuickSearchModule:UnityEditor.Search:ASIAI0B -> (ImportResultId: '4abcc9d5b0e06c5d2b1e4503f6544a60') in 0.008028906 seconds
[Worker0] Imported GUID: dd62c99bd1ab0984da092d3ea327b733 - Path: Packages/com.unity.2d.tilemap/Editor/Icons/d_Tilemap.FocusTilemap@4x.png - Importer: ScriptedImporter/UnityEditor.QuickSearchModule:UnityEditor.Search:ASIAI0B -> (ImportResultId: 'ebfaf39ab39fb1e5486bbeb1164ecbaf') in 0.01279335 seconds
[Worker0] Imported GUID: 77786fcb91a3fcd41a4b836be1f0276c - Path: Packages/com.unity.2d.tilemap/Editor/EditorTools/MoveTool.cs - Importer: ScriptedImporter/UnityEditor.QuickSearchModule:UnityEditor.Search:ASIAI0B -> (ImportResultId: '11a589ea0de17de28b6716e5740e52c5') in 0.006853488 seconds
[Worker0] Imported GUID: 6e6ff0d919800e24484d21950e3d851f - Path: Packages/com.unity.2d.tilemap/Editor/EditorTools/BoxTool.cs - Importer: ScriptedImporter/UnityEditor.QuickSearchModule:UnityEditor.Search:ASIAI0B -> (ImportResultId: '80e2f0ff8dc9b9126ae81fd740a8dbd2') in 0.006811918 seconds
[Worker0] Imported GUID: b6fc4f71b00f42947b2ff5102dd5609e - Path: Packages/com.unity.2d.tilemap/Editor/GridPalettesDropdown.cs - Importer: ScriptedImporter/UnityEditor.QuickSearchModule:UnityEditor.Search:ASIAI0B -> (ImportResultId: 'e4cbfeb262c9505cc6231c652f98feb3') in 0.006412112 seconds
[Worker0] Imported GUID: 592cc37b962a5604599e514ecc35f4b2 - Path: Packages/com.unity.2d.tilemap/Editor/Icons/Tilemap.FocusNone.png - Importer: ScriptedImporter/UnityEditor.QuickSearchModule:UnityEditor.Search:ASIAI0B -> (ImportResultId: '76cd2ba78c1cadea955d73a41ed0f5a2') in 0.008098674 seconds
[Worker0] Imported GUID: 495418ee53486f643b24accccc9269f1 - Path: Packages/com.unity.2d.tilemap/Editor/EditorTools - Importer: ScriptedImporter/UnityEditor.QuickSearchModule:UnityEditor.Search:ASIAI0B -> (ImportResultId: 'd90b0a423aa4d2b986cbd9a8a56563b1') in 0.00622524 seconds
[Worker0] Imported GUID: f8e27d22a910edd4e9b6791a887aa9e1 - Path: Packages/com.unity.2d.tilemap/Editor/Icons/Tilemap.FocusNone@2x.png - Importer: ScriptedImporter/UnityEditor.QuickSearchModule:UnityEditor.Search:ASIAI0B -> (ImportResultId: '23327c44bc998f3706d3d17f7fdc49b8') in 0.011165284 seconds
[Worker0] Imported GUID: c55f8ee59e712524682edba7c818eb6b - Path: Packages/com.unity.2d.tilemap/Editor/GridBrushEditor.cs - Importer: ScriptedImporter/UnityEditor.QuickSearchModule:UnityEditor.Search:ASIAI0B -> (ImportResultId: 'd45632826b1b4b366568cdbd418e41ea') in 0.006569228 seconds
[Worker0] Imported GUID: e61b787c9f6984746a82ecf444056814 - Path: Packages/com.unity.2d.tilemap/Editor/GridBrushesDropdown.cs - Importer: ScriptedImporter/UnityEditor.QuickSearchModule:UnityEditor.Search:ASIAI0B -> (ImportResultId: 'c1fc98641012b3c7951d12adf1115a04') in 0.00989384 seconds
[Worker0] Imported GUID: c6ffe8c68dad8fa45bcd0e1a68b64201 - Path: Packages/com.unity.2d.tilemap/Editor/UI/TilePaletteBrushesPopup.cs - Importer: ScriptedImporter/UnityEditor.QuickSearchModule:UnityEditor.Search:ASIAI0B -> (ImportResultId: '65e5f4559e2afa9953e6efc0bf7e8b97') in 0.007817389 seconds
[Worker0] Imported GUID: bc1106d4aa7a8f749b058b7c6a20ff36 - Path: Packages/com.unity.2d.tilemap/Editor/UI/GridPaintingToolbar.cs - Importer: ScriptedImporter/UnityEditor.QuickSearchModule:UnityEditor.Search:ASIAI0B -> (ImportResultId: '7658d3b7feb68a7e82450277c4388a1a') in 0.007883569 seconds
[Worker0] Imported GUID: 7a5950bc69d34eaa8b69e23a0219af0e - Path: Packages/com.unity.2d.tilemap/Editor/UI/External/RenameableLabel.uss - Importer: ScriptedImporter/UnityEditor.QuickSearchModule:UnityEditor.Search:ASIAI0B -> (ImportResultId: '461577242dc37c1ec7a5581ddd50a922') in 0.006942508 seconds
[Worker0] Imported GUID: 0594f3299f18e6f41908492f9b359f6c - Path: Packages/com.unity.2d.tilemap/Editor/Icons/d_GridSelection.png - Importer: ScriptedImporter/UnityEditor.QuickSearchModule:UnityEditor.Search:ASIAI0B -> (ImportResultId: '8edad101de3d283de260828a80bf756d') in 0.007677174 seconds
[Worker0] Imported GUID: 6ad0a0cb781e419690c8bfb5662edcb2 - Path: Packages/com.unity.2d.tilemap/Editor/UI/TilePaletteBrushPickItemElement.cs - Importer: ScriptedImporter/UnityEditor.QuickSearchModule:UnityEditor.Search:ASIAI0B -> (ImportResultId: '2b80907e70361e26b66760ce3f3023b3') in 0.006227252 seconds
[Worker0] Imported GUID: 5d83937eb3ca95047b4e0e43aac5e962 - Path: Packages/com.unity.2d.tilemap/Editor/Icons/Tilemap.TilePalette@2x.png - Importer: ScriptedImporter/UnityEditor.QuickSearchModule:UnityEditor.Search:ASIAI0B -> (ImportResultId: '474b73c7a7d12c4577a830833867331c') in 0.00861283 seconds
[Worker0] Imported GUID: 8f7bde1696e5f8947bda3a63b8f05bfe - Path: Packages/com.unity.2d.tilemap/Editor/UI/TilePaletteMouseCursorUtility.cs - Importer: ScriptedImporter/UnityEditor.QuickSearchModule:UnityEditor.Search:ASIAI0B -> (ImportResultId: 'c45b9b6ba8866c260116a127f60e8ebc') in 0.006635218 seconds
[Worker0] Imported GUID: dc99af6ad351838409126a573140507a - Path: Packages/com.unity.2d.tilemap/Editor/UI/TilePaletteElement.cs - Importer: ScriptedImporter/UnityEditor.QuickSearchModule:UnityEditor.Search:ASIAI0B -> (ImportResultId: '25c862621a84bf8f7163e054b932d714') in 0.00650112 seconds
[Worker0] Imported GUID: 8ee0058b5fad546478a6e24d435de0b9 - Path: Packages/com.unity.2d.tilemap/Editor/UI/TilePaletteClipboardElement.cs - Importer: ScriptedImporter/UnityEditor.QuickSearchModule:UnityEditor.Search:ASIAI0B -> (ImportResultId: '27ca977369719b2df70014dd0146ccec') in 0.006711357 seconds
[Worker0] Imported GUID: 406eab0c553a4378b101ebd84abca5e3 - Path: Packages/com.unity.2d.tilemap/Editor/GridTargetBrushSync.cs - Importer: ScriptedImporter/UnityEditor.QuickSearchModule:UnityEditor.Search:ASIAI0B -> (ImportResultId: '31d1a50e82a8240ee3d0edab7419bdd9') in 0.00656476 seconds
[Worker0] Imported GUID: 6f7eca7d22ec4c948af0f5bb5da7844c - Path: Packages/com.unity.2d.tilemap/Editor/UI/TileSetImporterDragAndDropManipulator.cs - Importer: ScriptedImporter/UnityEditor.QuickSearchModule:UnityEditor.Search:ASIAI0B -> (ImportResultId: '4f5e2855b9ef4017ce2012239ad5f6e7') in 0.006830566 seconds
[Worker0] Imported GUID: ad72aefbbd03ec744b3cf61cf766d320 - Path: Packages/com.unity.2d.tilemap/Editor/Icons/d_Tilemap.ShowGrid.png - Importer: ScriptedImporter/UnityEditor.QuickSearchModule:UnityEditor.Search:ASIAI0B -> (ImportResultId: '6dcc6d44d6d48118dda1986a914e9857') in 0.009080083 seconds
[Worker0] Imported GUID: cdccb0d77f2e841e1bc2c5f367d4df33 - Path: Packages/com.unity.2d.tilemap/Editor/Icons/EditorUI.Filter.png - Importer: ScriptedImporter/UnityEditor.QuickSearchModule:UnityEditor.Search:ASIAI0B -> (ImportResultId: 'a75ba4c0c147391415f907d96d3e155d') in 0.010775554 seconds
[Worker0] Imported GUID: 6ccf4234805f2d049a6869c33213ff65 - Path: Packages/com.unity.2d.tilemap/Editor/Icons/Tilemap.DefaultBrush@4x.png - Importer: ScriptedImporter/UnityEditor.QuickSearchModule:UnityEditor.Search:ASIAI0B -> (ImportResultId: 'e15c94abbfcf169ce81544859275ca1e') in 0.008692812 seconds
[Worker0] Imported GUID: b294a6b01c40240e1b1677cd56223441 - Path: Packages/com.unity.2d.tilemap/Editor/ObjectCreationMenu - Importer: ScriptedImporter/UnityEditor.QuickSearchModule:UnityEditor.Search:ASIAI0B -> (ImportResultId: '873ee41c5c3a2c2a0a16682468e5ee93') in 0.006677849 seconds
[Worker0] Imported GUID: d9f2fab9e420f684dbbaeab1107debb6 - Path: Packages/com.unity.2d.tilemap/Editor/EditorTools/TilemapEditorToolPreferences.cs - Importer: ScriptedImporter/UnityEditor.QuickSearchModule:UnityEditor.Search:ASIAI0B -> (ImportResultId: '69628bd34ff271a452f8c203bc6c1350') in 0.007014847 seconds
[Worker0] Imported GUID: a605ef4315d43d6438e211f589d2df38 - Path: Packages/com.unity.2d.tilemap/Editor/Icons/Tilemap.TilePalette.png - Importer: ScriptedImporter/UnityEditor.QuickSearchModule:UnityEditor.Search:ASIAI0B -> (ImportResultId: 'a2b4be5e1bc9e41f818bdc0388199c62') in 0.008767494 seconds
[Worker0] Imported GUID: 929e44994130ee644ac47965b289aec4 - Path: Packages/com.unity.2d.tilemap/Editor/Icons/Tilemap.FocusGrid@2x.png - Importer: ScriptedImporter/UnityEditor.QuickSearchModule:UnityEditor.Search:ASIAI0B -> (ImportResultId: '3f565038ae84c22de567e6e78c6c85eb') in 0.009036781 seconds
[Worker0] Imported GUID: d5e72ab52355f594fb3b3ba0deba9b4a - Path: Packages/com.unity.2d.tilemap/Editor/Icons/Tilemap.BrushPicks.png - Importer: ScriptedImporter/UnityEditor.QuickSearchModule:UnityEditor.Search:ASIAI0B -> (ImportResultId: '8aff80577e52a460b418e313470a2016') in 0.010310653 seconds
[Worker0] Imported GUID: e272669ad3c0d124e900b8216b156eb2 - Path: Packages/com.unity.2d.tilemap/Editor/TileSet - Importer: ScriptedImporter/UnityEditor.QuickSearchModule:UnityEditor.Search:ASIAI0B -> (ImportResultId: 'f9752fc97fe9020a907da35e28afc6f8') in 0.007823641 seconds
[Worker0] Imported GUID: baab1bab0820d0942bb79c6da94b1688 - Path: Packages/com.unity.2d.tilemap/Editor/Icons/Grid.FlipY@2x.png - Importer: ScriptedImporter/UnityEditor.QuickSearchModule:UnityEditor.Search:ASIAI0B -> (ImportResultId: 'c6ab83c2f12b73093af5e7067100d55f') in 0.008681741 seconds
[Worker0] Imported GUID: 6fcb7dc175a14a4eb2348f2d5e002dd6 - Path: Packages/com.unity.2d.tilemap/Editor/GridBrushPickStoreSettings.cs - Importer: ScriptedImporter/UnityEditor.QuickSearchModule:UnityEditor.Search:ASIAI0B -> (ImportResultId: '7ddc468e351399094790a620b6e267d6') in 0.007166206 seconds
Project ID request failed, Reason: The requested URL returned error: 403 (403).
Unknown Unity Connect error (400). Please contact support at support@unity.com while processing request "https://services.unity.com/api/unity/legacy/v1/projects/a1edac4b-f7b7-494b-b609-a49f1cf416c8", HTTP error code 403
.[Worker0] Imported GUID: ea7e55ba5de304f4496c0a6f9114405c - Path: Packages/com.unity.2d.tilemap/CHANGELOG.md - Importer: ScriptedImporter/UnityEditor.QuickSearchModule:UnityEditor.Search:ASIAI0B -> (ImportResultId: '45f47b83e82b1c2787ac2f3895b47ba2') in 0.007334831 seconds
[Worker0] Imported GUID: 2d8829bed74ac1940856f77a49d02bfb - Path: Packages/com.unity.2d.tilemap/Editor/Icons/d_Tilemap.ShowTilePalette@4x.png - Importer: ScriptedImporter/UnityEditor.QuickSearchModule:UnityEditor.Search:ASIAI0B -> (ImportResultId: '6902a097d86ed9dcebb2973a304acd8b') in 0.009828321 seconds
[Worker0] Imported GUID: 598707f5ba035484c94b0cf6452ab5ba - Path: Packages/com.unity.2d.tilemap/Editor/UI/GridPaintPaletteWindowActiveTargets.cs - Importer: ScriptedImporter/UnityEditor.QuickSearchModule:UnityEditor.Search:ASIAI0B -> (ImportResultId: 'a2e384158c7aa38c896ad9fc173a8c96') in 0.007139945 seconds
[Worker0] Imported GUID: 33af26bf23234fa5bd708d0441d6dcef - Path: Packages/com.unity.2d.tilemap/Editor/UI/TilePaletteClipboardErrorElement.cs - Importer: ScriptedImporter/UnityEditor.QuickSearchModule:UnityEditor.Search:ASIAI0B -> (ImportResultId: 'a887413e51fd63d421182254146337cd') in 0.007221502 seconds
[Worker0] Imported GUID: 6b803590767dfec46b45907b7429debb - Path: Packages/com.unity.2d.tilemap/Editor/UI/TilePaletteActivePalettePopup.cs - Importer: ScriptedImporter/UnityEditor.QuickSearchModule:UnityEditor.Search:ASIAI0B -> (ImportResultId: 'c207bdf2005cbd1b1bc9326e86086f83') in 0.007310535 seconds
[Worker0] Imported GUID: ba6dc9e2bb114aa46a392528f10c13d0 - Path: Packages/com.unity.2d.tilemap/Editor/Icons/d_Tilemap..BrushPicks@4x.png - Importer: ScriptedImporter/UnityEditor.QuickSearchModule:UnityEditor.Search:ASIAI0B -> (ImportResultId: '7428dfc36afe89ed8f7290dccf740133') in 0.009809407 seconds
[Worker0] Imported GUID: a60e09d7c2452be4c824d4eb480c91c7 - Path: Packages/com.unity.2d.tilemap/Editor/Icons/GridSelection.png - Importer: ScriptedImporter/UnityEditor.QuickSearchModule:UnityEditor.Search:ASIAI0B -> (ImportResultId: 'b335e0599c65ddf84f4a9be570e9909f') in 0.008761345 seconds
[Worker0] Imported GUID: 03d93c388f90a6248983677a29c72b38 - Path: Packages/com.unity.2d.tilemap/Editor/Icons/d_Tilemap.BrushSettings@2x.png - Importer: ScriptedImporter/UnityEditor.QuickSearchModule:UnityEditor.Search:ASIAI0B -> (ImportResultId: 'ba5f83e2dc67ab04e48dec9098014d50') in 0.010220979 seconds
[Worker0] Imported GUID: 2ee807d25a754c00a9978861b03e5171 - Path: Packages/com.unity.2d.tilemap/Editor/GridBrushEditorPreferences.cs - Importer: ScriptedImporter/UnityEditor.QuickSearchModule:UnityEditor.Search:ASIAI0B -> (ImportResultId: '21ebb9cc4995d24098e58d7cda3ed31e') in 0.007280664 seconds
[Worker0] Imported GUID: fdeb3f88d08262349a273cebdd343d57 - Path: Packages/com.unity.2d.tilemap/Editor/TileSet/TileSetImporter.cs - Importer: ScriptedImporter/UnityEditor.QuickSearchModule:UnityEditor.Search:ASIAI0B -> (ImportResultId: '63d93aeb0452e822c9cd7042692892d4') in 0.006959666 seconds
[Worker0] Imported GUID: 82f78c36add1c2c4795c911a7abfb93e - Path: Packages/com.unity.2d.tilemap/Editor/Icons/d_Tilemap.ActiveTargetLayers@4x.png - Importer: ScriptedImporter/UnityEditor.QuickSearchModule:UnityEditor.Search:ASIAI0B -> (ImportResultId: '4bb1af4c2994593652460582eac666d0') in 0.009725888 seconds
[Worker0] Imported GUID: ce02df96e1ca9482a8de0ec251e9d4e4 - Path: Packages/com.unity.2d.tilemap/Editor/Icons/d_Tilemap.CustomBrush@2x.png - Importer: ScriptedImporter/UnityEditor.QuickSearchModule:UnityEditor.Search:ASIAI0B -> (ImportResultId: 'b18f37201e90d8e44744a7e2f78c97bc') in 0.00838793 seconds
[Worker0] Imported GUID: 5d7bcc2a88de4de0857df0af4a704e19 - Path: Packages/com.unity.2d.tilemap/Editor/UI/TilePaletteBrushPickElement.cs - Importer: ScriptedImporter/UnityEditor.QuickSearchModule:UnityEditor.Search:ASIAI0B -> (ImportResultId: 'eccb1fe28f66d5d6a949d7c5d9612299') in 0.00684068 seconds
Worker ready: AssetImportWorkerHW1 1
[Worker0] Imported GUID: d9f2d0aff557fba4cb316f849b0ccdd1 - Path: Packages/com.unity.2d.tilemap/Editor/Icons/d_Tilemap.BrushSettings@4x.png - Importer: ScriptedImporter/UnityEditor.QuickSearchModule:UnityEditor.Search:ASIAI0B -> (ImportResultId: 'ce6ee979202e6abed66808aaaa54348d') in 0.008071071 seconds
[Worker0] Imported GUID: a16432554ffe69042985d012d1df2637 - Path: Packages/com.unity.2d.tilemap/Editor/Icons/d_Tilemap.TilePalette.png - Importer: ScriptedImporter/UnityEditor.QuickSearchModule:UnityEditor.Search:ASIAI0B -> (ImportResultId: 'd2f914aac1a068ebc2e227b617be2087') in 0.007862735 seconds
[Worker0] Imported GUID: af1e44f72ff2436c93634dc6cba0ed8e - Path: Packages/com.unity.2d.tilemap/Editor/EditorTools/RotateTool.cs - Importer: ScriptedImporter/UnityEditor.QuickSearchModule:UnityEditor.Search:ASIAI0B -> (ImportResultId: '99da57d6895b6f6eb35667adcd8c3062') in 0.00663888 seconds
[Worker0] Imported GUID: 4e2a3d7e5b5b01843a978d90f553b672 - Path: Packages/com.unity.2d.tilemap/Editor/Icons/d_Tilemap.BrushPicks@2x.png - Importer: ScriptedImporter/UnityEditor.QuickSearchModule:UnityEditor.Search:ASIAI0B -> (ImportResultId: '2dfeecda95b8ce2f054f015b079053f7') in 0.011093344 seconds
[Worker0] Imported GUID: 479801e1f49ea2d4baf2b4c12f674bcb - Path: Packages/com.unity.2d.tilemap/Editor/Icons/d_Tilemap.FocusNone@2x.png - Importer: ScriptedImporter/UnityEditor.QuickSearchModule:UnityEditor.Search:ASIAI0B -> (ImportResultId: '0c0dcaef82c3299a591021e618808cc1') in 0.008377935 seconds
[Worker0] Imported GUID: c33b82aa5373c4e1f8e2d43210c97c45 - Path: Packages/com.unity.2d.tilemap/Editor/Icons/d_EditorUI.Filter.png - Importer: ScriptedImporter/UnityEditor.QuickSearchModule:UnityEditor.Search:ASIAI0B -> (ImportResultId: '55d43ea29793e26e96340bb42e5cd256') in 0.008314897 seconds
[Worker0] Imported GUID: 2c549a09b5c7eee4fb6bcdd69a6ce67f - Path: Packages/com.unity.2d.tilemap/Editor/UI/TilePaletteClipboardPanelPopup.cs - Importer: ScriptedImporter/UnityEditor.QuickSearchModule:UnityEditor.Search:ASIAI0B -> (ImportResultId: 'adb5bd9461c042a191aac3d43ebcf379') in 0.006821214 seconds
[Worker0] Imported GUID: 645d52902e2241568a67dcecdcbb8934 - Path: Packages/com.unity.2d.tilemap/Editor/TileSet/TileSetUtility.cs - Importer: ScriptedImporter/UnityEditor.QuickSearchModule:UnityEditor.Search:ASIAI0B -> (ImportResultId: 'b442e21fe3c2b2a873113a2236ddfc73') in 0.006225763 seconds
[Worker0] Imported GUID: efae8c209fe26f541b3d560f2034287d - Path: Packages/com.unity.2d.tilemap/Editor/Icons/d_EditorUI.Target@2x.png - Importer: ScriptedImporter/UnityEditor.QuickSearchModule:UnityEditor.Search:ASIAI0B -> (ImportResultId: '2f7b351d7a6c7fb937fceedd54a91c84') in 0.007941535 seconds
[Worker0] Imported GUID: 5fb3ada6b424478f868d114ce6117c0a - Path: Packages/com.unity.2d.tilemap/Editor/TilemapFocusModeUtility.cs - Importer: ScriptedImporter/UnityEditor.QuickSearchModule:UnityEditor.Search:ASIAI0B -> (ImportResultId: '317f88cff1cd5b7c73eaefaacfede761') in 0.007105751 seconds
[Worker0] Imported GUID: 767ef4adccc592649bc3b2c17a97a6dc - Path: Packages/com.unity.2d.tilemap/Editor/UI/TilePaletteActiveTargetsDropdownMenu.cs - Importer: ScriptedImporter/UnityEditor.QuickSearchModule:UnityEditor.Search:ASIAI0B -> (ImportResultId: '52bce5c84d6c9b9535e21375aff9d2f4') in 0.007138406 seconds
[Worker0] Imported GUID: f708c0da8a2b5fc4381f7f8d4a322a0a - Path: Packages/com.unity.2d.tilemap/Editor/Icons/Tilemap.ActiveTargetLayers@2x.png - Importer: ScriptedImporter/UnityEditor.QuickSearchModule:UnityEditor.Search:ASIAI0B -> (ImportResultId: '427b0f80ad7af8deccc42ad8ad7b63bd') in 0.009211463 seconds
[Worker0] Imported GUID: bdab342e8f290224dbdbc33dd03605c4 - Path: Packages/com.unity.2d.tilemap/Editor/Icons/d_Tilemap.BrushPicks.png - Importer: ScriptedImporter/UnityEditor.QuickSearchModule:UnityEditor.Search:ASIAI0B -> (ImportResultId: '6b6d1c2f71c667addabd24921e95aa90') in 0.010007001 seconds
[Worker0] Imported GUID: 979425d925f745e4a93aff5f4bfa9236 - Path: Packages/com.unity.2d.tilemap/Editor/UI/TilePaletteWhiteboxPaletteDropdownMenu.cs - Importer: ScriptedImporter/UnityEditor.QuickSearchModule:UnityEditor.Search:ASIAI0B -> (ImportResultId: '711fb7533338bb73bb84ca59c8dd618c') in 0.007245525 seconds
Worker ready: AssetImportWorkerHW2 2
[Worker0] Imported GUID: dcf0b2fc1fc794a9f919ec1610b03a1f - Path: Packages/com.unity.2d.tilemap/Third Party Notices.md - Importer: ScriptedImporter/UnityEditor.QuickSearchModule:UnityEditor.Search:ASIAI0B -> (ImportResultId: '8aba756ce5dbe7eaefd44c44ece31314') in 0.0072536 seconds
[Worker0] Imported GUID: 6b38a6882b80b1c4dbcca4bc844d7b9c - Path: Packages/com.unity.2d.tilemap/Editor - Importer: ScriptedImporter/UnityEditor.QuickSearchModule:UnityEditor.Search:ASIAI0B -> (ImportResultId: 'a5041cf4308fd5358f21e17b4e3e6acc') in 0.006986992 seconds
[Worker0] Imported GUID: 384ea3a769d6ffd44bcc7f03793e3adc - Path: Packages/com.unity.2d.tilemap/Editor/GridPaintPaletteClipboard.cs - Importer: ScriptedImporter/UnityEditor.QuickSearchModule:UnityEditor.Search:ASIAI0B -> (ImportResultId: '1e929a73b1d98d018660e11bc7c378cf') in 0.00733723 seconds
[Worker0] Imported GUID: ff827e3a021bd1b4493ddbcd90ed460f - Path: Packages/com.unity.2d.tilemap/Editor/Icons/Tilemap.BrushSettings@4x.png - Importer: ScriptedImporter/UnityEditor.QuickSearchModule:UnityEditor.Search:ASIAI0B -> (ImportResultId: '6c3979f9ebe3cb897a267a4c8f4110bc') in 0.009134125 seconds
[Worker0] Imported GUID: 04e6c3cc740a491458073f2f715066f6 - Path: Packages/com.unity.2d.tilemap/Editor/Icons/d_EditorUI.Target.png - Importer: ScriptedImporter/UnityEditor.QuickSearchModule:UnityEditor.Search:ASIAI0B -> (ImportResultId: '21385b8df02db6ff42b7ee0428be489a') in 0.008382469 seconds
[Worker0] Imported GUID: 6cf9bcb22d1f73e42a7abe79808d5902 - Path: Packages/com.unity.2d.tilemap/Editor/EditorTools/GridSelection/GridSelectionRotationTool.cs - Importer: ScriptedImporter/UnityEditor.QuickSearchModule:UnityEditor.Search:ASIAI0B -> (ImportResultId: '2ad0cc5248979d897e76a20a691fccfa') in 0.006837312 seconds
[Worker0] Imported GUID: 1bbd61a4999d4fbd81f3e5bdc6c71fbd - Path: Packages/com.unity.2d.tilemap/Editor/TilePaletteSaveUtility.cs - Importer: ScriptedImporter/UnityEditor.QuickSearchModule:UnityEditor.Search:ASIAI0B -> (ImportResultId: '126c03736b7e76bb2828f3793c449428') in 0.007024578 seconds
[Worker0] Imported GUID: 28df830b98d0a3f44b58e73d78060ab0 - Path: Packages/com.unity.2d.tilemap/Editor/Icons/Grid.RotateACW.png - Importer: ScriptedImporter/UnityEditor.QuickSearchModule:UnityEditor.Search:ASIAI0B -> (ImportResultId: 'b4b0854bf71b1f57b68b472235c23b64') in 0.008394392 seconds
[Worker0] Imported GUID: 6b80cdd1d5ce20c4189553f129f4d175 - Path: Packages/com.unity.2d.tilemap/Editor/Icons/Tilemap.FocusTilemap@2x.png - Importer: ScriptedImporter/UnityEditor.QuickSearchModule:UnityEditor.Search:ASIAI0B -> (ImportResultId: '3032ce66e41d4d8d74f5813b64c93b7f') in 0.008562079 seconds
[Worker0] Imported GUID: 72124a67bbace794fa38534a24d23cee - Path: Packages/com.unity.2d.tilemap/Editor/Icons/d_Grid.RotateACW@2x.png - Importer: ScriptedImporter/UnityEditor.QuickSearchModule:UnityEditor.Search:ASIAI0B -> (ImportResultId: 'ebf386c07330302f91062c111509bc44') in 0.010715407 seconds
[Worker0] Imported GUID: 2a208840b98c7aa46a99ed3517e86d98 - Path: Packages/com.unity.2d.tilemap/Editor/UI/TilePaletteOverlayLight.uss - Importer: ScriptedImporter/UnityEditor.QuickSearchModule:UnityEditor.Search:ASIAI0B -> (ImportResultId: '560987242b8c3ef5f9f732d3feda7c0e') in 0.007853239 seconds
[Worker0] Imported GUID: f60779a06bec4f14a957237a7206b786 - Path: Packages/com.unity.2d.tilemap/Editor/GridPaletteAddPopup.cs - Importer: ScriptedImporter/UnityEditor.QuickSearchModule:UnityEditor.Search:ASIAI0B -> (ImportResultId: '732b65beea9f4474cac4ddfd40f7a856') in 0.007415017 seconds
[Worker0] Imported GUID: 53439e5dcebe4d74e8358cf7104c4666 - Path: Packages/com.unity.2d.tilemap/Editor/Icons/Tilemap.DefaultBrush.png - Importer: ScriptedImporter/UnityEditor.QuickSearchModule:UnityEditor.Search:ASIAI0B -> (ImportResultId: '7323c3f4a069d3b427b1f9727e19e965') in 0.008914685 seconds
[Worker0] Imported GUID: 0237a0d9a9c873e45abc9f7f9918f744 - Path: Packages/com.unity.2d.tilemap/Editor/UI/TilePaletteActivePaletteDropdownMenu.cs - Importer: ScriptedImporter/UnityEditor.QuickSearchModule:UnityEditor.Search:ASIAI0B -> (ImportResultId: 'd687421be5d6354216f132ddd3de6339') in 0.00738679 seconds
[Worker0] Imported GUID: d0ba7992e08412649839c5b94f950c79 - Path: Packages/com.unity.2d.tilemap/Editor/EditorTools/GridSelection/GridSelectionScaleTool.cs - Importer: ScriptedImporter/UnityEditor.QuickSearchModule:UnityEditor.Search:ASIAI0B -> (ImportResultId: '91c37100ed8b98cb83880a2dbdb8634f') in 0.007331309 seconds
[Worker0] Imported GUID: 7befde712044bf34d8d765aba01a52c9 - Path: Packages/com.unity.2d.tilemap/Editor/Icons/Tilemap.BrushPicks@2x.png - Importer: ScriptedImporter/UnityEditor.QuickSearchModule:UnityEditor.Search:ASIAI0B -> (ImportResultId: '2bda9f403eda5330040afff29519fd59') in 0.009380154 seconds
[Worker0] Imported GUID: 298cc9ee1ef84b288cb3748dd279d282 - Path: Packages/com.unity.2d.tilemap/Editor/UI/TilePaletteBrushPickPanelPopup.cs - Importer: ScriptedImporter/UnityEditor.QuickSearchModule:UnityEditor.Search:ASIAI0B -> (ImportResultId: '20f52e98f972dfd41b3f87f792edc182') in 0.007589761 seconds
[Worker0] Imported GUID: 0838dba95105e7148a96012c2778a2d5 - Path: Packages/com.unity.2d.tilemap/Editor/Icons/Tilemap.FocusGrid.png - Importer: ScriptedImporter/UnityEditor.QuickSearchModule:UnityEditor.Search:ASIAI0B -> (ImportResultId: 'd03986e2216fed8633606b62b13e4f41') in 0.00881129 seconds
[Worker0] Imported GUID: dd81f55787e496249bb4111007562ef5 - Path: Packages/com.unity.2d.tilemap/Editor/Icons/d_EditorUI.TargetHover@4x.png - Importer: ScriptedImporter/UnityEditor.QuickSearchModule:UnityEditor.Search:ASIAI0B -> (ImportResultId: '90304cd64e9d9b72944fa26969c04d64') in 0.010575794 seconds
[Worker0] Imported GUID: e88839abd78a4233a27f8885c9c95714 - Path: Packages/com.unity.2d.tilemap/Editor/UI/TextUtility.cs - Importer: ScriptedImporter/UnityEditor.QuickSearchModule:UnityEditor.Search:ASIAI0B -> (ImportResultId: '3f8aefb424ebc9252cc72f698178af1e') in 0.007422499 seconds
[Worker0] Imported GUID: bb25d1497abf4a148fda776ffb528cf4 - Path: Packages/com.unity.2d.tilemap/Editor/UI/TilePaletteCreateTargetsDropdownMenu.cs - Importer: ScriptedImporter/UnityEditor.QuickSearchModule:UnityEditor.Search:ASIAI0B -> (ImportResultId: '83a9e1da0b8e01bb142cc7d93f0d5930') in 0.008386181 seconds
[Worker0] Imported GUID: 38d7d4ae5ba301c48a9c37d530dff736 - Path: Packages/com.unity.2d.tilemap/Editor/PaintableGrid.cs - Importer: ScriptedImporter/UnityEditor.QuickSearchModule:UnityEditor.Search:ASIAI0B -> (ImportResultId: '5e401000737d8cf404484ffaab79d66c') in 0.00743082 seconds
[Worker0] Imported GUID: 241898342fd2d2d478d8d74aff380666 - Path: Packages/com.unity.2d.tilemap/Editor/CreateTileFromPaletteAttribute.cs - Importer: ScriptedImporter/UnityEditor.QuickSearchModule:UnityEditor.Search:ASIAI0B -> (ImportResultId: 'cc25cc6e27638caa8c2e9786496bde99') in 0.007430243 seconds
[Worker0] Imported GUID: f8e23945cefaa614da36fe203225170a - Path: Packages/com.unity.2d.tilemap/Editor/Icons/d_Tilemap.TilePalette@2x.png - Importer: ScriptedImporter/UnityEditor.QuickSearchModule:UnityEditor.Search:ASIAI0B -> (ImportResultId: '3dc38c5dbc61c349ad78f6d4b9a8d3d1') in 0.008928858 seconds
[Worker0] Imported GUID: c130b41d1f572a14793b146add3d6e3f - Path: Packages/com.unity.2d.tilemap/Editor/Icons/d_EditorUI.TargetHover.png - Importer: ScriptedImporter/UnityEditor.QuickSearchModule:UnityEditor.Search:ASIAI0B -> (ImportResultId: 'db3040ad121faf98e16c2e03ee85e09d') in 0.009228032 seconds
[Worker0] Imported GUID: 99c3717808acc0f43b394ab3e10da8bb - Path: Packages/com.unity.2d.tilemap/Editor/Icons/d_Tilemap.ActiveTargetLayers.png - Importer: ScriptedImporter/UnityEditor.QuickSearchModule:UnityEditor.Search:ASIAI0B -> (ImportResultId: '012a6f4a2e7d1eb9b1315309a47bb4b5') in 0.009488463 seconds
[Worker0] Imported GUID: 4009bdfbd908ccf41a101be04ed6567d - Path: Packages/com.unity.2d.tilemap/Editor/GridBrush.cs - Importer: ScriptedImporter/UnityEditor.QuickSearchModule:UnityEditor.Search:ASIAI0B -> (ImportResultId: 'f2c4462e0f1d10cec3505f541562f04a') in 0.008362947 seconds
[Worker0] Imported GUID: 67ffa6242c6ee9246a64038878f96adc - Path: Packages/com.unity.2d.tilemap/Editor/GridSelection.cs - Importer: ScriptedImporter/UnityEditor.QuickSearchModule:UnityEditor.Search:ASIAI0B -> (ImportResultId: '0160ebe26b72931c8e21da217300e18d') in 0.007204175 seconds
[Worker0] Imported GUID: 0edd9d84d73c14b4fa94b44acc4c53d1 - Path: Packages/com.unity.2d.tilemap/Editor/SceneViewOpenTilePaletteHelper.cs - Importer: ScriptedImporter/UnityEditor.QuickSearchModule:UnityEditor.Search:ASIAI0B -> (ImportResultId: '111f0b518cd16d5beeff37aa14ebf28b') in 0.008334968 seconds
[Worker0] Imported GUID: b870da3ede4ee144d8631c9ef0a3a66c - Path: Packages/com.unity.2d.tilemap/Editor/AssemblyInfo.cs - Importer: ScriptedImporter/UnityEditor.QuickSearchModule:UnityEditor.Search:ASIAI0B -> (ImportResultId: 'd40c1555809e6f942554c20a0e311e49') in 0.007422288 seconds
[Worker0] Imported GUID: 45612d93bb71d8f48bb1dba4b0f5caac - Path: Packages/com.unity.2d.tilemap/Editor/Icons/Tilemap.BrushPicks@4x.png - Importer: ScriptedImporter/UnityEditor.QuickSearchModule:UnityEditor.Search:ASIAI0B -> (ImportResultId: 'c99890e52517988b90a97244eea14f85') in 0.00934868 seconds
[Worker0] Imported GUID: 1407207e0ba5c48f3a24bdbea0fa84b5 - Path: Packages/com.unity.2d.tilemap/Editor/ObjectCreationMenu/DefaultAssetCreation.cs - Importer: ScriptedImporter/UnityEditor.QuickSearchModule:UnityEditor.Search:ASIAI0B -> (ImportResultId: '2ab9829d83152625d6a6158b7e840e88') in 0.00721661 seconds
[Worker0] Imported GUID: 66bb00887f3170c4a95b989d392049ec - Path: Packages/com.unity.2d.tilemap/Editor/Icons/d_Grid.RotateCW.png - Importer: ScriptedImporter/UnityEditor.QuickSearchModule:UnityEditor.Search:ASIAI0B -> (ImportResultId: 'fce48827016c502301204e9bd110205a') in 0.010481117 seconds
[Worker0] Imported GUID: b3cfa46cb726ab64f94c35306c0d9508 - Path: Packages/com.unity.2d.tilemap/Editor/GridPalettes.cs - Importer: ScriptedImporter/UnityEditor.QuickSearchModule:UnityEditor.Search:ASIAI0B -> (ImportResultId: 'ab060abc8a3864bda13075cdcf1af4e7') in 0.007222151 seconds
[Worker0] Imported GUID: b3f6a0922e3511840813c51882c0907b - Path: Packages/com.unity.2d.tilemap/Editor/Icons/d_Tilemap.ShowTilePalette@2x.png - Importer: ScriptedImporter/UnityEditor.QuickSearchModule:UnityEditor.Search:ASIAI0B -> (ImportResultId: 'b5fbb71c77dc2992404da9d6574d6151') in 0.009194179 seconds
[Worker0] Imported GUID: 1cea3c0d30c40344881603d28240cfd3 - Path: Packages/com.unity.2d.tilemap/Editor/Icons/d_Tilemap.BrushSettings.png - Importer: ScriptedImporter/UnityEditor.QuickSearchModule:UnityEditor.Search:ASIAI0B -> (ImportResultId: '96273770ca35935f0138f1a188294150') in 0.009469342 seconds
[Worker0] Imported GUID: b8096dde849bb6f4f98cadbbf04ab6d9 - Path: Packages/com.unity.2d.tilemap/Editor/EditorTools/GridSelection - Importer: ScriptedImporter/UnityEditor.QuickSearchModule:UnityEditor.Search:ASIAI0B -> (ImportResultId: '4b21b584f04182dd20155432bf174575') in 0.007287157 seconds
[Worker0] Imported GUID: 007e8b9701e00aa4b934ca58ee397b03 - Path: Packages/com.unity.2d.tilemap/Editor/GridSelectionEditor.cs - Importer: ScriptedImporter/UnityEditor.QuickSearchModule:UnityEditor.Search:ASIAI0B -> (ImportResultId: 'f41ae16bcad2af5969d30dace2d2b48d') in 0.007595973 seconds
[Worker0] Imported GUID: b375422385f769844a35ff7743e8f1bb - Path: Packages/com.unity.2d.tilemap/Editor/Icons/Tilemap.ShowGrid@4x.png - Importer: ScriptedImporter/UnityEditor.QuickSearchModule:UnityEditor.Search:ASIAI0B -> (ImportResultId: '547f8213a3d9fcd2fa7c5d8814cc0f4e') in 0.00926042 seconds
[Worker0] Imported GUID: 63154732be07c2242a369890e0f80a72 - Path: Packages/com.unity.2d.tilemap/Editor/Icons/Tilemap.ShowGrid.png - Importer: ScriptedImporter/UnityEditor.QuickSearchModule:UnityEditor.Search:ASIAI0B -> (ImportResultId: '64337c2b9d1794874f160897448b2795') in 0.009643322 seconds
[Worker0] Imported GUID: bd1051621083e784fb548003ae41bf3d - Path: Packages/com.unity.2d.tilemap/Editor/TilemapPrefabStageHelper.cs - Importer: ScriptedImporter/UnityEditor.QuickSearchModule:UnityEditor.Search:ASIAI0B -> (ImportResultId: '73fc1d835fef106f6a4585e6af4c8e83') in 0.007110269 seconds
[Worker0] Imported GUID: 8dc999fb86ea8ae49b4cc23cf7d6afd1 - Path: Packages/com.unity.2d.tilemap/Editor/UI/TilePaletteBrushesDropdownToggle.cs - Importer: ScriptedImporter/UnityEditor.QuickSearchModule:UnityEditor.Search:ASIAI0B -> (ImportResultId: '82c29b6c4b3f9f4599ff95aad3cd7e98') in 0.007274106 seconds
[Worker0] Imported GUID: ce315ea6e6e86a740b10e02dda0d0e9c - Path: Packages/com.unity.2d.tilemap/Editor/Icons/Tilemap.ActiveTargetLayers@4x.png - Importer: ScriptedImporter/UnityEditor.QuickSearchModule:UnityEditor.Search:ASIAI0B -> (ImportResultId: '9bfb943ddc19416b8b6d3ed42d038b5f') in 0.011385022 seconds
[Worker0] Imported GUID: 3a9781db4804a9945b9883f3a7c46d45 - Path: Packages/com.unity.2d.tilemap/Editor/Unity.2D.Tilemap.Editor.asmdef - Importer: ScriptedImporter/UnityEditor.QuickSearchModule:UnityEditor.Search:ASIAI0B -> (ImportResultId: '76e8bad5d57bad4b4b539c54fef8c365') in 0.007497092 seconds
[Worker0] Imported GUID: 367a9e3649215be42869f99bdeecbab6 - Path: Packages/com.unity.2d.tilemap/Editor/Icons/Grid.FlipX@2x.png - Importer: ScriptedImporter/UnityEditor.QuickSearchModule:UnityEditor.Search:ASIAI0B -> (ImportResultId: '4129c271ef462ddd284390a98666447c') in 0.008966723 seconds
[Worker0] Imported GUID: 7f05a25b258e43f09384cfc0062723ed - Path: Packages/com.unity.2d.tilemap/Editor/TileSet/TileTemplate.cs - Importer: ScriptedImporter/UnityEditor.QuickSearchModule:UnityEditor.Search:ASIAI0B -> (ImportResultId: '24f4fccfecc5188f888c7b4db012ae2a') in 0.007150427 seconds
[Worker0] Imported GUID: a3c4ea29a117e3f418ded11a50e4d52d - Path: Packages/com.unity.2d.tilemap/Editor/Icons/d_Grid.FlipY@2x.png - Importer: ScriptedImporter/UnityEditor.QuickSearchModule:UnityEditor.Search:ASIAI0B -> (ImportResultId: 'eb2ed5671630a2d2f867fe84857154a5') in 0.008664204 seconds
[Worker0] Imported GUID: 4b6b0d10629b2ea40846b0eed5b74f43 - Path: Packages/com.unity.2d.tilemap/Editor/Icons/Tilemap.ShowTilePalette.png - Importer: ScriptedImporter/UnityEditor.QuickSearchModule:UnityEditor.Search:ASIAI0B -> (ImportResultId: '3d8d106cf6ac5c8966bfc2419222e2da') in 0.009037623 seconds
[Worker0] Imported GUID: 9c4b584fdcc16e84391e2a1f5235a9d3 - Path: Packages/com.unity.2d.tilemap/Editor/Icons/d_Tilemap.EditPalette@4x.png - Importer: ScriptedImporter/UnityEditor.QuickSearchModule:UnityEditor.Search:ASIAI0B -> (ImportResultId: '3beb7f8a1273bf1c84f292af03147620') in 0.008710023 seconds
[Worker0] Imported GUID: 888033bb6c1374d44a56c290bc991950 - Path: Packages/com.unity.2d.tilemap/Editor/UI/TilePaletteBrushPanelButton.cs - Importer: ScriptedImporter/UnityEditor.QuickSearchModule:UnityEditor.Search:ASIAI0B -> (ImportResultId: '28ce5120964d91b1810762762df22a8c') in 0.007100847 seconds
[Worker0] Imported GUID: 72a3c6132d5e2ae48a1df56cfebbc7c2 - Path: Packages/com.unity.2d.tilemap/Editor/Icons/Tilemap.EditPalette@4x.png - Importer: ScriptedImporter/UnityEditor.QuickSearchModule:UnityEditor.Search:ASIAI0B -> (ImportResultId: '35884ae68a9bf0951526aadb174aa84f') in 0.009902751 seconds
[Worker0] Imported GUID: a700028b9cda49fd94ebc3806a2185f9 - Path: Packages/com.unity.2d.tilemap/Editor/UI/TilePaletteBrushModalElement.cs - Importer: ScriptedImporter/UnityEditor.QuickSearchModule:UnityEditor.Search:ASIAI0B -> (ImportResultId: 'bd336fc80c66d0bd9d147120b0513807') in 0.007546726 seconds
[Worker0] Imported GUID: d3b2641fbdbb1f340ad9732102db591e - Path: Packages/com.unity.2d.tilemap/Editor/Icons/d_Tilemap.ActiveTargetLayers@2x.png - Importer: ScriptedImporter/UnityEditor.QuickSearchModule:UnityEditor.Search:ASIAI0B -> (ImportResultId: 'ce3bcc2a2564d7f4fc768468c8ef55be') in 0.00863019 seconds
[Worker0] Imported GUID: 920ecfdb532776b4cb32b37e5bd9e6ff - Path: Packages/com.unity.2d.tilemap/Editor/Icons/Tilemap.TilePalette@4x.png - Importer: ScriptedImporter/UnityEditor.QuickSearchModule:UnityEditor.Search:ASIAI0B -> (ImportResultId: 'e2dcafd123c691b0ca683641025d8b92') in 0.009163499 seconds
[Worker0] Imported GUID: 1f26945e970839e41ba35badd04237ef - Path: Packages/com.unity.2d.tilemap/Editor/Icons/d_Grid.FlipX@2x.png - Importer: ScriptedImporter/UnityEditor.QuickSearchModule:UnityEditor.Search:ASIAI0B -> (ImportResultId: 'e53da703632f8819f17c064dc0d85c6d') in 0.008615078 seconds
[Worker0] Imported GUID: 2bfef0473016eee4fa9d9bd505a1edd5 - Path: Packages/com.unity.2d.tilemap/Tests - Importer: ScriptedImporter/UnityEditor.QuickSearchModule:UnityEditor.Search:ASIAI0B -> (ImportResultId: 'cc0f482fd40562ca255b04c38d97986d') in 0.006759135 seconds
[Worker0] Imported GUID: c63fe6f3b17a3b84c91fa9e96162da05 - Path: Packages/com.unity.2d.tilemap/Editor/TileDragAndDropHoverData.cs - Importer: ScriptedImporter/UnityEditor.QuickSearchModule:UnityEditor.Search:ASIAI0B -> (ImportResultId: '453580d0bb5856386d39f494478fc51c') in 0.006717192 seconds
[Worker0] Imported GUID: 3239e705bdc364b47a21e44901809b91 - Path: Packages/com.unity.2d.tilemap/Editor/Icons/Grid.RotateCW@2x.png - Importer: ScriptedImporter/UnityEditor.QuickSearchModule:UnityEditor.Search:ASIAI0B -> (ImportResultId: '591ba5f41e63a18fa130367730b9fc21') in 0.009165732 seconds
[Worker0] Imported GUID: 7a17912541de348408b722a40b972ea3 - Path: Packages/com.unity.2d.tilemap/Editor/Icons/Tilemap.BrushSettings.png - Importer: ScriptedImporter/UnityEditor.QuickSearchModule:UnityEditor.Search:ASIAI0B -> (ImportResultId: 'b19b4fac6985ab393f9deeae6395d572') in 0.008620788 seconds
[Worker0] Imported GUID: 77be2b195bdd3a849b554d6dd09badb0 - Path: Packages/com.unity.2d.tilemap/Editor/Icons/d_Tilemap.DefaultBrush@4x.png - Importer: ScriptedImporter/UnityEditor.QuickSearchModule:UnityEditor.Search:ASIAI0B -> (ImportResultId: '966b45bd3f543941358e53a53f59df2f') in 0.010395095 seconds
[Worker0] Imported GUID: dd427a5a6fffcba478ecfbccb81b5852 - Path: Packages/com.unity.2d.tilemap/Editor/EditorTools/GridSelection/GridSelectionToolEditor.cs - Importer: ScriptedImporter/UnityEditor.QuickSearchModule:UnityEditor.Search:ASIAI0B -> (ImportResultId: '191b56de30e7b4b8ed97b9b99236ce54') in 0.006983077 seconds
[Worker0] Imported GUID: b74537feff4831541a8c3bf81913649d - Path: Packages/com.unity.2d.tilemap/Editor/GridEditorUtility.cs - Importer: ScriptedImporter/UnityEditor.QuickSearchModule:UnityEditor.Search:ASIAI0B -> (ImportResultId: 'b5c219613e7b2bf53e1213645b84c03b') in 0.007115044 seconds
[Worker0] Imported GUID: 2d273e946d0b400a8bc9d2cb4c1946c9 - Path: Packages/com.unity.2d.tilemap/Editor/UI/External/GridView.uss - Importer: ScriptedImporter/UnityEditor.QuickSearchModule:UnityEditor.Search:ASIAI0B -> (ImportResultId: '65ab9251dc75af148246072368ea9807') in 0.007497463 seconds
[Worker0] Imported GUID: 1d8efe8a75b351d4d9aa8b28ddf93196 - Path: Packages/com.unity.2d.tilemap/Editor/Icons/d_Tilemap.FocusTilemap@2x.png - Importer: ScriptedImporter/UnityEditor.QuickSearchModule:UnityEditor.Search:ASIAI0B -> (ImportResultId: 'd23c7d18cb8c97f6292c5330b4f92b4f') in 0.008541253 seconds
[Worker0] Imported GUID: 2e12ff2cc7983784eab0dfe0bb7ff17e - Path: Packages/com.unity.2d.tilemap/Editor/Icons/EditorUI.TargetHover@2x.png - Importer: ScriptedImporter/UnityEditor.QuickSearchModule:UnityEditor.Search:ASIAI0B -> (ImportResultId: 'bdae526ea9155f5618e4b48aa07593b3') in 0.008611301 seconds
[Worker0] Imported GUID: 0909c6f06211781439495feaa76bfe3b - Path: Packages/com.unity.2d.tilemap/Editor/UI/TilePaletteBrushesLabel.cs - Importer: ScriptedImporter/UnityEditor.QuickSearchModule:UnityEditor.Search:ASIAI0B -> (ImportResultId: 'eb526aaef370b9e74d2f7c15f170a60c') in 0.006971913 seconds
[Worker0] Imported GUID: b0560f6f4fbd3a341a3d14343c000889 - Path: Packages/com.unity.2d.tilemap/LICENSE.md - Importer: ScriptedImporter/UnityEditor.QuickSearchModule:UnityEditor.Search:ASIAI0B -> (ImportResultId: '674709d4c99626e4d9265d0f73bf64b5') in 0.007381121 seconds
[Worker0] Imported GUID: 230ee21eea18d46e48f6038641c438b7 - Path: Assets/IndieMarc/PlatformerDemo/PlatformerDemo.unity - Importer: ScriptedImporter/UnityEditor.QuickSearchModule:UnityEditor.Search:ASIAI0B -> (ImportResultId: 'b386059522b97e517faf9cf991db8aed') in 0.008080913 seconds
[Worker0] Imported GUID: 7c2b4a813c92040a1a863d4ea635121d - Path: Packages/com.unity.2d.tilemap/Editor/Icons/Tilemap.CustomBrush@2x.png - Importer: ScriptedImporter/UnityEditor.QuickSearchModule:UnityEditor.Search:ASIAI0B -> (ImportResultId: '3bc89818eb296345a83f212c98cab3df') in 0.008855438 seconds
[Worker0] Imported GUID: ffc58b5d1d8a6ed489be30f7a1291b1e - Path: Packages/com.unity.2d.tilemap/Editor/Icons/d_Tilemap.FocusGrid@4x.png - Importer: ScriptedImporter/UnityEditor.QuickSearchModule:UnityEditor.Search:ASIAI0B -> (ImportResultId: '702ae827be9ae1513b8228f20bf31401') in 0.010785191 seconds
[Worker0] Imported GUID: e6ccb94c25befa84d8d07a2b0374bc63 - Path: Packages/com.unity.2d.tilemap/Editor/UI/TilePaletteContextMenuHandler.cs - Importer: ScriptedImporter/UnityEditor.QuickSearchModule:UnityEditor.Search:ASIAI0B -> (ImportResultId: 'b177a58415a7ac783ffaab1a4295bb60') in 0.007979306 seconds
[Worker0] Imported GUID: edca8f45c1127f147b3fa62aad3ed9c1 - Path: Packages/com.unity.2d.tilemap/Editor/UI/TilePaletteOverlayDark.uss - Importer: ScriptedImporter/UnityEditor.QuickSearchModule:UnityEditor.Search:ASIAI0B -> (ImportResultId: '35b4bdcfb9f05a5a6a6107fc7a5ee299') in 0.007899288 seconds
[Worker0] Imported GUID: f49d8937111e99645adc3cc3b6c47215 - Path: Packages/com.unity.2d.tilemap/Editor/UI/TilePaletteActiveTargetsButton.cs - Importer: ScriptedImporter/UnityEditor.QuickSearchModule:UnityEditor.Search:ASIAI0B -> (ImportResultId: '12a0784bd72502e5c20fe6fa7e752e92') in 0.007420955 seconds
[Worker0] Imported GUID: 7360ac83b6bff7149836a436a4920d53 - Path: Packages/com.unity.2d.tilemap/Editor/Icons/Tilemap.FocusTilemap@4x.png - Importer: ScriptedImporter/UnityEditor.QuickSearchModule:UnityEditor.Search:ASIAI0B -> (ImportResultId: '6886c3a66bbc62efa2877c5c18c31c2f') in 0.009422295 seconds
[Worker0] Imported GUID: 5dfb96fd1c7a1bf4f9f606597de935cf - Path: Packages/com.unity.2d.tilemap/Editor/Icons/d_Tilemap.FocusNone.png - Importer: ScriptedImporter/UnityEditor.QuickSearchModule:UnityEditor.Search:ASIAI0B -> (ImportResultId: '6f00d4654838065db924de9b9bec4980') in 0.009085386 seconds
[Worker0] Imported GUID: 8ce1fc14411aade4b81c0e6dd86950be - Path: Packages/com.unity.2d.tilemap/Tests/Editor/Unity.2D.Tilemap.Package.EditorTests.asmdef - Importer: ScriptedImporter/UnityEditor.QuickSearchModule:UnityEditor.Search:ASIAI0B -> (ImportResultId: '30dc20c309b662a1b4006c7177292608') in 0.007068763 seconds
[Worker0] Imported GUID: 2c603b35007f443a82fe8e3a68d8668c - Path: Packages/com.unity.2d.tilemap/Editor/UI/TilePaletteBrushPickButton.cs - Importer: ScriptedImporter/UnityEditor.QuickSearchModule:UnityEditor.Search:ASIAI0B -> (ImportResultId: '40b31cfabcb2aece9ee70354479c2752') in 0.007167338 seconds
[Worker0] Imported GUID: 92a378669877c05c6071d0fed687bb95 - Path: Packages/com.unity.modules.tilemap/package.json - Importer: ScriptedImporter/UnityEditor.QuickSearchModule:UnityEditor.Search:ASIAI0B -> (ImportResultId: '8f7ec217b279dbb285fd93889ba00de5') in 0.00727839 seconds
[Worker0] Imported GUID: 9e592d81aca24e489c0bac69b894dd31 - Path: Packages/com.unity.collab-proxy/Editor/Views/Branch/SerializableBranchesTabState.cs - Importer: ScriptedImporter/UnityEditor.QuickSearchModule:UnityEditor.Search:ASIAI0B -> (ImportResultId: '221b77332ff7c4a4aec9cbc51b9f0ba7') in 0.007017614 seconds
[Worker0] Imported GUID: a5421e96f16710b4f81fe0ad10b67abf - Path: Assets/IndieMarc/PlatformerDemo/Scripts/CharacterAnim.cs - Importer: ScriptedImporter/UnityEditor.QuickSearchModule:UnityEditor.Search:ASIAI0B -> (ImportResultId: 'b46498b50938ac1dbff1d611795fffc5') in 0.006723392 seconds
[Worker0] Imported GUID: 708286403ab16af4f8970f8fc8b1996f - Path: Assets/IndieMarc/PlatformerDemo/Sprites/Background - Importer: ScriptedImporter/UnityEditor.QuickSearchModule:UnityEditor.Search:ASIAI0B -> (ImportResultId: '15f12518e256e2b00b52f4e55b59e56d') in 0.007097508 seconds
[Worker0] Imported GUID: 3eddf2b2cdcd47828e17dacecc9395d8 - Path: Packages/com.unity.collab-proxy/Editor/Views/Changesets/CheckoutChangesetViewMenu.cs - Importer: ScriptedImporter/UnityEditor.QuickSearchModule:UnityEditor.Search:ASIAI0B -> (ImportResultId: '50f6b1bf53cea5f28df789d7235a542a') in 0.00698925 seconds
[Worker0] Imported GUID: 68c015405025c844bb5f288d3a167aef - Path: Assets/IndieMarc/TopDownDemo/Scripts/AutoOrderLayerChild.cs - Importer: ScriptedImporter/UnityEditor.QuickSearchModule:UnityEditor.Search:ASIAI0B -> (ImportResultId: '45b3b98a7c02d5b49c22ae3b6ef265ed') in 0.007013956 seconds
[Worker0] Imported GUID: 09fdae6fda6d6c942b840d4b7389de95 - Path: Assets/IndieMarc/PlatformerDemo/Tilemap/Black/tilemap_0.asset - Importer: ScriptedImporter/UnityEditor.QuickSearchModule:UnityEditor.Search:ASIAI0B -> (ImportResultId: 'b00cd02061858d2d478f0311c1a3a7f8') in 0.011448914 seconds
[Worker0] Imported GUID: 54be27fb08510e34dbd19671f582af2a - Path: Assets/IndieMarc/PlatformerDemo/Tilemap/Black - Importer: ScriptedImporter/UnityEditor.QuickSearchModule:UnityEditor.Search:ASIAI0B -> (ImportResultId: '0cf02b1cbe418106631d1d5a0642e605') in 0.007139345 seconds
[Worker0] Imported GUID: d33aa9e63655fdf4082e0bd36620c949 - Path: Assets/IndieMarc/TopDownDemo/Scripts/PlayerCharacter.cs - Importer: ScriptedImporter/UnityEditor.QuickSearchModule:UnityEditor.Search:ASIAI0B -> (ImportResultId: 'd6377cb4e84acccb38e95af7ed1c0ec3') in 0.006820722 seconds
[Worker0] Imported GUID: 532cc1a3ad6b4fc9a789c713aa2314db - Path: Packages/com.unity.visualscripting/Editor/VisualScripting.Flow/Plugin/Migrations/Migration_1_6_to_1_7.cs - Importer: ScriptedImporter/UnityEditor.QuickSearchModule:UnityEditor.Search:ASIAI0B -> (ImportResultId: 'b58c0cba7167957775699cde27f8825e') in 0.006837871 seconds
[Worker0] Imported GUID: 2479a4656ed89570ebd1de1fdda3dae5 - Path: Packages/com.unity.modules.timelinefoundation/package.json - Importer: ScriptedImporter/UnityEditor.QuickSearchModule:UnityEditor.Search:ASIAI0B -> (ImportResultId: '747b0377f5c00bc838b2978b6630ca4a') in 0.006867147 seconds
[Worker0] Imported GUID: c8e89e66728f4cf4b2835b9e6c0a1690 - Path: Packages/com.unity.collab-proxy/Editor/Views/Shelves/ShelvesViewMenu.cs - Importer: ScriptedImporter/UnityEditor.QuickSearchModule:UnityEditor.Search:ASIAI0B -> (ImportResultId: 'acf32d876afecbf337c0d126edbc7022') in 0.006778351 seconds
[Worker0] Imported GUID: 29a13e8ee6b98ea0ebab2c0d14cd6789 - Path: Packages/com.unity.graph-authoring - Importer: ScriptedImporter/UnityEditor.QuickSearchModule:UnityEditor.Search:ASIAI0B -> (ImportResultId: '68e2db445ab5091da338d1c7f8c2431a') in 0.006879114 seconds
[Worker0] Imported GUID: f76f60250da364240b7a27c02694449e - Path: Assets/IndieMarc/PlatformerDemo/Tilemap/Black/tilemap_14.asset - Importer: ScriptedImporter/UnityEditor.QuickSearchModule:UnityEditor.Search:ASIAI0B -> (ImportResultId: '015ab37c90fe3ad702478d33d10b01af') in 0.009170059 seconds
[Worker0] Imported GUID: 319b8889f363f5947acf209c17a94149 - Path: Packages/com.unity.ugui/package.json - Importer: ScriptedImporter/UnityEditor.QuickSearchModule:UnityEditor.Search:ASIAI0B -> (ImportResultId: '0e939ce91056f7ae31a4831afaf8e87d') in 0.007141959 seconds
[Worker0] Imported GUID: 5dc0b94feec6661439bd2a3bcc7b3c38 - Path: Assets/IndieMarc/TopDownDemo/Scripts/Key.cs - Importer: ScriptedImporter/UnityEditor.QuickSearchModule:UnityEditor.Search:ASIAI0B -> (ImportResultId: '6896036f0b17dd5b2fbe87e9150fdd68') in 0.010046762 seconds
[Worker0] Imported GUID: a287a16eb8f0400e86cec102678ab7a5 - Path: Packages/com.unity.collab-proxy/Editor/CloudDrive/CreateWorkspace/CollaboratorsListViewItem.cs - Importer: ScriptedImporter/UnityEditor.QuickSearchModule:UnityEditor.Search:ASIAI0B -> (ImportResultId: '01db0d5ac6208a7fa2520cb4cb7f8979') in 0.007054411 seconds
[Worker0] Imported GUID: c1ed5d553797c2845aac3a71dbb76deb - Path: Assets/IndieMarc/TopDownDemo/Scripts/Lever.cs - Importer: ScriptedImporter/UnityEditor.QuickSearchModule:UnityEditor.Search:ASIAI0B -> (ImportResultId: 'f967d3cf1cdeb6cc295ddb5134dd85f5') in 0.007255315 seconds
[Worker0] Imported GUID: 80e0030263dbb1a40957075a51e46ba0 - Path: Assets/IndieMarc/PlatformerDemo/Scripts/FollowCamera.cs - Importer: ScriptedImporter/UnityEditor.QuickSearchModule:UnityEditor.Search:ASIAI0B -> (ImportResultId: '591154dcb1b2afe9c2d70074f6a541c2') in 0.006781763 seconds
[Worker0] Imported GUID: 224736fab6ec4e119f1f69e2c1d7b554 - Path: Packages/com.unity.collab-proxy/Editor/CloudDrive/CreateWorkspace/CollaboratorsMultiColumnHeader.cs - Importer: ScriptedImporter/UnityEditor.QuickSearchModule:UnityEditor.Search:ASIAI0B -> (ImportResultId: '647739caef64840208a6e1dd58217c70') in 0.006765755 seconds
[Worker0] Imported GUID: d0e3ad91972c66f5238f5b9b7d5ae58a - Path: Packages/com.unity.modules.unitywebrequesttexture/package.json - Importer: ScriptedImporter/UnityEditor.QuickSearchModule:UnityEditor.Search:ASIAI0B -> (ImportResultId: '5832620b5e11438100257e50913e01f6') in 0.00685658 seconds
[Worker0] Imported GUID: b23e11badbd1c834da49f69458eb169c - Path: Assets/IndieMarc/PlatformerDemo/Tilemap/Black/tilemap_7.asset - Importer: ScriptedImporter/UnityEditor.QuickSearchModule:UnityEditor.Search:ASIAI0B -> (ImportResultId: 'ae145cc31d8d5e8d14d09d947bcaef67') in 0.00728992 seconds
[Worker0] Imported GUID: b8f5a40b7e8287643909acb1479b1e0e - Path: Assets/IndieMarc/PlatformerDemo/Tilemap/Black/tilemap_10.asset - Importer: ScriptedImporter/UnityEditor.QuickSearchModule:UnityEditor.Search:ASIAI0B -> (ImportResultId: 'fee5a4f404a25d0e61f3e34f4c7c70c9') in 0.007328239 seconds
[Worker0] Imported GUID: 0a4d51d508394143b7023452d44f5a6a - Path: Packages/com.unity.collab-proxy/Editor/Headless/HeadlessRefreshView.cs - Importer: ScriptedImporter/UnityEditor.QuickSearchModule:UnityEditor.Search:ASIAI0B -> (ImportResultId: '53b57d62301f877c1dcb54864f7b1ab4') in 0.006761917 seconds
[Worker0] Imported GUID: ec80819f2b286fd4a94401058273799d - Path: Assets/IndieMarc/PlatformerDemo/Scripts/PlayerControls.cs - Importer: ScriptedImporter/UnityEditor.QuickSearchModule:UnityEditor.Search:ASIAI0B -> (ImportResultId: '5c14184605d2b2f06192c5482f4e4949') in 0.006647148 seconds
[Worker0] Imported GUID: 55f9606c92224790823f7ac7fd2c8d41 - Path: Packages/com.unity.visualscripting/Editor/VisualScripting.State/Plugin/Migrations/Migration_1_6_to_1_7.cs - Importer: ScriptedImporter/UnityEditor.QuickSearchModule:UnityEditor.Search:ASIAI0B -> (ImportResultId: 'f2a1616d1a1fdbee8f2b28e08ae7aff7') in 0.006721131 seconds
[Worker0] Imported GUID: 124a11c81bd6d03479673691ab06e2eb - Path: Assets/IndieMarc/PlatformerDemo/Tilemap/Black/tilemap_13.asset - Importer: ScriptedImporter/UnityEditor.QuickSearchModule:UnityEditor.Search:ASIAI0B -> (ImportResultId: '9ea3a6df47c27a32bc0f9b891acdca3e') in 0.006947839 seconds
[Worker0] Imported GUID: 614306b560283fc488f1f8d5d3db783e - Path: Assets/IndieMarc/PlatformerDemo/Sprites - Importer: ScriptedImporter/UnityEditor.QuickSearchModule:UnityEditor.Search:ASIAI0B -> (ImportResultId: 'd681a49a26d714bd866fc00dd7c96acd') in 0.006492927 seconds
[Worker0] Imported GUID: d5ac453c34e359d439de9d724772ed3d - Path: Packages/com.unity.shadergraph/package.json - Importer: ScriptedImporter/UnityEditor.QuickSearchModule:UnityEditor.Search:ASIAI0B -> (ImportResultId: 'fbf0af38eea34ef58ce5d431f54bc0e6') in 0.006412441 seconds
[Worker0] Imported GUID: 753d1ac2429a21a44ac5f937cbbb409f - Path: Packages/com.unity.render-pipelines.core/package.json - Importer: ScriptedImporter/UnityEditor.QuickSearchModule:UnityEditor.Search:ASIAI0B -> (ImportResultId: '4ee023b59e48bc4e96440fdc55a5f3fc') in 0.006577247 seconds
[Worker0] Imported GUID: 8e20ae6049bf2784fac477472c172487 - Path: Assets/IndieMarc/PlatformerDemo/Tilemap/Black/tilemap_11.asset - Importer: ScriptedImporter/UnityEditor.QuickSearchModule:UnityEditor.Search:ASIAI0B -> (ImportResultId: 'cfa51194102c815b22b372826e7446fc') in 0.010935725 seconds
[Worker0] Imported GUID: f7a8357347c80dc69c08d0b1a05e2122 - Path: Packages/com.unity.modules.physics2d/package.json - Importer: ScriptedImporter/UnityEditor.QuickSearchModule:UnityEditor.Search:ASIAI0B -> (ImportResultId: 'e3d708c5185a69c318dc71967351d1a0') in 0.006746474 seconds
[Worker0] Imported GUID: 05f7f519769978b79b31d063a7fc6fa1 - Path: Packages/com.unity.modules.unitywebrequestassetbundle/package.json - Importer: ScriptedImporter/UnityEditor.QuickSearchModule:UnityEditor.Search:ASIAI0B -> (ImportResultId: 'c97287c4a2cfdbec37ef5d3c6fe34ba4') in 0.006692798 seconds
[Worker0] Imported GUID: c8d9f1a2b3e4f5a6b7c8d9e0f1a2b3c4 - Path: Packages/com.unity.collab-proxy/Editor/AssetMenu/Dialogs/AddToCloudDriveDialog.cs - Importer: ScriptedImporter/UnityEditor.QuickSearchModule:UnityEditor.Search:ASIAI0B -> (ImportResultId: 'ed0e0b692135dca663756b3dbe9e2ea4') in 0.006587731 seconds
[Worker0] Imported GUID: b3b18600c13f447a90bf04fc2a6dc2d5 - Path: Packages/com.unity.collab-proxy/Editor/UI/SplitterSettings.cs - Importer: ScriptedImporter/UnityEditor.QuickSearchModule:UnityEditor.Search:ASIAI0B -> (ImportResultId: '4a8894585be1c25800fffd5fef5a958b') in 0.006701654 seconds
[Worker0] Imported GUID: 80b5f06f2b254106834105b126a44f19 - Path: Packages/com.unity.visualscripting/Editor/VisualScripting.State/Plugin/Migrations/Migration_Asset_to_Package.cs - Importer: ScriptedImporter/UnityEditor.QuickSearchModule:UnityEditor.Search:ASIAI0B -> (ImportResultId: '62889e110d646dbdce41fb980be58e38') in 0.006942736 seconds
[Worker0] Imported GUID: 200cab728add43369c716237d4f7b451 - Path: Packages/com.unity.collab-proxy/Editor/Views/Locks/LocksListHeaderState.cs - Importer: ScriptedImporter/UnityEditor.QuickSearchModule:UnityEditor.Search:ASIAI0B -> (ImportResultId: '1358f5abe5a15a8960f6c25e355f027b') in 0.006958611 seconds
[Worker0] Imported GUID: 1c9b352f456640c9925a381f736ecb5d - Path: Packages/com.unity.collab-proxy/Editor/Settings/DiffAndMergeOptionsFoldout.cs - Importer: ScriptedImporter/UnityEditor.QuickSearchModule:UnityEditor.Search:ASIAI0B -> (ImportResultId: 'd9f02d9c0bda81f71e4f119aa9fcae60') in 0.007078331 seconds
[Worker0] Imported GUID: 868bfc083d111bc4fb3199b0409700e4 - Path: Assets/IndieMarc/PlatformerDemo/Tilemap/Black/tilemap_5.asset - Importer: ScriptedImporter/UnityEditor.QuickSearchModule:UnityEditor.Search:ASIAI0B -> (ImportResultId: '61f0de67f95cea2164e8bedd3a053b2e') in 0.007485243 seconds
[Worker0] Imported GUID: 1a4266815e998967becf686f9c71f0a6 - Path: Packages/com.unity.modules.physics/package.json - Importer: ScriptedImporter/UnityEditor.QuickSearchModule:UnityEditor.Search:ASIAI0B -> (ImportResultId: 'c85f9de6d950a490e3fa03e07c0e9ad6') in 0.007040634 seconds
[Worker0] Imported GUID: 6afb166a156df2d20433d981f4bb2832 - Path: Packages/com.unity.modules.vehicles/package.json - Importer: ScriptedImporter/UnityEditor.QuickSearchModule:UnityEditor.Search:ASIAI0B -> (ImportResultId: '2fcbba682918eeae5e1ed22985c383ae') in 0.006867332 seconds
[Worker0] Imported GUID: ec02776fe29df900b897106d61977735 - Path: Packages/com.unity.modules.director/package.json - Importer: ScriptedImporter/UnityEditor.QuickSearchModule:UnityEditor.Search:ASIAI0B -> (ImportResultId: '215097e1110fdeb0b19c0136096627c1') in 0.006985409 seconds
[Worker0] Imported GUID: 96b904be7893d1143a2ced2c437c61de - Path: Assets/IndieMarc/TopDownDemo/Scripts/PlayerControls.cs - Importer: ScriptedImporter/UnityEditor.QuickSearchModule:UnityEditor.Search:ASIAI0B -> (ImportResultId: 'dcbf563c5316b699dd1943522aa2d71c') in 0.007080684 seconds
[Worker0] Imported GUID: bd1af0a6633ee94ae21c7d1d702cdc12 - Path: Packages/com.unity.modules.androidjni/package.json - Importer: ScriptedImporter/UnityEditor.QuickSearchModule:UnityEditor.Search:ASIAI0B -> (ImportResultId: '680ca62e53c22e54906410050c8ebe56') in 0.006980428 seconds
[Worker0] Imported GUID: 70bf1fe1bcd44b64b43910da6487eab4 - Path: Packages/com.unity.collab-proxy/Editor/UI/DrawStaticElement.cs - Importer: ScriptedImporter/UnityEditor.QuickSearchModule:UnityEditor.Search:ASIAI0B -> (ImportResultId: 'a3d56f647b1c5ac327d2bd9822995ffd') in 0.007267035 seconds
[Worker0] Imported GUID: d85e5eeaf8f135aeaaebdc8aa3cff6c3 - Path: Packages/com.unity.modules.umbra/package.json - Importer: ScriptedImporter/UnityEditor.QuickSearchModule:UnityEditor.Search:ASIAI0B -> (ImportResultId: '60bdf8ca541c9c5a949bcd4290f5539b') in 0.007020169 seconds
[Worker0] Imported GUID: b92f3fb580bcfa04caaebcd08979308b - Path: Assets/IndieMarc/TopDownDemo/Scripts/FollowCamera.cs - Importer: ScriptedImporter/UnityEditor.QuickSearchModule:UnityEditor.Search:ASIAI0B -> (ImportResultId: '2cbbbbd45e9e7fa006b920e1adaa3342') in 0.007032934 seconds
[Worker0] Imported GUID: 8cee66aefde0415886a851167a19c933 - Path: Packages/com.unity.collab-proxy/Editor/UI/Progress/LoadingSpinner.cs - Importer: ScriptedImporter/UnityEditor.QuickSearchModule:UnityEditor.Search:ASIAI0B -> (ImportResultId: '9dff1da873a0fbfdc45df400651c628c') in 0.008064234 seconds
[Worker0] Imported GUID: 30648b8d550465f4bb77f1e1afd0b37d - Path: Packages/com.unity.render-pipelines.universal/package.json - Importer: ScriptedImporter/UnityEditor.QuickSearchModule:UnityEditor.Search:ASIAI0B -> (ImportResultId: 'c3bc6e33207afa8496362529c5c00ffa') in 0.007125265 seconds
[Worker0] Imported GUID: d097a5d507694ba7ac97bc9a9f2942e3 - Path: Packages/com.unity.collab-proxy/Editor/Settings/UVCSProjectSettingsProvider.cs - Importer: ScriptedImporter/UnityEditor.QuickSearchModule:UnityEditor.Search:ASIAI0B -> (ImportResultId: 'ef7b5193801f053ca24586ff86ffb8dc') in 0.006927068 seconds
[Worker0] Imported GUID: 53a1e1bb3f40450abf503305ff74ce82 - Path: Packages/com.unity.visualscripting/Editor/VisualScripting.Core/Analytics/OnPreprocessBuildAnalyticsEventHandler.cs - Importer: ScriptedImporter/UnityEditor.QuickSearchModule:UnityEditor.Search:ASIAI0B -> (ImportResultId: 'c1e1ff2a3500948960ba0fd033ade682') in 0.007650941 seconds
[Worker0] Imported GUID: 27cd9a46f12b440d8a4e4a0524330db8 - Path: Packages/com.unity.collab-proxy/Editor/Headless/HeadlessHistoryViewLauncher.cs - Importer: ScriptedImporter/UnityEditor.QuickSearchModule:UnityEditor.Search:ASIAI0B -> (ImportResultId: 'b4fccccf4d69ee1262271bac794ce500') in 0.007435498 seconds
[Worker0] Imported GUID: 78e5667e52329c3ceef41288763404ae - Path: Packages/com.unity.modules.vectorgraphics/package.json - Importer: ScriptedImporter/UnityEditor.QuickSearchModule:UnityEditor.Search:ASIAI0B -> (ImportResultId: '252cf4fcab8fe5610881f3c574117da6') in 0.007202233 seconds
[Worker0] Imported GUID: 40bf3cec17fa0b49fe04443c8332d638 - Path: Packages/com.unity.modules.jsonserialize/package.json - Importer: ScriptedImporter/UnityEditor.QuickSearchModule:UnityEditor.Search:ASIAI0B -> (ImportResultId: '31d9a50f2c7074d4d236a17a740846ed') in 0.006703527 seconds
[Worker0] Imported GUID: 49236d71f86b65a49a078844ff2f0306 - Path: Assets/IndieMarc/TopDownDemo/Scripts/Door.cs - Importer: ScriptedImporter/UnityEditor.QuickSearchModule:UnityEditor.Search:ASIAI0B -> (ImportResultId: 'bff4bfbb7765c20caf731f12b99cd6b6') in 0.00709947 seconds
[Worker0] Imported GUID: 2bcbffd6bb3c7bc72fdf5e48842ddd16 - Path: Packages/com.unity.render-pipelines.universal - Importer: ScriptedImporter/UnityEditor.QuickSearchModule:UnityEditor.Search:ASIAI0B -> (ImportResultId: '5c3b5bdd52e4fd4f6f437bae1635875e') in 0.006591247 seconds
[Worker0] Imported GUID: c0faad526f5548c1a53c288b045580b0 - Path: Packages/com.unity.collab-proxy/Editor/UI/DelayedActionByFramesRunner.cs - Importer: ScriptedImporter/UnityEditor.QuickSearchModule:UnityEditor.Search:ASIAI0B -> (ImportResultId: '4507cffd209ce409b3ed353f76adc901') in 0.006540538 seconds
[Worker0] Imported GUID: 9b50b79a901c84542a13b18e4ab06191 - Path: Assets/IndieMarc/PlatformerDemo/Scripts/CarryItem.cs - Importer: ScriptedImporter/UnityEditor.QuickSearchModule:UnityEditor.Search:ASIAI0B -> (ImportResultId: 'a213ccc890d8fbc704c5d69bee742d8f') in 0.006269959 seconds
[Worker0] Imported GUID: 118e2887dec1abd2b124eca39fb12531 - Path: Packages/com.unity.timeline - Importer: ScriptedImporter/UnityEditor.QuickSearchModule:UnityEditor.Search:ASIAI0B -> (ImportResultId: 'f04f656bade83cde5c8af44898ff73a3') in 0.007914084 seconds
[Worker0] Imported GUID: b1903aa39b6b4857be4ef4e143617965 - Path: Packages/com.unity.visualscripting/Editor/VisualScripting.Core/Analytics/OnPreprocessBuildAnalytics.cs - Importer: ScriptedImporter/UnityEditor.QuickSearchModule:UnityEditor.Search:ASIAI0B -> (ImportResultId: 'a43d2b77c5234577eeb948f99051ee5a') in 0.006452253 seconds
[Worker0] Imported GUID: 732424989e347fa4cadc5c837451a7c7 - Path: Assets/IndieMarc/PlatformerDemo/Tilemap/Black/tilemap_4.asset - Importer: ScriptedImporter/UnityEditor.QuickSearchModule:UnityEditor.Search:ASIAI0B -> (ImportResultId: '4c7c4ccecbf035818019e6432b0c3d92') in 0.007021476 seconds
[Worker0] Imported GUID: e3def23d9e04b0bbba2e35bb28bdab3b - Path: Packages/com.unity.ugui - Importer: ScriptedImporter/UnityEditor.QuickSearchModule:UnityEditor.Search:ASIAI0B -> (ImportResultId: 'c21d0a828dabf0c76e8d245660a74d23') in 0.006279701 seconds
[Worker0] Imported GUID: 14df2a8f74d04d89a24fbbad8cf2037b - Path: Packages/com.unity.collab-proxy/Editor/CloudDrive/RefreshAsset.cs - Importer: ScriptedImporter/UnityEditor.QuickSearchModule:UnityEditor.Search:ASIAI0B -> (ImportResultId: '68564023e55b2e46528f4f432925981d') in 0.006523449 seconds
[Worker0] Imported GUID: 1b17e2b3936490f4294522a1b1784702 - Path: Assets/IndieMarc/TopDownDemo/Materials/Sprite3D-unlit.shader - Importer: ScriptedImporter/UnityEditor.QuickSearchModule:UnityEditor.Search:ASIAI0B -> (ImportResultId: 'c0bf63b583edd288655337dbcc2c85da') in 0.00947021 seconds
[Worker0] Imported GUID: 065cbcefa4134632ae7680ab429e988f - Path: Packages/com.unity.collab-proxy/Editor/Views/BranchExplorer/Drawing/Shapes/LabelShape.cs - Importer: ScriptedImporter/UnityEditor.QuickSearchModule:UnityEditor.Search:ASIAI0B -> (ImportResultId: 'f409897fcd15ea30234ab2fc5806ef72') in 0.010971722 seconds
[Worker0] Imported GUID: 4f0f9b9f3ed97ad2b9ba8f1a8e4666c2 - Path: Packages/com.unity.modules.uielements/package.json - Importer: ScriptedImporter/UnityEditor.QuickSearchModule:UnityEditor.Search:ASIAI0B -> (ImportResultId: 'e4bcada7f5e42ef7c1d600f6e5839183') in 0.006554565 seconds
[Worker0] Imported GUID: 2f536f0e9a974d75b293f6aee8e2cdf2 - Path: Packages/com.unity.collab-proxy/Editor/Views/Locks/LocksTab.cs - Importer: ScriptedImporter/UnityEditor.QuickSearchModule:UnityEditor.Search:ASIAI0B -> (ImportResultId: 'e3cde76c2e4aebc3c640e679dd4e8de0') in 0.008098582 seconds
[Worker0] Imported GUID: fb75f9128c3a4b74a80c5214f102ae4e - Path: Packages/com.unity.visualscripting/Editor/VisualScripting.Core/Plugin/Migrations/Migration_1_5_1_to_1_5_2.cs - Importer: ScriptedImporter/UnityEditor.QuickSearchModule:UnityEditor.Search:ASIAI0B -> (ImportResultId: '9190493bfae1853b2943abf1060d7486') in 0.00654659 seconds
[Worker0] Imported GUID: 2dac19656abf01f4a800539b0abb526e - Path: Assets/IndieMarc/PlatformerDemo/Sprites/Character - Importer: ScriptedImporter/UnityEditor.QuickSearchModule:UnityEditor.Search:ASIAI0B -> (ImportResultId: 'fa6f7c9638ddbafe6adb44d1e6382516') in 0.006480777 seconds
[Worker0] Imported GUID: 9b1a5759726ef9d39a0ab82047b615f1 - Path: Packages/com.unity.modules.hierarchycore/package.json - Importer: ScriptedImporter/UnityEditor.QuickSearchModule:UnityEditor.Search:ASIAI0B -> (ImportResultId: 'd74e7950e04b5eb59c2e6475e4c92145') in 0.006344483 seconds
[Worker0] Imported GUID: 2c9fb2a2499d85c4fab755ad43d014b2 - Path: Assets/IndieMarc/PlatformerDemo/Editor/ImportPackage.cs - Importer: ScriptedImporter/UnityEditor.QuickSearchModule:UnityEditor.Search:ASIAI0B -> (ImportResultId: '97f9845279dc0064795645b7ce743e2b') in 0.006542689 seconds
[Worker0] Imported GUID: f7474055625a8a670ad6579242c6f8fd - Path: Packages/com.unity.burst - Importer: ScriptedImporter/UnityEditor.QuickSearchModule:UnityEditor.Search:ASIAI0B -> (ImportResultId: 'd4667e9bf364a637edb671e1cf1ac96d') in 0.00671195 seconds
[Worker0] Imported GUID: 4c413a81cadcce7038e446e56570117e - Path: Packages/com.unity.modules.adaptiveperformance/package.json - Importer: ScriptedImporter/UnityEditor.QuickSearchModule:UnityEditor.Search:ASIAI0B -> (ImportResultId: '15f17803161446092aa03273bf3c5cdf') in 0.006512671 seconds
[Worker0] Imported GUID: 84c89209ecaab8143ad3cf14f2be3043 - Path: Assets/IndieMarc/PlatformerDemo/Tilemap/Black/tilemap_3.asset - Importer: ScriptedImporter/UnityEditor.QuickSearchModule:UnityEditor.Search:ASIAI0B -> (ImportResultId: '8d1e2c412228c116b38fe5e0dbcd514b') in 0.007074367 seconds
[Worker0] Imported GUID: c64851962d9c48068897eb736be4bed1 - Path: Packages/com.unity.collab-proxy/Editor/Settings/ShelveAndSwitchOptionsFoldout.cs - Importer: ScriptedImporter/UnityEditor.QuickSearchModule:UnityEditor.Search:ASIAI0B -> (ImportResultId: '56958ab22c053a5688af95e7e9960a61') in 0.006662205 seconds
[Worker0] Imported GUID: 91529c2350cce4a0eae08093c4300e94 - Path: Assets/IndieMarc/PlatformerDemo/Prefabs/TreeBackground.prefab - Importer: ScriptedImporter/UnityEditor.QuickSearchModule:UnityEditor.Search:ASIAI0B -> (ImportResultId: '6e926e08a97df8c9c112d0fd0b5cb14d') in 0.011156776 seconds
[Worker0] Imported GUID: b13c5df96839b924b85df50f9659b9e4 - Path: Packages/com.unity.render-pipelines.universal-config/package.json - Importer: ScriptedImporter/UnityEditor.QuickSearchModule:UnityEditor.Search:ASIAI0B -> (ImportResultId: '8905d2dda0773976802c20e74fe4a63c') in 0.00677955 seconds
[Worker0] Imported GUID: bd605698a338c4de88bb5b3c4632af68 - Path: Packages/com.unity.collections/package.json - Importer: ScriptedImporter/UnityEditor.QuickSearchModule:UnityEditor.Search:ASIAI0B -> (ImportResultId: '95eb5a0b68e726cb86586128144d124e') in 0.006580314 seconds
[Worker0] Imported GUID: 05c0641719e74f058e7530b150336e82 - Path: Packages/com.unity.collab-proxy/Editor/Settings/OtherOptionsFoldout.cs - Importer: ScriptedImporter/UnityEditor.QuickSearchModule:UnityEditor.Search:ASIAI0B -> (ImportResultId: 'aa5d633c24ab9d9cf2a56f56ed84648f') in 0.006800714 seconds
[Worker0] Imported GUID: 9ef9ab17827342b781ff73737f13ddb7 - Path: Packages/com.unity.visualscripting/Editor/VisualScripting.Core/Analytics/NodeUsageAnalytics.cs - Importer: ScriptedImporter/UnityEditor.QuickSearchModule:UnityEditor.Search:ASIAI0B -> (ImportResultId: 'c1deb358115ec8ca91eaf8d66f694817') in 0.006766829 seconds
[Worker0] Imported GUID: 854ab241cb96bcc44b8e766dd629ebf9 - Path: Assets/IndieMarc/PlatformerDemo/Scripts/CharacterHoldItem.cs - Importer: ScriptedImporter/UnityEditor.QuickSearchModule:UnityEditor.Search:ASIAI0B -> (ImportResultId: '984b78902178a7e5044ab2b94a47e767') in 0.007891127 seconds
Starting new worker id: 3 with log in /home/mage/opd-lab-2/Logs/AssetImportWorkerHW3.log
[Worker0] Imported GUID: 42fe78c8fe682715a2cb531422e6ccb3 - Path: Packages/com.unity.modules.imgui/package.json - Importer: ScriptedImporter/UnityEditor.QuickSearchModule:UnityEditor.Search:ASIAI0B -> (ImportResultId: '013aae17f06a61f40a4b12ea5c084cd5') in 0.008008534 seconds
[UnityConnectServicesConfig] Local config successfully read: "/usr/share/unity3d/config/services-config.json"
[UnityConnectServicesConfig] Service configuration:
    "servicesConfigBaseUrl": "",
    "disableServicesWindow": false,
    "disableUserLogin": false,
    "entitlementCacheTimeoutInSeconds": 60,
    "clientConnectTimeoutSec": 60,
    "clientHandshakeTimeoutSec": 30,
    "clientResolveEntitlementsTimeoutSec": 30,
    "clientUpdateLicenseTimeoutSec": 30,
    "licensingServiceBaseUrl": "",
    "enableProxyAutoconfig": "false"

[Worker0] Imported GUID: d2a9f8ad3405465db8e62d36f2686b68 - Path: Packages/com.unity.collab-proxy/Editor/AssetMenu/AssetCopyPathOperation.cs - Importer: ScriptedImporter/UnityEditor.QuickSearchModule:UnityEditor.Search:ASIAI0B -> (ImportResultId: '22eedcc6eca2e1c88811fe0b11e53d3e') in 0.010100724 seconds
[Worker0] Imported GUID: 2f137613dd0a5ca4edf1039112ed4a4d - Path: Packages/com.unity.shadergraph - Importer: ScriptedImporter/UnityEditor.QuickSearchModule:UnityEditor.Search:ASIAI0B -> (ImportResultId: '39c478a1818800f0df2b5aca90fc6df2') in 0.006364065 seconds
[Worker0] Imported GUID: 4ad84899006a47b9b710662c93ec6448 - Path: Packages/com.unity.collab-proxy/Editor/Views/Locks/LocksListView.cs - Importer: ScriptedImporter/UnityEditor.QuickSearchModule:UnityEditor.Search:ASIAI0B -> (ImportResultId: '937697abeea2333595a4f20c0ac96bcb') in 0.010515171 seconds
[Worker0] Imported GUID: 43674d438e19b89d7fe6af07234f3252 - Path: Packages/com.unity.modules.accessibility/package.json - Importer: ScriptedImporter/UnityEditor.QuickSearchModule:UnityEditor.Search:ASIAI0B -> (ImportResultId: '770313e8447016f9aa5af424fc3a76ee') in 0.007369149 seconds
[Worker0] Imported GUID: 288222b991fd00440a5577a610510cc9 - Path: Assets/IndieMarc/PlatformerDemo/Tilemap/Tilemap.mat - Importer: ScriptedImporter/UnityEditor.QuickSearchModule:UnityEditor.Search:ASIAI0B -> (ImportResultId: 'e6e8a647de08f2cc7f458c942ecfe99d') in 0.024245156 seconds
Starting new worker id: 4 with log in /home/mage/opd-lab-2/Logs/AssetImportWorkerHW4.log
[Worker1] Imported GUID: 5a8efd87f0d6f5b4eb0203b613f78207 - Path: Assets/IndieMarc/TopDownDemo/Editor/ReplacePrefab.cs - Importer: ScriptedImporter/UnityEditor.QuickSearchModule:UnityEditor.Search:ASIAI0B -> (ImportResultId: 'b4bba2c1c32658bee7153ad0a4473514') in 0.060940838 seconds
[Worker0] Imported GUID: 3fdd83b151eb8d25c5e2f82fc39dcb04 - Path: Packages/com.unity.modules.unitywebrequest/package.json - Importer: ScriptedImporter/UnityEditor.QuickSearchModule:UnityEditor.Search:ASIAI0B -> (ImportResultId: '6164be0aeb63f32092d78797bf930711') in 0.006598824 seconds
[Worker1] Imported GUID: 04d3d047cf80496fa3fb23c00962ad18 - Path: Packages/com.unity.collab-proxy/Editor/UI/Fonts.cs - Importer: ScriptedImporter/UnityEditor.QuickSearchModule:UnityEditor.Search:ASIAI0B -> (ImportResultId: 'c34e0c0cdb2896de05ae896c2de10994') in 0.006465698 seconds
[Worker0] Imported GUID: d6a2e6e4803de7b43baacdc355fc144d - Path: Packages/com.unity.test-framework/package.json - Importer: ScriptedImporter/UnityEditor.QuickSearchModule:UnityEditor.Search:ASIAI0B -> (ImportResultId: '1461d1193c7277550fc002b24b1c633e') in 0.00656992 seconds
[UnityConnectServicesConfig] Local config successfully read: "/usr/share/unity3d/config/services-config.json"
[UnityConnectServicesConfig] Service configuration:
    "servicesConfigBaseUrl": "",
    "disableServicesWindow": false,
    "disableUserLogin": false,
    "entitlementCacheTimeoutInSeconds": 60,
    "clientConnectTimeoutSec": 60,
    "clientHandshakeTimeoutSec": 30,
    "clientResolveEntitlementsTimeoutSec": 30,
    "clientUpdateLicenseTimeoutSec": 30,
    "licensingServiceBaseUrl": "",
    "enableProxyAutoconfig": "false"

[Worker0] Imported GUID: db6cbe7586694d6fb3c944d67973d313 - Path: Packages/com.unity.collab-proxy/Editor/Developer/ShelvedChangesNotification.cs - Importer: ScriptedImporter/UnityEditor.QuickSearchModule:UnityEditor.Search:ASIAI0B -> (ImportResultId: '37cfd9452579401873005c912373b789') in 0.006562451 seconds
[Worker1] Imported GUID: e249558d9733962439006f1c00140d66 - Path: Packages/com.unity.graph-authoring/package.json - Importer: ScriptedImporter/UnityEditor.QuickSearchModule:UnityEditor.Search:ASIAI0B -> (ImportResultId: '62bebeb043cbb5aa874ccd3ad7f26625') in 0.006582425 seconds
[Worker1] Imported GUID: e1ef8466c8fd01a549f10baa4d51fa17 - Path: Packages/com.unity.modules.assetbundle/package.json - Importer: ScriptedImporter/UnityEditor.QuickSearchModule:UnityEditor.Search:ASIAI0B -> (ImportResultId: '47f03bedc2302bb43b30e77023bf38e5') in 0.006319332 seconds
[Worker0] Imported GUID: 5e84744b83a8434ab42fa513f9bf00ad - Path: Packages/com.unity.visualscripting/Editor/VisualScripting.Core/Analytics/HotkeyUsageAnalytics.cs - Importer: ScriptedImporter/UnityEditor.QuickSearchModule:UnityEditor.Search:ASIAI0B -> (ImportResultId: '0f7869ab45cadf10ab1e044d637e1395') in 0.006720506 seconds
[Worker0] Imported GUID: 2c814623cb42764d304be0c5ddd03ceb - Path: Packages/com.unity.modules.xr/package.json - Importer: ScriptedImporter/UnityEditor.QuickSearchModule:UnityEditor.Search:ASIAI0B -> (ImportResultId: '156d489ad6b4d3f81dc890b60f7ce53a') in 0.00706078 seconds
[Worker1] Imported GUID: e9df95f53f1c1d0c9199e235d6c42b50 - Path: Packages/com.unity.modules.audio/package.json - Importer: ScriptedImporter/UnityEditor.QuickSearchModule:UnityEditor.Search:ASIAI0B -> (ImportResultId: '267b442f3c8a250d3af67a7cb3971f64') in 0.007987648 seconds
[Worker0] Imported GUID: c02d2b10240a45b9a7a91666db0900bf - Path: Packages/com.unity.collab-proxy/Editor/Views/BranchExplorer/Drawing/Shapes/BranchCaptionShape.cs - Importer: ScriptedImporter/UnityEditor.QuickSearchModule:UnityEditor.Search:ASIAI0B -> (ImportResultId: '8997f7b6954794fd128c725349afb0a8') in 0.006742596 seconds
[Worker1] Imported GUID: 1c360e7a4ae4acd50ec64e05d00c19a8 - Path: Packages/com.unity.collections - Importer: ScriptedImporter/UnityEditor.QuickSearchModule:UnityEditor.Search:ASIAI0B -> (ImportResultId: 'abde404f64a7d9bfc844a85c66fd671e') in 0.007546838 seconds
[Worker0] Imported GUID: 4c3a4c38924408144ae04a47190c5db8 - Path: Assets/IndieMarc/PlatformerDemo/Tilemap/Black/tilemap_6.asset - Importer: ScriptedImporter/UnityEditor.QuickSearchModule:UnityEditor.Search:ASIAI0B -> (ImportResultId: '400740a1f3b281d25399652e0ae73606') in 0.007322704 seconds
[Worker1] Imported GUID: 953fab16d15d5885b3600fcd6388b2ad - Path: Packages/com.unity.modules.imageconversion/package.json - Importer: ScriptedImporter/UnityEditor.QuickSearchModule:UnityEditor.Search:ASIAI0B -> (ImportResultId: 'df01b6d1f30084ca74936ce680afe9b1') in 0.006404357 seconds
[Worker2] Imported GUID: bfd567a3d1631a761bca9e99fa53d86d - Path: Packages/com.unity.modules.ui/package.json - Importer: ScriptedImporter/UnityEditor.QuickSearchModule:UnityEditor.Search:ASIAI0B -> (ImportResultId: '190e8961a92c1c52fb92d50258b4a09b') in 0.046414995 seconds
[Worker0] Imported GUID: 5f23a75ebd8dc4ad0a7515c06ffbe647 - Path: Packages/com.unity.burst/package.json - Importer: ScriptedImporter/UnityEditor.QuickSearchModule:UnityEditor.Search:ASIAI0B -> (ImportResultId: 'b2ce85a46087fc225c9e156b215462ee') in 0.006622512 seconds
[Worker1] Imported GUID: a0cda88f8baa0529d1bb4ecb1162fe2c - Path: Packages/com.unity.test-framework - Importer: ScriptedImporter/UnityEditor.QuickSearchModule:UnityEditor.Search:ASIAI0B -> (ImportResultId: 'a18ad25409695e38fd8a53909e864c68') in 0.008216285 seconds
[Worker0] Imported GUID: de163ebddc049cf458fd789def72b6ae - Path: Assets/IndieMarc/PlatformerDemo/Scripts/TheAudio.cs - Importer: ScriptedImporter/UnityEditor.QuickSearchModule:UnityEditor.Search:ASIAI0B -> (ImportResultId: '5c438a730d328173e246023afe6fc133') in 0.006398748 seconds
[Worker1] Imported GUID: 4b518b37798c97b0f860962cbf615533 - Path: Packages/com.unity.modules.unitywebrequestaudio/package.json - Importer: ScriptedImporter/UnityEditor.QuickSearchModule:UnityEditor.Search:ASIAI0B -> (ImportResultId: '9830b556eab9585db7f3dc19d8854a91') in 0.005910449 seconds
[Worker0] Imported GUID: b5930dbc378b45d406aeb881f06b6dfa - Path: Packages/com.unity.modules.physicscore2d/package.json - Importer: ScriptedImporter/UnityEditor.QuickSearchModule:UnityEditor.Search:ASIAI0B -> (ImportResultId: '5d6ffcbcea21bd0c5108298c10376af6') in 0.006278972 seconds
[Worker1] Imported GUID: f0f13f2ab3d6d13cfc6e4656824bfca8 - Path: Packages/com.unity.modules.ai/package.json - Importer: ScriptedImporter/UnityEditor.QuickSearchModule:UnityEditor.Search:ASIAI0B -> (ImportResultId: '2b703241b838ac69773199df12062585') in 0.005842709 seconds
[Worker0] Imported GUID: 1448ee204d2f476b8b002dbf6a65436a - Path: Packages/com.unity.collab-proxy/Editor/Views/Diff/ChangesetByChangesetListView.cs - Importer: ScriptedImporter/UnityEditor.QuickSearchModule:UnityEditor.Search:ASIAI0B -> (ImportResultId: 'fae9027d22a0d6fcf72a225946afe38b') in 0.006345516 seconds
[Worker1] Imported GUID: 7deb947d51d34c76aa03ec6d3a07a4ec - Path: Packages/com.unity.collab-proxy/Editor/CloudDrive/Workspaces/Tree/CloudWorkspacesTreeViewItem.cs - Importer: ScriptedImporter/UnityEditor.QuickSearchModule:UnityEditor.Search:ASIAI0B -> (ImportResultId: '67cae8dd3fcfa138120b6c871edc33fc') in 0.005894939 seconds
[Worker1] Imported GUID: b83f06ac0c0696e9563230865ca72b81 - Path: Packages/com.unity.modules.wind/package.json - Importer: ScriptedImporter/UnityEditor.QuickSearchModule:UnityEditor.Search:ASIAI0B -> (ImportResultId: 'ac32b510af462b322fd84d52ffb60796') in 0.005924613 seconds
[Worker0] Imported GUID: 2b4c09693691e204a84dcc8446966a42 - Path: Assets/IndieMarc/TopDownDemo/Materials/Sprite3D-diffuse.shader - Importer: ScriptedImporter/UnityEditor.QuickSearchModule:UnityEditor.Search:ASIAI0B -> (ImportResultId: '6f28c4e717ac796743d6de107f25f64f') in 0.006994315 seconds
[Worker2] Imported GUID: 03ce0cd312718b7489e027fe32ae4160 - Path: Assets/IndieMarc/PlatformerDemo/Tilemap/Black/tilemap_2.asset - Importer: ScriptedImporter/UnityEditor.QuickSearchModule:UnityEditor.Search:ASIAI0B -> (ImportResultId: 'fff799bfe214aaeac5491d3e1dacdac9') in 0.03455869 seconds
[Worker1] Imported GUID: df1b9f4bb36dfa1418ddb515202e6318 - Path: Assets/IndieMarc/PlatformerDemo/Scripts/ParallaxBackground.cs - Importer: ScriptedImporter/UnityEditor.QuickSearchModule:UnityEditor.Search:ASIAI0B -> (ImportResultId: 'b0725f45fbfa06083697ffeef7dc143b') in 0.00597779 seconds
[Worker0] Imported GUID: 839307907e7a41f7af4d60bf8eef2218 - Path: Packages/com.unity.collab-proxy/Editor/Views/BranchExplorer/Drawing/Shapes/ChangesetShape.cs - Importer: ScriptedImporter/UnityEditor.QuickSearchModule:UnityEditor.Search:ASIAI0B -> (ImportResultId: 'a7906488f3840357bd4698ef1cc5bb63') in 0.006293707 seconds
[Worker2] Imported GUID: 15f1a2dd6e73cb44b87ce9fa4e0f8ebe - Path: Assets/IndieMarc/PlatformerDemo/Tilemap/Black/tilemap_8.asset - Importer: ScriptedImporter/UnityEditor.QuickSearchModule:UnityEditor.Search:ASIAI0B -> (ImportResultId: '895fd51350532f6d540a04fc748d3151') in 0.006922255 seconds
[Worker1] Imported GUID: cdd5bec613c44cd3b5fcd57177754bb9 - Path: Packages/com.unity.collab-proxy/Editor/Tool/IsExeVersion.cs - Importer: ScriptedImporter/UnityEditor.QuickSearchModule:UnityEditor.Search:ASIAI0B -> (ImportResultId: 'b935f59c45829d918735911cf82028dc') in 0.005727551 seconds
[Worker0] Imported GUID: 8456e83060fd4354a0695680eea6b3cd - Path: Packages/com.unity.collab-proxy/Editor/Views/Locks/LocksSelector.cs - Importer: ScriptedImporter/UnityEditor.QuickSearchModule:UnityEditor.Search:ASIAI0B -> (ImportResultId: 'fad597eb66605eb5cb453cc1aaaa0a9d') in 0.006082379 seconds
[Worker0] Imported GUID: 2c693a7ac04049709a5412015f4be985 - Path: Packages/com.unity.visualscripting/Editor/VisualScripting.Flow/Plugin/Migrations/Migration_1_5_1_to_1_5_2.cs - Importer: ScriptedImporter/UnityEditor.QuickSearchModule:UnityEditor.Search:ASIAI0B -> (ImportResultId: 'b69aa3ff3efade49d39aa4a80b4cf68d') in 0.006236931 seconds
[Worker2] Imported GUID: 2b8ea9999b4c71042bcdc8d737ba8930 - Path: Assets/IndieMarc/TopDownDemo/Editor/FixZ.cs - Importer: ScriptedImporter/UnityEditor.QuickSearchModule:UnityEditor.Search:ASIAI0B -> (ImportResultId: 'de7e0f3bbe9401d7bdeffd39b9f4006d') in 0.009929274 seconds
[Worker1] Imported GUID: 560718f79e4b4d8f82e3fd538fc47bae - Path: Packages/com.unity.visualscripting/Runtime/VisualScripting.Core/Utilities/IAnalyticsIdentifiable.cs - Importer: ScriptedImporter/UnityEditor.QuickSearchModule:UnityEditor.Search:ASIAI0B -> (ImportResultId: '8a6d1aa07c980a2f7c580b11d0c3108d') in 0.009013987 seconds
[Worker0] Imported GUID: 30b312a167534621b316172253b08723 - Path: Packages/com.unity.modules.subsystems/package.json - Importer: ScriptedImporter/UnityEditor.QuickSearchModule:UnityEditor.Search:ASIAI0B -> (ImportResultId: 'a27715ab4815d28597b3b1b7fc8eb213') in 0.006410436 seconds
[Worker2] Imported GUID: e69fc09d7758466798e76f1655c2c27f - Path: Packages/com.unity.collab-proxy/Editor/CloudDrive/Workspaces/Tree/CloudWorkspacesTreeView.cs - Importer: ScriptedImporter/UnityEditor.QuickSearchModule:UnityEditor.Search:ASIAI0B -> (ImportResultId: '57ca158cdc9fa0593e3454f7199819af') in 0.006036648 seconds
[Worker1] Imported GUID: 0a47fb4f3f8b4424daa075a6a2506084 - Path: Assets/IndieMarc/TopDownDemo/Scripts/TheAudio.cs - Importer: ScriptedImporter/UnityEditor.QuickSearchModule:UnityEditor.Search:ASIAI0B -> (ImportResultId: '1e99e2a4605a4416adfe8c0093a7e27c') in 0.007218627 seconds
[Worker2] Imported GUID: d0108361f3541a579c52944b9ec75067 - Path: Packages/com.unity.render-pipelines.universal-config - Importer: ScriptedImporter/UnityEditor.QuickSearchModule:UnityEditor.Search:ASIAI0B -> (ImportResultId: '7b2487247bc4a8861f17a89f3775e68f') in 0.005793819 seconds
[Worker0] Imported GUID: 26a4f29db434fd79025c91f6126382cc - Path: Packages/com.unity.modules.unityanalytics/package.json - Importer: ScriptedImporter/UnityEditor.QuickSearchModule:UnityEditor.Search:ASIAI0B -> (ImportResultId: '8a4c5fa54923fd49e4a452dd8a7d6e91') in 0.008266965 seconds
[Worker1] Imported GUID: ca56bfad409355843b91ca50160908e6 - Path: Assets/IndieMarc/TopDownDemo/Scripts/CharacterHoldItem.cs - Importer: ScriptedImporter/UnityEditor.QuickSearchModule:UnityEditor.Search:ASIAI0B -> (ImportResultId: 'a0ff771f207895f5a92567c8b8c34deb') in 0.007250848 seconds
[Worker2] Imported GUID: 5fe1d3b9c2ba44c408340f4db04454d7 - Path: Assets/IndieMarc/PlatformerDemo/Tilemap/Black/tilemap_1.asset - Importer: ScriptedImporter/UnityEditor.QuickSearchModule:UnityEditor.Search:ASIAI0B -> (ImportResultId: '5cb052cfadb53e4b0901fb611d2dfa0c') in 0.006784554 seconds
[Worker1] Imported GUID: 03ac0993cdae0f6428f5b78ed71bc571 - Path: Assets/IndieMarc/TopDownDemo/Editor/ImportPackage.cs - Importer: ScriptedImporter/UnityEditor.QuickSearchModule:UnityEditor.Search:ASIAI0B -> (ImportResultId: '4ad91751a89e90a214b4e41b6f046bde') in 0.006341837 seconds
[Worker0] Imported GUID: 17815fcc41126affcc01c9f1a699a868 - Path: Packages/com.unity.render-pipelines.core - Importer: ScriptedImporter/UnityEditor.QuickSearchModule:UnityEditor.Search:ASIAI0B -> (ImportResultId: '7150127cc93cf0cf316304a81e258514') in 0.006589195 seconds
[Worker2] Imported GUID: 050d309fbb16e5c739c3a0f366544fbe - Path: Packages/com.unity.test-framework.performance - Importer: ScriptedImporter/UnityEditor.QuickSearchModule:UnityEditor.Search:ASIAI0B -> (ImportResultId: '461dd7c5498a1611a1453f3e0906506b') in 0.007598702 seconds
[Worker2] Imported GUID: f068dd67df4805e4287335af88f26c7c - Path: Assets/IndieMarc/PlatformerDemo/Prefabs - Importer: ScriptedImporter/UnityEditor.QuickSearchModule:UnityEditor.Search:ASIAI0B -> (ImportResultId: 'f38252a19c3f523c166c4883330c12ae') in 0.005865178 seconds
[Worker1] Imported GUID: ea76fa5a629244fa9ae3a8d3224aef02 - Path: Packages/com.unity.collab-proxy/Editor/Gluon/ShelvedChangesNotification.cs - Importer: ScriptedImporter/UnityEditor.QuickSearchModule:UnityEditor.Search:ASIAI0B -> (ImportResultId: '2f85cddfe38ca93e474b633dae1b7de8') in 0.007332607 seconds
[Worker0] Imported GUID: dc310e3d65493434fbd4ee114db86a19 - Path: Packages/com.unity.collab-proxy/Editor/Diff/Asset/Diff/UnityObject/FileIdReader.cs - Importer: ScriptedImporter/UnityEditor.QuickSearchModule:UnityEditor.Search:ASIAI0B -> (ImportResultId: '0556021359d83dc4bb9fe336dc2bd49d') in 0.008427563 seconds
[Worker2] Imported GUID: 96d14b71b907bb52333b2886e665aba6 - Path: Packages/com.unity.modules.video/package.json - Importer: ScriptedImporter/UnityEditor.QuickSearchModule:UnityEditor.Search:ASIAI0B -> (ImportResultId: '0c4e8d512077079292fa9dae422bd9ec') in 0.005967894 seconds
[Worker1] Imported GUID: b77071fd36e946809b40d79e6ba9fe8a - Path: Packages/com.unity.collab-proxy/Editor/AssetsUtils/Processor/UnityCloudProjectLinkMonitor.cs - Importer: ScriptedImporter/UnityEditor.QuickSearchModule:UnityEditor.Search:ASIAI0B -> (ImportResultId: '0e93bbf267333025e026ddfb063c04e2') in 0.005882117 seconds
[Worker0] Imported GUID: 0d856e5cb5f0def4b92c8886a93feadd - Path: Assets/IndieMarc/TopDownDemo/Scripts/Sprite3D.cs - Importer: ScriptedImporter/UnityEditor.QuickSearchModule:UnityEditor.Search:ASIAI0B -> (ImportResultId: '8575ddcfbb76e24dc0c7eb1991c5c365') in 0.006207642 seconds
[Worker1] Imported GUID: e9c8335ec074d2a489b7a1afbde0106a - Path: Assets/IndieMarc/PlatformerDemo/Tilemap - Importer: ScriptedImporter/UnityEditor.QuickSearchModule:UnityEditor.Search:ASIAI0B -> (ImportResultId: 'ec37bdc7ad096d6d066c2d392c5a6847') in 0.005945293 seconds
[Worker2] Imported GUID: c0bd7fac34fb87a4994aa02be6d6bd02 - Path: Assets/IndieMarc/TopDownDemo/Scripts/FixOffset.cs - Importer: ScriptedImporter/UnityEditor.QuickSearchModule:UnityEditor.Search:ASIAI0B -> (ImportResultId: '4f9ad0b1954a07f27f2c7f804f7aa0a9') in 0.005940062 seconds
[Worker0] Imported GUID: fd9c6be6b2909544c98085d0c337bfcc - Path: Assets/IndieMarc/PlatformerDemo/Tilemap/Black/tilemap_9.asset - Importer: ScriptedImporter/UnityEditor.QuickSearchModule:UnityEditor.Search:ASIAI0B -> (ImportResultId: '24b337d3bb2d382a62cd12f73ab53492') in 0.006915229 seconds
[Worker1] Imported GUID: ccc9f105224248edbf0b807faa2bcba9 - Path: Packages/com.unity.collab-proxy/Editor/UI/AttributeColor.cs - Importer: ScriptedImporter/UnityEditor.QuickSearchModule:UnityEditor.Search:ASIAI0B -> (ImportResultId: '1dbb112c4e34a3101763b26dc7765a7c') in 0.005939808 seconds
[Worker2] Imported GUID: 87d720faa37005c08600090e04d8c739 - Path: Packages/com.unity.modules.particlesystem/package.json - Importer: ScriptedImporter/UnityEditor.QuickSearchModule:UnityEditor.Search:ASIAI0B -> (ImportResultId: '5bcb05ace30b6e7c47d8c1d7fc7c7bd9') in 0.005956975 seconds
[Worker0] Imported GUID: 792237b3c87ee6b4c90a74cd87026a89 - Path: Assets/IndieMarc/PlatformerDemo/Scripts/PlayerCharacter.cs - Importer: ScriptedImporter/UnityEditor.QuickSearchModule:UnityEditor.Search:ASIAI0B -> (ImportResultId: '1cd3e4c427def3a396ff839619b003e6') in 0.006377457 seconds
[Worker1] Imported GUID: d3cbe921f7b3d9a3257e7c61a5761796 - Path: Packages/com.unity.modules.terrainphysics/package.json - Importer: ScriptedImporter/UnityEditor.QuickSearchModule:UnityEditor.Search:ASIAI0B -> (ImportResultId: '3113a9f378e9cf6e2594f1ae7bea2ae4') in 0.005935506 seconds
[Worker2] Imported GUID: a55fcf87e0ee4d5a83d10fab9c9407fe - Path: Packages/com.unity.collab-proxy/Editor/Views/SelectNewCodeReviewBehavior.cs - Importer: ScriptedImporter/UnityEditor.QuickSearchModule:UnityEditor.Search:ASIAI0B -> (ImportResultId: 'ab7cbdd077fc6eae268b23520fede1db') in 0.005905562 seconds
[Worker0] Imported GUID: 2cd735c011d94a29b10408059c387762 - Path: Packages/com.unity.visualscripting/Editor/VisualScripting.Core/Utilities/FrameLimiterUtility.cs - Importer: ScriptedImporter/UnityEditor.QuickSearchModule:UnityEditor.Search:ASIAI0B -> (ImportResultId: '96dda58de5525744b05f29c56105c9dc') in 0.006343315 seconds
[Worker1] Imported GUID: 906c12bc9cd95d3963c6d58f62522c78 - Path: Packages/com.unity.modules.cloth/package.json - Importer: ScriptedImporter/UnityEditor.QuickSearchModule:UnityEditor.Search:ASIAI0B -> (ImportResultId: '6a2181bc482adc587b4310bd020a4bb3') in 0.005636979 seconds
[Worker2] Imported GUID: c71065c03f3c5b642a57b1edf9e9734d - Path: Assets/IndieMarc/TopDownDemo/Scripts/CarryItem.cs - Importer: ScriptedImporter/UnityEditor.QuickSearchModule:UnityEditor.Search:ASIAI0B -> (ImportResultId: '278303e0dca3d774154432cbc646400d') in 0.005638209 seconds
[Worker0] Imported GUID: f7fe7ad6cf1798849849ec4f1a3f1fe3 - Path: Assets/IndieMarc/TopDownDemo/Scripts/AutoOrderLayer.cs - Importer: ScriptedImporter/UnityEditor.QuickSearchModule:UnityEditor.Search:ASIAI0B -> (ImportResultId: '3ed2c7efa492122dc9a14c655dc30f71') in 0.006428295 seconds
[Worker2] Imported GUID: 755ecac09c1a1b84cb565d5c02636242 - Path: Assets/IndieMarc/PlatformerDemo/Scripts/Lever.cs - Importer: ScriptedImporter/UnityEditor.QuickSearchModule:UnityEditor.Search:ASIAI0B -> (ImportResultId: 'a0209a06c67a0fec9e348ebf583db1a8') in 0.006322136 seconds
[Worker1] Imported GUID: f4519099779a46cdb95ca9e1d96b7895 - Path: Packages/com.unity.collab-proxy/Editor/Views/Locks/LocksListViewItem.cs - Importer: ScriptedImporter/UnityEditor.QuickSearchModule:UnityEditor.Search:ASIAI0B -> (ImportResultId: '5fefe183dd113564638f8d228f00c605') in 0.008742122 seconds
[Worker0] Imported GUID: 9874d2fcd73d40b6940619e9cd482ad4 - Path: Packages/com.unity.collab-proxy/Editor/AssetMenu/ProjectViewCloudDriveAssetMenu.cs - Importer: ScriptedImporter/UnityEditor.QuickSearchModule:UnityEditor.Search:ASIAI0B -> (ImportResultId: 'e1f7e0e700ce660d19d3e3a0ed69273d') in 0.006840665 seconds
[Worker2] Imported GUID: 6d56244f8c39a851975d3c0bd432c66f - Path: Packages/com.unity.modules.terrain/package.json - Importer: ScriptedImporter/UnityEditor.QuickSearchModule:UnityEditor.Search:ASIAI0B -> (ImportResultId: 'd76b7525dcd543ae4a96b0ceb1bd7ddb') in 0.006378829 seconds
[Worker1] Imported GUID: 8143d3a8390f2c64685e3bc272bd9e90 - Path: Packages/com.unity.ext.nunit/package.json - Importer: ScriptedImporter/UnityEditor.QuickSearchModule:UnityEditor.Search:ASIAI0B -> (ImportResultId: '398047293f3d2b011651af78b241ddc7') in 0.006253205 seconds
[Worker0] Imported GUID: a67a7d0865a447b49e842eac00d70833 - Path: Packages/com.unity.collab-proxy/Editor/CloudDrive/CreateWorkspace/CollaboratorsListViewHeaderState.cs - Importer: ScriptedImporter/UnityEditor.QuickSearchModule:UnityEditor.Search:ASIAI0B -> (ImportResultId: 'eecf967bed9628631a01c2a1572cabce') in 0.006615288 seconds
[Worker2] Imported GUID: 939b89fc6b924ea2e821fc1be1b09f56 - Path: Packages/com.unity.modules.tetgen/package.json - Importer: ScriptedImporter/UnityEditor.QuickSearchModule:UnityEditor.Search:ASIAI0B -> (ImportResultId: 'c7e40408f856fd827b6fbe7ebab3bc17') in 0.006200455 seconds
[Worker1] Imported GUID: b030b7e8a4c531241b496403efc884ab - Path: Packages/com.unity.test-framework.performance/package.json - Importer: ScriptedImporter/UnityEditor.QuickSearchModule:UnityEditor.Search:ASIAI0B -> (ImportResultId: 'cb83a0b1ecc376320e7c37c1c168fed2') in 0.008604261 seconds
[Worker0] Imported GUID: 80beef77cb19e713c7c2d481b65ed485 - Path: Packages/com.unity.modules.screencapture/package.json - Importer: ScriptedImporter/UnityEditor.QuickSearchModule:UnityEditor.Search:ASIAI0B -> (ImportResultId: 'a04fd90407e22c446cfa67d7f2b9b00e') in 0.007702438 seconds
[Worker2] Imported GUID: 0b1525bda7254587be55ddfe956a7b96 - Path: Packages/com.unity.visualscripting/Editor/VisualScripting.State/Plugin/Migrations - Importer: ScriptedImporter/UnityEditor.QuickSearchModule:UnityEditor.Search:ASIAI0B -> (ImportResultId: 'd559a107975c0abdf0ca4ee8ec272af6') in 0.00821997 seconds
[Worker1] Imported GUID: 13a9c1b4df2e489e8eb9cacca7429596 - Path: Packages/com.unity.timeline/package.json - Importer: ScriptedImporter/UnityEditor.QuickSearchModule:UnityEditor.Search:ASIAI0B -> (ImportResultId: '0442fec7a9c26c4fa97233a859d37091') in 0.006546979 seconds
[Worker0] Imported GUID: 67d56a1dd5b77ab0f60760daa507b876 - Path: Packages/com.unity.ext.nunit - Importer: ScriptedImporter/UnityEditor.QuickSearchModule:UnityEditor.Search:ASIAI0B -> (ImportResultId: 'ef6bfa372a7db567723e94f707468d6c') in 0.007126202 seconds
[Worker2] Imported GUID: 7ef8348b8ea834d7e1bc214b07f7fb87 - Path: Packages/com.unity.modules.animation/package.json - Importer: ScriptedImporter/UnityEditor.QuickSearchModule:UnityEditor.Search:ASIAI0B -> (ImportResultId: 'fdf13cd2df4ee03729a72fe39561f3bb') in 0.00615088 seconds
[Worker1] Imported GUID: f97de48c25074cb98c450adbdebf0dbb - Path: Packages/com.unity.collab-proxy/Editor/_Deprecated/UI/CooldownWindowDelayer.cs - Importer: ScriptedImporter/UnityEditor.QuickSearchModule:UnityEditor.Search:ASIAI0B -> (ImportResultId: 'c3b971576a0e4cfa68a1cc638676dfcc') in 0.006320026 seconds
[Worker0] Imported GUID: d8b153895a8d9dd4fa1368f22e63bcf5 - Path: Assets/IndieMarc/TopDownDemo/Scripts/CharacterAnim.cs - Importer: ScriptedImporter/UnityEditor.QuickSearchModule:UnityEditor.Search:ASIAI0B -> (ImportResultId: 'e93c857908a653d424ea1894a9befbb8') in 0.006535807 seconds
[Worker2] Imported GUID: bd40db3e76f7f6cdb3b5290282866716 - Path: Packages/com.unity.2d.tilemap - Importer: ScriptedImporter/UnityEditor.QuickSearchModule:UnityEditor.Search:ASIAI0B -> (ImportResultId: '05215c450742b5bc173ae11ba45c4a26') in 0.005987121 seconds
[Worker1] Imported GUID: 2352cead022bc224ca49c4e2333b3789 - Path: Assets/IndieMarc/PlatformerDemo/Tilemap/Old - Importer: ScriptedImporter/UnityEditor.QuickSearchModule:UnityEditor.Search:ASIAI0B -> (ImportResultId: '181399bc5878d92d24564c19dd00a267') in 0.006023881 seconds
[Worker2] Imported GUID: 640fd06dff6f43498693eeda77683e6e - Path: Packages/com.unity.collab-proxy/Editor/UI/DrawActionButtonWithMenu.cs - Importer: ScriptedImporter/UnityEditor.QuickSearchModule:UnityEditor.Search:ASIAI0B -> (ImportResultId: '994fc97ab619a30a6ee821dc59ab1378') in 0.005989405 seconds
[Worker0] Imported GUID: c84e5a06601ad0948b413e67f21b4b94 - Path: Assets/IndieMarc/PlatformerDemo/Tilemap/Black/tilemap_12.asset - Importer: ScriptedImporter/UnityEditor.QuickSearchModule:UnityEditor.Search:ASIAI0B -> (ImportResultId: 'ea73c62c2958a035b629eb7c8edfeac5') in 0.008103739 seconds
[Worker1] Imported GUID: fa27413e9edb06a6058d6c894eca0338 - Path: Packages/com.unity.modules.unitywebrequestwww/package.json - Importer: ScriptedImporter/UnityEditor.QuickSearchModule:UnityEditor.Search:ASIAI0B -> (ImportResultId: 'd057268ae42b1dee73a5a947d563402a') in 0.005931971 seconds
Worker ready: AssetImportWorkerHW3 3
Worker ready: AssetImportWorkerHW4 4

(unityhub-unity-editor-6000.6.3f1:408409): Gtk-WARNING **: 17:24:36.572: Error converting from text/plain;charset=utf-8 to UTF-8: invalid UTF-8

(unityhub-unity-editor-6000.6.3f1:408409): Gdk-WARNING **: 17:24:36.588: Error converting selection from UTF8_STRING

(unityhub-unity-editor-6000.6.3f1:408409): Gdk-WARNING **: 17:24:36.588: Error converting selection from UTF8_STRING

(unityhub-unity-editor-6000.6.3f1:408409): Gdk-WARNING **: 17:24:36.588: Error converting selection from UTF8_STRING

(unityhub-unity-editor-6000.6.3f1:408409): Gdk-WARNING **: 17:24:36.588: Error converting selection from UTF8_STRING

(unityhub-unity-editor-6000.6.3f1:408409): Gdk-WARNING **: 17:24:36.588: Error converting selection from UTF8_STRING

(unityhub-unity-editor-6000.6.3f1:408409): Gdk-WARNING **: 17:24:36.588: Error converting selection from UTF8_STRING

(unityhub-unity-editor-6000.6.3f1:408409): Gdk-WARNING **: 17:24:36.588: Error converting selection from UTF8_STRING

(unityhub-unity-editor-6000.6.3f1:408409): Gdk-WARNING **: 17:24:36.588: Error converting selection from UTF8_STRING

(unityhub-unity-editor-6000.6.3f1:408409): Gdk-WARNING **: 17:24:36.588: Error converting selection from UTF8_STRING

(unityhub-unity-editor-6000.6.3f1:408409): Gdk-WARNING **: 17:24:36.588: Error converting selection from UTF8_STRING

(unityhub-unity-editor-6000.6.3f1:408409): Gdk-WARNING **: 17:24:36.588: Error converting selection from UTF8_STRING

(unityhub-unity-editor-6000.6.3f1:408409): Gdk-WARNING **: 17:24:36.588: Error converting selection from UTF8_STRING

(unityhub-unity-editor-6000.6.3f1:408409): Gdk-WARNING **: 17:24:36.588: Error converting selection from UTF8_STRING

(unityhub-unity-editor-6000.6.3f1:408409): Gdk-WARNING **: 17:24:36.588: Error converting selection from UTF8_STRING

(unityhub-unity-editor-6000.6.3f1:408409): Gdk-WARNING **: 17:24:36.588: Error converting selection from UTF8_STRING

(unityhub-unity-editor-6000.6.3f1:408409): Gdk-WARNING **: 17:24:36.588: Error converting selection from UTF8_STRING

(unityhub-unity-editor-6000.6.3f1:408409): Gdk-WARNING **: 17:24:36.588: Error converting selection from UTF8_STRING

(unityhub-unity-editor-6000.6.3f1:408409): Gdk-WARNING **: 17:24:36.588: Error converting selection from UTF8_STRING

(unityhub-unity-editor-6000.6.3f1:408409): Gdk-WARNING **: 17:24:36.588: Error converting selection from UTF8_STRING

(unityhub-unity-editor-6000.6.3f1:408409): Gdk-WARNING **: 17:24:36.588: Error converting selection from UTF8_STRING

(unityhub-unity-editor-6000.6.3f1:408409): Gdk-WARNING **: 17:24:36.588: Error converting selection from UTF8_STRING

(unityhub-unity-editor-6000.6.3f1:408409): Gdk-WARNING **: 17:24:36.588: Error converting selection from UTF8_STRING

(unityhub-unity-editor-6000.6.3f1:408409): Gdk-WARNING **: 17:24:36.588: Error converting selection from UTF8_STRING

(unityhub-unity-editor-6000.6.3f1:408409): Gdk-WARNING **: 17:24:36.588: Error converting selection from UTF8_STRING

(unityhub-unity-editor-6000.6.3f1:408409): Gdk-WARNING **: 17:24:36.588: Error converting selection from UTF8_STRING

(unityhub-unity-editor-6000.6.3f1:408409): Gdk-WARNING **: 17:24:36.588: Error converting selection from UTF8_STRING

(unityhub-unity-editor-6000.6.3f1:408409): Gdk-WARNING **: 17:24:36.588: Error converting selection from UTF8_STRING

(unityhub-unity-editor-6000.6.3f1:408409): Gdk-WARNING **: 17:24:36.588: Error converting selection from UTF8_STRING

(unityhub-unity-editor-6000.6.3f1:408409): Gdk-WARNING **: 17:24:36.588: Error converting selection from UTF8_STRING

(unityhub-unity-editor-6000.6.3f1:408409): Gdk-WARNING **: 17:24:36.588: Error converting selection from UTF8_STRING

(unityhub-unity-editor-6000.6.3f1:408409): Gdk-WARNING **: 17:24:36.588: Error converting selection from UTF8_STRING

(unityhub-unity-editor-6000.6.3f1:408409): Gdk-WARNING **: 17:24:36.588: Error converting selection from UTF8_STRING

(unityhub-unity-editor-6000.6.3f1:408409): Gdk-WARNING **: 17:24:36.588: Error converting selection from UTF8_STRING

(unityhub-unity-editor-6000.6.3f1:408409): Gdk-WARNING **: 17:24:36.588: Error converting selection from UTF8_STRING

(unityhub-unity-editor-6000.6.3f1:408409): Gdk-WARNING **: 17:24:36.588: Error converting selection from UTF8_STRING

(unityhub-unity-editor-6000.6.3f1:408409): Gdk-WARNING **: 17:24:36.588: Error converting selection from UTF8_STRING

(unityhub-unity-editor-6000.6.3f1:408409): Gdk-WARNING **: 17:24:36.588: Error converting selection from UTF8_STRING

(unityhub-unity-editor-6000.6.3f1:408409): Gdk-WARNING **: 17:24:36.588: Error converting selection from UTF8_STRING

(unityhub-unity-editor-6000.6.3f1:408409): Gdk-WARNING **: 17:24:36.588: Error converting selection from UTF8_STRING

(unityhub-unity-editor-6000.6.3f1:408409): Gdk-WARNING **: 17:24:36.588: Error converting selection from UTF8_STRING

(unityhub-unity-editor-6000.6.3f1:408409): Gdk-WARNING **: 17:24:36.588: Error converting selection from UTF8_STRING

(unityhub-unity-editor-6000.6.3f1:408409): Gdk-WARNING **: 17:24:36.588: Error converting selection from UTF8_STRING

(unityhub-unity-editor-6000.6.3f1:408409): Gdk-WARNING **: 17:24:36.588: Error converting selection from UTF8_STRING

(unityhub-unity-editor-6000.6.3f1:408409): Gdk-WARNING **: 17:24:36.588: Error converting selection from UTF8_STRING

(unityhub-unity-editor-6000.6.3f1:408409): Gdk-WARNING **: 17:24:36.588: Error converting selection from UTF8_STRING

(unityhub-unity-editor-6000.6.3f1:408409): Gdk-WARNING **: 17:24:36.588: Error converting selection from UTF8_STRING

(unityhub-unity-editor-6000.6.3f1:408409): Gdk-WARNING **: 17:24:36.588: Error converting selection from UTF8_STRING

(unityhub-unity-editor-6000.6.3f1:408409): Gdk-WARNING **: 17:24:36.588: Error converting selection from UTF8_STRING

(unityhub-unity-editor-6000.6.3f1:408409): Gdk-WARNING **: 17:24:36.588: Error converting selection from UTF8_STRING

(unityhub-unity-editor-6000.6.3f1:408409): Gdk-WARNING **: 17:24:36.588: Error converting selection from UTF8_STRING

(unityhub-unity-editor-6000.6.3f1:408409): Gdk-WARNING **: 17:24:36.588: Error converting selection from UTF8_STRING

(unityhub-unity-editor-6000.6.3f1:408409): Gdk-WARNING **: 17:24:36.588: Error converting selection from UTF8_STRING

(unityhub-unity-editor-6000.6.3f1:408409): Gdk-WARNING **: 17:24:36.588: Error converting selection from UTF8_STRING

(unityhub-unity-editor-6000.6.3f1:408409): Gdk-WARNING **: 17:24:36.588: Error converting selection from UTF8_STRING

(unityhub-unity-editor-6000.6.3f1:408409): Gdk-WARNING **: 17:24:36.588: Error converting selection from UTF8_STRING

(unityhub-unity-editor-6000.6.3f1:408409): Gdk-WARNING **: 17:24:36.588: Error converting selection from UTF8_STRING

(unityhub-unity-editor-6000.6.3f1:408409): Gdk-WARNING **: 17:24:36.588: Error converting selection from UTF8_STRING

(unityhub-unity-editor-6000.6.3f1:408409): Gdk-WARNING **: 17:24:36.588: Error converting selection from UTF8_STRING

(unityhub-unity-editor-6000.6.3f1:408409): Gdk-WARNING **: 17:24:36.588: Error converting selection from UTF8_STRING

(unityhub-unity-editor-6000.6.3f1:408409): Gdk-WARNING **: 17:24:36.588: Error converting selection from UTF8_STRING

(unityhub-unity-editor-6000.6.3f1:408409): Gdk-WARNING **: 17:24:36.588: Error converting selection from UTF8_STRING

(unityhub-unity-editor-6000.6.3f1:408409): Gdk-WARNING **: 17:24:36.588: Error converting selection from UTF8_STRING

(unityhub-unity-editor-6000.6.3f1:408409): Gdk-WARNING **: 17:24:36.588: Error converting selection from UTF8_STRING

(unityhub-unity-editor-6000.6.3f1:408409): Gdk-WARNING **: 17:24:36.588: Error converting selection from UTF8_STRING

(unityhub-unity-editor-6000.6.3f1:408409): Gdk-WARNING **: 17:24:36.588: Error converting selection from UTF8_STRING

(unityhub-unity-editor-6000.6.3f1:408409): Gdk-WARNING **: 17:24:36.588: Error converting selection from UTF8_STRING

(unityhub-unity-editor-6000.6.3f1:408409): Gdk-WARNING **: 17:24:36.588: Error converting selection from UTF8_STRING

(unityhub-unity-editor-6000.6.3f1:408409): Gdk-WARNING **: 17:24:36.588: Error converting selection from UTF8_STRING

(unityhub-unity-editor-6000.6.3f1:408409): Gdk-WARNING **: 17:24:36.588: Error converting selection from UTF8_STRING

(unityhub-unity-editor-6000.6.3f1:408409): Gdk-WARNING **: 17:24:36.588: Error converting selection from UTF8_STRING

(unityhub-unity-editor-6000.6.3f1:408409): Gdk-WARNING **: 17:24:36.588: Error converting selection from UTF8_STRING

(unityhub-unity-editor-6000.6.3f1:408409): Gdk-WARNING **: 17:24:36.588: Error converting selection from UTF8_STRING

(unityhub-unity-editor-6000.6.3f1:408409): Gdk-WARNING **: 17:24:36.588: Error converting selection from UTF8_STRING

(unityhub-unity-editor-6000.6.3f1:408409): Gdk-WARNING **: 17:24:36.588: Error converting selection from UTF8_STRING

(unityhub-unity-editor-6000.6.3f1:408409): Gdk-WARNING **: 17:24:36.588: Error converting selection from UTF8_STRING

(unityhub-unity-editor-6000.6.3f1:408409): Gdk-WARNING **: 17:24:36.588: Error converting selection from UTF8_STRING

(unityhub-unity-editor-6000.6.3f1:408409): Gdk-WARNING **: 17:24:36.588: Error converting selection from UTF8_STRING

(unityhub-unity-editor-6000.6.3f1:408409): Gdk-WARNING **: 17:24:36.588: Error converting selection from UTF8_STRING

(unityhub-unity-editor-6000.6.3f1:408409): Gdk-WARNING **: 17:24:36.588: Error converting selection from UTF8_STRING

(unityhub-unity-editor-6000.6.3f1:408409): Gdk-WARNING **: 17:24:36.588: Error converting selection from UTF8_STRING

(unityhub-unity-editor-6000.6.3f1:408409): Gdk-WARNING **: 17:24:36.588: Error converting selection from UTF8_STRING

(unityhub-unity-editor-6000.6.3f1:408409): Gdk-WARNING **: 17:24:36.588: Error converting selection from UTF8_STRING

(unityhub-unity-editor-6000.6.3f1:408409): Gdk-WARNING **: 17:24:36.588: Error converting selection from UTF8_STRING

(unityhub-unity-editor-6000.6.3f1:408409): Gdk-WARNING **: 17:24:36.588: Error converting selection from UTF8_STRING

(unityhub-unity-editor-6000.6.3f1:408409): Gdk-WARNING **: 17:24:36.588: Error converting selection from UTF8_STRING

(unityhub-unity-editor-6000.6.3f1:408409): Gdk-WARNING **: 17:24:36.588: Error converting selection from UTF8_STRING

(unityhub-unity-editor-6000.6.3f1:408409): Gdk-WARNING **: 17:24:36.588: Error converting selection from UTF8_STRING

(unityhub-unity-editor-6000.6.3f1:408409): Gdk-WARNING **: 17:24:36.588: Error converting selection from UTF8_STRING

(unityhub-unity-editor-6000.6.3f1:408409): Gdk-WARNING **: 17:24:36.588: Error converting selection from UTF8_STRING

(unityhub-unity-editor-6000.6.3f1:408409): Gdk-WARNING **: 17:24:36.588: Error converting selection from UTF8_STRING

(unityhub-unity-editor-6000.6.3f1:408409): Gdk-WARNING **: 17:24:36.588: Error converting selection from UTF8_STRING

(unityhub-unity-editor-6000.6.3f1:408409): Gdk-WARNING **: 17:24:36.588: Error converting selection from UTF8_STRING

(unityhub-unity-editor-6000.6.3f1:408409): Gdk-WARNING **: 17:24:36.588: Error converting selection from UTF8_STRING

(unityhub-unity-editor-6000.6.3f1:408409): Gdk-WARNING **: 17:24:36.588: Error converting selection from UTF8_STRING

(unityhub-unity-editor-6000.6.3f1:408409): Gdk-WARNING **: 17:24:36.588: Error converting selection from UTF8_STRING

(unityhub-unity-editor-6000.6.3f1:408409): Gdk-WARNING **: 17:24:36.588: Error converting selection from UTF8_STRING

(unityhub-unity-editor-6000.6.3f1:408409): Gdk-WARNING **: 17:24:36.588: Error converting selection from UTF8_STRING

(unityhub-unity-editor-6000.6.3f1:408409): Gdk-WARNING **: 17:24:36.588: Error converting selection from UTF8_STRING

(unityhub-unity-editor-6000.6.3f1:408409): Gdk-WARNING **: 17:24:36.588: Error converting selection from UTF8_STRING

(unityhub-unity-editor-6000.6.3f1:408409): Gdk-WARNING **: 17:24:36.588: Error converting selection from UTF8_STRING

(unityhub-unity-editor-6000.6.3f1:408409): Gdk-WARNING **: 17:24:36.588: Error converting selection from UTF8_STRING

(unityhub-unity-editor-6000.6.3f1:408409): Gdk-WARNING **: 17:24:36.588: Error converting selection from UTF8_STRING

(unityhub-unity-editor-6000.6.3f1:408409): Gdk-WARNING **: 17:24:36.588: Error converting selection from UTF8_STRING

(unityhub-unity-editor-6000.6.3f1:408409): Gdk-WARNING **: 17:24:36.588: Error converting selection from UTF8_STRING

(unityhub-unity-editor-6000.6.3f1:408409): Gdk-WARNING **: 17:24:36.588: Error converting selection from UTF8_STRING

(unityhub-unity-editor-6000.6.3f1:408409): Gdk-WARNING **: 17:24:36.588: Error converting selection from UTF8_STRING

(unityhub-unity-editor-6000.6.3f1:408409): Gdk-WARNING **: 17:24:36.588: Error converting selection from UTF8_STRING

(unityhub-unity-editor-6000.6.3f1:408409): Gdk-WARNING **: 17:24:36.588: Error converting selection from UTF8_STRING

(unityhub-unity-editor-6000.6.3f1:408409): Gdk-WARNING **: 17:24:36.588: Error converting selection from UTF8_STRING

(unityhub-unity-editor-6000.6.3f1:408409): Gdk-WARNING **: 17:24:36.588: Error converting selection from UTF8_STRING

(unityhub-unity-editor-6000.6.3f1:408409): Gdk-WARNING **: 17:24:36.588: Error converting selection from UTF8_STRING

(unityhub-unity-editor-6000.6.3f1:408409): Gdk-WARNING **: 17:24:36.588: Error converting selection from UTF8_STRING

(unityhub-unity-editor-6000.6.3f1:408409): Gdk-WARNING **: 17:24:36.588: Error converting selection from UTF8_STRING

(unityhub-unity-editor-6000.6.3f1:408409): Gdk-WARNING **: 17:24:36.588: Error converting selection from UTF8_STRING

(unityhub-unity-editor-6000.6.3f1:408409): Gdk-WARNING **: 17:24:36.588: Error converting selection from UTF8_STRING

(unityhub-unity-editor-6000.6.3f1:408409): Gdk-WARNING **: 17:24:36.588: Error converting selection from UTF8_STRING

(unityhub-unity-editor-6000.6.3f1:408409): Gdk-WARNING **: 17:24:36.588: Error converting selection from UTF8_STRING

(unityhub-unity-editor-6000.6.3f1:408409): Gdk-WARNING **: 17:24:36.588: Error converting selection from UTF8_STRING

(unityhub-unity-editor-6000.6.3f1:408409): Gdk-WARNING **: 17:24:36.588: Error converting selection from UTF8_STRING

(unityhub-unity-editor-6000.6.3f1:408409): Gdk-WARNING **: 17:24:36.588: Error converting selection from UTF8_STRING

(unityhub-unity-editor-6000.6.3f1:408409): Gdk-WARNING **: 17:24:36.588: Error converting selection from UTF8_STRING

(unityhub-unity-editor-6000.6.3f1:408409): Gdk-WARNING **: 17:24:36.588: Error converting selection from UTF8_STRING

(unityhub-unity-editor-6000.6.3f1:408409): Gdk-WARNING **: 17:24:36.588: Error converting selection from UTF8_STRING

(unityhub-unity-editor-6000.6.3f1:408409): Gdk-WARNING **: 17:24:36.588: Error converting selection from UTF8_STRING

(unityhub-unity-editor-6000.6.3f1:408409): Gdk-WARNING **: 17:24:36.588: Error converting selection from UTF8_STRING

(unityhub-unity-editor-6000.6.3f1:408409): Gdk-WARNING **: 17:24:36.588: Error converting selection from UTF8_STRING

(unityhub-unity-editor-6000.6.3f1:408409): Gdk-WARNING **: 17:24:36.588: Error converting selection from UTF8_STRING

(unityhub-unity-editor-6000.6.3f1:408409): Gdk-WARNING **: 17:24:36.589: Error converting selection from UTF8_STRING

(unityhub-unity-editor-6000.6.3f1:408409): Gdk-WARNING **: 17:24:36.589: Error converting selection from UTF8_STRING

(unityhub-unity-editor-6000.6.3f1:408409): Gdk-WARNING **: 17:24:36.589: Error converting selection from UTF8_STRING

(unityhub-unity-editor-6000.6.3f1:408409): Gdk-WARNING **: 17:24:36.589: Error converting selection from UTF8_STRING

(unityhub-unity-editor-6000.6.3f1:408409): Gdk-WARNING **: 17:24:36.589: Error converting selection from UTF8_STRING

(unityhub-unity-editor-6000.6.3f1:408409): Gdk-WARNING **: 17:24:36.589: Error converting selection from UTF8_STRING

(unityhub-unity-editor-6000.6.3f1:408409): Gdk-WARNING **: 17:24:36.589: Error converting selection from UTF8_STRING

(unityhub-unity-editor-6000.6.3f1:408409): Gdk-WARNING **: 17:24:36.589: Error converting selection from UTF8_STRING

(unityhub-unity-editor-6000.6.3f1:408409): Gdk-WARNING **: 17:24:36.589: Error converting selection from UTF8_STRING

(unityhub-unity-editor-6000.6.3f1:408409): Gdk-WARNING **: 17:24:36.589: Error converting selection from UTF8_STRING

(unityhub-unity-editor-6000.6.3f1:408409): Gdk-WARNING **: 17:24:36.589: Error converting selection from UTF8_STRING

(unityhub-unity-editor-6000.6.3f1:408409): Gdk-WARNING **: 17:24:36.589: Error converting selection from UTF8_STRING

(unityhub-unity-editor-6000.6.3f1:408409): Gdk-WARNING **: 17:24:36.589: Error converting selection from UTF8_STRING

(unityhub-unity-editor-6000.6.3f1:408409): Gdk-WARNING **: 17:24:36.589: Error converting selection from UTF8_STRING

(unityhub-unity-editor-6000.6.3f1:408409): Gdk-WARNING **: 17:24:36.589: Error converting selection from UTF8_STRING

(unityhub-unity-editor-6000.6.3f1:408409): Gdk-WARNING **: 17:24:36.589: Error converting selection from UTF8_STRING

(unityhub-unity-editor-6000.6.3f1:408409): Gdk-WARNING **: 17:24:36.589: Error converting selection from UTF8_STRING

(unityhub-unity-editor-6000.6.3f1:408409): Gdk-WARNING **: 17:24:36.589: Error converting selection from UTF8_STRING

(unityhub-unity-editor-6000.6.3f1:408409): Gdk-WARNING **: 17:24:36.589: Error converting selection from UTF8_STRING

(unityhub-unity-editor-6000.6.3f1:408409): Gdk-WARNING **: 17:24:36.589: Error converting selection from UTF8_STRING

(unityhub-unity-editor-6000.6.3f1:408409): Gdk-WARNING **: 17:24:36.589: Error converting selection from UTF8_STRING

(unityhub-unity-editor-6000.6.3f1:408409): Gdk-WARNING **: 17:24:36.589: Error converting selection from UTF8_STRING

(unityhub-unity-editor-6000.6.3f1:408409): Gdk-WARNING **: 17:24:36.589: Error converting selection from UTF8_STRING

(unityhub-unity-editor-6000.6.3f1:408409): Gdk-WARNING **: 17:24:36.589: Error converting selection from UTF8_STRING

(unityhub-unity-editor-6000.6.3f1:408409): Gdk-WARNING **: 17:24:36.589: Error converting selection from UTF8_STRING

(unityhub-unity-editor-6000.6.3f1:408409): Gdk-WARNING **: 17:24:36.589: Error converting selection from UTF8_STRING

(unityhub-unity-editor-6000.6.3f1:408409): Gdk-WARNING **: 17:24:36.589: Error converting selection from UTF8_STRING

(unityhub-unity-editor-6000.6.3f1:408409): Gdk-WARNING **: 17:24:36.589: Error converting selection from UTF8_STRING

(unityhub-unity-editor-6000.6.3f1:408409): Gdk-WARNING **: 17:24:36.589: Error converting selection from UTF8_STRING

(unityhub-unity-editor-6000.6.3f1:408409): Gdk-WARNING **: 17:24:36.589: Error converting selection from UTF8_STRING

(unityhub-unity-editor-6000.6.3f1:408409): Gdk-WARNING **: 17:24:36.589: Error converting selection from UTF8_STRING

(unityhub-unity-editor-6000.6.3f1:408409): Gdk-WARNING **: 17:24:36.589: Error converting selection from UTF8_STRING

(unityhub-unity-editor-6000.6.3f1:408409): Gdk-WARNING **: 17:24:36.589: Error converting selection from UTF8_STRING

(unityhub-unity-editor-6000.6.3f1:408409): Gdk-WARNING **: 17:24:36.589: Error converting selection from UTF8_STRING

(unityhub-unity-editor-6000.6.3f1:408409): Gdk-WARNING **: 17:24:36.589: Error converting selection from UTF8_STRING

(unityhub-unity-editor-6000.6.3f1:408409): Gdk-WARNING **: 17:24:36.589: Error converting selection from UTF8_STRING

(unityhub-unity-editor-6000.6.3f1:408409): Gdk-WARNING **: 17:24:36.589: Error converting selection from UTF8_STRING

(unityhub-unity-editor-6000.6.3f1:408409): Gdk-WARNING **: 17:24:36.589: Error converting selection from UTF8_STRING

(unityhub-unity-editor-6000.6.3f1:408409): Gdk-WARNING **: 17:24:36.589: Error converting selection from UTF8_STRING

(unityhub-unity-editor-6000.6.3f1:408409): Gdk-WARNING **: 17:24:36.589: Error converting selection from UTF8_STRING

(unityhub-unity-editor-6000.6.3f1:408409): Gdk-WARNING **: 17:24:36.589: Error converting selection from UTF8_STRING

(unityhub-unity-editor-6000.6.3f1:408409): Gdk-WARNING **: 17:24:36.589: Error converting selection from UTF8_STRING

(unityhub-unity-editor-6000.6.3f1:408409): Gdk-WARNING **: 17:24:36.589: Error converting selection from UTF8_STRING

(unityhub-unity-editor-6000.6.3f1:408409): Gdk-WARNING **: 17:24:36.589: Error converting selection from UTF8_STRING

(unityhub-unity-editor-6000.6.3f1:408409): Gdk-WARNING **: 17:24:36.589: Error converting selection from UTF8_STRING

(unityhub-unity-editor-6000.6.3f1:408409): Gdk-WARNING **: 17:24:36.589: Error converting selection from UTF8_STRING

(unityhub-unity-editor-6000.6.3f1:408409): Gdk-WARNING **: 17:24:36.589: Error converting selection from UTF8_STRING

(unityhub-unity-editor-6000.6.3f1:408409): Gdk-WARNING **: 17:24:36.589: Error converting selection from UTF8_STRING

(unityhub-unity-editor-6000.6.3f1:408409): Gdk-WARNING **: 17:24:36.589: Error converting selection from UTF8_STRING

(unityhub-unity-editor-6000.6.3f1:408409): Gdk-WARNING **: 17:24:36.589: Error converting selection from UTF8_STRING

(unityhub-unity-editor-6000.6.3f1:408409): Gdk-WARNING **: 17:24:36.589: Error converting selection from UTF8_STRING

(unityhub-unity-editor-6000.6.3f1:408409): Gdk-WARNING **: 17:24:36.589: Error converting selection from UTF8_STRING

(unityhub-unity-editor-6000.6.3f1:408409): Gdk-WARNING **: 17:24:36.589: Error converting selection from UTF8_STRING

(unityhub-unity-editor-6000.6.3f1:408409): Gdk-WARNING **: 17:24:36.589: Error converting selection from UTF8_STRING

(unityhub-unity-editor-6000.6.3f1:408409): Gdk-WARNING **: 17:24:36.589: Error converting selection from UTF8_STRING

(unityhub-unity-editor-6000.6.3f1:408409): Gdk-WARNING **: 17:24:36.589: Error converting selection from UTF8_STRING

(unityhub-unity-editor-6000.6.3f1:408409): Gdk-WARNING **: 17:24:36.589: Error converting selection from UTF8_STRING

(unityhub-unity-editor-6000.6.3f1:408409): Gdk-WARNING **: 17:24:36.589: Error converting selection from UTF8_STRING

(unityhub-unity-editor-6000.6.3f1:408409): Gdk-WARNING **: 17:24:36.589: Error converting selection from UTF8_STRING

(unityhub-unity-editor-6000.6.3f1:408409): Gdk-WARNING **: 17:24:36.589: Error converting selection from UTF8_STRING

(unityhub-unity-editor-6000.6.3f1:408409): Gdk-WARNING **: 17:24:36.589: Error converting selection from UTF8_STRING

(unityhub-unity-editor-6000.6.3f1:408409): Gdk-WARNING **: 17:24:36.589: Error converting selection from UTF8_STRING

(unityhub-unity-editor-6000.6.3f1:408409): Gdk-WARNING **: 17:24:36.589: Error converting selection from UTF8_STRING

(unityhub-unity-editor-6000.6.3f1:408409): Gdk-WARNING **: 17:24:36.589: Error converting selection from UTF8_STRING

(unityhub-unity-editor-6000.6.3f1:408409): Gdk-WARNING **: 17:24:36.589: Error converting selection from UTF8_STRING

(unityhub-unity-editor-6000.6.3f1:408409): Gdk-WARNING **: 17:24:36.589: Error converting selection from UTF8_STRING

(unityhub-unity-editor-6000.6.3f1:408409): Gdk-WARNING **: 17:24:36.589: Error converting selection from UTF8_STRING

(unityhub-unity-editor-6000.6.3f1:408409): Gdk-WARNING **: 17:24:36.589: Error converting selection from UTF8_STRING

(unityhub-unity-editor-6000.6.3f1:408409): Gdk-WARNING **: 17:24:36.589: Error converting selection from UTF8_STRING

(unityhub-unity-editor-6000.6.3f1:408409): Gdk-WARNING **: 17:24:36.589: Error converting selection from UTF8_STRING

(unityhub-unity-editor-6000.6.3f1:408409): Gdk-WARNING **: 17:24:36.589: Error converting selection from UTF8_STRING

(unityhub-unity-editor-6000.6.3f1:408409): Gdk-WARNING **: 17:24:36.589: Error converting selection from UTF8_STRING

(unityhub-unity-editor-6000.6.3f1:408409): Gdk-WARNING **: 17:24:36.589: Error converting selection from UTF8_STRING

(unityhub-unity-editor-6000.6.3f1:408409): Gdk-WARNING **: 17:24:36.589: Error converting selection from UTF8_STRING

(unityhub-unity-editor-6000.6.3f1:408409): Gdk-WARNING **: 17:24:36.589: Error converting selection from UTF8_STRING

(unityhub-unity-editor-6000.6.3f1:408409): Gdk-WARNING **: 17:24:36.589: Error converting selection from UTF8_STRING

(unityhub-unity-editor-6000.6.3f1:408409): Gdk-WARNING **: 17:24:36.589: Error converting selection from UTF8_STRING

(unityhub-unity-editor-6000.6.3f1:408409): Gdk-WARNING **: 17:24:36.589: Error converting selection from UTF8_STRING

(unityhub-unity-editor-6000.6.3f1:408409): Gdk-WARNING **: 17:24:36.589: Error converting selection from UTF8_STRING

(unityhub-unity-editor-6000.6.3f1:408409): Gdk-WARNING **: 17:24:36.589: Error converting selection from UTF8_STRING

(unityhub-unity-editor-6000.6.3f1:408409): Gdk-WARNING **: 17:24:36.589: Error converting selection from UTF8_STRING

(unityhub-unity-editor-6000.6.3f1:408409): Gdk-WARNING **: 17:24:36.589: Error converting selection from UTF8_STRING

(unityhub-unity-editor-6000.6.3f1:408409): Gdk-WARNING **: 17:24:36.589: Error converting selection from UTF8_STRING

(unityhub-unity-editor-6000.6.3f1:408409): Gdk-WARNING **: 17:24:36.589: Error converting selection from UTF8_STRING

(unityhub-unity-editor-6000.6.3f1:408409): Gdk-WARNING **: 17:24:36.589: Error converting selection from UTF8_STRING

(unityhub-unity-editor-6000.6.3f1:408409): Gdk-WARNING **: 17:24:36.589: Error converting selection from UTF8_STRING

(unityhub-unity-editor-6000.6.3f1:408409): Gdk-WARNING **: 17:24:36.589: Error converting selection from UTF8_STRING

(unityhub-unity-editor-6000.6.3f1:408409): Gdk-WARNING **: 17:24:36.589: Error converting selection from UTF8_STRING

(unityhub-unity-editor-6000.6.3f1:408409): Gdk-WARNING **: 17:24:36.589: Error converting selection from UTF8_STRING

(unityhub-unity-editor-6000.6.3f1:408409): Gdk-WARNING **: 17:24:36.589: Error converting selection from UTF8_STRING

(unityhub-unity-editor-6000.6.3f1:408409): Gdk-WARNING **: 17:24:36.589: Error converting selection from UTF8_STRING

(unityhub-unity-editor-6000.6.3f1:408409): Gdk-WARNING **: 17:24:36.589: Error converting selection from UTF8_STRING

(unityhub-unity-editor-6000.6.3f1:408409): Gdk-WARNING **: 17:24:36.589: Error converting selection from UTF8_STRING

(unityhub-unity-editor-6000.6.3f1:408409): Gdk-WARNING **: 17:24:36.589: Error converting selection from UTF8_STRING

(unityhub-unity-editor-6000.6.3f1:408409): Gdk-WARNING **: 17:24:36.589: Error converting selection from UTF8_STRING

(unityhub-unity-editor-6000.6.3f1:408409): Gdk-WARNING **: 17:24:36.589: Error converting selection from UTF8_STRING

(unityhub-unity-editor-6000.6.3f1:408409): Gdk-WARNING **: 17:24:36.589: Error converting selection from UTF8_STRING

(unityhub-unity-editor-6000.6.3f1:408409): Gdk-WARNING **: 17:24:36.589: Error converting selection from UTF8_STRING

(unityhub-unity-editor-6000.6.3f1:408409): Gdk-WARNING **: 17:24:36.589: Error converting selection from UTF8_STRING

(unityhub-unity-editor-6000.6.3f1:408409): Gdk-WARNING **: 17:24:36.589: Error converting selection from UTF8_STRING

(unityhub-unity-editor-6000.6.3f1:408409): Gdk-WARNING **: 17:24:36.589: Error converting selection from UTF8_STRING

(unityhub-unity-editor-6000.6.3f1:408409): Gdk-WARNING **: 17:24:36.589: Error converting selection from UTF8_STRING

(unityhub-unity-editor-6000.6.3f1:408409): Gdk-WARNING **: 17:24:36.589: Error converting selection from UTF8_STRING

(unityhub-unity-editor-6000.6.3f1:408409): Gdk-WARNING **: 17:24:36.589: Error converting selection from UTF8_STRING

(unityhub-unity-editor-6000.6.3f1:408409): Gdk-WARNING **: 17:24:36.589: Error converting selection from UTF8_STRING

(unityhub-unity-editor-6000.6.3f1:408409): Gdk-WARNING **: 17:24:36.589: Error converting selection from UTF8_STRING

(unityhub-unity-editor-6000.6.3f1:408409): Gdk-WARNING **: 17:24:36.589: Error converting selection from UTF8_STRING

(unityhub-unity-editor-6000.6.3f1:408409): Gdk-WARNING **: 17:24:36.589: Error converting selection from UTF8_STRING

(unityhub-unity-editor-6000.6.3f1:408409): Gdk-WARNING **: 17:24:36.589: Error converting selection from UTF8_STRING

(unityhub-unity-editor-6000.6.3f1:408409): Gdk-WARNING **: 17:24:36.589: Error converting selection from UTF8_STRING

(unityhub-unity-editor-6000.6.3f1:408409): Gdk-WARNING **: 17:24:36.589: Error converting selection from UTF8_STRING

(unityhub-unity-editor-6000.6.3f1:408409): Gdk-WARNING **: 17:24:36.589: Error converting selection from UTF8_STRING

(unityhub-unity-editor-6000.6.3f1:408409): Gdk-WARNING **: 17:24:36.589: Error converting selection from UTF8_STRING

(unityhub-unity-editor-6000.6.3f1:408409): Gdk-WARNING **: 17:24:36.589: Error converting selection from UTF8_STRING

(unityhub-unity-editor-6000.6.3f1:408409): Gdk-WARNING **: 17:24:36.589: Error converting selection from UTF8_STRING

(unityhub-unity-editor-6000.6.3f1:408409): Gdk-WARNING **: 17:24:36.589: Error converting selection from UTF8_STRING

(unityhub-unity-editor-6000.6.3f1:408409): Gdk-WARNING **: 17:24:36.589: Error converting selection from UTF8_STRING

(unityhub-unity-editor-6000.6.3f1:408409): Gdk-WARNING **: 17:24:36.589: Error converting selection from UTF8_STRING

(unityhub-unity-editor-6000.6.3f1:408409): Gdk-WARNING **: 17:24:36.589: Error converting selection from UTF8_STRING

(unityhub-unity-editor-6000.6.3f1:408409): Gdk-WARNING **: 17:24:36.589: Error converting selection from UTF8_STRING

(unityhub-unity-editor-6000.6.3f1:408409): Gdk-WARNING **: 17:24:36.589: Error converting selection from UTF8_STRING

(unityhub-unity-editor-6000.6.3f1:408409): Gdk-WARNING **: 17:24:36.589: Error converting selection from UTF8_STRING

(unityhub-unity-editor-6000.6.3f1:408409): Gdk-WARNING **: 17:24:36.589: Error converting selection from UTF8_STRING

(unityhub-unity-editor-6000.6.3f1:408409): Gdk-WARNING **: 17:24:36.589: Error converting selection from UTF8_STRING

(unityhub-unity-editor-6000.6.3f1:408409): Gdk-WARNING **: 17:24:36.589: Error converting selection from UTF8_STRING

(unityhub-unity-editor-6000.6.3f1:408409): Gdk-WARNING **: 17:24:36.589: Error converting selection from UTF8_STRING

(unityhub-unity-editor-6000.6.3f1:408409): Gdk-WARNING **: 17:24:36.589: Error converting selection from UTF8_STRING

(unityhub-unity-editor-6000.6.3f1:408409): Gdk-WARNING **: 17:24:36.589: Error converting selection from UTF8_STRING

(unityhub-unity-editor-6000.6.3f1:408409): Gdk-WARNING **: 17:24:36.589: Error converting selection from UTF8_STRING

(unityhub-unity-editor-6000.6.3f1:408409): Gdk-WARNING **: 17:24:36.589: Error converting selection from UTF8_STRING

(unityhub-unity-editor-6000.6.3f1:408409): Gdk-WARNING **: 17:24:36.589: Error converting selection from UTF8_STRING

(unityhub-unity-editor-6000.6.3f1:408409): Gdk-WARNING **: 17:24:36.589: Error converting selection from UTF8_STRING

(unityhub-unity-editor-6000.6.3f1:408409): Gdk-WARNING **: 17:24:36.589: Error converting selection from UTF8_STRING

(unityhub-unity-editor-6000.6.3f1:408409): Gdk-WARNING **: 17:24:36.589: Error converting selection from UTF8_STRING

(unityhub-unity-editor-6000.6.3f1:408409): Gdk-WARNING **: 17:24:36.589: Error converting selection from UTF8_STRING

(unityhub-unity-editor-6000.6.3f1:408409): Gdk-WARNING **: 17:24:36.589: Error converting selection from UTF8_STRING

(unityhub-unity-editor-6000.6.3f1:408409): Gdk-WARNING **: 17:24:36.589: Error converting selection from UTF8_STRING

(unityhub-unity-editor-6000.6.3f1:408409): Gdk-WARNING **: 17:24:36.589: Error converting selection from UTF8_STRING

(unityhub-unity-editor-6000.6.3f1:408409): Gdk-WARNING **: 17:24:36.589: Error converting selection from UTF8_STRING

(unityhub-unity-editor-6000.6.3f1:408409): Gdk-WARNING **: 17:24:36.589: Error converting selection from UTF8_STRING

(unityhub-unity-editor-6000.6.3f1:408409): Gdk-WARNING **: 17:24:36.589: Error converting selection from UTF8_STRING

(unityhub-unity-editor-6000.6.3f1:408409): Gdk-WARNING **: 17:24:36.589: Error converting selection from UTF8_STRING

(unityhub-unity-editor-6000.6.3f1:408409): Gdk-WARNING **: 17:24:36.589: Error converting selection from UTF8_STRING

(unityhub-unity-editor-6000.6.3f1:408409): Gdk-WARNING **: 17:24:36.589: Error converting selection from UTF8_STRING

(unityhub-unity-editor-6000.6.3f1:408409): Gdk-WARNING **: 17:24:36.589: Error converting selection from UTF8_STRING

(unityhub-unity-editor-6000.6.3f1:408409): Gdk-WARNING **: 17:24:36.589: Error converting selection from UTF8_STRING

(unityhub-unity-editor-6000.6.3f1:408409): Gdk-WARNING **: 17:24:36.589: Error converting selection from UTF8_STRING

(unityhub-unity-editor-6000.6.3f1:408409): Gdk-WARNING **: 17:24:36.589: Error converting selection from UTF8_STRING

(unityhub-unity-editor-6000.6.3f1:408409): Gdk-WARNING **: 17:24:36.589: Error converting selection from UTF8_STRING

(unityhub-unity-editor-6000.6.3f1:408409): Gdk-WARNING **: 17:24:36.589: Error converting selection from UTF8_STRING

(unityhub-unity-editor-6000.6.3f1:408409): Gdk-WARNING **: 17:24:36.589: Error converting selection from UTF8_STRING

(unityhub-unity-editor-6000.6.3f1:408409): Gdk-WARNING **: 17:24:36.589: Error converting selection from UTF8_STRING

(unityhub-unity-editor-6000.6.3f1:408409): Gdk-WARNING **: 17:24:36.589: Error converting selection from UTF8_STRING

(unityhub-unity-editor-6000.6.3f1:408409): Gdk-WARNING **: 17:24:36.589: Error converting selection from UTF8_STRING

(unityhub-unity-editor-6000.6.3f1:408409): Gdk-WARNING **: 17:24:36.589: Error converting selection from UTF8_STRING

(unityhub-unity-editor-6000.6.3f1:408409): Gdk-WARNING **: 17:24:36.589: Error converting selection from UTF8_STRING

(unityhub-unity-editor-6000.6.3f1:408409): Gdk-WARNING **: 17:24:36.589: Error converting selection from UTF8_STRING

(unityhub-unity-editor-6000.6.3f1:408409): Gdk-WARNING **: 17:24:36.589: Error converting selection from UTF8_STRING

(unityhub-unity-editor-6000.6.3f1:408409): Gdk-WARNING **: 17:24:36.589: Error converting selection from UTF8_STRING

(unityhub-unity-editor-6000.6.3f1:408409): Gdk-WARNING **: 17:24:36.589: Error converting selection from UTF8_STRING

(unityhub-unity-editor-6000.6.3f1:408409): Gdk-WARNING **: 17:24:36.589: Error converting selection from UTF8_STRING

(unityhub-unity-editor-6000.6.3f1:408409): Gdk-WARNING **: 17:24:36.589: Error converting selection from UTF8_STRING

(unityhub-unity-editor-6000.6.3f1:408409): Gdk-WARNING **: 17:24:36.589: Error converting selection from UTF8_STRING

(unityhub-unity-editor-6000.6.3f1:408409): Gdk-WARNING **: 17:24:36.589: Error converting selection from UTF8_STRING

(unityhub-unity-editor-6000.6.3f1:408409): Gdk-WARNING **: 17:24:36.589: Error converting selection from UTF8_STRING

(unityhub-unity-editor-6000.6.3f1:408409): Gdk-WARNING **: 17:24:36.589: Error converting selection from UTF8_STRING

(unityhub-unity-editor-6000.6.3f1:408409): Gdk-WARNING **: 17:24:36.589: Error converting selection from UTF8_STRING

(unityhub-unity-editor-6000.6.3f1:408409): Gdk-WARNING **: 17:24:36.589: Error converting selection from UTF8_STRING

(unityhub-unity-editor-6000.6.3f1:408409): Gdk-WARNING **: 17:24:36.589: Error converting selection from UTF8_STRING

(unityhub-unity-editor-6000.6.3f1:408409): Gdk-WARNING **: 17:24:36.589: Error converting selection from UTF8_STRING

(unityhub-unity-editor-6000.6.3f1:408409): Gdk-WARNING **: 17:24:36.589: Error converting selection from UTF8_STRING

(unityhub-unity-editor-6000.6.3f1:408409): Gdk-WARNING **: 17:24:36.589: Error converting selection from UTF8_STRING

(unityhub-unity-editor-6000.6.3f1:408409): Gdk-WARNING **: 17:24:36.589: Error converting selection from UTF8_STRING

(unityhub-unity-editor-6000.6.3f1:408409): Gdk-WARNING **: 17:24:36.589: Error converting selection from UTF8_STRING

(unityhub-unity-editor-6000.6.3f1:408409): Gdk-WARNING **: 17:24:36.589: Error converting selection from UTF8_STRING

(unityhub-unity-editor-6000.6.3f1:408409): Gdk-WARNING **: 17:24:36.589: Error converting selection from UTF8_STRING

(unityhub-unity-editor-6000.6.3f1:408409): Gdk-WARNING **: 17:24:36.589: Error converting selection from UTF8_STRING

(unityhub-unity-editor-6000.6.3f1:408409): Gdk-WARNING **: 17:24:36.589: Error converting selection from UTF8_STRING

(unityhub-unity-editor-6000.6.3f1:408409): Gdk-WARNING **: 17:24:36.589: Error converting selection from UTF8_STRING

(unityhub-unity-editor-6000.6.3f1:408409): Gdk-WARNING **: 17:24:36.589: Error converting selection from UTF8_STRING

(unityhub-unity-editor-6000.6.3f1:408409): Gdk-WARNING **: 17:24:36.589: Error converting selection from UTF8_STRING

(unityhub-unity-editor-6000.6.3f1:408409): Gdk-WARNING **: 17:24:36.589: Error converting selection from UTF8_STRING

(unityhub-unity-editor-6000.6.3f1:408409): Gdk-WARNING **: 17:24:36.589: Error converting selection from UTF8_STRING

(unityhub-unity-editor-6000.6.3f1:408409): Gdk-WARNING **: 17:24:36.589: Error converting selection from UTF8_STRING

(unityhub-unity-editor-6000.6.3f1:408409): Gdk-WARNING **: 17:24:36.589: Error converting selection from UTF8_STRING

(unityhub-unity-editor-6000.6.3f1:408409): Gdk-WARNING **: 17:24:36.589: Error converting selection from UTF8_STRING

(unityhub-unity-editor-6000.6.3f1:408409): Gdk-WARNING **: 17:24:36.589: Error converting selection from UTF8_STRING

(unityhub-unity-editor-6000.6.3f1:408409): Gdk-WARNING **: 17:24:36.589: Error converting selection from UTF8_STRING

(unityhub-unity-editor-6000.6.3f1:408409): Gdk-WARNING **: 17:24:36.589: Error converting selection from UTF8_STRING

(unityhub-unity-editor-6000.6.3f1:408409): Gdk-WARNING **: 17:24:36.589: Error converting selection from UTF8_STRING

(unityhub-unity-editor-6000.6.3f1:408409): Gdk-WARNING **: 17:24:36.589: Error converting selection from UTF8_STRING

(unityhub-unity-editor-6000.6.3f1:408409): Gdk-WARNING **: 17:24:36.589: Error converting selection from UTF8_STRING

(unityhub-unity-editor-6000.6.3f1:408409): Gdk-WARNING **: 17:24:36.589: Error converting selection from UTF8_STRING

(unityhub-unity-editor-6000.6.3f1:408409): Gdk-WARNING **: 17:24:36.589: Error converting selection from UTF8_STRING

(unityhub-unity-editor-6000.6.3f1:408409): Gdk-WARNING **: 17:24:36.589: Error converting selection from UTF8_STRING

(unityhub-unity-editor-6000.6.3f1:408409): Gdk-WARNING **: 17:24:36.589: Error converting selection from UTF8_STRING

(unityhub-unity-editor-6000.6.3f1:408409): Gdk-WARNING **: 17:24:36.589: Error converting selection from UTF8_STRING

(unityhub-unity-editor-6000.6.3f1:408409): Gdk-WARNING **: 17:24:36.589: Error converting selection from UTF8_STRING

(unityhub-unity-editor-6000.6.3f1:408409): Gdk-WARNING **: 17:24:36.589: Error converting selection from UTF8_STRING

(unityhub-unity-editor-6000.6.3f1:408409): Gdk-WARNING **: 17:24:36.589: Error converting selection from UTF8_STRING

(unityhub-unity-editor-6000.6.3f1:408409): Gdk-WARNING **: 17:24:36.589: Error converting selection from UTF8_STRING

(unityhub-unity-editor-6000.6.3f1:408409): Gdk-WARNING **: 17:24:36.589: Error converting selection from UTF8_STRING

(unityhub-unity-editor-6000.6.3f1:408409): Gdk-WARNING **: 17:24:36.589: Error converting selection from UTF8_STRING

(unityhub-unity-editor-6000.6.3f1:408409): Gdk-WARNING **: 17:24:36.589: Error converting selection from UTF8_STRING

(unityhub-unity-editor-6000.6.3f1:408409): Gdk-WARNING **: 17:24:36.589: Error converting selection from UTF8_STRING

(unityhub-unity-editor-6000.6.3f1:408409): Gdk-WARNING **: 17:24:36.589: Error converting selection from UTF8_STRING

(unityhub-unity-editor-6000.6.3f1:408409): Gdk-WARNING **: 17:24:36.589: Error converting selection from UTF8_STRING

(unityhub-unity-editor-6000.6.3f1:408409): Gdk-WARNING **: 17:24:36.589: Error converting selection from UTF8_STRING

(unityhub-unity-editor-6000.6.3f1:408409): Gdk-WARNING **: 17:24:36.589: Error converting selection from UTF8_STRING

(unityhub-unity-editor-6000.6.3f1:408409): Gdk-WARNING **: 17:24:36.589: Error converting selection from UTF8_STRING

(unityhub-unity-editor-6000.6.3f1:408409): Gdk-WARNING **: 17:24:36.589: Error converting selection from UTF8_STRING

(unityhub-unity-editor-6000.6.3f1:408409): Gdk-WARNING **: 17:24:36.589: Error converting selection from UTF8_STRING

(unityhub-unity-editor-6000.6.3f1:408409): Gdk-WARNING **: 17:24:36.589: Error converting selection from UTF8_STRING

(unityhub-unity-editor-6000.6.3f1:408409): Gdk-WARNING **: 17:24:36.589: Error converting selection from UTF8_STRING

(unityhub-unity-editor-6000.6.3f1:408409): Gdk-WARNING **: 17:24:36.589: Error converting selection from UTF8_STRING

(unityhub-unity-editor-6000.6.3f1:408409): Gdk-WARNING **: 17:24:36.589: Error converting selection from UTF8_STRING

(unityhub-unity-editor-6000.6.3f1:408409): Gdk-WARNING **: 17:24:36.589: Error converting selection from UTF8_STRING

(unityhub-unity-editor-6000.6.3f1:408409): Gdk-WARNING **: 17:24:36.589: Error converting selection from UTF8_STRING

(unityhub-unity-editor-6000.6.3f1:408409): Gdk-WARNING **: 17:24:36.589: Error converting selection from UTF8_STRING

(unityhub-unity-editor-6000.6.3f1:408409): Gdk-WARNING **: 17:24:36.589: Error converting selection from UTF8_STRING

(unityhub-unity-editor-6000.6.3f1:408409): Gdk-WARNING **: 17:24:36.589: Error converting selection from UTF8_STRING

(unityhub-unity-editor-6000.6.3f1:408409): Gdk-WARNING **: 17:24:36.589: Error converting selection from UTF8_STRING

(unityhub-unity-editor-6000.6.3f1:408409): Gdk-WARNING **: 17:24:36.589: Error converting selection from UTF8_STRING

(unityhub-unity-editor-6000.6.3f1:408409): Gdk-WARNING **: 17:24:36.589: Error converting selection from UTF8_STRING

(unityhub-unity-editor-6000.6.3f1:408409): Gdk-WARNING **: 17:24:36.589: Error converting selection from UTF8_STRING

(unityhub-unity-editor-6000.6.3f1:408409): Gdk-WARNING **: 17:24:36.589: Error converting selection from UTF8_STRING

(unityhub-unity-editor-6000.6.3f1:408409): Gdk-WARNING **: 17:24:36.589: Error converting selection from UTF8_STRING

(unityhub-unity-editor-6000.6.3f1:408409): Gdk-WARNING **: 17:24:36.589: Error converting selection from UTF8_STRING

(unityhub-unity-editor-6000.6.3f1:408409): Gdk-WARNING **: 17:24:36.589: Error converting selection from UTF8_STRING

(unityhub-unity-editor-6000.6.3f1:408409): Gdk-WARNING **: 17:24:36.589: Error converting selection from UTF8_STRING

(unityhub-unity-editor-6000.6.3f1:408409): Gdk-WARNING **: 17:24:36.589: Error converting selection from UTF8_STRING

(unityhub-unity-editor-6000.6.3f1:408409): Gdk-WARNING **: 17:24:36.589: Error converting selection from UTF8_STRING

(unityhub-unity-editor-6000.6.3f1:408409): Gdk-WARNING **: 17:24:36.589: Error converting selection from UTF8_STRING

(unityhub-unity-editor-6000.6.3f1:408409): Gdk-WARNING **: 17:24:36.589: Error converting selection from UTF8_STRING

(unityhub-unity-editor-6000.6.3f1:408409): Gdk-WARNING **: 17:24:36.589: Error converting selection from UTF8_STRING

(unityhub-unity-editor-6000.6.3f1:408409): Gdk-WARNING **: 17:24:36.589: Error converting selection from UTF8_STRING

(unityhub-unity-editor-6000.6.3f1:408409): Gdk-WARNING **: 17:24:36.589: Error converting selection from UTF8_STRING

(unityhub-unity-editor-6000.6.3f1:408409): Gdk-WARNING **: 17:24:36.589: Error converting selection from UTF8_STRING

(unityhub-unity-editor-6000.6.3f1:408409): Gdk-WARNING **: 17:24:36.589: Error converting selection from UTF8_STRING

(unityhub-unity-editor-6000.6.3f1:408409): Gdk-WARNING **: 17:24:36.589: Error converting selection from UTF8_STRING

(unityhub-unity-editor-6000.6.3f1:408409): Gdk-WARNING **: 17:24:36.589: Error converting selection from UTF8_STRING

(unityhub-unity-editor-6000.6.3f1:408409): Gdk-WARNING **: 17:24:36.589: Error converting selection from UTF8_STRING

(unityhub-unity-editor-6000.6.3f1:408409): Gdk-WARNING **: 17:24:36.589: Error converting selection from UTF8_STRING

(unityhub-unity-editor-6000.6.3f1:408409): Gdk-WARNING **: 17:24:36.589: Error converting selection from UTF8_STRING

(unityhub-unity-editor-6000.6.3f1:408409): Gdk-WARNING **: 17:24:36.589: Error converting selection from UTF8_STRING

(unityhub-unity-editor-6000.6.3f1:408409): Gdk-WARNING **: 17:24:36.589: Error converting selection from UTF8_STRING

(unityhub-unity-editor-6000.6.3f1:408409): Gdk-WARNING **: 17:24:36.589: Error converting selection from UTF8_STRING

(unityhub-unity-editor-6000.6.3f1:408409): Gdk-WARNING **: 17:24:36.589: Error converting selection from UTF8_STRING

(unityhub-unity-editor-6000.6.3f1:408409): Gdk-WARNING **: 17:24:36.589: Error converting selection from UTF8_STRING

(unityhub-unity-editor-6000.6.3f1:408409): Gdk-WARNING **: 17:24:36.589: Error converting selection from UTF8_STRING

(unityhub-unity-editor-6000.6.3f1:408409): Gdk-WARNING **: 17:24:36.589: Error converting selection from UTF8_STRING

(unityhub-unity-editor-6000.6.3f1:408409): Gdk-WARNING **: 17:24:36.589: Error converting selection from UTF8_STRING

(unityhub-unity-editor-6000.6.3f1:408409): Gdk-WARNING **: 17:24:36.589: Error converting selection from UTF8_STRING

(unityhub-unity-editor-6000.6.3f1:408409): Gdk-WARNING **: 17:24:36.589: Error converting selection from UTF8_STRING

(unityhub-unity-editor-6000.6.3f1:408409): Gdk-WARNING **: 17:24:36.589: Error converting selection from UTF8_STRING

(unityhub-unity-editor-6000.6.3f1:408409): Gdk-WARNING **: 17:24:36.589: Error converting selection from UTF8_STRING

(unityhub-unity-editor-6000.6.3f1:408409): Gdk-WARNING **: 17:24:36.589: Error converting selection from UTF8_STRING

(unityhub-unity-editor-6000.6.3f1:408409): Gdk-WARNING **: 17:24:36.589: Error converting selection from UTF8_STRING

(unityhub-unity-editor-6000.6.3f1:408409): Gdk-WARNING **: 17:24:36.589: Error converting selection from UTF8_STRING

(unityhub-unity-editor-6000.6.3f1:408409): Gdk-WARNING **: 17:24:36.589: Error converting selection from UTF8_STRING

(unityhub-unity-editor-6000.6.3f1:408409): Gdk-WARNING **: 17:24:36.589: Error converting selection from UTF8_STRING

(unityhub-unity-editor-6000.6.3f1:408409): Gdk-WARNING **: 17:24:36.589: Error converting selection from UTF8_STRING

(unityhub-unity-editor-6000.6.3f1:408409): Gdk-WARNING **: 17:24:36.589: Error converting selection from UTF8_STRING

(unityhub-unity-editor-6000.6.3f1:408409): Gdk-WARNING **: 17:24:36.589: Error converting selection from UTF8_STRING

(unityhub-unity-editor-6000.6.3f1:408409): Gdk-WARNING **: 17:24:36.589: Error converting selection from UTF8_STRING

(unityhub-unity-editor-6000.6.3f1:408409): Gdk-WARNING **: 17:24:36.589: Error converting selection from UTF8_STRING

(unityhub-unity-editor-6000.6.3f1:408409): Gdk-WARNING **: 17:24:36.589: Error converting selection from UTF8_STRING

(unityhub-unity-editor-6000.6.3f1:408409): Gdk-WARNING **: 17:24:36.589: Error converting selection from UTF8_STRING

(unityhub-unity-editor-6000.6.3f1:408409): Gdk-WARNING **: 17:24:36.589: Error converting selection from UTF8_STRING

(unityhub-unity-editor-6000.6.3f1:408409): Gdk-WARNING **: 17:24:36.589: Error converting selection from UTF8_STRING

(unityhub-unity-editor-6000.6.3f1:408409): Gdk-WARNING **: 17:24:36.589: Error converting selection from UTF8_STRING

(unityhub-unity-editor-6000.6.3f1:408409): Gdk-WARNING **: 17:24:36.589: Error converting selection from UTF8_STRING

(unityhub-unity-editor-6000.6.3f1:408409): Gdk-WARNING **: 17:24:36.589: Error converting selection from UTF8_STRING

(unityhub-unity-editor-6000.6.3f1:408409): Gdk-WARNING **: 17:24:36.589: Error converting selection from UTF8_STRING

(unityhub-unity-editor-6000.6.3f1:408409): Gdk-WARNING **: 17:24:36.589: Error converting selection from UTF8_STRING

(unityhub-unity-editor-6000.6.3f1:408409): Gdk-WARNING **: 17:24:36.589: Error converting selection from UTF8_STRING

(unityhub-unity-editor-6000.6.3f1:408409): Gdk-WARNING **: 17:24:36.589: Error converting selection from UTF8_STRING

(unityhub-unity-editor-6000.6.3f1:408409): Gdk-WARNING **: 17:24:36.589: Error converting selection from UTF8_STRING

(unityhub-unity-editor-6000.6.3f1:408409): Gdk-WARNING **: 17:24:36.589: Error converting selection from UTF8_STRING

(unityhub-unity-editor-6000.6.3f1:408409): Gdk-WARNING **: 17:24:36.589: Error converting selection from UTF8_STRING

(unityhub-unity-editor-6000.6.3f1:408409): Gdk-WARNING **: 17:24:36.589: Error converting selection from UTF8_STRING

(unityhub-unity-editor-6000.6.3f1:408409): Gdk-WARNING **: 17:24:36.589: Error converting selection from UTF8_STRING

(unityhub-unity-editor-6000.6.3f1:408409): Gdk-WARNING **: 17:24:36.589: Error converting selection from UTF8_STRING

(unityhub-unity-editor-6000.6.3f1:408409): Gdk-WARNING **: 17:24:36.589: Error converting selection from UTF8_STRING

(unityhub-unity-editor-6000.6.3f1:408409): Gdk-WARNING **: 17:24:36.589: Error converting selection from UTF8_STRING

(unityhub-unity-editor-6000.6.3f1:408409): Gdk-WARNING **: 17:24:36.589: Error converting selection from UTF8_STRING

(unityhub-unity-editor-6000.6.3f1:408409): Gdk-WARNING **: 17:24:36.589: Error converting selection from UTF8_STRING

(unityhub-unity-editor-6000.6.3f1:408409): Gdk-WARNING **: 17:24:36.589: Error converting selection from UTF8_STRING

(unityhub-unity-editor-6000.6.3f1:408409): Gdk-WARNING **: 17:24:36.589: Error converting selection from UTF8_STRING

(unityhub-unity-editor-6000.6.3f1:408409): Gdk-WARNING **: 17:24:36.589: Error converting selection from UTF8_STRING

(unityhub-unity-editor-6000.6.3f1:408409): Gdk-WARNING **: 17:24:36.589: Error converting selection from UTF8_STRING

(unityhub-unity-editor-6000.6.3f1:408409): Gdk-WARNING **: 17:24:36.589: Error converting selection from UTF8_STRING

(unityhub-unity-editor-6000.6.3f1:408409): Gdk-WARNING **: 17:24:36.589: Error converting selection from UTF8_STRING

(unityhub-unity-editor-6000.6.3f1:408409): Gdk-WARNING **: 17:24:36.589: Error converting selection from UTF8_STRING

(unityhub-unity-editor-6000.6.3f1:408409): Gdk-WARNING **: 17:24:36.589: Error converting selection from UTF8_STRING

(unityhub-unity-editor-6000.6.3f1:408409): Gdk-WARNING **: 17:24:36.589: Error converting selection from UTF8_STRING

(unityhub-unity-editor-6000.6.3f1:408409): Gdk-WARNING **: 17:24:36.589: Error converting selection from UTF8_STRING

(unityhub-unity-editor-6000.6.3f1:408409): Gdk-WARNING **: 17:24:36.589: Error converting selection from UTF8_STRING

(unityhub-unity-editor-6000.6.3f1:408409): Gdk-WARNING **: 17:24:36.589: Error converting selection from UTF8_STRING

(unityhub-unity-editor-6000.6.3f1:408409): Gdk-WARNING **: 17:24:36.589: Error converting selection from UTF8_STRING

(unityhub-unity-editor-6000.6.3f1:408409): Gdk-WARNING **: 17:24:36.589: Error converting selection from UTF8_STRING

(unityhub-unity-editor-6000.6.3f1:408409): Gdk-WARNING **: 17:24:36.589: Error converting selection from UTF8_STRING

(unityhub-unity-editor-6000.6.3f1:408409): Gdk-WARNING **: 17:24:36.589: Error converting selection from UTF8_STRING

(unityhub-unity-editor-6000.6.3f1:408409): Gdk-WARNING **: 17:24:36.589: Error converting selection from UTF8_STRING

(unityhub-unity-editor-6000.6.3f1:408409): Gdk-WARNING **: 17:24:36.589: Error converting selection from UTF8_STRING

(unityhub-unity-editor-6000.6.3f1:408409): Gdk-WARNING **: 17:24:36.589: Error converting selection from UTF8_STRING

(unityhub-unity-editor-6000.6.3f1:408409): Gdk-WARNING **: 17:24:36.589: Error converting selection from UTF8_STRING

(unityhub-unity-editor-6000.6.3f1:408409): Gdk-WARNING **: 17:24:36.589: Error converting selection from UTF8_STRING

(unityhub-unity-editor-6000.6.3f1:408409): Gdk-WARNING **: 17:24:36.589: Error converting selection from UTF8_STRING

(unityhub-unity-editor-6000.6.3f1:408409): Gdk-WARNING **: 17:24:36.589: Error converting selection from UTF8_STRING

(unityhub-unity-editor-6000.6.3f1:408409): Gdk-WARNING **: 17:24:36.589: Error converting selection from UTF8_STRING

(unityhub-unity-editor-6000.6.3f1:408409): Gdk-WARNING **: 17:24:36.589: Error converting selection from UTF8_STRING

(unityhub-unity-editor-6000.6.3f1:408409): Gdk-WARNING **: 17:24:36.589: Error converting selection from UTF8_STRING

(unityhub-unity-editor-6000.6.3f1:408409): Gdk-WARNING **: 17:24:36.589: Error converting selection from UTF8_STRING

(unityhub-unity-editor-6000.6.3f1:408409): Gdk-WARNING **: 17:24:36.589: Error converting selection from UTF8_STRING

(unityhub-unity-editor-6000.6.3f1:408409): Gdk-WARNING **: 17:24:36.589: Error converting selection from UTF8_STRING

(unityhub-unity-editor-6000.6.3f1:408409): Gdk-WARNING **: 17:24:36.589: Error converting selection from UTF8_STRING

(unityhub-unity-editor-6000.6.3f1:408409): Gdk-WARNING **: 17:24:36.589: Error converting selection from UTF8_STRING

(unityhub-unity-editor-6000.6.3f1:408409): Gdk-WARNING **: 17:24:36.589: Error converting selection from UTF8_STRING

(unityhub-unity-editor-6000.6.3f1:408409): Gdk-WARNING **: 17:24:36.589: Error converting selection from UTF8_STRING

(unityhub-unity-editor-6000.6.3f1:408409): Gdk-WARNING **: 17:24:36.589: Error converting selection from UTF8_STRING

(unityhub-unity-editor-6000.6.3f1:408409): Gdk-WARNING **: 17:24:36.589: Error converting selection from UTF8_STRING

(unityhub-unity-editor-6000.6.3f1:408409): Gdk-WARNING **: 17:24:36.589: Error converting selection from UTF8_STRING

(unityhub-unity-editor-6000.6.3f1:408409): Gdk-WARNING **: 17:24:36.589: Error converting selection from UTF8_STRING

(unityhub-unity-editor-6000.6.3f1:408409): Gdk-WARNING **: 17:24:36.589: Error converting selection from UTF8_STRING

(unityhub-unity-editor-6000.6.3f1:408409): Gdk-WARNING **: 17:24:36.589: Error converting selection from UTF8_STRING

(unityhub-unity-editor-6000.6.3f1:408409): Gdk-WARNING **: 17:24:36.589: Error converting selection from UTF8_STRING

(unityhub-unity-editor-6000.6.3f1:408409): Gdk-WARNING **: 17:24:36.589: Error converting selection from UTF8_STRING

(unityhub-unity-editor-6000.6.3f1:408409): Gdk-WARNING **: 17:24:36.589: Error converting selection from UTF8_STRING

(unityhub-unity-editor-6000.6.3f1:408409): Gdk-WARNING **: 17:24:36.589: Error converting selection from UTF8_STRING

(unityhub-unity-editor-6000.6.3f1:408409): Gdk-WARNING **: 17:24:36.589: Error converting selection from UTF8_STRING

(unityhub-unity-editor-6000.6.3f1:408409): Gdk-WARNING **: 17:24:36.589: Error converting selection from UTF8_STRING

(unityhub-unity-editor-6000.6.3f1:408409): Gdk-WARNING **: 17:24:36.589: Error converting selection from UTF8_STRING

(unityhub-unity-editor-6000.6.3f1:408409): Gdk-WARNING **: 17:24:36.589: Error converting selection from UTF8_STRING

(unityhub-unity-editor-6000.6.3f1:408409): Gdk-WARNING **: 17:24:36.589: Error converting selection from UTF8_STRING

(unityhub-unity-editor-6000.6.3f1:408409): Gdk-WARNING **: 17:24:36.589: Error converting selection from UTF8_STRING

(unityhub-unity-editor-6000.6.3f1:408409): Gdk-WARNING **: 17:24:36.589: Error converting selection from UTF8_STRING

(unityhub-unity-editor-6000.6.3f1:408409): Gdk-WARNING **: 17:24:36.589: Error converting selection from UTF8_STRING

(unityhub-unity-editor-6000.6.3f1:408409): Gdk-WARNING **: 17:24:36.589: Error converting selection from UTF8_STRING

(unityhub-unity-editor-6000.6.3f1:408409): Gdk-WARNING **: 17:24:36.589: Error converting selection from UTF8_STRING

(unityhub-unity-editor-6000.6.3f1:408409): Gdk-WARNING **: 17:24:36.589: Error converting selection from UTF8_STRING

(unityhub-unity-editor-6000.6.3f1:408409): Gdk-WARNING **: 17:24:36.589: Error converting selection from UTF8_STRING

(unityhub-unity-editor-6000.6.3f1:408409): Gdk-WARNING **: 17:24:36.589: Error converting selection from UTF8_STRING

(unityhub-unity-editor-6000.6.3f1:408409): Gdk-WARNING **: 17:24:36.589: Error converting selection from UTF8_STRING

(unityhub-unity-editor-6000.6.3f1:408409): Gdk-WARNING **: 17:24:36.589: Error converting selection from UTF8_STRING

(unityhub-unity-editor-6000.6.3f1:408409): Gdk-WARNING **: 17:24:36.589: Error converting selection from UTF8_STRING

(unityhub-unity-editor-6000.6.3f1:408409): Gdk-WARNING **: 17:24:36.589: Error converting selection from UTF8_STRING

(unityhub-unity-editor-6000.6.3f1:408409): Gdk-WARNING **: 17:24:36.589: Error converting selection from UTF8_STRING

(unityhub-unity-editor-6000.6.3f1:408409): Gdk-WARNING **: 17:24:36.589: Error converting selection from UTF8_STRING

(unityhub-unity-editor-6000.6.3f1:408409): Gdk-WARNING **: 17:24:36.589: Error converting selection from UTF8_STRING

(unityhub-unity-editor-6000.6.3f1:408409): Gdk-WARNING **: 17:24:36.589: Error converting selection from UTF8_STRING

(unityhub-unity-editor-6000.6.3f1:408409): Gdk-WARNING **: 17:24:36.589: Error converting selection from UTF8_STRING

(unityhub-unity-editor-6000.6.3f1:408409): Gdk-WARNING **: 17:24:36.589: Error converting selection from UTF8_STRING

(unityhub-unity-editor-6000.6.3f1:408409): Gdk-WARNING **: 17:24:36.589: Error converting selection from UTF8_STRING

(unityhub-unity-editor-6000.6.3f1:408409): Gdk-WARNING **: 17:24:36.589: Error converting selection from UTF8_STRING

(unityhub-unity-editor-6000.6.3f1:408409): Gdk-WARNING **: 17:24:36.589: Error converting selection from UTF8_STRING

(unityhub-unity-editor-6000.6.3f1:408409): Gdk-WARNING **: 17:24:36.589: Error converting selection from UTF8_STRING

(unityhub-unity-editor-6000.6.3f1:408409): Gdk-WARNING **: 17:24:36.589: Error converting selection from UTF8_STRING

(unityhub-unity-editor-6000.6.3f1:408409): Gdk-WARNING **: 17:24:36.589: Error converting selection from UTF8_STRING

(unityhub-unity-editor-6000.6.3f1:408409): Gdk-WARNING **: 17:24:36.589: Error converting selection from UTF8_STRING

(unityhub-unity-editor-6000.6.3f1:408409): Gdk-WARNING **: 17:24:36.589: Error converting selection from UTF8_STRING

(unityhub-unity-editor-6000.6.3f1:408409): Gdk-WARNING **: 17:24:36.589: Error converting selection from UTF8_STRING

(unityhub-unity-editor-6000.6.3f1:408409): Gdk-WARNING **: 17:24:36.589: Error converting selection from UTF8_STRING

(unityhub-unity-editor-6000.6.3f1:408409): Gdk-WARNING **: 17:24:36.589: Error converting selection from UTF8_STRING

(unityhub-unity-editor-6000.6.3f1:408409): Gdk-WARNING **: 17:24:36.589: Error converting selection from UTF8_STRING

(unityhub-unity-editor-6000.6.3f1:408409): Gdk-WARNING **: 17:24:36.589: Error converting selection from UTF8_STRING

(unityhub-unity-editor-6000.6.3f1:408409): Gdk-WARNING **: 17:24:36.589: Error converting selection from UTF8_STRING

(unityhub-unity-editor-6000.6.3f1:408409): Gdk-WARNING **: 17:24:36.589: Error converting selection from UTF8_STRING

(unityhub-unity-editor-6000.6.3f1:408409): Gdk-WARNING **: 17:24:36.589: Error converting selection from UTF8_STRING

(unityhub-unity-editor-6000.6.3f1:408409): Gdk-WARNING **: 17:24:36.589: Error converting selection from UTF8_STRING

(unityhub-unity-editor-6000.6.3f1:408409): Gdk-WARNING **: 17:24:36.589: Error converting selection from UTF8_STRING

(unityhub-unity-editor-6000.6.3f1:408409): Gdk-WARNING **: 17:24:36.589: Error converting selection from UTF8_STRING

(unityhub-unity-editor-6000.6.3f1:408409): Gdk-WARNING **: 17:24:36.589: Error converting selection from UTF8_STRING

(unityhub-unity-editor-6000.6.3f1:408409): Gdk-WARNING **: 17:24:36.589: Error converting selection from UTF8_STRING

(unityhub-unity-editor-6000.6.3f1:408409): Gdk-WARNING **: 17:24:36.589: Error converting selection from UTF8_STRING

(unityhub-unity-editor-6000.6.3f1:408409): Gdk-WARNING **: 17:24:36.589: Error converting selection from UTF8_STRING

(unityhub-unity-editor-6000.6.3f1:408409): Gdk-WARNING **: 17:24:36.589: Error converting selection from UTF8_STRING

(unityhub-unity-editor-6000.6.3f1:408409): Gdk-WARNING **: 17:24:36.589: Error converting selection from UTF8_STRING

(unityhub-unity-editor-6000.6.3f1:408409): Gdk-WARNING **: 17:24:36.589: Error converting selection from UTF8_STRING

(unityhub-unity-editor-6000.6.3f1:408409): Gdk-WARNING **: 17:24:36.589: Error converting selection from UTF8_STRING

(unityhub-unity-editor-6000.6.3f1:408409): Gdk-WARNING **: 17:24:36.589: Error converting selection from UTF8_STRING

(unityhub-unity-editor-6000.6.3f1:408409): Gdk-WARNING **: 17:24:36.589: Error converting selection from UTF8_STRING

(unityhub-unity-editor-6000.6.3f1:408409): Gdk-WARNING **: 17:24:36.589: Error converting selection from UTF8_STRING

(unityhub-unity-editor-6000.6.3f1:408409): Gdk-WARNING **: 17:24:36.589: Error converting selection from UTF8_STRING

(unityhub-unity-editor-6000.6.3f1:408409): Gdk-WARNING **: 17:24:36.589: Error converting selection from UTF8_STRING

(unityhub-unity-editor-6000.6.3f1:408409): Gdk-WARNING **: 17:24:36.589: Error converting selection from UTF8_STRING

(unityhub-unity-editor-6000.6.3f1:408409): Gdk-WARNING **: 17:24:36.589: Error converting selection from UTF8_STRING

(unityhub-unity-editor-6000.6.3f1:408409): Gdk-WARNING **: 17:24:36.589: Error converting selection from UTF8_STRING

(unityhub-unity-editor-6000.6.3f1:408409): Gdk-WARNING **: 17:24:36.589: Error converting selection from UTF8_STRING

(unityhub-unity-editor-6000.6.3f1:408409): Gdk-WARNING **: 17:24:36.589: Error converting selection from UTF8_STRING

(unityhub-unity-editor-6000.6.3f1:408409): Gdk-WARNING **: 17:24:36.589: Error converting selection from UTF8_STRING

(unityhub-unity-editor-6000.6.3f1:408409): Gdk-WARNING **: 17:24:36.589: Error converting selection from UTF8_STRING

(unityhub-unity-editor-6000.6.3f1:408409): Gdk-WARNING **: 17:24:36.589: Error converting selection from UTF8_STRING

(unityhub-unity-editor-6000.6.3f1:408409): Gdk-WARNING **: 17:24:36.590: Error converting selection from UTF8_STRING

(unityhub-unity-editor-6000.6.3f1:408409): Gdk-WARNING **: 17:24:36.590: Error converting selection from UTF8_STRING

(unityhub-unity-editor-6000.6.3f1:408409): Gdk-WARNING **: 17:24:36.590: Error converting selection from UTF8_STRING

(unityhub-unity-editor-6000.6.3f1:408409): Gdk-WARNING **: 17:24:36.590: Error converting selection from UTF8_STRING

(unityhub-unity-editor-6000.6.3f1:408409): Gdk-WARNING **: 17:24:36.590: Error converting selection from UTF8_STRING

(unityhub-unity-editor-6000.6.3f1:408409): Gdk-WARNING **: 17:24:36.590: Error converting selection from UTF8_STRING

(unityhub-unity-editor-6000.6.3f1:408409): Gdk-WARNING **: 17:24:36.590: Error converting selection from UTF8_STRING

(unityhub-unity-editor-6000.6.3f1:408409): Gdk-WARNING **: 17:24:36.590: Error converting selection from UTF8_STRING

(unityhub-unity-editor-6000.6.3f1:408409): Gdk-WARNING **: 17:24:36.590: Error converting selection from UTF8_STRING

(unityhub-unity-editor-6000.6.3f1:408409): Gdk-WARNING **: 17:24:36.590: Error converting selection from UTF8_STRING

(unityhub-unity-editor-6000.6.3f1:408409): Gdk-WARNING **: 17:24:36.590: Error converting selection from UTF8_STRING

(unityhub-unity-editor-6000.6.3f1:408409): Gdk-WARNING **: 17:24:36.590: Error converting selection from UTF8_STRING

(unityhub-unity-editor-6000.6.3f1:408409): Gdk-WARNING **: 17:24:36.590: Error converting selection from UTF8_STRING

(unityhub-unity-editor-6000.6.3f1:408409): Gdk-WARNING **: 17:24:36.590: Error converting selection from UTF8_STRING

(unityhub-unity-editor-6000.6.3f1:408409): Gdk-WARNING **: 17:24:36.590: Error converting selection from UTF8_STRING

(unityhub-unity-editor-6000.6.3f1:408409): Gdk-WARNING **: 17:24:36.590: Error converting selection from UTF8_STRING

(unityhub-unity-editor-6000.6.3f1:408409): Gdk-WARNING **: 17:24:36.590: Error converting selection from UTF8_STRING

(unityhub-unity-editor-6000.6.3f1:408409): Gdk-WARNING **: 17:24:36.590: Error converting selection from UTF8_STRING

(unityhub-unity-editor-6000.6.3f1:408409): Gdk-WARNING **: 17:24:36.590: Error converting selection from UTF8_STRING

(unityhub-unity-editor-6000.6.3f1:408409): Gdk-WARNING **: 17:24:36.590: Error converting selection from UTF8_STRING

(unityhub-unity-editor-6000.6.3f1:408409): Gdk-WARNING **: 17:24:36.590: Error converting selection from UTF8_STRING

(unityhub-unity-editor-6000.6.3f1:408409): Gdk-WARNING **: 17:24:36.590: Error converting selection from UTF8_STRING

(unityhub-unity-editor-6000.6.3f1:408409): Gdk-WARNING **: 17:24:36.590: Error converting selection from UTF8_STRING

(unityhub-unity-editor-6000.6.3f1:408409): Gdk-WARNING **: 17:24:36.590: Error converting selection from UTF8_STRING

(unityhub-unity-editor-6000.6.3f1:408409): Gdk-WARNING **: 17:24:36.590: Error converting selection from UTF8_STRING

(unityhub-unity-editor-6000.6.3f1:408409): Gdk-WARNING **: 17:24:36.590: Error converting selection from UTF8_STRING

(unityhub-unity-editor-6000.6.3f1:408409): Gdk-WARNING **: 17:24:36.590: Error converting selection from UTF8_STRING

(unityhub-unity-editor-6000.6.3f1:408409): Gdk-WARNING **: 17:24:36.590: Error converting selection from UTF8_STRING

(unityhub-unity-editor-6000.6.3f1:408409): Gdk-WARNING **: 17:24:36.590: Error converting selection from UTF8_STRING

(unityhub-unity-editor-6000.6.3f1:408409): Gdk-WARNING **: 17:24:36.590: Error converting selection from UTF8_STRING

(unityhub-unity-editor-6000.6.3f1:408409): Gdk-WARNING **: 17:24:36.590: Error converting selection from UTF8_STRING

(unityhub-unity-editor-6000.6.3f1:408409): Gdk-WARNING **: 17:24:36.590: Error converting selection from UTF8_STRING

(unityhub-unity-editor-6000.6.3f1:408409): Gdk-WARNING **: 17:24:36.590: Error converting selection from UTF8_STRING

(unityhub-unity-editor-6000.6.3f1:408409): Gdk-WARNING **: 17:24:36.590: Error converting selection from UTF8_STRING

(unityhub-unity-editor-6000.6.3f1:408409): Gdk-WARNING **: 17:24:36.590: Error converting selection from UTF8_STRING

(unityhub-unity-editor-6000.6.3f1:408409): Gdk-WARNING **: 17:24:36.590: Error converting selection from UTF8_STRING

(unityhub-unity-editor-6000.6.3f1:408409): Gdk-WARNING **: 17:24:36.590: Error converting selection from UTF8_STRING

(unityhub-unity-editor-6000.6.3f1:408409): Gdk-WARNING **: 17:24:36.590: Error converting selection from UTF8_STRING

(unityhub-unity-editor-6000.6.3f1:408409): Gdk-WARNING **: 17:24:36.590: Error converting selection from UTF8_STRING

(unityhub-unity-editor-6000.6.3f1:408409): Gdk-WARNING **: 17:24:36.590: Error converting selection from UTF8_STRING

(unityhub-unity-editor-6000.6.3f1:408409): Gdk-WARNING **: 17:24:36.590: Error converting selection from UTF8_STRING

(unityhub-unity-editor-6000.6.3f1:408409): Gdk-WARNING **: 17:24:36.590: Error converting selection from UTF8_STRING

(unityhub-unity-editor-6000.6.3f1:408409): Gdk-WARNING **: 17:24:36.590: Error converting selection from UTF8_STRING

(unityhub-unity-editor-6000.6.3f1:408409): Gdk-WARNING **: 17:24:36.590: Error converting selection from UTF8_STRING

(unityhub-unity-editor-6000.6.3f1:408409): Gdk-WARNING **: 17:24:36.590: Error converting selection from UTF8_STRING

(unityhub-unity-editor-6000.6.3f1:408409): Gdk-WARNING **: 17:24:36.590: Error converting selection from UTF8_STRING

(unityhub-unity-editor-6000.6.3f1:408409): Gdk-WARNING **: 17:24:36.590: Error converting selection from UTF8_STRING

(unityhub-unity-editor-6000.6.3f1:408409): Gdk-WARNING **: 17:24:36.590: Error converting selection from UTF8_STRING

(unityhub-unity-editor-6000.6.3f1:408409): Gdk-WARNING **: 17:24:36.590: Error converting selection from UTF8_STRING

(unityhub-unity-editor-6000.6.3f1:408409): Gdk-WARNING **: 17:24:36.590: Error converting selection from UTF8_STRING

(unityhub-unity-editor-6000.6.3f1:408409): Gdk-WARNING **: 17:24:36.590: Error converting selection from UTF8_STRING

(unityhub-unity-editor-6000.6.3f1:408409): Gdk-WARNING **: 17:24:36.590: Error converting selection from UTF8_STRING

(unityhub-unity-editor-6000.6.3f1:408409): Gdk-WARNING **: 17:24:36.590: Error converting selection from UTF8_STRING

(unityhub-unity-editor-6000.6.3f1:408409): Gdk-WARNING **: 17:24:36.590: Error converting selection from UTF8_STRING

(unityhub-unity-editor-6000.6.3f1:408409): Gdk-WARNING **: 17:24:36.590: Error converting selection from UTF8_STRING

(unityhub-unity-editor-6000.6.3f1:408409): Gdk-WARNING **: 17:24:36.590: Error converting selection from UTF8_STRING

(unityhub-unity-editor-6000.6.3f1:408409): Gdk-WARNING **: 17:24:36.590: Error converting selection from UTF8_STRING

(unityhub-unity-editor-6000.6.3f1:408409): Gdk-WARNING **: 17:24:36.590: Error converting selection from UTF8_STRING

(unityhub-unity-editor-6000.6.3f1:408409): Gdk-WARNING **: 17:24:36.590: Error converting selection from UTF8_STRING

(unityhub-unity-editor-6000.6.3f1:408409): Gdk-WARNING **: 17:24:36.590: Error converting selection from UTF8_STRING

(unityhub-unity-editor-6000.6.3f1:408409): Gdk-WARNING **: 17:24:36.590: Error converting selection from UTF8_STRING

(unityhub-unity-editor-6000.6.3f1:408409): Gdk-WARNING **: 17:24:36.590: Error converting selection from UTF8_STRING

(unityhub-unity-editor-6000.6.3f1:408409): Gdk-WARNING **: 17:24:36.590: Error converting selection from UTF8_STRING

(unityhub-unity-editor-6000.6.3f1:408409): Gdk-WARNING **: 17:24:36.590: Error converting selection from UTF8_STRING

(unityhub-unity-editor-6000.6.3f1:408409): Gdk-WARNING **: 17:24:36.590: Error converting selection from UTF8_STRING

(unityhub-unity-editor-6000.6.3f1:408409): Gdk-WARNING **: 17:24:36.590: Error converting selection from UTF8_STRING

(unityhub-unity-editor-6000.6.3f1:408409): Gdk-WARNING **: 17:24:36.590: Error converting selection from UTF8_STRING

(unityhub-unity-editor-6000.6.3f1:408409): Gdk-WARNING **: 17:24:36.590: Error converting selection from UTF8_STRING

(unityhub-unity-editor-6000.6.3f1:408409): Gdk-WARNING **: 17:24:36.590: Error converting selection from UTF8_STRING

(unityhub-unity-editor-6000.6.3f1:408409): Gdk-WARNING **: 17:24:36.590: Error converting selection from UTF8_STRING

(unityhub-unity-editor-6000.6.3f1:408409): Gdk-WARNING **: 17:24:36.590: Error converting selection from UTF8_STRING

(unityhub-unity-editor-6000.6.3f1:408409): Gdk-WARNING **: 17:24:36.590: Error converting selection from UTF8_STRING

(unityhub-unity-editor-6000.6.3f1:408409): Gdk-WARNING **: 17:24:36.590: Error converting selection from UTF8_STRING

(unityhub-unity-editor-6000.6.3f1:408409): Gdk-WARNING **: 17:24:36.590: Error converting selection from UTF8_STRING

(unityhub-unity-editor-6000.6.3f1:408409): Gdk-WARNING **: 17:24:36.590: Error converting selection from UTF8_STRING

(unityhub-unity-editor-6000.6.3f1:408409): Gdk-WARNING **: 17:24:36.590: Error converting selection from UTF8_STRING

(unityhub-unity-editor-6000.6.3f1:408409): Gdk-WARNING **: 17:24:36.590: Error converting selection from UTF8_STRING

(unityhub-unity-editor-6000.6.3f1:408409): Gdk-WARNING **: 17:24:36.590: Error converting selection from UTF8_STRING

(unityhub-unity-editor-6000.6.3f1:408409): Gdk-WARNING **: 17:24:36.590: Error converting selection from UTF8_STRING

(unityhub-unity-editor-6000.6.3f1:408409): Gdk-WARNING **: 17:24:36.590: Error converting selection from UTF8_STRING

(unityhub-unity-editor-6000.6.3f1:408409): Gdk-WARNING **: 17:24:36.590: Error converting selection from UTF8_STRING

(unityhub-unity-editor-6000.6.3f1:408409): Gdk-WARNING **: 17:24:36.590: Error converting selection from UTF8_STRING

(unityhub-unity-editor-6000.6.3f1:408409): Gdk-WARNING **: 17:24:36.590: Error converting selection from UTF8_STRING

(unityhub-unity-editor-6000.6.3f1:408409): Gdk-WARNING **: 17:24:36.590: Error converting selection from UTF8_STRING

(unityhub-unity-editor-6000.6.3f1:408409): Gdk-WARNING **: 17:24:36.590: Error converting selection from UTF8_STRING

(unityhub-unity-editor-6000.6.3f1:408409): Gdk-WARNING **: 17:24:36.590: Error converting selection from UTF8_STRING

(unityhub-unity-editor-6000.6.3f1:408409): Gdk-WARNING **: 17:24:36.590: Error converting selection from UTF8_STRING

(unityhub-unity-editor-6000.6.3f1:408409): Gdk-WARNING **: 17:24:36.590: Error converting selection from UTF8_STRING

(unityhub-unity-editor-6000.6.3f1:408409): Gdk-WARNING **: 17:24:36.590: Error converting selection from UTF8_STRING

(unityhub-unity-editor-6000.6.3f1:408409): Gdk-WARNING **: 17:24:36.590: Error converting selection from UTF8_STRING

(unityhub-unity-editor-6000.6.3f1:408409): Gdk-WARNING **: 17:24:36.590: Error converting selection from UTF8_STRING

(unityhub-unity-editor-6000.6.3f1:408409): Gdk-WARNING **: 17:24:36.590: Error converting selection from UTF8_STRING
TrimDiskCacheJob: Current cache size 0mb
Asset Pipeline Refresh (id=4843653f889a5da12936ad6f0ea79f6d): Total: 0.083 seconds - Initiated by RefreshV2(NoUpdateAssetOptions)
SpriteAtlasPacking completed in 0.093205 sec
Reloading assemblies for play mode.
Reloading assemblies after forced synchronous recompile.
[Licensing::Client] Successfully resolved entitlement details
Begin MonoManager ReloadAssembly
'Packages/com.unity.render-pipelines.core/Editor/Deprecated.cs' contains partial class of Unity.Object, exactly 1 of the partial classes needs to be in a file with the same filename. This is to know the one that can be referenced from ie. GameObjects
'Packages/com.unity.render-pipelines.core/Editor/Deprecated.cs' contains partial class of Unity.Object, exactly 1 of the partial classes needs to be in a file with the same filename. This is to know the one that can be referenced from ie. GameObjects
Native extension for LinuxStandalone target not found
Native extension for WebGL target not found
ScheduleIndexationOnStartup MainProcess:True IndexOnStartup:True
[MODES] ModeService[none].Initialize
[MODES] ModeService[none].LoadModes
Scripting: successfully reloaded assembly
Unhandled description string [
Unhandled description string ]
Unhandled description string [
Unhandled description string ]
- Finished resetting the current domain, in  1.205 seconds
Domain Reload Profiling: 1634ms
	BeginReloadAssembly (241ms)
		DisableScriptedObjects (55ms)
		CreateAndSetChildDomain (97ms)
	RebuildCommonClasses (6ms)
	RebuildNativeTypeToScriptingClass (7ms)
	initialDomainReloadingComplete (28ms)
	LoadAllAssembliesAndSetupDomain (146ms)
		LoadAssemblies (61ms)
		TypeCache.Refresh (6ms)
		AnalyzeDomain (18ms)
			ResolveRequiredComponents (16ms)
	FinalizeReload (1206ms)
		SetupLoadedEditorAssemblies (0ms)
			BeforeProcessingInitializeOnLoad (76ms)
			ProcessInitializeOnLoadAttributes (205ms)
			ProcessInitializeOnLoadMethodAttributes (43ms)
		AwakeInstancesAfterBackupRestoration (509ms)
No restricted APIs configured; Validation skipped.
Checking 18 assemblies for restricted APIs found 0 usage(s) in 2 ms

Asset Pipeline Refresh (id=3c8fc944c5c4c3c1eb506a335b5b0b6a): Total: 2.285 seconds - Initiated by StopAssetImportingV2(ForceSynchronousImport | ForceDomainReload)
	(Values over 0.05ms)
	Summary:
		Imports: total=0 (actual=0, local cache=0, cache server=0)
		Asset DB Process Time: managed=0 ms, native=1382 ms
		Asset DB Callback time: managed=345 ms, native=111 ms
		Scripting: domain reloads=1, domain reload time=444 ms, compile time=2 ms, other=0 ms
		Project Asset Count: scripts=1401, non-scripts=2575
		Asset File Changes: new=0, changed=0, moved=0, deleted=0
		Scan Filter Count: 0
	InvokePackagesCallback: 0.255ms
	ApplyChangesToAssetFolders: 0.178ms
	Collect global state as custom dependencies: 0.169ms
	ProcessAssetsWithTransientArtifactChanges: 103.076ms
	CategorizeAssets: 34.958ms
	CompileScripts: 1.588ms
	ImportOutOfDateAssets: 1212.139ms (1209.515ms without children)
		CollectScriptTypesHashes: 1.571ms
		ReloadNativeAssets: 0.517ms
		UnloadImportedAssets: 1.342ms
		EnsureUptoDateAssetsAreRegisteredWithGuidPM: 0.436ms
		ImportSchedulerStart: 0.304ms
	PostProcessAllAssets: 446.611ms
		AssemblyValidation.PostprocessAllAssets 14.093ms
		PostprocessAssetsUpdateCachedIcon 13.203ms
		PostProcessCallbackCreateDeferredMaterials 11.539ms
		ShaderAssetModifiedCallback 6.881ms
		RaytracingShaderImportPostprocess 6.656ms
		ComputeShaderImportPostprocess 6.147ms
		SpeedTreeImporter.PostprocessAllAssets 4.622ms
		LocalizationDatabase.AssetDatabasePostprocessCallback 2.410ms
		BlockShaderImporter.PostprocessAllAssets 2.402ms
		XRBuildSystem.XRAssetImported 0.268ms
		MonoPostProcessAllAssets: 343.326ms
			ShaderGraphAssetPostProcessor.OnPostprocessAllAssets 124.749ms
			AssetPostprocessor.OnPostprocessAllAssets 42.513ms
			PostProcessor.OnPostprocessAllAssets 29.680ms
			InputActionAssetPostprocessor.OnPostprocessAllAssets 21.714ms
			MaterialPostprocessor.OnPostprocessAllAssets 21.617ms
			InputActionJsonNameModifierAssetProcessor.OnPostprocessAllAssets 21.249ms
			TextAssetPostProcessor.OnPostprocessAllAssets 16.733ms
			UniversalRenderPipelineGlobalSettingsPostprocessor.OnPostprocessAllAssets 10.839ms
			AssetChangedListener.OnPostprocessAllAssets 8.731ms
			BuilderAssetPostprocessor.OnPostprocessAllAssets 4.082ms
			SpeedTree9Postprocessor.OnPostprocessAllAssets 2.759ms
			RetainedModeAssetPostprocessor.OnPostprocessAllAssets 1.179ms
			WindowAssetPostprocessingWatcher.OnPostprocessAllAssets 1.057ms
			ProjectSettingsPostprocessor.OnPostprocessAllAssets 0.779ms
			UVCSAssetPostprocessor.OnPostprocessAllAssets 0.559ms
			ShaderReflectionAssetPostProcessor.OnPostprocessAllAssets 0.353ms
			ArtifactBrowserPostProcessor.OnPostprocessAllAssets 0.292ms
			StyleCatalogPostProcessor.OnPostprocessAllAssets 0.247ms
			SpeedTreePostProcessor.OnPostprocessAllAssets 0.239ms
			ThemePostprocessor.OnPostprocessAllAssets 0.224ms
			AudioMixerPostprocessor.OnPostprocessAllAssets 0.192ms
			TMPro_TexturePostProcessor.OnPostprocessAllAssets 0.180ms
			EditModeScopePostprocessor.OnPostprocessAllAssets 0.173ms
			ReferencedClipsPostProcessor.OnPostprocessAllAssets 0.152ms
			SamplePostprocessor.OnPostprocessAllAssets 0.127ms
			RenderPipelineGlobalSettingsPostprocessor.OnPostprocessAllAssets 0.122ms
			AssetEvents.OnPostprocessAllAssets 0.119ms
			SyncVS.PostprocessSyncProject 0.116ms
			TerrainToolbarOverlayPostProcessor.OnPostprocessAllAssets 0.114ms
			AssetDatabaseCallbacks.OnPostprocessAllAssets 0.086ms
			ConfigAssetsTracker.OnPostprocessAllAssets 0.084ms
			AssetReloadNotifier.OnPostprocessAllAssets 0.076ms
			ScenarioDriftAssetsTracker.OnPostprocessAllAssets 0.065ms
	PostAssetChangesProfiler: 10.215ms
	GatherAllCurrentPrimaryImportResultRevisions: 0.144ms
	UnloadStreamsBegin: 0.056ms
	PersistCurrentRevisions: 0.126ms
	GenerateScriptTypeHashes: 2.319ms
	GenerateScriptTypeSerializationHashes: 3.980ms
	Untracked: 473.707ms

LightingSettings: switching bake backend from 2 to 1.
Loaded scene 'Temp/__Backupscenes/0.backup'
	Deserialize:            2.957 ms
	Integration:            254.031 ms
	Integration of assets:  0.005 ms
	Thread Wait Time:       0.005 ms
	Total Operation Time:   256.997 ms
[Licensing::Client] Successfully resolved entitlement details
Unhandled description string [
Unhandled description string ]
[Licensing::Client] Successfully resolved entitlement details
LightingSettings: switching bake backend from 2 to 1.
Unloading 12 Unused Serialized files (Serialized files now loaded: 0)
Loaded scene 'Temp/__Backupscenes/0.backup'
	Deserialize:            2.405 ms
	Integration:            23.520 ms
	Integration of assets:  0.006 ms
	Thread Wait Time:       0.091 ms
	Total Operation Time:   26.021 ms
Unloading 6170 unused Assets / (19.5 MB). Loaded Objects now: 9272.
Memory consumption went from 439.0 MB to 419.4 MB.
Total: 27.711808 ms (FindLiveObjects: 0.749553 ms CreateObjectMapping: 0.391696 ms MarkObjects: 20.066026 ms  DeleteObjects: 6.059109 ms)

[Licensing::Client] Successfully resolved entitlement details
[Worker4] Imported GUID: a6496126fec89964088487d7e1f67f6c - Path: Assets/IndieMarc - Importer: PreviewImporter -> (ImportResultId: '00e430264327ba28b0843528a1bebaba') in 0.009539961 seconds
[Worker4] Imported GUID: eea8d0a68959954468e2e6aa0f659fa9 - Path: Assets/IndieMarc/Icon.png - Importer: PreviewImporter -> (ImportResultId: 'babb16dd36bddced8e77659c720ab807') in 0.049226768 seconds
[Worker4] Imported GUID: ff3cce638b247874e8bf3d90a67aba5e - Path: Assets/IndieMarc/PlatformerDemo - Importer: PreviewImporter -> (ImportResultId: '8ef801c58705ba0ecb06538a3c05ecf7') in 0.008013108 seconds
[Worker4] Imported GUID: e9c8335ec074d2a489b7a1afbde0106a - Path: Assets/IndieMarc/PlatformerDemo/Tilemap - Importer: PreviewImporter -> (ImportResultId: 'b3c33e2ce5f6c2a3cd8d3d222b04f273') in 0.005396943 seconds
[Worker4] Imported GUID: 9af0c3bd5a1094a14bb01bb8770f4365 - Path: Assets/IndieMarc/PlatformerDemo/Tilemap/PlatformerPalette.prefab - Importer: PreviewImporter -> (ImportResultId: '0e92f1f7a91a9a11108f8eb6662cc2c1') in 0.032844198 seconds
[Worker3] Imported GUID: 288222b991fd00440a5577a610510cc9 - Path: Assets/IndieMarc/PlatformerDemo/Tilemap/Tilemap.mat - Importer: PreviewImporter -> (ImportResultId: 'db36178493c862f791554a3eed067af6') in 0.093682207 seconds
GLX Extensions: GLX_ARB_get_proc_address GLX_ARB_multisample GLX_EXT_visual_info GLX_EXT_visual_rating GLX_SGIX_fbconfig GLX_SGIX_pbuffer GLX_SGI_swap_control GLX_EXT_swap_control GLX_EXT_buffer_age GLX_ARB_create_context GLX_ARB_create_context_profile GLX_ARB_fbconfig_float GLX_EXT_fbconfig_packed_float GLX_EXT_framebuffer_sRGB GLX_NV_copy_image GLX_NV_copy_buffer GLX_EXT_create_context_es_profile GLX_EXT_create_context_es2_profile GLX_ARB_create_context_no_error GLX_ARB_create_context_robustness GLX_ARB_context_flush_control 
GLX Extensions: GLX_ARB_get_proc_address GLX_ARB_multisample GLX_EXT_visual_info GLX_EXT_visual_rating GLX_SGIX_fbconfig GLX_SGIX_pbuffer GLX_SGI_swap_control GLX_EXT_swap_control GLX_EXT_buffer_age GLX_ARB_create_context GLX_ARB_create_context_profile GLX_ARB_fbconfig_float GLX_EXT_fbconfig_packed_float GLX_EXT_framebuffer_sRGB GLX_NV_copy_image GLX_NV_copy_buffer GLX_EXT_create_context_es_profile GLX_EXT_create_context_es2_profile GLX_ARB_create_context_no_error GLX_ARB_create_context_robustness GLX_ARB_context_flush_control 
Warning: X server took longer than 101 milliseconds to respond to GtkWidgetFocusing
GLX Extensions: GLX_ARB_get_proc_address GLX_ARB_multisample GLX_EXT_visual_info GLX_EXT_visual_rating GLX_SGIX_fbconfig GLX_SGIX_pbuffer GLX_SGI_swap_control GLX_EXT_swap_control GLX_EXT_buffer_age GLX_ARB_create_context GLX_ARB_create_context_profile GLX_ARB_fbconfig_float GLX_EXT_fbconfig_packed_float GLX_EXT_framebuffer_sRGB GLX_NV_copy_image GLX_NV_copy_buffer GLX_EXT_create_context_es_profile GLX_EXT_create_context_es2_profile GLX_ARB_create_context_no_error GLX_ARB_create_context_robustness GLX_ARB_context_flush_control 
Unhandled description string [
Unhandled description string ]
Unhandled description string [
Unhandled description string ]
GLX Extensions: GLX_ARB_get_proc_address GLX_ARB_multisample GLX_EXT_visual_info GLX_EXT_visual_rating GLX_SGIX_fbconfig GLX_SGIX_pbuffer GLX_SGI_swap_control GLX_EXT_swap_control GLX_EXT_buffer_age GLX_ARB_create_context GLX_ARB_create_context_profile GLX_ARB_fbconfig_float GLX_EXT_fbconfig_packed_float GLX_EXT_framebuffer_sRGB GLX_NV_copy_image GLX_NV_copy_buffer GLX_EXT_create_context_es_profile GLX_EXT_create_context_es2_profile GLX_ARB_create_context_no_error GLX_ARB_create_context_robustness GLX_ARB_context_flush_control 
GLX Extensions: GLX_ARB_get_proc_address GLX_ARB_multisample GLX_EXT_visual_info GLX_EXT_visual_rating GLX_SGIX_fbconfig GLX_SGIX_pbuffer GLX_SGI_swap_control GLX_EXT_swap_control GLX_EXT_buffer_age GLX_ARB_create_context GLX_ARB_create_context_profile GLX_ARB_fbconfig_float GLX_EXT_fbconfig_packed_float GLX_EXT_framebuffer_sRGB GLX_NV_copy_image GLX_NV_copy_buffer GLX_EXT_create_context_es_profile GLX_EXT_create_context_es2_profile GLX_ARB_create_context_no_error GLX_ARB_create_context_robustness GLX_ARB_context_flush_control 
GLX Extensions: GLX_ARB_get_proc_address GLX_ARB_multisample GLX_EXT_visual_info GLX_EXT_visual_rating GLX_SGIX_fbconfig GLX_SGIX_pbuffer GLX_SGI_swap_control GLX_EXT_swap_control GLX_EXT_buffer_age GLX_ARB_create_context GLX_ARB_create_context_profile GLX_ARB_fbconfig_float GLX_EXT_fbconfig_packed_float GLX_EXT_framebuffer_sRGB GLX_NV_copy_image GLX_NV_copy_buffer GLX_EXT_create_context_es_profile GLX_EXT_create_context_es2_profile GLX_ARB_create_context_no_error GLX_ARB_create_context_robustness GLX_ARB_context_flush_control 
GLX Extensions: GLX_ARB_get_proc_address GLX_ARB_multisample GLX_EXT_visual_info GLX_EXT_visual_rating GLX_SGIX_fbconfig GLX_SGIX_pbuffer GLX_SGI_swap_control GLX_EXT_swap_control GLX_EXT_buffer_age GLX_ARB_create_context GLX_ARB_create_context_profile GLX_ARB_fbconfig_float GLX_EXT_fbconfig_packed_float GLX_EXT_framebuffer_sRGB GLX_NV_copy_image GLX_NV_copy_buffer GLX_EXT_create_context_es_profile GLX_EXT_create_context_es2_profile GLX_ARB_create_context_no_error GLX_ARB_create_context_robustness GLX_ARB_context_flush_control 
GLX Extensions: GLX_ARB_get_proc_address GLX_ARB_multisample GLX_EXT_visual_info GLX_EXT_visual_rating GLX_SGIX_fbconfig GLX_SGIX_pbuffer GLX_SGI_swap_control GLX_EXT_swap_control GLX_EXT_buffer_age GLX_ARB_create_context GLX_ARB_create_context_profile GLX_ARB_fbconfig_float GLX_EXT_fbconfig_packed_float GLX_EXT_framebuffer_sRGB GLX_NV_copy_image GLX_NV_copy_buffer GLX_EXT_create_context_es_profile GLX_EXT_create_context_es2_profile GLX_ARB_create_context_no_error GLX_ARB_create_context_robustness GLX_ARB_context_flush_control 
Unhandled description string [
Unhandled description string ]
Unhandled description string [
Unhandled description string ]
GLX Extensions: GLX_ARB_get_proc_address GLX_ARB_multisample GLX_EXT_visual_info GLX_EXT_visual_rating GLX_SGIX_fbconfig GLX_SGIX_pbuffer GLX_SGI_swap_control GLX_EXT_swap_control GLX_EXT_buffer_age GLX_ARB_create_context GLX_ARB_create_context_profile GLX_ARB_fbconfig_float GLX_EXT_fbconfig_packed_float GLX_EXT_framebuffer_sRGB GLX_NV_copy_image GLX_NV_copy_buffer GLX_EXT_create_context_es_profile GLX_EXT_create_context_es2_profile GLX_ARB_create_context_no_error GLX_ARB_create_context_robustness GLX_ARB_context_flush_control 
GLX Extensions: GLX_ARB_get_proc_address GLX_ARB_multisample GLX_EXT_visual_info GLX_EXT_visual_rating GLX_SGIX_fbconfig GLX_SGIX_pbuffer GLX_SGI_swap_control GLX_EXT_swap_control GLX_EXT_buffer_age GLX_ARB_create_context GLX_ARB_create_context_profile GLX_ARB_fbconfig_float GLX_EXT_fbconfig_packed_float GLX_EXT_framebuffer_sRGB GLX_NV_copy_image GLX_NV_copy_buffer GLX_EXT_create_context_es_profile GLX_EXT_create_context_es2_profile GLX_ARB_create_context_no_error GLX_ARB_create_context_robustness GLX_ARB_context_flush_control 
GLX Extensions: GLX_ARB_get_proc_address GLX_ARB_multisample GLX_EXT_visual_info GLX_EXT_visual_rating GLX_SGIX_fbconfig GLX_SGIX_pbuffer GLX_SGI_swap_control GLX_EXT_swap_control GLX_EXT_buffer_age GLX_ARB_create_context GLX_ARB_create_context_profile GLX_ARB_fbconfig_float GLX_EXT_fbconfig_packed_float GLX_EXT_framebuffer_sRGB GLX_NV_copy_image GLX_NV_copy_buffer GLX_EXT_create_context_es_profile GLX_EXT_create_context_es2_profile GLX_ARB_create_context_no_error GLX_ARB_create_context_robustness GLX_ARB_context_flush_control 

(unityhub-unity-editor-6000.6.3f1:408409): Gtk-CRITICAL **: 17:35:28.220: gtk_fixed_put: assertion '_gtk_widget_get_parent (widget) == NULL' failed
GLX Extensions: GLX_ARB_get_proc_address GLX_ARB_multisample GLX_EXT_visual_info GLX_EXT_visual_rating GLX_SGIX_fbconfig GLX_SGIX_pbuffer GLX_SGI_swap_control GLX_EXT_swap_control GLX_EXT_buffer_age GLX_ARB_create_context GLX_ARB_create_context_profile GLX_ARB_fbconfig_float GLX_EXT_fbconfig_packed_float GLX_EXT_framebuffer_sRGB GLX_NV_copy_image GLX_NV_copy_buffer GLX_EXT_create_context_es_profile GLX_EXT_create_context_es2_profile GLX_ARB_create_context_no_error GLX_ARB_create_context_robustness GLX_ARB_context_flush_control 
GLX Extensions: GLX_ARB_get_proc_address GLX_ARB_multisample GLX_EXT_visual_info GLX_EXT_visual_rating GLX_SGIX_fbconfig GLX_SGIX_pbuffer GLX_SGI_swap_control GLX_EXT_swap_control GLX_EXT_buffer_age GLX_ARB_create_context GLX_ARB_create_context_profile GLX_ARB_fbconfig_float GLX_EXT_fbconfig_packed_float GLX_EXT_framebuffer_sRGB GLX_NV_copy_image GLX_NV_copy_buffer GLX_EXT_create_context_es_profile GLX_EXT_create_context_es2_profile GLX_ARB_create_context_no_error GLX_ARB_create_context_robustness GLX_ARB_context_flush_control 

(unityhub-unity-editor-6000.6.3f1:408409): Gtk-CRITICAL **: 17:35:30.430: gtk_fixed_put: assertion '_gtk_widget_get_parent (widget) == NULL' failed
GLX Extensions: GLX_ARB_get_proc_address GLX_ARB_multisample GLX_EXT_visual_info GLX_EXT_visual_rating GLX_SGIX_fbconfig GLX_SGIX_pbuffer GLX_SGI_swap_control GLX_EXT_swap_control GLX_EXT_buffer_age GLX_ARB_create_context GLX_ARB_create_context_profile GLX_ARB_fbconfig_float GLX_EXT_fbconfig_packed_float GLX_EXT_framebuffer_sRGB GLX_NV_copy_image GLX_NV_copy_buffer GLX_EXT_create_context_es_profile GLX_EXT_create_context_es2_profile GLX_ARB_create_context_no_error GLX_ARB_create_context_robustness GLX_ARB_context_flush_control 
Unhandled description string [
Unhandled description string ]
GLX Extensions: GLX_ARB_get_proc_address GLX_ARB_multisample GLX_EXT_visual_info GLX_EXT_visual_rating GLX_SGIX_fbconfig GLX_SGIX_pbuffer GLX_SGI_swap_control GLX_EXT_swap_control GLX_EXT_buffer_age GLX_ARB_create_context GLX_ARB_create_context_profile GLX_ARB_fbconfig_float GLX_EXT_fbconfig_packed_float GLX_EXT_framebuffer_sRGB GLX_NV_copy_image GLX_NV_copy_buffer GLX_EXT_create_context_es_profile GLX_EXT_create_context_es2_profile GLX_ARB_create_context_no_error GLX_ARB_create_context_robustness GLX_ARB_context_flush_control 
GLX Extensions: GLX_ARB_get_proc_address GLX_ARB_multisample GLX_EXT_visual_info GLX_EXT_visual_rating GLX_SGIX_fbconfig GLX_SGIX_pbuffer GLX_SGI_swap_control GLX_EXT_swap_control GLX_EXT_buffer_age GLX_ARB_create_context GLX_ARB_create_context_profile GLX_ARB_fbconfig_float GLX_EXT_fbconfig_packed_float GLX_EXT_framebuffer_sRGB GLX_NV_copy_image GLX_NV_copy_buffer GLX_EXT_create_context_es_profile GLX_EXT_create_context_es2_profile GLX_ARB_create_context_no_error GLX_ARB_create_context_robustness GLX_ARB_context_flush_control 
Warning: X server took longer than 101 milliseconds to respond to GtkWidgetFocusing
GLX Extensions: GLX_ARB_get_proc_address GLX_ARB_multisample GLX_EXT_visual_info GLX_EXT_visual_rating GLX_SGIX_fbconfig GLX_SGIX_pbuffer GLX_SGI_swap_control GLX_EXT_swap_control GLX_EXT_buffer_age GLX_ARB_create_context GLX_ARB_create_context_profile GLX_ARB_fbconfig_float GLX_EXT_fbconfig_packed_float GLX_EXT_framebuffer_sRGB GLX_NV_copy_image GLX_NV_copy_buffer GLX_EXT_create_context_es_profile GLX_EXT_create_context_es2_profile GLX_ARB_create_context_no_error GLX_ARB_create_context_robustness GLX_ARB_context_flush_control 
Warning: X server took longer than 101 milliseconds to respond to GtkWidgetFocusing
[Worker3] Imported GUID: 4dd2dd4c84d93ad4286acbfbfc77be19 - Path: Assets/IndieMarc/TopDownDemo/Materials/DoorMesh.mat - Importer: PreviewImporter -> (ImportResultId: '5db072930bd7cda5700f6747a364826b') in 0.096613853 seconds
[Worker3] Imported GUID: 3c6c0154aaa573c4180e9efa596520a9 - Path: Assets/IndieMarc/TopDownDemo/Materials/SpriteDiffuse3D.mat - Importer: PreviewImporter -> (ImportResultId: 'ed6ba1ebf0863f84de3df2e923b73496') in 0.082044218 seconds
[Worker4] Imported GUID: 6b50cac72e4e56942bd67557444b460b - Path: Assets/IndieMarc/TopDownDemo/Textures/Door3D.fbx - Importer: PreviewImporter -> (ImportResultId: '88e1fa8fba87231e9f08b46c458989a9') in 0.227309899 seconds
[Worker3] Imported GUID: 1d098f5e2d51f904680c81895d2c02b1 - Path: Assets/IndieMarc/PlatformerDemo/Materials/SpriteDiffuseP.mat - Importer: PreviewImporter -> (ImportResultId: 'ded735a424226484d95968bdeedb4f76') in 0.078248892 seconds
[Worker4] Imported GUID: 73289312bd5fe8d459fcd1e8803113ba - Path: Assets/IndieMarc/TopDownDemo/Materials/SpriteDiffuse.mat - Importer: PreviewImporter -> (ImportResultId: '9f252656469b65d7ad551132bcf5ae4d') in 0.084897367 seconds
Asset Pipeline Refresh (id=cf0b1c9ca58ff33aea2204423d096ad9): Total: 0.056 seconds - Initiated by RefreshV2(NoUpdateAssetOptions)
SpriteAtlasPacking completed in 0.063707 sec
Reloading assemblies for play mode.
Reloading assemblies after forced synchronous recompile.
[Licensing::Client] Successfully resolved entitlement details
Begin MonoManager ReloadAssembly
Native extension for LinuxStandalone target not found
Native extension for WebGL target not found
ScheduleIndexationOnStartup MainProcess:True IndexOnStartup:True
[MODES] ModeService[none].Initialize
[MODES] ModeService[none].LoadModes
Scripting: successfully reloaded assembly
Unhandled description string [
Unhandled description string ]
Unhandled description string [
Unhandled description string ]
- Finished resetting the current domain, in  1.240 seconds
Domain Reload Profiling: 1635ms
	BeginReloadAssembly (217ms)
		DisableScriptedObjects (42ms)
		CreateAndSetChildDomain (92ms)
	RebuildCommonClasses (6ms)
	RebuildNativeTypeToScriptingClass (6ms)
	initialDomainReloadingComplete (26ms)
	LoadAllAssembliesAndSetupDomain (138ms)
		LoadAssemblies (60ms)
		TypeCache.Refresh (6ms)
		AnalyzeDomain (18ms)
			ResolveRequiredComponents (16ms)
	FinalizeReload (1241ms)
		SetupLoadedEditorAssemblies (0ms)
			BeforeProcessingInitializeOnLoad (74ms)
			ProcessInitializeOnLoadAttributes (205ms)
			ProcessInitializeOnLoadMethodAttributes (46ms)
		AwakeInstancesAfterBackupRestoration (506ms)

Asset Pipeline Refresh (id=41de706839298910eadd160826a31486): Total: 1.738 seconds - Initiated by StopAssetImportingV2(ForceSynchronousImport | ForceDomainReload)
	(Values over 0.05ms)
	Summary:
		Imports: total=0 (actual=0, local cache=0, cache server=0)
		Asset DB Process Time: managed=0 ms, native=1304 ms
		Asset DB Callback time: managed=21 ms, native=0 ms
		Scripting: domain reloads=1, domain reload time=410 ms, compile time=1 ms, other=0 ms
		Project Asset Count: scripts=1401, non-scripts=2575
		Asset File Changes: new=0, changed=0, moved=0, deleted=0
		Scan Filter Count: 0
	InvokePackagesCallback: 0.216ms
	ApplyChangesToAssetFolders: 0.150ms
	Collect global state as custom dependencies: 0.140ms
	ProcessAssetsWithTransientArtifactChanges: 0.279ms
	CategorizeAssets: 30.976ms
	CompileScripts: 1.279ms
	ImportOutOfDateAssets: 1246.059ms (1244.479ms without children)
		CollectScriptTypesHashes: 0.588ms
		ReloadNativeAssets: 0.593ms
		UnloadImportedAssets: 0.118ms
		EnsureUptoDateAssetsAreRegisteredWithGuidPM: 0.450ms
		ImportSchedulerStart: 0.395ms
	PostProcessAllAssets: 21.790ms
		MonoPostProcessAllAssets: 21.787ms
			ShaderGraphAssetPostProcessor.OnPostprocessAllAssets 124.749ms
			AssetPostprocessor.OnPostprocessAllAssets 42.513ms
			PostProcessor.OnPostprocessAllAssets 29.680ms
			MaterialPostprocessor.OnPostprocessAllAssets 21.617ms
			InputActionJsonNameModifierAssetProcessor.OnPostprocessAllAssets 21.249ms
			TextAssetPostProcessor.OnPostprocessAllAssets 16.733ms
			UniversalRenderPipelineGlobalSettingsPostprocessor.OnPostprocessAllAssets 9.875ms
			AssetChangedListener.OnPostprocessAllAssets 8.731ms
			BuilderAssetPostprocessor.OnPostprocessAllAssets 4.082ms
			RetainedModeAssetPostprocessor.OnPostprocessAllAssets 1.179ms
			WindowAssetPostprocessingWatcher.OnPostprocessAllAssets 1.140ms
			SpeedTree9Postprocessor.OnPostprocessAllAssets 1.064ms
			UVCSAssetPostprocessor.OnPostprocessAllAssets 0.559ms
			ProjectSettingsPostprocessor.OnPostprocessAllAssets 0.437ms
			ShaderReflectionAssetPostProcessor.OnPostprocessAllAssets 0.342ms
			ArtifactBrowserPostProcessor.OnPostprocessAllAssets 0.292ms
			StyleCatalogPostProcessor.OnPostprocessAllAssets 0.247ms
			SpeedTreePostProcessor.OnPostprocessAllAssets 0.239ms
			ThemePostprocessor.OnPostprocessAllAssets 0.224ms
			AudioMixerPostprocessor.OnPostprocessAllAssets 0.192ms
			TMPro_TexturePostProcessor.OnPostprocessAllAssets 0.180ms
			ReferencedClipsPostProcessor.OnPostprocessAllAssets 0.170ms
			InputActionAssetPostprocessor.OnPostprocessAllAssets 0.169ms
			EditModeScopePostprocessor.OnPostprocessAllAssets 0.166ms
			SamplePostprocessor.OnPostprocessAllAssets 0.127ms
			AssetEvents.OnPostprocessAllAssets 0.119ms
			AssetDatabaseCallbacks.OnPostprocessAllAssets 0.093ms
			TerrainToolbarOverlayPostProcessor.OnPostprocessAllAssets 0.087ms
			ConfigAssetsTracker.OnPostprocessAllAssets 0.084ms
			AssetReloadNotifier.OnPostprocessAllAssets 0.076ms
			ScenarioDriftAssetsTracker.OnPostprocessAllAssets 0.065ms
	GatherAllCurrentPrimaryImportResultRevisions: 0.135ms
	PersistCurrentRevisions: 0.143ms
	GenerateScriptTypeHashes: 1.489ms
	GenerateScriptTypeSerializationHashes: 2.575ms
	Untracked: 435.610ms

LightingSettings: switching bake backend from 2 to 1.
Loaded scene 'Temp/__Backupscenes/0.backup'
	Deserialize:            5.633 ms
	Integration:            241.020 ms
	Integration of assets:  0.009 ms
	Thread Wait Time:       0.074 ms
	Total Operation Time:   246.736 ms
[Licensing::Client] Successfully resolved entitlement details
[Licensing::Client] Successfully resolved entitlement details
Unhandled description string [
Unhandled description string ]
LightingSettings: switching bake backend from 2 to 1.
Unloading 21 Unused Serialized files (Serialized files now loaded: 0)
Loaded scene 'Temp/__Backupscenes/0.backup'
	Deserialize:            4.295 ms
	Integration:            28.405 ms
	Integration of assets:  0.017 ms
	Thread Wait Time:       -0.000 ms
	Total Operation Time:   32.716 ms
Unloading 95 unused Assets / (211.0 KB). Loaded Objects now: 9519.
Memory consumption went from 426.6 MB to 426.4 MB.
Total: 21.743580 ms (FindLiveObjects: 0.550211 ms CreateObjectMapping: 0.210304 ms MarkObjects: 18.688724 ms  DeleteObjects: 1.921458 ms)

[Licensing::Client] Successfully resolved entitlement details
GLX Extensions: GLX_ARB_get_proc_address GLX_ARB_multisample GLX_EXT_visual_info GLX_EXT_visual_rating GLX_SGIX_fbconfig GLX_SGIX_pbuffer GLX_SGI_swap_control GLX_EXT_swap_control GLX_EXT_buffer_age GLX_ARB_create_context GLX_ARB_create_context_profile GLX_ARB_fbconfig_float GLX_EXT_fbconfig_packed_float GLX_EXT_framebuffer_sRGB GLX_NV_copy_image GLX_NV_copy_buffer GLX_EXT_create_context_es_profile GLX_EXT_create_context_es2_profile GLX_ARB_create_context_no_error GLX_ARB_create_context_robustness GLX_ARB_context_flush_control 
GLX Extensions: GLX_ARB_get_proc_address GLX_ARB_multisample GLX_EXT_visual_info GLX_EXT_visual_rating GLX_SGIX_fbconfig GLX_SGIX_pbuffer GLX_SGI_swap_control GLX_EXT_swap_control GLX_EXT_buffer_age GLX_ARB_create_context GLX_ARB_create_context_profile GLX_ARB_fbconfig_float GLX_EXT_fbconfig_packed_float GLX_EXT_framebuffer_sRGB GLX_NV_copy_image GLX_NV_copy_buffer GLX_EXT_create_context_es_profile GLX_EXT_create_context_es2_profile GLX_ARB_create_context_no_error GLX_ARB_create_context_robustness GLX_ARB_context_flush_control 
GLX Extensions: GLX_ARB_get_proc_address GLX_ARB_multisample GLX_EXT_visual_info GLX_EXT_visual_rating GLX_SGIX_fbconfig GLX_SGIX_pbuffer GLX_SGI_swap_control GLX_EXT_swap_control GLX_EXT_buffer_age GLX_ARB_create_context GLX_ARB_create_context_profile GLX_ARB_fbconfig_float GLX_EXT_fbconfig_packed_float GLX_EXT_framebuffer_sRGB GLX_NV_copy_image GLX_NV_copy_buffer GLX_EXT_create_context_es_profile GLX_EXT_create_context_es2_profile GLX_ARB_create_context_no_error GLX_ARB_create_context_robustness GLX_ARB_context_flush_control 
GLX Extensions: GLX_ARB_get_proc_address GLX_ARB_multisample GLX_EXT_visual_info GLX_EXT_visual_rating GLX_SGIX_fbconfig GLX_SGIX_pbuffer GLX_SGI_swap_control GLX_EXT_swap_control GLX_EXT_buffer_age GLX_ARB_create_context GLX_ARB_create_context_profile GLX_ARB_fbconfig_float GLX_EXT_fbconfig_packed_float GLX_EXT_framebuffer_sRGB GLX_NV_copy_image GLX_NV_copy_buffer GLX_EXT_create_context_es_profile GLX_EXT_create_context_es2_profile GLX_ARB_create_context_no_error GLX_ARB_create_context_robustness GLX_ARB_context_flush_control 
GLX Extensions: GLX_ARB_get_proc_address GLX_ARB_multisample GLX_EXT_visual_info GLX_EXT_visual_rating GLX_SGIX_fbconfig GLX_SGIX_pbuffer GLX_SGI_swap_control GLX_EXT_swap_control GLX_EXT_buffer_age GLX_ARB_create_context GLX_ARB_create_context_profile GLX_ARB_fbconfig_float GLX_EXT_fbconfig_packed_float GLX_EXT_framebuffer_sRGB GLX_NV_copy_image GLX_NV_copy_buffer GLX_EXT_create_context_es_profile GLX_EXT_create_context_es2_profile GLX_ARB_create_context_no_error GLX_ARB_create_context_robustness GLX_ARB_context_flush_control 
GLX Extensions: GLX_ARB_get_proc_address GLX_ARB_multisample GLX_EXT_visual_info GLX_EXT_visual_rating GLX_SGIX_fbconfig GLX_SGIX_pbuffer GLX_SGI_swap_control GLX_EXT_swap_control GLX_EXT_buffer_age GLX_ARB_create_context GLX_ARB_create_context_profile GLX_ARB_fbconfig_float GLX_EXT_fbconfig_packed_float GLX_EXT_framebuffer_sRGB GLX_NV_copy_image GLX_NV_copy_buffer GLX_EXT_create_context_es_profile GLX_EXT_create_context_es2_profile GLX_ARB_create_context_no_error GLX_ARB_create_context_robustness GLX_ARB_context_flush_control 
GLX Extensions: GLX_ARB_get_proc_address GLX_ARB_multisample GLX_EXT_visual_info GLX_EXT_visual_rating GLX_SGIX_fbconfig GLX_SGIX_pbuffer GLX_SGI_swap_control GLX_EXT_swap_control GLX_EXT_buffer_age GLX_ARB_create_context GLX_ARB_create_context_profile GLX_ARB_fbconfig_float GLX_EXT_fbconfig_packed_float GLX_EXT_framebuffer_sRGB GLX_NV_copy_image GLX_NV_copy_buffer GLX_EXT_create_context_es_profile GLX_EXT_create_context_es2_profile GLX_ARB_create_context_no_error GLX_ARB_create_context_robustness GLX_ARB_context_flush_control 
GLX Extensions: GLX_ARB_get_proc_address GLX_ARB_multisample GLX_EXT_visual_info GLX_EXT_visual_rating GLX_SGIX_fbconfig GLX_SGIX_pbuffer GLX_SGI_swap_control GLX_EXT_swap_control GLX_EXT_buffer_age GLX_ARB_create_context GLX_ARB_create_context_profile GLX_ARB_fbconfig_float GLX_EXT_fbconfig_packed_float GLX_EXT_framebuffer_sRGB GLX_NV_copy_image GLX_NV_copy_buffer GLX_EXT_create_context_es_profile GLX_EXT_create_context_es2_profile GLX_ARB_create_context_no_error GLX_ARB_create_context_robustness GLX_ARB_context_flush_control 
GLX Extensions: GLX_ARB_get_proc_address GLX_ARB_multisample GLX_EXT_visual_info GLX_EXT_visual_rating GLX_SGIX_fbconfig GLX_SGIX_pbuffer GLX_SGI_swap_control GLX_EXT_swap_control GLX_EXT_buffer_age GLX_ARB_create_context GLX_ARB_create_context_profile GLX_ARB_fbconfig_float GLX_EXT_fbconfig_packed_float GLX_EXT_framebuffer_sRGB GLX_NV_copy_image GLX_NV_copy_buffer GLX_EXT_create_context_es_profile GLX_EXT_create_context_es2_profile GLX_ARB_create_context_no_error GLX_ARB_create_context_robustness GLX_ARB_context_flush_control 
GLX Extensions: GLX_ARB_get_proc_address GLX_ARB_multisample GLX_EXT_visual_info GLX_EXT_visual_rating GLX_SGIX_fbconfig GLX_SGIX_pbuffer GLX_SGI_swap_control GLX_EXT_swap_control GLX_EXT_buffer_age GLX_ARB_create_context GLX_ARB_create_context_profile GLX_ARB_fbconfig_float GLX_EXT_fbconfig_packed_float GLX_EXT_framebuffer_sRGB GLX_NV_copy_image GLX_NV_copy_buffer GLX_EXT_create_context_es_profile GLX_EXT_create_context_es2_profile GLX_ARB_create_context_no_error GLX_ARB_create_context_robustness GLX_ARB_context_flush_control 
GLX Extensions: GLX_ARB_get_proc_address GLX_ARB_multisample GLX_EXT_visual_info GLX_EXT_visual_rating GLX_SGIX_fbconfig GLX_SGIX_pbuffer GLX_SGI_swap_control GLX_EXT_swap_control GLX_EXT_buffer_age GLX_ARB_create_context GLX_ARB_create_context_profile GLX_ARB_fbconfig_float GLX_EXT_fbconfig_packed_float GLX_EXT_framebuffer_sRGB GLX_NV_copy_image GLX_NV_copy_buffer GLX_EXT_create_context_es_profile GLX_EXT_create_context_es2_profile GLX_ARB_create_context_no_error GLX_ARB_create_context_robustness GLX_ARB_context_flush_control 
GLX Extensions: GLX_ARB_get_proc_address GLX_ARB_multisample GLX_EXT_visual_info GLX_EXT_visual_rating GLX_SGIX_fbconfig GLX_SGIX_pbuffer GLX_SGI_swap_control GLX_EXT_swap_control GLX_EXT_buffer_age GLX_ARB_create_context GLX_ARB_create_context_profile GLX_ARB_fbconfig_float GLX_EXT_fbconfig_packed_float GLX_EXT_framebuffer_sRGB GLX_NV_copy_image GLX_NV_copy_buffer GLX_EXT_create_context_es_profile GLX_EXT_create_context_es2_profile GLX_ARB_create_context_no_error GLX_ARB_create_context_robustness GLX_ARB_context_flush_control 
Asset Pipeline Refresh (id=c18e8c7cd81412c35841b95c0484fd3f): Total: 0.051 seconds - Initiated by RefreshV2(NoUpdateAssetOptions)
GLX Extensions: GLX_ARB_get_proc_address GLX_ARB_multisample GLX_EXT_visual_info GLX_EXT_visual_rating GLX_SGIX_fbconfig GLX_SGIX_pbuffer GLX_SGI_swap_control GLX_EXT_swap_control GLX_EXT_buffer_age GLX_ARB_create_context GLX_ARB_create_context_profile GLX_ARB_fbconfig_float GLX_EXT_fbconfig_packed_float GLX_EXT_framebuffer_sRGB GLX_NV_copy_image GLX_NV_copy_buffer GLX_EXT_create_context_es_profile GLX_EXT_create_context_es2_profile GLX_ARB_create_context_no_error GLX_ARB_create_context_robustness GLX_ARB_context_flush_control 
GLX Extensions: GLX_ARB_get_proc_address GLX_ARB_multisample GLX_EXT_visual_info GLX_EXT_visual_rating GLX_SGIX_fbconfig GLX_SGIX_pbuffer GLX_SGI_swap_control GLX_EXT_swap_control GLX_EXT_buffer_age GLX_ARB_create_context GLX_ARB_create_context_profile GLX_ARB_fbconfig_float GLX_EXT_fbconfig_packed_float GLX_EXT_framebuffer_sRGB GLX_NV_copy_image GLX_NV_copy_buffer GLX_EXT_create_context_es_profile GLX_EXT_create_context_es2_profile GLX_ARB_create_context_no_error GLX_ARB_create_context_robustness GLX_ARB_context_flush_control 
GLX Extensions: GLX_ARB_get_proc_address GLX_ARB_multisample GLX_EXT_visual_info GLX_EXT_visual_rating GLX_SGIX_fbconfig GLX_SGIX_pbuffer GLX_SGI_swap_control GLX_EXT_swap_control GLX_EXT_buffer_age GLX_ARB_create_context GLX_ARB_create_context_profile GLX_ARB_fbconfig_float GLX_EXT_fbconfig_packed_float GLX_EXT_framebuffer_sRGB GLX_NV_copy_image GLX_NV_copy_buffer GLX_EXT_create_context_es_profile GLX_EXT_create_context_es2_profile GLX_ARB_create_context_no_error GLX_ARB_create_context_robustness GLX_ARB_context_flush_control 
GLX Extensions: GLX_ARB_get_proc_address GLX_ARB_multisample GLX_EXT_visual_info GLX_EXT_visual_rating GLX_SGIX_fbconfig GLX_SGIX_pbuffer GLX_SGI_swap_control GLX_EXT_swap_control GLX_EXT_buffer_age GLX_ARB_create_context GLX_ARB_create_context_profile GLX_ARB_fbconfig_float GLX_EXT_fbconfig_packed_float GLX_EXT_framebuffer_sRGB GLX_NV_copy_image GLX_NV_copy_buffer GLX_EXT_create_context_es_profile GLX_EXT_create_context_es2_profile GLX_ARB_create_context_no_error GLX_ARB_create_context_robustness GLX_ARB_context_flush_control 
Starting new worker id: 5 with log in /home/mage/opd-lab-2/Logs/AssetImportWorkerHW5.log
[Worker3] Imported GUID: c09eb5063ee64fd41b9c3e868ef7504b - Path: Assets/IndieMarc/PlatformerDemo/Sprites/Character/Character_hold.png - Importer: PreviewImporter -> (ImportResultId: 'e8b6be61b8f5e4a90bd02e21318ba546') in 0.048925218 seconds
[UnityConnectServicesConfig] Local config successfully read: "/usr/share/unity3d/config/services-config.json"
[UnityConnectServicesConfig] Service configuration:
    "servicesConfigBaseUrl": "",
    "disableServicesWindow": false,
    "disableUserLogin": false,
    "entitlementCacheTimeoutInSeconds": 60,
    "clientConnectTimeoutSec": 60,
    "clientHandshakeTimeoutSec": 30,
    "clientResolveEntitlementsTimeoutSec": 30,
    "clientUpdateLicenseTimeoutSec": 30,
    "licensingServiceBaseUrl": "",
    "enableProxyAutoconfig": "false"

[Worker3] Imported GUID: e28f62e17ab915240aaa2eed417db312 - Path: Assets/IndieMarc/PlatformerDemo/Sprites/Circle.png - Importer: PreviewImporter -> (ImportResultId: '03d35d9e9e474c554d654544a027ab33') in 0.00820776 seconds
[Worker3] Imported GUID: f84c802390848d34887201fc1d69cadb - Path: Assets/IndieMarc/TopDownDemo/Textures/door.png - Importer: PreviewImporter -> (ImportResultId: '66a3c9e11b2130f59c21bf4cfc094200') in 0.007588252 seconds
[Worker4] Imported GUID: 0c85884db5b77eb4094db5c58af22cc6 - Path: Assets/IndieMarc/PlatformerDemo/Sprites/Character/Character.png - Importer: PreviewImporter -> (ImportResultId: '17d2bf91637ecd591b0ed19059ee4d5a') in 0.071330467 seconds
[Worker4] Imported GUID: 2f4e1b743efe1b246b45ca50e955dc06 - Path: Assets/IndieMarc/TopDownDemo/Textures/CircleBlur.png - Importer: PreviewImporter -> (ImportResultId: 'c5a8c5c3c897b3b09d15b27d17a274c4') in 0.008712008 seconds
[Worker3] Imported GUID: 006af9e18b9c35b49a7e2bc955181b4a - Path: Assets/IndieMarc/TopDownDemo/Sprites/CharacterRight.png - Importer: PreviewImporter -> (ImportResultId: 'dd58ddf9130b9d2edfe4719de5d70017') in 0.027724865 seconds
[Worker3] Imported GUID: 74f7f12e816b4af47b2c22f055f5629a - Path: Assets/IndieMarc/PlatformerDemo/Sprites/CircleBlur.png - Importer: PreviewImporter -> (ImportResultId: '74a360b06f2e40236e2c10e53d075cca') in 0.009589274 seconds
[Worker4] Imported GUID: 1c8736f48aa29a949940dcc169e154fb - Path: Assets/IndieMarc/TopDownDemo/Sprites/CharacterRighthHold.png - Importer: PreviewImporter -> (ImportResultId: '210272f07f89460f6b64578c27d19d13') in 0.025528389 seconds
Worker ready: AssetImportWorkerHW5 5
GLX Extensions: GLX_ARB_get_proc_address GLX_ARB_multisample GLX_EXT_visual_info GLX_EXT_visual_rating GLX_SGIX_fbconfig GLX_SGIX_pbuffer GLX_SGI_swap_control GLX_EXT_swap_control GLX_EXT_buffer_age GLX_ARB_create_context GLX_ARB_create_context_profile GLX_ARB_fbconfig_float GLX_EXT_fbconfig_packed_float GLX_EXT_framebuffer_sRGB GLX_NV_copy_image GLX_NV_copy_buffer GLX_EXT_create_context_es_profile GLX_EXT_create_context_es2_profile GLX_ARB_create_context_no_error GLX_ARB_create_context_robustness GLX_ARB_context_flush_control 
[Worker4] Imported GUID: d460b92031561ef40902c08fd85dde2e - Path: Assets/IndieMarc/TopDownDemo/Textures/door_shadow.png - Importer: PreviewImporter -> (ImportResultId: 'b95b490255c0443450d62d0cb753a865') in 0.019618917 seconds
[Worker3] Imported GUID: a9e273bdd04ac914290c1e2ab9c7e265 - Path: Assets/IndieMarc/TopDownDemo/Textures/floor_simple.png - Importer: PreviewImporter -> (ImportResultId: '13daba9314dd7cb214cf946b10723be7') in 0.019651367 seconds
[Worker3] Imported GUID: d54d42f40df35e34099dbd949204ed78 - Path: Assets/IndieMarc/TopDownDemo/Textures/grass1.png - Importer: PreviewImporter -> (ImportResultId: '92c82f13ad3205057f5e2ef881bd1013') in 0.011685593 seconds
[Worker4] Imported GUID: 27884cf431913254299eeebc1fed4a21 - Path: Assets/IndieMarc/PlatformerDemo/Sprites/Background/grass1.png - Importer: PreviewImporter -> (ImportResultId: 'e7e3580144bfec9e57961d757cb5805c') in 0.013189119 seconds
[Worker4] Imported GUID: 28a595b4afbd2e14cac9f39706cc5bba - Path: Assets/IndieMarc/PlatformerDemo/Sprites/Background/grass2.png - Importer: PreviewImporter -> (ImportResultId: 'eb42bda0b43ce7214e582d93116c6cd1') in 0.016369992 seconds
[Worker3] Imported GUID: 7f897bf33a423f743a3778635a69807a - Path: Assets/IndieMarc/TopDownDemo/Textures/grass2.png - Importer: PreviewImporter -> (ImportResultId: '352381ce4ebc3411199ec4abe1482c82') in 0.018445324 seconds
Importing 'GUID: 27884cf431913254299eeebc1fed4a21 - Path: Assets/IndieMarc/PlatformerDemo/Sprites/Background/grass1.png' with importer (TextureImporter)
Imported 'GUID: 27884cf431913254299eeebc1fed4a21' -> (Import Result ID: '5561cc591f40d3c32c37a7e9881727e9') in 0.012 seconds [static and dynamic dependencies]. Details - ImportResultOutputID=bd6366fb11af7e7ab95816f651789eac DependenciesID=3cfd0426ca49299c3bd75c8aa50365b9 StaticDependenciesID=b441c920dd4a77e7118b3e79f1bce4c1 
Asset Pipeline Refresh (id=2687d79d2d27b45cfbff89b90893fec5): Total: 0.083 seconds - Initiated by StopAssetImportingV2(NoUpdateAssetOptions)
GLX Extensions: GLX_ARB_get_proc_address GLX_ARB_multisample GLX_EXT_visual_info GLX_EXT_visual_rating GLX_SGIX_fbconfig GLX_SGIX_pbuffer GLX_SGI_swap_control GLX_EXT_swap_control GLX_EXT_buffer_age GLX_ARB_create_context GLX_ARB_create_context_profile GLX_ARB_fbconfig_float GLX_EXT_fbconfig_packed_float GLX_EXT_framebuffer_sRGB GLX_NV_copy_image GLX_NV_copy_buffer GLX_EXT_create_context_es_profile GLX_EXT_create_context_es2_profile GLX_ARB_create_context_no_error GLX_ARB_create_context_robustness GLX_ARB_context_flush_control 
Unhandled description string [
Unhandled description string ]
GLX Extensions: GLX_ARB_get_proc_address GLX_ARB_multisample GLX_EXT_visual_info GLX_EXT_visual_rating GLX_SGIX_fbconfig GLX_SGIX_pbuffer GLX_SGI_swap_control GLX_EXT_swap_control GLX_EXT_buffer_age GLX_ARB_create_context GLX_ARB_create_context_profile GLX_ARB_fbconfig_float GLX_EXT_fbconfig_packed_float GLX_EXT_framebuffer_sRGB GLX_NV_copy_image GLX_NV_copy_buffer GLX_EXT_create_context_es_profile GLX_EXT_create_context_es2_profile GLX_ARB_create_context_no_error GLX_ARB_create_context_robustness GLX_ARB_context_flush_control 
Unhandled description string [
Unhandled description string ]
Importing 'GUID: 9272c368c2ea4004d93dd9539f956312 - Path: Assets/IndieMarc/PlatformerDemo/Sprites/Background/Trees1.mat' with importer (NativeFormatImporter)
Imported 'GUID: 9272c368c2ea4004d93dd9539f956312' -> (Import Result ID: '76e5956d2fbfea526cb1584690da775b') in 0.001 seconds [static dependencies only]. Details - ImportResultOutputID=38f831e3d97a35539c97757cfb9449fb DependenciesID=1446d2897c05b5c5fd81e635c8f3455f StaticDependenciesID=31919802968add5b7eb858a7d8e746b5 
Importing 'GUID: b5bdfecbec6d4294d9aa8cf6fcf42aa1 - Path: Assets/IndieMarc/PlatformerDemo/Sprites/Background/Trees2.mat' with importer (NativeFormatImporter)
Imported 'GUID: b5bdfecbec6d4294d9aa8cf6fcf42aa1' -> (Import Result ID: '0f44de721a14eac77fb13c5285e99095') in 0.000 seconds [static dependencies only]. Details - ImportResultOutputID=b6be42de1d61eda218834786998b566a DependenciesID=108d7cf895ec196cea9a478bd1123b4c StaticDependenciesID=f0331308a5b956e023ca9eceb817e5f4 
Importing 'GUID: 063491c5039ab6b4ead24f95f52641b5 - Path: Assets/IndieMarc/PlatformerDemo/Sprites/Background/Trees3.mat' with importer (NativeFormatImporter)
Imported 'GUID: 063491c5039ab6b4ead24f95f52641b5' -> (Import Result ID: 'cbbbd3500ad121544f495c7f8806d542') in 0.000 seconds [static dependencies only]. Details - ImportResultOutputID=15e100224ad07def022def641962d0d1 DependenciesID=dea14b6cc99f68a947b2dda4a4374854 StaticDependenciesID=67fb250be0706912d9b83490792f9d93 
Importing 'GUID: 288222b991fd00440a5577a610510cc9 - Path: Assets/IndieMarc/PlatformerDemo/Tilemap/Tilemap.mat' with importer (NativeFormatImporter)
Imported 'GUID: 288222b991fd00440a5577a610510cc9' -> (Import Result ID: '08dd9e004d45f171d5e6412563f6757e') in 0.000 seconds [static dependencies only]. Details - ImportResultOutputID=0f74f7bf25ae6f38c960fc0b0496a7d1 DependenciesID=107aacdd0ee0532d6e6b5fc0f02a4eed StaticDependenciesID=839e2620ef623f610cbc32175f85203c 
Asset Pipeline Refresh (id=111cd1f47e0b5653e9af9b7b674c183d): Total: 0.022 seconds - Initiated by StopAssetImportingV2(NoUpdateAssetOptions)
Importing 'GUID: 230ee21eea18d46e48f6038641c438b7 - Path: Assets/IndieMarc/PlatformerDemo/PlatformerDemo.unity' with importer (DefaultImporter)
Imported 'GUID: 230ee21eea18d46e48f6038641c438b7' -> (Import Result ID: 'cd58d47b187a947828c125282ee18c26') in 0.000 seconds [static dependencies only]. Details - ImportResultOutputID=573eb3c35fa5ef229eec5bdbedde55e7 DependenciesID=f0ad62128b75b92ca07ad2e9974cd230 StaticDependenciesID=4da71e0996b45dad80a9a4d9acbbf928 
Asset Pipeline Refresh (id=9c523c435366eca1eac6ccef07ca131c): Total: 0.020 seconds - Initiated by StopAssetImportingV2(NoUpdateAssetOptions)
[Worker4] Imported GUID: 288222b991fd00440a5577a610510cc9 - Path: Assets/IndieMarc/PlatformerDemo/Tilemap/Tilemap.mat - Importer: PreviewImporter -> (ImportResultId: 'dbdbc3920eac68e0b1524fb6a05b87b7') in 0.045760373 seconds
MonoPathRemapper: Attempts to remap: 48403; Successful remaps: 20324
Serialized file version minimum: 22, current 23
[LAYOUT] About to save layout /home/mage/opd-lab-2/UserSettings/Layouts/default-6000.dwlt
[LAYOUT] About to save layout /home/mage/.config/unity3d/Preferences/Editor-5.x/Layouts/current/default-6000.dwlt
[Physics::Module] Cleanup current backend.
[Physics::Module] Id: 0xf2b8ea05
Input System module state changed to: ShutdownInProgress.
Input Polling Thread exited.
Input System module state changed to: Shutdown.
[Licensing::IpcConnector] LicenseClient-mage-6000.6.3-notifications channel disconnected successfully.
[Licensing::IpcConnector] LicenseClient-mage-6000.6.3 channel disconnected successfully.
Shut down UDS service system complete
Lingering sessions upon destruction of worker manager
Unity Data Store service was successfully shut down
UDS shutting down local client system
AcceleratorClientConnectionCallback - disconnected - :0
Cleanup mono
CodeReloadManager destroyed
debugger-agent: Unable to listen on 125

SDL leaked 2 allocations
Turn on UNITY_SDL_ALLOCATION_TRACKING for detailed information.
VBCSCompilerPreWarmer: requested VBCSCompiler shutdown
Checking for leaked weakptr:
  Found no leaked weakptrs.
[Package Manager] Server process was shutdown
##utp:{"type":"MemoryLeaks","version":2,"phase":"Immediate","time":1790951990290,"processId":408409,"allocatedMemory":17496600,"memoryLabels":[{"Default":278018},{"Permanent":16152},{"Thread":1051832},{"Manager":51377},{"VertexData":8},{"Geometry":408},{"Shader":906960},{"Material":47642},{"TextureCache":4712},{"GfxDevice":36968},{"Animation":636312},{"Font":1773120},{"FreeType":63950},{"FontEngine":736},{"Physics":1970},{"Physics2D":16},{"Serialization":29384},{"Input":60256},{"JobScheduler":256},{"TextLib":43719},{"Mono":80},{"MonoCode":96},{"ScriptingNativeRuntime":155088},{"BaseObject":16920},{"Resource":1076},{"Renderer":2368},{"Transform":4717},{"File":63660},{"WebCam":80},{"Culling":32},{"Terrain":11346},{"Wind":24},{"String":1068817},{"StaticString":3808},{"Utility":2683952},{"Curl":1444},{"PoolAlloc":2056},{"AI":80},{"TypeTree":18285},{"ScriptManager":25312},{"CodeReload":448},{"RuntimeInitializeOnLoadManager":64},{"Sprites":102},{"SpriteAtlas":120},{"GI":7408},{"Director":6544},{"CloudService":8288},{"WebRequest":5060},{"VR":49554},{"SceneManager":640},{"Video":64},{"LazyScriptCache":32},{"NativeArray":1620},{"Camera":287169},{"Secure":8049},{"SerializationCache":9256},{"APIUpdating":10320},{"Subsystems":336},{"VirtualTexturing":57552},{"StaticSafetyDebugInfo":278528},{"Analytics":800},{"Hierarchy":1436},{"UIElements":40},{"CoreStats":14456},{"Identifiers":7152},{"Gui":268249},{"EditorUtility":2684627},{"VersionControl":8},{"Undo":963},{"AssetDatabase":4676150},{"AssetImporter":40},{"EditorGi":328},{"UnityConnect":37751},{"Upm":1836},{"UpmDiagnostics":8},{"AssetCompliance":96},{"DrivenProperties":72},{"LocalIPC":214},{"ProfilerEditor":9746},{"CoreBusinessMetrics":2520},{"Windowing":480},{"Licensing":12725},{"AssetReference":32},{"IPCStream":32}]}
