VBCSCompilerPreWarmer: watching VBCSCompiler (PID 22108)
VBCSCompilerPreWarmer: pre-warm launched (dotnet PID 15932)
VBCSCompiler prewarm took 13.44 ms
[Licensing::Module] Trying to connect to existing licensing client channel...
Built from '6000.6/staging' branch; Version is '6000.6.3f1 (45d8eee7de74) revision 4577518'; Using compiler version '194234433'; Build Type 'Release'
OS: 'Windows 11  (10.0.26200) Professional' Language: 'ru' Physical Memory: 32472 MB
[Licensing::IpcConnector] Successfully connected to: "LicenseClient-MSI" at "2026-09-30T15:20:16.1160103Z"
BatchMode: 0, IsHumanControllingUs: 1, StartBugReporterOnCrash: 1, Is64bit: 1
System  architecture: x64
Process architecture: x64
Date: 2026-09-30T15:20:16Z

COMMAND LINE ARGUMENTS:
C:\Program Files\Unity\Hub\Editor\6000.6.3f1\Editor\Unity.exe
-projectPath
C:\Users\MSI\OPD_laba_2
Successfully changed project path to: C:\Users\MSI\OPD_laba_2
C:/Users/MSI/OPD_laba_2
[UnityMemory] Configuration Parameters - Can be set up in boot.config
    "memorysetup-temp-allocator-size-gi-baking-worker=262144"
    "memorysetup-temp-allocator-size-gi-baking-worker=262144"
    "memorysetup-temp-allocator-size-gi-baking-worker=262144"
    "memorysetup-temp-allocator-size-gi-baking-worker=262144"
    "memorysetup-temp-allocator-size-gi-baking-worker=262144"
    "memorysetup-temp-allocator-size-nav-mesh-worker=65536"
    "memorysetup-temp-allocator-size-audio-worker=65536"
    "memorysetup-temp-allocator-size-cloud-worker=32768"
    "memorysetup-temp-allocator-size-gfx=262144"
    "memorysetup-remapper-allocator-initial-capacity=32768"
    "memorysetup-temp-allocator-size-preload-manager=33554432"
    "memorysetup-allocator-temp-initial-block-size-main=262144"
    "memorysetup-allocator-temp-initial-block-size-worker=262144"
    "memorysetup-temp-allocator-size-job-worker=262144"
    "memorysetup-temp-allocator-size-background-worker=32768"
    "memorysetup-bucket-allocator-granularity=16"
    "memorysetup-bucket-allocator-bucket-count=8"
    "memorysetup-bucket-allocator-block-size=33554432"
    "memorysetup-bucket-allocator-block-count=8"
    "memorysetup-main-allocator-block-size=16777216"
    "memorysetup-thread-allocator-block-size=16777216"
    "memorysetup-main-allocator-mimalloc-enabled=1"
    "memorysetup-gfx-main-allocator-block-size=16777216"
    "memorysetup-gfx-thread-allocator-block-size=16777216"
    "memorysetup-cache-allocator-block-size=4194304"
    "memorysetup-typetree-allocator-block-size=2097152"
    "memorysetup-profiler-bucket-allocator-granularity=16"
    "memorysetup-profiler-bucket-allocator-bucket-count=8"
    "memorysetup-profiler-bucket-allocator-block-size=33554432"
    "memorysetup-profiler-bucket-allocator-block-count=8"
    "memorysetup-profiler-allocator-block-size=16777216"
    "memorysetup-profiler-editor-allocator-block-size=1048576"
    "memorysetup-temp-allocator-size-main=16777216"
    "memorysetup-job-temp-allocator-block-size=2097152"
    "memorysetup-job-temp-allocator-block-size-background=1048576"
    "memorysetup-job-temp-allocator-reduction-small-platforms=262144"
Player connection [6776]  Target information:

Player connection [6776]  * "[IP] 172.19.0.1 [Port] 55504 [Flags] 2 [Guid] 2927610222 [EditorId] 2927610222 [Version] 1048832 [Id] WindowsEditor(7,DESKTOP-MTCHHAV) [Debug] 1 [PackageName] WindowsEditor [ProjectName] Editor" 

Player connection [6776]  * "[IP] 192.168.3.10 [Port] 55504 [Flags] 2 [Guid] 2927610222 [EditorId] 2927610222 [Version] 1048832 [Id] WindowsEditor(7,DESKTOP-MTCHHAV) [Debug] 1 [PackageName] WindowsEditor [ProjectName] Editor" 

Player connection [6776] Host joined multi-casting on [225.0.0.222:54997]...
Player connection [6776] Host joined alternative multi-casting on [225.0.0.222:34997]...
Input System module state changed to: Initialized.
[Licensing::Client] Code 10 while verifying Licensing Client signature (process Id: 22332, path: "C:/Program Files/Unity Hub/UnityLicensingClient_V1/Unity.Licensing.Client.exe")
[Licensing::Module] LicensingClient has failed validation; ignoring
[Physics::Module] Initialized fallback backend.
[Physics::Module] Id: 0xdecafbad
[Licensing::Client] Handshaking with LicensingClient:
  Version:                 1.18.3+d7ffd15
  Session Id:              44eef4d67a6441238b3a6eb82baf65be
  Correlation Id:          e35cd7d0a87048009a7b1555b953f0e6
  External correlation Id: 1698047872277621793
  Machine Id:              sxwzM81Ex40/eNcvTTuFU07obCk=
[Licensing::Module] Successfully connected to LicensingClient on channel: "LicenseClient-MSI" (connect: 0.00s, validation: 0.00s, handshake: 0.02s)
[Licensing::IpcConnector] Successfully connected to: "LicenseClient-MSI-notifications" at "2026-09-30T15:20:16.1416856Z"
[Licensing::Module] Error: Access token is unavailable; failed to update
[Licensing::Client] Successfully resolved entitlement details
[Licensing::Module] License group:
  Id: F4-JT8S-VX4V-2PXU-5UM5-XXXX
  Product: Unity Personal
  Type: ULF
  Expiration: Unlimited
[Licensing::Module] License group:
  Id: 5774130951012-UnityPersXXXX
  Product: Unity Personal
  Type: Assigned
  Expiration: Unlimited
[Licensing::Client] Successfully updated license, isAsync: True, time: 0.00
[Licensing::Client] Successfully resolved entitlement details
[Licensing::Module] License group:
  Id: F4-JT8S-VX4V-2PXU-5UM5-XXXX
  Product: Unity Personal
  Type: ULF
  Expiration: Unlimited
[Licensing::Module] License group:
  Id: 5774130951012-UnityPersXXXX
  Product: Unity Personal
  Type: Assigned
  Expiration: Unlimited
[Licensing::Module] Licensing Background thread has ended after 0.03s
[Package Manager] Connected to IPC stream "Upm-25288" after 0.2 seconds.
[Licensing::Client] Successfully resolved entitlement details
[Licensing::Module] License group:
  Id: F4-JT8S-VX4V-2PXU-5UM5-XXXX
  Product: Unity Personal
  Type: ULF
  Expiration: Unlimited
[Licensing::Module] License group:
  Id: 5774130951012-UnityPersXXXX
  Product: Unity Personal
  Type: Assigned
  Expiration: Unlimited
Library Redirect Path: Library/
Launching Unity Data Store - C:/Program Files/Unity/Hub/Editor/6000.6.3f1/Editor/Data/Tools/Unity.DataStore.exe 
Unity Data Store artifact dir = Library/DataStore, working dir = C:/Users/MSI/OPD_laba_2Serialized file "ProjectSettings/AudioManager.asset" contains a AudioManager object at version 1, below the supported minimum (2). Open and re-save the file to upgrade.
Serialized file "ProjectSettings/DynamicsManager.asset" contains a PhysicsManager object at version 7, below the supported minimum (13). Open and re-save the file to upgrade.
Serialized file "ProjectSettings/Physics2DSettings.asset" contains a Physics2DSettings object at version 3, below the supported minimum (4). Open and re-save the file to upgrade.
Unity Data Store running and initialised
[Physics::Module] Selected backend (deferred post-plugins).
[Physics::Module] Name: PhysX
[Physics::Module] Id: 0xf2b8ea05
[Physics::Module] SDK Version: 4.1.2
[Physics::Module] Integration Version: 1.0.0
[Physics::Module] Threading Mode: Multi-Threaded
Initialize engine version: 6000.6.3f1 (45d8eee7de74)
[EntityIdStore] init: VM path (explicit commit), pageSize=4096, blockCount=1048576, entitiesPerBlock=256, slots reserved=4294967296 bytes
[Subsystems] Discovering subsystems at path C:/Program Files/Unity/Hub/Editor/6000.6.3f1/Editor/Data/Resources/UnitySubsystems
[Subsystems] Discovering subsystems at path C:/Users/MSI/OPD_laba_2/Assets
[D3D12 Device Filter] Vendor Name: NVIDIA
[D3D12 Device Filter] Device Name: NVIDIA GeForce RTX 5070 Laptop GPU
[D3D12 Device Filter] Driver Version: 32.0.16.1047
[D3D12 Device Filter] Feature Level: 12.2
[D3D12 Device Filter] Graphics Memory: 7891 MB
[D3D12 Device Filter] Processor Count: 24
[D3D12 Device Filter] Device Type: Discrete
GfxDevice: creating device client; kGfxThreadingModeThreaded
d3d12: failed to query info queue interface (0x80004002).
Direct3D:
    Version:         Direct3D 12 [level 12.2]
    Renderer:        NVIDIA GeForce RTX 5070 Laptop GPU (ID=0x2d18)
    Vendor:          NVIDIA
    VRAM:            7891 MB
    App VRAM Budget: 7123 MB
    Driver:          32.0.16.1047
Initialize mono
Mono path[0] = 'C:/Program Files/Unity/Hub/Editor/6000.6.3f1/Editor/Data/Managed'
Mono path[1] = 'C:/Program Files/Unity/Hub/Editor/6000.6.3f1/Editor/Data/BCLExtensions/runtime/netstandard2.1'
Mono path[2] = 'C:/Program Files/Unity/Hub/Editor/6000.6.3f1/Editor/Data/MonoBleedingEdge/lib/mono/unityjit-win32'
Mono config path = 'C:/Program Files/Unity/Hub/Editor/6000.6.3f1/Editor/Data/MonoBleedingEdge/etc'
Using monoOptions --debugger-agent=transport=dt_socket,embedding=1,server=y,suspend=n,address=127.0.0.1:56288
CodeReloadManager initialized
ImportWorker Server TCP listen port: 0
AcceleratorClientConnectionCallback - disconnected - :0
Begin MonoManager ReloadAssembly
Registering precompiled unity dll's ...
Register platform support module: C:/Program Files/Unity/Hub/Editor/6000.6.3f1/Editor/Data/PlaybackEngines/WebGLSupport/UnityEditor.WebGL.Extensions.dll
Register platform support module: C:/Program Files/Unity/Hub/Editor/6000.6.3f1/Editor/Data/PlaybackEngines/WindowsStandaloneSupport/UnityEditor.WindowsStandalone.Extensions.dll
Registered in 0.001071 seconds.
Native extension for WindowsStandalone target not found
Native extension for WebGL target not found
Package Manager log level set to [2]
ScheduleIndexationOnStartup MainProcess:False IndexOnStartup:True
Scripting: successfully reloaded assembly
- Finished resetting the current domain, in  0.608 seconds
Domain Reload Profiling: 1013ms
	BeginReloadAssembly (91ms)
	RebuildCommonClasses (4ms)
	RebuildNativeTypeToScriptingClass (13ms)
	initialDomainReloadingComplete (47ms)
	LoadAllAssembliesAndSetupDomain (249ms)
		LoadAssemblies (88ms)
		TypeCache.Refresh (168ms)
			TypeCache.ScanAssembly (157ms)
		AnalyzeDomain (0ms)
	FinalizeReload (610ms)
		SetupLoadedEditorAssemblies (0ms)
			BeforeProcessingInitializeOnLoad (83ms)
			ProcessInitializeOnLoadAttributes (129ms)
			ProcessInitializeOnLoadMethodAttributes (182ms)
[Licensing::Client] Successfully resolved entitlement details
[Licensing::Module] License group:
  Id: F4-JT8S-VX4V-2PXU-5UM5-XXXX
  Product: Unity Personal
  Type: ULF
  Expiration: Unlimited
[Licensing::Module] License group:
  Id: 5774130951012-UnityPersXXXX
  Product: Unity Personal
  Type: Assigned
  Expiration: Unlimited
Application.AssetDatabase Initial Refresh Start
[Package Manager] Restoring resolved packages state from cache
[Licensing::Client] Successfully resolved entitlement details
[Package Manager] Registered 59 packages:
  Packages from [https://packages.unity.com]:
    com.unity.ai.navigation@2.0.14 (location: C:\Users\MSI\OPD_laba_2\Library\PackageCache\com.unity.ai.navigation@134dd6a3b97b)
    com.unity.collab-proxy@2.13.6 (location: C:\Users\MSI\OPD_laba_2\Library\PackageCache\com.unity.collab-proxy@4628d2ba6ea4)
    com.unity.ide.rider@3.0.38 (location: C:\Users\MSI\OPD_laba_2\Library\PackageCache\com.unity.ide.rider@1f60b3138684)
    com.unity.ide.visualstudio@2.0.26 (location: C:\Users\MSI\OPD_laba_2\Library\PackageCache\com.unity.ide.visualstudio@a99d56dec63f)
    com.unity.inputsystem@1.20.0 (location: C:\Users\MSI\OPD_laba_2\Library\PackageCache\com.unity.inputsystem@7a4e1a2a8194)
    com.unity.visualscripting@1.9.12 (location: C:\Users\MSI\OPD_laba_2\Library\PackageCache\com.unity.visualscripting@4edfcc09512f)
    com.unity.searcher@4.9.5 (location: C:\Users\MSI\OPD_laba_2\Library\PackageCache\com.unity.searcher@a463122f2c00)
    com.unity.profiling.core@1.0.3 (location: C:\Users\MSI\OPD_laba_2\Library\PackageCache\com.unity.profiling.core@8a49f7027d06)
    com.unity.nuget.mono-cecil@1.11.6 (location: C:\Users\MSI\OPD_laba_2\Library\PackageCache\com.unity.nuget.mono-cecil@ecb9724e46ff)
  Built-in packages:
    com.unity.render-pipelines.universal@17.6.0 (location: C:\Users\MSI\OPD_laba_2\Library\PackageCache\com.unity.render-pipelines.universal@327d93d1cbc8)
    com.unity.test-framework@1.8.0 (location: C:\Users\MSI\OPD_laba_2\Library\PackageCache\com.unity.test-framework@80f691d4262b)
    com.unity.timeline@6.6.0 (location: C:\Users\MSI\OPD_laba_2\Library\PackageCache\com.unity.timeline@c56d56b0070b)
    com.unity.ugui@2.6.0 (location: C:\Users\MSI\OPD_laba_2\Library\PackageCache\com.unity.ugui@0727b404f3a0)
    com.unity.modules.accessibility@1.0.0 (location: C:\Users\MSI\OPD_laba_2\Library\PackageCache\com.unity.modules.accessibility)
    com.unity.modules.adaptiveperformance@1.0.0 (location: C:\Users\MSI\OPD_laba_2\Library\PackageCache\com.unity.modules.adaptiveperformance)
    com.unity.modules.ai@1.0.0 (location: C:\Users\MSI\OPD_laba_2\Library\PackageCache\com.unity.modules.ai)
    com.unity.modules.androidjni@1.0.0 (location: C:\Users\MSI\OPD_laba_2\Library\PackageCache\com.unity.modules.androidjni)
    com.unity.modules.animation@1.0.0 (location: C:\Users\MSI\OPD_laba_2\Library\PackageCache\com.unity.modules.animation)
    com.unity.modules.assetbundle@1.0.0 (location: C:\Users\MSI\OPD_laba_2\Library\PackageCache\com.unity.modules.assetbundle)
    com.unity.modules.audio@1.0.0 (location: C:\Users\MSI\OPD_laba_2\Library\PackageCache\com.unity.modules.audio)
    com.unity.modules.cloth@1.0.0 (location: C:\Users\MSI\OPD_laba_2\Library\PackageCache\com.unity.modules.cloth)
    com.unity.modules.director@1.0.0 (location: C:\Users\MSI\OPD_laba_2\Library\PackageCache\com.unity.modules.director)
    com.unity.modules.imageconversion@1.0.0 (location: C:\Users\MSI\OPD_laba_2\Library\PackageCache\com.unity.modules.imageconversion)
    com.unity.modules.imgui@1.0.0 (location: C:\Users\MSI\OPD_laba_2\Library\PackageCache\com.unity.modules.imgui)
    com.unity.modules.jsonserialize@1.0.0 (location: C:\Users\MSI\OPD_laba_2\Library\PackageCache\com.unity.modules.jsonserialize)
    com.unity.modules.particlesystem@1.0.0 (location: C:\Users\MSI\OPD_laba_2\Library\PackageCache\com.unity.modules.particlesystem)
    com.unity.modules.physics@1.0.0 (location: C:\Users\MSI\OPD_laba_2\Library\PackageCache\com.unity.modules.physics)
    com.unity.modules.physics2d@1.0.0 (location: C:\Users\MSI\OPD_laba_2\Library\PackageCache\com.unity.modules.physics2d)
    com.unity.modules.physicscore2d@1.0.0 (location: C:\Users\MSI\OPD_laba_2\Library\PackageCache\com.unity.modules.physicscore2d)
    com.unity.modules.screencapture@1.0.0 (location: C:\Users\MSI\OPD_laba_2\Library\PackageCache\com.unity.modules.screencapture)
    com.unity.modules.terrain@1.0.0 (location: C:\Users\MSI\OPD_laba_2\Library\PackageCache\com.unity.modules.terrain)
    com.unity.modules.terrainphysics@1.0.0 (location: C:\Users\MSI\OPD_laba_2\Library\PackageCache\com.unity.modules.terrainphysics)
    com.unity.modules.tetgen@1.0.0 (location: C:\Users\MSI\OPD_laba_2\Library\PackageCache\com.unity.modules.tetgen)
    com.unity.modules.tilemap@1.0.0 (location: C:\Users\MSI\OPD_laba_2\Library\PackageCache\com.unity.modules.tilemap)
    com.unity.modules.timelinefoundation@1.0.0 (location: C:\Users\MSI\OPD_laba_2\Library\PackageCache\com.unity.modules.timelinefoundation)
    com.unity.modules.ui@1.0.0 (location: C:\Users\MSI\OPD_laba_2\Library\PackageCache\com.unity.modules.ui)
    com.unity.modules.uielements@1.0.0 (location: C:\Users\MSI\OPD_laba_2\Library\PackageCache\com.unity.modules.uielements)
    com.unity.modules.umbra@1.0.0 (location: C:\Users\MSI\OPD_laba_2\Library\PackageCache\com.unity.modules.umbra)
    com.unity.modules.unityanalytics@1.0.0 (location: C:\Users\MSI\OPD_laba_2\Library\PackageCache\com.unity.modules.unityanalytics)
    com.unity.modules.unitywebrequest@1.0.0 (location: C:\Users\MSI\OPD_laba_2\Library\PackageCache\com.unity.modules.unitywebrequest)
    com.unity.modules.unitywebrequestassetbundle@1.0.0 (location: C:\Users\MSI\OPD_laba_2\Library\PackageCache\com.unity.modules.unitywebrequestassetbundle)
    com.unity.modules.unitywebrequestaudio@1.0.0 (location: C:\Users\MSI\OPD_laba_2\Library\PackageCache\com.unity.modules.unitywebrequestaudio)
    com.unity.modules.unitywebrequesttexture@1.0.0 (location: C:\Users\MSI\OPD_laba_2\Library\PackageCache\com.unity.modules.unitywebrequesttexture)
    com.unity.modules.unitywebrequestwww@1.0.0 (location: C:\Users\MSI\OPD_laba_2\Library\PackageCache\com.unity.modules.unitywebrequestwww)
    com.unity.modules.vectorgraphics@1.0.0 (location: C:\Users\MSI\OPD_laba_2\Library\PackageCache\com.unity.modules.vectorgraphics)
    com.unity.modules.vehicles@1.0.0 (location: C:\Users\MSI\OPD_laba_2\Library\PackageCache\com.unity.modules.vehicles)
    com.unity.modules.video@1.0.0 (location: C:\Users\MSI\OPD_laba_2\Library\PackageCache\com.unity.modules.video)
    com.unity.modules.wind@1.0.0 (location: C:\Users\MSI\OPD_laba_2\Library\PackageCache\com.unity.modules.wind)
    com.unity.modules.xr@1.0.0 (location: C:\Users\MSI\OPD_laba_2\Library\PackageCache\com.unity.modules.xr)
    com.unity.modules.subsystems@1.0.0 (location: C:\Users\MSI\OPD_laba_2\Library\PackageCache\com.unity.modules.subsystems)
    com.unity.modules.hierarchycore@1.0.0 (location: C:\Users\MSI\OPD_laba_2\Library\PackageCache\com.unity.modules.hierarchycore)
    com.unity.ext.nunit@2.1.0 (location: C:\Users\MSI\OPD_laba_2\Library\PackageCache\com.unity.ext.nunit@0198eae3b53e)
    com.unity.render-pipelines.core@17.6.0 (location: C:\Users\MSI\OPD_laba_2\Library\PackageCache\com.unity.render-pipelines.core@02d75770e4b3)
    com.unity.shadergraph@17.6.0 (location: C:\Users\MSI\OPD_laba_2\Library\PackageCache\com.unity.shadergraph@1dd0fd24b57e)
    com.unity.render-pipelines.universal-config@17.6.0 (location: C:\Users\MSI\OPD_laba_2\Library\PackageCache\com.unity.render-pipelines.universal-config@561422b74439)
    com.unity.graph-authoring@1.0.0 (location: C:\Users\MSI\OPD_laba_2\Library\PackageCache\com.unity.graph-authoring@cfd2588851ee)
    com.unity.burst@2.0.0 (location: C:\Users\MSI\OPD_laba_2\Library\PackageCache\com.unity.burst@626e66ab421b)
    com.unity.collections@6.6.0 (location: C:\Users\MSI\OPD_laba_2\Library\PackageCache\com.unity.collections@10fff0607388)
    com.unity.test-framework.performance@6.6.0 (location: C:\Users\MSI\OPD_laba_2\Library\PackageCache\com.unity.test-framework.performance@b6023decb532)
[Subsystems] No new subsystems found in resolved package list.
[Package Manager] Done registering packages in 0.02 seconds
Starting: C:\Program Files\Unity\Hub\Editor\6000.6.3f1\Editor\Data\Tools\BuildPipeline\bee_backend.exe --ipc --defer-dag-verification --dagfile="Library/Bee/1900b0aE.dag" --continue-on-failure --profile="Library/Bee/backend1.traceevents" ScriptAssemblies
WorkingDir: C:/Users/MSI/OPD_laba_2
ExitCode: 4 Duration: 0s211ms
[684/970    0s] CopyFiles Library/ScriptAssemblies/Unity.Rider.Editor.dll
[686/970    0s] CopyFiles Library/ScriptAssemblies/Unity.Rider.Editor.pdb
[690/970    0s] CopyFiles Library/ScriptAssemblies/Unity.VisualStudio.Editor.dll
[691/970    0s] CopyFiles Library/ScriptAssemblies/Unity.VisualStudio.Editor.pdb
[694/970    0s] CopyFiles Library/ScriptAssemblies/Unity.Collections.CodeGen.dll
[711/970    0s] CopyFiles Library/ScriptAssemblies/Unity.Collections.CodeGen.pdb
Rebuilding DAG because FileSignature timestamp changed: Library/Bee/1900b0aE-inputdata.json
[756/970    0s] ILPP-Configuration Library/ilpp-configuration.nevergeneratedoutput
*** Tundra requires additional run (0.18 seconds), 7 items updated, 755 evaluated
Starting: C:\Program Files\Unity\Hub\Editor\6000.6.3f1\Editor\Data\DotNetSdk\dotnet.exe "C:\Program Files\Unity\Hub\Editor\6000.6.3f1\Editor\Data\Tools\BuildPipeline\ScriptCompilationBuildProgram.exe" "Library/Bee/1900b0aE.dag.json" "Library/Bee/1900b0aE-inputdata.json" "Library\Bee\buildprogram0.traceevents"
WorkingDir: C:/Users/MSI/OPD_laba_2
ExitCode: 0 Duration: 4s513ms
Starting: C:\Program Files\Unity\Hub\Editor\6000.6.3f1\Editor\Data\Tools\BuildPipeline\bee_backend.exe --ipc --defer-dag-verification --dagfile="Library/Bee/1900b0aE.dag" --continue-on-failure --dagfilejson="Library\Bee\1900b0aE.dag.json" --profile="Library/Bee/backend2.traceevents" ScriptAssemblies
WorkingDir: C:/Users/MSI/OPD_laba_2
ExitCode: 0 Duration: 14s
Finished compiling graph: 973 nodes, 18873 flattened edges (16069 ToBuild, 148 ToUse), maximum node priority 1022
[243/970    0s] WriteText Library/Bee/artifacts/1900b0aE.dag/Unity.InputSystem.rsp
[266/970    0s] WriteText Library/Bee/artifacts/1900b0aE.dag/Unity.RenderPipeline.Universal.ShaderLibrary.rsp
[267/970    0s] WriteText Library/Bee/artifacts/1900b0aE.dag/Unity.InternalAPIEngineBridge.RenderPipelines.Core.Editor.rsp
[268/970    0s] WriteText Library/Bee/artifacts/1900b0aE.dag/Unity.Collections.rsp
[270/970    0s] WriteText Library/Bee/artifacts/1900b0aE.dag/Unity.PathTracing.Runtime.rsp
[274/970    0s] WriteText Library/Bee/artifacts/1900b0aE.dag/Unity.Profiling.Core.rsp
[281/970    0s] WriteText Library/Bee/artifacts/1900b0aE.dag/Unity.RenderPipelines.GPUDriven.Runtime.rsp
[282/970    0s] WriteText Library/Bee/artifacts/1900b0aE.dag/Unity.VisualScripting.Core.rsp
[283/970    0s] WriteText Library/Bee/artifacts/1900b0aE.dag/Unity.RenderPipelines.Core.Runtime.Shared.rsp
[286/970    0s] WriteText Library/Bee/artifacts/1900b0aE.dag/Unity.Collections.CodeGen.rsp
[287/970    0s] WriteText Library/Bee/artifacts/1900b0aE.dag/UnityEngine.UI.rsp
[288/970    0s] WriteText Library/Bee/artifacts/1900b0aE.dag/Unity.UnifiedRayTracing.Runtime.rsp
[291/970    0s] WriteText Library/Bee/artifacts/1900b0aE.dag/UnityEditor.UI.rsp
[298/970    0s] WriteText Library/Bee/artifacts/1900b0aE.dag/UnityEngine.TestRunner.rsp
[299/970    0s] WriteText Library/Bee/artifacts/1900b0aE.dag/Unity.Burst.rsp
[304/970    0s] WriteText Library/Bee/artifacts/1900b0aE.dag/Unity.RenderPipelines.Core.Editor.rsp
[316/970    0s] WriteText Library/Bee/artifacts/1900b0aE.dag/Unity.RenderPipelines.Core.Runtime.rsp
[317/970    0s] WriteText Library/Bee/artifacts/1900b0aE.dag/UnityEditor.TestRunner.rsp
[318/970    0s] WriteText Library/Bee/artifacts/1900b0aE.dag/Unity.InternalAPIEngineBridge.RenderPipelines.Core.Runtime.Shared.rsp
[323/970    0s] WriteText Library/Bee/artifacts/1900b0aE.dag/Unity.InternalAPIEngineBridge.ObjectDispatcher.Runtime.rsp
[324/970    0s] WriteText Library/Bee/artifacts/1900b0aE.dag/Unity.PathTracing.Editor.rsp
[325/970    0s] WriteText Library/Bee/artifacts/1900b0aE.dag/Unity.RenderPipelines.Universal.Config.Runtime.rsp
[326/970    0s] WriteText Library/Bee/artifacts/1900b0aE.dag/Unity.SurfaceCache.Runtime.rsp
[332/970    0s] WriteText Library/Bee/artifacts/1900b0aE.dag/Unity.VisualScripting.Flow.rsp
[353/970    0s] WriteText Library/Bee/artifacts/1900b0aE.dag/Unity.VisualScripting.Core.Editor.rsp
[392/970    0s] WriteText Library/Bee/artifacts/1900b0aE.dag/Unity.VisualScripting.State.rsp
[393/970    0s] WriteText Library/Bee/artifacts/1900b0aE.dag/Unity.AI.Navigation.Editor.ConversionSystem.rsp
[394/970    0s] WriteText Library/Bee/artifacts/1900b0aE.dag/Unity.RenderPipelines.Universal.Runtime.rsp
[395/970    0s] WriteText Library/Bee/artifacts/1900b0aE.dag/Unity.VisualScripting.Flow.Editor.rsp
[396/970    0s] WriteText Library/Bee/artifacts/1900b0aE.dag/Unity.InternalAPIEngineBridge.004.rsp
[397/970    0s] WriteText Library/Bee/artifacts/1900b0aE.dag/Unity.Searcher.Editor.rsp
[398/970    0s] WriteText Library/Bee/artifacts/1900b0aE.dag/Unity.InternalAPIEditorBridge.ShaderGraph.Editor.rsp
[399/970    0s] WriteText Library/Bee/artifacts/1900b0aE.dag/Unity.ShaderGraph.Utilities.rsp
[400/970    0s] WriteText Library/Bee/artifacts/1900b0aE.dag/Unity.AI.Navigation.rsp
[401/970    0s] WriteText Library/Bee/artifacts/1900b0aE.dag/Unity.GraphAuthoring.Editor.rsp
[402/970    0s] WriteText Library/Bee/artifacts/1900b0aE.dag/Unity.PlasticSCM.Editor.rsp
[403/970    0s] WriteText Library/Bee/artifacts/1900b0aE.dag/Unity.ShaderGraph.Editor.rsp
[404/970    0s] WriteText Library/Bee/artifacts/1900b0aE.dag/Unity.RenderPipelines.Universal.2D.Runtime.rsp
[405/970    0s] WriteText Library/Bee/artifacts/1900b0aE.dag/Unity.TextMeshPro.rsp
[406/970    0s] WriteText Library/Bee/artifacts/1900b0aE.dag/Unity.RenderPipelines.Core.Editor.Shared.rsp
[407/970    0s] WriteText Library/Bee/artifacts/1900b0aE.dag/Unity.InputSystem.ForUI.rsp
[408/970    0s] WriteText Library/Bee/artifacts/1900b0aE.dag/Unity.AI.Navigation.Editor.rsp
[409/970    0s] WriteText Library/Bee/artifacts/1900b0aE.dag/Unity.Timeline.rsp
[410/970    0s] WriteText Library/Bee/artifacts/1900b0aE.dag/Unity.VisualStudio.Editor.rsp
[411/970    0s] WriteText Library/Bee/artifacts/1900b0aE.dag/Unity.VisualScripting.State.Editor.rsp
[414/970    0s] WriteText Library/Bee/artifacts/1900b0aE.dag/Unity.Rider.Editor.rsp
[418/970    0s] WriteText Library/Bee/artifacts/1900b0aE.dag/Unity.RenderPipelines.Universal.2D.Editor.Overrides.rsp
[441/970    0s] WriteText Library/Bee/artifacts/1900b0aE.dag/Unity.AI.Navigation.Updater.rsp
[442/970    0s] WriteText Library/Bee/artifacts/1900b0aE.dag/Unity.RenderPipelines.Universal.Editor.rsp
[443/970    0s] WriteText Library/Bee/artifacts/1900b0aE.dag/Unity.VisualScripting.SettingsProvider.Editor.rsp
[444/970    0s] WriteText Library/Bee/artifacts/1900b0aE.dag/Unity.TextMeshPro.Editor.rsp
[445/970    0s] WriteText Library/Bee/artifacts/1900b0aE.dag/Unity.Collections.Editor.rsp
[446/970    0s] WriteText Library/Bee/artifacts/1900b0aE.dag/Unity.Timeline.Editor.rsp
[447/970    0s] WriteText Library/Bee/artifacts/1900b0aE.dag/Unity.Collections.Tests.CoreCLR.InternalJobNestedPrivate.rsp
[448/970    0s] WriteText Library/Bee/artifacts/1900b0aE.dag/Unity.VisualScripting.Shared.Editor.rsp
[449/970    0s] WriteText Library/Bee/artifacts/1900b0aE.dag/Unity.RenderPipelines.Universal.Shaders.rsp
[450/970    0s] WriteText Library/Bee/artifacts/1900b0aE.dag/Unity.Collections.Tests.CoreCLR.ProtectedJobNested.rsp
[451/970    0s] WriteText Library/Bee/artifacts/1900b0aE.dag/Unity.Collections.Tests.CoreCLR.PublicJobPrivateGeneric.rsp
[452/970    0s] WriteText Library/Bee/artifacts/1900b0aE.dag/Unity.Collections.Tests.CoreCLR.PrivateJobNested.rsp
[453/970    0s] WriteResponseFile Library/Bee/artifacts/rsp/11294775302662683298.rsp
[454/970    0s] WriteText Library/Bee/artifacts/1900b0aE.dag/UnityEditor.UI.Analytics.rsp
[455/970    0s] WriteResponseFile Library/Bee/artifacts/rsp/15085861467720516389.rsp
[456/970    0s] WriteText Library/Bee/artifacts/1900b0aE.dag/Unity.InputSystem.ForUI.Editor.rsp
[457/970    0s] WriteResponseFile Library/Bee/artifacts/rsp/8899139255040401798.rsp
[458/970    0s] WriteText Library/Bee/artifacts/1900b0aE.dag/Unity.PlasticSCM.Editor.Assistant.rsp
[459/970    0s] WriteResponseFile Library/Bee/artifacts/rsp/3064155424177982801.rsp
[460/970    0s] WriteText Library/Bee/artifacts/1900b0aE.dag/Unity.RenderPipelines.Core.ShaderLibrary.rsp
[461/970    0s] WriteResponseFile Library/Bee/artifacts/rsp/7606483801609891643.rsp
[462/970    0s] WriteText Library/Bee/artifacts/1900b0aE.dag/Assembly-CSharp.rsp
[463/970    0s] WriteText Library/Bee/artifacts/1900b0aE.dag/Unity.RenderPipelines.ShaderGraph.ShaderGraphLibrary.rsp
[464/970    0s] WriteResponseFile Library/Bee/artifacts/rsp/10745884157788120225.rsp
[465/970    0s] WriteText Library/Bee/artifacts/1900b0aE.dag/Unity.Rendering.LightTransport.Editor.rsp
[466/970    0s] WriteResponseFile Library/Bee/artifacts/rsp/2157608619508796868.rsp
[467/970    0s] WriteText Library/Bee/artifacts/1900b0aE.dag/Unity.PerformanceTesting.rsp
[468/970    0s] WriteResponseFile Library/Bee/artifacts/rsp/18218310762646611085.rsp
[469/970    0s] WriteText Library/Bee/artifacts/1900b0aE.dag/Unity.PlasticSCM.Editor.Entities.rsp
[470/970    0s] WriteText Library/Bee/artifacts/1900b0aE.dag/Unity.InputSystem.TestFramework.rsp
[471/970    0s] WriteResponseFile Library/Bee/artifacts/rsp/5803490648119114145.rsp
[472/970    0s] WriteResponseFile Library/Bee/artifacts/rsp/4691676790321305727.rsp
[473/970    0s] WriteText Library/Bee/artifacts/1900b0aE.dag/Unity.VisualScripting.DocCodeExamples.rsp
[474/970    0s] WriteText Library/Bee/artifacts/1900b0aE.dag/Unity.CollabProxy.Editor.rsp
[475/970    0s] WriteText Library/Bee/artifacts/1900b0aE.dag/Unity.InputSystem.DocCodeSamples.rsp
[476/970    0s] WriteText Library/Bee/artifacts/1900b0aE.dag/Assembly-CSharp-Editor.rsp
[477/970    0s] WriteText Library/Bee/artifacts/1900b0aE.dag/Unity.PerformanceTesting.Editor.rsp
[478/970    0s] WriteResponseFile Library/Bee/artifacts/rsp/9870516708743257357.rsp
[479/970    0s] WriteResponseFile Library/Bee/artifacts/rsp/3232911574759799904.rsp
[480/970    0s] WriteResponseFile Library/Bee/artifacts/rsp/10010842633742469623.rsp
[481/970    0s] WriteResponseFile Library/Bee/artifacts/rsp/13909235412005675431.rsp
[482/970    0s] WriteResponseFile Library/Bee/artifacts/rsp/15966515983506956808.rsp
[483/970    0s] WriteResponseFile Library/Bee/artifacts/rsp/1478594098268573080.rsp
[484/970    0s] WriteResponseFile Library/Bee/artifacts/rsp/2897256077774953845.rsp
[485/970    0s] WriteResponseFile Library/Bee/artifacts/rsp/17346584914308636752.rsp
[486/970    0s] WriteResponseFile Library/Bee/artifacts/rsp/1418726328684876121.rsp
[487/970    0s] WriteResponseFile Library/Bee/artifacts/rsp/14832617886295879631.rsp
[488/970    0s] WriteResponseFile Library/Bee/artifacts/rsp/5546506141355401238.rsp
[489/970    0s] WriteResponseFile Library/Bee/artifacts/rsp/12912871946893575143.rsp
[490/970    0s] WriteResponseFile Library/Bee/artifacts/rsp/14316143403170570236.rsp
[491/970    0s] WriteResponseFile Library/Bee/artifacts/rsp/10571807241835812913.rsp
[492/970    0s] WriteResponseFile Library/Bee/artifacts/rsp/5249134988916615986.rsp
[493/970    0s] WriteResponseFile Library/Bee/artifacts/rsp/11787665206494273547.rsp
[494/970    0s] WriteResponseFile Library/Bee/artifacts/rsp/10678863128556690338.rsp
[495/970    0s] WriteResponseFile Library/Bee/artifacts/rsp/10397561839769426034.rsp
[496/970    0s] WriteResponseFile Library/Bee/artifacts/rsp/4014436084419441659.rsp
[497/970    0s] WriteResponseFile Library/Bee/artifacts/rsp/3071285868016441895.rsp
[498/970    0s] WriteResponseFile Library/Bee/artifacts/rsp/10882039081662076641.rsp
[499/970    0s] WriteResponseFile Library/Bee/artifacts/rsp/13686715218353603589.rsp
[500/970    0s] WriteResponseFile Library/Bee/artifacts/rsp/14402696373757716438.rsp
[501/970    0s] WriteResponseFile Library/Bee/artifacts/rsp/1237274906319909237.rsp
[502/970    0s] WriteResponseFile Library/Bee/artifacts/rsp/9362519405459664194.rsp
[503/970    0s] WriteResponseFile Library/Bee/artifacts/rsp/17525389461119239690.rsp
[504/970    0s] WriteResponseFile Library/Bee/artifacts/rsp/15183482696195477058.rsp
[505/970    0s] WriteResponseFile Library/Bee/artifacts/rsp/10411718816959651794.rsp
[506/970    0s] WriteResponseFile Library/Bee/artifacts/rsp/15394042617203071315.rsp
[507/970    0s] WriteResponseFile Library/Bee/artifacts/rsp/9675442845102135732.rsp
[508/970    0s] WriteResponseFile Library/Bee/artifacts/rsp/2781082588993088484.rsp
[509/970    0s] WriteResponseFile Library/Bee/artifacts/rsp/1488387367365330867.rsp
[510/970    0s] WriteResponseFile Library/Bee/artifacts/rsp/12900333509587573630.rsp
[511/970    0s] WriteResponseFile Library/Bee/artifacts/rsp/6083568660615989563.rsp
[512/970    0s] WriteResponseFile Library/Bee/artifacts/rsp/6413563044966999158.rsp
[513/970    0s] WriteResponseFile Library/Bee/artifacts/rsp/9111662996337956171.rsp
[514/970    0s] WriteResponseFile Library/Bee/artifacts/rsp/2400031028012695012.rsp
[515/970    0s] WriteResponseFile Library/Bee/artifacts/rsp/6262281476893245489.rsp
[516/970    0s] WriteResponseFile Library/Bee/artifacts/rsp/4772145154433932943.rsp
[517/970    0s] WriteResponseFile Library/Bee/artifacts/rsp/14566447020836459352.rsp
[518/970    0s] WriteResponseFile Library/Bee/artifacts/rsp/2240406767038398906.rsp
[519/970    0s] WriteResponseFile Library/Bee/artifacts/rsp/3388064732626934676.rsp
[520/970    0s] WriteResponseFile Library/Bee/artifacts/rsp/2953117779104569460.rsp
[521/970    0s] WriteResponseFile Library/Bee/artifacts/rsp/17296387151066238333.rsp
[522/970    0s] WriteResponseFile Library/Bee/artifacts/rsp/6841316898876630997.rsp
[523/970    0s] WriteResponseFile Library/Bee/artifacts/rsp/15312589170787849123.rsp
[524/970    0s] WriteResponseFile Library/Bee/artifacts/rsp/11820488456832421373.rsp
[525/970    0s] WriteResponseFile Library/Bee/artifacts/rsp/15183149355271759364.rsp
[526/970    0s] WriteResponseFile Library/Bee/artifacts/rsp/5652260764500437206.rsp
[527/970    0s] WriteResponseFile Library/Bee/artifacts/rsp/15154896315304165303.rsp
[528/970    0s] WriteResponseFile Library/Bee/artifacts/rsp/9963604852455136489.rsp
[529/970    0s] WriteResponseFile Library/Bee/artifacts/rsp/1723042715960067801.rsp
[530/970    0s] WriteResponseFile Library/Bee/artifacts/rsp/17723086061372457914.rsp
[531/970    0s] WriteResponseFile Library/Bee/artifacts/rsp/16285879237017002407.rsp
[532/970    0s] WriteResponseFile Library/Bee/artifacts/rsp/3938377011463375229.rsp
[533/970    0s] WriteResponseFile Library/Bee/artifacts/rsp/2655319114021734818.rsp
[534/970    0s] WriteResponseFile Library/Bee/artifacts/rsp/7759033573704817190.rsp
[535/970    0s] WriteResponseFile Library/Bee/artifacts/rsp/12812556936427222528.rsp
[536/970    0s] WriteResponseFile Library/Bee/artifacts/rsp/9703144790800738880.rsp
[537/970    0s] WriteResponseFile Library/Bee/artifacts/rsp/10292501669419677951.rsp
[538/970    0s] WriteResponseFile Library/Bee/artifacts/rsp/8863518860715653438.rsp
[           0s] Csc Library/Bee/artifacts/1900b0aE.dag/UnityEngine.TestRunner.dll (+2 others) [CacheMiss 41993611b3b314eab192de57ffaee4a300000000000000000000000000000006]
[           0s] Csc Library/Bee/artifacts/1900b0aE.dag/UnityEngine.UI.dll (+2 others) [CacheMiss 6a2d87679fb9aef6b8bf3b88a43e23e000000000000000000000000000000006]
[539/970    1s] Csc Library/Bee/artifacts/1900b0aE.dag/UnityEngine.TestRunner.dll (+2 others)
[540/970    1s] Csc Library/Bee/artifacts/1900b0aE.dag/UnityEngine.UI.dll (+2 others)
[           0s] Csc Library/Bee/artifacts/1900b0aE.dag/UnityEngine.UI.dll (+2 others) [CacheWrite 6a2d87679fb9aef6b8bf3b88a43e23e000000000000000000000000000000006]
[           0s] Csc Library/Bee/artifacts/1900b0aE.dag/UnityEngine.TestRunner.dll (+2 others) [CacheWrite 41993611b3b314eab192de57ffaee4a300000000000000000000000000000006]
[           0s] Csc Library/Bee/artifacts/1900b0aE.dag/UnityEditor.TestRunner.dll (+2 others) [CacheMiss 756d283d3c40a7d49c099d557964934e00000000000000000000000000000006]
[544/970    0s] Csc Library/Bee/artifacts/1900b0aE.dag/UnityEditor.TestRunner.dll (+2 others)
[           0s] Csc Library/Bee/artifacts/1900b0aE.dag/UnityEditor.TestRunner.dll (+2 others) [CacheWrite 756d283d3c40a7d49c099d557964934e00000000000000000000000000000006]
[           0s] Csc Library/Bee/artifacts/1900b0aE.dag/UnityEditor.UI.dll (+2 others) [CacheMiss f8db4357426c32f406c6a3c2f1444c7f00000000000000000000000000000006]
[547/970    0s] Csc Library/Bee/artifacts/1900b0aE.dag/UnityEditor.UI.dll (+2 others)
[           0s] Csc Library/Bee/artifacts/1900b0aE.dag/UnityEditor.UI.dll (+2 others) [CacheWrite f8db4357426c32f406c6a3c2f1444c7f00000000000000000000000000000006]
[           0s] Csc Library/Bee/artifacts/1900b0aE.dag/Unity.Burst.dll (+2 others) [CacheMiss 93e8bfc78e769e203d05a510800149c100000000000000000000000000000006]
[           0s] Csc Library/Bee/artifacts/1900b0aE.dag/Unity.RenderPipelines.Core.ShaderLibrary.dll (+2 others) [CacheMiss 3970915eb60d70b511b5bbfb43b664f200000000000000000000000000000006]
[           0s] Csc Library/Bee/artifacts/1900b0aE.dag/Unity.InternalAPIEngineBridge.004.dll (+2 others) [CacheMiss b21b8007ddcaa475511d26d7de00b9a100000000000000000000000000000006]
[           0s] Csc Library/Bee/artifacts/1900b0aE.dag/Unity.RenderPipelines.Universal.Shaders.dll (+2 others) [CacheMiss 5d29a880a3886464d1ec089b00eb2c8100000000000000000000000000000006]
[           0s] Csc Library/Bee/artifacts/1900b0aE.dag/Unity.GraphAuthoring.Editor.dll (+2 others) [CacheMiss 225bdc63cb130d286b4bd7a34e6c0d3b00000000000000000000000000000006]
[           0s] Csc Library/Bee/artifacts/1900b0aE.dag/Unity.Timeline.dll (+2 others) [CacheMiss 576ebd09798e2e87699822ca7d27a55800000000000000000000000000000006]
[           0s] Csc Library/Bee/artifacts/1900b0aE.dag/Unity.Searcher.Editor.dll (+2 others) [CacheMiss 5da1b3417f0956dae7437f4de55c9ebe00000000000000000000000000000006]
[           0s] Csc Library/Bee/artifacts/1900b0aE.dag/Unity.AI.Navigation.dll (+2 others) [CacheMiss ff253a37a5c92b2387c1d5f0a73e104100000000000000000000000000000006]
[           0s] Csc Library/Bee/artifacts/1900b0aE.dag/Unity.Profiling.Core.dll (+2 others) [CacheMiss edff88c4349d625110c23a2ba3872a8b00000000000000000000000000000006]
[           0s] Csc Library/Bee/artifacts/1900b0aE.dag/Unity.InputSystem.dll (+2 others) [CacheMiss df1950db57f9efc979753fdc4c684de400000000000000000000000000000006]
[           0s] Csc Library/Bee/artifacts/1900b0aE.dag/Unity.VisualStudio.Editor.dll (+2 others) [CacheMiss e7d813c62485c992f54fc2cfa06a4c2e00000000000000000000000000000006]
[           0s] Csc Library/Bee/artifacts/1900b0aE.dag/Unity.InternalAPIEngineBridge.RenderPipelines.Core.Editor.dll (+2 others) [CacheMiss bddd4b96415d2e68510d20d5a275167700000000000000000000000000000006]
[           0s] Csc Library/Bee/artifacts/1900b0aE.dag/Unity.PlasticSCM.Editor.dll (+2 others) [CacheMiss c0b35b7ea2c981cb72b093c7946ad2cb00000000000000000000000000000006]
[           0s] Csc Library/Bee/artifacts/1900b0aE.dag/Unity.AI.Navigation.Editor.ConversionSystem.dll (+2 others) [CacheMiss 409efeae004acc3493e77152d3c786b100000000000000000000000000000006]
[           0s] Csc Library/Bee/artifacts/1900b0aE.dag/Unity.PerformanceTesting.dll (+2 others) [CacheMiss 4909a86f7c4d86d5e6efbdac923dce8100000000000000000000000000000006]
[           0s] Csc Library/Bee/artifacts/1900b0aE.dag/Unity.InternalAPIEngineBridge.RenderPipelines.Core.Runtime.Shared.dll (+2 others) [CacheMiss 159c9702ba3205885f57d1d8e55ac93400000000000000000000000000000006]
[           0s] Csc Library/Bee/artifacts/1900b0aE.dag/Unity.Rider.Editor.dll (+2 others) [CacheMiss d163ce2ec09459a9202e9bceb2d9aa6c00000000000000000000000000000006]
[           0s] Csc Library/Bee/artifacts/1900b0aE.dag/Unity.InternalAPIEngineBridge.ObjectDispatcher.Runtime.dll (+2 others) [CacheMiss a18991bf7d8deddf50f1c4679e32430500000000000000000000000000000006]
[           0s] Csc Library/Bee/artifacts/1900b0aE.dag/Unity.InternalAPIEditorBridge.ShaderGraph.Editor.dll (+2 others) [CacheMiss 79f02a2e8685c90db32453a59b47148600000000000000000000000000000006]
[           0s] Csc Library/Bee/artifacts/1900b0aE.dag/Unity.ShaderGraph.Utilities.dll (+2 others) [CacheMiss 31aec815274324f31254cddd485d672400000000000000000000000000000006]
[           0s] Csc Library/Bee/artifacts/1900b0aE.dag/Unity.Rendering.LightTransport.Editor.dll (+2 others) [CacheMiss a68979b1a28708c1856c0270f42411c500000000000000000000000000000006]
[           0s] Csc Library/Bee/artifacts/1900b0aE.dag/Unity.RenderPipelines.ShaderGraph.ShaderGraphLibrary.dll (+2 others) [CacheMiss 0cbb76e5d5bcaa4145ad52bbed73305200000000000000000000000000000006]
[571/970    0s] Csc Library/Bee/artifacts/1900b0aE.dag/Unity.RenderPipelines.Core.ShaderLibrary.dll (+2 others)
[572/970    0s] Csc Library/Bee/artifacts/1900b0aE.dag/Unity.RenderPipelines.Universal.Shaders.dll (+2 others)
[573/970    0s] Csc Library/Bee/artifacts/1900b0aE.dag/Unity.Burst.dll (+2 others)
[           0s] Csc Library/Bee/artifacts/1900b0aE.dag/Unity.RenderPipelines.Core.ShaderLibrary.dll (+2 others) [CacheWrite 3970915eb60d70b511b5bbfb43b664f200000000000000000000000000000006]
[574/970    0s] Csc Library/Bee/artifacts/1900b0aE.dag/Unity.InternalAPIEngineBridge.004.dll (+2 others)
[575/970    0s] Csc Library/Bee/artifacts/1900b0aE.dag/Unity.InternalAPIEngineBridge.RenderPipelines.Core.Editor.dll (+2 others)
[577/970    0s] Csc Library/Bee/artifacts/1900b0aE.dag/Unity.Searcher.Editor.dll (+2 others)
[578/970    0s] Csc Library/Bee/artifacts/1900b0aE.dag/Unity.AI.Navigation.Editor.ConversionSystem.dll (+2 others)
[           0s] Csc Library/Bee/artifacts/1900b0aE.dag/Unity.Burst.dll (+2 others) [CacheWrite 93e8bfc78e769e203d05a510800149c100000000000000000000000000000006]
[           0s] Csc Library/Bee/artifacts/1900b0aE.dag/Unity.RenderPipelines.Universal.Shaders.dll (+2 others) [CacheWrite 5d29a880a3886464d1ec089b00eb2c8100000000000000000000000000000006]
[582/970    0s] Csc Library/Bee/artifacts/1900b0aE.dag/Unity.AI.Navigation.dll (+2 others)
[           0s] Csc Library/Bee/artifacts/1900b0aE.dag/Unity.InternalAPIEngineBridge.004.dll (+2 others) [CacheWrite b21b8007ddcaa475511d26d7de00b9a100000000000000000000000000000006]
[           0s] Csc Library/Bee/artifacts/1900b0aE.dag/Unity.InternalAPIEngineBridge.RenderPipelines.Core.Editor.dll (+2 others) [CacheWrite bddd4b96415d2e68510d20d5a275167700000000000000000000000000000006]
[           0s] Csc Library/Bee/artifacts/1900b0aE.dag/Unity.AI.Navigation.Editor.ConversionSystem.dll (+2 others) [CacheWrite 409efeae004acc3493e77152d3c786b100000000000000000000000000000006]
[585/970    0s] Csc Library/Bee/artifacts/1900b0aE.dag/Unity.InternalAPIEngineBridge.RenderPipelines.Core.Runtime.Shared.dll (+2 others)
[           0s] Csc Library/Bee/artifacts/1900b0aE.dag/Unity.Searcher.Editor.dll (+2 others) [CacheWrite 5da1b3417f0956dae7437f4de55c9ebe00000000000000000000000000000006]
[           0s] Csc Library/Bee/artifacts/1900b0aE.dag/Unity.Collections.dll (+2 others) [CacheMiss 4af764304cda6107c4bb60494ccefa8700000000000000000000000000000006]
[           0s] Csc Library/Bee/artifacts/1900b0aE.dag/Unity.AI.Navigation.dll (+2 others) [CacheWrite ff253a37a5c92b2387c1d5f0a73e104100000000000000000000000000000006]
[589/970    0s] Csc Library/Bee/artifacts/1900b0aE.dag/Unity.Profiling.Core.dll (+2 others)
[           0s] Csc Library/Bee/artifacts/1900b0aE.dag/Unity.TextMeshPro.dll (+2 others) [CacheMiss 28dccfadcfb813e00fc4139ab72d084300000000000000000000000000000006]
[592/970    0s] Csc Library/Bee/artifacts/1900b0aE.dag/Unity.RenderPipelines.ShaderGraph.ShaderGraphLibrary.dll (+2 others)
[           0s] Csc Library/Bee/artifacts/1900b0aE.dag/Unity.InternalAPIEngineBridge.RenderPipelines.Core.Runtime.Shared.dll (+2 others) [CacheWrite 159c9702ba3205885f57d1d8e55ac93400000000000000000000000000000006]
[594/970    0s] Csc Library/Bee/artifacts/1900b0aE.dag/Unity.Timeline.dll (+2 others)
[595/970    0s] Csc Library/Bee/artifacts/1900b0aE.dag/Unity.InternalAPIEditorBridge.ShaderGraph.Editor.dll (+2 others)
[           0s] Csc Library/Bee/artifacts/1900b0aE.dag/Unity.AI.Navigation.Editor.dll (+2 others) [CacheMiss 0da002d01f7d17566cab05f9a7ca3cf500000000000000000000000000000006]
[           0s] Csc Library/Bee/artifacts/1900b0aE.dag/Unity.RenderPipelines.ShaderGraph.ShaderGraphLibrary.dll (+2 others) [CacheWrite 0cbb76e5d5bcaa4145ad52bbed73305200000000000000000000000000000006]
[           0s] Csc Library/Bee/artifacts/1900b0aE.dag/Unity.Profiling.Core.dll (+2 others) [CacheWrite edff88c4349d625110c23a2ba3872a8b00000000000000000000000000000006]
[596/970    0s] Csc Library/Bee/artifacts/1900b0aE.dag/Unity.Rendering.LightTransport.Editor.dll (+2 others)
[598/970    0s] Csc Library/Bee/artifacts/1900b0aE.dag/Unity.VisualStudio.Editor.dll (+2 others)
[599/970    0s] Csc Library/Bee/artifacts/1900b0aE.dag/Unity.InternalAPIEngineBridge.ObjectDispatcher.Runtime.dll (+2 others)
[600/970    0s] Csc Library/Bee/artifacts/1900b0aE.dag/Unity.ShaderGraph.Utilities.dll (+2 others)
[           0s] Csc Library/Bee/artifacts/1900b0aE.dag/Unity.Timeline.dll (+2 others) [CacheWrite 576ebd09798e2e87699822ca7d27a55800000000000000000000000000000006]
[602/970    0s] Csc Library/Bee/artifacts/1900b0aE.dag/Unity.Rider.Editor.dll (+2 others)
[           0s] Csc Library/Bee/artifacts/1900b0aE.dag/Unity.InternalAPIEditorBridge.ShaderGraph.Editor.dll (+2 others) [CacheWrite 79f02a2e8685c90db32453a59b47148600000000000000000000000000000006]
[603/970    0s] Csc Library/Bee/artifacts/1900b0aE.dag/Unity.PerformanceTesting.dll (+2 others)
[           0s] Csc Library/Bee/artifacts/1900b0aE.dag/Unity.Rendering.LightTransport.Editor.dll (+2 others) [CacheWrite a68979b1a28708c1856c0270f42411c500000000000000000000000000000006]
[           0s] Csc Library/Bee/artifacts/1900b0aE.dag/Unity.InternalAPIEngineBridge.ObjectDispatcher.Runtime.dll (+2 others) [CacheWrite a18991bf7d8deddf50f1c4679e32430500000000000000000000000000000006]
[           0s] Csc Library/Bee/artifacts/1900b0aE.dag/Unity.ShaderGraph.Utilities.dll (+2 others) [CacheWrite 31aec815274324f31254cddd485d672400000000000000000000000000000006]
[           0s] Csc Library/Bee/artifacts/1900b0aE.dag/Unity.VisualStudio.Editor.dll (+2 others) [CacheWrite e7d813c62485c992f54fc2cfa06a4c2e00000000000000000000000000000006]
[608/970    0s] Csc Library/Bee/artifacts/1900b0aE.dag/Unity.GraphAuthoring.Editor.dll (+2 others)
[612/970    0s] CopyFiles Library/ScriptAssemblies/Unity.VisualStudio.Editor.dll
[613/970    0s] CopyFiles Library/ScriptAssemblies/Unity.VisualStudio.Editor.pdb
[           0s] Csc Library/Bee/artifacts/1900b0aE.dag/Unity.Timeline.Editor.dll (+2 others) [CacheMiss e9744fce0ece6a027662278310b96d2000000000000000000000000000000006]
[           0s] Csc Library/Bee/artifacts/1900b0aE.dag/Unity.PerformanceTesting.dll (+2 others) [CacheWrite 4909a86f7c4d86d5e6efbdac923dce8100000000000000000000000000000006]
[           0s] Csc Library/Bee/artifacts/1900b0aE.dag/Unity.Rider.Editor.dll (+2 others) [CacheWrite d163ce2ec09459a9202e9bceb2d9aa6c00000000000000000000000000000006]
[617/970    0s] CopyFiles Library/ScriptAssemblies/Unity.Rider.Editor.pdb
[618/970    0s] CopyFiles Library/ScriptAssemblies/Unity.Rider.Editor.dll
[           0s] Csc Library/Bee/artifacts/1900b0aE.dag/Unity.GraphAuthoring.Editor.dll (+2 others) [CacheWrite 225bdc63cb130d286b4bd7a34e6c0d3b00000000000000000000000000000006]
[           0s] Csc Library/Bee/artifacts/1900b0aE.dag/Unity.PerformanceTesting.Editor.dll (+2 others) [CacheMiss 58f320d688790924a466fb7dcb86a06700000000000000000000000000000006]
[620/970    0s] Csc Library/Bee/artifacts/1900b0aE.dag/Unity.AI.Navigation.Editor.dll (+2 others)
[           0s] Csc Library/Bee/artifacts/1900b0aE.dag/Unity.AI.Navigation.Editor.dll (+2 others) [CacheWrite 0da002d01f7d17566cab05f9a7ca3cf500000000000000000000000000000006]
[           0s] Csc Library/Bee/artifacts/1900b0aE.dag/Unity.AI.Navigation.Updater.dll (+2 others) [CacheMiss 4d9ffe57fe1826c6047b9865c6bed0b000000000000000000000000000000006]
[623/970    0s] Csc Library/Bee/artifacts/1900b0aE.dag/Unity.PerformanceTesting.Editor.dll (+2 others)
[           0s] Csc Library/Bee/artifacts/1900b0aE.dag/Unity.PerformanceTesting.Editor.dll (+2 others) [CacheWrite 58f320d688790924a466fb7dcb86a06700000000000000000000000000000006]
[624/970    1s] Csc Library/Bee/artifacts/1900b0aE.dag/Unity.AI.Navigation.Updater.dll (+2 others)
[           0s] Csc Library/Bee/artifacts/1900b0aE.dag/Unity.AI.Navigation.Updater.dll (+2 others) [CacheWrite 4d9ffe57fe1826c6047b9865c6bed0b000000000000000000000000000000006]
[626/970    1s] Csc Library/Bee/artifacts/1900b0aE.dag/Unity.TextMeshPro.dll (+2 others)
[           0s] Csc Library/Bee/artifacts/1900b0aE.dag/Unity.TextMeshPro.dll (+2 others) [CacheWrite 28dccfadcfb813e00fc4139ab72d084300000000000000000000000000000006]
[           0s] Csc Library/Bee/artifacts/1900b0aE.dag/UnityEditor.UI.Analytics.dll (+2 others) [CacheMiss 66453cbec8338d69b370acd20e785b2700000000000000000000000000000006]
[629/970    2s] Csc Library/Bee/artifacts/1900b0aE.dag/Unity.Timeline.Editor.dll (+2 others)
[           0s] Csc Library/Bee/artifacts/1900b0aE.dag/Unity.Timeline.Editor.dll (+2 others) [CacheWrite e9744fce0ece6a027662278310b96d2000000000000000000000000000000006]
[631/970    0s] Csc Library/Bee/artifacts/1900b0aE.dag/UnityEditor.UI.Analytics.dll (+2 others)
[           0s] Csc Library/Bee/artifacts/1900b0aE.dag/UnityEditor.UI.Analytics.dll (+2 others) [CacheWrite 66453cbec8338d69b370acd20e785b2700000000000000000000000000000006]
[633/970    3s] Csc Library/Bee/artifacts/1900b0aE.dag/Unity.InputSystem.dll (+2 others)
[           0s] Csc Library/Bee/artifacts/1900b0aE.dag/Unity.InputSystem.dll (+2 others) [CacheWrite df1950db57f9efc979753fdc4c684de400000000000000000000000000000006]
[634/970    2s] Csc Library/Bee/artifacts/1900b0aE.dag/Unity.Collections.dll (+2 others)
[           0s] Csc Library/Bee/artifacts/1900b0aE.dag/Unity.Collections.dll (+2 others) [CacheWrite 4af764304cda6107c4bb60494ccefa8700000000000000000000000000000006]
[           0s] Csc Library/Bee/artifacts/1900b0aE.dag/Unity.UnifiedRayTracing.Runtime.dll (+2 others) [CacheMiss d2e635ea58ea785edf1fb6b063f5873100000000000000000000000000000006]
[           0s] Csc Library/Bee/artifacts/1900b0aE.dag/Unity.Collections.CodeGen.dll (+2 others) [CacheMiss 869167422f71a56a06f74eae552947de00000000000000000000000000000006]
[           0s] Csc Library/Bee/artifacts/1900b0aE.dag/Unity.Collections.Tests.CoreCLR.PublicJobPrivateGeneric.dll (+2 others) [CacheMiss f2b21dde2c2c8d662e50180b4a9c176b00000000000000000000000000000006]
[           0s] Csc Library/Bee/artifacts/1900b0aE.dag/Unity.Collections.Tests.CoreCLR.PrivateJobNested.dll (+2 others) [CacheMiss 8c108f096e7890914c22526c6a784f3700000000000000000000000000000006]
[           0s] Csc Library/Bee/artifacts/1900b0aE.dag/Unity.Collections.Tests.CoreCLR.InternalJobNestedPrivate.dll (+2 others) [CacheMiss b3d35e08a83fc13b9d57245adee8b18200000000000000000000000000000006]
[           0s] Csc Library/Bee/artifacts/1900b0aE.dag/Unity.Collections.Tests.CoreCLR.ProtectedJobNested.dll (+2 others) [CacheMiss 053d9053df1889944d29ed7d02eede7a00000000000000000000000000000006]
[           0s] Csc Library/Bee/artifacts/1900b0aE.dag/Unity.Collections.Editor.dll (+2 others) [CacheMiss a6708f32a9fa93475bd116d7941543fc00000000000000000000000000000006]
[643/970    3s] Csc Library/Bee/artifacts/1900b0aE.dag/Unity.PlasticSCM.Editor.dll (+2 others)
[           0s] Csc Library/Bee/artifacts/1900b0aE.dag/Unity.PlasticSCM.Editor.dll (+2 others) [CacheWrite c0b35b7ea2c981cb72b093c7946ad2cb00000000000000000000000000000006]
[           0s] Csc Library/Bee/artifacts/1900b0aE.dag/Unity.PlasticSCM.Editor.Entities.dll (+2 others) [CacheMiss 8c933eaca246ae6b7624063ce2d5a63400000000000000000000000000000006]
[           0s] Csc Library/Bee/artifacts/1900b0aE.dag/Unity.PlasticSCM.Editor.Assistant.dll (+2 others) [CacheMiss d93ffa15e0459b8034fce31d4a09273100000000000000000000000000000006]
[           0s] Csc Library/Bee/artifacts/1900b0aE.dag/Unity.CollabProxy.Editor.dll (+2 others) [CacheMiss 6837a9b1c5fc325a4ad664c7af8bed5400000000000000000000000000000006]
[648/970    0s] Csc Library/Bee/artifacts/1900b0aE.dag/Unity.Collections.Tests.CoreCLR.ProtectedJobNested.dll (+2 others)
[649/970    0s] Csc Library/Bee/artifacts/1900b0aE.dag/Unity.Collections.Editor.dll (+2 others)
[650/970    0s] Csc Library/Bee/artifacts/1900b0aE.dag/Unity.Collections.Tests.CoreCLR.PrivateJobNested.dll (+2 others)
[651/970    0s] Csc Library/Bee/artifacts/1900b0aE.dag/Unity.Collections.Tests.CoreCLR.InternalJobNestedPrivate.dll (+2 others)
[652/970    0s] Csc Library/Bee/artifacts/1900b0aE.dag/Unity.Collections.Tests.CoreCLR.PublicJobPrivateGeneric.dll (+2 others)
[           0s] Csc Library/Bee/artifacts/1900b0aE.dag/Unity.Collections.Tests.CoreCLR.PrivateJobNested.dll (+2 others) [CacheWrite 8c108f096e7890914c22526c6a784f3700000000000000000000000000000006]
[           0s] Csc Library/Bee/artifacts/1900b0aE.dag/Unity.Collections.Tests.CoreCLR.ProtectedJobNested.dll (+2 others) [CacheWrite 053d9053df1889944d29ed7d02eede7a00000000000000000000000000000006]
[           0s] Csc Library/Bee/artifacts/1900b0aE.dag/Unity.Collections.Editor.dll (+2 others) [CacheWrite a6708f32a9fa93475bd116d7941543fc00000000000000000000000000000006]
[           0s] Csc Library/Bee/artifacts/1900b0aE.dag/Unity.Collections.Tests.CoreCLR.InternalJobNestedPrivate.dll (+2 others) [CacheWrite b3d35e08a83fc13b9d57245adee8b18200000000000000000000000000000006]
[657/970    0s] Csc Library/Bee/artifacts/1900b0aE.dag/Unity.Collections.CodeGen.dll (+2 others)
[           0s] Csc Library/Bee/artifacts/1900b0aE.dag/Unity.Collections.Tests.CoreCLR.PublicJobPrivateGeneric.dll (+2 others) [CacheWrite f2b21dde2c2c8d662e50180b4a9c176b00000000000000000000000000000006]
[           0s] Csc Library/Bee/artifacts/1900b0aE.dag/Unity.Collections.CodeGen.dll (+2 others) [CacheWrite 869167422f71a56a06f74eae552947de00000000000000000000000000000006]
[659/970    0s] CopyFiles Library/ScriptAssemblies/Unity.Collections.CodeGen.dll
[660/970    0s] CopyFiles Library/ScriptAssemblies/Unity.Collections.CodeGen.pdb
[661/970    0s] Csc Library/Bee/artifacts/1900b0aE.dag/Unity.PlasticSCM.Editor.Entities.dll (+2 others)
[662/970    0s] Csc Library/Bee/artifacts/1900b0aE.dag/Unity.UnifiedRayTracing.Runtime.dll (+2 others)
[663/970    0s] Csc Library/Bee/artifacts/1900b0aE.dag/Unity.PlasticSCM.Editor.Assistant.dll (+2 others)
[664/970    0s] ILPP-Configuration Library/ilpp-configuration.nevergeneratedoutput
[665/970    0s] MovedFromExtractor Library/Bee/artifacts/mvdfrm/Unity.InputSystem.ref.dll_FD2EC87C14EBE081.mvfrm
[           0s] Csc Library/Bee/artifacts/1900b0aE.dag/Unity.PlasticSCM.Editor.Entities.dll (+2 others) [CacheWrite 8c933eaca246ae6b7624063ce2d5a63400000000000000000000000000000006]
[666/970    0s] Csc Library/Bee/artifacts/1900b0aE.dag/Unity.CollabProxy.Editor.dll (+2 others)
[           0s] Csc Library/Bee/artifacts/1900b0aE.dag/Unity.UnifiedRayTracing.Runtime.dll (+2 others) [CacheWrite d2e635ea58ea785edf1fb6b063f5873100000000000000000000000000000006]
[           0s] Csc Library/Bee/artifacts/1900b0aE.dag/Unity.PlasticSCM.Editor.Assistant.dll (+2 others) [CacheWrite d93ffa15e0459b8034fce31d4a09273100000000000000000000000000000006]
[           0s] Csc Library/Bee/artifacts/1900b0aE.dag/Unity.CollabProxy.Editor.dll (+2 others) [CacheWrite 6837a9b1c5fc325a4ad664c7af8bed5400000000000000000000000000000006]
[669/970    0s] MovedFromExtractor-Combine Library/Bee/artifacts/1900b0aE.dag/Unity.InputSystem.TestFramework.dll.mvfrm
[670/970    0s] MovedFromExtractor-Combine Library/Bee/artifacts/1900b0aE.dag/Unity.VisualScripting.Core.dll.mvfrm
[671/970    0s] MovedFromExtractor-Combine Library/Bee/artifacts/1900b0aE.dag/Unity.InputSystem.ForUI.dll.mvfrm
[672/970    0s] MovedFromExtractor-Combine Library/Bee/artifacts/1900b0aE.dag/Unity.RenderPipelines.Core.Runtime.dll.mvfrm
[673/970    0s] MovedFromExtractor-Combine Library/Bee/artifacts/1900b0aE.dag/Unity.InputSystem.DocCodeSamples.dll.mvfrm
[           0s] Csc Library/Bee/artifacts/1900b0aE.dag/Unity.VisualScripting.Core.dll (+2 others) [CacheMiss e33dfb3b1b35b9a2d0081ba33b4681fb00000000000000000000000000000006]
[           0s] Csc Library/Bee/artifacts/1900b0aE.dag/Unity.InputSystem.ForUI.dll (+2 others) [CacheMiss d05ddfbe1f548812cfadb7d14b610f6100000000000000000000000000000006]
[           0s] Csc Library/Bee/artifacts/1900b0aE.dag/Unity.RenderPipelines.Core.Runtime.dll (+2 others) [CacheMiss 498f0170eec88630cd2aeba9aaf34ae600000000000000000000000000000006]
[           0s] Csc Library/Bee/artifacts/1900b0aE.dag/Unity.InputSystem.TestFramework.dll (+2 others) [CacheMiss 6245bcbf2d0684dfbd484b19ddf35a9c00000000000000000000000000000006]
[           0s] Csc Library/Bee/artifacts/1900b0aE.dag/Unity.InputSystem.DocCodeSamples.dll (+2 others) [CacheMiss 2dd1c4580d42f060429b06d55462540200000000000000000000000000000006]
[674/970    0s] ILPostProcess Library/Bee/artifacts/1900b0aE.dag/post-processed/Unity.InternalAPIEngineBridge.RenderPipelines.Core.Runtime.Shared.dll (+pdb)
Processing assembly Library/Bee/artifacts/1900b0aE.dag/Unity.InternalAPIEngineBridge.RenderPipelines.Core.Runtime.Shared.dll, with 151 defines and 305 references

processors: Unity.Jobs.CodeGen.JobsILPostProcessor, zzzUnity.Burst.CodeGen.BurstILPostProcessor

1 processor(s) skipped this assembly

running Unity.Jobs.CodeGen.JobsILPostProcessor
[675/970    0s] ILPostProcess Library/Bee/artifacts/1900b0aE.dag/post-processed/Unity.InternalAPIEngineBridge.ObjectDispatcher.Runtime.dll (+pdb)
Processing assembly Library/Bee/artifacts/1900b0aE.dag/Unity.InternalAPIEngineBridge.ObjectDispatcher.Runtime.dll, with 151 defines and 305 references

processors: Unity.Jobs.CodeGen.JobsILPostProcessor, zzzUnity.Burst.CodeGen.BurstILPostProcessor

1 processor(s) skipped this assembly

running Unity.Jobs.CodeGen.JobsILPostProcessor
[676/970    0s] ILPostProcess Library/Bee/artifacts/1900b0aE.dag/post-processed/Unity.RenderPipelines.ShaderGraph.ShaderGraphLibrary.dll (+pdb)
Processing assembly Library/Bee/artifacts/1900b0aE.dag/Unity.RenderPipelines.ShaderGraph.ShaderGraphLibrary.dll, with 151 defines and 305 references

processors: Unity.Jobs.CodeGen.JobsILPostProcessor, zzzUnity.Burst.CodeGen.BurstILPostProcessor

1 processor(s) skipped this assembly

running Unity.Jobs.CodeGen.JobsILPostProcessor
[677/970    0s] ILPostProcess Library/Bee/artifacts/1900b0aE.dag/post-processed/Unity.Timeline.dll (+pdb)
Processing assembly Library/Bee/artifacts/1900b0aE.dag/Unity.Timeline.dll, with 152 defines and 305 references

processors: Unity.Jobs.CodeGen.JobsILPostProcessor, zzzUnity.Burst.CodeGen.BurstILPostProcessor

1 processor(s) skipped this assembly

running Unity.Jobs.CodeGen.JobsILPostProcessor
[678/970    0s] ILPostProcess Library/Bee/artifacts/1900b0aE.dag/post-processed/Unity.RenderPipelines.Core.ShaderLibrary.dll (+pdb)
Processing assembly Library/Bee/artifacts/1900b0aE.dag/Unity.RenderPipelines.Core.ShaderLibrary.dll, with 151 defines and 305 references

processors: Unity.Jobs.CodeGen.JobsILPostProcessor, zzzUnity.Burst.CodeGen.BurstILPostProcessor

1 processor(s) skipped this assembly

running Unity.Jobs.CodeGen.JobsILPostProcessor
[679/970    0s] ILPostProcess Library/Bee/artifacts/1900b0aE.dag/post-processed/Unity.AI.Navigation.dll (+pdb)
Processing assembly Library/Bee/artifacts/1900b0aE.dag/Unity.AI.Navigation.dll, with 152 defines and 305 references

processors: Unity.Jobs.CodeGen.JobsILPostProcessor, zzzUnity.Burst.CodeGen.BurstILPostProcessor

1 processor(s) skipped this assembly

running Unity.Jobs.CodeGen.JobsILPostProcessor
[680/970    0s] ILPostProcess Library/Bee/artifacts/1900b0aE.dag/post-processed/Unity.Profiling.Core.dll (+pdb)
Processing assembly Library/Bee/artifacts/1900b0aE.dag/Unity.Profiling.Core.dll, with 151 defines and 305 references

processors: Unity.Jobs.CodeGen.JobsILPostProcessor, zzzUnity.Burst.CodeGen.BurstILPostProcessor

1 processor(s) skipped this assembly

running Unity.Jobs.CodeGen.JobsILPostProcessor
[681/970    0s] ILPostProcess Library/Bee/artifacts/1900b0aE.dag/post-processed/Unity.PerformanceTesting.dll (+pdb)
Processing assembly Library/Bee/artifacts/1900b0aE.dag/Unity.PerformanceTesting.dll, with 152 defines and 290 references

processors: Unity.Jobs.CodeGen.JobsILPostProcessor, zzzUnity.Burst.CodeGen.BurstILPostProcessor

1 processor(s) skipped this assembly

running Unity.Jobs.CodeGen.JobsILPostProcessor
[682/970    0s] ILPostProcess Library/Bee/artifacts/1900b0aE.dag/post-processed/Unity.InternalAPIEngineBridge.004.dll (+pdb)
Processing assembly Library/Bee/artifacts/1900b0aE.dag/Unity.InternalAPIEngineBridge.004.dll, with 151 defines and 305 references

processors: Unity.Jobs.CodeGen.JobsILPostProcessor, zzzUnity.Burst.CodeGen.BurstILPostProcessor

1 processor(s) skipped this assembly

running Unity.Jobs.CodeGen.JobsILPostProcessor
[683/970    0s] ILPostProcess Library/Bee/artifacts/1900b0aE.dag/post-processed/Unity.RenderPipelines.Universal.Shaders.dll (+pdb)
Processing assembly Library/Bee/artifacts/1900b0aE.dag/Unity.RenderPipelines.Universal.Shaders.dll, with 151 defines and 305 references

processors: Unity.Jobs.CodeGen.JobsILPostProcessor, zzzUnity.Burst.CodeGen.BurstILPostProcessor

1 processor(s) skipped this assembly

running Unity.Jobs.CodeGen.JobsILPostProcessor
[684/970    0s] Csc Library/Bee/artifacts/1900b0aE.dag/Unity.InputSystem.DocCodeSamples.dll (+2 others)
[           0s] Csc Library/Bee/artifacts/1900b0aE.dag/Unity.InputSystem.DocCodeSamples.dll (+2 others) [CacheWrite 2dd1c4580d42f060429b06d55462540200000000000000000000000000000006]
[685/970    0s] ILPostProcess Library/Bee/artifacts/1900b0aE.dag/post-processed/Unity.Burst.dll (+pdb)
Processing assembly Library/Bee/artifacts/1900b0aE.dag/Unity.Burst.dll, with 151 defines and 305 references

processors: Unity.Jobs.CodeGen.JobsILPostProcessor, zzzUnity.Burst.CodeGen.BurstILPostProcessor

running Unity.Jobs.CodeGen.JobsILPostProcessor

running zzzUnity.Burst.CodeGen.BurstILPostProcessor
[686/970    0s] Csc Library/Bee/artifacts/1900b0aE.dag/Unity.InputSystem.ForUI.dll (+2 others)
[           0s] Csc Library/Bee/artifacts/1900b0aE.dag/Unity.InputSystem.ForUI.dll (+2 others) [CacheWrite d05ddfbe1f548812cfadb7d14b610f6100000000000000000000000000000006]
[688/970    0s] Csc Library/Bee/artifacts/1900b0aE.dag/Unity.InputSystem.TestFramework.dll (+2 others)
[           0s] Csc Library/Bee/artifacts/1900b0aE.dag/Unity.InputSystem.TestFramework.dll (+2 others) [CacheWrite 6245bcbf2d0684dfbd484b19ddf35a9c00000000000000000000000000000006]
[689/970    0s] MovedFromExtractor-Combine Library/Bee/artifacts/1900b0aE.dag/Unity.InputSystem.ForUI.Editor.dll.mvfrm
[           0s] Csc Library/Bee/artifacts/1900b0aE.dag/Unity.InputSystem.ForUI.Editor.dll (+2 others) [CacheMiss 53af9744bd60d0925bd5372cae0d8c9400000000000000000000000000000006]
[690/970    0s] ILPostProcess Library/Bee/artifacts/1900b0aE.dag/post-processed/Unity.PlasticSCM.Editor.Assistant.dll (+pdb)
Processing assembly Library/Bee/artifacts/1900b0aE.dag/Unity.PlasticSCM.Editor.Assistant.dll, with 149 defines and 315 references

processors: Unity.Jobs.CodeGen.JobsILPostProcessor, zzzUnity.Burst.CodeGen.BurstILPostProcessor

1 processor(s) skipped this assembly

running Unity.Jobs.CodeGen.JobsILPostProcessor
[691/970    0s] ILPostProcess Library/Bee/artifacts/1900b0aE.dag/post-processed/Unity.Collections.Tests.CoreCLR.PublicJobPrivateGeneric.dll (+pdb)
Processing assembly Library/Bee/artifacts/1900b0aE.dag/Unity.Collections.Tests.CoreCLR.PublicJobPrivateGeneric.dll, with 151 defines and 306 references

processors: Unity.Jobs.CodeGen.JobsILPostProcessor, zzzUnity.Burst.CodeGen.BurstILPostProcessor

1 processor(s) skipped this assembly

running Unity.Jobs.CodeGen.JobsILPostProcessor
[692/970    0s] ILPostProcess Library/Bee/artifacts/1900b0aE.dag/post-processed/Unity.PlasticSCM.Editor.Entities.dll (+pdb)
Processing assembly Library/Bee/artifacts/1900b0aE.dag/Unity.PlasticSCM.Editor.Entities.dll, with 149 defines and 315 references

processors: Unity.Jobs.CodeGen.JobsILPostProcessor, zzzUnity.Burst.CodeGen.BurstILPostProcessor

1 processor(s) skipped this assembly

running Unity.Jobs.CodeGen.JobsILPostProcessor
[693/970    0s] ILPostProcess Library/Bee/artifacts/1900b0aE.dag/post-processed/UnityEngine.TestRunner.dll (+pdb)
Processing assembly Library/Bee/artifacts/1900b0aE.dag/UnityEngine.TestRunner.dll, with 152 defines and 287 references

processors: Unity.Jobs.CodeGen.JobsILPostProcessor, zzzUnity.Burst.CodeGen.BurstILPostProcessor

1 processor(s) skipped this assembly

running Unity.Jobs.CodeGen.JobsILPostProcessor
[694/970    0s] ILPostProcess Library/Bee/artifacts/1900b0aE.dag/post-processed/Unity.Collections.Tests.CoreCLR.ProtectedJobNested.dll (+pdb)
Processing assembly Library/Bee/artifacts/1900b0aE.dag/Unity.Collections.Tests.CoreCLR.ProtectedJobNested.dll, with 151 defines and 306 references

processors: Unity.Jobs.CodeGen.JobsILPostProcessor, zzzUnity.Burst.CodeGen.BurstILPostProcessor

1 processor(s) skipped this assembly

running Unity.Jobs.CodeGen.JobsILPostProcessor
[695/970    0s] ILPostProcess Library/Bee/artifacts/1900b0aE.dag/post-processed/Unity.CollabProxy.Editor.dll (+pdb)
Processing assembly Library/Bee/artifacts/1900b0aE.dag/Unity.CollabProxy.Editor.dll, with 149 defines and 315 references

processors: Unity.Jobs.CodeGen.JobsILPostProcessor, zzzUnity.Burst.CodeGen.BurstILPostProcessor

1 processor(s) skipped this assembly

running Unity.Jobs.CodeGen.JobsILPostProcessor
[696/970    0s] ILPostProcess Library/Bee/artifacts/1900b0aE.dag/post-processed/Unity.InternalAPIEditorBridge.ShaderGraph.Editor.dll (+pdb)
Processing assembly Library/Bee/artifacts/1900b0aE.dag/Unity.InternalAPIEditorBridge.ShaderGraph.Editor.dll, with 149 defines and 314 references

processors: Unity.Jobs.CodeGen.JobsILPostProcessor, zzzUnity.Burst.CodeGen.BurstILPostProcessor

1 processor(s) skipped this assembly

running Unity.Jobs.CodeGen.JobsILPostProcessor
[697/970    0s] ILPostProcess Library/Bee/artifacts/1900b0aE.dag/post-processed/Unity.Collections.Tests.CoreCLR.PrivateJobNested.dll (+pdb)
Processing assembly Library/Bee/artifacts/1900b0aE.dag/Unity.Collections.Tests.CoreCLR.PrivateJobNested.dll, with 151 defines and 306 references

processors: Unity.Jobs.CodeGen.JobsILPostProcessor, zzzUnity.Burst.CodeGen.BurstILPostProcessor

1 processor(s) skipped this assembly

running Unity.Jobs.CodeGen.JobsILPostProcessor
[698/970    0s] ILPostProcess Library/Bee/artifacts/1900b0aE.dag/post-processed/Unity.Collections.Tests.CoreCLR.InternalJobNestedPrivate.dll (+pdb)
Processing assembly Library/Bee/artifacts/1900b0aE.dag/Unity.Collections.Tests.CoreCLR.InternalJobNestedPrivate.dll, with 151 defines and 306 references

processors: Unity.Jobs.CodeGen.JobsILPostProcessor, zzzUnity.Burst.CodeGen.BurstILPostProcessor

1 processor(s) skipped this assembly

running Unity.Jobs.CodeGen.JobsILPostProcessor
[699/970    0s] ILPostProcess Library/Bee/artifacts/1900b0aE.dag/post-processed/Unity.InternalAPIEngineBridge.RenderPipelines.Core.Editor.dll (+pdb)
Processing assembly Library/Bee/artifacts/1900b0aE.dag/Unity.InternalAPIEngineBridge.RenderPipelines.Core.Editor.dll, with 149 defines and 314 references

processors: Unity.Jobs.CodeGen.JobsILPostProcessor, zzzUnity.Burst.CodeGen.BurstILPostProcessor

1 processor(s) skipped this assembly

running Unity.Jobs.CodeGen.JobsILPostProcessor
[700/970    0s] ILPostProcess Library/Bee/artifacts/1900b0aE.dag/post-processed/Unity.Rendering.LightTransport.Editor.dll (+pdb)
Processing assembly Library/Bee/artifacts/1900b0aE.dag/Unity.Rendering.LightTransport.Editor.dll, with 149 defines and 314 references

processors: Unity.Jobs.CodeGen.JobsILPostProcessor, zzzUnity.Burst.CodeGen.BurstILPostProcessor

1 processor(s) skipped this assembly

running Unity.Jobs.CodeGen.JobsILPostProcessor
[701/970    0s] ILPostProcess Library/Bee/artifacts/1900b0aE.dag/post-processed/Unity.InputSystem.DocCodeSamples.dll (+pdb)
Processing assembly Library/Bee/artifacts/1900b0aE.dag/Unity.InputSystem.DocCodeSamples.dll, with 149 defines and 301 references

processors: Unity.Jobs.CodeGen.JobsILPostProcessor, zzzUnity.Burst.CodeGen.BurstILPostProcessor

1 processor(s) skipped this assembly

running Unity.Jobs.CodeGen.JobsILPostProcessor
[702/970    0s] ILPostProcess Library/Bee/artifacts/1900b0aE.dag/post-processed/Unity.AI.Navigation.Editor.ConversionSystem.dll (+pdb)
Processing assembly Library/Bee/artifacts/1900b0aE.dag/Unity.AI.Navigation.Editor.ConversionSystem.dll, with 149 defines and 314 references

processors: Unity.Jobs.CodeGen.JobsILPostProcessor, zzzUnity.Burst.CodeGen.BurstILPostProcessor

1 processor(s) skipped this assembly

running Unity.Jobs.CodeGen.JobsILPostProcessor
[703/970    0s] ILPostProcess Library/Bee/artifacts/1900b0aE.dag/post-processed/Unity.PerformanceTesting.Editor.dll (+pdb)
Processing assembly Library/Bee/artifacts/1900b0aE.dag/Unity.PerformanceTesting.Editor.dll, with 150 defines and 301 references

processors: Unity.Jobs.CodeGen.JobsILPostProcessor, zzzUnity.Burst.CodeGen.BurstILPostProcessor

1 processor(s) skipped this assembly

running Unity.Jobs.CodeGen.JobsILPostProcessor
[704/970    0s] CopyFiles Library/ScriptAssemblies/Unity.Timeline.dll
[705/970    0s] CopyFiles Library/ScriptAssemblies/Unity.AI.Navigation.dll
[706/970    0s] CopyFiles Library/ScriptAssemblies/Unity.Profiling.Core.dll
[707/970    0s] CopyFiles Library/ScriptAssemblies/Unity.Collections.Tests.CoreCLR.PrivateJobNested.dll
[708/970    0s] CopyFiles Library/ScriptAssemblies/Unity.Collections.Tests.CoreCLR.InternalJobNestedPrivate.dll
[709/970    0s] CopyFiles Library/ScriptAssemblies/Unity.PerformanceTesting.dll
[710/970    0s] CopyFiles Library/ScriptAssemblies/Unity.Collections.Tests.CoreCLR.PublicJobPrivateGeneric.dll
[711/970    0s] CopyFiles Library/ScriptAssemblies/Unity.RenderPipelines.Core.ShaderLibrary.dll
[712/970    0s] CopyFiles Library/ScriptAssemblies/Unity.InternalAPIEngineBridge.RenderPipelines.Core.Runtime.Shared.dll
[713/970    0s] CopyFiles Library/ScriptAssemblies/Unity.Burst.dll
[714/970    0s] CopyFiles Library/ScriptAssemblies/Unity.Collections.Tests.CoreCLR.ProtectedJobNested.dll
[715/970    0s] CopyFiles Library/ScriptAssemblies/Unity.RenderPipelines.ShaderGraph.ShaderGraphLibrary.dll
[716/970    0s] CopyFiles Library/ScriptAssemblies/UnityEngine.TestRunner.dll
[717/970    0s] CopyFiles Library/ScriptAssemblies/Unity.InternalAPIEngineBridge.ObjectDispatcher.Runtime.dll
[718/970    0s] CopyFiles Library/ScriptAssemblies/Unity.InternalAPIEngineBridge.004.dll
[719/970    0s] CopyFiles Library/ScriptAssemblies/Unity.RenderPipelines.Universal.Shaders.dll
[720/970    0s] CopyFiles Library/ScriptAssemblies/Unity.PerformanceTesting.Editor.pdb
[721/970    0s] CopyFiles Library/ScriptAssemblies/Unity.PerformanceTesting.Editor.dll
[722/970    0s] CopyFiles Library/ScriptAssemblies/Unity.InputSystem.DocCodeSamples.dll
[723/970    0s] CopyFiles Library/ScriptAssemblies/Unity.InputSystem.DocCodeSamples.pdb
[724/970    0s] CopyFiles Library/ScriptAssemblies/Unity.AI.Navigation.Editor.ConversionSystem.dll
[725/970    0s] CopyFiles Library/ScriptAssemblies/Unity.Rendering.LightTransport.Editor.pdb
[726/970    0s] CopyFiles Library/ScriptAssemblies/Unity.AI.Navigation.Editor.ConversionSystem.pdb
[727/970    0s] CopyFiles Library/ScriptAssemblies/Unity.InternalAPIEngineBridge.RenderPipelines.Core.Editor.dll
[728/970    0s] CopyFiles Library/ScriptAssemblies/Unity.Rendering.LightTransport.Editor.dll
[729/970    0s] CopyFiles Library/ScriptAssemblies/Unity.InternalAPIEngineBridge.RenderPipelines.Core.Editor.pdb
[730/970    0s] CopyFiles Library/ScriptAssemblies/Unity.InternalAPIEditorBridge.ShaderGraph.Editor.pdb
[731/970    0s] CopyFiles Library/ScriptAssemblies/Unity.InternalAPIEditorBridge.ShaderGraph.Editor.dll
[732/970    0s] CopyFiles Library/ScriptAssemblies/Unity.Collections.Tests.CoreCLR.InternalJobNestedPrivate.pdb
[733/970    0s] CopyFiles Library/ScriptAssemblies/Unity.Collections.Tests.CoreCLR.ProtectedJobNested.pdb
[734/970    0s] CopyFiles Library/ScriptAssemblies/Unity.CollabProxy.Editor.dll
[735/970    0s] CopyFiles Library/ScriptAssemblies/Unity.CollabProxy.Editor.pdb
[736/970    0s] CopyFiles Library/ScriptAssemblies/Unity.Collections.Tests.CoreCLR.PublicJobPrivateGeneric.pdb
[737/970    0s] CopyFiles Library/ScriptAssemblies/Unity.Collections.Tests.CoreCLR.PrivateJobNested.pdb
[738/970    0s] CopyFiles Library/ScriptAssemblies/Unity.PlasticSCM.Editor.Entities.pdb
[739/970    0s] CopyFiles Library/ScriptAssemblies/Unity.PlasticSCM.Editor.Entities.dll
[740/970    0s] CopyFiles Library/ScriptAssemblies/Unity.PlasticSCM.Editor.Assistant.dll
[741/970    0s] CopyFiles Library/ScriptAssemblies/UnityEngine.TestRunner.pdb
[742/970    0s] CopyFiles Library/ScriptAssemblies/Unity.PlasticSCM.Editor.Assistant.pdb
[743/970    0s] CopyFiles Library/ScriptAssemblies/Unity.Burst.pdb
[744/970    0s] CopyFiles Library/ScriptAssemblies/Unity.RenderPipelines.Universal.Shaders.pdb
[745/970    0s] CopyFiles Library/ScriptAssemblies/Unity.InternalAPIEngineBridge.004.pdb
[746/970    0s] CopyFiles Library/ScriptAssemblies/Unity.Profiling.Core.pdb
[747/970    0s] CopyFiles Library/ScriptAssemblies/Unity.Timeline.pdb
[748/970    0s] CopyFiles Library/ScriptAssemblies/Unity.PerformanceTesting.pdb
[749/970    0s] CopyFiles Library/ScriptAssemblies/Unity.AI.Navigation.pdb
[750/970    0s] CopyFiles Library/ScriptAssemblies/Unity.RenderPipelines.Core.ShaderLibrary.pdb
[751/970    0s] CopyFiles Library/ScriptAssemblies/Unity.RenderPipelines.ShaderGraph.ShaderGraphLibrary.pdb
[752/970    0s] CopyFiles Library/ScriptAssemblies/Unity.InternalAPIEngineBridge.ObjectDispatcher.Runtime.pdb
[753/970    0s] CopyFiles Library/ScriptAssemblies/Unity.InternalAPIEngineBridge.RenderPipelines.Core.Runtime.Shared.pdb
[754/970    0s] ILPostProcess Library/Bee/artifacts/1900b0aE.dag/post-processed/Unity.InputSystem.TestFramework.dll (+pdb)
Processing assembly Library/Bee/artifacts/1900b0aE.dag/Unity.InputSystem.TestFramework.dll, with 153 defines and 292 references

processors: Unity.Jobs.CodeGen.JobsILPostProcessor, zzzUnity.Burst.CodeGen.BurstILPostProcessor

1 processor(s) skipped this assembly

running Unity.Jobs.CodeGen.JobsILPostProcessor
[755/970    0s] CopyFiles Library/ScriptAssemblies/Unity.InputSystem.TestFramework.dll
[756/970    0s] CopyFiles Library/ScriptAssemblies/Unity.InputSystem.TestFramework.pdb
[757/970    0s] Csc Library/Bee/artifacts/1900b0aE.dag/Unity.InputSystem.ForUI.Editor.dll (+2 others)
[           0s] Csc Library/Bee/artifacts/1900b0aE.dag/Unity.InputSystem.ForUI.Editor.dll (+2 others) [CacheWrite 53af9744bd60d0925bd5372cae0d8c9400000000000000000000000000000006]
[758/970    1s] ILPostProcess Library/Bee/artifacts/1900b0aE.dag/post-processed/UnityEngine.UI.dll (+pdb)
Processing assembly Library/Bee/artifacts/1900b0aE.dag/UnityEngine.UI.dll, with 157 defines and 303 references

processors: Unity.Jobs.CodeGen.JobsILPostProcessor, zzzUnity.Burst.CodeGen.BurstILPostProcessor

1 processor(s) skipped this assembly

running Unity.Jobs.CodeGen.JobsILPostProcessor
[759/970    0s] ILPostProcess Library/Bee/artifacts/1900b0aE.dag/post-processed/UnityEditor.UI.Analytics.dll (+pdb)
Processing assembly Library/Bee/artifacts/1900b0aE.dag/UnityEditor.UI.Analytics.dll, with 149 defines and 315 references

processors: Unity.Jobs.CodeGen.JobsILPostProcessor, zzzUnity.Burst.CodeGen.BurstILPostProcessor

1 processor(s) skipped this assembly

running Unity.Jobs.CodeGen.JobsILPostProcessor
[760/970    0s] ILPostProcess Library/Bee/artifacts/1900b0aE.dag/post-processed/Unity.ShaderGraph.Utilities.dll (+pdb)
Processing assembly Library/Bee/artifacts/1900b0aE.dag/Unity.ShaderGraph.Utilities.dll, with 149 defines and 314 references

processors: Unity.Jobs.CodeGen.JobsILPostProcessor, zzzUnity.Burst.CodeGen.BurstILPostProcessor

1 processor(s) skipped this assembly

running Unity.Jobs.CodeGen.JobsILPostProcessor
[761/970    0s] CopyFiles Library/ScriptAssemblies/UnityEngine.UI.dll
[762/970    0s] CopyFiles Library/ScriptAssemblies/UnityEngine.UI.pdb
[763/970    0s] CopyFiles Library/ScriptAssemblies/Unity.ShaderGraph.Utilities.dll
[764/970    0s] CopyFiles Library/ScriptAssemblies/Unity.ShaderGraph.Utilities.pdb
[765/970    0s] CopyFiles Library/ScriptAssemblies/UnityEditor.UI.Analytics.dll
[766/970    0s] CopyFiles Library/ScriptAssemblies/UnityEditor.UI.Analytics.pdb
[767/970    0s] MovedFromExtractor Library/Bee/artifacts/mvdfrm/Unity.InputSystem.ForUI.Editor.ref.dll_40FECCA5C63FF041.mvfrm
[768/970    1s] ILPostProcess Library/Bee/artifacts/1900b0aE.dag/post-processed/Unity.UnifiedRayTracing.Runtime.dll (+pdb)
Processing assembly Library/Bee/artifacts/1900b0aE.dag/Unity.UnifiedRayTracing.Runtime.dll, with 153 defines and 307 references

processors: Unity.Jobs.CodeGen.JobsILPostProcessor, zzzUnity.Burst.CodeGen.BurstILPostProcessor

running Unity.Jobs.CodeGen.JobsILPostProcessor

running zzzUnity.Burst.CodeGen.BurstILPostProcessor
[769/970    0s] ILPostProcess Library/Bee/artifacts/1900b0aE.dag/post-processed/Unity.AI.Navigation.Updater.dll (+pdb)
Processing assembly Library/Bee/artifacts/1900b0aE.dag/Unity.AI.Navigation.Updater.dll, with 149 defines and 317 references

processors: Unity.Jobs.CodeGen.JobsILPostProcessor, zzzUnity.Burst.CodeGen.BurstILPostProcessor

1 processor(s) skipped this assembly

running Unity.Jobs.CodeGen.JobsILPostProcessor
[770/970    1s] ILPostProcess Library/Bee/artifacts/1900b0aE.dag/post-processed/Unity.TextMeshPro.dll (+pdb)
Processing assembly Library/Bee/artifacts/1900b0aE.dag/Unity.TextMeshPro.dll, with 152 defines and 306 references

processors: Unity.Jobs.CodeGen.JobsILPostProcessor, zzzUnity.Burst.CodeGen.BurstILPostProcessor

1 processor(s) skipped this assembly

running Unity.Jobs.CodeGen.JobsILPostProcessor
[771/970    0s] ILPostProcess Library/Bee/artifacts/1900b0aE.dag/post-processed/Unity.AI.Navigation.Editor.dll (+pdb)
Processing assembly Library/Bee/artifacts/1900b0aE.dag/Unity.AI.Navigation.Editor.dll, with 150 defines and 316 references

processors: Unity.Jobs.CodeGen.JobsILPostProcessor, zzzUnity.Burst.CodeGen.BurstILPostProcessor

1 processor(s) skipped this assembly

running Unity.Jobs.CodeGen.JobsILPostProcessor
[772/970    0s] ILPostProcess Library/Bee/artifacts/1900b0aE.dag/post-processed/UnityEditor.UI.dll (+pdb)
Processing assembly Library/Bee/artifacts/1900b0aE.dag/UnityEditor.UI.dll, with 152 defines and 313 references

processors: Unity.Jobs.CodeGen.JobsILPostProcessor, zzzUnity.Burst.CodeGen.BurstILPostProcessor

1 processor(s) skipped this assembly

running Unity.Jobs.CodeGen.JobsILPostProcessor
[773/970    0s] ILPostProcess Library/Bee/artifacts/1900b0aE.dag/post-processed/Unity.InputSystem.ForUI.dll (+pdb)
Processing assembly Library/Bee/artifacts/1900b0aE.dag/Unity.InputSystem.ForUI.dll, with 151 defines and 306 references

processors: Unity.Jobs.CodeGen.JobsILPostProcessor, zzzUnity.Burst.CodeGen.BurstILPostProcessor

1 processor(s) skipped this assembly

running Unity.Jobs.CodeGen.JobsILPostProcessor
[774/970    0s] ILPostProcess Library/Bee/artifacts/1900b0aE.dag/post-processed/Unity.Collections.Editor.dll (+pdb)
Processing assembly Library/Bee/artifacts/1900b0aE.dag/Unity.Collections.Editor.dll, with 150 defines and 315 references

processors: Unity.Jobs.CodeGen.JobsILPostProcessor, zzzUnity.Burst.CodeGen.BurstILPostProcessor

1 processor(s) skipped this assembly

running Unity.Jobs.CodeGen.JobsILPostProcessor
[775/970    0s] ILPostProcess Library/Bee/artifacts/1900b0aE.dag/post-processed/Unity.Searcher.Editor.dll (+pdb)
Processing assembly Library/Bee/artifacts/1900b0aE.dag/Unity.Searcher.Editor.dll, with 149 defines and 314 references

processors: Unity.Jobs.CodeGen.JobsILPostProcessor, zzzUnity.Burst.CodeGen.BurstILPostProcessor

1 processor(s) skipped this assembly

running Unity.Jobs.CodeGen.JobsILPostProcessor
[776/970    0s] ILPostProcess Library/Bee/artifacts/1900b0aE.dag/post-processed/Unity.InputSystem.ForUI.Editor.dll (+pdb)
Processing assembly Library/Bee/artifacts/1900b0aE.dag/Unity.InputSystem.ForUI.Editor.dll, with 149 defines and 316 references

processors: Unity.Jobs.CodeGen.JobsILPostProcessor, zzzUnity.Burst.CodeGen.BurstILPostProcessor

1 processor(s) skipped this assembly

running Unity.Jobs.CodeGen.JobsILPostProcessor
[777/970    0s] CopyFiles Library/ScriptAssemblies/Unity.UnifiedRayTracing.Runtime.dll
[778/970    0s] CopyFiles Library/ScriptAssemblies/Unity.UnifiedRayTracing.Runtime.pdb
[779/970    0s] CopyFiles Library/ScriptAssemblies/Unity.AI.Navigation.Updater.pdb
[780/970    1s] Csc Library/Bee/artifacts/1900b0aE.dag/Unity.VisualScripting.Core.dll (+2 others)
[781/970    0s] CopyFiles Library/ScriptAssemblies/Unity.Collections.Editor.dll
[782/970    0s] CopyFiles Library/ScriptAssemblies/Unity.AI.Navigation.Updater.dll
[783/970    0s] CopyFiles Library/ScriptAssemblies/Unity.Collections.Editor.pdb
[784/970    0s] CopyFiles Library/ScriptAssemblies/Unity.Searcher.Editor.dll
[785/970    0s] CopyFiles Library/ScriptAssemblies/Unity.Searcher.Editor.pdb
[786/970    0s] CopyFiles Library/ScriptAssemblies/UnityEditor.UI.dll
[787/970    0s] CopyFiles Library/ScriptAssemblies/UnityEditor.UI.pdb
[788/970    0s] CopyFiles Library/ScriptAssemblies/Unity.AI.Navigation.Editor.dll
[789/970    0s] CopyFiles Library/ScriptAssemblies/Unity.AI.Navigation.Editor.pdb
[790/970    0s] CopyFiles Library/ScriptAssemblies/Unity.TextMeshPro.dll
[791/970    0s] CopyFiles Library/ScriptAssemblies/Unity.TextMeshPro.pdb
[792/970    0s] CopyFiles Library/ScriptAssemblies/Unity.InputSystem.ForUI.dll
[793/970    0s] CopyFiles Library/ScriptAssemblies/Unity.InputSystem.ForUI.pdb
[794/970    0s] CopyFiles Library/ScriptAssemblies/Unity.InputSystem.ForUI.Editor.pdb
[795/970    0s] CopyFiles Library/ScriptAssemblies/Unity.InputSystem.ForUI.Editor.dll
[           0s] Csc Library/Bee/artifacts/1900b0aE.dag/Unity.VisualScripting.Core.dll (+2 others) [CacheWrite e33dfb3b1b35b9a2d0081ba33b4681fb00000000000000000000000000000006]
[798/970    0s] ILPostProcess Library/Bee/artifacts/1900b0aE.dag/post-processed/Unity.GraphAuthoring.Editor.dll (+pdb)
Processing assembly Library/Bee/artifacts/1900b0aE.dag/Unity.GraphAuthoring.Editor.dll, with 149 defines and 314 references

processors: Unity.Jobs.CodeGen.JobsILPostProcessor, zzzUnity.Burst.CodeGen.BurstILPostProcessor

1 processor(s) skipped this assembly

running Unity.Jobs.CodeGen.JobsILPostProcessor
[799/970    0s] CopyFiles Library/ScriptAssemblies/Unity.GraphAuthoring.Editor.dll
[800/970    0s] CopyFiles Library/ScriptAssemblies/Unity.GraphAuthoring.Editor.pdb
[           0s] Csc Library/Bee/artifacts/1900b0aE.dag/Unity.VisualScripting.Core.Editor.dll (+2 others) [CacheMiss 7fecb4ad577768d7367effef8758989400000000000000000000000000000006]
[801/970    0s] ILPostProcess Library/Bee/artifacts/1900b0aE.dag/post-processed/UnityEditor.TestRunner.dll (+pdb)
Processing assembly Library/Bee/artifacts/1900b0aE.dag/UnityEditor.TestRunner.dll, with 150 defines and 301 references

processors: Unity.Jobs.CodeGen.JobsILPostProcessor, zzzUnity.Burst.CodeGen.BurstILPostProcessor

1 processor(s) skipped this assembly

running Unity.Jobs.CodeGen.JobsILPostProcessor
[802/970    0s] MovedFromExtractor-Combine Library/Bee/artifacts/1900b0aE.dag/Unity.VisualScripting.Flow.dll.mvfrm
[803/970    0s] CopyFiles Library/ScriptAssemblies/UnityEditor.TestRunner.pdb
[804/970    0s] CopyFiles Library/ScriptAssemblies/UnityEditor.TestRunner.dll
[           0s] Csc Library/Bee/artifacts/1900b0aE.dag/Unity.VisualScripting.Flow.dll (+2 others) [CacheMiss 269793be4da74dc80c0512e192386cfd00000000000000000000000000000006]
[805/970    1s] Csc Library/Bee/artifacts/1900b0aE.dag/Unity.RenderPipelines.Core.Runtime.dll (+2 others)
[           0s] Csc Library/Bee/artifacts/1900b0aE.dag/Unity.RenderPipelines.Core.Runtime.dll (+2 others) [CacheWrite 498f0170eec88630cd2aeba9aaf34ae600000000000000000000000000000006]
[806/970    0s] MovedFromExtractor Library/Bee/artifacts/mvdfrm/Unity.RenderPipelines.Core.Runtime.ref.dll_CE6A42C97D96EB0A.mvfrm
[807/970    0s] MovedFromExtractor-Combine Library/Bee/artifacts/1900b0aE.dag/Unity.RenderPipelines.GPUDriven.Runtime.dll.mvfrm
[808/970    0s] MovedFromExtractor-Combine Library/Bee/artifacts/1900b0aE.dag/Unity.PathTracing.Runtime.dll.mvfrm
[809/970    0s] MovedFromExtractor-Combine Library/Bee/artifacts/1900b0aE.dag/Unity.RenderPipeline.Universal.ShaderLibrary.dll.mvfrm
[810/970    0s] MovedFromExtractor-Combine Library/Bee/artifacts/1900b0aE.dag/Unity.TextMeshPro.Editor.dll.mvfrm
[811/970    0s] MovedFromExtractor-Combine Library/Bee/artifacts/1900b0aE.dag/Unity.RenderPipelines.Universal.Config.Runtime.dll.mvfrm
[812/970    0s] MovedFromExtractor-Combine Library/Bee/artifacts/1900b0aE.dag/Unity.RenderPipelines.Core.Runtime.Shared.dll.mvfrm
[           0s] Csc Library/Bee/artifacts/1900b0aE.dag/Unity.RenderPipelines.GPUDriven.Runtime.dll (+2 others) [CacheMiss a0f6022f91afdbe13031e471ee7c7ecf00000000000000000000000000000006]
[           0s] Csc Library/Bee/artifacts/1900b0aE.dag/Unity.PathTracing.Runtime.dll (+2 others) [CacheMiss 1fc378e5f01d2c53484a39c39b578ce800000000000000000000000000000006]
[           0s] Csc Library/Bee/artifacts/1900b0aE.dag/Unity.RenderPipeline.Universal.ShaderLibrary.dll (+2 others) [CacheMiss aa1b3488e3898dc883a3bc2ca0e01eb000000000000000000000000000000006]
[           0s] Csc Library/Bee/artifacts/1900b0aE.dag/Unity.RenderPipelines.Universal.Config.Runtime.dll (+2 others) [CacheMiss a2fa13bd4664940a35fa8a26562f280500000000000000000000000000000006]
[           0s] Csc Library/Bee/artifacts/1900b0aE.dag/Unity.RenderPipelines.Core.Runtime.Shared.dll (+2 others) [CacheMiss 631dc730c525d12528eca029b30e58d300000000000000000000000000000006]
[           0s] Csc Library/Bee/artifacts/1900b0aE.dag/Unity.TextMeshPro.Editor.dll (+2 others) [CacheMiss 137f74263fe10ce7e75bb37caedfff5900000000000000000000000000000006]
[813/970    0s] Csc Library/Bee/artifacts/1900b0aE.dag/Unity.RenderPipeline.Universal.ShaderLibrary.dll (+2 others)
[814/970    0s] Csc Library/Bee/artifacts/1900b0aE.dag/Unity.RenderPipelines.Universal.Config.Runtime.dll (+2 others)
[815/970    0s] Csc Library/Bee/artifacts/1900b0aE.dag/Unity.RenderPipelines.Core.Runtime.Shared.dll (+2 others)
[           0s] Csc Library/Bee/artifacts/1900b0aE.dag/Unity.RenderPipeline.Universal.ShaderLibrary.dll (+2 others) [CacheWrite aa1b3488e3898dc883a3bc2ca0e01eb000000000000000000000000000000006]
[           0s] Csc Library/Bee/artifacts/1900b0aE.dag/Unity.RenderPipelines.Universal.Config.Runtime.dll (+2 others) [CacheWrite a2fa13bd4664940a35fa8a26562f280500000000000000000000000000000006]
[           0s] Csc Library/Bee/artifacts/1900b0aE.dag/Unity.RenderPipelines.Core.Runtime.Shared.dll (+2 others) [CacheWrite 631dc730c525d12528eca029b30e58d300000000000000000000000000000006]
[819/970    2s] ILPostProcess Library/Bee/artifacts/1900b0aE.dag/post-processed/Unity.Timeline.Editor.dll (+pdb)
Processing assembly Library/Bee/artifacts/1900b0aE.dag/Unity.Timeline.Editor.dll, with 150 defines and 315 references

processors: Unity.Jobs.CodeGen.JobsILPostProcessor, zzzUnity.Burst.CodeGen.BurstILPostProcessor

1 processor(s) skipped this assembly

running Unity.Jobs.CodeGen.JobsILPostProcessor
[820/970    0s] CopyFiles Library/ScriptAssemblies/Unity.Timeline.Editor.pdb
[821/970    0s] CopyFiles Library/ScriptAssemblies/Unity.Timeline.Editor.dll
[822/970    0s] Csc Library/Bee/artifacts/1900b0aE.dag/Unity.PathTracing.Runtime.dll (+2 others)
[           0s] Csc Library/Bee/artifacts/1900b0aE.dag/Unity.PathTracing.Runtime.dll (+2 others) [CacheWrite 1fc378e5f01d2c53484a39c39b578ce800000000000000000000000000000006]
[823/970    0s] ILPostProcess Library/Bee/artifacts/1900b0aE.dag/post-processed/Unity.RenderPipeline.Universal.ShaderLibrary.dll (+pdb)
Processing assembly Library/Bee/artifacts/1900b0aE.dag/Unity.RenderPipeline.Universal.ShaderLibrary.dll, with 151 defines and 306 references

processors: Unity.Jobs.CodeGen.JobsILPostProcessor, zzzUnity.Burst.CodeGen.BurstILPostProcessor

1 processor(s) skipped this assembly

running Unity.Jobs.CodeGen.JobsILPostProcessor
[824/970    0s] ILPostProcess Library/Bee/artifacts/1900b0aE.dag/post-processed/Unity.RenderPipelines.Universal.Config.Runtime.dll (+pdb)
Processing assembly Library/Bee/artifacts/1900b0aE.dag/Unity.RenderPipelines.Universal.Config.Runtime.dll, with 151 defines and 306 references

processors: Unity.Jobs.CodeGen.JobsILPostProcessor, zzzUnity.Burst.CodeGen.BurstILPostProcessor

1 processor(s) skipped this assembly

running Unity.Jobs.CodeGen.JobsILPostProcessor
[825/970    1s] ILPostProcess Library/Bee/artifacts/1900b0aE.dag/post-processed/Unity.VisualScripting.Core.dll (+pdb)
Processing assembly Library/Bee/artifacts/1900b0aE.dag/Unity.VisualScripting.Core.dll, with 156 defines and 306 references

processors: Unity.Jobs.CodeGen.JobsILPostProcessor, zzzUnity.Burst.CodeGen.BurstILPostProcessor

1 processor(s) skipped this assembly

running Unity.Jobs.CodeGen.JobsILPostProcessor
[827/970    0s] CopyFiles Library/ScriptAssemblies/Unity.RenderPipelines.Universal.Config.Runtime.dll
[828/970    0s] CopyFiles Library/ScriptAssemblies/Unity.RenderPipelines.Universal.Config.Runtime.pdb
[829/970    0s] CopyFiles Library/ScriptAssemblies/Unity.VisualScripting.Core.pdb
[830/970    0s] CopyFiles Library/ScriptAssemblies/Unity.RenderPipeline.Universal.ShaderLibrary.dll
[831/970    0s] CopyFiles Library/ScriptAssemblies/Unity.VisualScripting.Core.dll
[832/970    0s] CopyFiles Library/ScriptAssemblies/Unity.RenderPipeline.Universal.ShaderLibrary.pdb
[833/970    0s] ILPostProcess Library/Bee/artifacts/1900b0aE.dag/post-processed/Unity.RenderPipelines.Core.Runtime.Shared.dll (+pdb)
Processing assembly Library/Bee/artifacts/1900b0aE.dag/Unity.RenderPipelines.Core.Runtime.Shared.dll, with 151 defines and 308 references

processors: Unity.Jobs.CodeGen.JobsILPostProcessor, zzzUnity.Burst.CodeGen.BurstILPostProcessor

1 processor(s) skipped this assembly

running Unity.Jobs.CodeGen.JobsILPostProcessor
[834/970    0s] Csc Library/Bee/artifacts/1900b0aE.dag/Unity.TextMeshPro.Editor.dll (+2 others)
[835/970    2s] ILPostProcess Library/Bee/artifacts/1900b0aE.dag/post-processed/Unity.InputSystem.dll (+pdb)
Processing assembly Library/Bee/artifacts/1900b0aE.dag/Unity.InputSystem.dll, with 164 defines and 305 references

processors: Unity.Jobs.CodeGen.JobsILPostProcessor, zzzUnity.Burst.CodeGen.BurstILPostProcessor

1 processor(s) skipped this assembly

running Unity.Jobs.CodeGen.JobsILPostProcessor
[836/970    0s] CopyFiles Library/ScriptAssemblies/Unity.RenderPipelines.Core.Runtime.Shared.pdb
[837/970    0s] CopyFiles Library/ScriptAssemblies/Unity.RenderPipelines.Core.Runtime.Shared.dll
[838/970    1s] Csc Library/Bee/artifacts/1900b0aE.dag/Unity.VisualScripting.Flow.dll (+2 others)
[839/970    0s] CopyFiles Library/ScriptAssemblies/Unity.InputSystem.pdb
[           0s] Csc Library/Bee/artifacts/1900b0aE.dag/Unity.TextMeshPro.Editor.dll (+2 others) [CacheWrite 137f74263fe10ce7e75bb37caedfff5900000000000000000000000000000006]
[840/970    0s] CopyFiles Library/ScriptAssemblies/Unity.InputSystem.dll
[842/970    0s] MovedFromExtractor-Combine Library/Bee/artifacts/1900b0aE.dag/Unity.SurfaceCache.Runtime.dll.mvfrm
[843/970    0s] Csc Library/Bee/artifacts/1900b0aE.dag/Unity.RenderPipelines.GPUDriven.Runtime.dll (+2 others)
[           0s] Csc Library/Bee/artifacts/1900b0aE.dag/Unity.VisualScripting.Flow.dll (+2 others) [CacheWrite 269793be4da74dc80c0512e192386cfd00000000000000000000000000000006]
[844/970    0s] MovedFromExtractor-Combine Library/Bee/artifacts/1900b0aE.dag/Unity.PathTracing.Editor.dll.mvfrm
[           0s] Csc Library/Bee/artifacts/1900b0aE.dag/Unity.SurfaceCache.Runtime.dll (+2 others) [CacheMiss 65c41f9227298bae0bb95e22850296ca00000000000000000000000000000006]
[           0s] Csc Library/Bee/artifacts/1900b0aE.dag/Unity.RenderPipelines.GPUDriven.Runtime.dll (+2 others) [CacheWrite a0f6022f91afdbe13031e471ee7c7ecf00000000000000000000000000000006]
[           0s] Csc Library/Bee/artifacts/1900b0aE.dag/Unity.PathTracing.Editor.dll (+2 others) [CacheMiss c76c01542521cb78c26ae3090567078700000000000000000000000000000006]
[           0s] Csc Library/Bee/artifacts/1900b0aE.dag/Unity.VisualScripting.State.dll (+2 others) [CacheMiss 6de0d3ec832740f35eeca72d534effa400000000000000000000000000000006]
[           0s] Csc Library/Bee/artifacts/1900b0aE.dag/Unity.VisualScripting.DocCodeExamples.dll (+2 others) [CacheMiss 4d14492b7f90dead065b5867fdad62fe00000000000000000000000000000006]
[849/970    1s] Csc Library/Bee/artifacts/1900b0aE.dag/Unity.VisualScripting.Core.Editor.dll (+2 others)
[           0s] Csc Library/Bee/artifacts/1900b0aE.dag/Unity.VisualScripting.Core.Editor.dll (+2 others) [CacheWrite 7fecb4ad577768d7367effef8758989400000000000000000000000000000006]
[851/970    0s] Csc Library/Bee/artifacts/1900b0aE.dag/Unity.VisualScripting.DocCodeExamples.dll (+2 others)
[852/970    0s] ILPostProcess Library/Bee/artifacts/1900b0aE.dag/post-processed/Unity.TextMeshPro.Editor.dll (+pdb)
Processing assembly Library/Bee/artifacts/1900b0aE.dag/Unity.TextMeshPro.Editor.dll, with 149 defines and 316 references

processors: Unity.Jobs.CodeGen.JobsILPostProcessor, zzzUnity.Burst.CodeGen.BurstILPostProcessor

1 processor(s) skipped this assembly

running Unity.Jobs.CodeGen.JobsILPostProcessor
[853/970    0s] CopyFiles Library/ScriptAssemblies/Unity.TextMeshPro.Editor.pdb
[854/970    0s] CopyFiles Library/ScriptAssemblies/Unity.TextMeshPro.Editor.dll
[           0s] Csc Library/Bee/artifacts/1900b0aE.dag/Unity.VisualScripting.DocCodeExamples.dll (+2 others) [CacheWrite 4d14492b7f90dead065b5867fdad62fe00000000000000000000000000000006]
[855/970    0s] Csc Library/Bee/artifacts/1900b0aE.dag/Unity.VisualScripting.State.dll (+2 others)
[856/970    0s] Csc Library/Bee/artifacts/1900b0aE.dag/Unity.SurfaceCache.Runtime.dll (+2 others)
[857/970    0s] MovedFromExtractor-Combine Library/Bee/artifacts/1900b0aE.dag/Unity.VisualScripting.Flow.Editor.dll.mvfrm
[           0s] Csc Library/Bee/artifacts/1900b0aE.dag/Unity.VisualScripting.State.dll (+2 others) [CacheWrite 6de0d3ec832740f35eeca72d534effa400000000000000000000000000000006]
[           0s] Csc Library/Bee/artifacts/1900b0aE.dag/Unity.SurfaceCache.Runtime.dll (+2 others) [CacheWrite 65c41f9227298bae0bb95e22850296ca00000000000000000000000000000006]
[           0s] Csc Library/Bee/artifacts/1900b0aE.dag/Unity.VisualScripting.Flow.Editor.dll (+2 others) [CacheMiss 47c397e3f54fedf04da80dad12a5b4d100000000000000000000000000000006]
[860/970    0s] ILPostProcess Library/Bee/artifacts/1900b0aE.dag/post-processed/Unity.VisualScripting.DocCodeExamples.dll (+pdb)
Processing assembly Library/Bee/artifacts/1900b0aE.dag/Unity.VisualScripting.DocCodeExamples.dll, with 151 defines and 293 references

processors: Unity.Jobs.CodeGen.JobsILPostProcessor, zzzUnity.Burst.CodeGen.BurstILPostProcessor

1 processor(s) skipped this assembly

running Unity.Jobs.CodeGen.JobsILPostProcessor
[861/970    0s] MovedFromExtractor-Combine Library/Bee/artifacts/1900b0aE.dag/Unity.RenderPipelines.Universal.Runtime.dll.mvfrm
[862/970    0s] Csc Library/Bee/artifacts/1900b0aE.dag/Unity.PathTracing.Editor.dll (+2 others)
[863/970    0s] CopyFiles Library/ScriptAssemblies/Unity.VisualScripting.DocCodeExamples.dll
[864/970    0s] CopyFiles Library/ScriptAssemblies/Unity.VisualScripting.DocCodeExamples.pdb
[           0s] Csc Library/Bee/artifacts/1900b0aE.dag/Unity.RenderPipelines.Universal.Runtime.dll (+2 others) [CacheMiss 4aeb1449e21d88e566984b2d0cda035400000000000000000000000000000006]
[           0s] Csc Library/Bee/artifacts/1900b0aE.dag/Unity.PathTracing.Editor.dll (+2 others) [CacheWrite c76c01542521cb78c26ae3090567078700000000000000000000000000000006]
[866/970    0s] ILPostProcess Library/Bee/artifacts/1900b0aE.dag/post-processed/Unity.PathTracing.Runtime.dll (+pdb)
Processing assembly Library/Bee/artifacts/1900b0aE.dag/Unity.PathTracing.Runtime.dll, with 154 defines and 308 references

processors: Unity.Jobs.CodeGen.JobsILPostProcessor, zzzUnity.Burst.CodeGen.BurstILPostProcessor

1 processor(s) skipped this assembly

running Unity.Jobs.CodeGen.JobsILPostProcessor
[867/970    0s] ILPostProcess Library/Bee/artifacts/1900b0aE.dag/post-processed/Unity.VisualScripting.State.dll (+pdb)
Processing assembly Library/Bee/artifacts/1900b0aE.dag/Unity.VisualScripting.State.dll, with 151 defines and 307 references

processors: Unity.Jobs.CodeGen.JobsILPostProcessor, zzzUnity.Burst.CodeGen.BurstILPostProcessor

1 processor(s) skipped this assembly

running Unity.Jobs.CodeGen.JobsILPostProcessor
[868/970    0s] ILPostProcess Library/Bee/artifacts/1900b0aE.dag/post-processed/Unity.VisualScripting.Flow.dll (+pdb)
Processing assembly Library/Bee/artifacts/1900b0aE.dag/Unity.VisualScripting.Flow.dll, with 159 defines and 307 references

processors: Unity.Jobs.CodeGen.JobsILPostProcessor, zzzUnity.Burst.CodeGen.BurstILPostProcessor

1 processor(s) skipped this assembly

running Unity.Jobs.CodeGen.JobsILPostProcessor
[869/970    0s] ILPostProcess Library/Bee/artifacts/1900b0aE.dag/post-processed/Unity.SurfaceCache.Runtime.dll (+pdb)
Processing assembly Library/Bee/artifacts/1900b0aE.dag/Unity.SurfaceCache.Runtime.dll, with 152 defines and 308 references

processors: Unity.Jobs.CodeGen.JobsILPostProcessor, zzzUnity.Burst.CodeGen.BurstILPostProcessor

1 processor(s) skipped this assembly

running Unity.Jobs.CodeGen.JobsILPostProcessor
[870/970    0s] CopyFiles Library/ScriptAssemblies/Unity.VisualScripting.State.pdb
[871/970    0s] CopyFiles Library/ScriptAssemblies/Unity.VisualScripting.State.dll
[872/970    0s] CopyFiles Library/ScriptAssemblies/Unity.PathTracing.Runtime.pdb
[873/970    0s] CopyFiles Library/ScriptAssemblies/Unity.PathTracing.Runtime.dll
[874/970    0s] CopyFiles Library/ScriptAssemblies/Unity.VisualScripting.Flow.pdb
[875/970    0s] CopyFiles Library/ScriptAssemblies/Unity.VisualScripting.Flow.dll
[876/970    0s] CopyFiles Library/ScriptAssemblies/Unity.SurfaceCache.Runtime.dll
[877/970    0s] CopyFiles Library/ScriptAssemblies/Unity.SurfaceCache.Runtime.pdb
[878/970    0s] MovedFromExtractor-Combine Library/Bee/artifacts/1900b0aE.dag/Unity.RenderPipelines.Core.Editor.dll.mvfrm
[           0s] Csc Library/Bee/artifacts/1900b0aE.dag/Unity.RenderPipelines.Core.Editor.dll (+2 others) [CacheMiss 83242de77b96d458d429a0aab74ffa8600000000000000000000000000000006]
[879/970    3s] ILPostProcess Library/Bee/artifacts/1900b0aE.dag/post-processed/Unity.Collections.dll (+pdb)
Processing assembly Library/Bee/artifacts/1900b0aE.dag/Unity.Collections.dll, with 153 defines and 306 references

processors: Unity.Jobs.CodeGen.JobsILPostProcessor, zzzUnity.Burst.CodeGen.BurstILPostProcessor

running Unity.Jobs.CodeGen.JobsILPostProcessor

running zzzUnity.Burst.CodeGen.BurstILPostProcessor
[880/970    0s] ILPostProcess Library/Bee/artifacts/1900b0aE.dag/post-processed/Unity.PathTracing.Editor.dll (+pdb)
Processing assembly Library/Bee/artifacts/1900b0aE.dag/Unity.PathTracing.Editor.dll, with 150 defines and 317 references

processors: Unity.Jobs.CodeGen.JobsILPostProcessor, zzzUnity.Burst.CodeGen.BurstILPostProcessor

1 processor(s) skipped this assembly

running Unity.Jobs.CodeGen.JobsILPostProcessor
[881/970    0s] CopyFiles Library/ScriptAssemblies/Unity.Collections.pdb
[882/970    0s] CopyFiles Library/ScriptAssemblies/Unity.Collections.dll
[883/970    0s] CopyFiles Library/ScriptAssemblies/Unity.PathTracing.Editor.dll
[884/970    0s] CopyFiles Library/ScriptAssemblies/Unity.PathTracing.Editor.pdb
[885/970    1s] ILPostProcess Library/Bee/artifacts/1900b0aE.dag/post-processed/Unity.RenderPipelines.Core.Runtime.dll (+pdb)
Processing assembly Library/Bee/artifacts/1900b0aE.dag/Unity.RenderPipelines.Core.Runtime.dll, with 156 defines and 308 references

processors: Unity.Jobs.CodeGen.JobsILPostProcessor, zzzUnity.Burst.CodeGen.BurstILPostProcessor

1 processor(s) skipped this assembly

running Unity.Jobs.CodeGen.JobsILPostProcessor
[886/970    0s] CopyFiles Library/ScriptAssemblies/Unity.RenderPipelines.Core.Runtime.pdb
[887/970    0s] CopyFiles Library/ScriptAssemblies/Unity.RenderPipelines.Core.Runtime.dll
[888/970    0s] Csc Library/Bee/artifacts/1900b0aE.dag/Unity.VisualScripting.Flow.Editor.dll (+2 others)
[889/970    2s] ILPostProcess Library/Bee/artifacts/1900b0aE.dag/post-processed/Unity.PlasticSCM.Editor.dll (+pdb)
Processing assembly Library/Bee/artifacts/1900b0aE.dag/Unity.PlasticSCM.Editor.dll, with 150 defines and 304 references

processors: Unity.Jobs.CodeGen.JobsILPostProcessor, zzzUnity.Burst.CodeGen.BurstILPostProcessor

1 processor(s) skipped this assembly

running Unity.Jobs.CodeGen.JobsILPostProcessor
[           0s] Csc Library/Bee/artifacts/1900b0aE.dag/Unity.VisualScripting.Flow.Editor.dll (+2 others) [CacheWrite 47c397e3f54fedf04da80dad12a5b4d100000000000000000000000000000006]
[890/970    0s] CopyFiles Library/ScriptAssemblies/Unity.PlasticSCM.Editor.pdb
[891/970    0s] CopyFiles Library/ScriptAssemblies/Unity.PlasticSCM.Editor.dll
[           0s] Csc Library/Bee/artifacts/1900b0aE.dag/Unity.VisualScripting.State.Editor.dll (+2 others) [CacheMiss b5f58f1a35c8b44bf5a66a6a8b64364a00000000000000000000000000000006]
[           0s] Csc Library/Bee/artifacts/1900b0aE.dag/Unity.VisualScripting.SettingsProvider.Editor.dll (+2 others) [CacheMiss 42f62bd111e3be71af1e1276c8eacfa000000000000000000000000000000006]
[895/970    1s] ILPostProcess Library/Bee/artifacts/1900b0aE.dag/post-processed/Unity.RenderPipelines.GPUDriven.Runtime.dll (+pdb)
Processing assembly Library/Bee/artifacts/1900b0aE.dag/Unity.RenderPipelines.GPUDriven.Runtime.dll, with 152 defines and 309 references

processors: Unity.Jobs.CodeGen.JobsILPostProcessor, zzzUnity.Burst.CodeGen.BurstILPostProcessor

running Unity.Jobs.CodeGen.JobsILPostProcessor

running zzzUnity.Burst.CodeGen.BurstILPostProcessor
[896/970    0s] ILPostProcess Library/Bee/artifacts/1900b0aE.dag/post-processed/Unity.VisualScripting.Core.Editor.dll (+pdb)
Processing assembly Library/Bee/artifacts/1900b0aE.dag/Unity.VisualScripting.Core.Editor.dll, with 149 defines and 315 references

processors: Unity.Jobs.CodeGen.JobsILPostProcessor, zzzUnity.Burst.CodeGen.BurstILPostProcessor

1 processor(s) skipped this assembly

running Unity.Jobs.CodeGen.JobsILPostProcessor
[897/970    0s] CopyFiles Library/ScriptAssemblies/Unity.RenderPipelines.GPUDriven.Runtime.pdb
[898/970    0s] CopyFiles Library/ScriptAssemblies/Unity.RenderPipelines.GPUDriven.Runtime.dll
[899/970    0s] CopyFiles Library/ScriptAssemblies/Unity.VisualScripting.Core.Editor.pdb
[900/970    0s] CopyFiles Library/ScriptAssemblies/Unity.VisualScripting.Core.Editor.dll
[901/970    0s] ILPostProcess Library/Bee/artifacts/1900b0aE.dag/post-processed/Unity.VisualScripting.Flow.Editor.dll (+pdb)
Processing assembly Library/Bee/artifacts/1900b0aE.dag/Unity.VisualScripting.Flow.Editor.dll, with 151 defines and 318 references

processors: Unity.Jobs.CodeGen.JobsILPostProcessor, zzzUnity.Burst.CodeGen.BurstILPostProcessor

1 processor(s) skipped this assembly

running Unity.Jobs.CodeGen.JobsILPostProcessor
[902/970    0s] CopyFiles Library/ScriptAssemblies/Unity.VisualScripting.Flow.Editor.pdb
[903/970    0s] CopyFiles Library/ScriptAssemblies/Unity.VisualScripting.Flow.Editor.dll
[904/970    0s] Csc Library/Bee/artifacts/1900b0aE.dag/Unity.VisualScripting.SettingsProvider.Editor.dll (+2 others)
[905/970    0s] Csc Library/Bee/artifacts/1900b0aE.dag/Unity.VisualScripting.State.Editor.dll (+2 others)
[           0s] Csc Library/Bee/artifacts/1900b0aE.dag/Unity.VisualScripting.SettingsProvider.Editor.dll (+2 others) [CacheWrite 42f62bd111e3be71af1e1276c8eacfa000000000000000000000000000000006]
[           0s] Csc Library/Bee/artifacts/1900b0aE.dag/Unity.VisualScripting.State.Editor.dll (+2 others) [CacheWrite b5f58f1a35c8b44bf5a66a6a8b64364a00000000000000000000000000000006]
[           0s] Csc Library/Bee/artifacts/1900b0aE.dag/Unity.VisualScripting.Shared.Editor.dll (+2 others) [CacheMiss 20a8768b2dd7516b4a0884e09db1995100000000000000000000000000000006]
[909/970    0s] ILPostProcess Library/Bee/artifacts/1900b0aE.dag/post-processed/Unity.VisualScripting.SettingsProvider.Editor.dll (+pdb)
Processing assembly Library/Bee/artifacts/1900b0aE.dag/Unity.VisualScripting.SettingsProvider.Editor.dll, with 149 defines and 319 references

processors: Unity.Jobs.CodeGen.JobsILPostProcessor, zzzUnity.Burst.CodeGen.BurstILPostProcessor

1 processor(s) skipped this assembly

running Unity.Jobs.CodeGen.JobsILPostProcessor
[910/970    0s] ILPostProcess Library/Bee/artifacts/1900b0aE.dag/post-processed/Unity.VisualScripting.State.Editor.dll (+pdb)
Processing assembly Library/Bee/artifacts/1900b0aE.dag/Unity.VisualScripting.State.Editor.dll, with 149 defines and 319 references

processors: Unity.Jobs.CodeGen.JobsILPostProcessor, zzzUnity.Burst.CodeGen.BurstILPostProcessor

1 processor(s) skipped this assembly

running Unity.Jobs.CodeGen.JobsILPostProcessor
[911/970    0s] CopyFiles Library/ScriptAssemblies/Unity.VisualScripting.SettingsProvider.Editor.pdb
[912/970    0s] CopyFiles Library/ScriptAssemblies/Unity.VisualScripting.SettingsProvider.Editor.dll
[913/970    0s] CopyFiles Library/ScriptAssemblies/Unity.VisualScripting.State.Editor.dll
[914/970    0s] CopyFiles Library/ScriptAssemblies/Unity.VisualScripting.State.Editor.pdb
[915/970    1s] Csc Library/Bee/artifacts/1900b0aE.dag/Unity.RenderPipelines.Universal.Runtime.dll (+2 others)
[           0s] Csc Library/Bee/artifacts/1900b0aE.dag/Unity.RenderPipelines.Universal.Runtime.dll (+2 others) [CacheWrite 4aeb1449e21d88e566984b2d0cda035400000000000000000000000000000006]
[917/970    0s] Csc Library/Bee/artifacts/1900b0aE.dag/Unity.VisualScripting.Shared.Editor.dll (+2 others)
[           0s] Csc Library/Bee/artifacts/1900b0aE.dag/Unity.VisualScripting.Shared.Editor.dll (+2 others) [CacheWrite 20a8768b2dd7516b4a0884e09db1995100000000000000000000000000000006]
[919/970    0s] MovedFromExtractor-Combine Library/Bee/artifacts/1900b0aE.dag/Unity.RenderPipelines.Universal.2D.Runtime.dll.mvfrm
[           0s] Csc Library/Bee/artifacts/1900b0aE.dag/Unity.RenderPipelines.Universal.2D.Runtime.dll (+2 others) [CacheMiss 4bde0db05237a272d9859631343f4b3100000000000000000000000000000006]
[920/970    1s] Csc Library/Bee/artifacts/1900b0aE.dag/Unity.RenderPipelines.Core.Editor.dll (+2 others)
[921/970    0s] ILPostProcess Library/Bee/artifacts/1900b0aE.dag/post-processed/Unity.VisualScripting.Shared.Editor.dll (+pdb)
Processing assembly Library/Bee/artifacts/1900b0aE.dag/Unity.VisualScripting.Shared.Editor.dll, with 149 defines and 320 references

processors: Unity.Jobs.CodeGen.JobsILPostProcessor, zzzUnity.Burst.CodeGen.BurstILPostProcessor

1 processor(s) skipped this assembly

running Unity.Jobs.CodeGen.JobsILPostProcessor
[           0s] Csc Library/Bee/artifacts/1900b0aE.dag/Unity.RenderPipelines.Core.Editor.dll (+2 others) [CacheWrite 83242de77b96d458d429a0aab74ffa8600000000000000000000000000000006]
[923/970    0s] CopyFiles Library/ScriptAssemblies/Unity.VisualScripting.Shared.Editor.pdb
[924/970    0s] CopyFiles Library/ScriptAssemblies/Unity.VisualScripting.Shared.Editor.dll
[925/970    0s] ILPostProcess Library/Bee/artifacts/1900b0aE.dag/post-processed/Unity.RenderPipelines.Universal.Runtime.dll (+pdb)
Processing assembly Library/Bee/artifacts/1900b0aE.dag/Unity.RenderPipelines.Universal.Runtime.dll, with 159 defines and 315 references

processors: Unity.Jobs.CodeGen.JobsILPostProcessor, zzzUnity.Burst.CodeGen.BurstILPostProcessor

running Unity.Jobs.CodeGen.JobsILPostProcessor

running zzzUnity.Burst.CodeGen.BurstILPostProcessor
[926/970    0s] MovedFromExtractor-Combine Library/Bee/artifacts/1900b0aE.dag/Unity.ShaderGraph.Editor.dll.mvfrm
[927/970    0s] CopyFiles Library/ScriptAssemblies/Unity.RenderPipelines.Universal.Runtime.pdb
[928/970    0s] CopyFiles Library/ScriptAssemblies/Unity.RenderPipelines.Universal.Runtime.dll
[929/970    0s] MovedFromExtractor-Combine Library/Bee/artifacts/1900b0aE.dag/Unity.RenderPipelines.Core.Editor.Shared.dll.mvfrm
[           0s] Csc Library/Bee/artifacts/1900b0aE.dag/Unity.ShaderGraph.Editor.dll (+2 others) [CacheMiss e27586a7c2569f25b1ba5ade10e2247900000000000000000000000000000006]
[           0s] Csc Library/Bee/artifacts/1900b0aE.dag/Unity.RenderPipelines.Core.Editor.Shared.dll (+2 others) [CacheMiss 37b6e5e1b85d2adc7a7d9d560673d82200000000000000000000000000000006]
[930/970    0s] ILPostProcess Library/Bee/artifacts/1900b0aE.dag/post-processed/Unity.RenderPipelines.Core.Editor.dll (+pdb)
Processing assembly Library/Bee/artifacts/1900b0aE.dag/Unity.RenderPipelines.Core.Editor.dll, with 153 defines and 322 references

processors: Unity.Jobs.CodeGen.JobsILPostProcessor, zzzUnity.Burst.CodeGen.BurstILPostProcessor

1 processor(s) skipped this assembly

running Unity.Jobs.CodeGen.JobsILPostProcessor
[931/970    0s] CopyFiles Library/ScriptAssemblies/Unity.RenderPipelines.Core.Editor.pdb
[932/970    0s] CopyFiles Library/ScriptAssemblies/Unity.RenderPipelines.Core.Editor.dll
[933/970    0s] Csc Library/Bee/artifacts/1900b0aE.dag/Unity.RenderPipelines.Core.Editor.Shared.dll (+2 others)
[934/970    0s] Csc Library/Bee/artifacts/1900b0aE.dag/Unity.RenderPipelines.Universal.2D.Runtime.dll (+2 others)
[           0s] Csc Library/Bee/artifacts/1900b0aE.dag/Unity.RenderPipelines.Core.Editor.Shared.dll (+2 others) [CacheWrite 37b6e5e1b85d2adc7a7d9d560673d82200000000000000000000000000000006]
[           0s] Csc Library/Bee/artifacts/1900b0aE.dag/Unity.RenderPipelines.Universal.2D.Runtime.dll (+2 others) [CacheWrite 4bde0db05237a272d9859631343f4b3100000000000000000000000000000006]
[937/970    0s] ILPostProcess Library/Bee/artifacts/1900b0aE.dag/post-processed/Unity.RenderPipelines.Core.Editor.Shared.dll (+pdb)
Processing assembly Library/Bee/artifacts/1900b0aE.dag/Unity.RenderPipelines.Core.Editor.Shared.dll, with 149 defines and 321 references

processors: Unity.Jobs.CodeGen.JobsILPostProcessor, zzzUnity.Burst.CodeGen.BurstILPostProcessor

1 processor(s) skipped this assembly

running Unity.Jobs.CodeGen.JobsILPostProcessor
[938/970    0s] CopyFiles Library/ScriptAssemblies/Unity.RenderPipelines.Core.Editor.Shared.pdb
[939/970    0s] CopyFiles Library/ScriptAssemblies/Unity.RenderPipelines.Core.Editor.Shared.dll
[940/970    0s] ILPostProcess Library/Bee/artifacts/1900b0aE.dag/post-processed/Unity.RenderPipelines.Universal.2D.Runtime.dll (+pdb)
Processing assembly Library/Bee/artifacts/1900b0aE.dag/Unity.RenderPipelines.Universal.2D.Runtime.dll, with 154 defines and 310 references

processors: Unity.Jobs.CodeGen.JobsILPostProcessor, zzzUnity.Burst.CodeGen.BurstILPostProcessor

running Unity.Jobs.CodeGen.JobsILPostProcessor

running zzzUnity.Burst.CodeGen.BurstILPostProcessor
[941/970    0s] CopyFiles Library/ScriptAssemblies/Unity.RenderPipelines.Universal.2D.Runtime.pdb
[942/970    0s] CopyFiles Library/ScriptAssemblies/Unity.RenderPipelines.Universal.2D.Runtime.dll
[943/970    2s] Csc Library/Bee/artifacts/1900b0aE.dag/Unity.ShaderGraph.Editor.dll (+2 others)
[           0s] Csc Library/Bee/artifacts/1900b0aE.dag/Unity.ShaderGraph.Editor.dll (+2 others) [CacheWrite e27586a7c2569f25b1ba5ade10e2247900000000000000000000000000000006]
[945/970    0s] MovedFromExtractor-Combine Library/Bee/artifacts/1900b0aE.dag/Unity.RenderPipelines.Universal.2D.Editor.Overrides.dll.mvfrm
[946/970    0s] MovedFromExtractor-Combine Library/Bee/artifacts/1900b0aE.dag/Unity.RenderPipelines.Universal.Editor.dll.mvfrm
[           0s] Csc Library/Bee/artifacts/1900b0aE.dag/Unity.RenderPipelines.Universal.2D.Editor.Overrides.dll (+2 others) [CacheMiss 704bab9783fcd0a62d4987984910318e00000000000000000000000000000006]
[           0s] Csc Library/Bee/artifacts/1900b0aE.dag/Unity.RenderPipelines.Universal.Editor.dll (+2 others) [CacheMiss 60fbb8ac958cc76dbc38cc0f3853e7ab00000000000000000000000000000006]
[947/970    0s] Csc Library/Bee/artifacts/1900b0aE.dag/Unity.RenderPipelines.Universal.2D.Editor.Overrides.dll (+2 others)
[           0s] Csc Library/Bee/artifacts/1900b0aE.dag/Unity.RenderPipelines.Universal.2D.Editor.Overrides.dll (+2 others) [CacheWrite 704bab9783fcd0a62d4987984910318e00000000000000000000000000000006]
[949/970    0s] ILPostProcess Library/Bee/artifacts/1900b0aE.dag/post-processed/Unity.RenderPipelines.Universal.2D.Editor.Overrides.dll (+pdb)
Processing assembly Library/Bee/artifacts/1900b0aE.dag/Unity.RenderPipelines.Universal.2D.Editor.Overrides.dll, with 150 defines and 322 references

processors: Unity.Jobs.CodeGen.JobsILPostProcessor, zzzUnity.Burst.CodeGen.BurstILPostProcessor

1 processor(s) skipped this assembly

running Unity.Jobs.CodeGen.JobsILPostProcessor
[950/970    0s] CopyFiles Library/ScriptAssemblies/Unity.RenderPipelines.Universal.2D.Editor.Overrides.dll
[951/970    0s] CopyFiles Library/ScriptAssemblies/Unity.RenderPipelines.Universal.2D.Editor.Overrides.pdb
[952/970    0s] ILPostProcess Library/Bee/artifacts/1900b0aE.dag/post-processed/Unity.ShaderGraph.Editor.dll (+pdb)
Processing assembly Library/Bee/artifacts/1900b0aE.dag/Unity.ShaderGraph.Editor.dll, with 149 defines and 320 references

processors: Unity.Jobs.CodeGen.JobsILPostProcessor, zzzUnity.Burst.CodeGen.BurstILPostProcessor

1 processor(s) skipped this assembly

running Unity.Jobs.CodeGen.JobsILPostProcessor
[953/970    0s] CopyFiles Library/ScriptAssemblies/Unity.ShaderGraph.Editor.pdb
[954/970    0s] CopyFiles Library/ScriptAssemblies/Unity.ShaderGraph.Editor.dll
[955/970    1s] Csc Library/Bee/artifacts/1900b0aE.dag/Unity.RenderPipelines.Universal.Editor.dll (+2 others)
[           0s] Csc Library/Bee/artifacts/1900b0aE.dag/Unity.RenderPipelines.Universal.Editor.dll (+2 others) [CacheWrite 60fbb8ac958cc76dbc38cc0f3853e7ab00000000000000000000000000000006]
[957/970    0s] MovedFromExtractor-Combine Library/Bee/artifacts/1900b0aE.dag/Assembly-CSharp.dll.mvfrm
[958/970    0s] MovedFromExtractor-Combine Library/Bee/artifacts/1900b0aE.dag/Assembly-CSharp-Editor.dll.mvfrm
[959/970    0s] ILPostProcess Library/Bee/artifacts/1900b0aE.dag/post-processed/Unity.RenderPipelines.Universal.Editor.dll (+pdb)
Processing assembly Library/Bee/artifacts/1900b0aE.dag/Unity.RenderPipelines.Universal.Editor.dll, with 153 defines and 326 references

processors: Unity.Jobs.CodeGen.JobsILPostProcessor, zzzUnity.Burst.CodeGen.BurstILPostProcessor

1 processor(s) skipped this assembly

running Unity.Jobs.CodeGen.JobsILPostProcessor
[960/970    0s] CopyFiles Library/ScriptAssemblies/Unity.RenderPipelines.Universal.Editor.pdb
[961/970    0s] CopyFiles Library/ScriptAssemblies/Unity.RenderPipelines.Universal.Editor.dll
[962/970    0s] Csc Library/Bee/artifacts/1900b0aE.dag/Assembly-CSharp.dll (+2 others)
[963/970    0s] ILPostProcess Library/Bee/artifacts/1900b0aE.dag/post-processed/Assembly-CSharp.dll (+pdb)
Processing assembly Library/Bee/artifacts/1900b0aE.dag/Assembly-CSharp.dll, with 151 defines and 351 references

processors: Unity.Jobs.CodeGen.JobsILPostProcessor, zzzUnity.Burst.CodeGen.BurstILPostProcessor

1 processor(s) skipped this assembly

running Unity.Jobs.CodeGen.JobsILPostProcessor
[964/970    0s] CopyFiles Library/ScriptAssemblies/Assembly-CSharp.dll
[965/970    0s] CopyFiles Library/ScriptAssemblies/Assembly-CSharp.pdb
[966/970    0s] Csc Library/Bee/artifacts/1900b0aE.dag/Assembly-CSharp-Editor.dll (+2 others)
Assets\IndieMarc\TopDownDemo\Editor\ImportPackage.cs(22,13): warning CS0618: 'EditorApplication.hierarchyWindowChanged' is obsolete: 'Use EditorApplication.hierarchyChanged'

Assets\IndieMarc\PlatformerDemo\Editor\ImportPackage.cs(21,13): warning CS0618: 'EditorApplication.hierarchyWindowChanged' is obsolete: 'Use EditorApplication.hierarchyChanged'

Assets\IndieMarc\TopDownDemo\Editor\FixZ.cs(49,41): warning CS0618: 'Object.FindObjectsOfType<T>()' is obsolete: 'Object.FindObjectsOfType has been deprecated. Use Object.FindObjectsByType instead which lets you decide whether you need the results sorted or not.  FindObjectsOfType sorts the results by InstanceID but if you do not need this using FindObjectSortMode.None is considerably faster.'

Assets\IndieMarc\TopDownDemo\Editor\FixZ.cs(50,41): warning CS0618: 'Object.FindObjectsOfType<T>()' is obsolete: 'Object.FindObjectsOfType has been deprecated. Use Object.FindObjectsByType instead which lets you decide whether you need the results sorted or not.  FindObjectsOfType sorts the results by InstanceID but if you do not need this using FindObjectSortMode.None is considerably faster.'
[967/970    0s] ILPostProcess Library/Bee/artifacts/1900b0aE.dag/post-processed/Assembly-CSharp-Editor.dll (+pdb)
Processing assembly Library/Bee/artifacts/1900b0aE.dag/Assembly-CSharp-Editor.dll, with 149 defines and 374 references

processors: Unity.Jobs.CodeGen.JobsILPostProcessor, zzzUnity.Burst.CodeGen.BurstILPostProcessor

1 processor(s) skipped this assembly

running Unity.Jobs.CodeGen.JobsILPostProcessor
[968/970    0s] CopyFiles Library/ScriptAssemblies/Assembly-CSharp-Editor.pdb
[969/970    0s] CopyFiles Library/ScriptAssemblies/Assembly-CSharp-Editor.dll
*** Tundra build success (14.84 seconds), 467 items updated, 970 evaluated
Assets\IndieMarc\TopDownDemo\Editor\ImportPackage.cs(22,13): warning CS0618: 'EditorApplication.hierarchyWindowChanged' is obsolete: 'Use EditorApplication.hierarchyChanged'
Assets\IndieMarc\PlatformerDemo\Editor\ImportPackage.cs(21,13): warning CS0618: 'EditorApplication.hierarchyWindowChanged' is obsolete: 'Use EditorApplication.hierarchyChanged'
Assets\IndieMarc\TopDownDemo\Editor\FixZ.cs(49,41): warning CS0618: 'Object.FindObjectsOfType<T>()' is obsolete: 'Object.FindObjectsOfType has been deprecated. Use Object.FindObjectsByType instead which lets you decide whether you need the results sorted or not.  FindObjectsOfType sorts the results by InstanceID but if you do not need this using FindObjectSortMode.None is considerably faster.'
Assets\IndieMarc\TopDownDemo\Editor\FixZ.cs(50,41): warning CS0618: 'Object.FindObjectsOfType<T>()' is obsolete: 'Object.FindObjectsOfType has been deprecated. Use Object.FindObjectsByType instead which lets you decide whether you need the results sorted or not.  FindObjectsOfType sorts the results by InstanceID but if you do not need this using FindObjectSortMode.None is considerably faster.'
Total cache size 95204652
AssetDatabase: script compilation time: 19.988129s
Total cache size after purge 95204652, took 00:00:00.0632256
Begin MonoManager ReloadAssembly
'Packages/com.unity.render-pipelines.core/Editor/Deprecated.cs' contains partial class of Unity.Object, exactly 1 of the partial classes needs to be in a file with the same filename. This is to know the one that can be referenced from ie. GameObjects
'Packages/com.unity.render-pipelines.core/Editor/Deprecated.cs' contains partial class of Unity.Object, exactly 1 of the partial classes needs to be in a file with the same filename. This is to know the one that can be referenced from ie. GameObjects
Native extension for WindowsStandalone target not found
Native extension for WebGL target not found
ScheduleIndexationOnStartup MainProcess:True IndexOnStartup:True
Scripting: successfully reloaded assembly
- Finished resetting the current domain, in  0.690 seconds
Domain Reload Profiling: 1510ms
	BeginReloadAssembly (177ms)
		DisableScriptedObjects (20ms)
		CreateAndSetChildDomain (32ms)
	RebuildCommonClasses (7ms)
	RebuildNativeTypeToScriptingClass (12ms)
	initialDomainReloadingComplete (44ms)
	LoadAllAssembliesAndSetupDomain (578ms)
		LoadAssemblies (266ms)
		TypeCache.Refresh (176ms)
			TypeCache.ScanAssembly (164ms)
		AnalyzeDomain (76ms)
			BuildScriptInfoCaches (63ms)
			ResolveRequiredComponents (11ms)
	FinalizeReload (691ms)
		SetupLoadedEditorAssemblies (0ms)
			BeforeProcessingInitializeOnLoad (91ms)
			ProcessInitializeOnLoadAttributes (258ms)
			ProcessInitializeOnLoadMethodAttributes (112ms)
			AfterProcessingInitializeOnLoad (4ms)
		AwakeInstancesAfterBackupRestoration (25ms)
Starting new worker id: 0 with log in C:/Users/MSI/OPD_laba_2/Logs/AssetImportWorkerHW0.log

Asset Pipeline Refresh (id=df414d11887cbe640b7fdc82e564fe40): Total: 22.097 seconds - Initiated by InitialRefreshV2(ForceSynchronousImport)
	(Values over 0.05ms)
	Summary:
		Imports: total=0 (actual=0, local cache=0, cache server=0)
		Asset DB Process Time: managed=0 ms, native=1043 ms
		Asset DB Callback time: managed=140 ms, native=24 ms
		Scripting: domain reloads=1, domain reload time=862 ms, compile time=19991 ms, other=35 ms
		Project Asset Count: scripts=1388, non-scripts=2450
		Asset File Changes: new=0, changed=0, moved=0, deleted=0
		Scan Filter Count: 0
	InvokePackagesCallback: 25.949ms
	ApplyChangesToAssetFolders: 0.485ms
	Scan: 87.418ms
	Collect global state as custom dependencies: 6.381ms
	CategorizeScriptCompilationAssets: 35.179ms
	ProcessAssetsWithTransientArtifactChanges: 62.161ms
	CategorizeAssets: 42.642ms
	CompileScripts: 19990.521ms
	ImportOutOfDateAssets: 704.352ms (695.697ms without children)
		UnloadImportedAssets: 1.359ms
		EnsureUptoDateAssetsAreRegisteredWithGuidPM: 0.451ms
		ImportSchedulerStart: 6.843ms
	PostProcessAllAssets: 140.536ms
		MonoPostProcessAllAssets: 140.476ms
			UniversalRenderPipelineGlobalSettingsPostprocessor.OnPostprocessAllAssets 124.228ms
			SyncVS.PostprocessSyncProject 3.782ms
			SpeedTree9Postprocessor.OnPostprocessAllAssets 1.446ms
			WindowAssetPostprocessingWatcher.OnPostprocessAllAssets 1.393ms
			EditModeScopePostprocessor.OnPostprocessAllAssets 0.696ms
			ShaderReflectionAssetPostProcessor.OnPostprocessAllAssets 0.471ms
			InputActionAssetPostprocessor.OnPostprocessAllAssets 0.217ms
			ReferencedClipsPostProcessor.OnPostprocessAllAssets 0.209ms
			TerrainToolbarOverlayPostProcessor.OnPostprocessAllAssets 0.164ms
			ProjectSettingsPostprocessor.OnPostprocessAllAssets 0.150ms
			AssetDatabaseCallbacks.OnPostprocessAllAssets 0.130ms
			RenderPipelineGlobalSettingsPostprocessor.OnPostprocessAllAssets 0.061ms
	UnloadStreamsBegin: 1.472ms
	PersistCurrentRevisions: 0.135ms
	GenerateScriptTypeHashes: 1.754ms
	GenerateScriptTypeSerializationHashes: 3.285ms
	Untracked: 995.639ms

Application.AssetDatabase Initial Refresh End
Launched and connected shader compiler UnityShaderCompiler.exe after 0.01 seconds
Scanning for USB devices : 3.707ms
Initializing Unity extensions:
[MODES] ModeService[none].Initialize
[MODES] ModeService[none].LoadModes
[MODES] Loading mode Default (0) for mode-current-id-OPD_laba_2
GetVirtualKey: Could not map char: z (122) to any virtual key
GetVirtualKey: Could not map char: y (121) to any virtual key
GetVirtualKey: Could not map char: [ (91) to any virtual key
GetVirtualKey: Could not map char: ] (93) to any virtual key
GetVirtualKey: Could not map char: x (120) to any virtual key
GetVirtualKey: Could not map char: c (99) to any virtual key
GetVirtualKey: Could not map char: v (118) to any virtual key
GetVirtualKey: Could not map char: V (86) to any virtual key
GetVirtualKey: Could not map char: d (100) to any virtual key
GetVirtualKey: Could not map char: f (102) to any virtual key
GetVirtualKey: Could not map char: f (102) to any virtual key
GetVirtualKey: Could not map char: a (97) to any virtual key
GetVirtualKey: Could not map char: d (100) to any virtual key
GetVirtualKey: Could not map char: c (99) to any virtual key
GetVirtualKey: Could not map char: r (114) to any virtual key
GetVirtualKey: Could not map char: i (105) to any virtual key
GetVirtualKey: Could not map char: l (108) to any virtual key
GetVirtualKey: Could not map char: f (102) to any virtual key
GetVirtualKey: Could not map char: k (107) to any virtual key
GetVirtualKey: Could not map char: p (112) to any virtual key
GetVirtualKey: Could not map char: p (112) to any virtual key
GetVirtualKey: Could not map char: p (112) to any virtual key
GetVirtualKey: Could not map char: c (99) to any virtual key
GetVirtualKey: Could not map char: r (114) to any virtual key
GetVirtualKey: Could not map char: P (80) to any virtual key
GetVirtualKey: Could not map char: n (110) to any virtual key
GetVirtualKey: Could not map char: n (110) to any virtual key
GetVirtualKey: Could not map char: g (103) to any virtual key
GetVirtualKey: Could not map char: f (102) to any virtual key
GetVirtualKey: Could not map char: f (102) to any virtual key
GetVirtualKey: Could not map char: a (97) to any virtual key
GetVirtualKey: Could not map char: a (97) to any virtual key
GetVirtualKey: Could not map char: n (110) to any virtual key
GetVirtualKey: Could not map char: o (111) to any virtual key
GetVirtualKey: Could not map char: s (115) to any virtual key
GetVirtualKey: Could not map char: s (115) to any virtual key
GetVirtualKey: Could not map char: b (98) to any virtual key
GetVirtualKey: Could not map char: b (98) to any virtual key
GetVirtualKey: Could not map char: c (99) to any virtual key
GetVirtualKey: Could not map char: u (117) to any virtual key
Unloading 184 Unused Serialized files (Serialized files now loaded: 0)
Loaded scene 'Assets/Scenes/SampleScene.unity'
	Deserialize:            3.274 ms
	Integration:            11.233 ms
	Integration of assets:  0.074 ms
	Thread Wait Time:       0.016 ms
	Total Operation Time:   14.598 ms
Unloading 6639 unused Assets / (8.8 MB). Loaded Objects now: 7597.
Memory consumption went from 419.9 MB to 411.1 MB.
Total: 7.844100 ms (FindLiveObjects: 0.458900 ms CreateObjectMapping: 0.224600 ms MarkObjects: 4.941200 ms  DeleteObjects: 1.959300 ms)

[LAYOUT] About to load UserSettings\Layouts\default-6000.dwlt, keepMainWindow=False
[LAYOUT] About to save layout C:\Users\MSI\OPD_laba_2\UserSettings\Layouts\default-6000.dwlt
[LAYOUT] About to save layout C:/Users/MSI/AppData/Roaming/Unity/Editor-5.x/Preferences\Layouts\current\default-6000.dwlt
[MODES] ModeService[default].InitializeCurrentMode
[MODES] ModeService[default].RaiseModeChanged(default, default)
This project uses Input Manager, which is marked for deprecation. To manage input in your project, use the <a href="https://docs.unity3d.com/Packages/com.unity.inputsystem@latest">Input System package</a> instead.
<RI> Initializing input.
Using Windows.Gaming.Input
<RI> Input initialized.
[Project] Loading completed in 26.131 seconds
	Project init time: 				24.394 seconds
		Template init time: 		0.000 seconds
		Package Manager init time: 		0.212 seconds
		Asset Database init time: 		0.252 seconds
		Global illumination init time: 	0.002 seconds
		Assemblies load time: 			1.045 seconds
		Unity extensions init time: 	0.028 seconds
		Asset Database refresh time: 	22.097 seconds
	Scene opening time: 			1.082 seconds
##utp:{"type":"ProjectInfo","version":2,"phase":"Immediate","time":1790781641646,"processId":25288,"projectLoad":26.1313741,"projectInit":24.3937314,"templateInit":0.0,"packageManagerInit":0.2116745,"assetDatabaseInit":0.2518368,"globalIlluminationInit":0.0024533,"assembliesLoad":1.0454845,"unityExtensionsInit":0.0278628,"assetDatabaseRefresh":22.0970778,"sceneOpening":1.0819818}
##utp:{"type":"EditorInfo","version":2,"phase":"Immediate","time":1790781641646,"processId":25288,"editorVersion":"6000.6.3f1 (45d8eee7de74)","branch":"6000.6/staging","buildType":"Release","platform":"Windows"}
Asset Pipeline Refresh (id=0590b2039c9f06a4b836d3611c445eba): Total: 0.068 seconds - Initiated by RefreshV2(AllowForceSynchronousImport)
Worker ready: AssetImportWorkerHW0 0
Start Indexing on Editor startup
[Indexing] Starting Initial Indexing for Assets
Created GICache directory at C:/Users/MSI/AppData/LocalLow/Unity/Caches/GiCache. Took: 0.005s, timestamps: [38.123 - 38.128]
[Licensing::Client] Successfully resolved entitlement details
[Licensing::Client] Successfully resolved entitlement details
[Licensing::Client] Successfully resolved entitlement details
[Licensing::Client] Successfully updated the access token
[Licensing::Module] Successfully updated access token: "tw7s_DBb"... (expires: 2026-09-30T17:18:20Z)
Starting new worker id: 1 with log in C:/Users/MSI/OPD_laba_2/Logs/AssetImportWorkerHW1.log
[Worker0] Imported GUID: 799f67c2035f9f441938e2be8676d387 - Path: Assets/IndieMarc/TopDownDemo/Textures/Lever_position05.png - Importer: ScriptedImporter/UnityEditor.QuickSearchModule:UnityEditor.Search:ASIAI0B -> (ImportResultId: '4b47fead9fe1212d17edab61c4cfc0ed') in 0.1216338 seconds
Starting new worker id: 2 with log in C:/Users/MSI/OPD_laba_2/Logs/AssetImportWorkerHW2.log
[Worker0] Imported GUID: e90a72647bbe86f41a7c79766f5cd8c7 - Path: Assets/IndieMarc/PlatformerDemo/Tilemap/Old/old-tile-flat-top.png - Importer: ScriptedImporter/UnityEditor.QuickSearchModule:UnityEditor.Search:ASIAI0B -> (ImportResultId: 'f0c84c4f4b7f89cc6cbb1dab4ab3e093') in 0.0161799 seconds
[Worker0] Imported GUID: f86bdb239ddc5f644bcd637af39857dc - Path: Assets/IndieMarc/PlatformerDemo/Sprites/Lever - Importer: ScriptedImporter/UnityEditor.QuickSearchModule:UnityEditor.Search:ASIAI0B -> (ImportResultId: '3549df9ad155fcecf8fdb8dfb69de919') in 0.0106207 seconds
[Worker0] Imported GUID: 158dce27acd4a5b458f5fb90288ca7dc - Path: Assets/IndieMarc/PlatformerDemo/Tilemap/Old/old-tile-flat-bottom.png - Importer: ScriptedImporter/UnityEditor.QuickSearchModule:UnityEditor.Search:ASIAI0B -> (ImportResultId: 'f9f7c2cd6afbc1e4b2e10ae4e45b4b05') in 0.0126075 seconds
[Worker0] Imported GUID: 6611abd9b8cfcf8459181905b25b9abc - Path: Assets/IndieMarc/TopDownDemo/Textures/key.png - Importer: ScriptedImporter/UnityEditor.QuickSearchModule:UnityEditor.Search:ASIAI0B -> (ImportResultId: '4d25f187df6c1e20d3b1bb353b40b313') in 0.0167966 seconds
[Worker0] Imported GUID: 1c8736f48aa29a949940dcc169e154fb - Path: Assets/IndieMarc/TopDownDemo/Sprites/CharacterRighthHold.png - Importer: ScriptedImporter/UnityEditor.QuickSearchModule:UnityEditor.Search:ASIAI0B -> (ImportResultId: 'fdca3a427bc5f61c2cba2f48e70b5095') in 0.0347105 seconds
[Worker0] Imported GUID: e11899128e8bbf547bc7c29b63df0dee - Path: Assets/IndieMarc/PlatformerDemo/Tilemap/Old/old-tile-corner-right.png - Importer: ScriptedImporter/UnityEditor.QuickSearchModule:UnityEditor.Search:ASIAI0B -> (ImportResultId: '49644f00e1bfb78c8695c204a226c860') in 0.0157416 seconds
[Worker0] Imported GUID: f84c802390848d34887201fc1d69cadb - Path: Assets/IndieMarc/TopDownDemo/Textures/door.png - Importer: ScriptedImporter/UnityEditor.QuickSearchModule:UnityEditor.Search:ASIAI0B -> (ImportResultId: '454c1ae81ad96539990a4d5276c83451') in 0.0167366 seconds
[Worker0] Imported GUID: a6496126fec89964088487d7e1f67f6c - Path: Assets/IndieMarc - Importer: ScriptedImporter/UnityEditor.QuickSearchModule:UnityEditor.Search:ASIAI0B -> (ImportResultId: '710a5e4b2dd0be576bad6bb125cff0fa') in 0.0110968 seconds
[Worker0] Imported GUID: b1c43cf59bc540d418cae9aefbcf70bd - Path: Assets/IndieMarc/PlatformerDemo/Tilemap/Old/old-tile-empty.png - Importer: ScriptedImporter/UnityEditor.QuickSearchModule:UnityEditor.Search:ASIAI0B -> (ImportResultId: '1310da405c627ff499ad2df4b72b7425') in 0.011966 seconds
[Worker0] Imported GUID: 324d126e310b4cd449ecde98c1fb938b - Path: Assets/IndieMarc/PlatformerDemo/Editor - Importer: ScriptedImporter/UnityEditor.QuickSearchModule:UnityEditor.Search:ASIAI0B -> (ImportResultId: '03518163d7d88521cb7ad61ba54ba7e4') in 0.0090306 seconds
[Worker0] Imported GUID: 5cf7d8e8d7e597f4caa7b0501453de46 - Path: Assets/IndieMarc/TopDownDemo/Sprites - Importer: ScriptedImporter/UnityEditor.QuickSearchModule:UnityEditor.Search:ASIAI0B -> (ImportResultId: '954ad41471ee9dd8e74f31d367d35af4') in 0.0097466 seconds
[Worker0] Imported GUID: d33aa9e63655fdf4082e0bd36620c949 - Path: Assets/IndieMarc/TopDownDemo/Scripts/PlayerCharacter.cs - Importer: ScriptedImporter/UnityEditor.QuickSearchModule:UnityEditor.Search:ASIAI0B -> (ImportResultId: 'ef9e0c861371c5b2bd2531dbecb69d62') in 0.0091143 seconds
[Worker0] Imported GUID: 4c3a4c38924408144ae04a47190c5db8 - Path: Assets/IndieMarc/PlatformerDemo/Tilemap/Black/tilemap_6.asset - Importer: ScriptedImporter/UnityEditor.QuickSearchModule:UnityEditor.Search:ASIAI0B -> (ImportResultId: '9203e824818dc229e4d3dd242cd4e488') in 0.0329118 seconds
[Worker0] Imported GUID: 8a658f3bf1c39eb4391763244efb237f - Path: Assets/IndieMarc/TopDownDemo/Prefabs/Grass1.prefab - Importer: ScriptedImporter/UnityEditor.QuickSearchModule:UnityEditor.Search:ASIAI0B -> (ImportResultId: '458fe5d2d409d0d6da339d3f5617a738') in 0.0374327 seconds
[Worker0] Imported GUID: cfd1b701d13195a4ebc5b97a65e59c8c - Path: Assets/IndieMarc/TopDownDemo/Textures/keyhole.png - Importer: ScriptedImporter/UnityEditor.QuickSearchModule:UnityEditor.Search:ASIAI0B -> (ImportResultId: '6cf9f024247bcdbfd9d34be34f5f0b5b') in 0.0160252 seconds
[Worker0] Imported GUID: b5bdfecbec6d4294d9aa8cf6fcf42aa1 - Path: Assets/IndieMarc/PlatformerDemo/Sprites/Background/Trees2.mat - Importer: ScriptedImporter/UnityEditor.QuickSearchModule:UnityEditor.Search:ASIAI0B -> (ImportResultId: '0cb8ee656fa2ff6c8021dfd9808007c5') in 0.058015 seconds
[Worker0] Imported GUID: 2b5473a29e5640244888df8ba46084bf - Path: Assets/IndieMarc/PlatformerDemo/Sprites/Character/CharacteAnimWalk.anim - Importer: ScriptedImporter/UnityEditor.QuickSearchModule:UnityEditor.Search:ASIAI0B -> (ImportResultId: 'edfd81c525627a0e555cbed83a5d1f29') in 0.0161151 seconds
[Worker0] Imported GUID: 294448943c96c5d4f889346f0757ff38 - Path: Assets/IndieMarc/TopDownDemo/Prefabs/Floor.prefab - Importer: ScriptedImporter/UnityEditor.QuickSearchModule:UnityEditor.Search:ASIAI0B -> (ImportResultId: 'b9cdce771f8c974bacb69ea65484c533') in 0.0163886 seconds
[Worker0] Imported GUID: 7496771ae157d7942aa3849f7c93851b - Path: Assets/IndieMarc/TopDownDemo/Prefabs/Wall3D.prefab - Importer: ScriptedImporter/UnityEditor.QuickSearchModule:UnityEditor.Search:ASIAI0B -> (ImportResultId: '0209b3ac078c7c4700bfcae049952558') in 0.0246985 seconds
[Worker0] Imported GUID: 5279d6c84667d634a8cae15c7ed54172 - Path: Assets/IndieMarc/PlatformerDemo/Sprites/Character/CharacterAnimator.controller - Importer: ScriptedImporter/UnityEditor.QuickSearchModule:UnityEditor.Search:ASIAI0B -> (ImportResultId: '2cc33bbc49a54ad79a441201634c2271') in 0.0180924 seconds
[Worker0] Imported GUID: 9f6238b263e800f41b3ab3601c0312f6 - Path: Assets/IndieMarc/PlatformerDemo/Tilemap/Black/tile-slide-corner-right-down.asset - Importer: ScriptedImporter/UnityEditor.QuickSearchModule:UnityEditor.Search:ASIAI0B -> (ImportResultId: 'feeb29cf88741af592eafb97076630f7') in 0.0105055 seconds
[Worker0] Imported GUID: 2ed2ff16ad6b6844aac598aa6c5383ea - Path: Assets/IndieMarc/PlatformerDemo/Tilemap/Old/old-tile-corner-left.png - Importer: ScriptedImporter/UnityEditor.QuickSearchModule:UnityEditor.Search:ASIAI0B -> (ImportResultId: 'b7d7add23019423d93abe974af9b44f1') in 0.0136732 seconds
[Worker0] Imported GUID: e3b9448900aef7b4f88bbd672ec312bc - Path: Assets/IndieMarc/PlatformerDemo/Tilemap/Old/old-tile-slide-corner-right.png - Importer: ScriptedImporter/UnityEditor.QuickSearchModule:UnityEditor.Search:ASIAI0B -> (ImportResultId: 'b6c2c9987614d2c0a2477f44c390f99f') in 0.0117642 seconds
[Worker0] Imported GUID: 84c89209ecaab8143ad3cf14f2be3043 - Path: Assets/IndieMarc/PlatformerDemo/Tilemap/Black/tilemap_3.asset - Importer: ScriptedImporter/UnityEditor.QuickSearchModule:UnityEditor.Search:ASIAI0B -> (ImportResultId: '245aea8104087106ea1667189dafc651') in 0.0108481 seconds
[Worker0] Imported GUID: ee4ee680d5c0ebc498c369b9686b7fec - Path: Assets/IndieMarc/TopDownDemo/Sprites/CharacterRight.anim - Importer: ScriptedImporter/UnityEditor.QuickSearchModule:UnityEditor.Search:ASIAI0B -> (ImportResultId: 'fde539e6418d5b58d4d6079d7ac38552') in 0.0121293 seconds
[Worker0] Imported GUID: fddc7c8728fa8db4cb14d68bc97bf696 - Path: Assets/IndieMarc/PlatformerDemo/Tilemap/Old/old-tile-slide-left-down.png - Importer: ScriptedImporter/UnityEditor.QuickSearchModule:UnityEditor.Search:ASIAI0B -> (ImportResultId: 'c25969ca00069ef7286688a66e62834a') in 0.0137737 seconds
[Worker0] Imported GUID: 53c58bc6c3503964f9fa07506a7b13d2 - Path: Assets/IndieMarc/TopDownDemo/Prefabs/Lever.prefab - Importer: ScriptedImporter/UnityEditor.QuickSearchModule:UnityEditor.Search:ASIAI0B -> (ImportResultId: '7bb98153e8013a994c6c833a9d03a11f') in 0.0218857 seconds
[Worker0] Imported GUID: bc5ab3a00dbef2648a95c20d90cae609 - Path: Assets/IndieMarc/PlatformerDemo/Tilemap/Black/tile-slide-right.png - Importer: ScriptedImporter/UnityEditor.QuickSearchModule:UnityEditor.Search:ASIAI0B -> (ImportResultId: '6f2593b15b76b7ff67737b5450e5c7fd') in 0.0123886 seconds
[Worker0] Imported GUID: 69c3efc1478e47d4f917160b01e0f6b0 - Path: Assets/IndieMarc/TopDownDemo/TopDownDemo3D.unity - Importer: ScriptedImporter/UnityEditor.QuickSearchModule:UnityEditor.Search:ASIAI0B -> (ImportResultId: 'bd161b5cf9698ed817590e4199789410') in 0.0148585 seconds
[Worker0] Imported GUID: de163ebddc049cf458fd789def72b6ae - Path: Assets/IndieMarc/PlatformerDemo/Scripts/TheAudio.cs - Importer: ScriptedImporter/UnityEditor.QuickSearchModule:UnityEditor.Search:ASIAI0B -> (ImportResultId: '8ba68490b2e5f336866f2f30e7cb6e02') in 0.009787 seconds
[Worker0] Imported GUID: 920bb464640d1bc44b14d2c4e5687323 - Path: Assets/IndieMarc/TopDownDemo/Prefabs/Grass2.prefab - Importer: ScriptedImporter/UnityEditor.QuickSearchModule:UnityEditor.Search:ASIAI0B -> (ImportResultId: '5d257ff3095992f45f27100099e833d8') in 0.0153791 seconds
[Worker0] Imported GUID: 9fec523ecb3e3664f84e4b0f06c3ac11 - Path: Assets/IndieMarc/TopDownDemo/Materials/Wall.mat - Importer: ScriptedImporter/UnityEditor.QuickSearchModule:UnityEditor.Search:ASIAI0B -> (ImportResultId: 'a3803390fa5ff0ae5f2fe1a36bb36522') in 0.0321965 seconds
[Worker0] Imported GUID: 3cd44b8105af31e41a8ff38b1eb11ff9 - Path: Assets/IndieMarc/PlatformerDemo/Tilemap/Black/tile-corner-left.png - Importer: ScriptedImporter/UnityEditor.QuickSearchModule:UnityEditor.Search:ASIAI0B -> (ImportResultId: 'd8e55bce4cff0e0ff504dbba1966a64f') in 0.0167546 seconds
[Worker0] Imported GUID: cf53cae2cd7d699408e23e9f26a0512c - Path: Assets/IndieMarc/PlatformerDemo/Tilemap/Black/tile-flat-right.png - Importer: ScriptedImporter/UnityEditor.QuickSearchModule:UnityEditor.Search:ASIAI0B -> (ImportResultId: '107330d4ef69142f25d020bb78f88f97') in 0.0123059 seconds
[Worker0] Imported GUID: 5dc0b94feec6661439bd2a3bcc7b3c38 - Path: Assets/IndieMarc/TopDownDemo/Scripts/Key.cs - Importer: ScriptedImporter/UnityEditor.QuickSearchModule:UnityEditor.Search:ASIAI0B -> (ImportResultId: 'e49e67cd37f93fd9a89191a907a2ca7c') in 0.0099929 seconds
[Worker0] Imported GUID: ee3a4c26b312c704286b99fc9373cfdf - Path: Assets/IndieMarc/PlatformerDemo/Tilemap/Old/old-tile-corner-left-down.png - Importer: ScriptedImporter/UnityEditor.QuickSearchModule:UnityEditor.Search:ASIAI0B -> (ImportResultId: '8acd8f0591efcd95c105d599c8e798b8') in 0.0132403 seconds
[Worker0] Imported GUID: 27884cf431913254299eeebc1fed4a21 - Path: Assets/IndieMarc/PlatformerDemo/Sprites/Background/grass1.png - Importer: ScriptedImporter/UnityEditor.QuickSearchModule:UnityEditor.Search:ASIAI0B -> (ImportResultId: 'b76b0b97c7c479be80b75f9586528050') in 0.0141883 seconds
[Worker0] Imported GUID: df1b9f4bb36dfa1418ddb515202e6318 - Path: Assets/IndieMarc/PlatformerDemo/Scripts/ParallaxBackground.cs - Importer: ScriptedImporter/UnityEditor.QuickSearchModule:UnityEditor.Search:ASIAI0B -> (ImportResultId: '1f9faca4369ecad2d01280597ba08d66') in 0.0094094 seconds
[Worker0] Imported GUID: 15f1a2dd6e73cb44b87ce9fa4e0f8ebe - Path: Assets/IndieMarc/PlatformerDemo/Tilemap/Black/tilemap_8.asset - Importer: ScriptedImporter/UnityEditor.QuickSearchModule:UnityEditor.Search:ASIAI0B -> (ImportResultId: 'd22d96ade0357e206fd6582e5b6cda42') in 0.0109586 seconds
[Worker0] Imported GUID: 49236d71f86b65a49a078844ff2f0306 - Path: Assets/IndieMarc/TopDownDemo/Scripts/Door.cs - Importer: ScriptedImporter/UnityEditor.QuickSearchModule:UnityEditor.Search:ASIAI0B -> (ImportResultId: 'f3419d995a42753ff465107161876acb') in 0.0088959 seconds
[Worker0] Imported GUID: 56fb0ce47c1c4b740bf390aa7767049e - Path: Assets/IndieMarc/TopDownDemo/Prefabs/Wall.prefab - Importer: ScriptedImporter/UnityEditor.QuickSearchModule:UnityEditor.Search:ASIAI0B -> (ImportResultId: 'a06eb245bdd903b3b6106d1661309a65') in 0.0167035 seconds
[Worker0] Imported GUID: 7c16a060ac6e1f3479bb550ba8741888 - Path: Assets/IndieMarc/TopDownDemo/Sprites/CharacterIdleLeftHold.anim - Importer: ScriptedImporter/UnityEditor.QuickSearchModule:UnityEditor.Search:ASIAI0B -> (ImportResultId: 'bae6d6a13bf50998261e1fbd839f98b2') in 0.011473 seconds
[Worker0] Imported GUID: c1ed5d553797c2845aac3a71dbb76deb - Path: Assets/IndieMarc/TopDownDemo/Scripts/Lever.cs - Importer: ScriptedImporter/UnityEditor.QuickSearchModule:UnityEditor.Search:ASIAI0B -> (ImportResultId: '3956b8e5ccb6da3f62a5e5fb696cf8a0') in 0.0089233 seconds
[Worker0] Imported GUID: 854ab241cb96bcc44b8e766dd629ebf9 - Path: Assets/IndieMarc/PlatformerDemo/Scripts/CharacterHoldItem.cs - Importer: ScriptedImporter/UnityEditor.QuickSearchModule:UnityEditor.Search:ASIAI0B -> (ImportResultId: '54a0e023c2e2018cbc8cddd797939aa5') in 0.0085222 seconds
[Worker0] Imported GUID: 6b50cac72e4e56942bd67557444b460b - Path: Assets/IndieMarc/TopDownDemo/Textures/Door3D.fbx - Importer: ScriptedImporter/UnityEditor.QuickSearchModule:UnityEditor.Search:ASIAI0B -> (ImportResultId: '7b36f6e2b33f23d9f5c03520438cd6d8') in 0.0267639 seconds
[Worker0] Imported GUID: 80e0030263dbb1a40957075a51e46ba0 - Path: Assets/IndieMarc/PlatformerDemo/Scripts/FollowCamera.cs - Importer: ScriptedImporter/UnityEditor.QuickSearchModule:UnityEditor.Search:ASIAI0B -> (ImportResultId: '8fdbcbaf61981e338b73bc7032955b6d') in 0.0087611 seconds
[Worker0] Imported GUID: 46e29cead0a2e3840b2c634932cf71d6 - Path: Assets/IndieMarc/PlatformerDemo/Tilemap/Black/tile-corner-right-down.png - Importer: ScriptedImporter/UnityEditor.QuickSearchModule:UnityEditor.Search:ASIAI0B -> (ImportResultId: '4b67fe915f6e0d3a85a265bf9ba4ffdf') in 0.012277 seconds
[Worker0] Imported GUID: fdb6762baa21c594e8565f17faa803e5 - Path: Assets/IndieMarc/PlatformerDemo/Tilemap/Old/old-tile-flat-right.png - Importer: ScriptedImporter/UnityEditor.QuickSearchModule:UnityEditor.Search:ASIAI0B -> (ImportResultId: '13367d1af4940780fffbb2a6d44a535f') in 0.0128808 seconds
[Worker0] Imported GUID: e9b707228cd65ce41be60223d8ce8593 - Path: Assets/IndieMarc/PlatformerDemo/Sprites/Character/CharacteAnimCrouchEnter.anim - Importer: ScriptedImporter/UnityEditor.QuickSearchModule:UnityEditor.Search:ASIAI0B -> (ImportResultId: 'e548fcf7262c1d31761a4238331e8364') in 0.0098918 seconds
[Worker0] Imported GUID: b04aa4cff6f19ea43bfdf4da347c7fb8 - Path: Assets/IndieMarc/PlatformerDemo/Tilemap/Old/old-tile-slide-corner-left.png - Importer: ScriptedImporter/UnityEditor.QuickSearchModule:UnityEditor.Search:ASIAI0B -> (ImportResultId: '139869209ab7e29500d3a825e9a3b4ee') in 0.0130451 seconds
[Worker0] Imported GUID: 9b50b79a901c84542a13b18e4ab06191 - Path: Assets/IndieMarc/PlatformerDemo/Scripts/CarryItem.cs - Importer: ScriptedImporter/UnityEditor.QuickSearchModule:UnityEditor.Search:ASIAI0B -> (ImportResultId: '4218aa5da07f03369d700e4814052519') in 0.0084046 seconds
[Worker0] Imported GUID: 3ca922221cf29e34fbd35f933b9498a1 - Path: Assets/IndieMarc/PlatformerDemo/Sprites/Background/Trees1.png - Importer: ScriptedImporter/UnityEditor.QuickSearchModule:UnityEditor.Search:ASIAI0B -> (ImportResultId: 'd99094bf215983d648106dac4ffee322') in 0.0213932 seconds
[Worker0] Imported GUID: ae1e5991a6557274185863f4e348dd7e - Path: Assets/IndieMarc/PlatformerDemo/Tilemap/Old/old-tile-slide-right.png - Importer: ScriptedImporter/UnityEditor.QuickSearchModule:UnityEditor.Search:ASIAI0B -> (ImportResultId: '2a86bb747af97dc9ad80e99e7f858544') in 0.0136613 seconds
[Worker0] Imported GUID: fbb8bba84b58500438476f777fbe4b20 - Path: Assets/IndieMarc/TopDownDemo/Prefabs/Door3D.prefab - Importer: ScriptedImporter/UnityEditor.QuickSearchModule:UnityEditor.Search:ASIAI0B -> (ImportResultId: 'e4750b9270bef5e8ff74e28b620e991d') in 0.0206143 seconds
[Worker0] Imported GUID: 732424989e347fa4cadc5c837451a7c7 - Path: Assets/IndieMarc/PlatformerDemo/Tilemap/Black/tilemap_4.asset - Importer: ScriptedImporter/UnityEditor.QuickSearchModule:UnityEditor.Search:ASIAI0B -> (ImportResultId: 'ea206e5ab734afbfcf5adaa2abcfeb1b') in 0.0118636 seconds
UPID Received 'a1edac4b-f7b7-494b-b609-a49f1cf416c8'.
[Worker0] Imported GUID: 4d84f50963c3c5b4582599f58f8c4d4b - Path: Assets/IndieMarc/TopDownDemo/Sprites/CharacterIdleLeft.anim - Importer: ScriptedImporter/UnityEditor.QuickSearchModule:UnityEditor.Search:ASIAI0B -> (ImportResultId: 'df6739e6f0a006ffdfbc8dc5b6c7c567') in 0.0102168 seconds
[Worker0] Imported GUID: 28a595b4afbd2e14cac9f39706cc5bba - Path: Assets/IndieMarc/PlatformerDemo/Sprites/Background/grass2.png - Importer: ScriptedImporter/UnityEditor.QuickSearchModule:UnityEditor.Search:ASIAI0B -> (ImportResultId: '7c935381124ae717942396bac7ed27a9') in 0.0137082 seconds
[Worker0] Imported GUID: e28f62e17ab915240aaa2eed417db312 - Path: Assets/IndieMarc/PlatformerDemo/Sprites/Circle.png - Importer: ScriptedImporter/UnityEditor.QuickSearchModule:UnityEditor.Search:ASIAI0B -> (ImportResultId: '91524f02e89ea005c3956160d46fd250') in 0.0115487 seconds
[Worker0] Imported GUID: 0a47fb4f3f8b4424daa075a6a2506084 - Path: Assets/IndieMarc/TopDownDemo/Scripts/TheAudio.cs - Importer: ScriptedImporter/UnityEditor.QuickSearchModule:UnityEditor.Search:ASIAI0B -> (ImportResultId: '4aadc841f059ecd690d44e15b07a3a33') in 0.0089475 seconds
[Worker0] Imported GUID: 614306b560283fc488f1f8d5d3db783e - Path: Assets/IndieMarc/PlatformerDemo/Sprites - Importer: ScriptedImporter/UnityEditor.QuickSearchModule:UnityEditor.Search:ASIAI0B -> (ImportResultId: '8869e50a3ba7b33ce309458a0792e243') in 0.0089334 seconds
[Worker0] Imported GUID: 6e3edb8bf1d398543aaea380662f7b6d - Path: Assets/IndieMarc/TopDownDemo/Sprites/CharacterIdleRight.anim - Importer: ScriptedImporter/UnityEditor.QuickSearchModule:UnityEditor.Search:ASIAI0B -> (ImportResultId: 'cab7d71e5aea6c08bd93476ae236424f') in 0.0099849 seconds
[Worker0] Imported GUID: ca56bfad409355843b91ca50160908e6 - Path: Assets/IndieMarc/TopDownDemo/Scripts/CharacterHoldItem.cs - Importer: ScriptedImporter/UnityEditor.QuickSearchModule:UnityEditor.Search:ASIAI0B -> (ImportResultId: 'da2407ae6cb7c20752351a6b64068608') in 0.0104012 seconds
[Worker0] Imported GUID: e541601047018134ebfde1ba25d41313 - Path: Assets/IndieMarc/PlatformerDemo/Tilemap/Black/tile-slide-left.png - Importer: ScriptedImporter/UnityEditor.QuickSearchModule:UnityEditor.Search:ASIAI0B -> (ImportResultId: '630a4f7ce82faaa3c4aa37a6756798b6') in 0.0125524 seconds
[Worker0] Imported GUID: c09eb5063ee64fd41b9c3e868ef7504b - Path: Assets/IndieMarc/PlatformerDemo/Sprites/Character/Character_hold.png - Importer: ScriptedImporter/UnityEditor.QuickSearchModule:UnityEditor.Search:ASIAI0B -> (ImportResultId: 'a09c660705f1bf55c710866a446e924a') in 0.0155497 seconds
[Worker0] Imported GUID: a5421e96f16710b4f81fe0ad10b67abf - Path: Assets/IndieMarc/PlatformerDemo/Scripts/CharacterAnim.cs - Importer: ScriptedImporter/UnityEditor.QuickSearchModule:UnityEditor.Search:ASIAI0B -> (ImportResultId: 'ad7788f449310e272ebd012e56b03bf0') in 0.0093218 seconds
[Worker0] Imported GUID: 09691ca67a8d9034ba6f81010c3fa38f - Path: Assets/IndieMarc/PlatformerDemo/Tilemap/Black/tile-slide-corner-right.png - Importer: ScriptedImporter/UnityEditor.QuickSearchModule:UnityEditor.Search:ASIAI0B -> (ImportResultId: 'b34dd3bb80a680a847e1cd06a6c4bf81') in 0.013809 seconds
[Worker0] Imported GUID: 271c5b2bc5e704099a0d360ecaf9e121 - Path: Assets/IndieMarc/PlatformerDemo/Prefabs/Grass.prefab - Importer: ScriptedImporter/UnityEditor.QuickSearchModule:UnityEditor.Search:ASIAI0B -> (ImportResultId: '71db369bc20c5e7f93321ff271cfb47f') in 0.0134481 seconds
[Worker0] Imported GUID: 5761dbd3c18c65a41a4bcb5f15ac5dad - Path: Assets/IndieMarc/TopDownDemo/Materials - Importer: ScriptedImporter/UnityEditor.QuickSearchModule:UnityEditor.Search:ASIAI0B -> (ImportResultId: '96f2682eab2d44f292171b9c2765faa3') in 0.0087966 seconds
[Worker0] Imported GUID: 708286403ab16af4f8970f8fc8b1996f - Path: Assets/IndieMarc/PlatformerDemo/Sprites/Background - Importer: ScriptedImporter/UnityEditor.QuickSearchModule:UnityEditor.Search:ASIAI0B -> (ImportResultId: '1102fae8bfc3f90d287ce641c76764fd') in 0.0086282 seconds
[Worker0] Imported GUID: 09fdae6fda6d6c942b840d4b7389de95 - Path: Assets/IndieMarc/PlatformerDemo/Tilemap/Black/tilemap_0.asset - Importer: ScriptedImporter/UnityEditor.QuickSearchModule:UnityEditor.Search:ASIAI0B -> (ImportResultId: 'fea89e488f7432d3916530ea6bf60f63') in 0.011322 seconds
[Worker0] Imported GUID: 9988f0506db942945b6cf9bd5daeb06c - Path: Assets/IndieMarc/TopDownDemo/Prefabs/Door.prefab - Importer: ScriptedImporter/UnityEditor.QuickSearchModule:UnityEditor.Search:ASIAI0B -> (ImportResultId: 'aa13c25cf3248f0d5b9fc9a88f40a759') in 0.0136215 seconds
[Worker0] Imported GUID: d965fc6ee43a8f244b49fe2137c73b50 - Path: Assets/IndieMarc/PlatformerDemo/Sprites/Lever/Lever_position05.png - Importer: ScriptedImporter/UnityEditor.QuickSearchModule:UnityEditor.Search:ASIAI0B -> (ImportResultId: '6b3c39303904b2f8f930929e9ce6529e') in 0.014313 seconds
[Worker0] Imported GUID: 54be27fb08510e34dbd19671f582af2a - Path: Assets/IndieMarc/PlatformerDemo/Tilemap/Black - Importer: ScriptedImporter/UnityEditor.QuickSearchModule:UnityEditor.Search:ASIAI0B -> (ImportResultId: 'cbfb109f5e5aa62892ff4dbc11063224') in 0.0100906 seconds
[Worker0] Imported GUID: 2dac19656abf01f4a800539b0abb526e - Path: Assets/IndieMarc/PlatformerDemo/Sprites/Character - Importer: ScriptedImporter/UnityEditor.QuickSearchModule:UnityEditor.Search:ASIAI0B -> (ImportResultId: '270ec13b6a642a91250a7e46ba319cf5') in 0.0085589 seconds
[Worker0] Imported GUID: bb50bdaa94b52cd4fa0168abe21d22cc - Path: Assets/IndieMarc/PlatformerDemo/Tilemap/Black/tile-slide-corner-left-down.png - Importer: ScriptedImporter/UnityEditor.QuickSearchModule:UnityEditor.Search:ASIAI0B -> (ImportResultId: '011e075054c12d6f33e8385a88de8e39') in 0.0124028 seconds
[Worker0] Imported GUID: 2c9fb2a2499d85c4fab755ad43d014b2 - Path: Assets/IndieMarc/PlatformerDemo/Editor/ImportPackage.cs - Importer: ScriptedImporter/UnityEditor.QuickSearchModule:UnityEditor.Search:ASIAI0B -> (ImportResultId: '854a79c94fdb2f4e7f4c3eeb063a3147') in 0.0103856 seconds
[Worker0] Imported GUID: c0bd7fac34fb87a4994aa02be6d6bd02 - Path: Assets/IndieMarc/TopDownDemo/Scripts/FixOffset.cs - Importer: ScriptedImporter/UnityEditor.QuickSearchModule:UnityEditor.Search:ASIAI0B -> (ImportResultId: '3b553a1de32ca4a87375a29be3affcbb') in 0.0091095 seconds
[Worker0] Imported GUID: bba6978d29750eb4483cc17526e41516 - Path: Assets/IndieMarc/TopDownDemo/Textures/Wall.png - Importer: ScriptedImporter/UnityEditor.QuickSearchModule:UnityEditor.Search:ASIAI0B -> (ImportResultId: '7fe6035acc356a05e5e081e860a3769b') in 0.0128224 seconds
[Worker0] Imported GUID: f055be3db17f3884ab283be0f965df5b - Path: Assets/IndieMarc/PlatformerDemo/Sprites/Character/CharacteAnimIdleHold.anim - Importer: ScriptedImporter/UnityEditor.QuickSearchModule:UnityEditor.Search:ASIAI0B -> (ImportResultId: 'cbec0982e158aa23a58d6e10c274fb4c') in 0.0107954 seconds
[Worker0] Imported GUID: 4dd2dd4c84d93ad4286acbfbfc77be19 - Path: Assets/IndieMarc/TopDownDemo/Materials/DoorMesh.mat - Importer: ScriptedImporter/UnityEditor.QuickSearchModule:UnityEditor.Search:ASIAI0B -> (ImportResultId: '3ebff424e3c621b297bd446327011eef') in 0.011045 seconds
[Worker0] Imported GUID: 9fd2da01209c4924194070e9f0857ff4 - Path: Assets/IndieMarc/PlatformerDemo/Sprites/Lever/Lever_position03.png - Importer: ScriptedImporter/UnityEditor.QuickSearchModule:UnityEditor.Search:ASIAI0B -> (ImportResultId: '7acb86db9382dd1f8cde1bfdaa534293') in 0.0120563 seconds
[Worker0] Imported GUID: 2cbd775ba2384d04eb368ce15f8714b7 - Path: Assets/IndieMarc/TopDownDemo/Prefabs/Key.prefab - Importer: ScriptedImporter/UnityEditor.QuickSearchModule:UnityEditor.Search:ASIAI0B -> (ImportResultId: 'f436f31a162bdd7102cd90aa8f6c4f5a') in 0.0143306 seconds
[Worker0] Imported GUID: f76f60250da364240b7a27c02694449e - Path: Assets/IndieMarc/PlatformerDemo/Tilemap/Black/tilemap_14.asset - Importer: ScriptedImporter/UnityEditor.QuickSearchModule:UnityEditor.Search:ASIAI0B -> (ImportResultId: '8de225318acba95a3ec1026b1bf949cf') in 0.0103256 seconds
[Worker0] Imported GUID: fd9c6be6b2909544c98085d0c337bfcc - Path: Assets/IndieMarc/PlatformerDemo/Tilemap/Black/tilemap_9.asset - Importer: ScriptedImporter/UnityEditor.QuickSearchModule:UnityEditor.Search:ASIAI0B -> (ImportResultId: 'fe85dbfdc4b8120311ff4eac777f764a') in 0.0104812 seconds
[Worker0] Imported GUID: 91529c2350cce4a0eae08093c4300e94 - Path: Assets/IndieMarc/PlatformerDemo/Prefabs/TreeBackground.prefab - Importer: ScriptedImporter/UnityEditor.QuickSearchModule:UnityEditor.Search:ASIAI0B -> (ImportResultId: '083b4cefc6256bd480725efabab59716') in 0.0108895 seconds
[Worker0] Imported GUID: e12c9ba1916eebd45869c9a3a3c956c1 - Path: Assets/IndieMarc/PlatformerDemo/Sprites/Character/CharacteAnimFall.anim - Importer: ScriptedImporter/UnityEditor.QuickSearchModule:UnityEditor.Search:ASIAI0B -> (ImportResultId: '3e789ad6d1d3a7c8bfc7b994ae8bade7') in 0.0105108 seconds
[Worker0] Imported GUID: 3c6c0154aaa573c4180e9efa596520a9 - Path: Assets/IndieMarc/TopDownDemo/Materials/SpriteDiffuse3D.mat - Importer: ScriptedImporter/UnityEditor.QuickSearchModule:UnityEditor.Search:ASIAI0B -> (ImportResultId: 'dcd58c08b7b3a74f25578d9cbddfc692') in 0.011357 seconds
[Worker0] Imported GUID: b744ddc17d3fd2040bca13133448b418 - Path: Assets/IndieMarc/PlatformerDemo/Tilemap/Black/tile-flat-top.png - Importer: ScriptedImporter/UnityEditor.QuickSearchModule:UnityEditor.Search:ASIAI0B -> (ImportResultId: 'd7ac0933176cb16a5665056148df084d') in 0.0120691 seconds
[Worker0] Imported GUID: 19381676f11de864ebe55908460de5e5 - Path: Assets/IndieMarc/PlatformerDemo/Tilemap/Old/old-tile-corner-right-down.png - Importer: ScriptedImporter/UnityEditor.QuickSearchModule:UnityEditor.Search:ASIAI0B -> (ImportResultId: '41a36ffbf64ec5f922babeb9eec2e17d') in 0.012391 seconds
[Worker0] Imported GUID: b23e11badbd1c834da49f69458eb169c - Path: Assets/IndieMarc/PlatformerDemo/Tilemap/Black/tilemap_7.asset - Importer: ScriptedImporter/UnityEditor.QuickSearchModule:UnityEditor.Search:ASIAI0B -> (ImportResultId: '3ef85fa89244255b93aa4a8f3cf714de') in 0.0106138 seconds
[Worker0] Imported GUID: 5a8efd87f0d6f5b4eb0203b613f78207 - Path: Assets/IndieMarc/TopDownDemo/Editor/ReplacePrefab.cs - Importer: ScriptedImporter/UnityEditor.QuickSearchModule:UnityEditor.Search:ASIAI0B -> (ImportResultId: '9591c08fc87236dc4d8f8b3e2049b348') in 0.0093967 seconds
[Worker0] Imported GUID: a71661601f5d0b24e946696d1e09274b - Path: Assets/IndieMarc/PlatformerDemo/Tilemap/Black/tile-flat-left.png - Importer: ScriptedImporter/UnityEditor.QuickSearchModule:UnityEditor.Search:ASIAI0B -> (ImportResultId: 'd89b8822766cda9d4ddefea00091c876') in 0.0126513 seconds
[Worker0] Imported GUID: c71065c03f3c5b642a57b1edf9e9734d - Path: Assets/IndieMarc/TopDownDemo/Scripts/CarryItem.cs - Importer: ScriptedImporter/UnityEditor.QuickSearchModule:UnityEditor.Search:ASIAI0B -> (ImportResultId: '724dfbaa417deabbfe5971436499905c') in 0.0088588 seconds
[Worker0] Imported GUID: b8f5a40b7e8287643909acb1479b1e0e - Path: Assets/IndieMarc/PlatformerDemo/Tilemap/Black/tilemap_10.asset - Importer: ScriptedImporter/UnityEditor.QuickSearchModule:UnityEditor.Search:ASIAI0B -> (ImportResultId: 'bc57092e94ecae6cdab3091b8767e1f6') in 0.0107581 seconds
[Worker0] Imported GUID: eea8d0a68959954468e2e6aa0f659fa9 - Path: Assets/IndieMarc/Icon.png - Importer: ScriptedImporter/UnityEditor.QuickSearchModule:UnityEditor.Search:ASIAI0B -> (ImportResultId: 'be2bcdba5f15d0e604f2cac342dbd922') in 0.010067 seconds
AcceleratorClientConnectionCallback - disconnected - :0
Importing 'GUID: 00000000000000004000000000000000 - Path: ProjectSettings/ProjectSettings.asset' with importer (LibraryAssetImporter)
Imported 'GUID: 00000000000000004000000000000000' -> (Import Result ID: '301d16038fe1a95978d768834f9dac22') in 0.003 seconds [static dependencies only]. Details - ImportResultOutputID=054c890a8f4b6dddbea933bc5e4b7df4 DependenciesID=5dd5e4ecf3ac7b74b777acbd68c726e5 StaticDependenciesID=14298c090e51a8b56206b047d4844194 
Asset Pipeline Refresh (id=b43a8071231ffd74a957a5cd7f41882b): Total: 0.099 seconds - Initiated by StopAssetImportingV2(NoUpdateAssetOptions)
Worker ready: AssetImportWorkerHW1 1
Worker ready: AssetImportWorkerHW2 2
[Licensing::Client] Successfully resolved entitlement details
Starting new worker id: 3 with log in C:/Users/MSI/OPD_laba_2/Logs/AssetImportWorkerHW3.log
Starting new worker id: 4 with log in C:/Users/MSI/OPD_laba_2/Logs/AssetImportWorkerHW4.log
[Worker0] Imported GUID: faf1942695a31bb4098646260a9aca4d - Path: Assets/IndieMarc/TopDownDemo/Sprites/CharacterTopDown.controller - Importer: ScriptedImporter/UnityEditor.QuickSearchModule:UnityEditor.Search:ASIAI0B -> (ImportResultId: '56b0380b5515a1b6a37c27dcac22dcae') in 0.019504 seconds
[Worker0] Imported GUID: 755ecac09c1a1b84cb565d5c02636242 - Path: Assets/IndieMarc/PlatformerDemo/Scripts/Lever.cs - Importer: ScriptedImporter/UnityEditor.QuickSearchModule:UnityEditor.Search:ASIAI0B -> (ImportResultId: 'b380d2c7d5ef14aa2a777174f1e229b9') in 0.010791 seconds
[Worker0] Imported GUID: 288222b991fd00440a5577a610510cc9 - Path: Assets/IndieMarc/PlatformerDemo/Tilemap/Tilemap.mat - Importer: ScriptedImporter/UnityEditor.QuickSearchModule:UnityEditor.Search:ASIAI0B -> (ImportResultId: 'eb596312005b20a77f5fb615f74a0fa2') in 0.0117841 seconds
[Worker0] Imported GUID: 477241b31861ded4bbe3d584471d97de - Path: Assets/IndieMarc/TopDownDemo - Importer: ScriptedImporter/UnityEditor.QuickSearchModule:UnityEditor.Search:ASIAI0B -> (ImportResultId: '7cc38958d49a8715cde5ed52b1834950') in 0.0091817 seconds
[Worker0] Imported GUID: 15d39dcbd761c5c419c821d83a28e1fb - Path: Assets/IndieMarc/PlatformerDemo/Sprites/Character/CharacteAnimRun.anim - Importer: ScriptedImporter/UnityEditor.QuickSearchModule:UnityEditor.Search:ASIAI0B -> (ImportResultId: '7afb3825d691beb296cc5848839d6039') in 0.0137518 seconds
[Worker0] Imported GUID: 8e20ae6049bf2784fac477472c172487 - Path: Assets/IndieMarc/PlatformerDemo/Tilemap/Black/tilemap_11.asset - Importer: ScriptedImporter/UnityEditor.QuickSearchModule:UnityEditor.Search:ASIAI0B -> (ImportResultId: '7436c5745c04cd5169fc6705ba8329d3') in 0.0118151 seconds
[Worker0] Imported GUID: 40719914b58d22e47b967676d7a6dc5d - Path: Assets/IndieMarc/TopDownDemo/Sprites/CharacterIdleRightHold.anim - Importer: ScriptedImporter/UnityEditor.QuickSearchModule:UnityEditor.Search:ASIAI0B -> (ImportResultId: '307ed0219a0ebb5e1d77d7107756735b') in 0.0101442 seconds
[Worker1] Imported GUID: ec80819f2b286fd4a94401058273799d - Path: Assets/IndieMarc/PlatformerDemo/Scripts/PlayerControls.cs - Importer: ScriptedImporter/UnityEditor.QuickSearchModule:UnityEditor.Search:ASIAI0B -> (ImportResultId: '5b456f2f408e04839eb33bd753b0a3a7') in 0.1074835 seconds
[Worker1] Imported GUID: 943fb5a37b65e2c42a5e85929d2f4f7f - Path: Assets/IndieMarc/TopDownDemo/Editor - Importer: ScriptedImporter/UnityEditor.QuickSearchModule:UnityEditor.Search:ASIAI0B -> (ImportResultId: '2f64c70069edd376435b689cc088f7e1') in 0.011699 seconds
[Worker0] Imported GUID: 0c85884db5b77eb4094db5c58af22cc6 - Path: Assets/IndieMarc/PlatformerDemo/Sprites/Character/Character.png - Importer: ScriptedImporter/UnityEditor.QuickSearchModule:UnityEditor.Search:ASIAI0B -> (ImportResultId: '24bf1be2248ea7a7ca6f99bc1bd39465') in 0.0405518 seconds
[Worker0] Imported GUID: a941e751a49f2324985e65d6ff3bdbf0 - Path: Assets/IndieMarc/PlatformerDemo/Sprites/Character/CharacteAnimWalkHold.anim - Importer: ScriptedImporter/UnityEditor.QuickSearchModule:UnityEditor.Search:ASIAI0B -> (ImportResultId: '30751ff42fe2dd47f5370c682643363d') in 0.0113473 seconds
[Worker0] Imported GUID: 758f102eb2cdaab4ca5cdfce800838d2 - Path: Assets/IndieMarc/PlatformerDemo/Scripts - Importer: ScriptedImporter/UnityEditor.QuickSearchModule:UnityEditor.Search:ASIAI0B -> (ImportResultId: '735281212af9fdb78419f097cb75f875') in 0.0108151 seconds
[Worker2] Imported GUID: e06e3d5736dfa8f4bbb1db6583e32f4c - Path: Assets/IndieMarc/TopDownDemo/Textures/Lever_position01.png - Importer: ScriptedImporter/UnityEditor.QuickSearchModule:UnityEditor.Search:ASIAI0B -> (ImportResultId: 'f13f2fb8553921e9dbec319d36add801') in 0.1598128 seconds
[Worker1] Imported GUID: 19445a47a9544c04eb951035061ae93e - Path: Assets/IndieMarc/PlatformerDemo/Tilemap/Black/tile-slide-corner-left-down.asset - Importer: ScriptedImporter/UnityEditor.QuickSearchModule:UnityEditor.Search:ASIAI0B -> (ImportResultId: '51862c40a106c61dae53c8e0e5a59c83') in 0.0454815 seconds
[Worker0] Imported GUID: f77898caf8144334092db38d0e359df8 - Path: Assets/IndieMarc/TopDownDemo/Textures/Lever_position03.png - Importer: ScriptedImporter/UnityEditor.QuickSearchModule:UnityEditor.Search:ASIAI0B -> (ImportResultId: 'e200e9e362840b4c5cdf18e4f331fa66') in 0.0131446 seconds
[Worker1] Imported GUID: 03ce0cd312718b7489e027fe32ae4160 - Path: Assets/IndieMarc/PlatformerDemo/Tilemap/Black/tilemap_2.asset - Importer: ScriptedImporter/UnityEditor.QuickSearchModule:UnityEditor.Search:ASIAI0B -> (ImportResultId: '88023ab5b9ba4e41f0eae6b6546af3a5') in 0.0123322 seconds
[Worker0] Imported GUID: b92f3fb580bcfa04caaebcd08979308b - Path: Assets/IndieMarc/TopDownDemo/Scripts/FollowCamera.cs - Importer: ScriptedImporter/UnityEditor.QuickSearchModule:UnityEditor.Search:ASIAI0B -> (ImportResultId: 'fe4a924a560eeec4f8eefe3123eeb51a') in 0.009 seconds
[Worker0] Imported GUID: 7a744535d988de449bbf926f38d7653d - Path: Assets/IndieMarc/TopDownDemo/Textures - Importer: ScriptedImporter/UnityEditor.QuickSearchModule:UnityEditor.Search:ASIAI0B -> (ImportResultId: '9b370e0a125052f10ce97f69d6f95b21') in 0.0094766 seconds
[Worker0] Imported GUID: 006af9e18b9c35b49a7e2bc955181b4a - Path: Assets/IndieMarc/TopDownDemo/Sprites/CharacterRight.png - Importer: ScriptedImporter/UnityEditor.QuickSearchModule:UnityEditor.Search:ASIAI0B -> (ImportResultId: '9879179fa67aa15f76cee86170c884bf') in 0.0220144 seconds
[Worker2] Imported GUID: 4d7fe053dcbab9247a709d24fb90da3f - Path: Assets/IndieMarc/TopDownDemo/Prefabs/DoorKey.prefab - Importer: ScriptedImporter/UnityEditor.QuickSearchModule:UnityEditor.Search:ASIAI0B -> (ImportResultId: '26a9a56edd805c950ea5ec2fbdda5d31') in 0.0595754 seconds
[Worker0] Imported GUID: a9e273bdd04ac914290c1e2ab9c7e265 - Path: Assets/IndieMarc/TopDownDemo/Textures/floor_simple.png - Importer: ScriptedImporter/UnityEditor.QuickSearchModule:UnityEditor.Search:ASIAI0B -> (ImportResultId: 'b5ff28d4a8c14f0b6355b54eee351660') in 0.0151644 seconds
[Worker1] Imported GUID: d460b92031561ef40902c08fd85dde2e - Path: Assets/IndieMarc/TopDownDemo/Textures/door_shadow.png - Importer: ScriptedImporter/UnityEditor.QuickSearchModule:UnityEditor.Search:ASIAI0B -> (ImportResultId: '6e274b7cb3278c4bf00d971b3f563e88') in 0.0482223 seconds
[Worker2] Imported GUID: 2b4c09693691e204a84dcc8446966a42 - Path: Assets/IndieMarc/TopDownDemo/Materials/Sprite3D-diffuse.shader - Importer: ScriptedImporter/UnityEditor.QuickSearchModule:UnityEditor.Search:ASIAI0B -> (ImportResultId: 'c3059a33a358e3def1590512a29def4f') in 0.0168285 seconds
[Worker1] Imported GUID: d8b153895a8d9dd4fa1368f22e63bcf5 - Path: Assets/IndieMarc/TopDownDemo/Scripts/CharacterAnim.cs - Importer: ScriptedImporter/UnityEditor.QuickSearchModule:UnityEditor.Search:ASIAI0B -> (ImportResultId: 'ff29f07599b5eb305b53846998971b9c') in 0.010063 seconds
[Worker0] Imported GUID: 17809628ed110b342a9634c0e61c068a - Path: Assets/IndieMarc/TopDownDemo/Sprites/CharacterLeft.anim - Importer: ScriptedImporter/UnityEditor.QuickSearchModule:UnityEditor.Search:ASIAI0B -> (ImportResultId: '0305a4e8fb9d0fc410e4f5ebfabfcc5f') in 0.0120826 seconds
[Worker2] Imported GUID: 2b8ea9999b4c71042bcdc8d737ba8930 - Path: Assets/IndieMarc/TopDownDemo/Editor/FixZ.cs - Importer: ScriptedImporter/UnityEditor.QuickSearchModule:UnityEditor.Search:ASIAI0B -> (ImportResultId: '0011fd7fa9c3d8055ae83e5c0684acee') in 0.0092628 seconds
[Worker1] Imported GUID: f933e4eb38a07dc449409aa29f931196 - Path: Assets/IndieMarc/PlatformerDemo/Sprites/Lever/Lever_position01.png - Importer: ScriptedImporter/UnityEditor.QuickSearchModule:UnityEditor.Search:ASIAI0B -> (ImportResultId: '34c2c19dc4acc79bfa6535258986c877') in 0.0122783 seconds
[Worker0] Imported GUID: 89e671f441dd749438f0505087026e07 - Path: Assets/IndieMarc/PlatformerDemo/Tilemap/Black/tile-slide-corner-right-down.png - Importer: ScriptedImporter/UnityEditor.QuickSearchModule:UnityEditor.Search:ASIAI0B -> (ImportResultId: '02d440c438bd29e3db1f4b834618ecfb') in 0.0153634 seconds
[Worker2] Imported GUID: 7dd25fc032a214247bd473e11162b850 - Path: Assets/IndieMarc/PlatformerDemo/Tilemap/Old/old-tile-slide-left.png - Importer: ScriptedImporter/UnityEditor.QuickSearchModule:UnityEditor.Search:ASIAI0B -> (ImportResultId: '123240671447ee6da3b5fd09b2a1e17e') in 0.0138314 seconds
[Worker1] Imported GUID: 36e9b3a28120a0841bed6886ca88cf7a - Path: Assets/IndieMarc/PlatformerDemo/Materials - Importer: ScriptedImporter/UnityEditor.QuickSearchModule:UnityEditor.Search:ASIAI0B -> (ImportResultId: 'c368e3397db046910f739903b3a47b41') in 0.0100849 seconds
[Worker0] Imported GUID: 5fe1d3b9c2ba44c408340f4db04454d7 - Path: Assets/IndieMarc/PlatformerDemo/Tilemap/Black/tilemap_1.asset - Importer: ScriptedImporter/UnityEditor.QuickSearchModule:UnityEditor.Search:ASIAI0B -> (ImportResultId: '872d2d4a8bd8d66d97ab46d18bdc7711') in 0.0128876 seconds
[Worker2] Imported GUID: 8bfabaf3971ff8b4fabfc18ee10951c2 - Path: Assets/IndieMarc/PlatformerDemo/Tilemap/Black/tile-flat-bottom.png - Importer: ScriptedImporter/UnityEditor.QuickSearchModule:UnityEditor.Search:ASIAI0B -> (ImportResultId: '6ec3dd68dca8242f7508d9ed07dea5cf') in 0.0148523 seconds
[Worker1] Imported GUID: 03ac0993cdae0f6428f5b78ed71bc571 - Path: Assets/IndieMarc/TopDownDemo/Editor/ImportPackage.cs - Importer: ScriptedImporter/UnityEditor.QuickSearchModule:UnityEditor.Search:ASIAI0B -> (ImportResultId: '0c3d7688d88049a56be07ad77ea329df') in 0.0084336 seconds
[Worker0] Imported GUID: e421c7733f5de1c4e866c2d8fae8c4d9 - Path: Assets/IndieMarc/PlatformerDemo/Tilemap/Black/tile-corner-left-down.png - Importer: ScriptedImporter/UnityEditor.QuickSearchModule:UnityEditor.Search:ASIAI0B -> (ImportResultId: 'efac945b698b4acf9f4f192763b39469') in 0.0115199 seconds
[Worker2] Imported GUID: 6de24d4294df3e94c885f8b8ab75153f - Path: Assets/IndieMarc/PlatformerDemo/Sprites/Character/CharacteAnimIdle.anim - Importer: ScriptedImporter/UnityEditor.QuickSearchModule:UnityEditor.Search:ASIAI0B -> (ImportResultId: '450de80625118b493f8ab553d9df0c88') in 0.0147153 seconds
[Worker1] Imported GUID: 68c015405025c844bb5f288d3a167aef - Path: Assets/IndieMarc/TopDownDemo/Scripts/AutoOrderLayerChild.cs - Importer: ScriptedImporter/UnityEditor.QuickSearchModule:UnityEditor.Search:ASIAI0B -> (ImportResultId: '780d9f902d78cc3c007e68922568a345') in 0.0120173 seconds
[Worker0] Imported GUID: f068dd67df4805e4287335af88f26c7c - Path: Assets/IndieMarc/PlatformerDemo/Prefabs - Importer: ScriptedImporter/UnityEditor.QuickSearchModule:UnityEditor.Search:ASIAI0B -> (ImportResultId: '710ed777d6136a4abf666fa26c2708ed') in 0.0095648 seconds
[Worker2] Imported GUID: da5293bf6231de2409e4676c5709f3d8 - Path: Assets/IndieMarc/PlatformerDemo/Sprites/Character/CharacteAnimCrouch.anim - Importer: ScriptedImporter/UnityEditor.QuickSearchModule:UnityEditor.Search:ASIAI0B -> (ImportResultId: '1a191da34a07da5102b8828e7fd2ea95') in 0.0105175 seconds
[Worker0] Imported GUID: 0d856e5cb5f0def4b92c8886a93feadd - Path: Assets/IndieMarc/TopDownDemo/Scripts/Sprite3D.cs - Importer: ScriptedImporter/UnityEditor.QuickSearchModule:UnityEditor.Search:ASIAI0B -> (ImportResultId: '88c08956409473ea8f73b1b8ef727cbe') in 0.009118 seconds
[Worker2] Imported GUID: bb442bf150e81e44aa15a7d077be93b4 - Path: Assets/IndieMarc/PlatformerDemo/Tilemap/Black/tile-empty.png - Importer: ScriptedImporter/UnityEditor.QuickSearchModule:UnityEditor.Search:ASIAI0B -> (ImportResultId: 'db9bc6491a0b91a87443b3541c0eba08') in 0.0148548 seconds
[Worker0] Imported GUID: 812f4baf8a4c55b4d9cf8881e535d221 - Path: Assets/IndieMarc/PlatformerDemo/Tilemap/Old/old-tile-flat-left.png - Importer: ScriptedImporter/UnityEditor.QuickSearchModule:UnityEditor.Search:ASIAI0B -> (ImportResultId: 'de129bff5e85682fae37a810a7c61b12') in 0.0136783 seconds
[Worker2] Imported GUID: 35fa846952ea23b41a9dca4d21464be1 - Path: Assets/IndieMarc/TopDownDemo/TopDownDemo.unity - Importer: ScriptedImporter/UnityEditor.QuickSearchModule:UnityEditor.Search:ASIAI0B -> (ImportResultId: 'aa9db4b611dcecdfbdb6abe416154375') in 0.0147816 seconds
[Worker1] Imported GUID: e8eef653ff1b630449f70b418288c65e - Path: Assets/IndieMarc/TopDownDemo/Prefabs/Shadow.prefab - Importer: ScriptedImporter/UnityEditor.QuickSearchModule:UnityEditor.Search:ASIAI0B -> (ImportResultId: '5967ac963aa3de453d5c81f6f8e4e29d') in 0.0350319 seconds
[Worker0] Imported GUID: 6399fbcfbd0e37f49914dea9fcceb8bf - Path: Assets/IndieMarc/PlatformerDemo/Sprites/Character/CharacteAnimJump.anim - Importer: ScriptedImporter/UnityEditor.QuickSearchModule:UnityEditor.Search:ASIAI0B -> (ImportResultId: 'c2a8ed96f420dfb60787c8b800fefde8') in 0.0110475 seconds
[Worker0] Imported GUID: e9c8335ec074d2a489b7a1afbde0106a - Path: Assets/IndieMarc/PlatformerDemo/Tilemap - Importer: ScriptedImporter/UnityEditor.QuickSearchModule:UnityEditor.Search:ASIAI0B -> (ImportResultId: 'b7cdb730260381adca6754008de6b968') in 0.008893 seconds
[Worker2] Imported GUID: b937c083690a18143bda92e16843be1d - Path: Assets/IndieMarc/PlatformerDemo/Sprites/Lever/Lever_position02.png - Importer: ScriptedImporter/UnityEditor.QuickSearchModule:UnityEditor.Search:ASIAI0B -> (ImportResultId: 'de3a503055d4860b2e734b63bb1c37af') in 0.0142588 seconds
[Worker1] Imported GUID: bdaf8bd21bbce30449c22daf894109a7 - Path: Assets/IndieMarc/PlatformerDemo/Tilemap/Old/old-tile-slide-right-down.png - Importer: ScriptedImporter/UnityEditor.QuickSearchModule:UnityEditor.Search:ASIAI0B -> (ImportResultId: 'b5ca0be412043a3cd7b8e1fdcd445de3') in 0.0158873 seconds
[Worker0] Imported GUID: ff6dfd1a5554f4d42ab546e35f13fb8f - Path: Assets/IndieMarc/PlatformerDemo/Tilemap/Black/tile-corner-right.png - Importer: ScriptedImporter/UnityEditor.QuickSearchModule:UnityEditor.Search:ASIAI0B -> (ImportResultId: '3344c194ec2de39a8e92897d619c06d8') in 0.014867 seconds
[Worker2] Imported GUID: b009aaf79b40ccf4ca9f2e51182e5591 - Path: Assets/IndieMarc/PlatformerDemo/Tilemap/Black/tile-slide-right-down.png - Importer: ScriptedImporter/UnityEditor.QuickSearchModule:UnityEditor.Search:ASIAI0B -> (ImportResultId: '736887ce0b83722fe3e5e7318faeb528') in 0.0141484 seconds
[Worker2] Imported GUID: e4c1420f815f1df48aca73d3c4726745 - Path: Assets/IndieMarc/TopDownDemo/Sprites/CharacterLeftHold.anim - Importer: ScriptedImporter/UnityEditor.QuickSearchModule:UnityEditor.Search:ASIAI0B -> (ImportResultId: '62b85a1413dda2d2df3f2cd2eca62564') in 0.010381 seconds
[Worker0] Imported GUID: 063491c5039ab6b4ead24f95f52641b5 - Path: Assets/IndieMarc/PlatformerDemo/Sprites/Background/Trees3.mat - Importer: ScriptedImporter/UnityEditor.QuickSearchModule:UnityEditor.Search:ASIAI0B -> (ImportResultId: 'bc9f7530a6d4ecb002963cd48639fa75') in 0.0173994 seconds
[Worker2] Imported GUID: 792237b3c87ee6b4c90a74cd87026a89 - Path: Assets/IndieMarc/PlatformerDemo/Scripts/PlayerCharacter.cs - Importer: ScriptedImporter/UnityEditor.QuickSearchModule:UnityEditor.Search:ASIAI0B -> (ImportResultId: 'ccedf052c39186ab335997907fcc63df') in 0.0111711 seconds
[Worker0] Imported GUID: 2dde7584c9d92314995768c0340720fa - Path: Assets/IndieMarc/TopDownDemo/Scripts - Importer: ScriptedImporter/UnityEditor.QuickSearchModule:UnityEditor.Search:ASIAI0B -> (ImportResultId: 'da008ffa15d9faee72531cd0985a7e86') in 0.0125294 seconds
[Worker2] Imported GUID: 80ee80274ab80f84e926b698a399e252 - Path: Assets/IndieMarc/PlatformerDemo/Sprites/Character/CharacteAnimCrouchExit.anim - Importer: ScriptedImporter/UnityEditor.QuickSearchModule:UnityEditor.Search:ASIAI0B -> (ImportResultId: 'cc968c8bf24e8e636a6c8a8b1e6e9b01') in 0.0126652 seconds
[Worker0] Imported GUID: 599ab31ae15957a43a88a60d8ee8ecdf - Path: Assets/IndieMarc/Simple2DTemplate.pdf - Importer: ScriptedImporter/UnityEditor.QuickSearchModule:UnityEditor.Search:ASIAI0B -> (ImportResultId: 'b739f6bfc6620a0a1bedbe42e4391f43') in 0.0098388 seconds
[Worker0] Imported GUID: f7fe7ad6cf1798849849ec4f1a3f1fe3 - Path: Assets/IndieMarc/TopDownDemo/Scripts/AutoOrderLayer.cs - Importer: ScriptedImporter/UnityEditor.QuickSearchModule:UnityEditor.Search:ASIAI0B -> (ImportResultId: '14ec9e2569f1cb706225868202e5c3d6') in 0.0085548 seconds
[Worker1] Imported GUID: 9272c368c2ea4004d93dd9539f956312 - Path: Assets/IndieMarc/PlatformerDemo/Sprites/Background/Trees1.mat - Importer: ScriptedImporter/UnityEditor.QuickSearchModule:UnityEditor.Search:ASIAI0B -> (ImportResultId: '4d8027286f71903e852f750756b2f5b8') in 0.0664758 seconds
[Worker0] Imported GUID: 4a0949bc6841db643be4f6f441e352ea - Path: Assets/IndieMarc/PlatformerDemo/Sprites/Background/Trees2.png - Importer: ScriptedImporter/UnityEditor.QuickSearchModule:UnityEditor.Search:ASIAI0B -> (ImportResultId: '3285cc22cf6c98d24fb1da70e7d2a6fe') in 0.0161386 seconds
[Worker1] Imported GUID: 124a11c81bd6d03479673691ab06e2eb - Path: Assets/IndieMarc/PlatformerDemo/Tilemap/Black/tilemap_13.asset - Importer: ScriptedImporter/UnityEditor.QuickSearchModule:UnityEditor.Search:ASIAI0B -> (ImportResultId: 'd051991dc966fb1fea07103da05b782d') in 0.0127538 seconds
[Worker2] Imported GUID: 533120e8664760047bfd6d88d4c03533 - Path: Assets/IndieMarc/PlatformerDemo/Prefabs/Lever.prefab - Importer: ScriptedImporter/UnityEditor.QuickSearchModule:UnityEditor.Search:ASIAI0B -> (ImportResultId: '66a852a40747b0488a9ad8d4739f49a7') in 0.0338097 seconds
[Worker0] Imported GUID: 2f4e1b743efe1b246b45ca50e955dc06 - Path: Assets/IndieMarc/TopDownDemo/Textures/CircleBlur.png - Importer: ScriptedImporter/UnityEditor.QuickSearchModule:UnityEditor.Search:ASIAI0B -> (ImportResultId: '3483c8f39d5d7bda81f7c97bec618634') in 0.0132347 seconds
[Worker1] Imported GUID: a45f8e993f5f7dd41a8e551bc5edbb6c - Path: Assets/IndieMarc/TopDownDemo/Textures/Lever_position02.png - Importer: ScriptedImporter/UnityEditor.QuickSearchModule:UnityEditor.Search:ASIAI0B -> (ImportResultId: 'bc3866e1e46b9cc7dcfadba851d60111') in 0.0130605 seconds
[Worker2] Imported GUID: 74f7f12e816b4af47b2c22f055f5629a - Path: Assets/IndieMarc/PlatformerDemo/Sprites/CircleBlur.png - Importer: ScriptedImporter/UnityEditor.QuickSearchModule:UnityEditor.Search:ASIAI0B -> (ImportResultId: '8db93eacd62ce5f8b06de31076895017') in 0.0164178 seconds
[Worker1] Imported GUID: 3c441bd1dc391dc4eb11709b9c158fdc - Path: Assets/IndieMarc/TopDownDemo/Prefabs - Importer: ScriptedImporter/UnityEditor.QuickSearchModule:UnityEditor.Search:ASIAI0B -> (ImportResultId: '08d777fb81abf8ff99d5210828daf833') in 0.0104034 seconds
[Worker0] Imported GUID: d54d42f40df35e34099dbd949204ed78 - Path: Assets/IndieMarc/TopDownDemo/Textures/grass1.png - Importer: ScriptedImporter/UnityEditor.QuickSearchModule:UnityEditor.Search:ASIAI0B -> (ImportResultId: '678909670427ab11edc72b612fbe5dde') in 0.0152289 seconds
[Worker2] Imported GUID: b83447e05b83ae44d8907a3aa6ea3890 - Path: Assets/IndieMarc/TopDownDemo/Sprites/CharacterRightHold.anim - Importer: ScriptedImporter/UnityEditor.QuickSearchModule:UnityEditor.Search:ASIAI0B -> (ImportResultId: 'b349d3d5a7a7ec35912fb401077bdf93') in 0.0123564 seconds
[Worker1] Imported GUID: 868bfc083d111bc4fb3199b0409700e4 - Path: Assets/IndieMarc/PlatformerDemo/Tilemap/Black/tilemap_5.asset - Importer: ScriptedImporter/UnityEditor.QuickSearchModule:UnityEditor.Search:ASIAI0B -> (ImportResultId: '8d3570d63e28e10cf21f3a222ba2629e') in 0.0111026 seconds
[Worker0] Imported GUID: 7f897bf33a423f743a3778635a69807a - Path: Assets/IndieMarc/TopDownDemo/Textures/grass2.png - Importer: ScriptedImporter/UnityEditor.QuickSearchModule:UnityEditor.Search:ASIAI0B -> (ImportResultId: 'ed523f60f333e0e267c27ebfe523c8fc') in 0.0158532 seconds
[Worker1] Imported GUID: 59e1a3436b7c92c43836479561d9d9cc - Path: Assets/IndieMarc/PlatformerDemo/Tilemap/Black/tile-slide-corner-left.png - Importer: ScriptedImporter/UnityEditor.QuickSearchModule:UnityEditor.Search:ASIAI0B -> (ImportResultId: '8bf1299a0f3ba420659f777142cf90a4') in 0.013905 seconds
[Worker0] Imported GUID: 48e2082ec55834840b811d7ac2d9a049 - Path: Assets/IndieMarc/PlatformerDemo/Sprites/Background/Trees3.png - Importer: ScriptedImporter/UnityEditor.QuickSearchModule:UnityEditor.Search:ASIAI0B -> (ImportResultId: '61b4f611d8ca59fd83f3db0d77bae494') in 0.014124 seconds
[Worker1] Imported GUID: 89bcfd216f1ceae4cac19a6e44b2ac4d - Path: Assets/IndieMarc/TopDownDemo/Textures/Shadow_wall.png - Importer: ScriptedImporter/UnityEditor.QuickSearchModule:UnityEditor.Search:ASIAI0B -> (ImportResultId: 'c64d9ff290aa0e4fd00af00773603714') in 0.0161304 seconds
[Worker0] Imported GUID: 1d098f5e2d51f904680c81895d2c02b1 - Path: Assets/IndieMarc/PlatformerDemo/Materials/SpriteDiffuseP.mat - Importer: ScriptedImporter/UnityEditor.QuickSearchModule:UnityEditor.Search:ASIAI0B -> (ImportResultId: '8a2bf9c83c10e659b61813f2252aff5c') in 0.0113595 seconds
[Worker2] Imported GUID: 25325a4f845eebc47b1a00b01a949eda - Path: Assets/IndieMarc/TopDownDemo/Prefabs/CharacterTopDown.prefab - Importer: ScriptedImporter/UnityEditor.QuickSearchModule:UnityEditor.Search:ASIAI0B -> (ImportResultId: 'b9bf7e4c882f82e7883961668cd7fc48') in 0.0356481 seconds
[Worker1] Imported GUID: 96b904be7893d1143a2ced2c437c61de - Path: Assets/IndieMarc/TopDownDemo/Scripts/PlayerControls.cs - Importer: ScriptedImporter/UnityEditor.QuickSearchModule:UnityEditor.Search:ASIAI0B -> (ImportResultId: '9c88761bc60faa0eb1d5f8eef41e49a4') in 0.0090366 seconds
[Worker2] Imported GUID: ff3cce638b247874e8bf3d90a67aba5e - Path: Assets/IndieMarc/PlatformerDemo - Importer: ScriptedImporter/UnityEditor.QuickSearchModule:UnityEditor.Search:ASIAI0B -> (ImportResultId: '5ed8989d32d445d306a83434ad8e6a02') in 0.010347 seconds
[Worker0] Imported GUID: 68bd6f460eb1a1c4b891919cfcf5686b - Path: Assets/IndieMarc/PlatformerDemo/Tilemap/Black/tile-slide-left-down.png - Importer: ScriptedImporter/UnityEditor.QuickSearchModule:UnityEditor.Search:ASIAI0B -> (ImportResultId: '6652f8bb5d5e7b656c0021d1e8f4481a') in 0.0119562 seconds
[Worker0] Imported GUID: 2352cead022bc224ca49c4e2333b3789 - Path: Assets/IndieMarc/PlatformerDemo/Tilemap/Old - Importer: ScriptedImporter/UnityEditor.QuickSearchModule:UnityEditor.Search:ASIAI0B -> (ImportResultId: '3433f14c9dc27a3cf2bee223421bf4e9') in 0.0094619 seconds
[Worker2] Imported GUID: 488fef3a70db04a7d975594f7ab7ce56 - Path: Assets/IndieMarc/PlatformerDemo/Prefabs/CharacterPlatformer.prefab - Importer: ScriptedImporter/UnityEditor.QuickSearchModule:UnityEditor.Search:ASIAI0B -> (ImportResultId: 'a13487150dd1050560e3a51b5ceba640') in 0.0225557 seconds
[Worker0] Imported GUID: 9af0c3bd5a1094a14bb01bb8770f4365 - Path: Assets/IndieMarc/PlatformerDemo/Tilemap/PlatformerPalette.prefab - Importer: ScriptedImporter/UnityEditor.QuickSearchModule:UnityEditor.Search:ASIAI0B -> (ImportResultId: 'b525a43e7e4630955ef4d8ea8f17de45') in 0.015413 seconds
[Worker2] Imported GUID: 230ee21eea18d46e48f6038641c438b7 - Path: Assets/IndieMarc/PlatformerDemo/PlatformerDemo.unity - Importer: ScriptedImporter/UnityEditor.QuickSearchModule:UnityEditor.Search:ASIAI0B -> (ImportResultId: '3b54dd4f6442cc982446a1925abf6ca3') in 0.0124513 seconds
[Worker1] Imported GUID: 4ca610ae8c246e14d91870c3818200f5 - Path: Assets/IndieMarc/TopDownDemo/Prefabs/DoorKey3D.prefab - Importer: ScriptedImporter/UnityEditor.QuickSearchModule:UnityEditor.Search:ASIAI0B -> (ImportResultId: '242ac3bf610119e6958532d9411c12ad') in 0.0393441 seconds
[Worker0] Imported GUID: c84e5a06601ad0948b413e67f21b4b94 - Path: Assets/IndieMarc/PlatformerDemo/Tilemap/Black/tilemap_12.asset - Importer: ScriptedImporter/UnityEditor.QuickSearchModule:UnityEditor.Search:ASIAI0B -> (ImportResultId: '060a86389cb964c3bd2cecd65c77c775') in 0.0127525 seconds
[Worker1] Imported GUID: 1b17e2b3936490f4294522a1b1784702 - Path: Assets/IndieMarc/TopDownDemo/Materials/Sprite3D-unlit.shader - Importer: ScriptedImporter/UnityEditor.QuickSearchModule:UnityEditor.Search:ASIAI0B -> (ImportResultId: 'f5c971b65095ee54e58d2dd6295f7bb9') in 0.0143679 seconds
[Worker2] Imported GUID: 73289312bd5fe8d459fcd1e8803113ba - Path: Assets/IndieMarc/TopDownDemo/Materials/SpriteDiffuse.mat - Importer: ScriptedImporter/UnityEditor.QuickSearchModule:UnityEditor.Search:ASIAI0B -> (ImportResultId: 'b0ee05eb9ee1846b198dfed7c04d01e4') in 0.0273663 seconds
Worker ready: AssetImportWorkerHW3 3
Worker ready: AssetImportWorkerHW4 4
TrimDiskCacheJob: Current cache size 0mb
[Worker4] Imported GUID: 477241b31861ded4bbe3d584471d97de - Path: Assets/IndieMarc/TopDownDemo - Importer: PreviewImporter -> (ImportResultId: '9bc0f6da1755247a34ba6d0ad8d74867') in 0.0139257 seconds
Asset Pipeline Refresh (id=4f76265797b009241bbd6a02378a368e): Total: 0.010 seconds - Initiated by RefreshV2(AllowForceSynchronousImport)
Asset Pipeline Refresh (id=3abc12d087d19d24e8f1f8b57fdad5eb): Total: 0.003 seconds - Initiated by RefreshV2(AllowForceSynchronousImport)
[Worker4] Imported GUID: ff3cce638b247874e8bf3d90a67aba5e - Path: Assets/IndieMarc/PlatformerDemo - Importer: PreviewImporter -> (ImportResultId: '8ef801c58705ba0ecb06538a3c05ecf7') in 0.0120273 seconds
[Worker4] Imported GUID: 230ee21eea18d46e48f6038641c438b7 - Path: Assets/IndieMarc/PlatformerDemo/PlatformerDemo.unity - Importer: PreviewImporter -> (ImportResultId: '6ac3b5faef98677f6acbb4ef67018fd0') in 0.0055998 seconds
Opening scene 'Assets/IndieMarc/PlatformerDemo/PlatformerDemo.unity'
Serialized file "Assets/IndieMarc/PlatformerDemo/PlatformerDemo.unity" contains a RenderSettings object at version 8, below the supported minimum (9). Open and re-save the file to upgrade.
Unloading 10 Unused Serialized files (Serialized files now loaded: 0)
Loaded scene 'Assets/IndieMarc/PlatformerDemo/PlatformerDemo.unity'
	Deserialize:            3.124 ms
	Integration:            29.720 ms
	Integration of assets:  0.003 ms
	Thread Wait Time:       0.041 ms
	Total Operation Time:   32.888 ms
Unloading 138 unused Assets / (22.3 MB). Loaded Objects now: 8923.
Memory consumption went from 0.63 GB to 0.61 GB.
Total: 13.652200 ms (FindLiveObjects: 0.845100 ms CreateObjectMapping: 0.146800 ms MarkObjects: 9.360200 ms  DeleteObjects: 3.043100 ms)

Launched and connected shader compiler UnityShaderCompiler.exe after 0.01 seconds
Launched and connected shader compiler UnityShaderCompiler.exe after 0.01 seconds
Launched and connected shader compiler UnityShaderCompiler.exe after 0.01 seconds
Launched and connected shader compiler UnityShaderCompiler.exe after 0.01 seconds
Launched and connected shader compiler UnityShaderCompiler.exe after 0.01 seconds
Launched and connected shader compiler UnityShaderCompiler.exe after 0.01 seconds
Launched and connected shader compiler UnityShaderCompiler.exe after 0.01 seconds
Launched and connected shader compiler UnityShaderCompiler.exe after 0.01 seconds
Launched and connected shader compiler UnityShaderCompiler.exe after 0.01 seconds
Launched and connected shader compiler UnityShaderCompiler.exe after 0.01 seconds
Launched and connected shader compiler UnityShaderCompiler.exe after 0.01 seconds
Launched and connected shader compiler UnityShaderCompiler.exe after 0.01 seconds
Launched and connected shader compiler UnityShaderCompiler.exe after 0.01 seconds
Launched and connected shader compiler UnityShaderCompiler.exe after 0.01 seconds
Asset Pipeline Refresh (id=cc64bf53fd9f3d1479b5ffae3ef8899f): Total: 0.008 seconds - Initiated by RefreshV2(NoUpdateAssetOptions)
SpriteAtlasPacking completed in 0.013253 sec
Reloading assemblies for play mode.
Reloading assemblies after forced synchronous recompile.
[Licensing::Client] Successfully resolved entitlement details
[Licensing::Module] License group:
  Id: F4-JT8S-VX4V-2PXU-5UM5-XXXX
  Product: Unity Personal
  Type: ULF
  Expiration: Unlimited
[Licensing::Module] License group:
  Id: 5774130951012-UnityPersXXXX
  Product: Unity Personal
  Type: Assigned
  Expiration: Unlimited
Begin MonoManager ReloadAssembly
'Packages/com.unity.render-pipelines.core/Editor/Deprecated.cs' contains partial class of Unity.Object, exactly 1 of the partial classes needs to be in a file with the same filename. This is to know the one that can be referenced from ie. GameObjects
'Packages/com.unity.render-pipelines.core/Editor/Deprecated.cs' contains partial class of Unity.Object, exactly 1 of the partial classes needs to be in a file with the same filename. This is to know the one that can be referenced from ie. GameObjects
Native extension for WindowsStandalone target not found
Native extension for WebGL target not found
ScheduleIndexationOnStartup MainProcess:True IndexOnStartup:True
[MODES] ModeService[none].Initialize
[MODES] ModeService[none].LoadModes
Scripting: successfully reloaded assembly
- Finished resetting the current domain, in  1.398 seconds
Domain Reload Profiling: 2029ms
	BeginReloadAssembly (399ms)
		DisableScriptedObjects (65ms)
		CreateAndSetChildDomain (205ms)
	RebuildCommonClasses (8ms)
	RebuildNativeTypeToScriptingClass (12ms)
	initialDomainReloadingComplete (44ms)
	LoadAllAssembliesAndSetupDomain (167ms)
		LoadAssemblies (104ms)
		TypeCache.Refresh (6ms)
		AnalyzeDomain (21ms)
			ResolveRequiredComponents (18ms)
	FinalizeReload (1399ms)
		SetupLoadedEditorAssemblies (0ms)
			BeforeProcessingInitializeOnLoad (76ms)
			ProcessInitializeOnLoadAttributes (252ms)
			ProcessInitializeOnLoadMethodAttributes (104ms)
			AfterProcessingInitializeOnLoad (4ms)
		AwakeInstancesAfterBackupRestoration (612ms)
No restricted APIs configured; Validation skipped.
Checking 18 assemblies for restricted APIs found 0 usage(s) in 3 ms

Asset Pipeline Refresh (id=9559eecda967c0d4d883516dc687cca4): Total: 3.081 seconds - Initiated by StopAssetImportingV2(ForceSynchronousImport | ForceDomainReload)
	(Values over 0.05ms)
	Summary:
		Imports: total=0 (actual=0, local cache=0, cache server=0)
		Asset DB Process Time: managed=0 ms, native=1602 ms
		Asset DB Callback time: managed=607 ms, native=191 ms
		Scripting: domain reloads=1, domain reload time=678 ms, compile time=2 ms, other=0 ms
		Project Asset Count: scripts=1388, non-scripts=2450
		Asset File Changes: new=0, changed=0, moved=0, deleted=0
		Scan Filter Count: 0
	InvokePackagesCallback: 1.219ms
	ApplyChangesToAssetFolders: 0.188ms
	Collect global state as custom dependencies: 0.618ms
	ProcessAssetsWithTransientArtifactChanges: 131.316ms
	CategorizeAssets: 34.595ms
	CompileScripts: 1.774ms
	ImportOutOfDateAssets: 1406.498ms (1403.849ms without children)
		CollectScriptTypesHashes: 1.083ms
		ReloadNativeAssets: 0.556ms
		UnloadImportedAssets: 1.330ms
		EnsureUptoDateAssetsAreRegisteredWithGuidPM: 0.461ms
		ImportSchedulerStart: 0.288ms
	PostProcessAllAssets: 787.748ms
		PostProcessCallbackCreateDeferredMaterials 14.832ms
		AssemblyValidation.PostprocessAllAssets 14.270ms
		PostprocessAssetsUpdateCachedIcon 10.680ms
		ShaderAssetModifiedCallback 7.769ms
		ComputeShaderImportPostprocess 6.266ms
		RaytracingShaderImportPostprocess 5.860ms
		SpeedTreeImporter.PostprocessAllAssets 4.035ms
		BlockShaderImporter.PostprocessAllAssets 2.498ms
		LocalizationDatabase.AssetDatabasePostprocessCallback 2.359ms
		XRBuildSystem.XRAssetImported 0.245ms
		MonoPostProcessAllAssets: 604.800ms
			SyncVS.PostprocessSyncProject 207.062ms
			ShaderGraphAssetPostProcessor.OnPostprocessAllAssets 134.875ms
			AssetPostprocessor.OnPostprocessAllAssets 56.617ms
			PostProcessor.OnPostprocessAllAssets 33.561ms
			InputActionJsonNameModifierAssetProcessor.OnPostprocessAllAssets 24.132ms
			InputActionAssetPostprocessor.OnPostprocessAllAssets 23.491ms
			MaterialPostprocessor.OnPostprocessAllAssets 23.451ms
			TextAssetPostProcessor.OnPostprocessAllAssets 15.174ms
			UniversalRenderPipelineGlobalSettingsPostprocessor.OnPostprocessAllAssets 12.555ms
			AssetChangedListener.OnPostprocessAllAssets 9.850ms
			BuilderAssetPostprocessor.OnPostprocessAllAssets 7.061ms
			SpeedTree9Postprocessor.OnPostprocessAllAssets 4.147ms
			RetainedModeAssetPostprocessor.OnPostprocessAllAssets 1.579ms
			WindowAssetPostprocessingWatcher.OnPostprocessAllAssets 1.350ms
			ProjectSettingsPostprocessor.OnPostprocessAllAssets 1.012ms
			ShaderReflectionAssetPostProcessor.OnPostprocessAllAssets 0.410ms
			ArtifactBrowserPostProcessor.OnPostprocessAllAssets 0.369ms
			StyleCatalogPostProcessor.OnPostprocessAllAssets 0.318ms
			UVCSAssetPostprocessor.OnPostprocessAllAssets 0.307ms
			SamplePostprocessor.OnPostprocessAllAssets 0.256ms
			ThemePostprocessor.OnPostprocessAllAssets 0.255ms
			SpeedTreePostProcessor.OnPostprocessAllAssets 0.246ms
			TMPro_TexturePostProcessor.OnPostprocessAllAssets 0.226ms
			AudioMixerPostprocessor.OnPostprocessAllAssets 0.224ms
			EditModeScopePostprocessor.OnPostprocessAllAssets 0.222ms
			ReferencedClipsPostProcessor.OnPostprocessAllAssets 0.196ms
			AssetEvents.OnPostprocessAllAssets 0.157ms
			TerrainToolbarOverlayPostProcessor.OnPostprocessAllAssets 0.135ms
			RenderPipelineGlobalSettingsPostprocessor.OnPostprocessAllAssets 0.122ms
			AssetDatabaseCallbacks.OnPostprocessAllAssets 0.107ms
			ConfigAssetsTracker.OnPostprocessAllAssets 0.105ms
			ScenarioDriftAssetsTracker.OnPostprocessAllAssets 0.082ms
			AssetReloadNotifier.OnPostprocessAllAssets 0.074ms
			AudioContainerPostProcessor.OnPostprocessAllAssets 0.066ms
	PostAssetChangesProfiler: 10.306ms
	GatherAllCurrentPrimaryImportResultRevisions: 0.211ms
	PersistCurrentRevisions: 0.104ms
	GenerateScriptTypeHashes: 2.194ms
	GenerateScriptTypeSerializationHashes: 3.763ms
	Untracked: 702.179ms

LightingSettings: switching bake backend from 2 to 1.
Loaded scene 'Temp/__Backupscenes/0.backup'
	Deserialize:            1.533 ms
	Integration:            305.092 ms
	Integration of assets:  0.002 ms
	Thread Wait Time:       -0.000 ms
	Total Operation Time:   306.627 ms
[Licensing::Client] Successfully resolved entitlement details
[Licensing::Client] Successfully resolved entitlement details
LightingSettings: switching bake backend from 2 to 1.
Unloading 26 Unused Serialized files (Serialized files now loaded: 0)
Loaded scene 'Temp/__Backupscenes/0.backup'
	Deserialize:            1.256 ms
	Integration:            17.238 ms
	Integration of assets:  0.001 ms
	Thread Wait Time:       0.009 ms
	Total Operation Time:   18.505 ms
Unloading 5979 unused Assets / (2.1 MB). Loaded Objects now: 8960.
Memory consumption went from 0.62 GB to 0.61 GB.
Total: 19.901400 ms (FindLiveObjects: 0.976400 ms CreateObjectMapping: 0.295900 ms MarkObjects: 15.517800 ms  DeleteObjects: 2.857100 ms)

[Licensing::Client] Successfully resolved entitlement details
[Licensing::Module] License group:
  Id: F4-JT8S-VX4V-2PXU-5UM5-XXXX
  Product: Unity Personal
  Type: ULF
  Expiration: Unlimited
[Licensing::Module] License group:
  Id: 5774130951012-UnityPersXXXX
  Product: Unity Personal
  Type: Assigned
  Expiration: Unlimited
Scanning for USB devices : 2.757ms
Scanning for USB devices : 2.788ms
Asset Pipeline Refresh (id=892d2588c6bd0c148ae01cd6f1fecf0b): Total: 0.005 seconds - Initiated by RefreshV2(AllowForceSynchronousImport)
[Worker4] Imported GUID: 35fa846952ea23b41a9dca4d21464be1 - Path: Assets/IndieMarc/TopDownDemo/TopDownDemo.unity - Importer: PreviewImporter -> (ImportResultId: '3731efa432a932b7382218d33dc866d0') in 0.0124995 seconds
Opening scene 'Assets/IndieMarc/TopDownDemo/TopDownDemo.unity'
Serialized file "Assets/IndieMarc/TopDownDemo/TopDownDemo.unity" contains a RenderSettings object at version 8, below the supported minimum (9). Open and re-save the file to upgrade.
Unloading 14 Unused Serialized files (Serialized files now loaded: 0)
Loaded scene 'Assets/IndieMarc/TopDownDemo/TopDownDemo.unity'
	Deserialize:            4.913 ms
	Integration:            31.172 ms
	Integration of assets:  0.002 ms
	Thread Wait Time:       0.060 ms
	Total Operation Time:   36.147 ms
Unloading 148 unused Assets / (484.1 KB). Loaded Objects now: 9761.
Memory consumption went from 0.62 GB to 0.62 GB.
Total: 16.869200 ms (FindLiveObjects: 1.164100 ms CreateObjectMapping: 0.213700 ms MarkObjects: 14.966700 ms  DeleteObjects: 0.270700 ms)

Asset Pipeline Refresh (id=c69fb6dde2363124c95c22d967aa86a1): Total: 0.005 seconds - Initiated by RefreshV2(NoUpdateAssetOptions)
SpriteAtlasPacking completed in 0.011136 sec
Reloading assemblies for play mode.
Reloading assemblies after forced synchronous recompile.
[Licensing::Client] Successfully resolved entitlement details
[Licensing::Module] License group:
  Id: F4-JT8S-VX4V-2PXU-5UM5-XXXX
  Product: Unity Personal
  Type: ULF
  Expiration: Unlimited
[Licensing::Module] License group:
  Id: 5774130951012-UnityPersXXXX
  Product: Unity Personal
  Type: Assigned
  Expiration: Unlimited
Begin MonoManager ReloadAssembly
Native extension for WindowsStandalone target not found
Native extension for WebGL target not found
ScheduleIndexationOnStartup MainProcess:True IndexOnStartup:True
[MODES] ModeService[none].Initialize
[MODES] ModeService[none].LoadModes
Scripting: successfully reloaded assembly
- Finished resetting the current domain, in  1.441 seconds
Domain Reload Profiling: 2076ms
	BeginReloadAssembly (406ms)
		DisableScriptedObjects (64ms)
		CreateAndSetChildDomain (206ms)
	RebuildCommonClasses (10ms)
	RebuildNativeTypeToScriptingClass (13ms)
	initialDomainReloadingComplete (42ms)
	LoadAllAssembliesAndSetupDomain (164ms)
		LoadAssemblies (108ms)
		TypeCache.Refresh (7ms)
		AnalyzeDomain (20ms)
			ResolveRequiredComponents (18ms)
	FinalizeReload (1441ms)
		SetupLoadedEditorAssemblies (0ms)
			BeforeProcessingInitializeOnLoad (75ms)
			ProcessInitializeOnLoadAttributes (244ms)
			ProcessInitializeOnLoadMethodAttributes (103ms)
			AfterProcessingInitializeOnLoad (4ms)
		AwakeInstancesAfterBackupRestoration (590ms)

Asset Pipeline Refresh (id=ce1248e32d6aaaf4f90441e7b4bd0241): Total: 2.212 seconds - Initiated by StopAssetImportingV2(ForceSynchronousImport | ForceDomainReload)
	(Values over 0.05ms)
	Summary:
		Imports: total=0 (actual=0, local cache=0, cache server=0)
		Asset DB Process Time: managed=0 ms, native=1514 ms
		Asset DB Callback time: managed=27 ms, native=0 ms
		Scripting: domain reloads=1, domain reload time=668 ms, compile time=2 ms, other=0 ms
		Project Asset Count: scripts=1388, non-scripts=2450
		Asset File Changes: new=0, changed=0, moved=0, deleted=0
		Scan Filter Count: 0
	InvokePackagesCallback: 1.027ms
	ApplyChangesToAssetFolders: 0.174ms
	Collect global state as custom dependencies: 0.548ms
	ProcessAssetsWithTransientArtifactChanges: 0.167ms
	CategorizeAssets: 35.315ms
	CompileScripts: 1.771ms
	ImportOutOfDateAssets: 1448.297ms (1446.903ms without children)
		CollectScriptTypesHashes: 0.698ms
		ReloadNativeAssets: 0.588ms
		UnloadImportedAssets: 0.123ms
		EnsureUptoDateAssetsAreRegisteredWithGuidPM: 0.425ms
		ImportSchedulerStart: 0.243ms
	PostProcessAllAssets: 27.133ms
		MonoPostProcessAllAssets: 27.130ms
			ShaderGraphAssetPostProcessor.OnPostprocessAllAssets 134.875ms
			AssetPostprocessor.OnPostprocessAllAssets 56.617ms
			PostProcessor.OnPostprocessAllAssets 33.561ms
			InputActionJsonNameModifierAssetProcessor.OnPostprocessAllAssets 24.132ms
			MaterialPostprocessor.OnPostprocessAllAssets 23.451ms
			TextAssetPostProcessor.OnPostprocessAllAssets 15.174ms
			UniversalRenderPipelineGlobalSettingsPostprocessor.OnPostprocessAllAssets 12.749ms
			AssetChangedListener.OnPostprocessAllAssets 9.850ms
			BuilderAssetPostprocessor.OnPostprocessAllAssets 7.061ms
			SyncVS.PostprocessSyncProject 2.234ms
			SpeedTree9Postprocessor.OnPostprocessAllAssets 1.628ms
			WindowAssetPostprocessingWatcher.OnPostprocessAllAssets 1.586ms
			RetainedModeAssetPostprocessor.OnPostprocessAllAssets 1.579ms
			ProjectSettingsPostprocessor.OnPostprocessAllAssets 0.609ms
			ShaderReflectionAssetPostProcessor.OnPostprocessAllAssets 0.463ms
			ArtifactBrowserPostProcessor.OnPostprocessAllAssets 0.369ms
			StyleCatalogPostProcessor.OnPostprocessAllAssets 0.318ms
			UVCSAssetPostprocessor.OnPostprocessAllAssets 0.307ms
			SamplePostprocessor.OnPostprocessAllAssets 0.256ms
			ThemePostprocessor.OnPostprocessAllAssets 0.255ms
			InputActionAssetPostprocessor.OnPostprocessAllAssets 0.248ms
			SpeedTreePostProcessor.OnPostprocessAllAssets 0.246ms
			ReferencedClipsPostProcessor.OnPostprocessAllAssets 0.232ms
			TMPro_TexturePostProcessor.OnPostprocessAllAssets 0.226ms
			AudioMixerPostprocessor.OnPostprocessAllAssets 0.224ms
			EditModeScopePostprocessor.OnPostprocessAllAssets 0.209ms
			AssetDatabaseCallbacks.OnPostprocessAllAssets 0.163ms
			AssetEvents.OnPostprocessAllAssets 0.157ms
			TerrainToolbarOverlayPostProcessor.OnPostprocessAllAssets 0.138ms
			ConfigAssetsTracker.OnPostprocessAllAssets 0.105ms
			ScenarioDriftAssetsTracker.OnPostprocessAllAssets 0.082ms
			AssetReloadNotifier.OnPostprocessAllAssets 0.074ms
			AudioContainerPostProcessor.OnPostprocessAllAssets 0.066ms
			RenderPipelineGlobalSettingsPostprocessor.OnPostprocessAllAssets 0.064ms
	GatherAllCurrentPrimaryImportResultRevisions: 0.169ms
	UnloadStreamsBegin: 0.059ms
	PersistCurrentRevisions: 0.112ms
	GenerateScriptTypeHashes: 1.709ms
	GenerateScriptTypeSerializationHashes: 2.960ms
	Untracked: 693.222ms

LightingSettings: switching bake backend from 2 to 1.
Loaded scene 'Temp/__Backupscenes/0.backup'
	Deserialize:            4.445 ms
	Integration:            312.192 ms
	Integration of assets:  0.008 ms
	Thread Wait Time:       0.016 ms
	Total Operation Time:   316.661 ms
[Licensing::Client] Successfully resolved entitlement details
[Licensing::Client] Successfully resolved entitlement details
[Worker4] Imported GUID: 69c3efc1478e47d4f917160b01e0f6b0 - Path: Assets/IndieMarc/TopDownDemo/TopDownDemo3D.unity - Importer: PreviewImporter -> (ImportResultId: '52cfcb27052c708b8920164bd10110bd') in 0.0097863 seconds
LightingSettings: switching bake backend from 2 to 1.
Unloading 19 Unused Serialized files (Serialized files now loaded: 0)
Loaded scene 'Temp/__Backupscenes/0.backup'
	Deserialize:            2.949 ms
	Integration:            15.265 ms
	Integration of assets:  0.002 ms
	Thread Wait Time:       0.033 ms
	Total Operation Time:   18.249 ms
Unloading 24 unused Assets / (4.2 KB). Loaded Objects now: 9771.
Memory consumption went from 0.61 GB to 0.61 GB.
Total: 15.878200 ms (FindLiveObjects: 0.505500 ms CreateObjectMapping: 0.138500 ms MarkObjects: 14.923100 ms  DeleteObjects: 0.050100 ms)

[Licensing::Client] Successfully resolved entitlement details
[Licensing::Module] License group:
  Id: F4-JT8S-VX4V-2PXU-5UM5-XXXX
  Product: Unity Personal
  Type: ULF
  Expiration: Unlimited
[Licensing::Module] License group:
  Id: 5774130951012-UnityPersXXXX
  Product: Unity Personal
  Type: Assigned
  Expiration: Unlimited
Opening scene 'Assets/IndieMarc/TopDownDemo/TopDownDemo3D.unity'
Serialized file "Assets/IndieMarc/TopDownDemo/TopDownDemo3D.unity" contains a RenderSettings object at version 8, below the supported minimum (9). Open and re-save the file to upgrade.
Unloading 17 Unused Serialized files (Serialized files now loaded: 0)
Loaded scene 'Assets/IndieMarc/TopDownDemo/TopDownDemo3D.unity'
	Deserialize:            5.874 ms
	Integration:            17.558 ms
	Integration of assets:  0.004 ms
	Thread Wait Time:       0.010 ms
	Total Operation Time:   23.447 ms
Unloading 47 unused Assets / (44.5 KB). Loaded Objects now: 9937.
Memory consumption went from 0.61 GB to 0.61 GB.
Total: 16.682700 ms (FindLiveObjects: 0.609900 ms CreateObjectMapping: 0.132200 ms MarkObjects: 15.604600 ms  DeleteObjects: 0.103700 ms)

Asset Pipeline Refresh (id=8b4c996f1ed60d847bfc6d2bf93fa186): Total: 0.007 seconds - Initiated by RefreshV2(NoUpdateAssetOptions)
SpriteAtlasPacking completed in 0.010820 sec
Reloading assemblies for play mode.
Reloading assemblies after forced synchronous recompile.
Begin MonoManager ReloadAssembly
Native extension for WindowsStandalone target not found
Native extension for WebGL target not found
ScheduleIndexationOnStartup MainProcess:True IndexOnStartup:True
[MODES] ModeService[none].Initialize
[MODES] ModeService[none].LoadModes
Scripting: successfully reloaded assembly
- Finished resetting the current domain, in  1.439 seconds
Domain Reload Profiling: 2086ms
	BeginReloadAssembly (410ms)
		DisableScriptedObjects (61ms)
		CreateAndSetChildDomain (215ms)
	RebuildCommonClasses (9ms)
	RebuildNativeTypeToScriptingClass (13ms)
	initialDomainReloadingComplete (42ms)
	LoadAllAssembliesAndSetupDomain (173ms)
		LoadAssemblies (105ms)
		TypeCache.Refresh (6ms)
		AnalyzeDomain (21ms)
			ResolveRequiredComponents (19ms)
	FinalizeReload (1440ms)
		SetupLoadedEditorAssemblies (0ms)
			BeforeProcessingInitializeOnLoad (77ms)
			ProcessInitializeOnLoadAttributes (252ms)
			ProcessInitializeOnLoadMethodAttributes (109ms)
			AfterProcessingInitializeOnLoad (3ms)
		AwakeInstancesAfterBackupRestoration (587ms)

Asset Pipeline Refresh (id=27b16142e502ab4408af77115fb87bff): Total: 2.219 seconds - Initiated by StopAssetImportingV2(ForceSynchronousImport | ForceDomainReload)
	(Values over 0.05ms)
	Summary:
		Imports: total=0 (actual=0, local cache=0, cache server=0)
		Asset DB Process Time: managed=0 ms, native=1510 ms
		Asset DB Callback time: managed=26 ms, native=0 ms
		Scripting: domain reloads=1, domain reload time=679 ms, compile time=2 ms, other=0 ms
		Project Asset Count: scripts=1388, non-scripts=2450
		Asset File Changes: new=0, changed=0, moved=0, deleted=0
		Scan Filter Count: 0
	InvokePackagesCallback: 1.078ms
	ApplyChangesToAssetFolders: 0.199ms
	Collect global state as custom dependencies: 0.525ms
	ProcessAssetsWithTransientArtifactChanges: 0.150ms
	CategorizeAssets: 33.636ms
	CompileScripts: 1.732ms
	ImportOutOfDateAssets: 1446.107ms (1444.611ms without children)
		CollectScriptTypesHashes: 0.903ms
		ReloadNativeAssets: 0.574ms
		UnloadImportedAssets: 0.140ms
		EnsureUptoDateAssetsAreRegisteredWithGuidPM: 0.428ms
		ImportSchedulerStart: 0.334ms
	PostProcessAllAssets: 26.099ms
		MonoPostProcessAllAssets: 26.095ms
			ShaderGraphAssetPostProcessor.OnPostprocessAllAssets 134.875ms
			AssetPostprocessor.OnPostprocessAllAssets 56.617ms
			PostProcessor.OnPostprocessAllAssets 33.561ms
			InputActionJsonNameModifierAssetProcessor.OnPostprocessAllAssets 24.132ms
			MaterialPostprocessor.OnPostprocessAllAssets 23.451ms
			TextAssetPostProcessor.OnPostprocessAllAssets 15.174ms
			UniversalRenderPipelineGlobalSettingsPostprocessor.OnPostprocessAllAssets 12.298ms
			AssetChangedListener.OnPostprocessAllAssets 9.850ms
			BuilderAssetPostprocessor.OnPostprocessAllAssets 7.061ms
			SyncVS.PostprocessSyncProject 2.274ms
			RetainedModeAssetPostprocessor.OnPostprocessAllAssets 1.579ms
			SpeedTree9Postprocessor.OnPostprocessAllAssets 1.458ms
			WindowAssetPostprocessingWatcher.OnPostprocessAllAssets 1.295ms
			ProjectSettingsPostprocessor.OnPostprocessAllAssets 0.602ms
			ShaderReflectionAssetPostProcessor.OnPostprocessAllAssets 0.436ms
			ArtifactBrowserPostProcessor.OnPostprocessAllAssets 0.369ms
			StyleCatalogPostProcessor.OnPostprocessAllAssets 0.318ms
			UVCSAssetPostprocessor.OnPostprocessAllAssets 0.307ms
			SamplePostprocessor.OnPostprocessAllAssets 0.256ms
			ThemePostprocessor.OnPostprocessAllAssets 0.255ms
			SpeedTreePostProcessor.OnPostprocessAllAssets 0.246ms
			InputActionAssetPostprocessor.OnPostprocessAllAssets 0.233ms
			TMPro_TexturePostProcessor.OnPostprocessAllAssets 0.226ms
			AudioMixerPostprocessor.OnPostprocessAllAssets 0.224ms
			EditModeScopePostprocessor.OnPostprocessAllAssets 0.208ms
			ReferencedClipsPostProcessor.OnPostprocessAllAssets 0.196ms
			AssetEvents.OnPostprocessAllAssets 0.157ms
			TerrainToolbarOverlayPostProcessor.OnPostprocessAllAssets 0.119ms
			AssetDatabaseCallbacks.OnPostprocessAllAssets 0.117ms
			ConfigAssetsTracker.OnPostprocessAllAssets 0.105ms
			ScenarioDriftAssetsTracker.OnPostprocessAllAssets 0.082ms
			AssetReloadNotifier.OnPostprocessAllAssets 0.074ms
			AudioContainerPostProcessor.OnPostprocessAllAssets 0.066ms
			RenderPipelineGlobalSettingsPostprocessor.OnPostprocessAllAssets 0.061ms
	GatherAllCurrentPrimaryImportResultRevisions: 0.129ms
	UnloadStreamsBegin: 0.059ms
	PersistCurrentRevisions: 0.106ms
	GenerateScriptTypeHashes: 1.669ms
	GenerateScriptTypeSerializationHashes: 2.872ms
	Untracked: 704.184ms

LightingSettings: switching bake backend from 2 to 1.
Loaded scene 'Temp/__Backupscenes/0.backup'
	Deserialize:            5.055 ms
	Integration:            306.806 ms
	Integration of assets:  0.009 ms
	Thread Wait Time:       0.014 ms
	Total Operation Time:   311.884 ms
[Licensing::Client] Successfully resolved entitlement details
[Licensing::Client] Successfully resolved entitlement details
LightingSettings: switching bake backend from 2 to 1.
Unloading 19 Unused Serialized files (Serialized files now loaded: 0)
Loaded scene 'Temp/__Backupscenes/0.backup'
	Deserialize:            3.560 ms
	Integration:            18.458 ms
	Integration of assets:  0.009 ms
	Thread Wait Time:       0.049 ms
	Total Operation Time:   22.076 ms
Unloading 24 unused Assets / (288.2 KB). Loaded Objects now: 9947.
Memory consumption went from 0.62 GB to 0.62 GB.
Total: 18.157200 ms (FindLiveObjects: 0.910500 ms CreateObjectMapping: 0.161000 ms MarkObjects: 16.767600 ms  DeleteObjects: 0.053500 ms)

Asset Pipeline Refresh (id=0370edba15fa3ce4a9988044f95949ef): Total: 0.007 seconds - Initiated by RefreshV2(AllowForceSynchronousImport)
Asset Pipeline Refresh (id=9cbdbada272958743815453bc8e418b6): Total: 0.003 seconds - Initiated by RefreshV2(AllowForceSynchronousImport)
Asset Pipeline Refresh (id=57e6b7f9dbfa8a34786f1e1494dd8077): Total: 0.003 seconds - Initiated by RefreshV2(AllowForceSynchronousImport)
Asset Pipeline Refresh (id=348fe70de7e3cb34ca72ef1396648c24): Total: 0.003 seconds - Initiated by RefreshV2(AllowForceSynchronousImport)
MonoPathRemapper: Attempts to remap: 39774; Successful remaps: 20616
Serialized file version minimum: 23, current 23
[LAYOUT] About to save layout C:\Users\MSI\OPD_laba_2\UserSettings\Layouts\default-6000.dwlt
[LAYOUT] About to save layout C:/Users/MSI/AppData/Roaming/Unity/Editor-5.x/Preferences\Layouts\current\default-6000.dwlt
Importing 'GUID: 9272c368c2ea4004d93dd9539f956312 - Path: Assets/IndieMarc/PlatformerDemo/Sprites/Background/Trees1.mat' with importer (NativeFormatImporter)
Imported 'GUID: 9272c368c2ea4004d93dd9539f956312' -> (Import Result ID: '76e5956d2fbfea526cb1584690da775b') in 0.005 seconds [static dependencies only]. Details - ImportResultOutputID=38f831e3d97a35539c97757cfb9449fb DependenciesID=1446d2897c05b5c5fd81e635c8f3455f StaticDependenciesID=31919802968add5b7eb858a7d8e746b5 
Importing 'GUID: b5bdfecbec6d4294d9aa8cf6fcf42aa1 - Path: Assets/IndieMarc/PlatformerDemo/Sprites/Background/Trees2.mat' with importer (NativeFormatImporter)
Imported 'GUID: b5bdfecbec6d4294d9aa8cf6fcf42aa1' -> (Import Result ID: '0f44de721a14eac77fb13c5285e99095') in 0.001 seconds [static dependencies only]. Details - ImportResultOutputID=b6be42de1d61eda218834786998b566a DependenciesID=108d7cf895ec196cea9a478bd1123b4c StaticDependenciesID=f0331308a5b956e023ca9eceb817e5f4 
Importing 'GUID: 063491c5039ab6b4ead24f95f52641b5 - Path: Assets/IndieMarc/PlatformerDemo/Sprites/Background/Trees3.mat' with importer (NativeFormatImporter)
Imported 'GUID: 063491c5039ab6b4ead24f95f52641b5' -> (Import Result ID: 'cbbbd3500ad121544f495c7f8806d542') in 0.001 seconds [static dependencies only]. Details - ImportResultOutputID=15e100224ad07def022def641962d0d1 DependenciesID=dea14b6cc99f68a947b2dda4a4374854 StaticDependenciesID=67fb250be0706912d9b83490792f9d93 
Asset Pipeline Refresh (id=2af9cf3d86ac61b4aa21b4a50b0c25bf): Total: 0.104 seconds - Initiated by StopAssetImportingV2(NoUpdateAssetOptions)
Input System module state changed to: ShutdownInProgress.
Input Polling Thread exited.
Input System module state changed to: Shutdown.
[Physics::Module] Cleanup current backend.
[Physics::Module] Id: 0xf2b8ea05
[Licensing::IpcConnector] LicenseClient-MSI-notifications channel disconnected successfully.
[Licensing::IpcConnector] LicenseClient-MSI channel disconnected successfully.
Lingering sessions upon destruction of worker manager
Unity Data Store service was successfully shut down
UDS shutting down local client system
AcceleratorClientConnectionCallback - disconnected - :0
Cleanup mono
CodeReloadManager destroyed
VBCSCompilerPreWarmer: requested VBCSCompiler shutdown
Checking for leaked weakptr:
  Found no leaked weakptrs.
[Package Manager] Server process was shutdown
##utp:{"type":"MemoryLeaks","version":2,"phase":"Immediate","time":1790783209052,"processId":25288,"allocatedMemory":16465678,"memoryLabels":[{"Default":206042},{"Permanent":15516},{"NewDelete":78713},{"Thread":4205600},{"Manager":38205},{"VertexData":8},{"Geometry":816},{"Shader":853474},{"Material":68},{"TextureCache":152},{"GfxDevice":62712},{"Animation":3928},{"FreeType":8},{"FontEngine":736},{"Physics":1970},{"Physics2D":16},{"Serialization":87488},{"Input":45280},{"JobScheduler":256},{"TextLib":33508},{"Mono":48},{"MonoCode":64},{"ScriptingNativeRuntime":1307568},{"BaseObject":78096},{"Resource":1252},{"Renderer":2376},{"Transform":4685},{"File":57914},{"WebCam":616},{"Culling":32},{"Terrain":11442},{"Wind":24},{"STL":40},{"String":1110693},{"StaticString":3808},{"Utility":2676130},{"PoolAlloc":2264},{"AI":80},{"TypeTree":17165},{"ScriptManager":31640},{"CodeReload":448},{"RuntimeInitializeOnLoadManager":64},{"Sprites":102},{"SpriteAtlas":120},{"GI":7816},{"Director":5320},{"CloudService":8016},{"WebRequest":5581},{"VR":49650},{"SceneManager":608},{"Video":208},{"LazyScriptCache":32},{"NativeArray":2160},{"Camera":13329},{"Secure":265},{"SerializationCache":9256},{"APIUpdating":10320},{"Subsystems":336},{"VirtualTexturing":57888},{"StaticSafetyDebugInfo":278528},{"Analytics":592},{"Hierarchy":1188},{"UIElements":40},{"CoreStats":14456},{"Identifiers":7152},{"Gui":269563},{"EditorUtility":160683},{"VersionControl":8},{"Undo":931},{"AssetDatabase":4669005},{"AssetImporter":40},{"EditorGi":328},{"UnityConnect":36881},{"Upm":1988},{"UpmDiagnostics":8},{"AssetCompliance":96},{"DrivenProperties":72},{"LocalIPC":209},{"ProfilerEditor":9746},{"CoreBusinessMetrics":3596},{"Windowing":456},{"Licensing":696},{"AssetReference":32},{"IPCStream":32}]}
